asset,loss,variant,n,block_length,block_is_1,block_exceeds_n_over_4,pw_pairs_min,pw_pairs_median,pw_pairs_max,rho1_pairs_min,rho1_pairs_median,rho1_pairs_max,rho1_pairs_max_pair,ar1_implied_block_at_max_rho1,block_below_ar1_implied,pw_series_min,pw_series_median,pw_series_max,rho1_series_min,rho1_series_median,rho1_series_max
BTC-USD,crps,covid,90,29,False,True,0.055937878320627056,2.1177184907093549,29,-0.45384946062676174,-0.027908257039793528,0.52835586048672301,garch11/gjr,6.6199745509957362,False,1.5621361618812664,1.6606159599622057,2.0717084607718155,0.10099008896282315,0.11287852672566663,0.17262253432019084
BTC-USD,log_score,covid,90,27,False,True,0.016688372630103119,0.7421178529279866,26.682325981995024,-0.34808750037174024,-0.010814286366435008,0.45568970511421314,patchtst/timesfm,5.6316262595423439,False,0.023472569107131212,0.23507150716026931,1.2175753203211812,-0.0063251696025796262,-0.00089566724417962482,0.065375301191427662
BTC-USD,pinball_0p01,covid,90,29,False,True,0.030790719824900607,2.2033944983650207,29,-0.13055381184083997,0.0020755616209250731,0.36938981009144867,gjr/lgbm,4.6230558833196014,False,0.038449444199566536,0.27993968390614138,0.39126137525505156,-0.010314561536944855,-0.0062935919511909605,0.00032465352186826615
BTC-USD,pinball_0p025,covid,90,26,False,True,0.25067594486340139,3.2877070762453213,25.669211926250977,-0.27914734789071888,0.1122953840253348,0.71192556824194975,gjr/lgbm,10.401466759191512,False,0.040047326134219463,0.20934696323924085,0.50878012281561735,-0.0075444831655811749,0.0025542756515914119,0.01612053528392204
BTC-USD,pinball_0p05,covid,90,15,False,False,0.35804883448848612,6.8097702967891998,14.60667055380438,-0.3013325528368147,0.21083341438192449,0.74280058418660089,garch11/naive,11.403398323022374,False,0.1371731783813544,0.46543481706948597,0.90203085425266827,-0.002176767669696311,0.014048352267959875,0.039801485416965418
BTC-USD,pinball_avg,covid,90,21,False,False,0.091307087499176667,2.9720935864250739,20.992657742989689,-0.3184495963705376,0.10747369541596191,0.70417963199283473,gjr/lgbm,10.175550886181888,False,0.079795364633425334,0.21862227730583969,0.55601609573337096,-0.0067736089890923909,0.0042793326790401525,0.018501819788200622
BTC-USD,qlike,covid,90,29,False,True,0.16911003934960056,2.4974729857757314,29,-0.47473365914363386,0.079030137213725288,0.478222148060232,chronos/garch11_t,5.9210784268955612,False,0.19667777940884676,1.8118449056579411,3.5768664158647487,-0.011475167253940528,0.13283214114839939,0.47693840177464936
BTC-USD,fz0_0p01,covid,90,29,False,True,0.11500718599997964,0.57255101408138287,29,-0.057124890765879274,-0.016765751298916699,0.054692351245127765,garch11/naive,1.1756634152541061,False,0.32444542999256615,0.43164313081908195,0.4749972495596817,-0.013701640320290977,-0.011912905354258801,-0.0078282074719860841
BTC-USD,fz0_0p025,covid,90,29,False,True,0.11664906498966469,0.7487667305854957,29,-0.11453504291090177,-0.018988870016631867,0.22309851468372532,garch11/naive,3.0991608142430884,False,0.25036040906684737,0.36854936935714061,0.51711127058572171,-0.015505921963369616,-0.0094463308594375101,-0.0053332788160642833
BTC-USD,fz0_0p05,covid,90,29,False,True,0.013807506398637965,0.91716996249979332,29,-0.2033659654873585,-0.024058701571248835,0.39424160123850205,garch11/naive,4.9002085729656129,False,0.036368329117684284,0.34364228405950226,0.59082080258869729,-0.018807690145223585,-0.0085211429457227456,0.00029863964496940423
BTC-USD,fz0_avg,covid,90,29,False,True,0.015044040007413014,0.6566271332197271,29,-0.084565159696773723,-0.018689817513434431,0.14741996333690635,garch11/naive,2.3060235872386601,False,0.29458553272934279,0.39771393832186064,0.50045188215826519,-0.014784652967303521,-0.010565353737708226,-0.0067871064222861377
BTC-USD,qlike_ex_near_zero,covid,90,29,False,True,0.16911003934960056,2.4974729857757314,29,-0.47473365914363386,0.079030137213725288,0.478222148060232,chronos/garch11_t,5.9210784268955612,False,0.19667777940884676,1.8118449056579411,3.5768664158647487,-0.011475167253940528,0.13283214114839939,0.47693840177464936
BTC-USD,crps,tightening_2022,304,36,False,False,0.037148237041814781,2.9612635754276688,35.762080579030133,-0.091249344463505189,0.085674412801396913,0.34075333134126856,autoets/patchtst,6.471979493087157,False,1.1309485012665781,1.454923055722811,1.609172343849266,0.029842020250077358,0.044770416331779174,0.052847812309026201
BTC-USD,log_score,tightening_2022,304,11,False,False,0.047365510982838338,1.0880715137395751,10.564711693122673,-0.055913755529709626,-0.0058422280869646357,0.16664730525082369,moirai/patchtst,3.7701751276818358,False,0.31730183086766844,1.0990912031619111,1.5220981135808043,-0.0041502716652374568,0.028518617393098696,0.048208949899282851
BTC-USD,pinball_0p01,tightening_2022,304,11,False,False,0.016149701267228058,0.76672297760301711,10.475142314721444,-0.04384631269498223,-0.013112100187535114,0.15051696577512758,moirai/timesfm,3.510482049905709,False,0.59966843436499673,0.96216478974200992,1.0613056817761206,-0.024353565753748037,-0.021163104432744721,-0.010641707413601867
BTC-USD,pinball_0p025,tightening_2022,304,12,False,False,0.025375081140444962,1.261762407034783,11.278424965672437,-0.13823916937878822,-0.026955792697534849,0.19410132485254164,har/timesfm,4.2022272027079426,False,0.45378885375987754,1.1244681485268235,1.3476874068521669,-0.034132181403050015,-0.02644299144195408,0.026280732463459543
BTC-USD,pinball_0p05,tightening_2022,304,32,False,False,0.097658543626050975,1.8288027557120898,31.316831951244421,-0.10547666507769121,-0.028060355104233985,0.22936582110912154,patchtst/timesfm,4.7461465609521065,False,0.25446507204194513,0.78149296753734343,1.6858355044401072,-0.04648686340995456,-0.008002608836280671,0.039641149666445379
BTC-USD,pinball_avg,tightening_2022,304,12,False,False,0.26392096417670147,1.4708514797654997,11.447568130111579,-0.10107182483311339,-0.028878029158000869,0.18855113939873355,har/timesfm,4.11568094820736,False,0.49737026573204729,0.89677507157646119,1.4309567078389813,-0.037105583321928835,-0.018663841560120287,0.023019564050281719
BTC-USD,qlike,tightening_2022,304,12,False,False,0.45353956476336288,4.2948002880022669,11.82143985722481,-0.01732837080874524,0.32708222008536825,0.70151025152637048,garch11/garch11_t,15.153802842757322,True,0.61993595492978038,1.8701994347424789,7.1600423091481966,-0.049127837747496385,0.068033606068778327,0.50630128560943854
BTC-USD,fz0_0p01,tightening_2022,304,11,False,False,0.16347996975157297,0.7128841455611471,10.040448165488005,-0.039170480779882368,-0.01187207644316661,0.11964173186129209,moirai/timesfm,2.995282038162856,False,0.42259828007614986,0.75520482600150418,0.95036277068369301,-0.020791059128019315,-0.014908647495228796,-0.0063507879863708211
BTC-USD,fz0_0p025,tightening_2022,304,11,False,False,0.06888550516800647,1.0678263396069485,10.034628852225422,-0.10622584183440879,-0.020941649940642092,0.22276297213924842,har/timesfm,4.6448651096445346,False,0.43956470803000952,0.84012409858072068,1.1959287748259388,-0.028433963054639973,-0.015770614803154278,0.032620725332630829
BTC-USD,fz0_0p05,tightening_2022,304,11,False,False,0.037143808977213137,1.4798286329553916,10.418115628766504,-0.096481434567087396,-0.029781615922985099,0.22681141416620357,patchtst/timesfm,4.7069839870481358,False,0.082339214299206778,0.45270292439248644,1.5163268790680584,-0.03743990467933013,0.0020315368644886248,0.047908777240952084
BTC-USD,fz0_avg,tightening_2022,304,11,False,False,0.10847926228290325,0.96065226159564709,10.166711798606903,-0.063875047127982518,-0.018787150985982604,0.17122241484098374,har/timesfm,3.842941515845824,False,0.1252226590825942,0.63859637753229714,1.126022634920641,-0.026494936742954608,-0.011452732046325782,0.017902439479644532
BTC-USD,qlike_ex_near_zero,tightening_2022,304,12,False,False,0.45353956476336288,4.2948002880022669,11.82143985722481,-0.01732837080874524,0.32708222008536825,0.70151025152637048,garch11/garch11_t,15.153802842757322,True,0.61993595492978038,1.8701994347424789,7.1600423091481966,-0.049127837747496385,0.068033606068778327,0.50630128560943854
BTC-USD,crps,spike_2024_08,31,9,False,True,0.15667730628366672,2.7635958984841364,8.6837419048009536,-0.39479473623606343,-0.18559877026668928,0.29207413005246036,chronos/garch11_t,2.6667536596702406,False,1.5482795508064153,1.7131818865964201,4.1991051683788747,-0.13518320234737616,-0.12373071072879661,-0.11014221404997876
BTC-USD,log_score,spike_2024_08,31,6,False,False,0.25555340271020249,2.077021807827756,5.9805110164333168,-0.29278035611706749,-0.15157917276541577,0.36875403217092839,garch11_t/moirai,3.2357836847917829,False,1.1560537516176219,1.6880198667748547,4.9860043604030748,-0.13664360568529141,-0.11472217900911179,-0.070693783252816347
BTC-USD,pinball_0p01,spike_2024_08,31,11,False,True,0.013550187297127696,2.7778753996074879,11,-0.27913191313954661,-0.066710633976125727,0.58882934244403451,garch11_t/har,5.3263663359465294,False,0.64102624356772653,1.1598808755449106,4.9725799007233231,-0.10706947685226702,-0.061183104909724284,0.14456445995965561
BTC-USD,pinball_0p025,spike_2024_08,31,11,False,True,0.32819758968769114,1.4588054527719394,11,-0.14141171150270487,-0.084880156866950163,0.2320815859179774,autoarima/autoets,2.2368064411909181,False,0.10387800472437174,3.3086366576907769,4.7105167215384744,-0.15194479066058059,-0.11180553526619831,0.068060584849040762
BTC-USD,pinball_0p05,spike_2024_08,31,9,False,True,0.14066506532843742,1.2136004377221421,8.9482760595590296,-0.43816675628652291,-0.036710742096927491,0.30944838084538895,garch11/garch11_t,2.7928017240724898,False,0.73851021809505213,3.6073295033820232,4.5338069393130178,-0.19892084505871122,-0.11643754870179612,-0.025943093385815286
BTC-USD,pinball_avg,spike_2024_08,31,11,False,True,0.1283613024335104,1.443396976216369,11,-0.2255190677919035,-0.063910010419988755,0.25631692142112,chronos/timesfm,2.4100779761778228,False,0.16399270876399713,3.3027568715215252,4.764940132110147,-0.14394831347641507,-0.11394320320805518,0.0049173443507783323
BTC-USD,qlike,spike_2024_08,31,4,False,False,0.060434763927328924,0.79062003214379073,3.0357025477679889,-0.21677327747161626,0.049126702687918203,0.26664691340744373,ewma/naive,2.4839883789501722,False,0.37169814805511631,0.81322099990871499,1.3356845014481389,-0.09229451774116984,-0.048550688799161759,0.018874381892178334
BTC-USD,fz0_0p01,spike_2024_08,31,11,False,True,0.28512487908879902,1.8751807432336265,11,-0.23372593890610957,-0.066268831158057886,0.40297403954431632,garch11_t/har,3.5047775640557512,False,0.90521984397473365,1.6807771754641361,11,-0.1000439788577285,-0.069945246945394501,0.87733499935622516
BTC-USD,fz0_0p025,spike_2024_08,31,11,False,True,0.17849396155583275,1.8268449317094568,11,-0.1301185187157749,-0.079696369365179903,0.16674553964084185,autoarima/autoets,1.7621299559979005,False,0.31003034494130283,1.7373785433748499,4.2163799138748201,-0.11124376527597765,-0.092423791928063798,0.252815552246137
BTC-USD,fz0_0p05,spike_2024_08,31,11,False,True,0.075661600399128129,1.3213929999931873,11,-0.33012704675882626,-0.044987920424589295,0.22144327297036595,garch11/garch11_t,2.1605795785933122,False,0.43174884378705874,3.0725905414465329,4.0092281266388285,-0.1424802828553409,-0.061061886849218372,-0.0090785629209161698
BTC-USD,fz0_avg,spike_2024_08,31,11,False,True,0.31990541463249772,1.5757930312849622,11,-0.1302423653426884,-0.067203046689678303,0.14185284860750316,chronos/timesfm,1.5737959347084378,False,0.39197864454855452,1.1181798953069901,4.2804283262467049,-0.1010561219880613,-0.073886680047463973,0.070898088635824155
BTC-USD,qlike_ex_near_zero,spike_2024_08,31,4,False,False,0.060434763927328924,0.79062003214379073,3.0357025477679889,-0.21677327747161626,0.049126702687918203,0.26664691340744373,ewma/naive,2.4839883789501722,False,0.37169814805511631,0.81322099990871499,1.3356845014481389,-0.09229451774116984,-0.048550688799161759,0.018874381892178334
BTC-USD,crps,calm,2366,99,False,False,0.13856608843264775,3.8018866221479621,98.915902612474483,-0.079853383045125501,0.044562949320076019,0.21427220719542506,naive/patchtst,8.9462379582652254,False,98.09307109639829,98.834539396041123,100.5387920388204,0.17245498908689633,0.19852814396457505,0.23078931612072387
BTC-USD,log_score,calm,2366,25,False,False,0.031422216107581905,1.8128577081072486,24.368101422433501,-0.020974437162320926,0.020570490248348648,0.12755185882324163,patchtst/timesfm,6.2029140044661997,False,3.1229415165949499,7.4467230077919968,34.382697107107226,0.0510484503046435,0.076554687840053662,0.25256321349817634
BTC-USD,pinball_0p01,calm,2366,30,False,False,0.036999410823344688,2.3861112291329558,29.173243713555394,-0.093836121155263338,-0.010581333198960596,0.12242687789732863,autoets/chronos,6.0303927635084449,False,2.6328449087883365,3.8169481110675507,5.7991738349599453,0.050373663336230827,0.076718116128582342,0.13439381176473339
BTC-USD,pinball_0p025,calm,2366,10,False,False,0.34839130095612997,2.0523148598932113,9.987818408886449,-0.061615275656924526,-0.012205008240453112,0.060945855679734887,ewma/gjr,3.7592009917388118,False,3.240400994192056,6.1216113451242009,7.3904396991449319,0.069912941310329893,0.089327302613969622,0.13133643824610289
BTC-USD,pinball_0p05,calm,2366,12,False,False,0.32379147017556215,2.4810228700653014,11.968286394156349,-0.057669473714894386,-0.012186722536836225,0.058111703239849391,gjr/lgbm,3.6409142803880012,False,5.6181227245043086,8.1015388702453368,32.967647132841272,0.07690457372967939,0.11269541025837418,0.15360137078008654
BTC-USD,pinball_avg,calm,2366,26,False,False,0.12044368053693988,2.5483033206172645,25.277684539643811,-0.073041445833634602,-0.01075097186629544,0.075246475133020629,autoets/har,4.3320163655346313,False,3.837634708250635,6.4826855935620573,7.5978378714044084,0.072210104390813157,0.094016812712252068,0.1410798456089479
BTC-USD,qlike,calm,2366,38,False,False,0.53526764274900984,3.7794999830383302,37.416877083681186,-0.062585750647726229,0.07034612389602686,0.42500408386812333,garch11/gjr,15.631361955743946,False,0.37944530985164959,1.1664518255919756,31.521367269483623,0.001969464163972623,0.01080188888712515,0.24649250016334592
BTC-USD,fz0_0p01,calm,2366,22,False,False,0.44651871005196397,2.0899455259570119,21.33798218031653,-0.070341455977725106,-0.0040817786710007561,0.18434952620132838,autoets/har,8.0259051898778839,False,1.9395750203012219,2.6776115800473379,4.169576429579589,0.02374812664243468,0.039693121114290769,0.09364040262604148
BTC-USD,fz0_0p025,calm,2366,20,False,False,0.071532916913368993,1.9904457447083002,19.153372012203263,-0.057714275487701555,-0.0055785158989918506,0.14532034821199424,autoets/har,6.7886912297165036,False,2.5879036253278103,3.188739805006032,17.924945062086401,0.037566556806428467,0.051054852293633414,0.092463222359536607
BTC-USD,fz0_0p05,calm,2366,13,False,False,0.15779464774783494,1.8746891695563805,12.162858834767668,-0.049953877293765735,-0.0009481986808442508,0.11402319748191579,autoets/har,5.7434531618415843,False,3.3259220656898201,3.8061435609998404,26.479550267678594,0.040746135903282285,0.069474208188403649,0.10923184915246723
BTC-USD,fz0_avg,calm,2366,21,False,False,0.32544540357757357,2.157714687859587,20.375378568408404,-0.064826465912809078,-0.0050784657664819663,0.17181350349343508,autoets/har,7.6342978020795558,False,2.4531201438272845,3.2137297780723171,16.850528054239213,0.034470617492572568,0.04921741931364635,0.096651883870329358
BTC-USD,qlike_ex_near_zero,calm,2366,38,False,False,0.53526764274900984,3.7794999830383302,37.416877083681186,-0.062585750647726229,0.07034612389602686,0.42500408386812333,garch11/gjr,15.631361955743946,False,0.37944530985164959,1.1664518255919756,31.521367269483623,0.001969464163972623,0.01080188888712515,0.24649250016334592
CAC,crps,gfc,149,18,False,False,0.073224331938445547,4.0748135222739101,17.659215284882105,-0.27096046109223815,-0.08798515664326681,0.12081549754263504,naive/patchtst,2.3774871035125464,False,13.022333574403646,13.274140901718908,13.512798541229511,0.055862996094778961,0.063149759749324658,0.078251121441740124
CAC,log_score,gfc,149,16,False,False,0.10770646965314155,2.0826906416737825,15.013485167631281,-0.1913871764403714,0.0036698234533312601,0.18619018439980412,lgbm/patchtst,3.2158727908661224,False,0.049856247458917563,0.68228868695922018,13.943485513346648,-0.013521044557111814,0.0064800168623502163,0.11585653166742196
CAC,pinball_0p01,gfc,149,29,False,False,0.33621037025098294,8.1979095898520455,28.749194415175843,-0.056160107567221777,-0.015998271543577816,0.13981942326278635,moirai/patchtst,2.6295033015438971,False,0.20746056774255861,0.93975561410368857,14.230895837292364,-0.011858647678385075,0.0014997333637863021,0.056476337458804191
CAC,pinball_0p025,gfc,149,25,False,False,0.26761604806528444,1.9688682793550929,24.134103196444212,-0.078484390682191651,-0.024109978042187428,0.12683925328863205,patchtst/timesfm,2.4583526183666984,False,0.11724506286301563,9.6632216253851571,15.046806219885569,-0.017667957321723091,-0.0046969356637844061,0.056623765848248991
CAC,pinball_0p05,gfc,149,16,False,False,0.26363940098114069,2.1489321970984556,15.810504027401342,-0.11593546349713341,-0.044855963140064917,0.17326130620139815,autoarima/lgbm,3.0554244819489882,False,0.32953913172796689,11.267759068974424,15.4257133206041,-0.013977948627435618,0.0020145617312470848,0.064752007677675569
CAC,pinball_avg,gfc,149,17,False,False,0.11985663698235019,6.3914783696852231,16.619878456673163,-0.09492103162139949,-0.036402577605038178,0.13222457782060962,autoarima/lgbm,2.5298456007634522,False,0.1036512207467728,10.246789840992687,14.980028234520145,-0.015459881055960179,0.00070681586446524056,0.055488846520459253
CAC,qlike,gfc,149,37,False,False,0.075239600849057842,5.501748929611237,37,-0.090268011923927957,0.16292871955375399,0.55525554567123991,moirai/patchtst,8.3208222136023444,False,0.50819489033360588,14.510937768036788,19.530132852562982,-0.068412416718106148,0.084019623011599529,0.42145617976135691
CAC,fz0_0p01,gfc,149,37,False,False,0.080701089850529234,9.0750641514401487,37,-0.06252755567256213,-0.020730587616503371,0.13260152140713635,moirai/patchtst,2.5348230428435428,False,0.03261044519262047,7.468217949130862,14.280638563729763,-0.025937557179849462,-0.01539127354095538,0.048641080179073169
CAC,fz0_0p025,gfc,149,35,False,False,0.13167697942682066,8.7479906604737447,34.240970096168233,-0.082974717301932163,-0.02691084801240563,0.12127795987893937,har/lgbm,2.3837308913038329,False,0.75299823654273479,8.6847969036358936,15.054617109552506,-0.048837616953129867,-0.03123018064859661,0.040477106107839021
CAC,fz0_0p05,gfc,149,17,False,False,0.28236683834636372,6.2911097130926539,16.678273709068407,-0.099881891460219696,-0.038352232233101823,0.16150378111299896,autoarima/lgbm,2.9077237578975312,False,1.1952791309211839,9.8125091098072339,15.486369712313826,-0.062138039067052966,-0.046573464731101639,0.027594704461863451
CAC,fz0_avg,gfc,149,37,False,False,0.027739071956542034,9.0569141234430575,37,-0.077368690810581467,-0.024306897374239474,0.12209382559449183,moirai/patchtst,2.3947312968872616,False,0.52849124890145138,8.7189721448910511,14.726316875074369,-0.04031835135024376,-0.022369301888127777,0.042258818854168594
CAC,qlike_ex_near_zero,gfc,149,37,False,False,0.075239600849057842,5.501748929611237,37,-0.090268011923927957,0.16292871955375399,0.55525554567123991,moirai/patchtst,8.3208222136023444,False,0.50819489033360588,14.510937768036788,19.530132852562982,-0.068412416718106148,0.084019623011599529,0.42145617976135691
CAC,crps,covid,62,20,False,True,0.86533372666990183,5.6362443816802896,19.730130367810876,-0.52929127778747553,-0.13441975265368852,0.26595851561394518,autoarima/patchtst,3.1234186133281976,False,7.8824791963008405,7.9334252514885666,8.2437500473464702,0.049459299975487959,0.072036631849725724,0.16758117202242115
CAC,log_score,covid,62,7,False,False,0.19569114624437281,1.1404896005219982,6.768333547115037,-0.39284476241949617,-0.043945341805995075,0.3153981997313231,ewma/har,3.5734710385896649,False,0.34235907524418929,0.92506930271761068,7.5337037056413081,-0.042234111068384976,0.030613607077548542,0.17112669824781812
CAC,pinball_0p01,covid,62,21,False,True,0.21043259073423751,3.9911769895552123,21,-0.34814911623878769,-0.062888202345571687,0.28139010607615189,ewma/har,3.2629004434961963,False,0.55290158376493403,3.401080612262616,4.6983249011378492,-0.052908800554950362,-0.02426533347793115,0.009989595402009192
CAC,pinball_0p025,covid,62,21,False,True,0.14796652449784034,2.3458674012634009,21,-0.27787348409459028,-0.093847836583810573,0.42049249422608515,autoarima/har,4.5957296513656276,False,0.48552759566553799,4.6151091442269863,5.362595132407689,-0.057182484474784266,0.0013656527025248323,0.029569191464000718
CAC,pinball_0p05,covid,62,21,False,True,0.029129680506996731,3.1028787183203255,21,-0.30169190335137896,-0.11230034890944141,0.35179111648586436,ewma/timesfm,3.9140032421047559,False,0.84317810016559824,5.1908707607765612,5.9019210570747589,-0.062826631802974625,0.015701911491964905,0.06813542823054973
CAC,pinball_avg,covid,62,21,False,True,0.2008001435677505,3.1451335326419843,21,-0.31410959786768422,-0.094429562451269683,0.39394644208802487,autoarima/har,4.324816710340726,False,0.62364852108161861,4.6752479612196431,5.3659871777162733,-0.058198966664672259,-0.00058716695556319917,0.027075788236606071
CAC,qlike,covid,62,21,False,True,0.049701663210344901,3.4977502531590865,21,-0.065501455013476567,0.32473140123745692,0.7570283518959251,ewma/patchtst,10.536575832728662,False,0.15075391904128516,0.86691203958771468,9.7313086538595464,-0.038617339184585639,0.041156110577385191,0.72241061320311395
CAC,fz0_0p01,covid,62,21,False,True,0.041644753278299827,1.3554957535980354,21,-0.34132299610775002,-0.022815657099096425,0.28267840705215885,ewma/har,3.2745750224806018,False,0.12751259512942506,0.92355469897374642,7.0740499308397435,-0.060733984352716146,-0.041082339577838536,0.012075903478697393
CAC,fz0_0p025,covid,62,21,False,True,0.13104223686183619,1.5094615463409859,21,-0.31104019421887147,-0.027257493892768922,0.40766427434651475,ewma/har,4.4634575144780779,False,0.12008568887893868,0.73399731201268203,4.7362375517290731,-0.06275374788595274,-0.002975802359332945,0.034878291409547769
CAC,fz0_0p05,covid,62,9,False,False,0.36154067285531288,1.8213697608653028,8.3436360261885678,-0.29372686974697426,-0.043996270077874447,0.38615834744470323,ewma/har,4.2472888623435878,False,0.06168394460002713,0.68055098857307184,5.6448574421316478,-0.055409358785687507,0.029058870522926765,0.050450041419484531
CAC,fz0_avg,covid,62,21,False,True,0.03411998011080293,1.4185729371571192,21,-0.33213686403375214,-0.021034949932190822,0.38133055988454639,ewma/har,4.1996316294598595,False,0.097754174011185302,0.58688778129773045,1.2117208826353318,-0.06075342890950234,-0.019844841408496103,0.024450965727749033
CAC,qlike_ex_near_zero,covid,62,21,False,True,0.049701663210344901,3.4977502531590865,21,-0.065501455013476567,0.32473140123745692,0.7570283518959251,ewma/patchtst,10.536575832728662,False,0.15075391904128516,0.86691203958771468,9.7313086538595464,-0.038617339184585639,0.041156110577385191,0.72241061320311395
CAC,crps,tightening_2022,214,12,False,False,0.022628817026970258,1.0945551056387628,11.446515729378577,-0.16436638549824623,-0.011463328378217147,0.24659614699617516,autoarima/autoets,4.4566663415647287,False,9.5520136761290537,9.8834576992403189,10.077594747577871,0.096733759240539327,0.11211343527764797,0.13045501054577108
CAC,log_score,tightening_2022,214,11,False,False,0.099130281929704189,1.4323543703279289,10.828689004954493,-0.086248286010005129,0.0082134987198986716,0.22366802537819055,autoarima/autoets,4.1442907820675643,False,2.1288395522066268,2.7619581856846889,10.564056922977912,0.068800403281538733,0.1320262906021496,0.18533417090521939
CAC,pinball_0p01,tightening_2022,214,13,False,False,0.26717649982938813,3.3446650870013053,12.777991437715441,-0.073453282502142031,-0.032775852243177063,0.26952903348070567,moirai/timesfm,4.7690108763961998,False,0.31066332093567278,0.59385928303597002,11.99869413155257,-0.02899168019199188,-0.011217445749076975,0.014557505037079532
CAC,pinball_0p025,tightening_2022,214,13,False,False,0.096948539416332552,5.766357860388398,12.063916856966877,-0.12841546910348553,-0.039134750540745,0.18087403363930205,har/timesfm,3.5541545831562731,False,0.063093243702057628,0.97710997024368795,12.629263241900285,-0.027793875603958271,-0.0051885247104991542,0.020203812191838748
CAC,pinball_0p05,tightening_2022,214,11,False,False,0.060375678920338807,3.9740820933659928,10.741905255985044,-0.094513561871742938,-0.028759273408764489,0.092786542011897524,autoarima/autoets,2.2405180808911371,False,1.0242426945352248,8.0577349347073195,13.352046804854695,-0.017146830670409854,0.01405637047408236,0.048613416661024145
CAC,pinball_avg,tightening_2022,214,13,False,False,0.12039565686165335,7.2972946523576301,12.804333221707385,-0.13155244351261497,-0.03717793716431278,0.17702562413788328,moirai/timesfm,3.500238280420807,False,0.35938308540224445,0.89497521207154851,12.799808881715139,-0.025231313760683799,0.0020417989587583952,0.024800367996439469
CAC,qlike,tightening_2022,214,44,False,False,0.28832071863720737,2.6115027196040979,44,-0.16425525873808308,0.065349638575491004,0.40999053493154591,garch11_t/patchtst,6.7814221062397051,False,0.52504549598684813,1.4353722361733448,18.5740874877926,0.010847614921675571,0.053086940953368238,0.28730238866812835
CAC,fz0_0p01,tightening_2022,214,13,False,False,0.019908011594185718,1.4201537460985323,12.02137516318791,-0.068287626959995004,-0.027306621214546106,0.26298787729233747,moirai/timesfm,4.6798250606457517,False,0.22693267395349437,0.64864739942821781,11.264402963806758,-0.027205292560217222,-0.0029988203481819717,0.023169928227148643
CAC,fz0_0p025,tightening_2022,214,11,False,False,0.13164752850181638,3.3614500522935655,10.457258948573559,-0.088104957627828343,-0.022245304814945025,0.17743612791758576,har/timesfm,3.5059984258833334,False,0.33551072244531394,1.4834254321193527,11.85162997039177,-0.018719367674374186,0.0044305211357555272,0.06600361517515814
CAC,fz0_0p05,tightening_2022,214,11,False,False,0.11289272955424942,5.1085358144072934,10.463449007856006,-0.093724846184000343,-0.008435692801978676,0.092999084143048041,har/timesfm,2.2439978677081589,False,1.1191339378918364,2.1155189842686291,11.660980546323183,0.0040562892594846163,0.051457030378221018,0.12211803140903292
CAC,fz0_avg,tightening_2022,214,12,False,False,0.099958261586010635,2.8397159268887622,11.18688627375292,-0.081788862008895818,-0.020866060887749314,0.18497324726736908,moirai/timesfm,3.6113868734366603,False,0.047005734905474904,1.1447145444406515,11.809576420050913,-0.012521390561145875,0.0056874653258119487,0.05122758359971144
CAC,qlike_ex_near_zero,tightening_2022,214,44,False,False,0.28832071863720737,2.6115027196040979,44,-0.16425525873808308,0.065349638575491004,0.40999053493154591,garch11_t/patchtst,6.7814221062397051,False,0.52504549598684813,1.4353722361733448,18.5740874877926,0.010847614921675571,0.053086940953368238,0.28730238866812835
CAC,crps,spike_2024_08,22,8,False,True,0.016135980223591643,1.8740375086109429,8,-0.39241754960376146,-0.13391007045564959,0.17512191992411541,ewma/timesfm,1.6271834687279316,False,3.1821589300146877,3.7506580149701199,4.130932166589294,0.21658652796923783,0.27766519102891268,0.31080932834696157
CAC,log_score,spike_2024_08,22,8,False,True,0.14900309137193571,1.3313869152623194,8,-0.33202006421703395,-0.083154458631609751,0.19759868596548238,autoets/moirai,1.7738302240311452,False,3.4019064837920499,4.6155844315267052,5.168525725093696,0.16052138435902671,0.3482916025784058,0.43549943614168624
CAC,pinball_0p01,spike_2024_08,22,8,False,True,0.12695651642178962,1.5187153090811292,8,-0.034571519476437745,0.13683891159390074,0.85744765106755516,autoets/timesfm,8,False,1.5532374215757578,2.2843819125917961,8,-0.1867035873307219,0.3794383594581221,0.50326689358139254
CAC,pinball_0p025,spike_2024_08,22,8,False,True,0.012334879373611069,0.51705032414925967,8,-0.01025092059384373,0.033474597471324086,0.90653742508244606,ewma/gjr,8,False,0.28386192723922599,1.9821483390294545,6.4832673226946955,-0.13533071581785244,-0.097418495095940902,0.44552443999371205
CAC,pinball_0p05,spike_2024_08,22,8,False,True,0.080242679572557124,1.5220059986694374,8,-0.53856645146403803,0.068591771942547272,0.89906318299241406,ewma/gjr,8,False,0.25137576680173179,2.0749422632516574,4.8470368246565787,-0.13507639509255301,-0.068517188281902411,0.11236093167140329
CAC,pinball_avg,spike_2024_08,22,8,False,True,0.078897961625916405,1.2290587807119016,8,-0.42297337059371332,0.071800947471756374,0.90689670479844653,ewma/gjr,8,False,0.017677033683145691,2.3244212523544734,5.8047038318066324,-0.14118491974159836,-0.046807433901956831,0.1279051390762205
CAC,qlike,spike_2024_08,22,8,False,True,0.067682836536301152,1.1320731202157539,8,-0.0948651544222327,0.11992756393787182,0.62847459697487507,autoets/chronos,5.2223999389989126,False,0.95693574129609571,1.4132792402172001,2.2482796417186148,-0.18490805301590685,-0.11314456603409256,-0.070060681468855884
CAC,fz0_0p01,spike_2024_08,22,8,False,True,0.17808396151804767,1.4396415998853334,8,-0.08515097522143085,0.17463443795490446,0.84061067527432076,autoets/timesfm,8,False,0.032013472514359036,5.4688326018692317,5.8209979526906723,-0.00049805739050932257,0.62256291763617466,0.87858293274250487
CAC,fz0_0p025,spike_2024_08,22,6,False,True,0.046808859411359663,0.52774663023334345,5.7449545934140005,-0.015322066197355077,0.035760150715600993,0.90046478842707278,ewma/gjr,8,True,0.067844710832371508,0.52214777110270205,5.8640715425801808,-0.0015333916516806342,0.03514855972119825,0.83112999455202352
CAC,fz0_0p05,spike_2024_08,22,8,False,True,0.083532702093342098,1.6689250243213349,8,-0.5017255763469266,0.090957694549592835,0.90592254821264995,ewma/gjr,8,False,0.23349101362764874,1.2646562396747383,4.9120551438175335,0.010016888586129221,0.16968448231653757,0.39184242793283741
CAC,fz0_avg,spike_2024_08,22,8,False,True,0.086838048489174466,1.107738952049417,8,-0.28791334784011846,0.091990041286168514,0.8870322046669834,ewma/gjr,8,False,0.34541813117530867,1.0326599402226384,5.8629245234880916,0.018317080148954428,0.11175172243090686,0.53517834814906784
CAC,qlike_ex_near_zero,spike_2024_08,22,8,False,True,0.067682836536301152,1.1320731202157539,8,-0.0948651544222327,0.11992756393787182,0.62847459697487507,autoets/chronos,5.2223999389989126,False,0.95693574129609571,1.4132792402172001,2.2482796417186148,-0.18490805301590685,-0.11314456603409256,-0.070060681468855884
CAC,crps,calm,4591,149,False,False,0.48702809496815574,14.278912940734653,148.10927580213206,-0.13345056737830466,0.0089139157956211745,0.11183204054833633,garch11/naive,7.069263270133809,False,146.14115982957168,147.1310960234253,147.72911762573668,0.18113647927956716,0.1913682623564488,0.21722429533758802
CAC,log_score,calm,4591,39,False,False,0.088174160858789721,3.4570906871552642,38.36232997225774,-0.028392598989132514,0.040127185095493539,0.19411269267159861,garch11_t/naive,10.387452483726177,False,52.344609788321172,133.92688932398318,148.82224288487254,0.11325286538817055,0.14649606254573,0.22329247467914745
CAC,pinball_0p01,calm,4591,45,False,False,0.248442463526025,3.7330795744057634,44.665296232355423,-0.014968037062575658,0.03189635264626571,0.11295924345903464,gjr/timesfm,7.1179042370376715,False,1.7603821757207498,3.7018307096234939,16.321436921303526,0.014480380904568211,0.046942619588773424,0.096611403191536868
CAC,pinball_0p025,calm,4591,52,False,False,0.52152418484027152,7.9352927483439917,51.390566244583319,-0.010351299055413699,0.022807103503469577,0.087499929055903813,autoets/gjr,5.9829662390314686,False,3.557501351069055,8.9765676457445593,23.749340635866034,0.043985073035699568,0.071707625452171145,0.11063912587350835
CAC,pinball_0p05,calm,4591,62,False,False,0.29483738138311311,6.8778040244006284,61.196467077375686,-0.023567407524698925,0.022060562168208925,0.071676966312873305,naive/patchtst,5.2291436961275002,False,16.573352805863649,26.48154281118552,53.150846501596398,0.084782407417516872,0.094547361113903716,0.12881959238251481
CAC,pinball_avg,calm,4591,52,False,False,0.43665686511577395,7.5740930100186077,51.241349858283996,-0.010464266063444427,0.030564858054505571,0.089127486105696846,autoets/gjr,6.0580995939901081,False,3.9975508041098911,9.4134123684311142,47.219721100003966,0.053289838765404024,0.073569965320029684,0.11577936896595478
CAC,qlike,calm,4563,44,False,False,2.2683136556088446,13.092276546306735,43.841950836467724,-0.0046995189729177331,0.077376182288115158,0.28437022938428475,patchtst/timesfm,13.787035870474522,False,0.71487771125392374,2.0805965816876202,24.127180748080356,0.0036798605158103281,0.018422258755205319,0.15754243484917874
CAC,fz0_0p01,calm,4591,22,False,False,0.21692499049501049,4.007828780266192,21.088824495184792,-0.0071773817004868283,0.053205761495686815,0.13191361941415336,garch11_t/naive,7.9182362146991805,False,1.0106758158089961,3.1297691036416948,16.521168460997448,0.006197817775551312,0.035746058093918336,0.14421161746367364
CAC,fz0_0p025,calm,4591,21,False,False,0.16635854263369482,6.4067411967639867,20.974652277317077,-0.0047745239125606019,0.062158728598583499,0.11776712329122943,autoarima/har,7.323958011273966,False,2.4530203488581996,7.0616724297626421,21.235809681023159,0.024272208080707708,0.061780093860756898,0.14515628359324967
CAC,fz0_0p05,calm,4591,34,False,False,0.087758471159089635,7.8182362139761139,33.50143098701087,-0.0069464979172940275,0.05340189612917752,0.11575382765891395,autoets/patchtst,7.2379465611371092,False,4.0409262392202656,9.3092889364574098,23.4262674409798,0.054253886698940074,0.080963203609742032,0.14752939054946176
CAC,fz0_avg,calm,4591,22,False,False,0.1306588156617704,5.5626315466257878,21.195277594981096,-0.0073341752645245725,0.060768107389635756,0.1186818942286846,autoarima/timesfm,7.3629122772012368,False,2.0795316339323953,4.0524890345149345,21.131165008475925,0.018745783666444686,0.054512324265846228,0.14723000615658074
CAC,qlike_ex_near_zero,calm,4561,44,False,False,2.2614550507314495,13.083156071994063,43.852132591019448,-0.0048348890907940383,0.077372441188565511,0.28435376288811365,patchtst/timesfm,13.784395467623209,False,0.73438680195441342,2.1967503758549842,24.171296850446808,0.0038335284826474811,0.019621542673718045,0.15878775015625163
CAC,crps,gfc_wide,510,32,False,False,0.35484905310080905,11.40101802661807,31.203931436334333,-0.22808902131565997,-0.09132076819284185,0.080379352003040055,lgbm/patchtst,2.7156897293132238,False,39.076902762731514,39.557544529833677,39.747228643207308,0.17332348600633238,0.18249528087600994,0.21445573060454115
CAC,log_score,gfc_wide,510,42,False,False,0.044196031784414377,3.5604504075129255,41.558327973217551,-0.15782003089151059,0.00034813313812782573,0.20669760824605721,patchtst/timesfm,5.225236669649683,False,17.257874205347981,21.245658846263673,38.189436130518366,0.077487396624770249,0.097827747639835511,0.18210282344356035
CAC,pinball_0p01,gfc_wide,510,32,False,False,0.39271915321193268,11.790148611258623,31.07905099127797,-0.042910145081879646,-0.012857955051577767,0.12444693126461528,moirai/patchtst,3.6566408892561384,False,0.1858807059258388,0.97765186586661335,22.6315807990667,-8.1935776624843395e-05,0.010799981299240966,0.055284293221624654
CAC,pinball_0p025,gfc_wide,510,33,False,False,0.26086142135072871,11.007087483913157,32.844070476359938,-0.07036993811592647,-0.017536831287732299,0.11560547454068222,patchtst/timesfm,3.4763350011298209,False,1.141714997679864,15.772613382216806,24.837025323461116,0.0096372972032922524,0.02307100360678498,0.07044354447816728
CAC,pinball_0p05,gfc_wide,510,30,False,False,0.13751250011535462,4.12961162641367,29.635183754559229,-0.09372846987472673,-0.027914918041184969,0.13877967901535801,autoarima/lgbm,3.942349075745573,False,15.058437924808787,18.909847946261845,26.18684304137976,0.03349862676273193,0.042464369960812376,0.096362433558376814
CAC,pinball_avg,gfc_wide,510,27,False,False,0.14842216580410994,12.609749362425021,26.504808556719869,-0.078725632326450704,-0.017918519572562398,0.098560135440389329,autoarima/lgbm,3.1179389428431703,False,12.911190992623013,16.668413928014409,24.985094435748145,0.014599448050116976,0.029184583663735917,0.07171147004472192
CAC,qlike,gfc_wide,510,68,False,False,0.63185049478570865,15.988988676716101,68,-0.06603387056205412,0.17485598857094453,0.55819263495978377,moirai/patchtst,12.623907714001016,False,2.3139791883655216,20.454672452146934,34.885968718686932,-0.031312821720453209,0.072911492740343156,0.42815508676712039
CAC,fz0_0p01,gfc_wide,510,52,False,False,0.19837384976315045,11.729323836812732,51.741981612017661,-0.032205448148775004,-0.014306643908733858,0.083188369721582375,moirai/patchtst,2.77945394896871,False,0.11803651327603572,0.67567858308061635,17.205708969682799,-0.0098427164241986862,-0.0065533785100845227,0.023450595755115995
CAC,fz0_0p025,gfc_wide,510,27,False,False,0.22365728342205801,10.060315948022613,26.748574399835046,-0.05372465923138732,-0.021079829650696012,0.081140649502352863,patchtst/timesfm,2.7330357011880944,False,0.36729305539933443,11.134519005368816,17.411701424632053,-0.015099104379653554,-0.0048748791750714395,0.026822109297920123
CAC,fz0_0p05,gfc_wide,510,29,False,False,0.3074208032505788,2.6017525458365451,28.95522144779429,-0.073561735522939306,-0.026393363621336943,0.068640208043719439,autoarima/patchtst,2.4415195483318075,False,0.44052146039533951,13.608259711977123,25.999522510772895,-0.022794369605949733,-0.016007807743892509,0.027477558559951386
CAC,fz0_avg,gfc_wide,510,40,False,False,0.39955397304975609,11.65171903162488,39.430857189338383,-0.048497214306281636,-0.018381890403851141,0.076398064020736761,moirai/patchtst,2.624159424664064,False,0.30769330203011047,11.062411964276217,17.346537768782316,-0.014135479853595999,-0.0045013167249921601,0.024365971988284069
CAC,qlike_ex_near_zero,gfc_wide,510,68,False,False,0.63185049478570865,15.988988676716101,68,-0.06603387056205412,0.17485598857094453,0.55819263495978377,moirai/patchtst,12.623907714001016,False,2.3139791883655216,20.454672452146934,34.885968718686932,-0.031312821720453209,0.072911492740343156,0.42815508676712039
DAX,crps,gfc,147,18,False,False,0.089997567916260526,1.6667204874415944,17.948852913942783,-0.2215483076421792,-0.04418442841140488,0.093719414484195795,ewma/garch11,1.9903533047628295,False,0.38603095272583571,12.497191498253423,12.789113092571041,-0.0079476765288505318,0.019383823457751623,0.039563327063151701
DAX,log_score,gfc,147,13,False,False,0.077786330431339354,1.9599815118524542,12.731220491960244,-0.19171224386520133,-0.045948439399115658,0.17016976302027453,naive/patchtst,3.0032100337294634,False,0.12423078478619765,1.3365971695081016,12.417028974907971,-0.11131785850694488,-0.031466840576784179,0.099203553387032878
DAX,pinball_0p01,gfc,147,13,False,False,0.26054918494212409,1.2269735858752804,12.091896901413289,-0.079619816929633908,-0.033249007061601651,0.057697328596094978,naive/patchtst,1.4351328724184051,False,0.26264003319483292,1.2722587272677874,12.200631221406182,-0.067752205504509208,-0.034774731889849572,0.0051053381129510635
DAX,pinball_0p025,gfc,147,20,False,False,0.1129772766711377,1.5949127312141445,19.819693167509488,-0.095446835864848062,-0.050732768964171809,0.052192825005430453,naive/timesfm,1.341796060757495,False,1.0463028253714888,1.6490622080394053,9.7390033893099446,-0.087647932054859365,-0.057674787026746645,-0.018690362353499385
DAX,pinball_0p05,gfc,147,12,False,False,0.024466135587047438,2.0552619131670089,11.912288174140619,-0.16964378339040403,-0.06925123533769173,0.095587104324876479,naive/timesfm,2.0171891651060241,False,0.94351354041335767,2.1174917736358001,11.919728412690107,-0.10195595788221588,-0.056215909344481188,-0.020547424475196325
DAX,pinball_avg,gfc,147,13,False,False,0.041471594279356393,1.8119980499635624,12.149000540142977,-0.1078574044297899,-0.056337258324316117,0.069012301740850712,naive/timesfm,1.6186617586287251,False,0.91624598544786173,1.7798264090049565,10.035533856133849,-0.083841766772955295,-0.056557448070609334,-0.015949032799318402
DAX,qlike,gfc,147,37,False,True,0.18561348259653804,2.3828463290803521,37,-0.080591316701909735,0.11109629564824691,0.67252549322191957,chronos/patchtst,10.996687094125477,False,1.0922575701277022,2.6790996094740716,11.823183806346465,0.041638266200015137,0.16849983812354011,0.49070229036626256
DAX,fz0_0p01,gfc,147,16,False,False,0.15080934966504511,1.1955870631618097,15.136196135735757,-0.073401588805531159,-0.030594779603903971,0.046874465169388028,naive/patchtst,1.2485825787914127,False,0.44743621994658911,1.2608692794978145,14.355477852601462,-0.056436505715552511,-0.043019033279108533,-0.0098786150261391745
DAX,fz0_0p025,gfc,147,15,False,False,0.18884698289257273,1.3374697733106975,14.023223237636769,-0.088929928639543881,-0.037054396462164262,0.061893085329534719,autoarima/har,1.5043960926544351,False,1.4197186010427993,1.7776730730841166,12.279401064551571,-0.078239421443422968,-0.064484987034343022,-0.036148940926454938
DAX,fz0_0p05,gfc,147,13,False,False,0.081273722989677818,2.0170882756372723,12.484552302212096,-0.14704248259582844,-0.056575197977915485,0.069014247275691179,naive/timesfm,1.6186924709272605,False,1.4756175190826435,2.115788815796583,12.213140472950132,-0.10558672506636516,-0.069422289327467301,-0.024094946886623263
DAX,fz0_avg,gfc,147,13,False,False,0.061157242604626162,1.3315016596206681,12.592809471523401,-0.088209703282966623,-0.038671350215240152,0.052023364819258532,naive/patchtst,1.3388743091156581,False,1.1713869865414155,1.7147050361351794,12.282900690821673,-0.072600657201750865,-0.058653235980716874,-0.025194595026951514
DAX,qlike_ex_near_zero,gfc,147,37,False,True,0.18561348259653804,2.3828463290803521,37,-0.080591316701909735,0.11109629564824691,0.67252549322191957,chronos/patchtst,10.996687094125477,False,1.0922575701277022,2.6790996094740716,11.823183806346465,0.041638266200015137,0.16849983812354011,0.49070229036626256
DAX,crps,covid,62,21,False,True,0.10452897591853777,4.9729328861301507,21,-0.51632023078366895,-0.31703041428258188,-0.013312051004230736,moirai/timesfm,1,False,0.19693688308175877,0.87502812566268717,1.9204588369504458,-0.10814206839228968,-0.039118385996424435,-0.0044905655843848463
DAX,log_score,covid,62,21,False,True,0.063249025137762191,1.3833782770268011,21,-0.23696642309892754,-0.051414307505261991,0.12299691623320405,garch11/har,1.7969004020457586,False,0.0054225747287021484,0.67186828107491203,5.4561060440982976,-0.07081920371386799,-0.0038032093255469081,0.058287719781372545
DAX,pinball_0p01,covid,62,21,False,True,0.058260536327785488,2.9532924992311806,21,-0.15187953120194994,-0.021344532610263388,0.63642694048036885,autoarima/autoets,7.5223662261456781,False,0.76493273724139565,2.4628869551872441,3.9455770550186906,-0.055290713034159659,-0.040676402506311125,-0.032085596781487181
DAX,pinball_0p025,covid,62,11,False,False,0.043274174458745929,2.0767473245238675,10.54792843339572,-0.16377640923857961,-0.0060365839116059859,0.87133799707512649,autoarima/autoets,16.952628803113008,True,0.90411461351094857,4.043361043655687,4.6145798382661871,-0.061092062268949733,-0.040924023538484351,-0.011270857977694369
DAX,pinball_0p05,covid,62,21,False,True,0.40566540449077682,2.9895399524256749,21,-0.27913284364180757,-0.020996228123002978,0.91607787724573064,autoarima/autoets,21,False,1.0322676565743107,4.4754198353774202,5.107739910245539,-0.060861474752376854,-0.027529764907166604,0.0018818270983515808
DAX,pinball_avg,covid,62,11,False,False,0.30789555340703284,2.1613868979161213,10.55263833838036,-0.20443872264566512,-0.031044717018827883,0.87842073020972866,autoarima/autoets,17.655543670760707,True,0.93528261434555848,4.1618112620020691,4.5708640683699757,-0.056295181948009629,-0.040377273091615193,-0.015316285475564066
DAX,qlike,covid,62,21,False,True,0.17611585889757356,3.8505029953870897,21,-0.22523985213940323,0.24938521058329718,0.77874964123987667,naive/patchtst,11.335665281861937,False,0.17802366203836489,0.74677638942183011,10.194144581814029,-0.069815878160246259,0.012361964362427369,0.65234267531734935
DAX,fz0_0p01,covid,62,21,False,True,0.25406459106146811,0.72626017927620068,21,-0.079706219483065624,-0.015087662857175721,0.18943725292580876,autoarima/autoets,2.4307434299426776,False,0.67973548004266038,1.0795197177676845,3.2308569213448908,-0.060230767076266775,-0.047862180686469573,-0.027460387149719091
DAX,fz0_0p025,covid,62,19,False,True,0.10276132141843432,1.1727496133009407,18.923832278128508,-0.24795922423296801,-0.013067991952027644,0.53197026816344051,autoarima/autoets,5.8941796288364765,False,0.49589152341515719,0.87971510207686243,4.6018024705444347,-0.062037505466865955,-0.03541549451883521,-0.0027533323315459316
DAX,fz0_0p05,covid,62,11,False,False,0.023053150125221376,1.5215643884188685,10.969439758496671,-0.25188363733579061,-0.027415618752408201,0.7678271827591947,autoarima/autoets,10.919158818531935,False,0.10420651456716989,0.64173695166582212,5.2757147017787798,-0.039878795694714024,-0.010522742962612115,0.027337984687570736
DAX,fz0_avg,covid,62,21,False,True,0.15507058074847674,1.0414998193545197,21,-0.17901214255644574,-0.01997818016524807,0.43378498965128237,autoarima/autoets,4.7357313188459011,False,0.65594936159617312,0.9175815593390847,4.0913098024387171,-0.058235356998646119,-0.03764242009592135,-0.017236755192810274
DAX,qlike_ex_near_zero,covid,62,21,False,True,0.17611585889757356,3.8505029953870897,21,-0.22523985213940323,0.24938521058329718,0.77874964123987667,naive/patchtst,11.335665281861937,False,0.17802366203836489,0.74677638942183011,10.194144581814029,-0.069815878160246259,0.012361964362427369,0.65234267531734935
DAX,crps,tightening_2022,214,33,False,False,0.28077916854306889,2.1986580433179173,32.729293450896527,-0.21256664261024452,-0.036500712141599258,0.14218948813503293,lgbm/patchtst,3.001559705648003,False,9.8041367581894843,9.9935099971076795,10.499739991020249,0.10634457665130806,0.12743232960585674,0.15213442054736168
DAX,log_score,tightening_2022,214,19,False,False,0.079905600657934464,1.6139134365785108,18.869998469531399,-0.14327607581434876,0.027565574852937296,0.13674217026327309,autoarima/moirai,2.9213818165252117,False,1.9700210121879445,2.6871536894293038,15.054010699089604,0.077817405898145828,0.14908517974500507,0.18780099033706266
DAX,pinball_0p01,tightening_2022,214,13,False,False,0.045366438829469398,1.0896962545482907,12.834438520370233,-0.057564173892933092,-0.022560324587997862,0.1999139862052039,garch11/patchtst,3.8184982663476585,False,0.483655063691251,1.2595816687856702,11.729759066668436,-0.045566471826294329,-0.031493289905750337,0.063328113234584885
DAX,pinball_0p025,tightening_2022,214,13,False,False,0.11680836601924738,2.5738181144771746,12.10846808778043,-0.095440812820402079,-0.0028438258911666044,0.15480055304163715,moirai/timesfm,3.1846317572262888,False,0.20264641740859926,1.1055679750178691,12.592907571953571,-0.038023730406066672,0.0033538064265741878,0.06568918613350079
DAX,pinball_0p05,tightening_2022,214,16,False,False,0.054866449033493699,2.6769919901417367,15.272646348093208,-0.1267014934886008,-0.016141585181155244,0.16454816580188678,naive/patchtst,3.3240263408903066,False,0.62063145982660772,2.2976891468669138,13.642606243776783,-0.010790405732968321,0.035673307356525442,0.12065131956844209
DAX,pinball_avg,tightening_2022,214,14,False,False,0.18621424846456694,2.4214056299229947,13.239026135780051,-0.091746778072164789,-0.0011586717501346512,0.15872995585756097,autoarima/autoets,3.2410258771205367,False,0.10084333548079748,1.1786295992569882,13.023485038380734,-0.028940476453727632,0.023305559907179529,0.09103341880558749
DAX,qlike,tightening_2022,214,20,False,False,0.029717994006746188,2.6294614351759105,19.510992376058955,-0.21670361944372113,0.15593944025362477,0.56892357047749509,garch11/patchtst,9.6854599453175112,False,0.40743902472125521,1.1560968581037618,18.905250327472086,-0.0349589609861699,0.029781431565916755,0.26915749766022845
DAX,fz0_0p01,tightening_2022,214,18,False,False,0.1103368395779178,0.9488783048714623,17.45939490104471,-0.043853192088493899,-0.018818458660409702,0.2272039675206951,garch11/patchtst,4.1925462180508726,False,0.26206463557550086,0.67601247498650796,11.30363303266609,-0.025767040152602737,-0.0047500780329731403,0.11200328357908568
DAX,fz0_0p025,tightening_2022,214,13,False,False,0.046497747794386812,1.9370635191263867,12.685372986908527,-0.067706596747939843,0.039225421933458599,0.25136327931185032,garch11/patchtst,4.5215417179923616,False,0.43303405718783716,1.2443387105603965,11.645623478594302,-0.029861002755088094,0.029446231970563685,0.12630388517843411
DAX,fz0_0p05,tightening_2022,214,15,False,False,0.015487668896976619,2.3114248487826972,14.582957166490514,-0.13958045003743066,0.02253793551787657,0.22065240001736089,chronos/moirai,4.1030987611589147,False,0.7930263569323045,2.1246564485651525,12.507214638383596,0.010589589291904076,0.070028233697839379,0.14348718820700063
DAX,fz0_avg,tightening_2022,214,13,False,False,0.17550669671093536,1.733812421676415,12.492667988952837,-0.061629012023881553,0.020984974817311222,0.23786588109565318,garch11/patchtst,4.3378358272420989,False,0.27780602092788437,1.3255310269471132,11.805566140543901,-0.018532225109013919,0.043229551788596728,0.12395530441932531
DAX,qlike_ex_near_zero,tightening_2022,214,20,False,False,0.029717994006746188,2.6294614351759105,19.510992376058955,-0.21670361944372113,0.15593944025362477,0.56892357047749509,garch11/patchtst,9.6854599453175112,False,0.40743902472125521,1.1560968581037618,18.905250327472086,-0.0349589609861699,0.029781431565916755,0.26915749766022845
DAX,crps,spike_2024_08,22,8,False,True,0.12198790764047047,2.4542204064788402,8,-0.50875697905310435,0.025516837630112265,0.57818197737488886,lgbm/patchtst,4.6349622691110817,False,2.8057090867303858,2.8435314780589835,2.9143124262744373,0.46006332248431958,0.5076322115731926,0.52752799518020244
DAX,log_score,spike_2024_08,22,8,False,True,0.24071825222284449,2.4413474699644855,8,-0.53158934946597936,0.2578748717215501,0.59931433753015328,garch11/garch11_t,4.8693314029431045,False,2.6216595014909529,2.8259537369650207,3.1895129089898724,0.46884374302210219,0.57024146749508775,0.60489644229737793
DAX,pinball_0p01,spike_2024_08,22,8,False,True,0.15815342317326619,2.1600061470658285,8,-0.63185749137291369,0.41372431992345993,0.67998818807617423,garch11/naive,5.9549401119279635,False,1.3160618083786193,1.8674115493115546,2.5448570939379072,-0.14220173269116665,0.4610134306350821,0.63303150267652042
DAX,pinball_0p025,spike_2024_08,22,8,False,True,0.27980669279271286,2.3489077289050186,8,-0.61013695637597276,0.35421467083714187,0.70021738178847204,autoarima/lgbm,6.2922499868683985,False,1.3771104043756583,2.1714032220058961,2.5155942248811258,0.39457872424049339,0.52265923802940828,0.66565130541267481
DAX,pinball_0p05,spike_2024_08,22,8,False,True,0.47082983548105672,2.5010682921495544,8,-0.5258408614579877,0.42100813598059722,0.70191313976792524,patchtst/timesfm,6.3220812950829961,False,1.8848840251778967,2.596555637639629,2.6879426327151528,0.46357675660653486,0.61905685432909674,0.67084382179866242
DAX,pinball_avg,spike_2024_08,22,8,False,True,0.075799190706897238,2.3446741631726313,8,-0.59911865023472499,0.36774794875425887,0.68457112238635831,garch11_t/naive,6.0285077797241486,False,1.7005898713472056,2.3443894834628787,2.5154137396715424,0.42072794491059062,0.55825002354980724,0.66314261332605851
DAX,qlike,spike_2024_08,22,8,False,True,0.3368347706324894,1.8026082433814778,8,-0.38715750078767031,0.33869916918416354,0.71895080339478401,chronos/ewma,6.6368229015631934,False,0.020649845150011593,1.1929225541188253,6.0610741999166047,-0.058272757429286587,0.070907910662000501,0.2745000123638634
DAX,fz0_0p01,spike_2024_08,22,8,False,True,0.078453741821359391,2.0871930812776966,8,-0.67987565070221467,0.40428595920825516,0.68578451632592174,garch11/garch11_t,6.0482536872966435,False,1.5543706966236142,2.0234126735580111,2.5575757228829499,0.27347405794738822,0.4917388856098564,0.63963677914400108
DAX,fz0_0p025,spike_2024_08,22,8,False,True,0.36747665548411657,2.3007603910146255,8,-0.53025926772311949,0.3691657185866527,0.68546500900683027,garch11/garch11_t,6.043043203174487,False,1.8636119894205661,2.2660502975274781,2.4791644914763316,0.41501572616028759,0.54975899363156611,0.67338662894598245
DAX,fz0_0p05,spike_2024_08,22,8,False,True,0.28653439638408612,2.3794372844290939,8,-0.5741714647235,0.4014005009027885,0.68459318598273144,garch11/garch11_t,6.0288658125546064,False,2.1486877723446982,2.5444618355373469,2.6625375852014943,0.48165208349562944,0.63112885869791813,0.68266441244318599
DAX,fz0_avg,spike_2024_08,22,8,False,True,0.26047721505615945,2.2174875484037848,8,-0.59004363387047432,0.40897158769084008,0.68566045204144943,garch11/garch11_t,6.0462295218748308,False,1.8512765579044064,2.2563526106655254,2.572008076558927,0.37755434847899944,0.55021222903815648,0.66296366134469742
DAX,qlike_ex_near_zero,spike_2024_08,22,8,False,True,0.3368347706324894,1.8026082433814778,8,-0.38715750078767031,0.33869916918416354,0.71895080339478401,chronos/ewma,6.6368229015631934,False,0.020649845150011593,1.1929225541188253,6.0610741999166047,-0.058272757429286587,0.070907910662000501,0.2745000123638634
DAX,crps,calm,4551,146,False,False,0.33581329654454001,12.960251953103777,145.82447586756652,-0.086521348772544276,0.044660863092524608,0.14172422017105324,har/patchtst,8.2970434638150383,False,144.45251070150758,145.83540290041114,146.51728263529074,0.1654610302345155,0.17223507109970482,0.20313659490796795
DAX,log_score,calm,4551,67,False,False,0.32036038876263839,9.9885272625745873,66.260491931801994,-0.038046454265449718,0.04691953871548124,0.18965211270525353,garch11/patchtst,10.185839510351009,False,66.292741646572267,138.3466129861479,144.53482507907844,0.098863170718676896,0.12249651137316719,0.22351403425421335
DAX,pinball_0p01,calm,4551,55,False,False,0.019048155728232419,3.0266267606553825,54.577603903070205,-0.022282050938591657,0.01425206765810156,0.086030404257565987,chronos/naive,5.8975484316586293,False,0.71956421210470978,2.2404944880050373,15.880380283053096,0.0037213079272411889,0.015463466932707996,0.091414958861901471
DAX,pinball_0p025,calm,4551,35,False,False,0.10551601082990977,8.9882022532752153,34.732379981889373,-0.021299664105343431,0.0076892302198266864,0.081524540672832838,lgbm/naive,5.686900705969693,False,2.9165130244727933,12.940539720191536,35.948399586125085,0.028149900845392786,0.040674787285162196,0.10850307329533244
DAX,pinball_0p05,calm,4551,30,False,False,0.46771711467176352,9.0154324386093343,29.967684752227118,-0.040327879508335156,0.025476564339864709,0.09425228060645198,lgbm/naive,6.2738018882332467,False,10.069833373243419,16.387783505448549,60.477130825633957,0.057497515426411551,0.066265115390358703,0.12887815361942184
DAX,pinball_avg,calm,4551,32,False,False,0.29529778332037004,9.8416738425896622,31.265503295195938,-0.024700321762127189,0.01829284757658502,0.087521289368112598,lgbm/naive,5.9665254118736071,False,3.2392726132226728,13.551005081432235,37.546116033444889,0.034296330788621272,0.0435626056781332,0.11393305766772016
DAX,qlike,calm,4551,69,False,False,2.7519545571936526,23.537789278086432,68.916306884421957,-0.037017940831114683,0.087591258782999393,0.2842870830717586,naive/patchtst,13.771781817582092,False,0.84252532851866202,15.117658309350173,24.406738540511494,0.0047242137745353513,0.017247407083411725,0.1139826711907755
DAX,fz0_0p01,calm,4551,17,False,False,0.014331925183343192,8.6133024520446373,16.168267453168106,-0.022778071392762691,0.014827336678418726,0.12793651971195916,chronos/naive,7.7302560294562399,False,0.19724513190350801,1.5865184666074301,16.169606412720949,0.00053069024478634029,0.012392865141466132,0.13358962998192811
DAX,fz0_0p025,calm,4551,17,False,False,0.055222297244898688,8.7648068437007325,16.376031940479283,-0.01155364718831502,0.018661110900696852,0.11728763477725287,chronos/naive,7.2822353820090937,False,1.8406393442379367,3.0045903342209064,16.941535836772935,0.015583056339119506,0.030777903885938346,0.13903982864966088
DAX,fz0_0p05,calm,4551,19,False,False,0.053857964760214351,7.9781233574556776,18.410641607953973,-0.0087279776211806395,0.037934921241266781,0.10021639608348412,chronos/naive,6.54085352900728,False,2.9795548697356642,3.9896179478799469,19.978701910202069,0.03319022633394101,0.051849298469480644,0.14846865011403299
DAX,fz0_avg,calm,4551,17,False,False,0.25435835405126511,9.2947455850209124,16.371231965367514,-0.01520627321088798,0.020613875312313852,0.12481700385569185,chronos/naive,7.6000194106991339,False,1.6981048185598913,2.58649466895845,16.8082720487022,0.01375965975215813,0.026140309034522403,0.13971251658725883
DAX,qlike_ex_near_zero,calm,4551,69,False,False,2.7519545571936526,23.537789278086432,68.916306884421957,-0.037017940831114683,0.087591258782999393,0.2842870830717586,naive/patchtst,13.771781817582092,False,0.84252532851866202,15.117658309350173,24.406738540511494,0.0047242137745353513,0.017247407083411725,0.1139826711907755
DAX,crps,gfc_wide,506,37,False,False,0.1184218684094285,2.6237186771958099,36.222044978822204,-0.1990544490586284,-0.035669233662623284,0.078511073361984637,moirai/naive,2.6659052677983914,False,39.54672454049711,40.183268795503416,40.324859589592506,0.14280983481513779,0.15577815740370676,0.18481944676850515
DAX,log_score,gfc_wide,506,35,False,False,0.1319923913890364,3.2700388262036304,34.82503595200297,-0.13225509469854549,-0.0035049967056693162,0.18427740002611279,naive/timesfm,4.7982700007769221,False,11.540523736892887,20.154836021652848,39.762020232831226,0.068824563650846993,0.084133609514445845,0.1796520284956501
DAX,pinball_0p01,gfc_wide,506,35,False,False,0.49151035288902173,1.5692995286843219,34.766958779856765,-0.052559849921603126,-0.023677886330953808,0.067375659786100953,naive/patchtst,2.4048421908746129,False,0.21069962224595157,0.50217271979955136,22.780228624218502,-0.024164219236714364,-0.0053921799142600448,0.020072947395576086
DAX,pinball_0p025,gfc_wide,506,37,False,False,0.081986299857501194,2.2169169277383558,36.446927327699754,-0.082912944320940402,-0.040984537912286387,0.053409413701786271,naive/timesfm,2.0574985853903311,False,0.030744284046776371,0.95714643886219297,31.909113724050272,-0.031455740345848651,0.00091129911573322483,0.02248759074546686
DAX,pinball_0p05,gfc_wide,506,32,False,False,0.32286005248834126,3.1247990695752268,31.01730213238223,-0.1116669250646796,-0.055989141582095642,0.082359035990406407,naive/timesfm,2.7534593273328061,False,10.730806107711091,16.924039198588201,33.277381487251596,-0.0056734481861368969,0.017845695778085952,0.0542544429650249
DAX,pinball_avg,gfc_wide,506,37,False,False,0.16489642683300998,2.6221858739531347,36.663541944875291,-0.075218259563056014,-0.046098349744423894,0.066566645376496578,naive/timesfm,2.3853795639406101,False,0.25814185011129659,9.0697397111468447,31.949841346783028,-0.022050104698254944,0.003950456209372317,0.030566137050855268
DAX,qlike,gfc_wide,506,68,False,False,0.062799346815217899,11.685590980718041,68,-0.059195612678170237,0.12890333527250919,0.55418267090195994,har/patchtst,12.476608414624753,False,2.1578510452869799,3.1104820830110058,32.619648302977645,0.041192390920494433,0.089485238586998611,0.44432733606182401
DAX,fz0_0p01,gfc_wide,506,31,False,False,0.40076081557349968,1.2548134637410846,30.796287349993584,-0.039679342190956847,-0.015152220488435356,0.032867758964228465,naive/patchtst,1.486826397100439,False,0.11879440460715482,0.51431668197042635,16.48421373918179,-0.020363653519412692,-0.0065606379678715037,0.0062058875747235467
DAX,fz0_0p025,gfc_wide,506,32,False,False,0.40059405838636658,1.6707929765230365,31.902275616895821,-0.053151252515068893,-0.028815539113548061,0.028610738900709302,naive/timesfm,1.3552634843717224,False,0.035192073476662956,0.6991561339807516,22.263938231707431,-0.031957456985623252,-0.0091215551038470125,0.0070910717053239607
DAX,fz0_0p05,gfc_wide,506,32,False,False,0.26535712271675893,2.3413251219927078,31.93486292004458,-0.079863996755989389,-0.036697150708329004,0.052945211614552672,naive/timesfm,2.0454920500941993,False,0.21406048892127869,8.3336704958667749,22.782719600365152,-0.021494645265490425,-0.0075706165810500948,0.017019268219333673
DAX,fz0_avg,gfc_wide,506,32,False,False,0.49083948177154108,1.593364302205158,31.338639312976653,-0.054857360380292833,-0.02424321192342288,0.03544317368914545,naive/patchtst,1.563698185603773,False,0.091490098336585876,0.63294782241056857,21.844114013754403,-0.023792848879684528,-0.0089417211068215426,0.0076601607460616518
DAX,qlike_ex_near_zero,gfc_wide,506,68,False,False,0.062799346815217899,11.685590980718041,68,-0.059195612678170237,0.12890333527250919,0.55418267090195994,har/patchtst,12.476608414624753,False,2.1578510452869799,3.1104820830110058,32.619648302977645,0.041192390920494433,0.089485238586998611,0.44432733606182401
DIA,crps,gfc,146,21,False,False,0.014802124870752175,2.6106965815094929,20.104710475924332,-0.25730248959903157,0.018243847447834548,0.37409102732601535,naive/patchtst,5.4929010513001257,False,14.502890467118373,19.033216265588916,19.202505086690884,0.048769735921783228,0.0726199116386924,0.11253732537110187
DIA,log_score,gfc,146,14,False,False,0.036722383073674141,5.8920925605496901,13.829046777908836,-0.14921965178075877,-0.028547515268928937,0.36847115257265473,garch11/garch11_t,5.4202311001411712,False,0.036276681120023788,1.6966882802652077,8.369739329359021,-0.0649683564966234,-0.030600482388773945,0.03847839230432077
DIA,pinball_0p01,gfc,146,19,False,False,0.44053962221551479,0.8520143321323701,18.817056873654856,-0.048420157005322199,-0.02262311641309489,0.93615543168776816,ewma/garch11_t,36.899789944491189,True,0.092726910425191114,0.55678572873480658,6.5488313114012495,-0.030898884189700659,-0.00095220130300636301,0.082816460817173254
DIA,pinball_0p025,gfc,146,15,False,False,0.1913075937952369,1.1344961956139465,14.082982158756575,-0.083995941418979633,-0.023473091035992207,0.16704876910638525,naive/patchtst,2.9574982922113509,False,0.096819381754669753,0.89187390699970437,7.2484625772873867,-0.053378599612987,0.0010199442043373975,0.074098360188863344
DIA,pinball_0p05,gfc,146,19,False,False,0.079012772982628543,1.4387723551771874,18.496867641720002,-0.13762162993925053,-0.023172976361884996,0.17026862602919748,naive/patchtst,2.9976142202799778,False,0.096325686376481645,0.92945201347256001,1.6339699453985206,-0.055588541651633634,-0.0053461610087846313,0.082165720536630613
DIA,pinball_avg,gfc,146,15,False,False,0.11844263738820643,1.2412222507407096,14.06176083482346,-0.0963055062688353,-0.030543624976949221,0.15869338354550555,naive/patchtst,2.8527170275290694,False,0.11704737084022067,0.94144081865262497,7.318906854103794,-0.044392353929662724,-0.0094822675499313617,0.083589435787767674
DIA,qlike,gfc,146,20,False,False,0.098948308909524205,8.2495219548911578,19.459914282629736,-0.069634113282884338,0.28545471412166434,0.56595869565199652,ewma/garch11_t,8.4687039617892363,False,1.724302047118303,9.5965170517579601,18.448067434180391,-0.075037951879212444,-0.0032840705047476352,0.35880583870874538
DIA,fz0_0p01,gfc,146,20,False,False,0.41731822894971271,0.95831748707874587,19.100110620864314,-0.050665803729063263,-0.021999617233688137,0.93301780136022039,ewma/garch11_t,35.69695351909148,True,0.76874052463428,0.9783236082251866,7.6155136643483017,-0.05135905164593127,-0.030687656219534787,0.030321942747049579
DIA,fz0_0p025,gfc,146,17,False,False,0.32833137692047581,1.2118323944264682,16.160555805151645,-0.075847428155188287,-0.02546292699160738,0.13936532808796517,naive/patchtst,2.6058533506891592,False,0.60520668408013867,1.372377566155351,8.8410182864743359,-0.090074133199099959,-0.048996826880135042,0.042519912779201675
DIA,fz0_0p05,gfc,146,15,False,False,0.054687777359674124,1.4290917265800349,14.626602095767735,-0.1244930688232294,-0.033769427121613432,0.16425113803310074,naive/patchtst,2.9225277949716442,False,0.91358030390145062,1.7521946192524367,9.5575993523496905,-0.13370236686512993,-0.064682594900555737,0.050093702884590759
DIA,fz0_avg,gfc,146,15,False,False,0.218870554083229,1.2198626371204675,14.450108436261079,-0.070746997595192748,-0.028418962634128232,0.12018939017339839,naive/patchtst,2.3530167743819472,False,0.16441912466686232,1.3100328586494869,8.529600256682965,-0.085020279084237357,-0.041547262309855504,0.03736845790266341
DIA,qlike_ex_near_zero,gfc,146,20,False,False,0.098948308909524205,8.2495219548911578,19.459914282629736,-0.069634113282884338,0.28545471412166434,0.56595869565199652,ewma/garch11_t,8.4687039617892363,False,1.724302047118303,9.5965170517579601,18.448067434180391,-0.075037951879212444,-0.0032840705047476352,0.35880583870874538
DIA,crps,covid,62,12,False,False,0.61409638910036046,4.5479724844401783,11.611699760923985,-0.44746486089162552,0.14432961367568684,0.50162818592383263,moirai/naive,5.5083941880467737,False,6.6644589181277301,8.20404886470868,10.424736229955007,0.35558118016279722,0.41733210738908416,0.44709408686587149
DIA,log_score,covid,62,9,False,False,0.13978114271755918,2.2450716815851814,8.9248976262999129,-0.39594416837076218,0.031012818724343381,0.44497005110731258,naive/patchtst,4.8560668701317686,False,1.3540848515099846,7.1953969327762159,8.0157000634395796,0.097650543238867335,0.23519778605527192,0.40692841683908593
DIA,pinball_0p01,covid,62,21,False,True,0.2260435971070853,3.5870002671215673,21,-0.12425761875714961,-0.034574012811744347,0.10601878138725403,naive/patchtst,1.6232132812385964,False,0.83287399548112595,3.3103510799054749,6.6295961114451538,-0.079296989924318259,-0.042818871793842195,0.018988498174044525
DIA,pinball_0p025,covid,62,11,False,False,0.2659075067340847,3.9626983425409019,10.625398528654797,-0.23535471841446523,-0.058188169864435084,0.13607308567505999,autoarima/autoets,1.9265204287602573,False,0.35620168081876441,5.3159296952374921,6.7138735015481528,-0.029754605480037548,0.00091593871211416618,0.038053462178310522
DIA,pinball_0p05,covid,62,12,False,False,0.032929633611335205,4.2386800771698683,11.001754825146525,-0.23602804229255045,-0.099932813913370333,0.36642429532784782,autoarima/autoets,4.054286424147052,False,0.89002495938780857,6.1442160921509519,6.8047458807413896,0.022993501260227207,0.055895842277386268,0.17466321435136734
DIA,pinball_avg,covid,62,11,False,False,0.047584029810493977,3.8107961292293338,10.662231796919858,-0.23843972029267221,-0.064299304475064961,0.14578011367142263,autoarima/autoets,2.0208427984870432,False,0.29322776907969039,5.5853496528524884,6.7200434270411504,-0.016227801321005653,0.017309565141622591,0.06570206472897068
DIA,qlike,covid,62,8,False,False,0.070060959942262066,2.0384751082255015,7.9405694899138179,-0.12179509785513756,0.16727248103682779,0.5638422532316979,lgbm/naive,6.3347337989377932,False,0.99314841265982601,1.5242932600631247,6.5938753342909369,-0.11813434372434674,-0.063304433481077851,0.52002266734000369
DIA,fz0_0p01,covid,62,21,False,True,0.080602247803895993,3.3789178136000122,21,-0.10392809740488075,-0.020244534635225402,0.12206550624847104,ewma/timesfm,1.7875412316948889,False,0.32425659000546664,1.0201468408232301,6.6538656565089092,-0.062242044134549299,-0.036743906025125152,0.037080608219742892
DIA,fz0_0p025,covid,62,21,False,True,0.2109289321325796,3.3717355934906506,21,-0.28055891111822501,-0.031055024922139216,0.16738794530578793,ewma/har,2.2261708911531377,False,0.60312514381035542,1.3499860826179675,6.723676871702688,-0.06295572361307733,-0.017319666694133554,0.099492325304479073
DIA,fz0_0p05,covid,62,21,False,True,0.19157456947706158,3.9246629071458523,21,-0.30067991935959182,-0.049763619641322088,0.14593391144456758,ewma/har,2.0223256740859221,False,0.56612266018329982,3.5979744807711489,6.7852415961845169,-0.043510467798926401,0.040705560204493577,0.14854251585736594
DIA,fz0_avg,covid,62,21,False,True,0.17852811698726309,3.5147934119207971,21,-0.17164403487936464,-0.029211601931697022,0.14204756377232455,ewma/har,1.9847473803134552,False,0.37373138576600357,1.105997784866724,6.6970585414691977,-0.054223842369291661,-0.022045348533609652,0.057476746752516246
DIA,qlike_ex_near_zero,covid,62,8,False,False,0.070060959942262066,2.0384751082255015,7.9405694899138179,-0.12179509785513756,0.16727248103682779,0.5638422532316979,lgbm/naive,6.3347337989377932,False,0.99314841265982601,1.5242932600631247,6.5938753342909369,-0.11813434372434674,-0.063304433481077851,0.52002266734000369
DIA,crps,tightening_2022,209,11,False,False,0.28221230144540682,2.1590275205955494,10.840245884177223,-0.22493667277513524,-0.074605663660908927,0.16554886627162888,chronos/ewma,3.3120411392003901,False,0.27108270537190132,0.91224198692878444,1.3885274873680022,-0.042295853801694698,-0.023450614484179816,-0.0039541737078131276
DIA,log_score,tightening_2022,209,14,False,False,0.10446952096107087,1.8085367297083645,13.565026831044642,-0.20274671639789188,-0.020416284114773857,0.11649752614507045,naive/patchtst,2.5957724825420341,False,0.15247560273063168,0.72673679913218314,1.5763579784553028,-0.028175448505676826,-0.016011201564235088,0.062923501474644331
DIA,pinball_0p01,tightening_2022,209,6,False,False,0.0096622921027347906,0.73374662585974182,5.6846381475346801,-0.035478626583325165,0.011879334525365083,0.36169303629935695,ewma/patchtst,6.0106311501603145,True,0.1264966366159202,0.50513464269753827,5.0425107144625949,-0.015039225721423579,-0.0092843118413761267,0.24512490913554094
DIA,pinball_0p025,tightening_2022,209,10,False,False,0.094583155161306526,1.5547223450267706,9.0457606277092157,-0.046165798514091368,0.05516654343892613,0.3562234398371803,ewma/patchtst,5.9320286078371387,False,0.056772858693695666,0.4291319956108855,2.8844686549627698,-0.018213815437085723,-0.00079665803715086138,0.19125831888359945
DIA,pinball_0p05,tightening_2022,209,13,False,False,0.023198733321625479,1.4131796171518338,12.350101662801226,-0.07317661098136978,0.029624197999108433,0.29813477303367147,chronos/ewma,5.1206519860464601,False,0.04618897860242354,0.74669199567762234,2.5137986106929175,-0.0017856687775160108,0.018909728078059549,0.14524517574513524
DIA,pinball_avg,tightening_2022,209,11,False,False,0.021052305958885513,1.3678482452007086,10.403730174338593,-0.038505438926456914,0.047399303693932721,0.34146634831931361,ewma/patchtst,5.722150578874019,False,0.023664138170993856,0.43190834197484207,2.8800766987580477,-0.015069994208360311,-0.00047242723666335182,0.19065516290315793
DIA,qlike,tightening_2022,209,12,False,False,0.47868616167076639,5.2967673482394559,11.287579081177643,-0.18490238154903604,0.23986385194007873,0.59042836447177249,patchtst/timesfm,10.099843963401488,False,0.066474972259488604,1.4042885052723963,9.0128802465790994,-0.042955992507503669,0.016930097634962091,0.49880180327341395
DIA,fz0_0p01,tightening_2022,209,9,False,False,0.03730774118572424,0.65669021359668323,8.3743022729155783,-0.031779454149887185,0.00032606723204555875,0.39949626096816621,ewma/patchtst,6.5682451308502845,False,0.091143124979820633,0.64285078862896039,5.6139741433006165,-0.019403845610892353,-0.013959217100215675,0.33526579564464359
DIA,fz0_0p025,tightening_2022,209,18,False,False,0.11412922376943785,1.2400625028853991,17.988076989166302,-0.040576942361456945,0.040013031848100053,0.38507883079601118,ewma/patchtst,6.3523777787552707,False,0.12709591962513059,0.71813640674278589,5.5021775657370968,-0.028413505761941852,-0.014513086711810263,0.28475506603028317
DIA,fz0_0p05,tightening_2022,209,9,False,False,0.086063842454280753,1.3199134376435133,8.1738888489921688,-0.057877065392117198,0.037071988468856884,0.32848434953362915,ewma/patchtst,5.5398828340234312,False,0.120139786689064,0.67418710725127451,5.2290823185824911,-0.030752687090783659,-0.0061324832052228606,0.23506455416417774
DIA,fz0_avg,tightening_2022,209,11,False,False,0.073951938616225676,0.99295462200196782,10.219402978944359,-0.031956219452959275,0.020743981536288321,0.39338613493491448,ewma/patchtst,6.4762360025652432,False,0.06562576290405174,0.77267291886775225,5.5442622716059216,-0.025997653685774974,-0.01845087881298212,0.30634190270604639
DIA,qlike_ex_near_zero,tightening_2022,209,12,False,False,0.47868616167076639,5.2967673482394559,11.287579081177643,-0.18490238154903604,0.23986385194007873,0.59042836447177249,patchtst/timesfm,10.099843963401488,False,0.066474972259488604,1.4042885052723963,9.0128802465790994,-0.042955992507503669,0.016930097634962091,0.49880180327341395
DIA,crps,spike_2024_08,22,8,False,True,0.017377148598827309,1.2409079110931152,8,-0.32448641813174162,-0.040643961929853922,0.60469836347545158,gjr/naive,4.931766329459613,False,1.3736364979977036,1.4622187533072313,1.5441929997652708,0.19468885691037413,0.22232936311686496,0.25079317636414522
DIA,log_score,spike_2024_08,22,8,False,True,0.077504607613888443,1.5483360617350512,8,-0.34601488056415503,0.035873659487316419,0.49092752309030435,garch11_t/naive,3.80813320561511,False,1.3498481852735307,1.6692564117545849,3.6693532349213007,0.16353531287145279,0.25242778836855079,0.32837240963219799
DIA,pinball_0p01,spike_2024_08,22,8,False,True,0.17650313936004175,0.99659806882783353,8,-0.17446603224321217,-0.072054439524199682,0.72661822085453109,garch11_t/gjr,6.7881522797561074,False,0.52682132154625283,0.90381909809854677,6.5673263276684022,-0.091912540241298774,-0.057343850218626438,0.086898339006087455
DIA,pinball_0p025,spike_2024_08,22,8,False,True,0.33656140069739604,1.4197535796899967,8,-0.2498666738394921,-0.03102350609490629,0.6425867649502115,ewma/naive,5.407707525706325,False,0.64483155237309286,1.982095173604002,4.5097274068704856,-0.095690767319343992,-0.045939947099100223,0.0594066449005234
DIA,pinball_0p05,spike_2024_08,22,8,False,True,0.25017834339591971,1.9928350351691471,8,-0.24385929392389305,0.34823876474884119,0.69626802830247048,gjr/naive,6.223752142108788,False,0.3602083187279303,1.3626636711809452,2.8600424336275112,-0.14629377626303286,-0.0047919290473889707,0.19146917810648201
DIA,pinball_avg,spike_2024_08,22,8,False,True,0.10492139474239931,1.4563539737491094,8,-0.25373769009335045,0.097166291474333408,0.58244063115650646,gjr/naive,4.6808922877495274,False,0.48645425193058123,1.4837256655912858,2.9642038332761178,-0.11965925544473591,-0.012291780679941661,0.075219817461692248
DIA,qlike,spike_2024_08,22,8,False,True,0.11017922551863948,1.5602621460097423,8,-0.09550956125172004,0.26615107007469219,0.50093087748067877,autoarima/har,3.8936978749135753,False,0.091747724816505144,0.67491619239207812,1.2932171627164271,-0.051067274665686821,0.0063678065010789216,0.17204847073099103
DIA,fz0_0p01,spike_2024_08,22,8,False,True,0.088839111547015265,0.96485184725463902,8,-0.20543966864791055,-0.069111865205621764,0.23609016403693109,autoarima/patchtst,2.0207615571607356,False,0.14594366462629532,0.75490599681973258,4.1408663126968106,-0.052494474626815682,-0.027867630485284688,0.78262858127217694
DIA,fz0_0p025,spike_2024_08,22,8,False,True,0.43651366492088112,1.2824080813592116,8,-0.24137314980774402,0.01139426021318202,0.56592907450260099,autoets/patchtst,4.5062034034290974,False,0.029310132836702869,0.72917688087624777,1.2014285182915216,-0.05371253391860021,0.0083514326680662297,0.14871015727741604
DIA,fz0_0p05,spike_2024_08,22,8,False,True,0.12330511014068833,1.8516475501661231,8,-0.27732322671723753,0.27935712271477653,0.66934287741653486,gjr/naive,5.7899496564976465,False,0.23585377136670529,1.042246380946718,2.3567663303714412,-0.059358158739852902,0.10083750062152111,0.25300597589142249
DIA,fz0_avg,spike_2024_08,22,8,False,True,0.055050679736995428,0.87835714183251112,8,-0.21901056979560388,0.016546361469341603,0.78659632491648657,ewma/naive,8,False,0.11808012698788442,0.51958313705549253,1.4432246162887361,-0.051895091589325294,0.015849684526897924,0.21614478060273759
DIA,qlike_ex_near_zero,spike_2024_08,22,8,False,True,0.11017922551863948,1.5602621460097423,8,-0.09550956125172004,0.26615107007469219,0.50093087748067877,autoarima/har,3.8936978749135753,False,0.091747724816505144,0.67491619239207812,1.2932171627164271,-0.051067274665686821,0.0063678065010789216,0.17204847073099103
DIA,crps,calm,4465,150,False,False,0.16360246626777131,16.794273538888298,149.69881569100718,-0.077288743535847027,0.041598288079250478,0.25308920944490376,garch11/naive,12.512367976651827,False,131.5179552473007,132.17234313459741,136.01321154967974,0.19555916162335588,0.21170799166562834,0.25562114428893906
DIA,log_score,calm,4465,50,False,False,0.13327778004445054,16.753804474350574,49.460751974153673,-0.098533129964941388,0.038692661224166106,0.19346928061067728,garch11_t/patchtst,10.267013743923703,False,57.645254398446724,100.04820571549246,137.20172734992889,0.11720952591601562,0.15421686144313984,0.23115781215089828
DIA,pinball_0p01,calm,4465,42,False,False,0.2484469504295978,11.874069080021194,41.73975874104557,-0.045307917596750256,0.011132747788364625,0.089350317447391678,autoets/har,6.0123238821170073,False,7.4171926757459934,15.441788706283802,34.444966740489178,0.094652480765575198,0.13200970303036108,0.18170758747817414
DIA,pinball_0p025,calm,4465,46,False,False,0.19713631268179982,8.0470722070221772,45.687613842517699,-0.046140824961988611,-0.0059073242566707596,0.051554285168920355,chronos/moirai,4.1521334186823671,False,10.755960212278634,21.730572835465569,42.976740391455053,0.10563206967494637,0.13663352574108176,0.17844067414053516
DIA,pinball_0p05,calm,4465,54,False,False,0.06496698590471392,5.3581689005782653,53.426513903214669,-0.052165653605827506,-0.0098634081391641044,0.052456490097477847,naive/patchtst,4.2006985362402176,False,26.376495099446938,46.579034338560021,50.4975485226771,0.11514001035695129,0.14514654083547446,0.18662693030472363
DIA,pinball_avg,calm,4465,45,False,False,0.1238411751854722,10.373364867483602,44.235414331594612,-0.054928993879747812,-0.0067140917155915367,0.055328546898337605,ewma/garch11_t,4.3535622867637924,False,19.563983833396076,23.496268011523078,43.84041793472278,0.10693243997125189,0.14151277064663509,0.18366158308492256
DIA,qlike,calm,4465,46,False,False,1.1136718393304401,21.720179589613597,45.324059637227521,0.0072850333680669708,0.070186253359444561,0.41067417962161618,chronos/naive,18.698253593255945,False,0.73616925466469851,8.3715509910450354,29.446843855296542,0.0038890639554790278,0.02746076453981636,0.26649280558207872
DIA,fz0_0p01,calm,4465,42,False,False,0.66127340771988385,7.4694592186886375,41.972493892841193,-0.090985374924025003,0.035481929506108977,0.11883475519054798,autoets/lgbm,7.3013698777636016,False,3.2819443643509869,7.0875923919722021,24.200311674441618,0.039171226326450877,0.094702585177079759,0.19125775247120572
DIA,fz0_0p025,calm,4465,45,False,False,0.27839426068205025,8.4416780884248368,44.5028731247548,-0.083527784731580915,0.020864574364033862,0.097920265984686547,autoets/lgbm,6.3977727388299828,False,3.8910224393673447,8.750456793621888,39.238539381309408,0.051746217084563888,0.098930504914325867,0.17835635000281744
DIA,fz0_0p05,calm,4465,44,False,False,0.62315466394128327,7.4953398514357739,43.027741592678183,-0.078738715155501182,0.011770970738392008,0.082001888309128468,autoets/lgbm,5.6731848658477837,False,10.339419993043606,21.588406855221312,45.06648400976394,0.068383565169262125,0.10039350886027561,0.16349643269199998
DIA,fz0_avg,calm,4465,44,False,False,0.03011186133685537,7.0961347367011856,43.909148804435297,-0.091354078251221715,0.025584825558296075,0.10997978030588694,autoets/lgbm,6.9245173729940355,False,3.7089626124632042,8.343267215894004,36.726231154532705,0.047814044857231966,0.099025601091778603,0.18405216428054352
DIA,qlike_ex_near_zero,calm,4465,46,False,False,1.1136718393304401,21.720179589613597,45.324059637227521,0.0072850333680669708,0.070186253359444561,0.41067417962161618,chronos/naive,18.698253593255945,False,0.73616925466469851,8.3715509910450354,29.446843855296542,0.0038890639554790278,0.02746076453981636,0.26649280558207872
DIA,crps,gfc_wide,504,40,False,False,0.95102141035914933,14.090145022806198,39.449827464594328,-0.17818350786350301,0.038293161621845997,0.37173079976952816,naive/patchtst,8.2553695625428816,False,40.660254507929359,41.013275533628239,41.134703867884916,0.23405925147275769,0.24785254531271678,0.28668205539657704
DIA,log_score,gfc_wide,504,38,False,False,0.15039733714556619,3.1292897634422188,37.248819826071433,-0.11455535863239094,-0.018169475190248651,0.08771186394397408,garch11/garch11_t,2.8694735595761807,False,32.395145435953204,40.529375639612738,41.238182681698355,0.074386849849019873,0.10219275062849839,0.17922674373747169
DIA,pinball_0p01,gfc_wide,504,40,False,False,0.39759002080250094,1.2517599415878973,39.265688320304569,-0.032776004633843628,-0.016615743882921113,0.14889224501487222,naive/patchtst,4.1235008085300473,False,0.58092239224497055,1.638812901848584,37.597892851732155,0.0017425502043855996,0.029636582670849565,0.10343680355410771
DIA,pinball_0p025,gfc_wide,504,40,False,False,0.1024586256109818,2.0681664147869476,39.653220288204963,-0.069518273045321058,-0.02082501586923742,0.19893388269847706,naive/patchtst,5.0624106437566336,False,1.1407533077193188,2.5708513374451214,39.022815357436897,0.0075170784975644818,0.060297592713971053,0.1283240988295225
DIA,pinball_0p05,gfc_wide,504,39,False,False,0.73857189367958265,7.3507777247051109,38.852988414769044,-0.11740220520875341,-0.019925390191649538,0.19368896896638257,naive/patchtst,4.9659384519915148,False,2.0272370700062967,15.834048111550507,40.17344062180053,0.019961185254466808,0.097550484410395627,0.14993389810002072
DIA,pinball_avg,gfc_wide,504,40,False,False,0.020529882930615494,2.1992125632323098,39.593465010301792,-0.075605285144166895,-0.024462655883534593,0.19240708598638351,naive/patchtst,4.9423094994880827,False,1.387842310478558,3.3152940456244337,38.940489018459694,0.010439205887219876,0.06664160160099146,0.14065135969384551
DIA,qlike,gfc_wide,504,38,False,False,0.37207042774854954,13.491298144997083,37.832267018967016,-0.032262207594580726,0.27485084709133645,0.4720167307143458,naive/patchtst,10.37075208878945,False,0.48786787539333681,1.1738604636247811,36.390876141531656,-0.023046059298784879,0.0078873428666325195,0.36629146178169791
DIA,fz0_0p01,gfc_wide,504,38,False,False,0.028308384256614718,1.117070002309039,37.658317190736142,-0.031471448189847172,-0.010909805740435832,0.12516039961246908,naive/patchtst,3.6565931518103776,False,0.12993343294866466,0.77920569638223769,34.824341337540929,-0.01796159476861834,-0.0065280916948490504,0.061928141384671592
DIA,fz0_0p025,gfc_wide,504,39,False,False,0.04529279439605411,1.4084017624035015,38.658479300727578,-0.056669205827291756,-0.018483455676493732,0.15571097169345721,naive/patchtst,4.2544799793679289,False,0.28595650736147649,0.79912008085224251,37.355434531573756,-0.026986531569513385,-0.0045076606061558652,0.072553018257664914
DIA,fz0_0p05,gfc_wide,504,39,False,False,0.0945121118961572,1.7570742074343846,38.814862147931571,-0.0848103317561925,-0.021152404676253737,0.16456144348341489,naive/patchtst,4.4227735784536479,False,0.3572998503315517,1.1030007800864385,37.704103797582768,-0.031586461579168126,-0.00594946209730464,0.075745061595480875
DIA,fz0_avg,gfc_wide,504,39,False,False,0.12894808748964529,1.4605089577334698,38.326345536519696,-0.050902528768004801,-0.015331779182804213,0.14402765048982061,naive/patchtst,4.0292759192603853,False,0.074311866776661892,0.67745975088899379,36.921055533123671,-0.025006463347479899,-0.0026129102290735839,0.068731527553528127
DIA,qlike_ex_near_zero,gfc_wide,504,38,False,False,0.37207042774854954,13.491298144997083,37.832267018967016,-0.032262207594580726,0.27485084709133645,0.4720167307143458,naive/patchtst,10.37075208878945,False,0.48786787539333681,1.1738604636247811,36.390876141531656,-0.023046059298784879,0.0078873428666325195,0.36629146178169791
ETH-USD,crps,covid,90,29,False,True,0.41565747189601371,2.351887412194253,29,-0.50232719325693598,-0.065643399689415127,0.28868898929312786,lgbm/patchtst,3.769464293569921,False,1.6933917696090228,1.8013878985709533,2.1308849359511446,0.11702280322065306,0.13138211644607908,0.18279450250964627
ETH-USD,log_score,covid,90,9,False,False,0.19287181739526724,1.3891786722535491,8.6476105879473373,-0.33657888925489421,-0.020212729883614722,0.29945192440639035,garch11/naive,3.880466020397134,False,0.060612616553464164,0.2440265399998735,1.527553741982892,-0.005134239402667373,0.0039795380110920764,0.097008123555875195
ETH-USD,pinball_0p01,covid,90,29,False,True,0.119054563880671,1.2254151118204559,29,-0.07061828303075722,0.0012120170427958358,0.68027204503544325,garch11/gjr,9.5311695445382778,False,0.17114304358764473,0.32895666560692916,0.46668184435645366,-0.013352990290469316,-0.0079894261804709602,0.0030654659586505004
ETH-USD,pinball_0p025,covid,90,15,False,False,0.22179604694867483,2.1234622744501648,14.911792033916749,-0.12332874370622132,0.07967194471031494,0.71662893632082014,garch11/gjr,10.543210090062367,False,0.033148079437647547,0.15199190496457857,0.44878133573439766,-0.012611325336197033,0.00044598936975746769,0.012267162012107667
ETH-USD,pinball_0p05,covid,90,18,False,False,0.36225292415749832,2.4619007395049204,17.710881426387786,-0.18701484915298799,0.10415229616499129,0.79549021439743051,ewma/garch11_t,13.633992697445942,False,0.14913826767073313,0.41500805281404413,0.65165642427679882,-0.0097926838769298152,0.011776000557466883,0.023711169425100272
ETH-USD,pinball_avg,covid,90,15,False,False,0.18868618586662242,2.171620585423113,14.811076849040834,-0.15365532162724674,0.034556842117886524,0.72666167891203548,garch11/gjr,10.857943477153071,False,0.025893853831425534,0.19307689852261306,0.4593544537101204,-0.011854011249205937,0.0015523337674535715,0.013766410646171833
ETH-USD,qlike,covid,90,29,False,True,0.18673275381419982,2.7291740655542007,29,-0.47043207092710837,0.13140842493067678,0.45428328190742262,lgbm/naive,5.6139892435951468,False,0.32414377575126979,2.5552886561557067,7.2083339812738414,-0.007817463210162006,0.29633732694501896,0.43292509317977329
ETH-USD,fz0_0p01,covid,90,29,False,True,0.052256223865386316,0.58357763921808914,29,-0.033148217948504123,-0.014795387350132026,0.12332883571656275,autoets/lgbm,2.0383492045215408,False,0.1814695335710694,0.47324798062768014,0.53928402046965429,-0.016480612057642546,-0.013628082724975621,-0.0033046751326154195
ETH-USD,fz0_0p025,covid,90,29,False,True,0.063876638959031881,0.85784122314156375,29,-0.06273863382789592,-0.013987142542247272,0.34190404416306763,garch11/gjr,4.3257387735616852,False,0.015750484789853511,0.41770987781792779,5.3264769124403193,-0.02048590418313654,-0.011353762183709723,8.5078123054675296e-05
ETH-USD,fz0_0p05,covid,90,15,False,False,0.14218890588707203,1.2771112723616962,14.72096552750239,-0.10442018898777682,-0.022595204870580012,0.47820910010627582,garch11/gjr,5.9209068592283396,False,0.18906803283952842,0.59885863470047163,6.3224931238190578,-0.025470245911568698,-0.0088676285403390068,0.0035629856563384904
ETH-USD,fz0_avg,covid,90,29,False,True,0.061470155179133262,0.76066204694977135,29,-0.05225685066752022,-0.018057342720035514,0.2820827807940211,garch11/gjr,3.7015931194890141,False,0.069678827831541515,0.44749231320798177,0.5932565384748536,-0.018919710196714883,-0.012558393350537704,-0.00079025531288637687
ETH-USD,qlike_ex_near_zero,covid,90,29,False,True,0.18673275381419982,2.7291740655542007,29,-0.47043207092710837,0.13140842493067678,0.45428328190742262,lgbm/naive,5.6139892435951468,False,0.32414377575126979,2.5552886561557067,7.2083339812738414,-0.007817463210162006,0.29633732694501896,0.43292509317977329
ETH-USD,crps,tightening_2022,304,25,False,False,0.037028830503772911,2.7024732712938944,24.7145997033439,-0.17013773272252544,0.0061313079236826624,0.23503467495995337,chronos/patchtst,4.8329871109617413,False,0.83230400539607408,1.4707075238880047,1.8437037052091287,0.018434635888776706,0.04556753878589162,0.06640163441516013
ETH-USD,log_score,tightening_2022,304,3,False,False,0.067074819008376793,1.3995771196805316,2.8658820112829315,-0.092567877309163132,-0.022828611249622498,0.1345955459846094,chronos/patchtst,3.2482935522457503,True,1.0284607157872885,1.4394013026828691,9.7111152280308684,0.0029198424561043446,0.04334861868461698,0.07489057907099389
ETH-USD,pinball_0p01,tightening_2022,304,8,False,False,0.27046624820692589,0.87455031008065554,7.6345525598522075,-0.043591558604392858,-0.017117219883163871,0.009627739566182316,autoets/har,1,False,0.71212427735626216,0.88195995209065581,6.8737468107895632,-0.030300136067677865,-0.018669565035426026,-0.01368573955969213
ETH-USD,pinball_0p025,tightening_2022,304,9,False,False,0.0046793502458511793,1.6882414491832041,8.4781338924216723,-0.065627650816969377,-0.030272544224773889,0.066370619685160656,autoarima/moirai,2.0088017235529478,False,0.7900156014450318,1.1194420830937142,5.9055742415418342,-0.0442190602182626,-0.026275206490696517,-0.015918053741158119
ETH-USD,pinball_0p05,tightening_2022,304,9,False,False,0.32773743808458478,1.7919636057403769,8.1330086558190775,-0.10833564966143922,-0.038929534557221354,0.14384517014131967,autoets/chronos,3.4014082833837076,False,1.1106075605520445,1.5074400148178122,4.8431908847783403,-0.064747869084801443,-0.039879459118846973,-0.025980909481802775
ETH-USD,pinball_avg,tightening_2022,304,9,False,False,0.14115057291241756,1.5635814122869269,8.5420577890537999,-0.076360571207667122,-0.034585268015850296,0.065557735717186233,autoets/chronos,1.9922229334474748,False,0.97638910086527619,1.3034996972218604,5.7677524519643901,-0.04981086417212216,-0.03257580589377241,-0.021613775124397265
ETH-USD,qlike,tightening_2022,304,13,False,False,0.14567247942383818,4.8426568831409575,12.307356383286468,-0.0012984480149073972,0.34992930359855623,0.54885908382587845,garch11/garch11_t,10.401582850595956,False,0.79848164693817592,2.3615129853185706,8.7303203457929044,-0.04335393528113686,0.1023682157409412,0.45934809935164789
ETH-USD,fz0_0p01,tightening_2022,304,7,False,False,0.12623695548309444,0.70761668920684562,6.9008159228172605,-0.041435196279346838,-0.013490334087120508,0.0035110252336002326,chronos/moirai,1,False,0.38232069896358795,0.62115432490443889,7.4408285667680643,-0.024419782361765729,-0.011205800650927617,-0.005474543967144664
ETH-USD,fz0_0p025,tightening_2022,304,9,False,False,0.1644262967910699,1.115274310901162,8.4569502924541382,-0.04898957020182939,-0.024056417079702921,0.030434041256810044,autoarima/moirai,1.191744044345679,False,0.25146031468661678,0.67281822528283342,7.1190364715107934,-0.037289436159766855,-0.012596583459274153,-0.002935180322756322
ETH-USD,fz0_0p05,tightening_2022,304,8,False,False,0.16684311179047545,1.4558399546520504,7.4466625706710525,-0.072259683411097245,-0.032227109118088598,0.092606646008946317,autoets/moirai,2.5153403654774036,False,0.35442037525440157,0.74697284922150975,7.012599336823893,-0.046919932245032436,-0.014672683169171167,-0.0048921014543636173
ETH-USD,fz0_avg,tightening_2022,304,7,False,False,0.076948553362163483,0.98194080898259983,6.7242952265446139,-0.052113537426902792,-0.021714128788281092,0.0029629522996696936,autoarima/autoets,1,False,0.35795854008962275,0.69889236123707865,7.298260439810587,-0.033189803273135476,-0.013316188070612045,-0.0049648112468875499
ETH-USD,qlike_ex_near_zero,tightening_2022,304,13,False,False,0.14567247942383818,4.8426568831409575,12.307356383286468,-0.0012984480149073972,0.34992930359855623,0.54885908382587845,garch11/garch11_t,10.401582850595956,False,0.79848164693817592,2.3615129853185706,8.7303203457929044,-0.04335393528113686,0.1023682157409412,0.45934809935164789
ETH-USD,crps,spike_2024_08,31,11,False,True,0.016725711517713023,1.3060993818542492,11,-0.42704943733673256,-0.023785950483393135,0.2473552825600438,autoarima/har,2.3460196688802442,False,0.93555158451759513,1.082417139064684,1.2276283683955065,0.076502641959683371,0.098906420010855603,0.12458488911598467
ETH-USD,log_score,spike_2024_08,31,11,False,True,0.082147046325791284,1.1867116310659382,11,-0.42610649285574997,-0.052348227062033549,0.23444569685958738,autoarima/har,2.253722794609303,False,0.54508849254078162,0.8373923551185396,5.3672961220918767,0.031358990780431084,0.057083639761940086,0.13068663903934322
ETH-USD,pinball_0p01,spike_2024_08,31,11,False,True,0.100711941286406,1.4462932457597468,11,-0.4145969509523138,-0.035680221259518072,0.31433719821719164,garch11/naive,2.8285025484078905,False,0.036556061967170962,1.0268062366960549,1.3654986781186205,-0.094812657535385217,-0.017034314263642554,0.151733435661389
ETH-USD,pinball_0p025,spike_2024_08,31,11,False,True,0.075244206491296484,1.5802619125773205,11,-0.44263955305214664,-0.026832567861263285,0.34746620111412169,autoets/naive,3.0739639088617166,False,0.70422213121091293,1.2967836116038634,1.5080783263754451,-0.089004482417419831,0.12826315755704279,0.18642400516445315
ETH-USD,pinball_0p05,spike_2024_08,31,11,False,True,0.14064128042911631,1.4729927932808655,11,-0.47630449428371663,-0.018858931881530656,0.33502792359121553,autoets/naive,2.9810034571172803,False,0.43900705266786161,1.2372182195692736,1.4562090491870765,0.022278337690741688,0.12641737902529904,0.17357925231559773
ETH-USD,pinball_avg,spike_2024_08,31,11,False,True,0.23866561642187689,1.472451861106876,11,-0.44439931883881933,-0.028946538949002606,0.33461745288449196,autoets/naive,2.9779534450516314,False,0.43721437955779752,1.2256785201165641,1.4223075018628615,-0.024822421991451179,0.12421447985252936,0.16555775201482412
ETH-USD,qlike,spike_2024_08,31,11,False,True,0.04292333754208244,1.0182295776800312,11,-0.2229234981880964,0.051749276789366402,0.44780140028969995,autoets/har,3.8787496617018999,False,0.12343423741330957,0.54709978670175219,1.0028507226108234,-0.064184560663698917,-0.0069041835908410336,0.05679223714912051
ETH-USD,fz0_0p01,spike_2024_08,31,11,False,True,0.065939813558189314,1.416814451580219,11,-0.4145981207436204,-0.043809583639462496,0.26442006641022481,autoets/naive,2.4680450695536269,False,0.3419379223056937,0.89609857939435711,1.4071322040166374,-0.07899228110229399,-0.031022227755140335,0.1620587116197196
ETH-USD,fz0_0p025,spike_2024_08,31,11,False,True,0.14480397843759069,1.5552066962698141,11,-0.42046306294239538,-0.02942142643037518,0.32033929937379346,autoets/naive,2.8724952753658415,False,0.32660365117026136,1.247605391305969,1.6029877176592648,-0.039018293470815479,0.12842249769836822,0.21187002786961046
ETH-USD,fz0_0p05,spike_2024_08,31,11,False,True,0.1235856767347424,1.390359964554122,11,-0.42292105224727977,-0.019132864245647183,0.30915839377323495,autoets/naive,2.7906876023122766,False,0.45810335507820099,1.2987407612768203,1.626438447871551,0.02381764719241785,0.13860934031017103,0.21857614882629103
ETH-USD,fz0_avg,spike_2024_08,31,11,False,True,0.089720796540869591,1.3903429205424271,11,-0.41866888543054132,-0.025915728495299484,0.29368821482443919,autoets/naive,2.6784154694252278,False,0.22126518567221864,1.1549862627091616,1.4881955898499102,-0.043940099764798138,0.11126804100155455,0.18141616117839193
ETH-USD,qlike_ex_near_zero,spike_2024_08,31,11,False,True,0.04292333754208244,1.0182295776800312,11,-0.2229234981880964,0.051749276789366402,0.44780140028969995,autoets/har,3.8787496617018999,False,0.12343423741330957,0.54709978670175219,1.0028507226108234,-0.064184560663698917,-0.0069041835908410336,0.05679223714912051
ETH-USD,crps,calm,2366,50,False,False,0.026822741281139775,3.1170482999029989,49.628427157416688,-0.086980586309628252,0.021996051538423558,0.145723919098139,naive/patchtst,6.801798170574969,False,71.438840652784407,72.416456078888203,96.788828833029513,0.15286386260619039,0.17109163018777723,0.18271756051843013
ETH-USD,log_score,calm,2366,19,False,False,0.025815345432010327,1.424954821406796,18.422876057775255,-0.015329834211161807,0.0046043314267314858,0.1178448358584261,lgbm/patchtst,5.8745963394596963,False,1.8608645479964272,8.5828724946739978,54.496373249751272,0.022253616498398493,0.060774293678527741,0.14751548236127474
ETH-USD,pinball_0p01,calm,2366,32,False,False,0.088636773698545404,2.2021087416330216,31.954073847194426,-0.090025189881686993,-0.0021063388031739884,0.0648209428400843,garch11/patchtst,3.9181824486445849,False,2.3691194729234275,3.3672163503804446,6.7499763301288045,0.032600880034879966,0.057860048438370726,0.095249048289019145
ETH-USD,pinball_0p025,calm,2366,23,False,False,0.23810884319991915,2.3552628288310338,22.89891855942534,-0.090256404350163563,0.0037945553197514135,0.10939767194958461,autoets/chronos,5.5831590430100722,False,3.6356403950653182,3.8950448535123834,7.1173555233454886,0.065843809459565042,0.074077481136786638,0.098447894953158754
ETH-USD,pinball_0p05,calm,2366,11,False,False,0.28430123832547199,2.4403193489933406,10.56994605739018,-0.098983556800933556,0.0053526620692872593,0.11515266217218678,ewma/garch11,5.7823299452688737,False,6.5547934620164483,7.6506987120056573,8.5621464755928223,0.079067039853336032,0.098911393803808548,0.11953652172659376
ETH-USD,pinball_avg,calm,2366,25,False,False,0.31713536158358957,2.5977579711249712,24.243562469370556,-0.098414407339123572,0.0035426722726437281,0.10455853189241286,autoets/chronos,5.4134943736580121,False,3.7621862534954977,5.8191630507410474,7.2272115182418712,0.069795322523178424,0.078535761884458974,0.10174951236161826
ETH-USD,qlike,calm,2366,36,False,False,0.43402923573446683,3.7613093324229547,35.915605511670542,-0.034442126230229776,0.069772102796180874,0.35737398364367884,ewma/patchtst,13.356686602572596,False,0.40015748607439822,1.2417640741133518,29.790167094358015,-0.0033418623431163983,0.011890011986952347,0.19935960622998006
ETH-USD,fz0_0p01,calm,2366,12,False,False,0.17813475291681519,1.8492010677345379,11.969877497334062,-0.078991306305718809,-0.00097290650882702061,0.06597911929679981,lgbm/patchtst,3.9651183176011968,False,1.1110789998253181,2.1597722945088127,7.0756144008971908,0.010026683520155562,0.028138899277878007,0.087036522794778373
ETH-USD,fz0_0p025,calm,2366,11,False,False,0.0067212430844298919,2.0062698335202565,10.886762027787467,-0.075649914285866024,0.0055007133591146572,0.075728564785449273,autoets/chronos,4.3507119043855447,False,2.2451059111947003,2.9070819247445332,7.3239541221230056,0.029923722005888866,0.045376309952602646,0.077314155461044268
ETH-USD,fz0_0p05,calm,2366,11,False,False,0.10022437945930207,1.9529651075230423,10.511459856383041,-0.074991691594365029,0.0047420131433513757,0.078688017257959222,autoets/chronos,4.4647041128837639,False,3.1865971938457727,3.4955153097321632,3.8621577910629776,0.052782779975412676,0.061609591551070771,0.07300458127554689
ETH-USD,fz0_avg,calm,2366,11,False,False,0.029702690156528086,2.0666171920880934,10.722238941171858,-0.078543924561466361,0.0010091834196305485,0.0627921469157285,autoets/chronos,3.8353297972558735,False,1.9467250891188628,2.688787363620909,7.2107642335715028,0.023885844650264176,0.039961768446944858,0.081460235280301385
ETH-USD,qlike_ex_near_zero,calm,2366,36,False,False,0.43402923573446683,3.7613093324229547,35.915605511670542,-0.034442126230229776,0.069772102796180874,0.35737398364367884,ewma/patchtst,13.356686602572596,False,0.40015748607439822,1.2417640741133518,29.790167094358015,-0.0033418623431163983,0.011890011986952347,0.19935960622998006
HSI,crps,gfc,143,19,False,False,0.089914726839712536,3.8103174732809881,18.301139161347407,-0.31781656827489779,-0.096934130802814739,0.21371909258845342,autoarima/autoets,3.5042415469158583,False,7.796326001474112,8.8656046952273062,9.2636978264251759,0.2252328177202883,0.24321572470447933,0.26575067610650988
HSI,log_score,gfc,143,10,False,False,0.35947190875697088,2.523046178177764,9.4416207489357795,-0.27804976694673539,0.045859626865222811,0.38148248524565459,ewma/naive,5.5506934261473786,False,0.84478860231759756,8.0646307876223808,8.5163215241939785,0.02799212477763522,0.18961290503705108,0.34824315704238695
HSI,pinball_0p01,gfc,143,19,False,False,0.026123181366882596,1.1133950983036374,18.056295187176779,-0.2554585926343661,-0.0056168158873727472,0.41716529636531252,moirai/patchtst,6.0263905011399173,False,0.29393533897831581,0.97425328040548531,18.149091998061451,0.0055002884314305838,0.035136520971199028,0.46295557058873577
HSI,pinball_0p025,gfc,143,6,False,False,0.070745804187655914,2.0642401463252851,5.9268234068871513,-0.22653419628090676,0.079373016715575784,0.43774675633874144,autoarima/har,6.312985760069509,True,0.69446331668031003,1.8254425131421079,4.5738741496408322,0.0205702545408008,0.10124962160978181,0.29588552680241342
HSI,pinball_0p05,gfc,143,19,False,False,0.083700082102029769,2.2796312472286537,18.593934271949752,-0.19005482850236949,0.13525513620272706,0.46203511040021344,autoarima/har,6.6650681193286649,False,2.0422502143893584,2.7255008324005501,4.9868569524478552,0.1244330185989867,0.22173451847977854,0.32700482388030355
HSI,pinball_avg,gfc,143,7,False,False,0.14110359394768832,1.9869761747604424,6.2057454948925743,-0.24067250462307441,0.09512716129215415,0.37179296590809574,autoarima/har,5.4254483188211156,False,1.3774036864025545,2.4058573577673217,4.58031720164976,0.062035768808659686,0.17095645263072148,0.29976240513948876
HSI,qlike,gfc,143,20,False,False,0.11347309879742397,2.4934169464643108,19.043000939683328,-0.25634909182837473,-0.0049471774582223313,0.38131519391692581,patchtst/timesfm,5.548518137096897,False,0.21527924069895593,0.71830623182181919,2.8420867615110663,-0.048253592875366895,-0.0085018371839173726,0.24310386986105548
HSI,fz0_0p01,gfc,143,22,False,False,0.10366671130626971,1.0109094488538373,21.291587417177926,-0.20468755812682762,-0.006623207638574314,0.42966048091023534,chronos/patchtst,6.1991924324259431,False,0.1373617480448717,0.81787932158130849,19.400024197819004,-0.0099768439017015893,0.026594802026989692,0.50296455424470798
HSI,fz0_0p025,gfc,143,11,False,False,0.19193481172362933,1.6584668850278443,10.58504382445749,-0.24480140766708131,0.044325961360812516,0.40347652504858311,chronos/patchtst,5.8409857827626999,False,0.056410177944798301,1.3762946449241675,4.4796602452895318,-0.011034859635128876,0.061951578630853661,0.26480695321091063
HSI,fz0_0p05,gfc,143,17,False,False,0.039985586950832749,2.0202620471204895,16.382820452195933,-0.18783530812650812,0.11380677516221469,0.3574856435178701,autoets/har,5.2431157470128014,False,1.2008837651373971,1.9597530442868127,4.6826678370446784,0.049362459555039796,0.11524969360141073,0.27273764593300914
HSI,fz0_avg,gfc,143,12,False,False,0.021938510137059334,1.3177324773993702,11.982333823173946,-0.25289336829430065,0.031535064861476295,0.42176520463261158,chronos/patchtst,6.0895919480577856,False,0.20440661681677683,1.6024802936037421,4.2845409029942747,0.0031750301837994237,0.080388558345038066,0.26421800246331906
HSI,qlike_ex_near_zero,gfc,143,20,False,False,0.11347309879742397,2.4934169464643108,19.043000939683328,-0.25634909182837473,-0.0049471774582223313,0.38131519391692581,patchtst/timesfm,5.548518137096897,False,0.21527924069895593,0.71830623182181919,2.8420867615110663,-0.048253592875366895,-0.0085018371839173726,0.24310386986105548
HSI,crps,covid,61,21,False,True,0.45141151107200506,3.6201680619470546,21,-0.31864946740950351,0.26299776925715085,0.580068227549143,autoets/patchtst,6.5399841696829792,False,6.4132568950115187,6.5130546073055227,6.5878376970376689,0.3448030480176506,0.35931066725082506,0.40845447007764929
HSI,log_score,covid,61,21,False,True,0.15209064377383733,5.815930011183017,21,-0.19600999597314187,0.28212148018853178,0.64063902081857316,garch11/naive,7.5603166221198403,False,1.4808810424023957,2.028186033529138,6.5977456480847971,0.1160633449451246,0.21629255568272707,0.46352709535733849
HSI,pinball_0p01,covid,61,21,False,True,0.1074852681458616,5.5263328699337322,21,-0.11593367681325982,-0.034995777324740615,0.065772896422589627,naive/patchtst,1.1689077831156398,False,0.74125675491374055,6.4299426489592717,9.2845210470292514,-0.084093927167618918,-0.038786801711817656,-0.011902072110824485
HSI,pinball_0p025,covid,61,21,False,True,0.043280696609782093,5.6980355575911075,21,-0.13788791389033964,-0.017412201984162906,0.261757681219695,garch11/garch11_t,3.0688574959099104,False,0.45953516673352462,9.1278144036979381,9.9883508698402306,-0.089798839512863243,-0.026853710167558036,0.062467337083572549
HSI,pinball_0p05,covid,61,21,False,True,0.050039501795879966,5.8162743241873471,21,-0.12574475629567902,-0.0074539452507519774,0.51806188617256688,autoarima/autoets,5.6827814818515581,False,0.29276784023948887,9.3514024406867833,10.244104487207386,-0.0077150598457998917,0.02485925651477414,0.12659502009580756
HSI,pinball_avg,covid,61,21,False,True,0.20088720297817725,5.8796693038047403,21,-0.12846457412923953,-0.020477133308885287,0.24506158996841015,autoarima/autoets,2.9192791225187142,False,0.18413082832086117,9.1944027625732527,10.024838798278216,-0.04779708943670824,-0.0040961578692680044,0.071851092843804878
HSI,qlike,covid,61,21,False,True,0.52180524093688996,2.3875782206503384,21,-0.35495700850179174,0.27041045279241982,0.41767358303985525,chronos/timesfm,4.5417498218138785,False,1.588882755386869,2.1014346470215455,7.175547009029791,0.11267263928380519,0.17714606160582774,0.30710399767339613
HSI,fz0_0p01,covid,61,21,False,True,0.25790701781863146,4.5588198159838713,21,-0.10953253902453287,-0.031750776659652022,0.026466544968725414,naive/patchtst,1,False,0.61992777527497145,6.3097844793388944,9.1463845182203354,-0.087346156578531106,-0.038892017961810049,-0.024274884680591646
HSI,fz0_0p025,covid,61,21,False,True,0.02194549808148942,6.6711502336270279,21,-0.13420038147767521,-0.018964611437566559,0.20342393391523242,lgbm/naive,2.5448633205318743,False,0.1760473943667567,9.1263644725547834,9.6538528057053021,-0.081522360669959257,-0.027856582641669247,0.044343471121227038
HSI,fz0_0p05,covid,61,21,False,True,0.11708197052430491,6.6401568893894112,21,-0.12574502692013773,-0.0056050560060529886,0.40887394176201503,autoarima/autoets,4.4516241502344291,False,0.53541961905572644,9.3335057672812187,10.147605745010596,-0.02670945173141074,0.023155147172653916,0.0808726408266629
HSI,fz0_avg,covid,61,21,False,True,0.079324892706776742,6.7654903539920017,21,-0.12140286313552456,-0.023156887929972669,0.11721274336896988,lgbm/naive,1.7290821398741667,False,0.018853722376616797,7.1065435140288935,9.3727968708442919,-0.069564944068205598,-0.017430148900001437,0.020099120508177103
HSI,qlike_ex_near_zero,covid,61,21,False,True,0.52180524093688996,2.3875782206503384,21,-0.35495700850179174,0.27041045279241982,0.41767358303985525,chronos/timesfm,4.5417498218138785,False,1.588882755386869,2.1014346470215455,7.175547009029791,0.11267263928380519,0.17714606160582774,0.30710399767339613
HSI,crps,tightening_2022,204,42,False,False,0.063047606266634137,2.7308736215342746,41.045857707038437,-0.32124725040459778,0.016347392174692339,0.37573253401756684,autoarima/garch11,6.1646704771961938,False,2.4661569825398608,2.7856546559828184,5.0347786768171616,0.14217521917482284,0.18099928262733544,0.22152786258918922
HSI,log_score,tightening_2022,204,16,False,False,0.17782002715523121,3.3359100836837627,15.810199220652834,-0.1308119393385041,0.19324737935613046,0.61096022807086869,chronos/naive,10.51679040592666,False,0.4095518109229806,1.6851869931232553,5.6115776936293313,-0.055578462891476103,0.052250949128303005,0.39777196866940118
HSI,pinball_0p01,tightening_2022,204,22,False,False,0.032217794068342624,2.6584474959650697,21.840220571568327,-0.1334496201381713,0.20530237230955622,0.47319002977268559,autoets/garch11_t,7.6914642374869677,False,0.092790668896269163,1.0938202002799629,3.4780162384647251,-0.0065933899604416462,0.034986544875686761,0.28373711918524536
HSI,pinball_0p025,tightening_2022,204,4,False,False,0.13800101269287321,1.9303394793830466,3.152564507867436,-0.094435747182898516,0.21129123595940885,0.41143991651987655,autoarima/ewma,6.6962134369300275,True,0.11146356087633381,2.333825636091682,3.3757407703832296,-0.0010614162845410452,0.12799687939678553,0.25678323012504672
HSI,pinball_0p05,tightening_2022,204,37,False,False,0.059205508740147822,1.3151927063271862,36.096298130094858,-0.10180389402405533,0.13699292026527879,0.34887354644580948,autoarima/lgbm,5.780269856854173,False,1.2148083565143331,2.6324109763402759,4.1138256051541973,0.041443258374748486,0.16151335703995595,0.23393519731577014
HSI,pinball_avg,tightening_2022,204,4,False,False,0.16119649404519176,1.805576606041587,3.0165485655189905,-0.085436208439074318,0.2387266059630816,0.40556553729973821,autoets/ewma,6.6069007340059747,True,0.58800694973924761,2.3536264833669636,3.4708240796068042,0.013228910800710899,0.13005387132351062,0.2590150942580387
HSI,qlike,tightening_2022,204,21,False,False,0.43293484367908508,5.7608884963372873,20.896598514819267,-0.13075555023853672,0.24472876698731716,0.49352694893589105,naive/patchtst,8.0467674515182814,False,1.7007262874207723,2.4690428647069669,12.414998382718807,0.072601080968419218,0.14249599414314007,0.40873977759946412
HSI,fz0_0p01,tightening_2022,204,29,False,False,0.065503858263883816,2.5563999042014944,28.31758373332228,-0.10289302098729862,0.18456928567713315,0.44631190978824875,ewma/timesfm,7.2443822930352413,False,0.12375040723221521,0.93109424163176668,3.2150806106776466,-0.0097448098489360431,0.027070643244415497,0.29759266648542249
HSI,fz0_0p025,tightening_2022,204,11,False,False,0.28246222004318339,2.2852401683855579,10.555870799431579,-0.072909789703497818,0.14966635344981433,0.37838846353492062,lgbm/moirai,6.2033354542927803,False,0.23842363129024197,1.9549885754606957,11.9062621407955,-0.012481707373348748,0.092601587763180074,0.25090989656710561
HSI,fz0_0p05,tightening_2022,204,21,False,False,0.082105507269733813,1.6303228692084202,20.472440485683318,-0.08293336959246575,0.12044936383947327,0.32744524780583434,naive/timesfm,5.4809615911502148,False,0.56361131045966717,2.1566391514637244,13.131546864811419,0.012394040370350726,0.11054005485796872,0.21630004613012399
HSI,fz0_avg,tightening_2022,204,18,False,False,0.14507777728541513,2.5647435267449525,17.28574085622801,-0.081422901067453077,0.17965701971458625,0.40367424469049984,chronos/naive,6.578313520542026,False,0.057343421445643403,1.7087666755269537,3.0791673885977491,-0.0003921876471834891,0.073191988642252528,0.26943888154679274
HSI,qlike_ex_near_zero,tightening_2022,204,21,False,False,0.43293484367908508,5.7608884963372873,20.896598514819267,-0.13075555023853672,0.24472876698731716,0.49352694893589105,naive/patchtst,8.0467674515182814,False,1.7007262874207723,2.4690428647069669,12.414998382718807,0.072601080968419218,0.14249599414314007,0.40873977759946412
HSI,crps,spike_2024_08,22,8,False,True,0.52103622650074843,2.7399240187520979,8,-0.56096670816275651,-0.21370172327677278,0.036188744054412955,har/moirai,1,False,2.1503021436097094,2.2183622064579507,2.8600906553150978,-0.22855609950614481,-0.18257274095056192,-0.17719000883298242
HSI,log_score,spike_2024_08,22,8,False,True,0.21349422598714352,1.5279716685482443,8,-0.45795254166362082,-0.11602648159720115,0.2474529712117251,garch11_t/gjr,2.093218386418052,False,1.4783320468325885,1.622267117284764,2.9215336579898064,-0.23251724220375508,-0.13226872014987409,-0.11916273341472422
HSI,pinball_0p01,spike_2024_08,22,8,False,True,0.6569907134416435,3.7452986068857195,8,0.11014137438698911,0.58333194569461932,0.90096512896751046,gjr/naive,8,False,1.1037421328674086,1.4068212032368137,1.5783606236051704,0.12645439281840395,0.20469190683689631,0.26357488167575993
HSI,pinball_0p025,spike_2024_08,22,8,False,True,0.37856999381556128,2.0402913525738211,8,-0.390931697535987,-0.082094566503952554,0.9009651289675108,gjr/naive,8,False,0.97076429984559698,1.4448712263838697,8,-0.3553516066940185,-0.071367265948293263,0.21667513848221887
HSI,pinball_0p05,spike_2024_08,22,8,False,True,0.07880905020281688,1.8655363454166081,8,-0.18143505914349406,-0.083561379215353893,0.90096512896751069,gjr/naive,8,False,1.1251829515647513,6.9003562100827214,8,-0.39118579571917989,-0.31965995722824586,0.16938308154543782
HSI,pinball_avg,spike_2024_08,22,8,False,True,0.028215845303089498,1.8872378370556133,8,-0.25132887410971794,-0.0967099367766176,0.90096512896751046,gjr/naive,8,False,1.1164499185780319,5.7042446657776882,8,-0.39340451329152115,-0.35048259132610565,0.16919828252795141
HSI,qlike,spike_2024_08,22,8,False,True,0.2425200833928543,1.1744959402031452,8,-0.33735521728868634,0.064651540952603032,0.22263818401165938,gjr/naive,1.9348336778779884,False,1.284041538607033,3.9888761770498968,5.475230653540919,-0.34521152357067353,-0.29051590605655708,-0.10104884740624856
HSI,fz0_0p01,spike_2024_08,22,8,False,True,0.80028901449450929,3.57486862768938,8,0.097667117996266026,0.58240587463458782,0.90042345875350382,gjr/naive,8,False,1.6418053208629289,3.8946891255178615,5.639479853528317,0.28889992916145074,0.8076536919848577,0.90128711955020691
HSI,fz0_0p025,spike_2024_08,22,8,False,True,0.36714513552915184,1.7976220924395401,8,-0.40622073349787396,-0.079285290459751218,0.90042345875350405,gjr/naive,8,False,0.3730943356100544,1.6418053208629282,5.639479853528317,-0.18188059975003537,-0.019078541409185655,0.90128711955020746
HSI,fz0_0p05,spike_2024_08,22,8,False,True,0.097426561480927307,1.7130234420188812,8,-0.18864818912704626,-0.084555776858721288,0.90042345875350371,gjr/naive,8,False,0.69712799496305289,1.2973068570949748,5.6394798535283153,-0.10493982438407042,-0.081711749014220486,0.90128711955020724
HSI,fz0_avg,spike_2024_08,22,8,False,True,0.28223436806985652,1.9987685494231791,8,-0.33914053486334628,-0.1014949292072963,0.90042345875350305,gjr/naive,8,False,0.45675878142592719,1.5912683469317095,5.6394798535283179,-0.20246232417312354,-0.097078948703730975,0.90128711955020691
HSI,qlike_ex_near_zero,spike_2024_08,22,8,False,True,0.2425200833928543,1.1744959402031452,8,-0.33735521728868634,0.064651540952603032,0.22263818401165938,gjr/naive,1.9348336778779884,False,1.284041538607033,3.9888761770498968,5.475230653540919,-0.34521152357067353,-0.29051590605655708,-0.10104884740624856
HSI,crps,calm,4398,155,False,False,0.10273763354698644,16.436137433281999,154.57724157413392,-0.061331072340917295,0.019053377097469779,0.093711064947535103,gjr/naive,6.1785023800911887,False,147.67175012882055,148.21520905725455,149.1010566571282,0.13482827920678772,0.14513543029752984,0.158182259658952
HSI,log_score,calm,4398,55,False,False,0.25158417502676506,12.239397360341986,54.204068063962467,-0.022752410917295261,0.035490780802069681,0.20949776400353265,lgbm/naive,10.820557523757664,False,48.711994237307636,69.435557337582196,147.30856723199642,0.053471461083119148,0.070812360969124327,0.15360371789612387
HSI,pinball_0p01,calm,4398,50,False,False,0.21808203520740321,2.3788452457613438,49.412344807091387,-0.033725511098062613,0.013813535207629256,0.14893041688228176,naive/timesfm,8.4908642519717485,False,0.27722101030617413,1.1601108017540389,19.067196104138464,0.00090015466524674215,0.0078123048854342771,0.053674505803888536
HSI,pinball_0p025,calm,4398,57,False,False,0.004626681777133889,3.0370765261838804,56.325957421775627,-0.028165964960936749,0.02373276503935982,0.12318119141915544,naive/timesfm,7.4460389844492436,False,1.6989663675938784,2.4717191381445693,23.453306013669433,0.014014556163642753,0.025123910149181122,0.063564111950303134
HSI,pinball_0p05,calm,4398,66,False,False,0.15569059030995469,2.6225722925419475,65.494812454495076,-0.023699289546060719,0.025357559257830838,0.08746715294159596,garch11/garch11_t,5.8964286738656408,False,2.8001340983409304,23.573640716744908,57.217274411852422,0.030610531377059571,0.045216369398927404,0.076996705899744416
HSI,pinball_avg,calm,4398,58,False,False,0.40424370695087786,3.2973558697531025,57.740440164955103,-0.028646878281160058,0.030439937354459594,0.12747839940802846,naive/timesfm,7.6237787004896322,False,1.9845486537536023,2.4791624916522434,23.831856130862771,0.01782384637358787,0.025243216932496912,0.065794383574464113
HSI,qlike,calm,4385,69,False,False,0.72690147665177973,20.733193563931369,68.825219368492242,-0.0037918122422878797,0.28603615278069017,0.40160355792251623,gjr/naive,18.203819525313875,False,10.827383230667236,14.172711259037818,38.935803268999763,0.020191566381577711,0.11987968440858322,0.25205449507470568
HSI,fz0_0p01,calm,4398,48,False,False,0.23947561284420929,1.7245270452647388,47.252623246593394,-0.02642909245734177,0.0060501353699973365,0.11377907609234865,garch11_t/naive,7.0515251215510624,False,0.048113976369100163,1.3214339457038782,12.384824185852523,-0.0032473738393403364,0.0052067575082988746,0.047255369988876077
HSI,fz0_0p025,calm,4398,52,False,False,0.089000852873693831,2.0739192546123162,51.556695931879609,-0.024739846737610947,0.0089844849211046622,0.095838677183553711,naive/timesfm,6.2733713900501806,False,1.1675057118991987,1.9394890657239356,23.532781404595351,0.0078883012605674447,0.017199501462764461,0.051138081439355158
HSI,fz0_0p05,calm,4398,55,False,False,0.08609150921854164,2.1917463620611883,54.872322578382558,-0.031869690287339152,0.009019395265085323,0.08228880908485009,lgbm/naive,5.6580035139563103,False,1.8592721976199771,2.8399867911598333,53.749279798384876,0.016109538776085938,0.028206464865171185,0.057067425339408888
HSI,fz0_avg,calm,4398,49,False,False,0.15924987474514762,2.0445658935529534,48.549758433560889,-0.023959468427953753,0.0090689767079946103,0.10568070176932344,garch11_t/naive,6.7047779005584864,False,0.74261515440743553,1.7830899842919421,22.366448561909994,0.0039707984359318256,0.012141420154735101,0.050518630309844312
HSI,qlike_ex_near_zero,calm,4385,69,False,False,0.72690147665177973,20.733193563931369,68.825219368492242,-0.0037918122422878797,0.28603615278069017,0.40160355792251623,gjr/naive,18.203819525313875,False,10.827383230667236,14.172711259037818,38.935803268999763,0.020191566381577711,0.11987968440858322,0.25205449507470568
HSI,crps,gfc_wide,491,33,False,False,0.2973514920973126,4.2587012708600138,32.356365153804994,-0.26608028669074513,-0.082646036680683418,0.22793039366628562,autoarima/autoets,5.5427540042359551,False,33.851276320752994,34.823651283585939,35.177621713045738,0.25209136849408054,0.27125746669010792,0.29412098405722581
HSI,log_score,gfc_wide,491,19,False,False,0.072029442498700677,3.0867192056716202,18.992886585763113,-0.14310047312937574,0.058732692453666184,0.34927948539298875,lgbm/naive,7.7540516452551991,False,13.047168351850791,19.680771127922402,33.649754475677305,0.072728423454855487,0.17858591328870232,0.31304574353749287
HSI,pinball_0p01,gfc_wide,491,15,False,False,0.23237350233517698,2.0134068802080134,14.637253436582137,-0.17751942493311523,0.013546532188790383,0.32100324945792247,ewma/patchtst,7.2260807781936718,False,0.79916144643930487,4.8017232979434255,13.0396332677934,0.013518276203132023,0.036289499401713166,0.25927357531309947
HSI,pinball_0p025,gfc_wide,491,16,False,False,0.079533576122944122,2.9873907469647629,15.554828111664301,-0.16024434823308353,0.109826467845026,0.32838670371919204,ewma/patchtst,7.3627279445060685,False,1.5564086508726747,3.3629331987246487,13.82506853347086,0.038530952804150531,0.14703413819373667,0.27503452220161123
HSI,pinball_0p05,gfc_wide,491,33,False,False,0.012021543187817627,2.8621827099750758,32.935183064932382,-0.11006507911441327,0.13235825898977305,0.27824365122057537,autoets/har,6.4470086348247895,False,3.3708990761514581,6.6353281277891094,30.264378133360783,0.14771130130659471,0.23337898304263949,0.31305483322454586
HSI,pinball_avg,gfc_wide,491,16,False,False,0.12438149320772804,3.1576797766325071,15.05511286494618,-0.1676139377933801,0.12483513716796818,0.3189557801156192,ewma/patchtst,7.1883221845127023,False,2.4108422399104579,6.2476090328174676,14.149801768520907,0.080001029744331875,0.18210262250262768,0.28128429479723205
HSI,qlike,gfc_wide,491,24,False,False,0.1743281994906517,4.6151145853627806,23.828230211634132,-0.22848761926414818,0.15966116598402252,0.41169743380167795,naive/timesfm,8.9791406707061761,False,1.913716467497772,3.1081388612798193,14.140766223662622,0.054047693718443618,0.12649810009826812,0.33428216216361617
HSI,fz0_0p01,gfc_wide,491,15,False,False,0.044901077399725813,1.7671326133455043,14.376716108301915,-0.13938612240069909,0.030095497072718996,0.27719717775406433,chronos/patchtst,6.4281340348194336,False,0.19214047016536931,5.7485665713893104,10.212863185640568,-0.012263568768305099,0.0015565454291088321,0.22497396169253489
HSI,fz0_0p025,gfc_wide,491,19,False,False,0.25548173750283887,2.7957578209070766,18.932918328474074,-0.13823451528251696,0.10214699517255954,0.28438158965071425,ewma/patchtst,6.5578505446215862,False,0.18839242513295637,10.540662366801843,13.049229401251052,0.0015110864718915588,0.064354107317373788,0.21561417904851143
HSI,fz0_0p05,gfc_wide,491,15,False,False,0.082093173234100231,2.7957133259220646,14.999731546092066,-0.1085888266428132,0.11459648044791054,0.24358757028703645,autoets/patchtst,5.8240394791946564,False,1.8796584978534161,11.633955316722099,14.264402819449087,0.052460614747236227,0.098573275371560604,0.2148037397117297
HSI,fz0_avg,gfc_wide,491,15,False,False,0.14140089636945602,2.4901354963328144,14.204381505395439,-0.15194031701368127,0.075621735341367249,0.28164932712866031,autoarima/patchtst,6.5084801056409098,False,0.55593074776938511,10.291800973250506,12.114544408380565,0.0077553096064262193,0.054481308243913888,0.22098808422553196
HSI,qlike_ex_near_zero,gfc_wide,491,24,False,False,0.1743281994906517,4.6151145853627806,23.828230211634132,-0.22848761926414818,0.15966116598402252,0.41169743380167795,naive/timesfm,8.9791406707061761,False,1.913716467497772,3.1081388612798193,14.140766223662622,0.054047693718443618,0.12649810009826812,0.33428216216361617
KOSPI,crps,gfc,145,28,False,False,0.35227210576041224,2.0281411624324184,27.661164455087793,-0.22799206441491879,-0.0078006741011352153,0.1652602338293935,naive/patchtst,2.9284375932517857,False,13.394531037359327,16.613340187807477,17.546143597750032,0.099728410345617829,0.10731797601036824,0.1263745631883012
KOSPI,log_score,gfc,145,18,False,False,0.058562161070796211,2.1026336149947262,17.170106475972403,-0.22659935390561897,-0.008958764706736403,0.16568801848994669,naive/patchtst,2.9337737037234763,False,0.32517898441637461,12.626522431941851,16.778539368387595,-0.0062594206303007082,0.018610172831381552,0.11090635653762597
KOSPI,pinball_0p01,gfc,145,17,False,False,0.063679121949327969,0.80156221552658602,16.430969073203251,-0.044393717924839204,-0.018251578772735168,0.29809879769782782,naive/timesfm,4.532704542553299,False,0.18937207068336986,0.82431119411004605,2.5329264903063704,-0.034567225614719706,-0.024020642249385212,0.18808033788513975
KOSPI,pinball_0p025,gfc,145,4,False,False,0.069354315553021337,1.4459950961454737,3.4525616899017,-0.068463679020086085,0.044800483445197548,0.35377489565614006,chronos/timesfm,5.2204054870718224,True,0.1785104794588202,0.70866502591790592,2.4772088273896036,-0.033552562876470342,-0.010023522782871271,0.17969071398529035
KOSPI,pinball_0p05,gfc,145,8,False,False,0.070944636933274033,2.1977716530247391,7.9598597516463867,-0.12101945790749422,0.11985853735660036,0.38628593072043438,chronos/timesfm,5.6394023525277053,False,0.22904389555050883,0.85008420132746687,2.4019327273464426,-0.016066362608742973,0.028064018850514502,0.16881843198197102
KOSPI,pinball_avg,gfc,145,4,False,False,0.16401037264373047,1.584132788092639,3.5013714142338541,-0.098428807935021886,0.064609814185014949,0.32505615983608582,moirai/naive,4.8619527672111582,True,0.095831017179342642,0.49189790096988628,2.4753733155877677,-0.016363466202842816,-0.0010037528597045581,0.17941938329601664
KOSPI,qlike,gfc,145,19,False,False,0.026784210317166424,2.1236858223750064,18.80727823972811,-0.084139120482654539,0.12260698100383444,0.62692521633014564,naive/timesfm,9.754565268605365,False,0.93058587024339401,1.4452786169712706,13.592566658375819,-0.060476461698308559,-0.046462644011912552,0.47488863485458094
KOSPI,fz0_0p01,gfc,145,17,False,False,0.046469160268462151,0.71335930350021748,16.737113068797193,-0.034376385999177028,-0.013635656831165882,0.26184503895094624,naive/timesfm,4.0966947547431776,False,0.61648412116519602,0.91696437884264737,2.4820549510290806,-0.029848459467531462,-0.027651243481314758,0.18040860883862422
KOSPI,fz0_0p025,gfc,145,17,False,False,0.14546051861756357,0.76397310417093744,16.499308984755512,-0.067476955931044622,-0.0073690863625813837,0.27499938291532583,moirai/naive,4.2543054020747393,False,0.58603619366596937,0.98426739307766931,2.4228830082339456,-0.037234753997150045,-0.030566002046416699,0.17179249304319813
KOSPI,fz0_0p05,gfc,145,17,False,False,0.10746824713920906,1.2069057626232458,16.145361207666689,-0.098275943335592919,0.013154225798835399,0.2697378996284493,moirai/naive,4.191207559057311,False,0.11161514737810789,0.87784128609716372,2.3444286533820642,-0.040300629843488915,-0.021870229522711206,0.16085378375523701
KOSPI,fz0_avg,gfc,145,17,False,False,0.084340751906071362,0.61751532553631072,16.669101472317578,-0.056753587983937287,-0.0043896982495600697,0.26297375498258307,chronos/naive,4.110202035872935,False,0.33901728066908932,0.96414335585406175,2.4496534192290298,-0.034080741222854691,-0.0300238599287408,0.17565052598727576
KOSPI,qlike_ex_near_zero,gfc,145,19,False,False,0.026784210317166424,2.1236858223750064,18.80727823972811,-0.084139120482654539,0.12260698100383444,0.62692521633014564,naive/timesfm,9.754565268605365,False,0.93058587024339401,1.4452786169712706,13.592566658375819,-0.060476461698308559,-0.046462644011912552,0.47488863485458094
KOSPI,crps,covid,62,21,False,True,0.44570212106589585,4.6685184375050603,21,-0.30486354350594924,0.37618671607072318,0.74331335640775031,gjr/naive,10.087335183349266,False,7.3920307607888383,8.4329068080996699,8.6970567216251045,0.51999962621154217,0.5814252230089938,0.61945317738852557
KOSPI,log_score,covid,62,21,False,True,0.33010639488705534,4.7908703413581115,21,-0.34976422681101088,0.28092248805964126,0.7143684684397491,lgbm/timesfm,9.251005773245625,False,1.4063426571959781,2.4548263303441726,8.6865475968755703,0.10455100102104453,0.26926178965522068,0.63904235717598623
KOSPI,pinball_0p01,covid,62,21,False,True,0.016686633208342249,1.6211824678829256,21,-0.13497314629721052,0.023005383795889685,0.5118812051076066,lgbm/naive,5.6354893937198494,False,0.25750785620954081,0.85484625492864474,2.0657940395815713,-0.058578678123542449,-0.029659704485851202,0.2224236851541426
KOSPI,pinball_0p025,covid,62,21,False,True,0.23605407237483467,2.6836048379904911,21,-0.37166399773398778,0.17229276156343146,0.62798966246790988,lgbm/naive,7.3679195582108887,False,0.35943786670052996,1.0441236926808073,2.2109057083136863,-0.051851681045167783,0.059568086725579006,0.25859835130335213
KOSPI,pinball_0p05,covid,62,21,False,True,0.21724636079470971,3.8285633013147393,21,-0.34887480411535943,0.17536423492097253,0.67619514771359035,lgbm/naive,8.327035041474895,False,0.23866589415611134,1.6249610649822097,6.3978279191638903,-0.029068040927150672,0.13677590085483268,0.2961833835703328
KOSPI,pinball_avg,covid,62,21,False,True,0.42572071975014658,2.799073302654278,21,-0.35482691598288624,0.17810607350452057,0.62310854233100266,lgbm/naive,7.2808297901252406,False,0.028523210083657092,1.1520202990377704,2.2189861929007604,-0.03519706782607257,0.073537826434347142,0.26075737175767288
KOSPI,qlike,covid,62,21,False,True,0.65365743045245439,7.8358722386690598,21,-0.22203080128546374,0.16601387373024118,0.34341676365511292,har/lgbm,3.8346724355474873,False,0.15259009438751958,1.0017582896431561,9.7296566655486636,-0.047088640938002461,0.017488396309618428,0.1866769537639591
KOSPI,fz0_0p01,covid,62,9,False,False,0.036051391598675431,1.5184733563943889,8.1013140765991007,-0.10690569560152564,-0.00036232139973428677,0.37128137663476529,lgbm/naive,4.1013593430709339,False,0.78938424775595684,1.1580706456787717,2.0563161325708248,-0.072964243750558405,-0.046441163982391155,0.22022129193937942
KOSPI,fz0_0p025,covid,62,21,False,True,0.11413174406701905,1.9597582883747604,21,-0.23716905250060047,0.12794973759640477,0.44963790216734029,lgbm/naive,4.9070168950683932,False,0.096662382207554937,1.0564412878288862,2.1683205989112921,-0.075816563273037221,-0.010439715133876879,0.24748275904431086
KOSPI,fz0_0p05,covid,62,21,False,True,0.29956356443451376,2.3730962420091242,21,-0.31619559517319118,0.18872111948201573,0.48469318466685241,lgbm/naive,5.3050626998276931,False,0.035888817900591979,0.77056790179126899,2.2434355683217175,-0.056643398202226664,0.027528620845859258,0.26738990703007415
KOSPI,fz0_avg,covid,62,9,False,False,0.10871229080161474,1.9149955671169403,8.3961846076238462,-0.14008399354018203,0.073064536633268812,0.41357091374596228,lgbm/naive,4.5240309724674992,False,0.47033680441140974,1.0096269335004597,2.1215809614004173,-0.064023351531224196,-0.025390193019049483,0.23577117638091308
KOSPI,qlike_ex_near_zero,covid,62,21,False,True,0.65365743045245439,7.8358722386690598,21,-0.22203080128546374,0.16601387373024118,0.34341676365511292,har/lgbm,3.8346724355474873,False,0.15259009438751958,1.0017582896431561,9.7296566655486636,-0.047088640938002461,0.017488396309618428,0.1866769537639591
KOSPI,crps,tightening_2022,203,24,False,False,0.030127356983796618,1.9831841136666044,23.947203326188955,-0.36517224921688257,-0.051416072640204494,0.14656376178829886,ewma/moirai,3.0119930880616521,False,0.15975892344886308,0.53213733482994174,1.5154030742084732,-0.017118365109776951,0.0073382569446367018,0.059850945165251537
KOSPI,log_score,tightening_2022,203,15,False,False,0.16016734250385184,2.1251769904372262,14.07931698375922,-0.28158523703832328,-0.017827014587326093,0.11707876179345983,lgbm/timesfm,2.5794711260029368,False,0.041711544933495368,0.75355446789324831,4.8808943203767488,-0.028695329636869042,0.016275567701363524,0.14722389095493185
KOSPI,pinball_0p01,tightening_2022,203,6,False,False,0.16404422764300022,1.7106618709985049,5.9483605650986702,-0.069894732354663161,-0.024916308463931294,0.019153240579129354,garch11/naive,1,False,0.038878184217371381,0.82018375887291628,1.1276690038920341,-0.032108773602011961,-0.019634998749296442,0.024810357150086601
KOSPI,pinball_0p025,tightening_2022,203,8,False,False,0.16238097945111649,2.6714438045117754,7.8828354007949466,-0.10122343510626876,-0.041480946686333321,0.097588154397384427,har/lgbm,2.278160757575991,False,0.44533326493666342,1.2055513910259112,3.1615430956530699,-0.042344616033614405,-0.033572190357518801,0.050282005382202608
KOSPI,pinball_0p05,tightening_2022,203,13,False,False,0.19340339534295917,1.9887302776205193,12.684528961195408,-0.18286188919656193,-0.052475014208739852,0.20594790759893311,lgbm/timesfm,3.8335605174497283,False,0.66422958691814227,1.4709393524653325,3.3955331333877026,-0.055940401868863107,-0.040337960952913671,0.088943933461372873
KOSPI,pinball_avg,tightening_2022,203,7,False,False,0.20487710296798572,2.7977598782108828,6.3550442886324809,-0.1228357424994279,-0.039109247570747407,0.13195499594950311,lgbm/timesfm,2.8006062450448148,False,0.62625452578025631,1.3034712042418013,3.2503644346842893,-0.044061844845154512,-0.032599792433540442,0.064478574530172666
KOSPI,qlike,tightening_2022,203,12,False,False,0.22007472216689475,2.0385827713204607,11.801939273066116,-0.14178652684837623,0.0050797515467666142,0.2528880100985969,lgbm/patchtst,4.4630931307369321,False,0.10138665116727982,1.2112999750130733,2.4135556782754981,-0.021948237560119859,0.041358922208393718,0.13684385379945999
KOSPI,fz0_0p01,tightening_2022,203,6,False,False,0.32337153780059025,1.3881616424451884,5.7385273265136263,-0.052454834907685849,-0.022938423628267667,0.017003249330007988,garch11/naive,1,False,0.28042553186997432,0.69367436775542313,3.6621465710196142,-0.025209895607532957,-0.015365899031044071,0.032417475000046651
KOSPI,fz0_0p025,tightening_2022,203,9,False,False,0.08183354133313793,2.3865724160118247,8.3115087602047666,-0.081509230642605263,-0.036044927679995807,0.091003612772260503,lgbm/moirai,2.172680941186925,False,0.18679746904434877,0.95808735413664559,3.9014496966598786,-0.033645831956321981,-0.023681178428755521,0.051369137358053041
KOSPI,fz0_0p05,tightening_2022,203,9,False,False,0.20035858770657694,2.215047928910725,8.1729124463834193,-0.12863741809482801,-0.042915612870779413,0.19331951588363758,lgbm/timesfm,3.6623571974071929,False,0.53050722940331996,1.160855030000665,4.1505879145397753,-0.038768212150072125,-0.027267714549227124,0.085585051080131813
KOSPI,fz0_avg,tightening_2022,203,6,False,False,0.27350005122652821,2.4049094187865681,5.9783432802922967,-0.084734867608729073,-0.026838355359643233,0.064116238948321566,lgbm/moirai,1.7154858240703847,False,0.44080575859116405,0.89683307225607201,3.8440347288076597,-0.029506653870145814,-0.022173657377011938,0.053650611210025768
KOSPI,qlike_ex_near_zero,tightening_2022,203,12,False,False,0.22007472216689475,2.0385827713204607,11.801939273066116,-0.14178652684837623,0.0050797515467666142,0.2528880100985969,lgbm/patchtst,4.4630931307369321,False,0.10138665116727982,1.2112999750130733,2.4135556782754981,-0.021948237560119859,0.041358922208393718,0.13684385379945999
KOSPI,crps,spike_2024_08,21,7,False,True,0.1319349696486892,1.7090391315224469,7,-0.28301483131515515,0.23682588096492996,0.61142640083589572,ewma/gjr,4.9343558182942973,False,1.7659569075372832,1.8354538955404214,1.9068314716328278,0.35930351254546178,0.39775849944252251,0.44188847120042068
KOSPI,log_score,spike_2024_08,21,7,False,True,0.055734413570874081,1.0707835870602636,7,-0.35925270329800879,0.088552527599968317,0.44429471124171149,lgbm/naive,3.3799014962802958,False,1.2496462145461853,1.3807048634145729,1.8150797119166098,0.16569054609883285,0.20329950208545217,0.38605464691739794
KOSPI,pinball_0p01,spike_2024_08,21,7,False,True,0.11623601429056082,1.8130111854618542,7,-0.53976095714943018,0.10370991176437437,0.57944507976263948,autoets/timesfm,4.5769925230636854,False,1.1184817322645999,1.2542389021893185,1.3552103495091918,0.13352080727768603,0.16690999791598032,0.19550323114487125
KOSPI,pinball_0p025,spike_2024_08,21,7,False,True,0.087052280887472522,2.2729332756292977,7,-0.50572127290347968,0.065834855536314366,0.66546348047901993,autoets/timesfm,5.6435698009989297,False,1.2701679937853023,1.3655643358814267,1.4383165674373679,0.17119188165292151,0.19863981628756533,0.22186030686222633
KOSPI,pinball_0p05,spike_2024_08,21,7,False,True,0.051095772271367912,3.0346861776655567,7,-0.38420953177233408,0.15348224192468435,0.66935290524996471,ewma/moirai,5.7010087110432952,False,1.3791943343099655,1.446686871457191,1.5219368672504225,0.2028306695994351,0.22467129782863776,0.25135267910850523
KOSPI,pinball_avg,spike_2024_08,21,7,False,True,0.022390604472063372,2.4001710805102836,7,-0.50165964250689021,0.066340416290241302,0.66674122227451038,autoets/timesfm,5.6623303566509904,False,1.266372750782943,1.3647288551207593,1.439141920335858,0.17016424544559894,0.19838522680890472,0.22213615333992306
KOSPI,qlike,spike_2024_08,21,7,False,True,0.095154039944929381,1.8161564129970713,6.642709333638213,-0.37655664455153559,0.36012903795707085,0.56350095492999119,lgbm/patchtst,4.4123063012262742,False,1.2464880594804029,1.8323294818067453,7,0.096702161880175733,0.23474605630860179,0.54211038089182817
KOSPI,fz0_0p01,spike_2024_08,21,7,False,True,0.31954057122046869,1.5259139464944957,7,-0.50885892577336445,0.048531904574865996,0.48415632238997119,autoets/timesfm,3.6935905269728391,False,1.1204129676934831,1.3559106971173607,1.555464262783544,0.13395946461089681,0.19571412749184336,0.26411540671447259
KOSPI,fz0_0p025,spike_2024_08,21,7,False,True,0.15505254390657788,1.5348317965080813,7,-0.51413430431893914,0.033091464334820915,0.56354357913369912,autoets/timesfm,4.4127358812675697,False,1.262254506248129,1.468746721568631,1.6289376976280485,0.16905443660794231,0.23222552432783231,0.29418778600071266
KOSPI,fz0_0p05,spike_2024_08,21,7,False,True,0.25287880003598179,1.5195767156134417,7,-0.49567687803512189,0.011764248388766774,0.65234789222719181,autoets/timesfm,5.4568931782478174,False,1.3538510636850922,1.5275067592812699,1.6729909825220997,0.19509442807589378,0.25343379822500095,0.31374105302180333
KOSPI,fz0_avg,spike_2024_08,21,7,False,True,0.10280553615352525,1.4594994998448665,7,-0.51532052108623305,0.048617452254868139,0.53520210236277044,autoets/timesfm,4.1385567473008491,False,1.2035028661341138,1.4306742146963944,1.5983784439533393,0.15380185100150628,0.21931981567160996,0.28131238486846921
KOSPI,qlike_ex_near_zero,spike_2024_08,21,7,False,True,0.095154039944929381,1.8161564129970713,6.642709333638213,-0.37655664455153559,0.36012903795707085,0.56350095492999119,lgbm/patchtst,4.4123063012262742,False,1.2464880594804029,1.8323294818067453,7,0.096702161880175733,0.23474605630860179,0.54211038089182817
KOSPI,crps,calm,4406,144,False,False,0.57059478581451795,13.024020035470187,143.07851060355912,-0.11393912212578425,0.002226721691215999,0.10536184882664033,naive/patchtst,6.695035939061861,False,154.40631625527078,155.21359552692266,155.80433502613994,0.31367986948960302,0.33111941215596941,0.34891913563970972
KOSPI,log_score,calm,4406,103,False,False,0.7180399835744361,5.2648097270064937,102.25053880128515,-0.16702041461668504,0.016538112189549588,0.2426911602365765,garch11/naive,12.069160503297242,False,144.15015617558609,154.31201884045581,156.4551196068623,0.1580889571562672,0.19258184805755812,0.27992344100163402
KOSPI,pinball_0p01,calm,4406,90,False,False,0.10317030108875468,5.247101311895884,89.824883710440929,-0.18843767171365647,0.0071239612832094852,0.1265626884680324,har/patchtst,7.5906268049511887,False,8.5142059276816529,9.3046496279760174,86.968280993044829,0.065502351892809355,0.12481700374969196,0.1598325119556229
KOSPI,pinball_0p025,calm,4406,107,False,False,0.062045630980713189,3.7468633150560908,106.54596549259433,-0.14505753023816356,0.0099150083836082748,0.1109627004582794,har/patchtst,6.9359127155610727,False,59.575482506162849,88.447746941121508,133.51668199280076,0.13779013958399694,0.15409559732748901,0.17583094735706756
KOSPI,pinball_0p05,calm,4406,106,False,False,0.1789995087924571,3.9611257886353277,105.98115005590047,-0.10894264134689011,0.015662786917306291,0.11494105304320867,ewma/patchtst,7.1050307167685371,False,138.63479023065383,145.05949719781808,147.40757608888867,0.16732114982010463,0.18575815145800889,0.20316627829591413
KOSPI,pinball_avg,calm,4406,107,False,False,0.081120366918048928,4.1646367860776188,106.42313031787704,-0.15173351352158279,0.013586338185952236,0.12481650063218537,ewma/patchtst,7.5184107678994065,False,86.740975537274537,108.38832853859699,135.8752568556306,0.14505735247508281,0.16136476277020334,0.181809230416587
KOSPI,qlike,calm,4406,122,False,False,1.2476339864388133,21.41758953644996,121.9634428500429,0.0087205157631405385,0.18700911239123563,0.5065235173544822,moirai/patchtst,23.06588237483162,False,2.8827950208918418,12.383422580471036,109.3460030901569,0.032032507597395246,0.11531779958135807,0.42145035846834517
KOSPI,fz0_0p01,calm,4406,87,False,False,0.37010228039814974,4.0924547416575834,86.380186800941445,-0.15500093132708317,0.018774667291138872,0.12871166188721331,har/patchtst,7.679163316034523,False,2.2402508758612059,3.3138696346610472,77.703474369025102,0.02150996579327109,0.040076574523679617,0.13198523559559586
KOSPI,fz0_0p025,calm,4406,90,False,False,0.1095799138114102,3.552610481403355,89.390196093896066,-0.12519430983635349,0.039161715756089829,0.15094102782161939,har/patchtst,8.5758300289763572,False,3.1011980626210893,7.6427715988388769,83.143481125979378,0.036007880165705095,0.060085522471973879,0.1410213637939334
KOSPI,fz0_0p05,calm,4406,91,False,False,0.34115232212291347,3.7653339258321217,90.461140431724942,-0.094682624403549479,0.039590925990724848,0.1634088666781123,ewma/patchtst,9.0660597137534502,False,20.001477257213274,46.251519303019968,86.561256852512216,0.059297589226412276,0.079399745411433312,0.15251419615629408
KOSPI,fz0_avg,calm,4406,90,False,False,0.32492900205908776,4.034475576691829,89.278702110081582,-0.14138399780860936,0.030701952494583358,0.14518819553228687,har/patchtst,8.3468229937574741,False,2.8822339827584562,4.0145066757974019,81.539516427804202,0.032022558132456413,0.054903196107409416,0.13959937724469665
KOSPI,qlike_ex_near_zero,calm,4406,122,False,False,1.2476339864388133,21.41758953644996,121.9634428500429,0.0087205157631405385,0.18700911239123563,0.5065235173544822,moirai/patchtst,23.06588237483162,False,2.8827950208918418,12.383422580471036,109.3460030901569,0.032032507597395246,0.11531779958135807,0.42145035846834517
KOSPI,crps,gfc_wide,494,67,False,False,0.33824394124271628,6.3741203155293977,67,-0.19280589992264163,-0.033016644428584881,0.11887830313776161,naive/patchtst,3.506027348946708,False,37.160341988844891,37.833376723248939,38.425795978780123,0.16312154369708953,0.17342323008426413,0.20054650654396824
KOSPI,log_score,gfc_wide,494,29,False,False,0.24240381239041678,3.1317334184669914,28.794007522724801,-0.2058104694085853,-0.015161610494261197,0.16702980811405338,naive/patchtst,4.4396402673128499,False,27.686460673979632,37.373061590447577,39.014283116505375,0.076080688742224706,0.093488170044971716,0.17011080887011557
KOSPI,pinball_0p01,gfc_wide,494,31,False,False,0.098259729623263348,1.0267655981230277,30.47857305889665,-0.046144296752705975,-0.015284678529371303,0.29575323744286575,naive/timesfm,6.7776784884523469,False,0.10224584274877757,0.66510845994154522,28.372954668768692,-0.022492448459611861,-0.0018255284756005937,0.18279852198669805
KOSPI,pinball_0p025,gfc_wide,494,29,False,False,0.024684140389356787,1.9971824186230498,28.213721154995863,-0.06961471099003462,0.035368468334334185,0.32335528788192569,moirai/naive,7.2843020381564632,False,0.073984656633484094,1.1659529436222287,28.777747794156841,0.00036990872409643701,0.024246436415380268,0.18230280269840476
KOSPI,pinball_0p05,gfc_wide,494,12,False,False,0.021842229366730071,2.2140894415470518,11.273048560003025,-0.096087553869820402,0.077184821256258446,0.29153793360055752,moirai/naive,6.7010100409111608,False,1.8499106015207454,2.2957058303866251,36.530665293428939,0.042423423330692787,0.059696299652255064,0.17988563900538831
KOSPI,pinball_avg,gfc_wide,494,29,False,False,0.24896051377904643,2.07333375202714,28.216199354722242,-0.069668477059083883,0.055274489440003641,0.31146734899936923,moirai/naive,7.0650146885847942,False,0.91150026668452466,1.3859563006620459,28.834574234881821,0.01651226833418145,0.031880823755724548,0.18323337365254172
KOSPI,qlike,gfc_wide,494,37,False,False,0.084624937502054368,2.7586953806940704,36.167416766561239,-0.045342621239622259,0.08874892508315016,0.60652657901630047,naive/timesfm,13.974096788965069,False,0.30266435858950708,1.4790587151621373,35.533895323418619,-0.0052831747096008215,0.035377673922318331,0.45889401179799927
KOSPI,fz0_0p01,gfc_wide,494,33,False,False,0.22275905416437861,0.89397284222340545,32.405166900238875,-0.039341170715574247,-0.012224981540084865,0.24655275786072425,naive/patchtst,5.8892090209964776,False,0.21695741364711157,0.43991410281515525,27.624817162631029,-0.021093976224387575,-0.0029606668555158255,0.15649765828368872
KOSPI,fz0_0p025,gfc_wide,494,29,False,False,0.008898512611238996,1.1467013886220441,28.79834814859662,-0.084343210459311604,0.00057019581759528109,0.25591147816426452,moirai/naive,6.0575473851576174,False,0.28023850993663518,1.4557621007911956,27.765052552673332,-0.0085898028356479004,0.0058410701080356675,0.15756299625142531
KOSPI,fz0_0p05,gfc_wide,494,29,False,False,0.11735621899133321,1.3203268997836823,28.263432217904974,-0.095132832652397512,0.0087081837300364943,0.24866528840895408,moirai/naive,5.9272036394644907,False,1.1355919971633344,11.279653291854483,31.207360668543263,0.0095781891804325794,0.027224805016340337,0.15463418449493735
KOSPI,fz0_avg,gfc_wide,494,29,False,False,0.069595314770030045,0.88935991400079906,28.846814734017048,-0.072516696336366662,-0.0051225091696108279,0.24817494028662415,chronos/naive,5.9183845402437587,False,0.27881971955230334,0.70223465444255095,27.742465737429139,-0.01058024626765581,0.0060054549817724935,0.15839975989008201
KOSPI,qlike_ex_near_zero,gfc_wide,494,37,False,False,0.084624937502054368,2.7586953806940704,36.167416766561239,-0.045342621239622259,0.08874892508315016,0.60652657901630047,naive/timesfm,13.974096788965069,False,0.30266435858950708,1.4790587151621373,35.533895323418619,-0.0052831747096008215,0.035377673922318331,0.45889401179799927
NDX,crps,gfc,146,37,False,True,0.15129776872493764,4.7356146393201799,37,-0.33394143971580631,-0.029823842495610049,0.18201912109201548,naive/patchtst,3.1429268623759836,False,1.0589409633436562,1.2156582512942042,14.436402419589244,0.039744179255376474,0.049796291679833717,0.070179849208235556
NDX,log_score,gfc,146,8,False,False,0.061511078063092223,1.4169039046179752,7.4074340358227095,-0.37205508155352313,-0.012263223490643259,0.14889624050910474,lgbm/patchtst,2.7284435872792638,False,0.31776701970097526,0.85249554310798548,1.5121329011381273,-0.025251088056370233,0.025887395598707359,0.071853451354867245
NDX,pinball_0p01,gfc,146,7,False,False,0.038893738841322911,1.0261443686390974,6.3364824216884088,-0.05044607483201452,-0.028021453706171824,0.13989077403627212,garch11_t/gjr,2.6126597479349094,False,0.14209538968482718,0.30286889802515493,0.80793774601958446,-0.023388856145197735,-0.0055688533324614832,0.0023904726133718852
NDX,pinball_0p025,gfc,146,15,False,False,0.29919541865984606,1.3296848926802785,14.140798283317855,-0.070136154260897712,-0.03382378782065662,0.13046200011925443,naive/timesfm,2.489589254392178,False,0.088239166632714264,0.28474475992546039,0.87603104062822312,-0.02624868856685016,-0.0032256069606653999,0.0087972431173055383
NDX,pinball_0p05,gfc,146,14,False,False,0.043253347191021412,1.7474065576090698,13.811415943518503,-0.12186038263116493,-0.032831942980929757,0.17706673722278701,naive/timesfm,3.0818788039440679,False,0.035587939270961003,0.5901681530346945,0.99701295337746643,-0.031515511471621127,0.0025803204543254177,0.031347300901115267
NDX,pinball_avg,gfc,146,15,False,False,0.065083736839702519,1.3823389071399022,14.408444479472665,-0.090987688324041624,-0.030236736163637028,0.13283630272456196,naive/timesfm,2.5207729161662003,False,0.12185372617420182,0.34146079832456805,0.84478438586340099,-0.024926296228676596,-0.0017884701845196022,0.010637702824567382
NDX,qlike,gfc,146,21,False,False,0.12772230844984231,7.8134264675822394,20.006095652860381,-0.10062823094795859,0.21318857312632714,0.53059449125139757,lgbm/patchtst,7.8175555258167382,False,0.56647255147357956,1.9534266702384631,19.653135154878196,-0.066303626974278745,0.11311351598369845,0.33471284812547458
NDX,fz0_0p01,gfc,146,5,False,False,0.13223415635047667,0.80131498631685005,4.9084403573145368,-0.048514856361571587,-0.02149466895056646,0.19419051344692365,garch11_t/gjr,3.2919208168146872,False,0.4443452985006735,0.61477540955078713,0.8838555370916461,-0.026582404851667584,-0.015772555861226594,-0.0098112018144583153
NDX,fz0_0p025,gfc,146,16,False,False,0.12912870781471325,1.1641750796276074,15.762211048182522,-0.066028471697673466,-0.030839677383888056,0.071474793993380095,naive/timesfm,1.6535584051140841,False,0.41405767690868017,0.94918967382397346,1.3465825778047698,-0.047753245003038944,-0.029407139645645619,-0.0088427983323415491
NDX,fz0_0p05,gfc,146,16,False,False,0.1877903288336186,1.6196887437147733,15.758061360090235,-0.098788821040713792,-0.032903389478944903,0.1270830541466445,har/patchtst,2.444972064206711,False,0.18960417641996177,1.3851836307364502,1.8096124421224566,-0.070629831549836791,-0.049616017844796564,0.0028051072585392831
NDX,fz0_avg,gfc,146,16,False,False,0.12457365292794068,0.96494238674259392,15.924577437766011,-0.063449525593283138,-0.022768864128761307,0.0521994617433649,naive/timesfm,1.3388606196890591,False,0.62343348116523833,0.84302582298349482,1.1997214485728203,-0.040777598271521567,-0.024852370869220583,-0.016096156908608085
NDX,qlike_ex_near_zero,gfc,146,21,False,False,0.12772230844984231,7.8134264675822394,20.006095652860381,-0.10062823094795859,0.21318857312632714,0.53059449125139757,lgbm/patchtst,7.8175555258167382,False,0.56647255147357956,1.9534266702384631,19.653135154878196,-0.066303626974278745,0.11311351598369845,0.33471284812547458
NDX,crps,covid,62,21,False,True,0.029115772511265341,3.2152903636528336,21,-0.35158994082931427,0.12627002679076152,0.48168080181477535,autoarima/naive,5.2697001652285467,False,6.2738823565450872,6.4288379429427991,7.8777659655298375,0.37111038738422769,0.42650389581064496,0.48457180071797751
NDX,log_score,covid,62,9,False,False,0.24736762396059983,4.0629410767476948,8.0706875759522205,-0.3840074375682726,-0.0098708920134506946,0.56327225833531591,naive/patchtst,6.326491869873256,False,1.1936865428337518,6.9462718107858343,9.2513934081161473,0.078192776412298479,0.23179194176628107,0.51666336316109707
NDX,pinball_0p01,covid,62,21,False,True,0.22066723163048005,1.459948685310104,21,-0.12523707114670826,-0.034253642100708054,0.65862984993587037,autoarima/autoets,7.9547262684503375,False,0.47637938117086509,1.5503932865682826,5.7661967643450893,-0.10270416547170835,-0.059963943594071395,-0.0057069780994005786
NDX,pinball_0p025,covid,62,21,False,True,0.14035330628469495,1.9625826536976634,21,-0.1487693572365342,-0.061737718596103414,0.020031621505813092,chronos/garch11,1,False,0.044773321593702939,4.0979244870230538,6.1246224189215832,-0.12227104982645538,-0.010347692075034521,0.14956900177167937
NDX,pinball_0p05,covid,62,21,False,True,0.14719642934612054,2.1257890563665081,21,-0.20358656274176617,-0.091164508651892184,0.027062047845016979,garch11_t/timesfm,1,False,0.60147305753941704,5.3852373772761286,6.7875286236554953,-0.0040404592451515941,0.065939727669943812,0.23173994136213424
NDX,pinball_avg,covid,62,21,False,True,0.10817393589608446,2.0852952618788452,21,-0.16333819602301702,-0.066835472762019787,0.023691038962717875,garch11/garch11_t,1,False,0.37150443553087015,4.4913724388504477,6.4211754042513229,-0.073183205004302518,0.013044473812703917,0.20345020193338809
NDX,qlike,covid,62,9,False,False,0.060238205173765304,3.0163685885523783,8.6683279915207141,-0.32197511451435235,0.1363714808888635,0.62221705944959804,ewma/naive,7.2650964578672808,False,1.1764259772873151,1.8104950619553484,8.3066074885648149,-0.11155911113111928,-0.084141903764253637,0.53616444701269028
NDX,fz0_0p01,covid,62,21,False,True,0.19660758435302614,1.0444642943995546,21,-0.13061604861320678,-0.03476833789291349,0.60734200676322547,autoarima/autoets,7.0100540789918879,False,0.74723486727318333,1.0338201230816064,5.8741556333546869,-0.087842037286325961,-0.040576125920926118,-0.017387455929411766
NDX,fz0_0p025,covid,62,7,False,False,0.36797737464184271,1.7240843220882853,6.5061573381251785,-0.18408240760218292,-0.059979015920805054,0.080125117030166101,garch11/garch11_t,1.3424296855569566,False,0.77805597139159877,2.8792969603826961,6.1506555661961011,-0.065526048125684924,-0.037410702116042305,0.11753410426227706
NDX,fz0_0p05,covid,62,7,False,False,0.32051217784778169,2.0864669945732013,6.6798819434562908,-0.24148625222198861,-0.081061368188301869,0.027455632344742086,ewma/lgbm,1,False,0.38378914737496961,4.0948463201720102,6.551031250967811,-0.047860018096612084,-0.01203067736803419,0.17021080199814012
NDX,fz0_avg,covid,62,7,False,False,0.32111100282647242,1.6079687313394908,6.3404099825134264,-0.17603962057169978,-0.05749151784948589,0.0043324994557499526,ewma/naive,1,False,0.073919572750619861,1.0756952068990953,6.035954783614863,-0.067075331201370963,-0.032123306999265466,0.090966694054049238
NDX,qlike_ex_near_zero,covid,62,9,False,False,0.060238205173765304,3.0163685885523783,8.6683279915207141,-0.32197511451435235,0.1363714808888635,0.62221705944959804,ewma/naive,7.2650964578672808,False,1.1764259772873151,1.8104950619553484,8.3066074885648149,-0.11155911113111928,-0.084141903764253637,0.53616444701269028
NDX,crps,tightening_2022,209,15,False,False,0.2198541883692981,3.7575614996511608,14.483241701742893,-0.28326548084331582,-0.14712243405457667,0.13020929008962348,har/timesfm,2.8020641123196617,False,2.2858271476001071,2.5120674981634723,2.8399429409992618,-0.10639211433931446,-0.091792839210444288,-0.0816547021222081
NDX,log_score,tightening_2022,209,14,False,False,0.08496798204700709,1.9787420580506687,13.962020104223287,-0.17743254143785417,-0.05932493322105107,0.12712134388794155,lgbm/patchtst,2.7561010111283317,False,1.4524549353156779,2.5833016305335104,2.9593272085294622,-0.11165704679291959,-0.094977911108008517,-0.044984360558397316
NDX,pinball_0p01,tightening_2022,209,11,False,False,0.043130107558553926,1.3254516500004501,10.596346223816312,-0.073581519646685842,-0.036350150381028637,0.036990889753611755,ewma/gjr,1.1982813669340644,False,0.18820945041750092,0.69387289820617548,1.4444039902267549,-0.044644206957912942,-0.01580594856265103,0.0057733572303439902
NDX,pinball_0p025,tightening_2022,209,11,False,False,0.15558935560336223,1.2287394534207341,10.210896064745613,-0.093934632983410232,-0.031646105121540535,0.055621611975446177,ewma/gjr,1.5745580779730712,False,0.10856154856080401,0.87797907900166272,1.6699815467293417,-0.05432135124358959,-0.022200031726167128,0.010951751240796122
NDX,pinball_0p05,tightening_2022,209,13,False,False,0.043936280877799681,1.2724909983556973,12.126211629206066,-0.11982212985929346,-0.025380093920254348,0.14326141721898625,garch11/gjr,2.9935700540789298,False,0.016314316280310135,0.91864247861180537,1.6947425046314417,-0.055399603428517026,-0.023686136877779922,0.015233667041228968
NDX,pinball_avg,tightening_2022,209,13,False,False,0.31515398105804787,1.425416872347844,12.240202904732906,-0.096422696664058422,-0.034359884471480716,0.074627176164333411,garch11/gjr,1.9185839675457672,False,0.060181163183605259,0.90787300522067715,1.6273521813454361,-0.05247158340137404,-0.023290186906598738,0.012078013314226681
NDX,qlike,tightening_2022,209,10,False,False,0.48344087948310849,2.1929576418192034,9.9964010686757323,-0.12120081238257303,-0.021233004693776154,0.36700354507354427,patchtst/timesfm,6.0874032616020379,False,0.31645555554340277,1.4880464862548457,8.3299556585536259,-0.0081994254358745307,0.057115094670997867,0.26808321970498322
NDX,fz0_0p01,tightening_2022,209,9,False,False,0.092756593461417652,1.1421332852796162,8.2968303243849153,-0.074955240567014428,-0.032257574745376563,0.019465552442179419,ewma/gjr,1,False,0.41912488007815984,0.92010807527594063,1.8286389827257328,-0.061272802678714496,-0.023740150156597577,-0.0075467745635299649
NDX,fz0_0p025,tightening_2022,209,10,False,False,0.12583491387265613,1.2728994176501125,9.0351260524087902,-0.088249131989958124,-0.036279867608766454,0.053136434689402753,ewma/gjr,1.5270248005009246,False,0.70765232444233717,1.2698717584228931,1.9065933808535602,-0.064719812291638715,-0.037388452783211096,-0.016263716574516869
NDX,fz0_0p05,tightening_2022,209,12,False,False,0.012614629819205792,1.3918605538442232,11.174429725288292,-0.10258428213542597,-0.032852642591359255,0.10385380979520929,garch11/gjr,2.3998670612390609,False,0.8997711131028443,1.6589470273233018,2.2351134073165242,-0.079381444966718007,-0.053841724127071749,-0.022993424762280997
NDX,fz0_avg,tightening_2022,209,9,False,False,0.15274377184877971,1.2490658503039938,8.8276961730850623,-0.075786245896531657,-0.036540229770229644,0.040171498939124438,ewma/gjr,1.2662286698869021,False,0.66614605081539013,1.1556390047356209,1.9651963785447812,-0.067321726912880991,-0.032781903710154929,-0.014896020159718578
NDX,qlike_ex_near_zero,tightening_2022,209,10,False,False,0.48344087948310849,2.1929576418192034,9.9964010686757323,-0.12120081238257303,-0.021233004693776154,0.36700354507354427,patchtst/timesfm,6.0874032616020379,False,0.31645555554340277,1.4880464862548457,8.3299556585536259,-0.0081994254358745307,0.057115094670997867,0.26808321970498322
NDX,crps,spike_2024_08,22,8,False,True,0.076670869239549785,2.0004377052766169,8,-0.48249521666262785,-0.041732352164920661,0.62115256362910998,garch11_t/naive,5.1301650573602657,False,0.1449703224223185,0.6747484234376947,1.3055726183839187,-0.10307494153452407,0.027145197011400585,0.085562371197703616
NDX,log_score,spike_2024_08,22,8,False,True,0.4157641960208413,2.6639870573661666,8,-0.42559674904355665,0.23541601000167234,0.59006302806015243,garch11/garch11_t,4.7647043803353464,False,0.40416696134083691,1.6424004363701639,4.2628527089169319,-0.17889558168480016,0.19027829360604998,0.38418580108651196
NDX,pinball_0p01,spike_2024_08,22,8,False,True,0.56310035459118046,2.6085925389371702,8,-0.28571709288624314,0.49799440090938374,0.86761152739828573,autoets/gjr,8,False,0.12822038673985567,2.6298539932961384,4.5729407985867843,-0.16276910037150877,0.15710761728600367,0.47362766397444833
NDX,pinball_0p025,spike_2024_08,22,8,False,True,0.22882455952534536,2.4818698161313506,8,-0.47044815198498907,0.407871511881714,0.76914329296553918,ewma/har,7.7647202009201184,False,0.60606909340981663,2.8914676751867066,4.6186045058155392,-0.23058822194257467,0.040792286574702144,0.51772998317815211
NDX,pinball_0p05,spike_2024_08,22,8,False,True,0.16400098737698673,2.0322348668591692,8,-0.46046829866812267,0.49954277529985947,0.73323228372637717,autoarima/gjr,6.9240309779062228,False,0.66357057575417078,2.7509740942789227,4.5594637419588055,-0.13374614266580306,0.085363369790778146,0.53076296725307393
NDX,pinball_avg,spike_2024_08,22,8,False,True,0.047756538261107671,2.1906350716881859,8,-0.66104436352693086,0.35434173558769588,0.75814288870134106,autoarima/gjr,7.4865776659514696,False,0.17817809425304296,2.6766032901818022,5.0988493929115295,-0.11186503196511584,0.030778053963165099,0.51303649947148677
NDX,qlike,spike_2024_08,22,8,False,True,0.11496559506717312,1.274322701081934,8,-0.054658073864182664,0.16537815648323007,0.57630143850918714,autoets/gjr,4.6148785045314318,False,0.25223162403722355,0.48911929796427955,1.2018270678950955,-0.059328196403952503,0.014713258612432407,0.14880618515443356
NDX,fz0_0p01,spike_2024_08,22,8,False,True,0.62745550844796827,2.6311591219029524,8,-0.23823925375120297,0.50781691707941712,0.89867451883312399,autoets/gjr,8,False,0.81199430664206718,3.3681320984955909,8,-0.095562632520517457,0.71653765726721574,0.84745885100648144
NDX,fz0_0p025,spike_2024_08,22,8,False,True,0.18646391561878706,2.5988046955451445,8,-0.46257595058866274,0.43476633505191131,0.85019732912192858,ewma/timesfm,8,False,0.74360642984436676,2.7383639652100658,5.0759948828963033,-0.10722597768828918,0.50442686183755547,0.84184693364966134
NDX,fz0_0p05,spike_2024_08,22,8,False,True,0.10148996099276374,2.199200440150479,8,-0.43780893509598817,0.51053692446001708,0.7445992186345779,autoarima/gjr,7.1701421267006626,False,0.60074117898609203,2.8898179803701196,5.0759948828963068,-0.037488388677149945,0.43220786185977322,0.79430596662527309
NDX,fz0_avg,spike_2024_08,22,8,False,True,0.12863589528272043,2.4352916755782497,8,-0.41816640362267737,0.27812038601969002,0.78768300129506241,autoarima/gjr,8,False,0.84239110441125142,2.7921646334438712,5.0759948828963068,0.077761015312506107,0.28516397892941558,0.80892202045543138
NDX,qlike_ex_near_zero,spike_2024_08,22,8,False,True,0.11496559506717312,1.274322701081934,8,-0.054658073864182664,0.16537815648323007,0.57630143850918714,autoets/gjr,4.6148785045314318,False,0.25223162403722355,0.48911929796427955,1.2018270678950955,-0.059328196403952503,0.014713258612432407,0.14880618515443356
NDX,crps,calm,4503,140,False,False,0.2519551595012377,14.895578078734612,139.44145339559566,-0.077309203605247998,0.0035073744680511852,0.15292228231096638,garch11/naive,8.7173145974868298,False,132.61851791875236,133.48577285526173,134.96628797864238,0.16342900764408014,0.17127087527681109,0.19362554681250355
NDX,log_score,calm,4503,48,False,False,0.23971121954236585,8.3803142035614684,47.179135368516029,-0.043909672715897609,0.023010269824638645,0.14914919828153278,garch11/naive,8.5666651963563929,False,66.534884838188589,102.01408039586343,136.77946708416783,0.11027810162848442,0.14140613608984301,0.19927394889545691
NDX,pinball_0p01,calm,4503,48,False,False,0.78544196463585914,4.5878151239996132,47.708266134024313,-0.04082978867422201,0.01635095045536146,0.14072574713599861,autoarima/autoets,8.2273141233668561,False,3.028402294214533,9.0843526218511421,37.28705515079249,0.034259076844392056,0.081238494201442621,0.14304069707013295
NDX,pinball_0p025,calm,4503,55,False,False,0.35084931146832427,3.6113132277711468,54.166291659940789,-0.040873621184199349,-0.0019440840594215397,0.076125613247119375,gjr/har,5.4107110075544007,False,8.7191583334350504,10.595526745202037,43.719794454905703,0.058927438401582738,0.08830062229113203,0.13115377943366052
NDX,pinball_0p05,calm,4503,61,False,False,0.22944009865404502,3.4655248014214184,60.166803702513086,-0.050052266809688044,-0.016446604474632101,0.056782210249478174,gjr/har,4.4425017753571225,False,25.723042590817176,27.898768007812251,49.435215156938121,0.070788187381957565,0.094348160611480686,0.12246335329894562
NDX,pinball_avg,calm,4503,54,False,False,0.063192028554400329,4.9229547728165954,53.886994434798481,-0.043324667214640664,-0.0020621806965192536,0.082925093982348375,gjr/har,5.7324405891099834,False,8.9984590010494578,22.744073983680551,44.536251123266545,0.060485750746820104,0.091170462285553464,0.13289685628400341
NDX,qlike,calm,4503,88,False,False,1.9398563237650277,12.099850134640256,87.06189555126717,0.016995927362736252,0.097001909493924829,0.40302589521808302,chronos/patchtst,18.425767218203642,False,2.2080323161016091,3.5596521490402528,15.218392380516983,0.020790981398078771,0.044494712461655692,0.16977674639144114
NDX,fz0_0p01,calm,4503,47,False,False,0.51263253319627633,5.4534574683121271,46.525401365589659,-0.019343031342848212,0.015055282944782091,0.13593886044994458,autoarima/autoets,8.0324345482481743,False,1.3939304281313627,3.8039188520856788,24.137124001848129,0.010216917804772501,0.045429436307165665,0.14175597949531779
NDX,fz0_0p025,calm,4503,48,False,False,0.24456860864108951,3.0863613851438787,47.875962527666722,-0.031355294673143387,0.006692273704450382,0.10625687773238611,autoarima/autoets,6.7828149443490737,False,2.2590385871101106,7.1584672206185411,40.664520512089325,0.021546767679545758,0.047780088475771018,0.13107886567360602
NDX,fz0_0p05,calm,4503,47,False,False,0.12997599168742782,3.1495842148655671,46.938785870190124,-0.037765550164640768,-0.0021557194536534641,0.075294737547948312,autoarima/autoets,5.3708156856522349,False,2.8450566992785951,22.190186434462973,45.091219436387526,0.02373520142208058,0.047519526443676262,0.1186037276903965
NDX,fz0_avg,calm,4503,48,False,False,0.44215172962940219,4.0196089909907462,47.304260906746997,-0.027299579079384646,0.010752886665190933,0.12697282243550018,autoarima/autoets,7.6629756183189439,False,1.9911552964134667,4.1197478527331546,26.051729565428264,0.017698565125377319,0.047825884890527699,0.13601988836748707
NDX,qlike_ex_near_zero,calm,4503,88,False,False,1.9398563237650277,12.099850134640256,87.06189555126717,0.016995927362736252,0.097001909493924829,0.40302589521808302,chronos/patchtst,18.425767218203642,False,2.2080323161016091,3.5596521490402528,15.218392380516983,0.020790981398078771,0.044494712461655692,0.16977674639144114
NDX,crps,gfc_wide,504,68,False,False,0.20344323104692288,10.295799391790622,68,-0.25961091226980815,-0.015287411349038944,0.18159416280054649,naive/patchtst,4.7420975295897154,False,39.528160270393919,39.907555563871988,40.21519886914902,0.18476152252795902,0.19743295720547452,0.22342506907249973
NDX,log_score,gfc_wide,504,36,False,False,0.046815649214484098,3.7580421436957439,35.979498528522925,-0.1755256897238586,0.0094569105042123965,0.14552213678740131,naive/patchtst,4.0582964629774319,False,2.3074324619458531,34.342909171385877,38.388669815232817,0.073050943871429477,0.11155121635477813,0.13676843049360332
NDX,pinball_0p01,gfc_wide,504,24,False,False,0.17765170362501903,1.3007308882904516,23.927641300352452,-0.038534291765965963,-0.017307272465578463,0.1092510534295187,ewma/garch11,3.3313549332504362,False,0.21124543630027504,0.57666287950930495,1.449111114632027,-0.0017593783278779761,0.0080921624453535543,0.033870995432410456
NDX,pinball_0p025,gfc_wide,504,31,False,False,0.23655699641924849,1.8340457035353503,30.769432453316661,-0.054768085548044444,-0.019766869665144755,0.17403947917838614,moirai/naive,4.6011294484222898,False,0.62545376581144507,1.3750850356116853,36.166530360516653,0.0091598007709971802,0.031149433951379459,0.064649314879267367
NDX,pinball_0p05,gfc_wide,504,33,False,False,0.27115958935905543,2.5970555041067964,32.340329768632415,-0.10344340968898796,-0.0041130236798409686,0.2037824016598494,moirai/naive,5.1513201086520413,False,0.96759066213296563,2.1897056714604859,36.751741375307148,0.01792860515236425,0.066794960482470425,0.088526821141877543
NDX,pinball_avg,gfc_wide,504,34,False,False,0.26295484198817598,2.0699619851563504,33.857941289997058,-0.076106880661654955,-0.0032428028841449243,0.17553872948649918,moirai/naive,4.6291838418378415,False,0.67609067733776584,1.4878854106783261,36.297995303242914,0.01031780327493771,0.035336208518756226,0.065159375302218853
NDX,qlike,gfc_wide,504,38,False,False,0.238971320165006,7.4934730900033459,37.664565168667728,-0.10279688053853075,0.25874527046006701,0.46821817140829031,lgbm/patchtst,10.283557483414976,False,0.11172618268968366,4.0987804703347086,35.516370508088706,-0.028046849978331935,0.1699400309665253,0.39096404599159124
NDX,fz0_0p01,gfc_wide,504,37,False,False,0.16043975239896846,1.1256437634240011,36.065690598126309,-0.032674142759208755,-0.013478319736190309,0.089353360061838735,naive/timesfm,2.9057310222292876,False,0.26616062327461054,0.47535606771098526,1.302757217051346,-0.015012187127947425,-0.0041382373239143158,0.02858576347155857
NDX,fz0_0p025,gfc_wide,504,36,False,False,0.081671680635855601,1.4387883404468718,35.607210095314493,-0.04354266114798401,0.0011617798380822372,0.13518277194775069,naive/timesfm,3.8560981352059285,False,0.035740587629777679,0.91641691752465448,34.617897833820457,-0.021816400701629751,-0.0017254761031499008,0.049894577935720164
NDX,fz0_0p05,gfc_wide,504,36,False,False,0.10818565256829331,2.1833732252507723,35.177711232089734,-0.069308633083988297,0.0087590800488333131,0.15210339913763657,moirai/naive,4.185335789814804,False,0.13988716816576724,1.298328304236162,34.87655465604697,-0.032166365269272745,0.0065363810574320556,0.055060494474974332
NDX,fz0_avg,gfc_wide,504,36,False,False,0.0082764427202063791,1.2432492464305838,35.93605365194734,-0.045986882123427462,-0.0029777911466025843,0.11762951430551349,naive/timesfm,3.5040657079104145,False,0.27032513306012085,0.7226222144322404,34.500307964460511,-0.018922538871599181,-0.0033498627344118572,0.040614325184652744
NDX,qlike_ex_near_zero,gfc_wide,504,38,False,False,0.238971320165006,7.4934730900033459,37.664565168667728,-0.10279688053853075,0.25874527046006701,0.46821817140829031,lgbm/patchtst,10.283557483414976,False,0.11172618268968366,4.0987804703347086,35.516370508088706,-0.028046849978331935,0.1699400309665253,0.39096404599159124
NKX,crps,gfc,140,19,False,False,0.31195368255698291,13.140054098753966,18.463676948200877,-0.25202159254392242,0.1774929674127344,0.59516439598881932,moirai/timesfm,8.9356940797355726,False,15.445517186363382,17.575715352733656,17.800328112921626,0.16102682409026361,0.18327246912585268,0.20624535976009042
NKX,log_score,gfc,140,18,False,False,0.16056587826055058,9.6406507340228682,17.011324622891408,-0.084863191871274071,0.17084775839235578,0.40620412377072873,har/timesfm,5.8362284650331695,False,8.0070419411549842,10.111682262203301,16.767034925367593,0.017868520568210193,0.10050075461107842,0.21638019003675829
NKX,pinball_0p01,gfc,140,17,False,False,0.1725210380954543,2.1583731550424865,16.351800175633851,-0.31191292741442139,-0.024751707274751299,0.23714241883170561,moirai/timesfm,3.7571380180205423,False,0.7066000420197226,6.2697489866710692,10.589636719023192,-0.056757818197038595,-0.019227960960867759,0.031188710428441208
NKX,pinball_0p025,gfc,140,11,False,False,0.069113037697956264,1.4279800429660867,10.921915021246885,-0.27549419966022304,-0.024266957792571819,0.22636736546078942,moirai/timesfm,3.6296554016319629,False,0.78362453011786337,7.9359576757476757,8.2661311944561291,-0.055508683659211487,0.00099694605512454584,0.023724580911513679
NKX,pinball_0p05,gfc,140,14,False,False,0.15891819370610888,1.4551384616968672,13.264076069789223,-0.214797698823569,-0.044797068324849476,0.2686490643038521,moirai/timesfm,4.1295725492675786,False,0.61269915512545159,8.1738297826085926,16.188191613282132,-0.038623068950021919,0.0065128351007541219,0.031507967811096931
NKX,pinball_avg,gfc,140,17,False,False,0.16197360275315303,1.5150340981251955,16.523392355726482,-0.2778703167543039,-0.029099563635678366,0.24862959102778323,moirai/timesfm,3.8928693836057007,False,0.35738169265432862,7.7822094759156144,8.2781800688215572,-0.05055633338364969,0.0026512815475406696,0.025568861307441119
NKX,qlike,gfc,140,19,False,False,0.11804466885820669,2.2098212039742875,18.139554701846315,-0.15521218943916873,0.016362887272514448,0.82390806576739017,ewma/garch11_t,17.681427576466952,False,2.0551244639993782,6.6937899881521377,17.155572195192068,0.094023825508246769,0.14250177133065173,0.38039032965287312
NKX,fz0_0p01,gfc,140,17,False,False,0.33482709587821669,3.6452264749832679,16.276177425965869,-0.23471505973462317,-0.028212610231440428,0.172884473924202,naive/patchtst,2.9880152992322588,False,0.46738460428097994,1.973621677256526,8.273088788386433,-0.08030149561474384,-0.026436950604629576,0.029296018069523488
NKX,fz0_0p025,gfc,140,17,False,False,0.23366011112109977,1.9250217025357315,16.963738886515976,-0.23086639482019403,-0.033544818831942824,0.13196446044987967,naive/patchtst,2.4744815538141021,False,0.42705386655702959,5.5446268327772614,8.2377125651666248,-0.096497766580908445,-0.041895445169946081,0.021776498572814669
NKX,fz0_0p05,gfc,140,28,False,False,0.40011778455957631,1.8481512249326633,27.591859502254017,-0.21296639345307961,-0.051349019326900919,0.16359343880580926,moirai/timesfm,2.8738089077504081,False,0.26190824989281514,6.3768431740579743,8.1471689710137625,-0.095372736498821442,-0.060904249428197957,0.015868440391036791
NKX,fz0_avg,gfc,140,18,False,False,0.40131960160629915,2.2235086971066265,17.515809698065745,-0.23481685696243362,-0.032846081972108782,0.1563406693545748,naive/patchtst,2.7838070503392673,False,0.5205682827402448,5.2419887508960707,8.2513553682811267,-0.088547799134223545,-0.040179101676235167,0.025498988568166979
NKX,qlike_ex_near_zero,gfc,140,19,False,False,0.11804466885820669,2.2098212039742875,18.139554701846315,-0.15521218943916873,0.016362887272514448,0.82390806576739017,ewma/garch11_t,17.681427576466952,False,2.0551244639993782,6.6937899881521377,17.155572195192068,0.094023825508246769,0.14250177133065173,0.38039032965287312
NKX,crps,covid,60,20,False,True,0.064142616084453402,2.0793607880750953,20,-0.31345057810386828,0.21781666890340667,0.46771028857433694,garch11_t/naive,5.0531226812897234,False,3.0683863031612875,3.351735766638376,3.6231844303833851,0.35838469425556169,0.39013660966441993,0.42779724230127891
NKX,log_score,covid,60,6,False,False,0.28325538800188593,2.0980560830153205,5.8498084123366656,-0.29930881475211335,0.22935614306983723,0.53791376761501608,ewma/lgbm,5.9084368430479666,False,1.4685912095043261,2.2073280462011295,3.1181564207649219,0.11545948004537455,0.26415657194669995,0.44113467244276472
NKX,pinball_0p01,covid,60,20,False,True,0.22531459365903969,1.648367987098232,20,-0.10168945487288372,0.032985665855856952,0.29219490061198233,naive/patchtst,3.324462576531662,False,0.49030952149391416,1.3102861822603475,1.9395796849927665,-0.11081454872865243,-0.050639938425338329,0.15172765620350762
NKX,pinball_0p025,covid,60,15,False,False,0.25375815967613563,1.6888181141027063,14.156273770091749,-0.13012791989146882,0.14041561370926919,0.35996127436554293,garch11/garch11_t,3.9486577386464301,False,0.090036995782346252,0.70835814422490273,1.9839781035203099,-0.1137704660978472,0.0017352533145965296,0.18759645528261559
NKX,pinball_0p05,covid,60,7,False,False,0.071553892886269468,1.7787561393799816,6.4036277524047511,-0.15763008326607203,0.11518943749005738,0.44347816770215948,lgbm/naive,4.7872640152162544,False,0.79404669592333355,1.4585239891048967,2.1731526155638528,-0.1262204279019099,0.082047829069346975,0.23293062175189633
NKX,pinball_avg,covid,60,7,False,False,0.26936842266375655,1.7416693660787754,6.8679523540564977,-0.14229859334708059,0.14314578820185819,0.32681380535903737,naive/patchtst,3.639186457085358,False,0.21451781406959292,0.83841417647615724,2.0404153609171352,-0.11751038930442917,0.016853010693430561,0.19546429137528859
NKX,qlike,covid,60,16,False,True,0.038411374230868447,2.2594712993139012,15.386472623690112,-0.10899157756149321,0.13606363415005496,0.48852180830386138,naive/patchtst,5.2921879017031879,False,0.85971292886934858,1.8624680814080634,6.2212904519596757,-0.17196805340284912,-0.079416414773440816,0.21990223860897867
NKX,fz0_0p01,covid,60,20,False,True,0.11852028060732486,1.547491341535006,20,-0.097701090254494347,0.019224303999816651,0.23981646924380878,ewma/naive,2.8565133957141957,False,0.75038484431647023,1.2287872953473791,4.1374747374400984,-0.08002638370108113,-0.048032063292269049,0.16422640697244384
NKX,fz0_0p025,covid,60,20,False,True,0.096615595231605123,1.6658943530439116,20,-0.10283935751416656,0.13262656654959742,0.3018420602879201,har/naive,3.4115050454267428,False,0.15155412112859948,0.84328575001284167,1.956266011478109,-0.067155825229266372,-0.014365950238330059,0.20265855895834145
NKX,fz0_0p05,covid,60,20,False,True,0.20072330758114387,1.7335089792932192,20,-0.11072984569276999,0.12277785190699679,0.38180361820097269,lgbm/naive,4.1585858399622326,False,0.57340249424706291,1.1341357379222352,2.1392420806153054,-0.062298245806945846,0.042661760060305726,0.24606116742427045
NKX,fz0_avg,covid,60,20,False,True,0.078854154779450306,1.6061828896052834,20,-0.10420754469839288,0.11319512366543602,0.27516578040565787,har/naive,3.1717106292150157,False,0.11643899200871867,0.81511095896977215,4.6377390718202767,-0.065887055459350349,-0.024556095057497784,0.19226166306397588
NKX,qlike_ex_near_zero,covid,60,16,False,True,0.038411374230868447,2.2594712993139012,15.386472623690112,-0.10899157756149321,0.13606363415005496,0.48852180830386138,naive/patchtst,5.2921879017031879,False,0.85971292886934858,1.8624680814080634,6.2212904519596757,-0.17196805340284912,-0.079416414773440816,0.21990223860897867
NKX,crps,tightening_2022,202,13,False,False,0.14796150017512835,2.6841408079176396,12.027320609223073,-0.2621407009306046,-0.080318848086942729,0.10146112951560164,moirai/timesfm,2.3354109129600049,False,1.7999335216989996,2.0779785430733875,2.3489737483430146,-0.085688561840495073,-0.073409382828223707,-0.060913489427447585
NKX,log_score,tightening_2022,202,7,False,False,0.077165348649895535,1.7655695769345037,6.7958176131418391,-0.18650635963014647,-0.051778603484867694,0.086366298457112051,chronos/timesfm,2.0936213932623833,False,1.7311427916243629,2.1616165567299044,3.318932576495595,-0.12890316501989305,-0.077194641664005442,-0.057855217173311518
NKX,pinball_0p01,tightening_2022,202,2,False,False,0.14022078118623962,0.95832198920982137,1.8377655946901175,-0.062602308377050886,-0.025569322441334086,0.022336005864614428,garch11_t/naive,1,False,0.24538841147879772,1.2072667342392236,2.6066782006431888,-0.097350282201163735,-0.035342571980198301,0.04895029558347077
NKX,pinball_0p025,tightening_2022,202,3,False,False,0.12871461886882335,1.2940568530679002,2.1138258380017914,-0.075030853922529672,-0.03851641308224879,0.052246284542960958,autoarima/autoets,1.4927802587063148,False,0.20695808909752544,1.6144753752266778,2.2514160328555204,-0.081264692967165417,-0.052712388290683018,-0.002689859581833578
NKX,pinball_0p05,tightening_2022,202,3,False,False,0.12501916427477119,1.3825374153497021,2.4937178620572777,-0.088704944947308156,-0.0026970603584704216,0.21640856163653477,lgbm/moirai,3.9679945348193191,True,1.171256762988699,1.9176124038865043,2.4464651503538928,-0.090106865164249941,-0.06618036204331415,-0.033939041807792947
NKX,pinball_avg,tightening_2022,202,3,False,False,0.047295000732977814,1.1879575673331653,2.2662840424480941,-0.081938872627064216,-0.028778159546361835,0.052549200073966913,chronos/patchtst,1.4985764313098198,False,0.89103650452306293,1.7594385040844587,2.5313453719539329,-0.093947983459694032,-0.059111093695615631,-0.023046145219309866
NKX,qlike,tightening_2022,202,13,False,False,0.10757739858455628,2.0173930112111478,12.858800854767967,-0.11879405008601511,0.061943320374741762,0.30566537597543608,patchtst/timesfm,5.1649314833658435,False,0.056040572512428763,1.6973145301568993,2.062856860849327,-0.00038077784333018504,0.072760416345253279,0.10256131274641088
NKX,fz0_0p01,tightening_2022,202,2,False,False,0.13335602848158673,0.91306655358573685,1.751918158853812,-0.058777016056051463,-0.023865120306414078,0.010089490731494934,garch11_t/naive,1,False,0.15494761049235531,1.105539788736625,1.5989218189630554,-0.040465514189285949,-0.031234209847867032,0.065706904640065261
NKX,fz0_0p025,tightening_2022,202,3,False,False,0.2236045699702231,1.2449657005521129,2.053116903566186,-0.07228578303166848,-0.036952622286050806,0.029938718228979914,autoarima/autoets,1.0286065956351045,False,0.5899148276056736,1.4200122292000825,1.6082077640806813,-0.052437892365339703,-0.044299266956502929,-0.012684486526251841
NKX,fz0_0p05,tightening_2022,202,3,False,False,0.054209411020809832,1.2389793895131898,2.3957030651100917,-0.087806940217561011,-0.026740929562807068,0.12159116016888902,lgbm/moirai,2.6429038154156586,False,0.65118099068328894,1.3958971124477695,1.8826047950715683,-0.064609499367266371,-0.043272861709309843,-0.014651593634043914
NKX,fz0_avg,tightening_2022,202,3,False,False,0.14333587879248871,1.1858686631440292,2.0099484568887638,-0.070337025336693892,-0.034532129908725562,0.018078541295737469,autoarima/autoets,1,False,0.47196557841081721,1.3688453061038455,1.5801878959362978,-0.051213194029241391,-0.042126533148322404,-0.0091432158379801832
NKX,qlike_ex_near_zero,tightening_2022,202,13,False,False,0.10757739858455628,2.0173930112111478,12.858800854767967,-0.11879405008601511,0.061943320374741762,0.30566537597543608,patchtst/timesfm,5.1649314833658435,False,0.056040572512428763,1.6973145301568993,2.062856860849327,-0.00038077784333018504,0.072760416345253279,0.10256131274641088
NKX,crps,spike_2024_08,21,7,False,True,0.020574646076338219,1.0228914634749646,7,-0.35664822372371219,0.013087036757885874,0.69622756840425348,moirai/timesfm,6.1273027923688304,False,2.2009815621027706,2.3094140906704368,2.4312527814387721,0.5890726867510494,0.60313164141699882,0.61365597766819202
NKX,log_score,spike_2024_08,21,7,False,True,0.16259197445501369,1.8793287223932129,7,-0.33288966861845165,0.42429320834865902,0.52239325432496941,lgbm/patchtst,4.021521113805635,False,1.7158295260633785,1.9240021743114668,2.3356552325884818,0.33396858929942308,0.45329390023100308,0.55843119114739415
NKX,pinball_0p01,spike_2024_08,21,7,False,True,0.11319966291061467,1.5177587676836446,7,-0.48936596482767059,0.22777594008430663,0.48668769700083209,autoets/har,3.7144069188465618,False,1.4156476130291804,1.4718973634307104,1.4927080652848441,0.2143958592085547,0.2333220298565607,0.24067807672223698
NKX,pinball_0p025,spike_2024_08,21,7,False,True,0.090082319558783944,2.0911438361872472,7,-0.29778122743211782,0.2936896064774569,0.80504801355810995,garch11/garch11_t,7,False,1.5166412884554119,1.570208797324478,1.5814480465477834,0.24938818718616335,0.26991173957685055,0.27440817524997774
NKX,pinball_0p05,spike_2024_08,21,7,False,True,0.37026929524209301,2.5178626796444123,7,-0.18410440680090326,0.34513618085186154,0.72966829574598135,garch11/garch11_t,6.7447723271262827,False,1.6178014252977335,1.6528881905653845,1.6838128804713772,0.28943276261737155,0.30466780499701035,0.31873387632070815
NKX,pinball_avg,spike_2024_08,21,7,False,True,0.090444202957467745,1.9008265934755901,7,-0.32997262895017015,0.28838211715498396,0.64885474666633403,moirai/timesfm,5.4089010731479306,False,1.5242579896880029,1.5712391065453182,1.5929610983887592,0.25221807626614495,0.27032109092607931,0.27908582700315132
NKX,qlike,spike_2024_08,21,7,False,True,0.69094852674045204,3.046341363869546,7,-0.20182191536018501,0.47652588506267279,0.80764178788163277,ewma/gjr,7,False,0.96916819705876767,1.8344489888665898,4.3151665091127089,-0.18905467918037747,0.10540784359738223,0.40790967150985052
NKX,fz0_0p01,spike_2024_08,21,7,False,True,0.065226511704218504,1.2431438950891303,7,-0.49733720872036707,0.14245088282289298,0.4695659320296442,lgbm/naive,3.5758084417466733,False,1.4455754620597956,1.4948284504850458,1.7089901138257624,0.2242963237694367,0.24143880077157087,0.33065454217632867
NKX,fz0_0p025,spike_2024_08,21,7,False,True,0.040972415757085018,1.4168739829658326,7,-0.29627982130504427,0.15932997733412174,0.69940014071001366,lgbm/naive,6.1813648284983165,False,1.5177379602883894,1.572947701573673,1.756600990253083,0.2497938931000854,0.27100118833423059,0.35443058818161438
NKX,fz0_0p05,spike_2024_08,21,7,False,True,0.056361101916881519,1.3931714174867067,7,-0.30223124074369784,0.155893073705347,0.69563787576358749,lgbm/naive,6.1173479693865023,False,1.5774137085497297,1.6578909391675742,1.8328590004168157,0.27278629836778306,0.30690169598509071,0.396247058314039
NKX,fz0_avg,spike_2024_08,21,7,False,True,0.069399719642461971,1.3372496424560887,7,-0.38494870412663051,0.15364693831412002,0.61257193681916133,lgbm/naive,4.9479062733712915,False,1.4897693817182824,1.5445277682652243,1.7452177739848942,0.23962724116563644,0.2598895128011946,0.34859292808429049
NKX,qlike_ex_near_zero,spike_2024_08,21,7,False,True,0.69094852674045204,3.046341363869546,7,-0.20182191536018501,0.47652588506267279,0.80764178788163277,ewma/gjr,7,False,0.96916819705876767,1.8344489888665898,4.3151665091127089,-0.18905467918037747,0.10540784359738223,0.40790967150985052
NKX,crps,calm,4351,149,False,False,0.47025511828630168,19.005326503974391,148.24318525342505,-0.026574088172764646,0.08770998923961168,0.9295874623171656,autoarima/autoets,106.91303036378841,False,90.808318038006632,92.530254948156355,128.31419615907947,0.19995202176768517,0.21323319741090532,0.2543733927693459
NKX,log_score,calm,4351,62,False,False,1.6583180350721689,14.815505140130512,61.733851323684817,0.01357582198691719,0.19936000408573945,0.4245772545664615,naive/patchtst,19.132390674816367,False,20.275879846765669,58.690688370158966,120.84495909603663,0.16238731738509044,0.20249068068854528,0.39670135577479615
NKX,pinball_0p01,calm,4351,63,False,False,0.051778544383045196,10.485626602719828,62.694267219982372,-0.01348524522435054,0.045529279059117821,0.34545948889394607,autoarima/autoets,15.896691904636738,False,7.1829503304607236,7.7006163589709145,25.472020492313906,0.11921447562458523,0.15619220761306754,0.18238420572502217
NKX,pinball_0p025,calm,4351,66,False,False,0.078904314609219761,23.613511054396959,65.764740212509921,-0.02152024239088306,0.028906220420346289,0.61802632392757606,autoarima/autoets,29.664617224224756,False,9.0813889696334122,26.019558891007524,28.980694225145363,0.12121981010616648,0.15003414331940376,0.16713097742168714
NKX,pinball_0p05,calm,4351,71,False,False,0.93459804753670483,18.059025881425555,70.377414633129277,-0.026949656107706402,0.026146876652586575,0.77834703961801532,autoarima/autoets,46.691260115431348,False,29.172808825951595,30.39363074108077,57.200311523648999,0.13335286082281533,0.15461300116078763,0.18178781134522584
NKX,pinball_avg,calm,4351,68,False,False,0.34728787779813619,25.330691194987047,67.398832405368353,-0.021241529776963586,0.031722361716607035,0.67946095733331124,autoarima/autoets,34.64622200215706,False,25.041496839081397,26.420675955834763,29.35825035826316,0.12678477371490315,0.15519074112111322,0.17370061871716777
NKX,qlike,calm,4350,149,False,False,0.085145573326413218,21.296698777517669,148.69238171444829,-0.00015374085762501089,0.19144404993876621,0.7602510226751128,autoarima/autoets,43.91679100077959,False,2.9238282140858294,8.5906825875604653,146.60394074440566,0.032987916292910507,0.080985985600135535,0.18370446941108626
NKX,fz0_0p01,calm,4351,32,False,False,0.13468164812113165,8.5082393452447072,31.634743649786785,-0.024407312047179466,0.088261346202963609,0.20609763998173425,naive/patchtst,10.654402103299276,False,5.6993670832934091,7.8195368324227648,41.87655151727558,0.085642324569537617,0.14526940103850974,0.21310798488632271
NKX,fz0_0p025,calm,4351,34,False,False,0.53616691357289137,9.8149392607198287,33.344182215848406,-0.027566996311495093,0.082333319325704091,0.1936817573737302,naive/patchtst,10.186912151897364,False,7.1587329441737264,8.4287424048436623,48.035886930942638,0.08431337752703956,0.12902325450465812,0.20129510309210047
NKX,fz0_0p05,calm,4351,53,False,False,0.70259044514742619,11.159994518018058,52.660523967114393,-0.024932105470523835,0.07731802897067519,0.17806779056718058,naive/patchtst,9.5932590066240824,False,9.571205173810144,10.641928234005967,51.797597693421622,0.088976767106042576,0.12166851586639876,0.18766869010803683
NKX,fz0_avg,calm,4351,29,False,False,0.49702024907243275,9.5328975242484937,28.761172981753887,-0.027492223530207138,0.089518981348213164,0.20116646745291467,naive/patchtst,10.469136121398565,False,6.8402702636519797,8.3265947567747958,45.600165367031011,0.086275419251630237,0.13765000621869941,0.2072098389504681
NKX,qlike_ex_near_zero,calm,4349,149,False,False,0.048292214152111948,21.28774084146227,148.71216067133889,6.570560449119997e-05,0.19149882495045389,0.76025070944971351,autoarima/autoets,43.913380371571925,False,3.1188048284237273,9.0083850390604567,147.36715228950365,0.036592000883246018,0.067298639624837467,0.18494033063641371
NKX,crps,gfc_wide,489,33,False,False,0.58225641453396437,25.571917523085329,32.908150007949963,-0.20154929506641145,0.19640723540106447,0.93823055734683702,autoarima/autoets,56.48160199736072,True,34.97102618595072,37.042219587155309,37.754546685530627,0.25122581912074732,0.2794967716687336,0.31472446673756205
NKX,log_score,gfc_wide,489,34,False,False,0.1918014227636973,26.578512200463269,33.34757469737918,-0.072653440661468879,0.20450502840202267,0.82911878742899392,autoarima/autoets,27.433026447206689,False,30.054838618267762,35.921647466723087,37.871440953217913,0.12213195228367554,0.18092906322244712,0.26133366325772495
NKX,pinball_0p01,gfc_wide,489,37,False,False,0.99806716791216399,23.564163807336904,36.289263240147172,-0.28133593304633581,0.020070059824729144,0.81017810327226325,autoarima/autoets,25.36074224981364,False,0.81287307264753828,27.720457406471464,33.041883903598695,-0.004960098016931043,0.01499921644957525,0.078193017288789607
NKX,pinball_0p025,gfc_wide,489,35,False,False,0.16758458464227555,20.712850729758927,34.942522329613332,-0.24201971100194059,0.015979613757108418,0.91306842359544671,autoarima/autoets,44.553676457473713,True,10.40672930422531,29.630794322379359,34.808307713881277,0.015246143422228601,0.056495670706966677,0.083608057566225136
NKX,pinball_0p05,gfc_wide,489,35,False,False,0.067334708506894284,2.6422750975746458,34.316985466043405,-0.18606181380341116,0.0013822342121689228,0.92999185600892376,autoarima/autoets,51.800836519687721,True,18.876945690894576,31.03434472411519,32.904841364730622,0.043777287839542489,0.076981033904975751,0.11646615614710083
NKX,pinball_avg,gfc_wide,489,35,False,False,0.20312330598043346,23.681327105397415,34.828455289523923,-0.24910062021226001,0.012658369646587155,0.91735229145237029,autoarima/autoets,46.155378206322858,True,11.023683945381192,29.668129507259177,34.771053238368232,0.020343464024682404,0.06004973199197005,0.086442310924760221
NKX,qlike,gfc_wide,489,34,False,False,0.33807060180220422,10.28317074746619,33.567351512163462,-0.071833511382334292,0.061625284873142158,0.93778971236618569,autoarima/autoets,56.205365426219906,True,7.8070224950507816,25.163495186105216,35.109602895699815,0.027021265562829331,0.11726312697683776,0.65613799689962038
NKX,fz0_0p01,gfc_wide,489,34,False,False,0.33233851002680925,22.439489819713085,33.659961176563733,-0.17985508799754771,0.003649263213081933,0.32437669034547395,autoarima/autoets,7.2785079381450544,False,0.1385888500162438,17.497577451803767,34.365647301318234,-0.025152983204730001,-0.00063608160450059003,0.084261280675701711
NKX,fz0_0p025,gfc_wide,489,34,False,False,0.083356550147074951,23.100335430108498,33.407651397930067,-0.16957035812413565,-0.0043569155206880303,0.47728925752812207,autoarima/autoets,10.387790113530677,False,1.1146616958968356,27.227352150444016,32.540126000455793,-0.020033476727667268,0.014043861975491399,0.09182754697218036
NKX,fz0_0p05,gfc_wide,489,33,False,False,0.36410183930416717,22.747005628603141,32.965565407397733,-0.16127253755250573,-0.010669565331645176,0.61474696093734227,autoarima/autoets,14.203125701191697,False,1.5647498852616724,28.192524620907275,35.386039372175645,-0.0067031920640787173,0.035499920400040033,0.094783468236387683
NKX,fz0_avg,gfc_wide,489,35,False,False,0.13288779129554668,22.811071491568129,34.241367809809006,-0.17877794924155502,-0.00061256592871081444,0.42999311505293109,autoarima/autoets,9.3465572922180815,False,0.84990639286757819,18.284509239549223,32.30677502718725,-0.019682007778991716,0.012905426211116759,0.089204773435244467
NKX,qlike_ex_near_zero,gfc_wide,489,34,False,False,0.33807060180220422,10.28317074746619,33.567351512163462,-0.071833511382334292,0.061625284873142158,0.93778971236618569,autoarima/autoets,56.205365426219906,True,7.8070224950507816,25.163495186105216,35.109602895699815,0.027021265562829331,0.11726312697683776,0.65613799689962038
SPY,crps,gfc,146,20,False,False,0.088711417925816063,3.3505263960456384,19.352204530820075,-0.32081493462718663,-0.10640672297044121,0.21111339547142371,ewma/garch11,3.4971342376561885,False,7.4712673731617203,14.363931700554703,18.103185009229467,-0.033185440494905634,0.02919376735561733,0.070770514112094118
SPY,log_score,gfc,146,8,False,False,0.19652468249304608,2.3808757905401445,7.7437167426884903,-0.1656735027935872,-0.055873051479074273,0.27478360128361029,ewma/garch11,4.2614675599975769,False,0.23016737172990137,1.6904906051788842,7.4910203862007974,-0.07894698163290545,-0.059864399693736019,0.028259625972708501
SPY,pinball_0p01,gfc,146,12,False,False,0.16062975237921789,0.81333670491210741,11.553288064524802,-0.057236780685033836,-0.021937906732114987,0.047086593199082982,lgbm/naive,1.2495170627589725,False,0.012644668789052405,0.61491907714020633,1.059248805700838,-0.034306402910506024,-0.013581686147039777,0.020725010304967609
SPY,pinball_0p025,gfc,146,24,False,False,0.071779724131444678,1.0485256516105901,23.28521722356502,-0.081621460031868612,-0.032417400561341542,0.16354167499762515,autoarima/har,2.913641822146229,False,0.17807802141479293,0.70633356981943729,1.4680143499827223,-0.053647706988114004,-0.010430586781181224,0.043279153372286341
SPY,pinball_0p05,gfc,146,25,False,False,0.10026774021089054,1.5616073386431699,24.057497968935145,-0.12547617884754572,-0.042300738383378507,0.16423641185778573,autoarima/timesfm,2.9223434244443722,False,0.24215713312662593,0.94920507788124187,1.8598089031925591,-0.073155950537008171,-0.0039940247389298328,0.066457716855808383
SPY,pinball_avg,gfc,146,19,False,False,0.31542740756725424,1.1873082435904765,18.906963731807444,-0.093518474255178383,-0.038185234529709643,0.07946671249637377,lgbm/naive,1.7760657190868576,False,0.11827088896936638,0.7278095241305873,1.5510572494793822,-0.057730659429593288,-0.010862083091410481,0.049111055382297597
SPY,qlike,gfc,146,23,False,False,0.22226930028947153,2.6819388363363461,22.326310428630077,-0.033661470345873093,0.199862955357582,0.56111099869382552,naive/patchtst,8.375451649993364,False,0.56892131995796213,2.6231613231033104,11.272341104226884,0.014931580632916473,0.091043718514097441,0.41458414559794188
SPY,fz0_0p01,gfc,146,13,False,False,0.042172743312660438,0.78070203870048327,12.415016431502757,-0.048576196857650807,-0.021173757931842702,0.011840069215569149,moirai/naive,1,False,0.77574232288608169,0.95049767635706128,6.0894009264405975,-0.054492498607384594,-0.029464362787170593,-0.022065926436479616
SPY,fz0_0p025,gfc,146,23,False,False,0.099162638253201152,0.99542937606219106,22.350755822057579,-0.069033931688076866,-0.03144529216317736,0.018779763122296875,moirai/naive,1,False,0.97951331971344546,1.5121668972506621,7.721367082957129,-0.082829481269655558,-0.053507027671626184,-0.030740208241043732
SPY,fz0_0p05,gfc,146,13,False,False,0.17307141841537951,1.3469032997103874,12.479479666387212,-0.095634347974830239,-0.045127732325390309,0.052439651370109565,moirai/naive,1.342987112530176,False,0.72619077404957044,1.9027895746917329,9.2782900960998234,-0.11148409977347114,-0.075322295753655566,-0.020069315074709004
SPY,fz0_avg,gfc,146,13,False,False,0.029023477495313275,0.95315773083459376,12.465658310741579,-0.064396571924323506,-0.029489417393074903,0.019502960194920989,moirai/naive,1,False,0.92127756473868616,1.451617056826912,7.4310424774382513,-0.075465232496822424,-0.049138245504790568,-0.028192189839324935
SPY,qlike_ex_near_zero,gfc,146,23,False,False,0.22226930028947153,2.6819388363363461,22.326310428630077,-0.033661470345873093,0.199862955357582,0.56111099869382552,naive/patchtst,8.375451649993364,False,0.56892131995796213,2.6231613231033104,11.272341104226884,0.014931580632916473,0.091043718514097441,0.41458414559794188
SPY,crps,covid,62,21,False,True,0.23566983590533844,4.1348647633478635,21,-0.45828167765028127,0.12245053214926231,0.44426907156705914,moirai/naive,4.8484536443788242,False,6.7030601413182849,8.2207052852814879,10.387220167376855,0.33960254381435478,0.40214538299854258,0.44254076528863323
SPY,log_score,covid,62,21,False,True,0.075308747961761596,3.3268919608293821,21,-0.45150422441851695,-0.012190675645087082,0.44291757749766547,moirai/naive,4.8338028963247002,False,2.0849833270978833,7.3505995371564481,8.0082925699297238,0.09042306168355306,0.25974924787889797,0.40841935275870012
SPY,pinball_0p01,covid,62,21,False,True,0.21702123609968121,2.0464362143108636,21,-0.13972884499628549,-0.049446842554679238,0.070626044700690796,naive/patchtst,1.2329308005869304,False,0.782013294879363,3.3389303944349193,6.5865092740890869,-0.09003570636484598,-0.04221592806219792,0.0050816873581189751
SPY,pinball_0p025,covid,62,21,False,True,0.10237490509731652,2.3315838830492792,21,-0.16741124123745749,-0.068177657303439554,0.054938326067622036,lgbm/patchtst,1.0414532523416582,False,0.18021189120375897,5.0336186814728956,6.6714676881480912,-0.054104610126078381,-0.022925379079205586,0.010940661648011381
SPY,pinball_0p05,covid,62,14,False,False,0.33658761658297165,3.083862189190246,13.575803307996567,-0.25079665604075041,-0.11760518848008117,0.024443896357708068,garch11_t/har,1,False,0.25261125674649632,6.2411865692095478,6.8755501470917224,-0.010799945350056888,0.02909258055116935,0.079644502705627909
SPY,pinball_avg,covid,62,11,False,False,0.24744058993600021,2.5874309760726688,10.69888681170915,-0.18822392531652318,-0.076246826341790364,0.03628631464190047,naive/patchtst,1,False,0.3750213504150634,5.7207784014890644,6.6720168299389453,-0.035319453441213913,-0.0020245679315963969,0.024206068311488315
SPY,qlike,covid,62,9,False,False,0.22953771420263322,1.4586336611090664,8.2736015692290952,-0.11128328102118099,0.089698422788355436,0.58913563516500456,lgbm/patchtst,6.715600927776241,False,0.89783046514313369,1.0958360605787896,6.6778947431452362,-0.06762532790526482,-0.044694376885298655,0.47581131503177992
SPY,fz0_0p01,covid,62,21,False,True,0.085073558147951686,3.2319854911953434,21,-0.19165169579476463,-0.035802009441884081,0.11759191985354109,chronos/ewma,1.7423316037599574,False,0.45763742527511081,0.98016401931447161,6.6156481856560685,-0.059539143857384375,-0.044354972457273746,0.042910961904778791
SPY,fz0_0p025,covid,62,21,False,True,0.045231023137075915,2.7682346733585428,21,-0.21945799313793149,-0.045603676763789666,0.16789302582189897,chronos/ewma,2.2309059719831419,False,0.43410516557147216,1.1530569218392079,6.6919737309243139,-0.058478095224354543,-0.044007162126052712,0.061485905443432992
SPY,fz0_0p05,covid,62,21,False,True,0.205485598691381,2.9635999228834784,21,-0.28394648479014317,-0.055699463475171601,0.23299053053352703,garch11_t/har,2.8263949525492111,False,0.46242638592364382,1.1080226139280585,6.7436215591550051,-0.046046275109588489,0.016853491662747449,0.084835734158492104
SPY,fz0_avg,covid,62,21,False,True,0.19551840905927756,2.73700180086625,21,-0.21732499336251188,-0.046455605066685675,0.15029431851381536,chronos/ewma,2.0642281252772503,False,0.36073095762180435,0.94676841456615324,6.6612994825604472,-0.054137660821323284,-0.028802669103099702,0.053841742369068503
SPY,qlike_ex_near_zero,covid,62,9,False,False,0.22953771420263322,1.4586336611090664,8.2736015692290952,-0.11128328102118099,0.089698422788355436,0.58913563516500456,lgbm/patchtst,6.715600927776241,False,0.89783046514313369,1.0958360605787896,6.6778947431452362,-0.06762532790526482,-0.044694376885298655,0.47581131503177992
SPY,crps,tightening_2022,209,25,False,False,0.16161860710961931,4.1718104965888969,24.200691448740429,-0.27813168559629275,-0.15178245201229101,0.093023087566005358,chronos/timesfm,2.2267731053725011,False,1.0738058424831551,1.4999416245470509,2.1937490276576503,-0.077528149253569989,-0.046999324198626909,-0.029564462838631327
SPY,log_score,tightening_2022,209,13,False,False,0.017463041165201761,2.1153010005118067,12.765113690322712,-0.17139471406754139,-0.068159346058440984,0.059506029040329651,chronos/har,1.64753074033686,False,0.51319060536813965,1.6300854010248966,2.3301078359587297,-0.083640037478066878,-0.052589922005221688,-0.010170543737217614
SPY,pinball_0p01,tightening_2022,209,10,False,False,0.017334239799327768,0.90246395007802171,9.5950280042399125,-0.070910541895664467,-0.009372297417954218,0.096850581752515416,lgbm/patchtst,2.2885616549826948,False,0.17163729424655308,0.51479780523401031,1.2940045978602734,-0.032608986805326645,-0.0075902497680317279,0.045336674630852149
SPY,pinball_0p025,tightening_2022,209,10,False,False,0.12130509158861198,1.3291180832886291,9.1639181487566681,-0.047844037801757541,0.037154723206228625,0.1837678822071005,autoarima/moirai,3.5663620589642138,False,0.23132070885423192,0.50224177795468283,1.2712890195429352,-0.020980809981471941,0.0047985254750015621,0.044043441896950003
SPY,pinball_0p05,tightening_2022,209,11,False,False,0.062150845743211537,1.1309412765903863,10.028642382426884,-0.089524878634308774,0.011634885873698595,0.32199254970348423,chronos/ewma,5.4494676445222581,False,0.14897463391092586,0.7443820361566863,1.0605002654807247,-0.001618496013599195,0.018818747459084174,0.032867496875598756
SPY,pinball_avg,tightening_2022,209,10,False,False,0.015663225600960083,1.2125469873182602,9.7441472221998477,-0.059323786370517606,0.024694293848989746,0.19370244169756312,chronos/ewma,3.7033516969798654,False,0.069437715683744669,0.53519334368824656,1.202173478155087,-0.014304335641338541,0.0046669008681385687,0.040216051210284591
SPY,qlike,tightening_2022,209,18,False,False,0.078501679034211153,5.5288428715142492,17.0361685135085,-0.18377732310754452,0.11209194393899241,0.55155383750157916,moirai/patchtst,9.2364768211184085,False,0.34210502051152114,2.119580006875645,8.0654502107466737,-0.072390127808999657,-0.0055874021062410455,0.43110929560826511
SPY,fz0_0p01,tightening_2022,209,7,False,False,0.075599517680983344,0.75713127007918257,6.5692943603105185,-0.062347988867386052,-0.010071330431336595,0.073190924697442608,lgbm/patchtst,1.8936185039486959,False,0.25659320876476527,0.70489426712744185,1.4419828264292873,-0.044541998199735991,-0.013557929492472051,0.040519758534932948
SPY,fz0_0p025,tightening_2022,209,8,False,False,0.056307043443663232,1.0752210351586602,7.8333869963591578,-0.055117058016874623,0.023196006987312334,0.12057116105059354,autoarima/moirai,2.6576719810077662,False,0.50145861794622326,0.85113791191610921,1.4351454087763831,-0.044253574656386373,-0.019867905073396426,0.038233028476639508
SPY,fz0_0p05,tightening_2022,209,9,False,False,0.05636608175028901,0.90563388720256954,8.1471606455434742,-0.082246951567504098,0.0070897151655491958,0.1864134806306639,chronos/ewma,3.6029439946052859,False,0.29467155359308111,0.81721471729078521,1.505429403305325,-0.047233103782940038,-0.016919860877586759,0.022340418005002513
SPY,fz0_avg,tightening_2022,209,8,False,False,0.0034126693933534779,0.89698988611002117,7.363215083232487,-0.060001922954188422,0.0049672823815270087,0.081122255419976461,ewma/patchtst,2.0297263803744832,False,0.28398398124980267,0.84940225880063469,1.5053335953344622,-0.047229020770902734,-0.019984377616251624,0.036801865163974622
SPY,qlike_ex_near_zero,tightening_2022,209,18,False,False,0.078501679034211153,5.5288428715142492,17.0361685135085,-0.18377732310754452,0.11209194393899241,0.55155383750157916,moirai/patchtst,9.2364768211184085,False,0.34210502051152114,2.119580006875645,8.0654502107466737,-0.072390127808999657,-0.0055874021062410455,0.43110929560826511
SPY,crps,spike_2024_08,22,8,False,True,0.21127072811924977,2.3519110877184897,8,-0.58867490932869715,-0.1822287612544185,0.60017087168558647,garch11_t/naive,4.8791862053301998,False,1.0360056859822373,4.308581254110095,4.5892317537177236,0.10511458030403785,0.13871061085825939,0.20400327201242566
SPY,log_score,spike_2024_08,22,8,False,True,0.047598501531610417,1.652084662018541,8,-0.55486458315543485,-0.056936814291781782,0.67684217446997197,garch11_t/naive,5.9053413711834848,False,1.0889386224712896,3.984128151142396,4.9831334673909726,0.10782349793394727,0.21214326477625844,0.38656833401858726
SPY,pinball_0p01,spike_2024_08,22,8,False,True,0.23414954231323223,1.1300818823120276,8,-0.33852517225472911,-0.072667993377805537,0.62769618958231566,autoets/chronos,5.2124722188612358,False,0.65338731659974114,1.589205013068512,3.6397043047334172,-0.082994529948894599,-0.061677756132180281,0.40762577840638414
SPY,pinball_0p025,spike_2024_08,22,8,False,True,0.39938606467125143,1.327365767665154,8,-0.53498423952644769,-0.058803134804985904,0.75938773007320581,lgbm/patchtst,7.5170506193649631,False,0.41154754468027338,1.7508714471955729,3.7036063354882018,-0.090449709711163395,-0.020882472534522158,0.1981271257539042
SPY,pinball_0p05,spike_2024_08,22,8,False,True,0.09408392243592946,1.7275225703694779,8,-0.53477753870424294,0.23376303374489493,0.67923517327573013,garch11_t/naive,5.9430025093320511,False,0.2125589135921464,1.3833541764646173,3.3309190477827011,-0.050506092500204394,0.09106893239563453,0.21275688268583853
SPY,pinball_avg,spike_2024_08,22,8,False,True,0.28829479515481488,1.0847428246805595,8,-0.57456787191795888,0.06438454661774512,0.6251351059151975,garch11/garch11_t,5.18001567707182,False,0.2387675497967757,1.2942599520866043,3.7215048947356224,-0.043051520978133716,0.0058331788302628997,0.19794041467208928
SPY,qlike,spike_2024_08,22,8,False,True,0.11551288655122899,1.030200189564709,8,-0.051530131835153849,0.10640755331005741,0.56860776883525843,ewma/naive,4.533935966810053,False,0.035103201256237594,0.63943082530589102,1.4079377756189333,-0.11264810838495345,-0.018464417807455585,0.048852776143062458
SPY,fz0_0p01,spike_2024_08,22,8,False,True,0.001867091554510948,1.0446627215023438,8,-0.35698260806674564,-0.070011399836965263,0.73035157015491059,autoets/moirai,6.864218886108346,False,0.60753253658341388,0.80138222990558328,4.7668914179725439,-0.055509245475601168,-0.038077340655573659,0.90462101998034328
SPY,fz0_0p025,spike_2024_08,22,8,False,True,0.24999638808354951,1.2489267109213862,8,-0.5748700828221931,-0.054228793564275783,0.72988488876166102,lgbm/patchtst,6.8546218556470722,False,0.36381365620261141,0.7416053786900364,4.7668914179725403,-0.050025375763138147,0.034527226562689861,0.82387776092637754
SPY,fz0_0p05,spike_2024_08,22,8,False,True,0.25439650369691563,1.7810187456328483,8,-0.56471424104014034,0.19381266122046284,0.66343762377293969,garch11/naive,5.7017738085442655,False,0.47515279835525021,1.329233994100961,4.4436376574244756,0.030231411095113878,0.18191895452340098,0.55767068427829702
SPY,fz0_avg,spike_2024_08,22,8,False,True,0.28977204961904973,0.89592958071607831,8,-0.49831408018349205,-0.017027856807239221,0.54264321440653318,lgbm/patchtst,4.2741899103642496,False,0.13370646379276527,0.75558105503317452,4.5436333565388756,-0.0060811192217498956,0.064545097412105581,0.77923889774701993
SPY,qlike_ex_near_zero,spike_2024_08,22,8,False,True,0.11551288655122899,1.030200189564709,8,-0.051530131835153849,0.10640755331005741,0.56860776883525843,ewma/naive,4.533935966810053,False,0.035103201256237594,0.63943082530589102,1.4079377756189333,-0.11264810838495345,-0.018464417807455585,0.048852776143062458
SPY,crps,calm,4465,151,False,False,1.1895205878018944,20.52209728600193,150.54591655388376,-0.10003207653416943,0.005598043821332159,0.24444379438907862,autoarima/lgbm,12.188461035904504,False,133.14490464440064,134.02967095949876,136.83145053056032,0.20104340904244042,0.21888807334811256,0.27273299936375806
SPY,log_score,calm,4465,54,False,False,0.86185653376139848,15.230327422579826,53.468615992656559,-0.087448480146003815,0.026505120976915542,0.17201059529485213,garch11_t/patchtst,9.441844107757186,False,58.11599222033685,102.94982047882829,137.9316704940538,0.11195608885845283,0.17810104914295261,0.25169275291996007
SPY,pinball_0p01,calm,4465,44,False,False,0.26857646794436635,14.223815497727445,43.422483661160136,-0.049794896693844973,0.011362616492918632,0.094891329144511122,garch11/gjr,6.2626878127551633,False,3.7663525736288741,13.424083725299729,35.314313837108337,0.049037349336989437,0.11629575784356076,0.1654222396411453
SPY,pinball_0p025,calm,4465,44,False,False,0.16041819293292311,6.7000673307097109,43.436788921021602,-0.051429088112680869,-0.003520117664004215,0.093621334911384302,garch11/gjr,6.2056844964210311,False,15.229327076377826,24.310740443506514,42.368631351457644,0.085549788787492587,0.12746843865362154,0.16930950973181835
SPY,pinball_0p05,calm,4465,55,False,False,0.11003738637941507,7.3559549988491142,54.932511586126083,-0.057504769927970774,-0.0089204483525115157,0.052517025099119673,ewma/garch11_t,4.203947522397395,False,27.018662209406553,48.310677722988189,50.870356239038991,0.11088885011659934,0.14494290499493198,0.18697705552848912
SPY,pinball_avg,calm,4465,52,False,False,0.096607829754314603,10.58991849044445,51.923245724747808,-0.059619538787684861,-0.0015411654439837349,0.087945880302631008,garch11/gjr,5.9481599327154226,False,20.427286148625253,25.290098518086026,43.29402226579132,0.088665263705787978,0.13393928369412755,0.17373940624113726
SPY,qlike,calm,4465,49,False,False,1.9553110384021342,18.722063733118539,48.773693798843489,-0.006244125980351521,0.070346997670944461,0.33277819052937546,ewma/patchtst,15.538487204711178,False,0.99896909244488941,2.6331517682933026,29.919242985380418,0.0061755102312470783,0.025296027645726624,0.25738227285827375
SPY,fz0_0p01,calm,4465,44,False,False,0.87372585353175447,6.8122818162236349,43.842550653492395,-0.065046137054715431,0.020815221914781135,0.10418974646422331,lgbm/naive,6.6737161740449293,False,1.7341735564704459,6.6727427607017393,25.867912993326151,0.014353036399435328,0.076581707382530048,0.18339299477327764
SPY,fz0_0p025,calm,4465,44,False,False,0.12432314440631621,4.7091617550838389,43.14078021221804,-0.072411777651496687,0.0077351893904191588,0.071999321295295404,moirai/naive,5.1965443334017074,False,2.6496421362824254,8.139617427712599,39.016262487246252,0.027816834659481222,0.074254015692366934,0.16900000275150995
SPY,fz0_0p05,calm,4465,39,False,False,0.12768720694329153,4.0457302534595776,38.819611021090104,-0.087392361859699452,-0.0007074416119579245,0.050915161428090938,moirai/naive,4.1175655881048669,False,3.5731125683929599,20.143626788475338,44.411019824140979,0.044977155352762414,0.078902174542535203,0.15420334623874249
SPY,fz0_avg,calm,4465,44,False,False,0.42373321580817946,4.5781041762279084,43.509482111000636,-0.075641812273475273,0.01361634821447235,0.085430139148227918,lgbm/naive,5.8324694475114427,False,2.3403685185686087,7.707476560365933,37.160602281516773,0.02287537373400389,0.075441954933770219,0.17529802625205307
SPY,qlike_ex_near_zero,calm,4465,49,False,False,1.9553110384021342,18.722063733118539,48.773693798843489,-0.006244125980351521,0.070346997670944461,0.33277819052937546,ewma/patchtst,15.538487204711178,False,0.99896909244488941,2.6331517682933026,29.919242985380418,0.0061755102312470783,0.025296027645726624,0.25738227285827375
SPY,crps,gfc_wide,504,68,False,False,0.25879394872601602,6.6995339824552342,68,-0.25037532902036869,-0.066005743439720599,0.16943369106579032,lgbm/naive,4.5146820363702602,False,40.342496613191919,40.736938103066628,41.262238663081696,0.20936732963761751,0.22753335870826397,0.27621623110346966
SPY,log_score,gfc_wide,504,35,False,False,0.41886839244083673,2.5742613939763435,34.286760470409703,-0.094680015074453505,-0.040334123468922234,0.068897379481665272,ewma/garch11,2.4380354937910811,False,31.217460174134928,39.52797351555337,40.752200815227582,0.062603991854077806,0.11941179592305194,0.23444419460112126
SPY,pinball_0p01,gfc_wide,504,36,False,False,0.40633349650695094,1.2120157548087191,35.776971033788122,-0.03552151323690806,-0.017992771131819532,0.078639328449852094,lgbm/naive,2.6653229900216542,False,0.44093432158619339,1.162721020814699,36.848872576812532,0.0053816998366435342,0.019553264844244595,0.074784614192339519
SPY,pinball_0p025,gfc_wide,504,50,False,False,0.896895786528776,1.8797475281280063,49.96385717646038,-0.058357982404426384,-0.028271043600348426,0.089219611023778983,lgbm/naive,2.9027840675789331,False,0.96797902902643618,1.9606897341683145,38.154288157538524,0.017939787709819036,0.055087694884287809,0.11175307525135829
SPY,pinball_0p05,gfc_wide,504,38,False,False,0.032072097283730124,2.9589002774585484,37.009327134409361,-0.10123758115347377,-0.036775983360355244,0.1286989408871782,gjr/naive,3.7274601109815593,False,3.1201297856815309,30.040455647604517,38.947086904812664,0.03120349758466439,0.091883532598894022,0.15908484633548384
SPY,pinball_avg,gfc_wide,504,35,False,False,0.70685100509190102,1.9787318128407525,34.973383696563069,-0.065158886428835008,-0.032895583443457915,0.096750027324485247,lgbm/naive,3.0667915114663069,False,1.0631835878833293,2.2073635097041664,38.184060068157166,0.020763075404215597,0.063290601115064848,0.12788204785574375
SPY,qlike,gfc_wide,504,39,False,False,1.11158279968839,6.9680845485619791,38.57115084699975,0.012245385812980002,0.20960147372345053,0.57911706695154308,naive/patchtst,13.192316940457207,False,1.3425526808539405,2.007377975501266,37.399108931301043,0.029984680287735717,0.057686318693656945,0.42711594903604244
SPY,fz0_0p01,gfc_wide,504,37,False,False,0.52787053088998048,1.2208123941071167,36.455195939815091,-0.032377804212557391,-0.014546693050950795,0.037950104896709122,moirai/naive,1.6346315121158004,False,0.16020073290625828,0.85103337313134841,34.402334767931983,-0.028153174948226275,-0.0064388568846969786,0.023338548545116834
SPY,fz0_0p025,gfc_wide,504,37,False,False,0.26891542782816874,1.5173428667093858,36.391593757706218,-0.043281862605433319,-0.023779524565051745,0.041776128667657272,moirai/naive,1.7430845972744027,False,0.024442869735902772,0.8912471269606923,35.198639247200809,-0.025712545084406603,-0.0090803139046250741,0.026084784393060844
SPY,fz0_0p05,gfc_wide,504,37,False,False,0.29575941721931093,2.3151405627817407,36.656778757795273,-0.073030965612475685,-0.038312373990873033,0.063870250254153341,garch11/naive,2.316913746789512,False,0.23360731722258762,0.96958434408443894,37.379550398474862,-0.032568064715696621,-0.0032245321249368868,0.046295379028147829
SPY,fz0_avg,gfc_wide,504,38,False,False,0.59445400198541887,1.5410021064615718,37.074430376243164,-0.04370448326222557,-0.022522637012282597,0.043182752467686492,moirai/naive,1.7821375211915378,False,0.17344594816900158,0.90293782777277787,34.952364269703807,-0.024071950217316167,-0.0069489855338518433,0.031507991615885758
SPY,qlike_ex_near_zero,gfc_wide,504,39,False,False,1.11158279968839,6.9680845485619791,38.57115084699975,0.012245385812980002,0.20960147372345053,0.57911706695154308,naive/patchtst,13.192316940457207,False,1.3425526808539405,2.007377975501266,37.399108931301043,0.029984680287735717,0.057686318693656945,0.42711594903604244
TWSE,crps,gfc,141,36,False,True,0.093948419644480224,4.0594691719678195,36,-0.24820669485392141,-0.14358983411747162,0.12523602556766417,moirai/timesfm,2.392507423287618,False,11.511326529175106,12.366549609534323,12.976386034441058,-0.1211515643013637,-0.1124102141828589,-0.092466287850988108
TWSE,log_score,gfc,141,14,False,False,0.035104310637851577,2.4425802425223013,13.962460900432966,-0.22431494846206002,-0.062967490470079115,0.11184186235317983,moirai/timesfm,2.2139654219999545,False,1.0931308904703603,13.118256447806074,13.813812792258126,-0.11353112956420283,-0.066504703323108427,-0.026240963140224716
TWSE,pinball_0p01,gfc,141,36,False,True,0.028605097041410281,1.2354517415256789,36,-0.32417882277457083,-0.007566421974059153,0.34339619127988463,ewma/timesfm,5.0425331673106744,False,0.099529479039797225,1.1382292812160286,6.936397216390211,-0.038532776601886934,0.017182462404483321,0.29780984703934482
TWSE,pinball_0p025,gfc,141,36,False,True,0.17272321950438976,1.5813910770209443,36,-0.20709833015399476,0.016664744778362658,0.28442409541098557,garch11/timesfm,4.3270469724046485,False,0.078076944205125426,1.3671883433527356,5.1813154145162139,-0.032711515484738815,0.041296146399989297,0.20664925082175251
TWSE,pinball_0p05,gfc,141,5,False,False,0.099882423388598152,1.6830572822437655,4.150503801639255,-0.18383008301682205,-0.0050520308845319762,0.33308517519622122,garch11/garch11_t,4.9152031991640781,False,0.059429267294038676,1.3605244911552741,5.2439816933699186,-0.028549547596819807,0.045028324594799891,0.10905634028506866
TWSE,pinball_avg,gfc,141,25,False,False,0.021032916633818302,1.5037527629547967,24.009782954560873,-0.25667582643602244,0.021179425191454049,0.2758820297406584,garch11/timesfm,4.2253157193736897,False,0.24548660722424268,1.36269125777013,5.0542118708508799,-0.019248386216966847,0.031823273391623316,0.18564362570389556
TWSE,qlike,gfc,141,13,False,False,0.080496353212101066,2.0615244126121954,12.940196882240501,-0.085157177954926166,0.12341615650169019,0.44513297026837662,moirai/naive,6.3883025605086834,False,0.2041006251063299,1.3126881734382596,5.1628843182498221,-0.060783975273736877,0.017450016382579842,0.27345017322547066
TWSE,fz0_0p01,gfc,141,32,False,False,0.14517212280111289,1.1037847249595392,31.884557874160162,-0.3377712535167664,-0.0079976107145841684,0.28677401733023772,garch11/timesfm,4.3550889386025995,False,0.30232310232791598,1.2292937274369771,7.4831722426232563,-0.042844245883027897,0.030090972523313633,0.29294474471699905
TWSE,fz0_0p025,gfc,141,29,False,False,0.052284344919587687,1.3413908337630465,28.976064725443344,-0.25014656044264527,0.015356738892685276,0.28637366412724308,garch11/timesfm,4.3503096011447289,False,0.25119411911758771,0.78352365262039292,6.958805713226826,-0.022759377761210665,0.02148663141068945,0.19488459587118007
TWSE,fz0_0p05,gfc,141,24,False,False,0.037683979624122073,1.5248191861226208,23.107686356871593,-0.25223088419599426,-0.011228176720729444,0.19868879008146872,gjr/timesfm,3.3080133707869415,False,0.18260999927611365,1.093420970808503,8.4280356298978845,-0.036444161930317187,0.024877324737768158,0.11071806867750199
TWSE,fz0_avg,gfc,141,21,False,False,0.079065055911359303,1.1598590131038191,20.213058501422342,-0.30947113548770466,0.0093365943680490497,0.28315286116849026,garch11/timesfm,4.3118878383559904,False,0.11119737198632057,0.98340200887494511,7.5539839392735484,-0.02518646282257455,0.031901118544467644,0.20701053734392971
TWSE,qlike_ex_near_zero,gfc,141,13,False,False,0.080496353212101066,2.0615244126121954,12.940196882240501,-0.085157177954926166,0.12341615650169019,0.44513297026837662,moirai/naive,6.3883025605086834,False,0.2041006251063299,1.3126881734382596,5.1628843182498221,-0.060783975273736877,0.017450016382579842,0.27345017322547066
TWSE,crps,covid,61,21,False,True,0.1921486770402924,5.7596247217695957,21,-0.23324092033180771,0.41913072222452497,0.79689503301183218,garch11_t/naive,12.039236338788134,False,7.695978359714915,8.3838959508836606,8.6897276205075205,0.48696318721969445,0.56033600982378851,0.61611821789126064
TWSE,log_score,covid,61,21,False,True,0.21950119063496118,5.9856944986267688,21,-0.25512147024805742,0.30034911231087302,0.66753923900514356,autoarima/naive,8.0959395511806775,False,0.95532069360842897,8.6500173812833552,9.5606279728328918,0.054086765145749324,0.33226732965980343,0.58671560542353629
TWSE,pinball_0p01,covid,61,21,False,True,0.075544177568876852,3.8238182329131023,21,-0.22167953218649583,0.067342655244293559,0.75971604045846708,autoets/patchtst,10.571817176317227,False,1.1805905014985312,7.4206107335486928,7.9161794029079147,-0.074326851844747188,-0.0075134551058868874,0.52208862640868414
TWSE,pinball_0p025,covid,61,21,False,True,0.24752157088608476,4.5991974428067346,21,-0.31860080480327724,0.17504965959479968,0.71972117418414594,garch11_t/patchtst,9.3448212035021783,False,0.037561651420780599,7.4977167968552108,8.2416533784359558,-0.083700168086021043,0.061296785504823856,0.51643183527190262
TWSE,pinball_0p05,covid,61,21,False,True,0.14857114066435861,5.0408102445708227,21,-0.34716181134730384,0.17642278088063718,0.68759013050929796,har/patchtst,8.5385796992820477,False,0.29128079040175309,7.8402345606278132,8.5226439625668124,-0.057136232102875363,0.13138658964940794,0.50966626735944265
TWSE,pinball_avg,covid,61,21,False,True,0.30018694529291989,4.7161759498061162,21,-0.22919387929179433,0.18107483824328063,0.72513917156449215,har/patchtst,9.4947444611449736,False,0.14952724539268253,7.7281653530591328,8.3669190293297575,-0.063071341999393751,0.06846446535799533,0.51770002444256991
TWSE,qlike,covid,61,21,False,True,0.064829941348021419,1.2275290850532188,21,-0.068347087535627654,0.07376157807280441,0.34822882348027817,har/naive,3.8592033818242535,False,0.024520014508053047,0.80106496431174079,2.7715755448973156,-0.044878949072517653,-0.018400154257282648,0.10833548212716118
TWSE,fz0_0p01,covid,61,21,False,True,0.27397362652139706,5.5840077419209635,21,-0.18473812309447046,0.1169397538653664,0.69408336911242696,har/patchtst,8.6911292714223336,False,0.35391986613334087,6.5813103748391741,7.5221080950113199,-0.060781557135538157,-0.010768647125832259,0.59401398564466712
TWSE,fz0_0p025,covid,61,21,False,True,0.057722497562865231,4.2188481036943521,21,-0.19562460771907814,0.18987026096537885,0.70411630072686049,har/patchtst,8.9366849380477422,False,0.044248858641561195,6.8940318816212116,7.6120553196506568,-0.06310515397821867,0.081986196310332798,0.60948905562402866
TWSE,fz0_0p05,covid,61,21,False,True,0.1036506178830793,4.211797085731618,21,-0.20589740955625438,0.25179054408788454,0.70327786099021206,har/patchtst,8.9156844825382553,False,0.41214778063796825,7.3383782009886458,7.7402095461043281,-0.036590819418845844,0.14317115599109248,0.61469527910709154
TWSE,fz0_avg,covid,61,21,False,True,0.21259710215789707,5.6674411940928291,21,-0.18150247631790578,0.15341620449372312,0.70056466675506701,har/patchtst,8.848338264495105,False,0.37064151394070866,6.910932717054818,7.5949399390345071,-0.051636145764659594,0.04081940190010637,0.60314672758351195
TWSE,qlike_ex_near_zero,covid,61,21,False,True,0.064829941348021419,1.2275290850532188,21,-0.068347087535627654,0.07376157807280441,0.34822882348027817,har/naive,3.8592033818242535,False,0.024520014508053047,0.80106496431174079,2.7715755448973156,-0.044878949072517653,-0.018400154257282648,0.10833548212716118
TWSE,crps,tightening_2022,202,12,False,False,0.10967414000751126,1.9568969170983292,11.645302217160079,-0.26769151954402631,-0.047274925171346779,0.14052778466132138,ewma/lgbm,2.920455091536363,False,0.24914590657543054,0.86928705767468117,1.4023172671360118,0.0035978511211515523,0.024417469674695047,0.05273045284868097
TWSE,log_score,tightening_2022,202,13,False,False,0.039736462744962335,1.2153433130437068,12.652517960535654,-0.25928705650266265,0.024702791666435991,0.14858641302298212,ewma/lgbm,3.0358765324761001,False,0.068129061945808381,1.0727280585185639,2.0667888947992257,-0.072903571480179119,0.033264050803532827,0.063425446054556564
TWSE,pinball_0p01,tightening_2022,202,3,False,False,0.23355404670228647,1.4726356228522195,2.7821295493579683,-0.041613276764968746,0.057234748532213275,0.18174739588840322,garch11/timesfm,3.4984175082933917,True,0.18920479290788347,0.92561871760366787,1.4573767679250722,-0.024848907812023004,0.024046022859009818,0.056218877972969136
TWSE,pinball_0p025,tightening_2022,202,3,False,False,0.12711256136330751,1.5146383272194595,2.3653044491933097,-0.083856806505955866,0.055135931508012159,0.13209701280086733,ewma/lgbm,2.7980769424755536,False,0.62283366433232623,0.93738723574206362,1.6135596987275858,-0.052672273103805574,0.016092456893704195,0.049129615185253925
TWSE,pinball_0p05,tightening_2022,202,13,False,False,0.027899032276954779,0.81489644353796531,12.926846761919533,-0.098674793617262072,-0.0079832865213896528,0.066430392450496048,lgbm/patchtst,1.7539852616113398,False,0.38204209141126277,0.8387063614120267,1.8574755035083776,-0.063483899455092987,0.0071825023953410927,0.035689594553167781
TWSE,pinball_avg,tightening_2022,202,7,False,False,0.074202935554869315,1.4881413423097425,6.1730245757543898,-0.076465917664760671,0.052889692177427158,0.12443872578456425,ewma/lgbm,2.6852806616960474,False,0.62947904611759198,0.89982980153080172,1.6956643237446205,-0.056284994259274683,0.016854237311623988,0.043119401378272963
TWSE,qlike,tightening_2022,188,13,False,False,0.076942223655630179,1.5574305788755956,12.448932487217508,-0.061341079048546139,0.06214364957980506,0.46129443393096942,garch11/gjr,7.289465992501885,False,1.565584864405311,1.9967182358685811,2.3718896539433132,0.066028024006570776,0.10097309038242457,0.13900131908258451
TWSE,fz0_0p01,tightening_2022,202,3,False,False,0.068559117830017835,1.4768717129582654,2.5895214131220188,-0.038242134358321231,0.057515275872691195,0.15736803789211415,gjr/naive,3.1601348684147412,True,0.29988371905334588,0.99625149271207991,1.6526650001462175,-0.020147466774182835,0.030293427074839105,0.069511822355902114
TWSE,fz0_0p025,tightening_2022,202,3,False,False,0.085220475551545785,1.6017495280138752,2.4886005529154773,-0.05977052278719984,0.061525685295387864,0.14560589705454435,autoarima/timesfm,2.9933524878502298,False,0.044956780442132152,0.9672010196059343,1.6348308905115412,-0.040130232179544596,0.027690414714943795,0.068236557574292131
TWSE,fz0_0p05,tightening_2022,202,3,False,False,0.12605809658609921,1.0871826343125759,2.4809856379686344,-0.09166984803613093,0.028794763759431612,0.097539202026174665,autoarima/timesfm,2.2736384972251713,False,0.28964702595357611,0.75952210342731996,1.4859309759875334,-0.047125356161097677,0.017575983337631888,0.04371609695053226
TWSE,fz0_avg,tightening_2022,202,3,False,False,0.28808934603089903,1.5805677957286122,2.4831990983661942,-0.050994318038539252,0.062993847104107922,0.14499470725617483,autoarima/timesfm,2.9846090490055817,False,0.15419293902619316,1.0822749111428875,1.6408100250480531,-0.035353518889242097,0.033838591551813499,0.068662700482419098
TWSE,qlike_ex_near_zero,tightening_2022,188,13,False,False,0.076942223655630179,1.5574305788755956,12.448932487217508,-0.061341079048546139,0.06214364957980506,0.46129443393096942,garch11/gjr,7.289465992501885,False,1.565584864405311,1.9967182358685811,2.3718896539433132,0.066028024006570776,0.10097309038242457,0.13900131908258451
TWSE,crps,spike_2024_08,22,8,False,True,0.11299359955307416,3.227114512323916,8,0.0033279349637202939,0.49325832412536419,0.79342537204717101,ewma/garch11_t,8,False,3.6240894736834006,3.8152144142295028,3.991988947723573,0.47654540364190023,0.52334847185213662,0.55983422906528824
TWSE,log_score,spike_2024_08,22,8,False,True,0.18326097020867765,1.5530794357619992,8,-0.34966734309119718,0.22517804805138442,0.39171920818739697,lgbm/patchtst,3.0460526551480318,False,1.6085328398826251,1.7290195823741152,3.4123177967821388,0.27535062758280876,0.32749949601313499,0.55320550545900993
TWSE,pinball_0p01,spike_2024_08,22,8,False,True,0.2547762274381648,1.7539983188525179,8,-0.50941469547716545,0.33563846568433386,0.71224536015575157,garch11_t/timesfm,6.5095680915979948,False,1.1027108707214024,1.3738710420572218,1.5527151360547367,0.12623247573023955,0.19475814636634267,0.25392799176450437
TWSE,pinball_0p025,spike_2024_08,22,8,False,True,0.11460865842342415,1.7738465502268712,8,-0.46424333230086051,0.33006231222570714,0.48729710616150546,garch11/timesfm,3.777561389563274,False,1.3922092870935523,1.5378220349334557,1.6251426590196001,0.20023735172508528,0.24847221562522356,0.28203850354493154
TWSE,pinball_0p05,spike_2024_08,22,8,False,True,0.032218694540919461,1.9749662604763714,8,-0.45041564148479796,0.31601540097345937,0.66049403765214731,garch11/timesfm,5.6586664337764869,False,1.5511773311674291,1.6278508345982488,1.6810581579729753,0.25335974609873524,0.28314318483413503,0.30569440002222853
TWSE,pinball_avg,spike_2024_08,22,8,False,True,0.16643487645104127,1.7952260045746788,8,-0.44707110979039583,0.32894730736324929,0.50362015016424455,garch11/timesfm,3.917044651622049,False,1.3846098709583792,1.5294163815409927,1.6233156996665845,0.19795189008059563,0.24543914672670836,0.28129555231443382
TWSE,qlike,spike_2024_08,22,8,False,True,0.37821994431107842,1.7004942235365001,8,-0.11451735273664235,0.28209805775620678,0.66890597701155319,ewma/garch11,5.7833466033905907,False,0.70835477443669093,1.752225534120381,8,0.057899563538369531,0.28693011957886422,0.58092427452686712
TWSE,fz0_0p01,spike_2024_08,22,8,False,True,0.21950846893589185,1.5928462106208934,8,-0.49170984936240036,0.25926004986191675,0.67442431561105354,garch11_t/moirai,5.8677076483163582,False,1.149082404551343,1.4533121246484577,1.5583841596081727,0.13647421540694016,0.21941103813330731,0.25603266584663198
TWSE,fz0_0p025,spike_2024_08,22,8,False,True,0.42265117115818113,1.5812315371410761,8,-0.47031566541732345,0.25088122328810297,0.73902599768227928,garch11_t/timesfm,7.0473997651730089,False,1.4220329166497172,1.5938565235837596,1.6809989439839135,0.20941505817020833,0.26956373033587666,0.3056683742988166
TWSE,fz0_0p05,spike_2024_08,22,8,False,True,0.1658175808724042,1.6269430972532795,8,-0.46725641023706815,0.24444248675844704,0.49032718751526344,autoarima/timesfm,3.8030604815889637,False,1.5457104489075018,1.6634020684192357,1.7373596151247428,0.25134882187276714,0.29802794192457399,0.33144457784910386
TWSE,fz0_avg,spike_2024_08,22,8,False,True,0.50315400368098451,1.5884259774756517,8,-0.4806555109643757,0.25384345653769125,0.5531411466670304,garch11_t/timesfm,4.3768442520222797,False,1.3205670604198292,1.5466218385268313,1.633275859719485,0.179504902873001,0.25168307295405784,0.28536828393349417
TWSE,qlike_ex_near_zero,spike_2024_08,22,8,False,True,0.37821994431107842,1.7004942235365001,8,-0.11451735273664235,0.28209805775620678,0.66890597701155319,ewma/garch11,5.7833466033905907,False,0.70835477443669093,1.752225534120381,8,0.057899563538369531,0.28693011957886422,0.58092427452686712
TWSE,crps,calm,4375,103,False,False,0.47902850981386735,11.724409918660637,102.31982814039689,-0.11664331991704692,-0.0032754158039974878,0.096537223878519887,garch11_t/patchtst,6.2933788713521048,False,147.65758198637113,148.28728418969456,149.12692279170372,0.16516050642872304,0.17917631668124631,0.1856405811487627
TWSE,log_score,calm,4375,33,False,False,0.042716559594492137,15.312453363618529,32.052595632785952,-0.17401501167474967,0.018561942643060859,0.17729229663823812,moirai/patchtst,9.5811234455065577,False,21.636610864342838,30.803662999567262,152.27085178427524,0.04498167673372009,0.081659023816065657,0.1416584151413699
TWSE,pinball_0p01,calm,4375,34,False,False,0.7680995125682748,10.589091814109725,33.477854252960839,-0.071715925036602221,0.048270306568687152,0.23158951767646124,ewma/patchtst,11.627406566449997,False,12.348257190021709,16.642203074124751,18.696597656166944,0.0098689122864904586,0.023521330507404872,0.12625218605150471
TWSE,pinball_0p025,calm,4375,30,False,False,0.05776341378825222,8.9393894291935858,29.763434822248474,-0.10377326002184899,0.071474943102408248,0.22824615041279037,ewma/patchtst,11.502774328358889,False,16.888783500611602,19.273041115678776,20.316936123032228,0.033983630901572214,0.059122055677489835,0.1357399779700455
TWSE,pinball_0p05,calm,4375,35,False,False,0.26948171364183021,8.5053796711362395,34.541139039773114,-0.084266808377190583,0.068769009529054237,0.24021137586707283,autoets/ewma,11.948493494685971,False,21.617734429958578,21.958789233772038,25.20987890700842,0.056046536019971283,0.090852997651247408,0.14453273421507043
TWSE,pinball_avg,calm,4375,30,False,False,0.55027436093702009,10.211930505356822,29.471790713065236,-0.09727213864221633,0.077910419389550289,0.23885571049750204,autoets/ewma,11.898029501109411,False,17.940169169582965,19.680454915430634,20.660335767635505,0.03588710550963034,0.062415181789860427,0.1371766835762733
TWSE,qlike,calm,4309,59,False,False,0.76785782504132971,17.35678996739837,58.138993258533624,-0.25502039206309701,0.11324948070839619,0.33599133887424043,har/patchtst,15.47900516518804,False,1.8069513839683211,3.8012688546699365,23.40332905160162,0.01557683507486292,0.050772848217157718,0.21343909282920012
TWSE,fz0_0p01,calm,4375,41,False,False,0.98181500633622254,15.005381454958494,40.563559944932628,-0.15635196336755691,0.031678192460293922,0.13500184543556737,autoets/ewma,7.917627645683635,False,1.1242821995740431,13.34780101860971,17.764086097000494,0.0074676980099958393,0.019207504367657127,0.071953416653897734
TWSE,fz0_0p025,calm,4375,38,False,False,0.26774568649612907,15.224187605457551,37.709618147654531,-0.11660295548899646,0.040844649392809601,0.15905749417639345,garch11_t/naive,8.8749313847411759,False,2.9967302489931198,15.343316607012103,18.382070779987277,0.025593697151901344,0.03827775979294596,0.086300468672396907
TWSE,fz0_0p05,calm,4375,36,False,False,1.4484791681013542,15.138766229767711,35.191270934271778,-0.10098201494714643,0.042130834154375324,0.15608931665621861,garch11_t/naive,8.7585720511634051,False,16.171708374322112,18.391670166625239,19.64908143622041,0.04371319805453059,0.057744664889962181,0.10191848885764553
TWSE,fz0_avg,calm,4375,40,False,False,0.27712577704469643,15.36787828821079,39.127180435138747,-0.13740844962712137,0.037655507046252784,0.15356552230028334,garch11_t/naive,8.659281172619707,False,2.5287201328317583,14.779595004737729,18.185650645955782,0.020914520809094346,0.031933005755575519,0.079775727065507063
TWSE,qlike_ex_near_zero,calm,4307,59,False,False,0.77491190450573944,17.270358842237712,58.129470556326467,-0.25501833357594567,0.1129578325640522,0.33593597030357542,har/patchtst,15.474476993829377,False,1.9539816781570496,3.9644180991253073,22.970115358644051,0.017588645922898587,0.05445008530856791,0.21819698439056881
TWSE,crps,gfc_wide,493,21,False,False,0.043124632533069598,3.5312152534114931,20.472916725950252,-0.20015957594141726,-0.098604774030204068,0.079930850188255659,moirai/timesfm,2.6750468981809905,False,17.898270335452608,18.541062457508591,19.042225725599671,-0.011471440782252911,0.0085090059378768526,0.023732735004892862
TWSE,log_score,gfc_wide,493,24,False,False,0.054198395561506206,1.8331572249187786,23.041626768718071,-0.11949851255679379,-0.027153054209658092,0.070181243522588421,autoets/patchtst,2.450433968706498,False,0.21419701286872769,11.937695400441477,17.420640025523017,-0.0045345755397194903,0.030013406947570199,0.056678071885520258
TWSE,pinball_0p01,gfc_wide,493,14,False,False,0.10239841455437224,1.9902866888877631,13.089343335163967,-0.12972642429936915,0.045882353368124199,0.22919614004104233,autoets/patchtst,5.5730663084612004,False,0.042150604335521001,1.1757770448902896,7.2016046785166905,-0.031083903190790314,-0.0048120969890987587,0.10429776299734829
TWSE,pinball_0p025,gfc_wide,493,12,False,False,0.09580670040177186,2.0796893008105504,11.602957325365336,-0.11786521652556842,0.050798683994656653,0.21786865190944854,ewma/garch11_t,5.3687822608028384,False,0.18631934074945691,0.69230006495028307,2.3521667757959355,-0.026031909479996618,0.0071418076775085493,0.07647379610526929
TWSE,pinball_0p05,gfc_wide,493,14,False,False,0.051953993735743609,1.9174169788146096,13.753415042890119,-0.11127413440924842,0.012166954371082887,0.16022643065360498,garch11/har,4.3087588749847114,False,0.1730229305843913,0.63920350804846549,1.6792287216357127,-0.017743303105949845,0.0088169134251260672,0.043489765057194617
TWSE,pinball_avg,gfc_wide,493,13,False,False,0.25437408281196594,1.8532345168735085,12.633610183922054,-0.13100620890838477,0.037667602202852271,0.21090632754206048,ewma/garch11_t,5.2428374128635129,False,0.12696531688181659,0.63550535089090943,2.2926625899488737,-0.025706129961538586,0.0050437782749916714,0.073168362949207172
TWSE,qlike,gfc_wide,493,32,False,False,0.025994694369704439,2.0787687569076345,31.585448010269534,-0.043995789097711846,0.05679236554921601,0.26081151897057209,gjr/naive,6.1415830624934014,False,0.54216958194217424,0.66102612520971005,3.1420342041963889,-0.021989254706237311,-0.0091945786231302888,0.12877909465504311
TWSE,fz0_0p01,gfc_wide,493,5,False,False,0.2153179759121665,1.7022100989284894,4.6829532816435604,-0.098126202646981908,0.038221021123531485,0.2610153096591577,chronos/patchtst,6.1452493634349734,True,0.18043357636579185,6.0611571854562376,8.8217359247817928,-0.02412923818975167,-0.0048167991874814723,0.13693212932784515
TWSE,fz0_0p025,gfc_wide,493,10,False,False,0.13440896159699064,1.8428086274637239,9.7909421083617243,-0.098704276562338766,0.04166131238785932,0.24264871232143073,ewma/garch11_t,5.8150602970506347,False,0.21189470272602501,0.95612532624171309,8.5558894308670332,-0.025415344397781148,0.010511946243497671,0.11344763360044388
TWSE,fz0_0p05,gfc_wide,493,8,False,False,0.19308346822007316,1.7568516585115639,7.7883408853758134,-0.10475705820463156,0.019998224872182366,0.16064304247131908,chronos/patchtst,4.3166194081360283,False,0.48281511277949246,1.2289260211513324,8.4405691730772379,-0.0060932244805003448,0.025531099590574716,0.092623962721502653
TWSE,fz0_avg,gfc_wide,493,5,False,False,0.22287191570578149,1.6860838551672788,4.9273057397008797,-0.10234171918856189,0.041642241587883204,0.24079995715494623,chronos/patchtst,5.7818257318766362,True,0.44641858888053093,5.721672977175329,8.6299998997690022,-0.022645020114465845,0.0075863769227558584,0.12423484868022694
TWSE,qlike_ex_near_zero,gfc_wide,493,32,False,False,0.025994694369704439,2.0787687569076345,31.585448010269534,-0.043995789097711846,0.05679236554921601,0.26081151897057209,gjr/naive,6.1415830624934014,False,0.54216958194217424,0.66102612520971005,3.1420342041963889,-0.021989254706237311,-0.0091945786231302888,0.12877909465504311
