asset,regime,model,loss,n,mean,se_auto
BTC-USD,covid,autoarima,crps,90,0.027982631299081313,0.0061508609125323745
BTC-USD,covid,autoarima,log_score,90,-0.95757288551015718,0.74664380448060275
BTC-USD,covid,autoarima,pinball_0p01,90,0.0058726153565007034,0.0043803891377988497
BTC-USD,covid,autoarima,pinball_0p025,90,0.0073700520484251035,0.0045210824589265062
BTC-USD,covid,autoarima,pinball_0p05,90,0.0092222901873349698,0.0046066910616412646
BTC-USD,covid,autoarima,pinball_avg,90,0.0074883191974202592,0.0045007181980869209
BTC-USD,covid,autoarima,qlike,90,0.53139092218167072,0.30253964675697359
BTC-USD,covid,autoarima,fz0_0p01,90,1.9322716755861964,3.7996132955932493
BTC-USD,covid,autoarima,fz0_0p025,90,-0.39800011299371574,1.8134877306640396
BTC-USD,covid,autoarima,fz0_0p05,90,-1.3777375111748182,1.0698035676928919
BTC-USD,covid,autoarima,fz0_avg,90,0.052178017139220718,2.2268186373664647
BTC-USD,covid,autoarima,qlike_ex_near_zero,90,0.53139092218167072,0.30253964675697359
BTC-USD,covid,autoets,crps,90,0.028546704582101606,0.0062002611946757593
BTC-USD,covid,autoets,log_score,90,-1.0905045209955384,0.59405969938769909
BTC-USD,covid,autoets,pinball_0p01,90,0.0058805416861397184,0.0042338645791235611
BTC-USD,covid,autoets,pinball_0p025,90,0.0075289329948282071,0.0043985138274979692
BTC-USD,covid,autoets,pinball_0p05,90,0.0095512481246886657,0.0045095320516598441
BTC-USD,covid,autoets,pinball_avg,90,0.0076535742685521968,0.0043775304116225825
BTC-USD,covid,autoets,qlike,90,0.53447389796909006,0.26679350932291801
BTC-USD,covid,autoets,fz0_0p01,90,1.505331335474885,3.2598775569437448
BTC-USD,covid,autoets,fz0_0p025,90,-0.55814423066397434,1.5698527854623441
BTC-USD,covid,autoets,fz0_0p05,90,-1.4463829033001121,0.93357229803127473
BTC-USD,covid,autoets,fz0_avg,90,-0.1663985994964006,1.9201112428204157
BTC-USD,covid,autoets,qlike_ex_near_zero,90,0.53447389796909006,0.26679350932291801
BTC-USD,covid,chronos,crps,90,0.027614919231112499,0.0063723510771648839
BTC-USD,covid,chronos,log_score,90,-0.51274792186250029,1.2553524993333478
BTC-USD,covid,chronos,pinball_0p01,90,0.0060941822203075743,0.0046425525549568195
BTC-USD,covid,chronos,pinball_0p025,90,0.0073179385268827132,0.0047309647835096051
BTC-USD,covid,chronos,pinball_0p05,90,0.0089695189719745383,0.0047581001106274555
BTC-USD,covid,chronos,pinball_avg,90,0.0074605465730549405,0.0047094570782697191
BTC-USD,covid,chronos,qlike,90,0.91145712522478439,0.63237994379428353
BTC-USD,covid,chronos,fz0_0p01,90,3.5912687164175097,5.2730864999595557
BTC-USD,covid,chronos,fz0_0p025,90,0.27515551500858626,2.4841263206070385
BTC-USD,covid,chronos,fz0_0p05,90,-1.0180322167385034,1.4462755750468013
BTC-USD,covid,chronos,fz0_avg,90,0.9494640048958648,3.0672225573323009
BTC-USD,covid,chronos,qlike_ex_near_zero,90,0.91145712522478439,0.63237994379428353
BTC-USD,covid,ewma,crps,90,0.028889173030352423,0.0061343163104200281
BTC-USD,covid,ewma,log_score,90,-0.42553343377015473,1.2751277677895749
BTC-USD,covid,ewma,pinball_0p01,90,0.0064641353743134251,0.00464754853458141
BTC-USD,covid,ewma,pinball_0p025,90,0.0082727241810286525,0.0047319294943989586
BTC-USD,covid,ewma,pinball_0p05,90,0.010578774690886033,0.0047641231760507125
BTC-USD,covid,ewma,pinball_avg,90,0.0084385447487427059,0.0047118646203237052
BTC-USD,covid,ewma,qlike,90,0.90007658798889323,0.47624524699900328
BTC-USD,covid,ewma,fz0_0p01,90,3.7854316340827152,5.3308026746838006
BTC-USD,covid,ewma,fz0_0p025,90,0.58958886108207342,2.504033516821075
BTC-USD,covid,ewma,fz0_0p05,90,-0.69450314978494321,1.4550803690287994
BTC-USD,covid,ewma,fz0_avg,90,1.2268391151266156,3.0956317895040559
BTC-USD,covid,ewma,qlike_ex_near_zero,90,0.90007658798889323,0.47624524699900328
BTC-USD,covid,garch11,crps,90,0.028224087804208271,0.0061497537044263749
BTC-USD,covid,garch11,log_score,90,-0.65670580516669363,1.0997854642279925
BTC-USD,covid,garch11,pinball_0p01,90,0.0061674617343896341,0.0045994953854556798
BTC-USD,covid,garch11,pinball_0p025,90,0.0077614697055140717,0.004725659271550461
BTC-USD,covid,garch11,pinball_0p05,90,0.0097491659051007692,0.0048123173195847328
BTC-USD,covid,garch11,pinball_avg,90,0.0078926991150014923,0.0047089748445700965
BTC-USD,covid,garch11,qlike,90,0.6141156929480478,0.37701182161143154
BTC-USD,covid,garch11,fz0_0p01,90,3.0345713346224632,4.8681867401937398
BTC-USD,covid,garch11,fz0_0p025,90,0.13796683387619929,2.2991577626116593
BTC-USD,covid,garch11,fz0_0p05,90,-1.0484752171158798,1.3444177909961601
BTC-USD,covid,garch11,fz0_avg,90,0.70802098379426148,2.8364508865885321
BTC-USD,covid,garch11,qlike_ex_near_zero,90,0.6141156929480478,0.37701182161143154
BTC-USD,covid,garch11_t,crps,90,0.028346130244450179,0.0062480788711674366
BTC-USD,covid,garch11_t,log_score,90,-1.6752705871152955,0.16113329612134444
BTC-USD,covid,garch11_t,pinball_0p01,90,0.0060495866705220199,0.0043963830834977558
BTC-USD,covid,garch11_t,pinball_0p025,90,0.0079238930679914835,0.0047058271172884369
BTC-USD,covid,garch11_t,pinball_0p05,90,0.010139758059356007,0.0048286428922630614
BTC-USD,covid,garch11_t,pinball_avg,90,0.0080377459326231686,0.0046387460784132759
BTC-USD,covid,garch11_t,qlike,90,0.65324925667514733,0.3082315918765296
BTC-USD,covid,garch11_t,fz0_0p01,90,0.88842169150617312,2.7412450992313064
BTC-USD,covid,garch11_t,fz0_0p025,90,-0.4242964915166148,1.6880488374803242
BTC-USD,covid,garch11_t,fz0_0p05,90,-1.1243957976129366,1.166727844879105
BTC-USD,covid,garch11_t,fz0_avg,90,-0.22009019920779255,1.8629672299168689
BTC-USD,covid,garch11_t,qlike_ex_near_zero,90,0.65324925667514733,0.3082315918765296
BTC-USD,covid,gjr,crps,90,0.028423116321710538,0.0062196887581953955
BTC-USD,covid,gjr,log_score,90,-0.75351398517842028,0.9924132634123648
BTC-USD,covid,gjr,pinball_0p01,90,0.006140211565216251,0.0045605708632623539
BTC-USD,covid,gjr,pinball_0p025,90,0.0077727674108775948,0.004710308373476098
BTC-USD,covid,gjr,pinball_0p05,90,0.0098361630747810271,0.0048277365214488112
BTC-USD,covid,gjr,pinball_avg,90,0.0079163806836249576,0.0046946081861678297
BTC-USD,covid,gjr,qlike,90,0.56866761030951773,0.32949044242156761
BTC-USD,covid,gjr,fz0_0p01,90,2.7037907466990103,4.5687550011600546
BTC-USD,covid,gjr,fz0_0p025,90,-0.022253455927536917,2.1654756227775671
BTC-USD,covid,gjr,fz0_0p05,90,-1.1384574191758494,1.2708455450229719
BTC-USD,covid,gjr,fz0_avg,90,0.51435995719854133,2.6674047084463117
BTC-USD,covid,gjr,qlike_ex_near_zero,90,0.56866761030951773,0.32949044242156761
BTC-USD,covid,har,crps,90,0.028072779945646893,0.0061510998296467724
BTC-USD,covid,har,log_score,90,-0.87772276545054573,0.82205469061563663
BTC-USD,covid,har,pinball_0p01,90,0.0059802865297691396,0.0044404387624247541
BTC-USD,covid,har,pinball_0p025,90,0.0074704526717203033,0.0045761362456504754
BTC-USD,covid,har,pinball_0p05,90,0.0093660989786283535,0.0046579465931288712
BTC-USD,covid,har,pinball_avg,90,0.0076056127267059336,0.0045558363184923824
BTC-USD,covid,har,qlike,90,0.54288694734173915,0.30869057095309183
BTC-USD,covid,har,fz0_0p01,90,2.256266515355656,4.0549483200032963
BTC-USD,covid,har,fz0_0p025,90,-0.25547134439532987,1.9308274181684073
BTC-USD,covid,har,fz0_0p05,90,-1.2853969310662543,1.136309848761315
BTC-USD,covid,har,fz0_avg,90,0.23846607996469038,2.3731913018040114
BTC-USD,covid,har,qlike_ex_near_zero,90,0.54288694734173915,0.30869057095309183
BTC-USD,covid,lgbm,crps,90,0.028027866929364844,0.0063993655563945925
BTC-USD,covid,lgbm,log_score,90,-0.89829095766169287,0.87049009117637444
BTC-USD,covid,lgbm,pinball_0p01,90,0.0059784534780546556,0.0044501370501234825
BTC-USD,covid,lgbm,pinball_0p025,90,0.0074017140081868125,0.0045607714827138688
BTC-USD,covid,lgbm,pinball_0p05,90,0.009219733775019218,0.0046069752005425081
BTC-USD,covid,lgbm,pinball_avg,90,0.0075333004204202279,0.0045382255808909689
BTC-USD,covid,lgbm,qlike,90,0.80456365143288389,0.65764772976066399
BTC-USD,covid,lgbm,fz0_0p01,90,2.4437816381041344,4.1709814592144205
BTC-USD,covid,lgbm,fz0_0p025,90,-0.16355572461961251,1.9785581915301091
BTC-USD,covid,lgbm,fz0_0p05,90,-1.2258274847372013,1.1585860244579194
BTC-USD,covid,lgbm,fz0_avg,90,0.35146614291577383,2.4353951404548062
BTC-USD,covid,lgbm,qlike_ex_near_zero,90,0.80456365143288389,0.65764772976066399
BTC-USD,covid,moirai,crps,90,0.027562727766891892,0.0062105240949736178
BTC-USD,covid,moirai,log_score,90,-0.60911942443419131,1.1251764158794346
BTC-USD,covid,moirai,pinball_0p01,90,0.0060273840385105066,0.0046049441506753643
BTC-USD,covid,moirai,pinball_0p025,90,0.0072439702939219013,0.0047155087110794351
BTC-USD,covid,moirai,pinball_0p05,90,0.0089901614796035981,0.0047646019286500599
BTC-USD,covid,moirai,pinball_avg,90,0.0074205052706786678,0.004693562578484696
BTC-USD,covid,moirai,qlike,90,0.70832531781021157,0.43807174850467251
BTC-USD,covid,moirai,fz0_0p01,90,3.1782520296188177,4.9484882864104067
BTC-USD,covid,moirai,fz0_0p025,90,0.064006354537754634,2.340123571017501
BTC-USD,covid,moirai,fz0_0p05,90,-1.1227422001396472,1.3667724118746183
BTC-USD,covid,moirai,fz0_avg,90,0.70650539467230777,2.8844583683522678
BTC-USD,covid,moirai,qlike_ex_near_zero,90,0.70832531781021157,0.43807174850467251
BTC-USD,covid,naive,crps,90,0.027851560041073257,0.0066041029471351183
BTC-USD,covid,naive,log_score,90,-0.70487757933403705,1.1093558958845888
BTC-USD,covid,naive,pinball_0p01,90,0.0057603912861493118,0.0045489572728774248
BTC-USD,covid,naive,pinball_0p025,90,0.0070737330992017428,0.0046357862844937084
BTC-USD,covid,naive,pinball_0p05,90,0.0086887741358964814,0.0046637149689541732
BTC-USD,covid,naive,pinball_avg,90,0.0071742995070825108,0.0046149645568254929
BTC-USD,covid,naive,qlike,90,1.4355239669003741,1.1764472081952086
BTC-USD,covid,naive,fz0_0p01,90,2.6305417350320783,4.7411585676217172
BTC-USD,covid,naive,fz0_0p025,90,-0.11459103852332918,2.231446480157012
BTC-USD,covid,naive,fz0_0p05,90,-1.2494568616878376,1.2985393045242517
BTC-USD,covid,naive,fz0_avg,90,0.42216461160697072,2.7564779579998695
BTC-USD,covid,naive,qlike_ex_near_zero,90,1.4355239669003741,1.1764472081952086
BTC-USD,covid,patchtst,crps,90,0.028228856294791192,0.0067068155623397005
BTC-USD,covid,patchtst,log_score,90,-0.39930612116073966,1.3752684695597992
BTC-USD,covid,patchtst,pinball_0p01,90,0.0059879637967842573,0.0046280843804878298
BTC-USD,covid,patchtst,pinball_0p025,90,0.0074995049028964839,0.0046944135182712581
BTC-USD,covid,patchtst,pinball_0p05,90,0.0094645174509754189,0.0047011603761336019
BTC-USD,covid,patchtst,pinball_avg,90,0.0076506620502187197,0.0046717859142779549
BTC-USD,covid,patchtst,qlike,90,1.879251160889192,1.7021431691758449
BTC-USD,covid,patchtst,fz0_0p01,90,3.2918521923144768,5.3072024383554597
BTC-USD,covid,patchtst,fz0_0p025,90,0.25739152255738607,2.4863543999559514
BTC-USD,covid,patchtst,fz0_0p05,90,-0.95681845539147337,1.4402172909637989
BTC-USD,covid,patchtst,fz0_avg,90,0.86414175316013009,3.0767266369892439
BTC-USD,covid,patchtst,qlike_ex_near_zero,90,1.879251160889192,1.7021431691758449
BTC-USD,covid,timesfm,crps,90,0.027587694204364733,0.0062339913133052675
BTC-USD,covid,timesfm,log_score,90,-0.60247948779202964,1.1641311837805097
BTC-USD,covid,timesfm,pinball_0p01,90,0.0061243859562699395,0.0046189252030626356
BTC-USD,covid,timesfm,pinball_0p025,90,0.0074236765175074533,0.0047224701800123326
BTC-USD,covid,timesfm,pinball_0p05,90,0.00919459177526347,0.0047682879133659328
BTC-USD,covid,timesfm,pinball_avg,90,0.0075808847496802879,0.004701462784819207
BTC-USD,covid,timesfm,qlike,90,0.66729077808098403,0.46120054263052129
BTC-USD,covid,timesfm,fz0_0p01,90,3.392068841122017,5.0592743568877214
BTC-USD,covid,timesfm,fz0_0p025,90,0.20009670665003074,2.3890919854567416
BTC-USD,covid,timesfm,fz0_0p05,90,-1.0439303815279553,1.3942743488767475
BTC-USD,covid,timesfm,fz0_avg,90,0.84941172208136384,2.9468646410687009
BTC-USD,covid,timesfm,qlike_ex_near_zero,90,0.66729077808098403,0.46120054263052129
BTC-USD,tightening_2022,autoarima,crps,304,0.018210061507996936,0.0010796719117038495
BTC-USD,tightening_2022,autoarima,log_score,304,-1.9471286523644191,0.068545466509251293
BTC-USD,tightening_2022,autoarima,pinball_0p01,304,0.0016867925187955782,0.00033578207297182706
BTC-USD,tightening_2022,autoarima,pinball_0p025,304,0.0029290531329450344,0.00042101456476160683
BTC-USD,tightening_2022,autoarima,pinball_0p05,304,0.0044898800921977632,0.00050269498490163706
BTC-USD,tightening_2022,autoarima,pinball_avg,304,0.0030352419146461255,0.00041791037138687721
BTC-USD,tightening_2022,autoarima,qlike,304,0.24053995183956853,0.019614761235049617
BTC-USD,tightening_2022,autoarima,fz0_0p01,304,-1.4774166458092508,0.39592981466620059
BTC-USD,tightening_2022,autoarima,fz0_0p025,304,-1.999124598670132,0.23490697966080523
BTC-USD,tightening_2022,autoarima,fz0_0p05,304,-2.3228984427459527,0.16572641847890265
BTC-USD,tightening_2022,autoarima,fz0_avg,304,-1.9331465624084452,0.26397162297546256
BTC-USD,tightening_2022,autoarima,qlike_ex_near_zero,304,0.24053995183956853,0.019614761235049617
BTC-USD,tightening_2022,autoets,crps,304,0.018262595735131001,0.0010778616916286253
BTC-USD,tightening_2022,autoets,log_score,304,-1.93707186452531,0.069216315714393989
BTC-USD,tightening_2022,autoets,pinball_0p01,304,0.001726956950740683,0.00034176299327340885
BTC-USD,tightening_2022,autoets,pinball_0p025,304,0.0029677978308055471,0.00042277901719175071
BTC-USD,tightening_2022,autoets,pinball_0p05,304,0.0045538480303714849,0.00049981350573915909
BTC-USD,tightening_2022,autoets,pinball_avg,304,0.0030828676039725716,0.00041942804182928901
BTC-USD,tightening_2022,autoets,qlike,304,0.25296238425599027,0.020489357066293224
BTC-USD,tightening_2022,autoets,fz0_0p01,304,-1.4261446804969851,0.40063162632045163
BTC-USD,tightening_2022,autoets,fz0_0p025,304,-1.9784010671071526,0.23670005079882991
BTC-USD,tightening_2022,autoets,fz0_0p05,304,-2.3050184763837764,0.16588967060360377
BTC-USD,tightening_2022,autoets,fz0_avg,304,-1.9031880746626382,0.26628726905086592
BTC-USD,tightening_2022,autoets,qlike_ex_near_zero,304,0.25296238425599027,0.020489357066293224
BTC-USD,tightening_2022,chronos,crps,304,0.01799350391634838,0.001104282239952781
BTC-USD,tightening_2022,chronos,log_score,304,-1.9636721722962251,0.073820820026047326
BTC-USD,tightening_2022,chronos,pinball_0p01,304,0.0016496782996311811,0.00035237620252842963
BTC-USD,tightening_2022,chronos,pinball_0p025,304,0.0028849323419497604,0.00044488847400390752
BTC-USD,tightening_2022,chronos,pinball_0p05,304,0.0044281032425017002,0.00052401389600717529
BTC-USD,tightening_2022,chronos,pinball_avg,304,0.0029875712946942135,0.00043755512527925643
BTC-USD,tightening_2022,chronos,qlike,304,0.21863344041799074,0.020189334747252635
BTC-USD,tightening_2022,chronos,fz0_0p01,304,-1.5036859306297912,0.42200437380819794
BTC-USD,tightening_2022,chronos,fz0_0p025,304,-2.02091381702449,0.24987305817285438
BTC-USD,tightening_2022,chronos,fz0_0p05,304,-2.3423589206999424,0.17353524099135331
BTC-USD,tightening_2022,chronos,fz0_avg,304,-1.9556528894514078,0.27980636630225653
BTC-USD,tightening_2022,chronos,qlike_ex_near_zero,304,0.21863344041799074,0.020189334747252635
BTC-USD,tightening_2022,ewma,crps,304,0.017989055459616127,0.001110091649123965
BTC-USD,tightening_2022,ewma,log_score,304,-1.9382961609641363,0.083094857497679822
BTC-USD,tightening_2022,ewma,pinball_0p01,304,0.0017045924714358853,0.00038938267138022574
BTC-USD,tightening_2022,ewma,pinball_0p025,304,0.0028762128223067014,0.00046020786074261479
BTC-USD,tightening_2022,ewma,pinball_0p05,304,0.0044535610508615511,0.00053176696101752893
BTC-USD,tightening_2022,ewma,pinball_avg,304,0.0030114554482013789,0.00045752891502684034
BTC-USD,tightening_2022,ewma,qlike,304,0.27398550899187085,0.036273222576516412
BTC-USD,tightening_2022,ewma,fz0_0p01,304,-1.3540026352514194,0.50586295079791421
BTC-USD,tightening_2022,ewma,fz0_0p025,304,-1.9760552692209168,0.27962497825691779
BTC-USD,tightening_2022,ewma,fz0_0p05,304,-2.3061894101870428,0.18877731984170562
BTC-USD,tightening_2022,ewma,fz0_avg,304,-1.87874910488646,0.32303593728083863
BTC-USD,tightening_2022,ewma,qlike_ex_near_zero,304,0.27398550899187085,0.036273222576516412
BTC-USD,tightening_2022,garch11,crps,304,0.018169363609137946,0.0010590204651177578
BTC-USD,tightening_2022,garch11,log_score,304,-1.947830229423215,0.062892809853737991
BTC-USD,tightening_2022,garch11,pinball_0p01,304,0.0015476581426341776,0.00032752183697512278
BTC-USD,tightening_2022,garch11,pinball_0p025,304,0.0027863668314021058,0.00040110798297615831
BTC-USD,tightening_2022,garch11,pinball_0p05,304,0.0043714469512527443,0.00047372802929975818
BTC-USD,tightening_2022,garch11,pinball_avg,304,0.0029018239750963426,0.00039746915898360066
BTC-USD,tightening_2022,garch11,qlike,304,0.33410792675600759,0.043037942113048074
BTC-USD,tightening_2022,garch11,fz0_0p01,304,-1.6770924607590387,0.35787700242302245
BTC-USD,tightening_2022,garch11,fz0_0p025,304,-2.1042716954121463,0.20756634372921079
BTC-USD,tightening_2022,garch11,fz0_0p05,304,-2.3781352167069811,0.14495051222582059
BTC-USD,tightening_2022,garch11,fz0_avg,304,-2.0531664576260553,0.23523264234172936
BTC-USD,tightening_2022,garch11,qlike_ex_near_zero,304,0.33410792675600759,0.043037942113048074
BTC-USD,tightening_2022,garch11_t,crps,304,0.017852923921961097,0.0011174276598824723
BTC-USD,tightening_2022,garch11_t,log_score,304,-2.0364648259960356,0.058652089973573192
BTC-USD,tightening_2022,garch11_t,pinball_0p01,304,0.0015220630274772051,0.00027767670555747543
BTC-USD,tightening_2022,garch11_t,pinball_0p025,304,0.0028054417576960631,0.00040803735847859651
BTC-USD,tightening_2022,garch11_t,pinball_0p05,304,0.0044127824666253907,0.00051625842872950406
BTC-USD,tightening_2022,garch11_t,pinball_avg,304,0.0029134290839328866,0.0003956074070767443
BTC-USD,tightening_2022,garch11_t,qlike,304,0.34380025787505619,0.064107007179377104
BTC-USD,tightening_2022,garch11_t,fz0_0p01,304,-1.8078399079614853,0.23905344044253451
BTC-USD,tightening_2022,garch11_t,fz0_0p025,304,-2.1238099745681907,0.18552499921970814
BTC-USD,tightening_2022,garch11_t,fz0_0p05,304,-2.3719862965578224,0.148442710388208
BTC-USD,tightening_2022,garch11_t,fz0_avg,304,-2.1012120596958326,0.18872311194544758
BTC-USD,tightening_2022,garch11_t,qlike_ex_near_zero,304,0.34380025787505619,0.064107007179377104
BTC-USD,tightening_2022,gjr,crps,304,0.018166074827546393,0.001057672600179523
BTC-USD,tightening_2022,gjr,log_score,304,-1.9520638654742672,0.061413150340894347
BTC-USD,tightening_2022,gjr,pinball_0p01,304,0.0015319046830657406,0.00031653131892072576
BTC-USD,tightening_2022,gjr,pinball_0p025,304,0.0027605731177954328,0.00039088610314779739
BTC-USD,tightening_2022,gjr,pinball_0p05,304,0.0043335860244787033,0.0004607558231096086
BTC-USD,tightening_2022,gjr,pinball_avg,304,0.0028753546084466257,0.00038638715416067015
BTC-USD,tightening_2022,gjr,qlike,304,0.32403026860388756,0.03570078300900037
BTC-USD,tightening_2022,gjr,fz0_0p01,304,-1.7055867698690304,0.33971904640041811
BTC-USD,tightening_2022,gjr,fz0_0p025,304,-2.1232908002459405,0.19941050419306458
BTC-USD,tightening_2022,gjr,fz0_0p05,304,-2.393763416255335,0.13924706333812101
BTC-USD,tightening_2022,gjr,fz0_avg,304,-2.0742136621234351,0.2247605040395329
BTC-USD,tightening_2022,gjr,qlike_ex_near_zero,304,0.32403026860388756,0.03570078300900037
BTC-USD,tightening_2022,har,crps,304,0.018230093241736335,0.0010712509614911
BTC-USD,tightening_2022,har,log_score,304,-1.9511858541992884,0.064092309859872854
BTC-USD,tightening_2022,har,pinball_0p01,304,0.001613090361848019,0.00031487196649964403
BTC-USD,tightening_2022,har,pinball_0p025,304,0.0028806059516965766,0.00039788561602435956
BTC-USD,tightening_2022,har,pinball_0p05,304,0.0044513188469015559,0.00047841750108868939
BTC-USD,tightening_2022,har,pinball_avg,304,0.0029816717201487171,0.00039485460659697251
BTC-USD,tightening_2022,har,qlike,304,0.23888268713342672,0.017398365253545666
BTC-USD,tightening_2022,har,fz0_0p01,304,-1.6051276915530075,0.3538283472646902
BTC-USD,tightening_2022,har,fz0_0p025,304,-2.0489451620333603,0.21212723114517454
BTC-USD,tightening_2022,har,fz0_0p05,304,-2.348712506982972,0.15105313222449795
BTC-USD,tightening_2022,har,fz0_avg,304,-2.0009284535231133,0.23731779535248707
BTC-USD,tightening_2022,har,qlike_ex_near_zero,304,0.23888268713342672,0.017398365253545666
BTC-USD,tightening_2022,lgbm,crps,304,0.018256751164305869,0.0010682726937953817
BTC-USD,tightening_2022,lgbm,log_score,304,-1.951107720629798,0.066098634464275899
BTC-USD,tightening_2022,lgbm,pinball_0p01,304,0.0015587613670613129,0.00032364425716353471
BTC-USD,tightening_2022,lgbm,pinball_0p025,304,0.0028210256633033112,0.00039875034776035877
BTC-USD,tightening_2022,lgbm,pinball_0p05,304,0.0044359889493873171,0.00047101537429728937
BTC-USD,tightening_2022,lgbm,pinball_avg,304,0.002938591993250647,0.00039431285015293147
BTC-USD,tightening_2022,lgbm,qlike,304,0.25937626703365058,0.021130321241278682
BTC-USD,tightening_2022,lgbm,fz0_0p01,304,-1.6376996846587417,0.38816256718886866
BTC-USD,tightening_2022,lgbm,fz0_0p025,304,-2.0784135238761023,0.22241011853753137
BTC-USD,tightening_2022,lgbm,fz0_0p05,304,-2.3624503841202094,0.15332855754501884
BTC-USD,tightening_2022,lgbm,fz0_avg,304,-2.0261878642183508,0.25246071313741947
BTC-USD,tightening_2022,lgbm,qlike_ex_near_zero,304,0.25937626703365058,0.021130321241278682
BTC-USD,tightening_2022,moirai,crps,304,0.017854342488218423,0.0011015440195188476
BTC-USD,tightening_2022,moirai,log_score,304,-1.9981243616559254,0.070241153894205668
BTC-USD,tightening_2022,moirai,pinball_0p01,304,0.0015691530653486432,0.00033314702236202591
BTC-USD,tightening_2022,moirai,pinball_0p025,304,0.0027997975544000807,0.00043463463870318912
BTC-USD,tightening_2022,moirai,pinball_0p05,304,0.0043633894652437069,0.00051739053440240238
BTC-USD,tightening_2022,moirai,pinball_avg,304,0.0029107800283308103,0.0004254022271218469
BTC-USD,tightening_2022,moirai,qlike,304,0.19492445780169634,0.020804527262643417
BTC-USD,tightening_2022,moirai,fz0_0p01,304,-1.6450654021353399,0.3826762946755225
BTC-USD,tightening_2022,moirai,fz0_0p025,304,-2.0949734383745389,0.23561622390375153
BTC-USD,tightening_2022,moirai,fz0_0p05,304,-2.3810151694980042,0.16650216978984347
BTC-USD,tightening_2022,moirai,fz0_avg,304,-2.0403513366692945,0.25953514899983221
BTC-USD,tightening_2022,moirai,qlike_ex_near_zero,304,0.19492445780169634,0.020804527262643417
BTC-USD,tightening_2022,naive,crps,304,0.01832161169320709,0.0010272491142795475
BTC-USD,tightening_2022,naive,log_score,304,-1.9461341847221487,0.053077090952768337
BTC-USD,tightening_2022,naive,pinball_0p01,304,0.0014361676078977704,0.00027383221185310787
BTC-USD,tightening_2022,naive,pinball_0p025,304,0.0027092277390282711,0.00035118812406164063
BTC-USD,tightening_2022,naive,pinball_0p05,304,0.0043556338111604377,0.00042297216798882942
BTC-USD,tightening_2022,naive,pinball_avg,304,0.0028336763860288263,0.00034550205740764426
BTC-USD,tightening_2022,naive,qlike,304,0.37640119747212514,0.049315171810956258
BTC-USD,tightening_2022,naive,fz0_0p01,304,-1.8587234562366373,0.272474258728712
BTC-USD,tightening_2022,naive,fz0_0p025,304,-2.1786949852634638,0.16507413514180211
BTC-USD,tightening_2022,naive,fz0_0p05,304,-2.4061217739358844,0.11798991572216104
BTC-USD,tightening_2022,naive,fz0_avg,304,-2.1478467384786617,0.18343135154721896
BTC-USD,tightening_2022,naive,qlike_ex_near_zero,304,0.37640119747212514,0.049315171810956258
BTC-USD,tightening_2022,patchtst,crps,304,0.018119975621695865,0.0010579104170113643
BTC-USD,tightening_2022,patchtst,log_score,304,-1.972918743438131,0.064719082376254261
BTC-USD,tightening_2022,patchtst,pinball_0p01,304,0.0014325084822580973,0.00027738835505282654
BTC-USD,tightening_2022,patchtst,pinball_0p025,304,0.0026850835652007981,0.00034691931609698827
BTC-USD,tightening_2022,patchtst,pinball_0p05,304,0.0042583817161595669,0.0004136825186364006
BTC-USD,tightening_2022,patchtst,pinball_avg,304,0.0027919912545394878,0.00033977898937974181
BTC-USD,tightening_2022,patchtst,qlike,304,0.36720491017847062,0.081852444426563156
BTC-USD,tightening_2022,patchtst,fz0_0p01,304,-1.7106939634247513,0.37015994158976889
BTC-USD,tightening_2022,patchtst,fz0_0p025,304,-2.1237959959151,0.21404977438538383
BTC-USD,tightening_2022,patchtst,fz0_0p05,304,-2.4005695787827421,0.14656751759802517
BTC-USD,tightening_2022,patchtst,fz0_avg,304,-2.0783531793741976,0.24102577669382275
BTC-USD,tightening_2022,patchtst,qlike_ex_near_zero,304,0.36720491017847062,0.081852444426563156
BTC-USD,tightening_2022,timesfm,crps,304,0.017874021728235202,0.0011061088068278775
BTC-USD,tightening_2022,timesfm,log_score,304,-1.9861389293324025,0.073456339962478578
BTC-USD,tightening_2022,timesfm,pinball_0p01,304,0.001618471090576914,0.00035395135389691278
BTC-USD,tightening_2022,timesfm,pinball_0p025,304,0.0028326716193192158,0.00045260140350261274
BTC-USD,tightening_2022,timesfm,pinball_0p05,304,0.0043521509606415714,0.00053085680427456959
BTC-USD,tightening_2022,timesfm,pinball_avg,304,0.0029344312235125673,0.00044318912958831564
BTC-USD,tightening_2022,timesfm,qlike,304,0.20482190454008919,0.022494388989302221
BTC-USD,tightening_2022,timesfm,fz0_0p01,304,-1.5572334470182254,0.41533414473985752
BTC-USD,tightening_2022,timesfm,fz0_0p025,304,-2.0560174275389271,0.25153544229620223
BTC-USD,tightening_2022,timesfm,fz0_0p05,304,-2.3713757830389413,0.17520258594605803
BTC-USD,tightening_2022,timesfm,fz0_avg,304,-1.9948755525320312,0.2789034347600946
BTC-USD,tightening_2022,timesfm,qlike_ex_near_zero,304,0.20482190454008919,0.022494388989302221
BTC-USD,spike_2024_08,autoarima,crps,31,0.019511511309494543,0.0028962042033412357
BTC-USD,spike_2024_08,autoarima,log_score,31,-1.8810389348014189,0.16598816086615134
BTC-USD,spike_2024_08,autoarima,pinball_0p01,31,0.00080885453096718278,7.7171832753017108e-05
BTC-USD,spike_2024_08,autoarima,pinball_0p025,31,0.0019695521613683226,0.00030042141385140534
BTC-USD,spike_2024_08,autoarima,pinball_0p05,31,0.0037881293502999634,0.00056553550669166035
BTC-USD,spike_2024_08,autoarima,pinball_avg,31,0.0021888453475451563,0.00029084812623566186
BTC-USD,spike_2024_08,autoarima,qlike,31,0.53787940397762568,0.25004838796740453
BTC-USD,spike_2024_08,autoarima,fz0_0p01,31,-2.4918668970675024,0.046619687164837123
BTC-USD,spike_2024_08,autoarima,fz0_0p025,31,-2.5148527121121087,0.15749613545138777
BTC-USD,spike_2024_08,autoarima,fz0_0p05,31,-2.5367263770791828,0.18997109064632323
BTC-USD,spike_2024_08,autoarima,fz0_avg,31,-2.5144819954195983,0.1208042409020645
BTC-USD,spike_2024_08,autoarima,qlike_ex_near_zero,31,0.53787940397762568,0.25004838796740453
BTC-USD,spike_2024_08,autoets,crps,31,0.019320799792285882,0.0027716844582122767
BTC-USD,spike_2024_08,autoets,log_score,31,-1.9247918827943986,0.12680611160146335
BTC-USD,spike_2024_08,autoets,pinball_0p01,31,0.00083048413982975675,8.7219550887054255e-05
BTC-USD,spike_2024_08,autoets,pinball_0p025,31,0.0019384311260621462,0.00023360216749992307
BTC-USD,spike_2024_08,autoets,pinball_0p05,31,0.0040429978406880994,0.00045491239228640358
BTC-USD,spike_2024_08,autoets,pinball_avg,31,0.0022706377021933346,0.00021207660775430593
BTC-USD,spike_2024_08,autoets,qlike,31,0.54950526741655303,0.22629358832529559
BTC-USD,spike_2024_08,autoets,fz0_0p01,31,-2.4567492073377686,0.12499450956293991
BTC-USD,spike_2024_08,autoets,fz0_0p025,31,-2.5227509158685502,0.10729935695544526
BTC-USD,spike_2024_08,autoets,fz0_0p05,31,-2.4390860592208679,0.16772038229073824
BTC-USD,spike_2024_08,autoets,fz0_avg,31,-2.4728620608090619,0.084799775481294304
BTC-USD,spike_2024_08,autoets,qlike_ex_near_zero,31,0.54950526741655303,0.22629358832529559
BTC-USD,spike_2024_08,chronos,crps,31,0.01897566176762985,0.0030723430611747436
BTC-USD,spike_2024_08,chronos,log_score,31,-1.874040076293906,0.23368692413129119
BTC-USD,spike_2024_08,chronos,pinball_0p01,31,0.00078667269050262901,0.00015148563603756821
BTC-USD,spike_2024_08,chronos,pinball_0p025,31,0.0022488760802377291,0.00043453428309037502
BTC-USD,spike_2024_08,chronos,pinball_0p05,31,0.0039479605675823027,0.00076111725380382763
BTC-USD,spike_2024_08,chronos,pinball_avg,31,0.002327836446107553,0.00042717799069125006
BTC-USD,spike_2024_08,chronos,qlike,31,0.46473111591321214,0.25374315504882627
BTC-USD,spike_2024_08,chronos,fz0_0p01,31,-2.4793438798897465,0.24909744232246667
BTC-USD,spike_2024_08,chronos,fz0_0p025,31,-2.2891739805504208,0.34009283744246177
BTC-USD,spike_2024_08,chronos,fz0_0p05,31,-2.4238645930230893,0.33591570298906404
BTC-USD,spike_2024_08,chronos,fz0_avg,31,-2.3974608178210857,0.29288445736711149
BTC-USD,spike_2024_08,chronos,qlike_ex_near_zero,31,0.46473111591321214,0.25374315504882627
BTC-USD,spike_2024_08,ewma,crps,31,0.019534625087581078,0.0030349659439363966
BTC-USD,spike_2024_08,ewma,log_score,31,-1.7681723484761476,0.22726487581267124
BTC-USD,spike_2024_08,ewma,pinball_0p01,31,0.0015168052542911508,0.00046614406955209243
BTC-USD,spike_2024_08,ewma,pinball_0p025,31,0.0028562157525733561,0.00076466586303243305
BTC-USD,spike_2024_08,ewma,pinball_0p05,31,0.0045685485691413187,0.00098255687605715335
BTC-USD,spike_2024_08,ewma,pinball_avg,31,0.0029805231920019414,0.00073599571559424784
BTC-USD,spike_2024_08,ewma,qlike,31,0.80576076253061457,0.46861436692610808
BTC-USD,spike_2024_08,ewma,fz0_0p01,31,-1.3189398295179455,0.79239254039448592
BTC-USD,spike_2024_08,ewma,fz0_0p025,31,-1.7758212854574014,0.60336844638049847
BTC-USD,spike_2024_08,ewma,fz0_0p05,31,-2.0921876745937511,0.4618007720071447
BTC-USD,spike_2024_08,ewma,fz0_avg,31,-1.7289829298563661,0.61817508894684281
BTC-USD,spike_2024_08,ewma,qlike_ex_near_zero,31,0.80576076253061457,0.46861436692610808
BTC-USD,spike_2024_08,garch11,crps,31,0.019331648563362339,0.003116892887673113
BTC-USD,spike_2024_08,garch11,log_score,31,-1.8024500572989735,0.2391234852825514
BTC-USD,spike_2024_08,garch11,pinball_0p01,31,0.0012589439255862569,0.0003738322544086396
BTC-USD,spike_2024_08,garch11,pinball_0p025,31,0.0027523827566957528,0.00068382052310412579
BTC-USD,spike_2024_08,garch11,pinball_0p05,31,0.0043829918829519799,0.00094342368369120682
BTC-USD,spike_2024_08,garch11,pinball_avg,31,0.0027981061884113302,0.00065733472177283928
BTC-USD,spike_2024_08,garch11,qlike,31,0.66504449807897004,0.39376874214354535
BTC-USD,spike_2024_08,garch11,fz0_0p01,31,-1.7452101267962137,0.63713425581730787
BTC-USD,spike_2024_08,garch11,fz0_0p025,31,-1.8870816030732125,0.5400623986461226
BTC-USD,spike_2024_08,garch11,fz0_0p05,31,-2.1906216481433201,0.43937031316864794
BTC-USD,spike_2024_08,garch11,fz0_avg,31,-1.9409711260042488,0.5299478773621602
BTC-USD,spike_2024_08,garch11,qlike_ex_near_zero,31,0.66504449807897004,0.39376874214354535
BTC-USD,spike_2024_08,garch11_t,crps,31,0.019353591281834455,0.0032659058288551806
BTC-USD,spike_2024_08,garch11_t,log_score,31,-1.892505077935827,0.21396525288837903
BTC-USD,spike_2024_08,garch11_t,pinball_0p01,31,0.0009049417206038377,7.3320500798070205e-05
BTC-USD,spike_2024_08,garch11_t,pinball_0p025,31,0.0027317728100143034,0.00074132213992013612
BTC-USD,spike_2024_08,garch11_t,pinball_0p05,31,0.0047385850016875824,0.0012491872881289913
BTC-USD,spike_2024_08,garch11_t,pinball_avg,31,0.0027917665107685739,0.00066058601438582836
BTC-USD,spike_2024_08,garch11_t,qlike,31,0.75566708259781235,0.42579650151058523
BTC-USD,spike_2024_08,garch11_t,fz0_0p01,31,-2.3134756821587104,0.057300396744417496
BTC-USD,spike_2024_08,garch11_t,fz0_0p025,31,-2.0337525904864484,0.41955614036051891
BTC-USD,spike_2024_08,garch11_t,fz0_0p05,31,-2.1184232909293308,0.47924984428011858
BTC-USD,spike_2024_08,garch11_t,fz0_avg,31,-2.1552171878581627,0.30537262149176525
BTC-USD,spike_2024_08,garch11_t,qlike_ex_near_zero,31,0.75566708259781235,0.42579650151058523
BTC-USD,spike_2024_08,gjr,crps,31,0.019366455004077188,0.0031258177343936994
BTC-USD,spike_2024_08,gjr,log_score,31,-1.7880034147928481,0.24421542903877483
BTC-USD,spike_2024_08,gjr,pinball_0p01,31,0.0012988833689457587,0.00039871240062065347
BTC-USD,spike_2024_08,gjr,pinball_0p025,31,0.0028100954658376526,0.00070665285228207781
BTC-USD,spike_2024_08,gjr,pinball_0p05,31,0.0044265846092118441,0.00096319840447823743
BTC-USD,spike_2024_08,gjr,pinball_avg,31,0.0028451878146650848,0.00067947719223821704
BTC-USD,spike_2024_08,gjr,qlike,31,0.68582664827224904,0.41291405982675267
BTC-USD,spike_2024_08,gjr,fz0_0p01,31,-1.6804608866748809,0.67426122954969825
BTC-USD,spike_2024_08,gjr,fz0_0p025,31,-1.8383734413062154,0.55985772681726165
BTC-USD,spike_2024_08,gjr,fz0_0p05,31,-2.1650809744809942,0.45146302473965788
BTC-USD,spike_2024_08,gjr,fz0_avg,31,-1.8946384341540299,0.55216230904723318
BTC-USD,spike_2024_08,gjr,qlike_ex_near_zero,31,0.68582664827224904,0.41291405982675267
BTC-USD,spike_2024_08,har,crps,31,0.01932766103772305,0.0029514070680965016
BTC-USD,spike_2024_08,har,log_score,31,-1.8908715911610376,0.1776433170587467
BTC-USD,spike_2024_08,har,pinball_0p01,31,0.0008558349145018631,0.00011165644742965694
BTC-USD,spike_2024_08,har,pinball_0p025,31,0.0021729404821193309,0.00042612936805401812
BTC-USD,spike_2024_08,har,pinball_0p05,31,0.0039856432023329634,0.00069896273211375105
BTC-USD,spike_2024_08,har,pinball_avg,31,0.0023381395329847192,0.00039988369719646177
BTC-USD,spike_2024_08,har,qlike,31,0.58043374147446647,0.31261300368479872
BTC-USD,spike_2024_08,har,fz0_0p01,31,-2.428056759068753,0.12818865593059553
BTC-USD,spike_2024_08,har,fz0_0p025,31,-2.3804129430889325,0.25667034116439436
BTC-USD,spike_2024_08,har,fz0_0p05,31,-2.4451678502006913,0.25740404604655848
BTC-USD,spike_2024_08,har,fz0_avg,31,-2.4178791841194589,0.20744886168647669
BTC-USD,spike_2024_08,har,qlike_ex_near_zero,31,0.58043374147446647,0.31261300368479872
BTC-USD,spike_2024_08,lgbm,crps,31,0.019007350045674876,0.0028380190373496188
BTC-USD,spike_2024_08,lgbm,log_score,31,-1.9657938454192552,0.14532316768864231
BTC-USD,spike_2024_08,lgbm,pinball_0p01,31,0.0007482917289321296,7.4826120435830964e-05
BTC-USD,spike_2024_08,lgbm,pinball_0p025,31,0.0016007845801347062,0.00016966987589886061
BTC-USD,spike_2024_08,lgbm,pinball_0p05,31,0.0032428594435482466,0.0003174969301518013
BTC-USD,spike_2024_08,lgbm,pinball_avg,31,0.0018639785842050275,0.00016275012859722453
BTC-USD,spike_2024_08,lgbm,qlike,31,0.33672959386473872,0.127827398253548
BTC-USD,spike_2024_08,lgbm,fz0_0p01,31,-2.562727914581068,0.062279489235843928
BTC-USD,spike_2024_08,lgbm,fz0_0p025,31,-2.7078758274612102,0.056863075755081434
BTC-USD,spike_2024_08,lgbm,fz0_0p05,31,-2.7005728525036212,0.11617596262174754
BTC-USD,spike_2024_08,lgbm,fz0_avg,31,-2.6570588648486333,0.061103740686047507
BTC-USD,spike_2024_08,lgbm,qlike_ex_near_zero,31,0.33672959386473872,0.127827398253548
BTC-USD,spike_2024_08,moirai,crps,31,0.018934289702213017,0.0030590534342311102
BTC-USD,spike_2024_08,moirai,log_score,31,-1.9202059519503534,0.21079410643233085
BTC-USD,spike_2024_08,moirai,pinball_0p01,31,0.00066029481653390534,7.240003012517171e-05
BTC-USD,spike_2024_08,moirai,pinball_0p025,31,0.0020419335126053632,0.00032402055401334828
BTC-USD,spike_2024_08,moirai,pinball_0p05,31,0.0038981118884794494,0.00068137088660447489
BTC-USD,spike_2024_08,moirai,pinball_avg,31,0.0022001134058729065,0.00033301113455358689
BTC-USD,spike_2024_08,moirai,qlike,31,0.37627572548634652,0.21930067326506764
BTC-USD,spike_2024_08,moirai,fz0_0p01,31,-2.6994254700408988,0.067098202850489272
BTC-USD,spike_2024_08,moirai,fz0_0p025,31,-2.4464847432839925,0.2561955839433287
BTC-USD,spike_2024_08,moirai,fz0_0p05,31,-2.4698723224653838,0.29792498086937697
BTC-USD,spike_2024_08,moirai,fz0_avg,31,-2.5385941785967585,0.19601779592494539
BTC-USD,spike_2024_08,moirai,qlike_ex_near_zero,31,0.37627572548634652,0.21930067326506764
BTC-USD,spike_2024_08,naive,crps,31,0.019179494385509772,0.0032164749714282915
BTC-USD,spike_2024_08,naive,log_score,31,-1.7281131521450277,0.33638724832009453
BTC-USD,spike_2024_08,naive,pinball_0p01,31,0.0012913827122967418,0.00053747550597516274
BTC-USD,spike_2024_08,naive,pinball_0p025,31,0.0026760670086359828,0.00080626783414848818
BTC-USD,spike_2024_08,naive,pinball_0p05,31,0.0042658562566790211,0.0010975746181782543
BTC-USD,spike_2024_08,naive,pinball_avg,31,0.0027444353258705818,0.00080272800522936995
BTC-USD,spike_2024_08,naive,qlike,31,0.94853737123250759,0.60497811360629161
BTC-USD,spike_2024_08,naive,fz0_0p01,31,-1.6816653345439188,0.88076016975329796
BTC-USD,spike_2024_08,naive,fz0_0p025,31,-1.9218642047342005,0.63410975854139329
BTC-USD,spike_2024_08,naive,fz0_0p05,31,-2.2244815870346293,0.51720051495350516
BTC-USD,spike_2024_08,naive,fz0_avg,31,-1.9426703754375831,0.66555490550688723
BTC-USD,spike_2024_08,naive,qlike_ex_near_zero,31,0.94853737123250759,0.60497811360629161
BTC-USD,spike_2024_08,patchtst,crps,31,0.019524560644767597,0.0031231768009497211
BTC-USD,spike_2024_08,patchtst,log_score,31,-1.6528655344337819,0.35513030291869219
BTC-USD,spike_2024_08,patchtst,pinball_0p01,31,0.0014976910947147773,0.00059538743471189361
BTC-USD,spike_2024_08,patchtst,pinball_0p025,31,0.0027306307445603196,0.00086306045661239516
BTC-USD,spike_2024_08,patchtst,pinball_0p05,31,0.0042182462705435157,0.0011682014596841117
BTC-USD,spike_2024_08,patchtst,pinball_avg,31,0.0028155227032728705,0.00087140975224602769
BTC-USD,spike_2024_08,patchtst,qlike,31,1.1215252586459266,0.65911429666390831
BTC-USD,spike_2024_08,patchtst,fz0_0p01,31,-1.3273319782364923,1.0109048424823337
BTC-USD,spike_2024_08,patchtst,fz0_0p025,31,-1.8528679356736244,0.68994579908303555
BTC-USD,spike_2024_08,patchtst,fz0_0p05,31,-2.2128924876934839,0.54997963597855193
BTC-USD,spike_2024_08,patchtst,fz0_avg,31,-1.7976974672011996,0.74620484184422264
BTC-USD,spike_2024_08,patchtst,qlike_ex_near_zero,31,1.1215252586459266,0.65911429666390831
BTC-USD,spike_2024_08,timesfm,crps,31,0.018989146931532308,0.0030865184433009831
BTC-USD,spike_2024_08,timesfm,log_score,31,-1.8921147109532164,0.22202282354401234
BTC-USD,spike_2024_08,timesfm,pinball_0p01,31,0.00075465608517845558,0.00012787497714442949
BTC-USD,spike_2024_08,timesfm,pinball_0p025,31,0.002281433700103946,0.00043932488274007542
BTC-USD,spike_2024_08,timesfm,pinball_0p05,31,0.0040907763042277775,0.00081547589029756383
BTC-USD,spike_2024_08,timesfm,pinball_avg,31,0.0023756220298367255,0.00043515407601934516
BTC-USD,spike_2024_08,timesfm,qlike,31,0.44785890494263125,0.26946220658189851
BTC-USD,spike_2024_08,timesfm,fz0_0p01,31,-2.5404592054047992,0.20104505285114443
BTC-USD,spike_2024_08,timesfm,fz0_0p025,31,-2.2791341359290267,0.33734932958611064
BTC-USD,spike_2024_08,timesfm,fz0_0p05,31,-2.3726331577599327,0.35773637038680667
BTC-USD,spike_2024_08,timesfm,fz0_avg,31,-2.3974088330312524,0.28026165088778232
BTC-USD,spike_2024_08,timesfm,qlike_ex_near_zero,31,0.44785890494263125,0.26946220658189851
BTC-USD,calm,autoarima,crps,2366,0.015620655417320863,0.0003983437212999442
BTC-USD,calm,autoarima,log_score,2366,-2.1309663956637777,0.037338419622843372
BTC-USD,calm,autoarima,pinball_0p01,2366,0.0010555976632735222,8.0856029346543302e-05
BTC-USD,calm,autoarima,pinball_0p025,2366,0.0020567511550272748,0.0001013984968778009
BTC-USD,calm,autoarima,pinball_0p05,2366,0.0033944705794308264,0.00012647860000256374
BTC-USD,calm,autoarima,pinball_avg,2366,0.0021689397992438741,0.00010110991285519158
BTC-USD,calm,autoarima,qlike,2366,0.36044480081548552,0.038832794340796811
BTC-USD,calm,autoarima,fz0_0p01,2366,-2.2086926138290566,0.13009566235433842
BTC-USD,calm,autoarima,fz0_0p025,2366,-2.535492930083572,0.07274144323765934
BTC-USD,calm,autoarima,fz0_0p05,2366,-2.7587622935435343,0.050265229452381828
BTC-USD,calm,autoarima,fz0_avg,2366,-2.5009826124853873,0.083420048204317906
BTC-USD,calm,autoarima,qlike_ex_near_zero,2366,0.36044480081548552,0.038832794340796811
BTC-USD,calm,autoets,crps,2366,0.015744155591265113,0.00039990929832709132
BTC-USD,calm,autoets,log_score,2366,-2.1062104681575282,0.039673351408891382
BTC-USD,calm,autoets,pinball_0p01,2366,0.0010829671516367145,8.6085065221240016e-05
BTC-USD,calm,autoets,pinball_0p025,2366,0.0021055901315857823,0.00010518284091276505
BTC-USD,calm,autoets,pinball_0p05,2366,0.0034811361660444721,0.00012878635516941112
BTC-USD,calm,autoets,pinball_avg,2366,0.0022232311497556567,0.00010497976959945816
BTC-USD,calm,autoets,qlike,2366,0.39344807254087166,0.041508860982901692
BTC-USD,calm,autoets,fz0_0p01,2366,-2.1673863267453273,0.14180932658269457
BTC-USD,calm,autoets,fz0_0p025,2366,-2.498524166195041,0.07772529915429871
BTC-USD,calm,autoets,fz0_0p05,2366,-2.7219682611823073,0.053091371405791718
BTC-USD,calm,autoets,fz0_avg,2366,-2.4626262513742252,0.089972996949548509
BTC-USD,calm,autoets,qlike_ex_near_zero,2366,0.39344807254087166,0.041508860982901692
BTC-USD,calm,chronos,crps,2366,0.01540983336199679,0.00040046335354818773
BTC-USD,calm,chronos,log_score,2366,-2.1579386594147714,0.039025452823468809
BTC-USD,calm,chronos,pinball_0p01,2366,0.0010129169827377137,8.0266867136666217e-05
BTC-USD,calm,chronos,pinball_0p025,2366,0.0019734102502943214,0.0001026741255423637
BTC-USD,calm,chronos,pinball_0p05,2366,0.003252779208357997,0.00012904730013584253
BTC-USD,calm,chronos,pinball_avg,2366,0.0020797021471300105,0.00010202332734752776
BTC-USD,calm,chronos,qlike,2366,0.33899297893435015,0.037388257202450786
BTC-USD,calm,chronos,fz0_0p01,2366,-2.2575793057131581,0.13207952998759814
BTC-USD,calm,chronos,fz0_0p025,2366,-2.5907465609180105,0.074136545827613323
BTC-USD,calm,chronos,fz0_0p05,2366,-2.8154235586801812,0.051443017267809581
BTC-USD,calm,chronos,fz0_avg,2366,-2.5545831417704501,0.084876546798904759
BTC-USD,calm,chronos,qlike_ex_near_zero,2366,0.33899297893435015,0.037388257202450786
BTC-USD,calm,ewma,crps,2366,0.015595504989439691,0.00040036194145848226
BTC-USD,calm,ewma,log_score,2366,-2.1059902563806294,0.040596367806380457
BTC-USD,calm,ewma,pinball_0p01,2366,0.0011179642470304004,9.8740643665069954e-05
BTC-USD,calm,ewma,pinball_0p025,2366,0.0020931050733546245,0.00011970630156855536
BTC-USD,calm,ewma,pinball_0p05,2366,0.0034009361677263725,0.00014130503844080866
BTC-USD,calm,ewma,pinball_avg,2366,0.0022040018293704657,0.00011847547025283294
BTC-USD,calm,ewma,qlike,2366,0.44020443241857021,0.04469894271451378
BTC-USD,calm,ewma,fz0_0p01,2366,-2.0756600200813589,0.16178901535453419
BTC-USD,calm,ewma,fz0_0p025,2366,-2.4760602374873919,0.088072474543912746
BTC-USD,calm,ewma,fz0_0p05,2366,-2.7242657791546008,0.058746352255971711
BTC-USD,calm,ewma,fz0_avg,2366,-2.4253286789077841,0.10203614578459674
BTC-USD,calm,ewma,qlike_ex_near_zero,2366,0.44020443241857021,0.04469894271451378
BTC-USD,calm,garch11,crps,2366,0.01576354738340429,0.00039027486682318238
BTC-USD,calm,garch11,log_score,2366,-2.1323593185280068,0.027434457911891169
BTC-USD,calm,garch11,pinball_0p01,2366,0.0010878297553392688,8.1018443508301417e-05
BTC-USD,calm,garch11,pinball_0p025,2366,0.0021339292394621954,0.0001059240855697007
BTC-USD,calm,garch11,pinball_0p05,2366,0.0034843272630564392,0.00013068766958577221
BTC-USD,calm,garch11,pinball_avg,2366,0.0022353620859526342,0.00010464649847141593
BTC-USD,calm,garch11,qlike,2366,0.40921012354959402,0.023175310378391371
BTC-USD,calm,garch11,fz0_0p01,2366,-2.2303798724367017,0.10161702470983508
BTC-USD,calm,garch11,fz0_0p025,2366,-2.5038749583475894,0.060593926791274705
BTC-USD,calm,garch11,fz0_0p05,2366,-2.7215649024803867,0.043300570441413604
BTC-USD,calm,garch11,fz0_avg,2366,-2.4852732444215593,0.067639018343395335
BTC-USD,calm,garch11,qlike_ex_near_zero,2366,0.40921012354959402,0.023175310378391371
BTC-USD,calm,garch11_t,crps,2366,0.015508636329884647,0.00041204038955794603
BTC-USD,calm,garch11_t,log_score,2366,-2.1870958313605864,0.033914257647641916
BTC-USD,calm,garch11_t,pinball_0p01,2366,0.0011072039292485002,7.0559184774954072e-05
BTC-USD,calm,garch11_t,pinball_0p025,2366,0.0021189789067919199,0.00011074005312398922
BTC-USD,calm,garch11_t,pinball_0p05,2366,0.0033777461019426627,0.00014488912525393151
BTC-USD,calm,garch11_t,pinball_avg,2366,0.0022013096459943611,0.00010615489618866308
BTC-USD,calm,garch11_t,qlike,2366,0.46297534205652646,0.026352135595696623
BTC-USD,calm,garch11_t,fz0_0p01,2366,-2.1996546633112124,0.072117713266861186
BTC-USD,calm,garch11_t,fz0_0p025,2366,-2.4899540098341379,0.056427144332746627
BTC-USD,calm,garch11_t,fz0_0p05,2366,-2.7324882385182541,0.046931276602413675
BTC-USD,calm,garch11_t,fz0_avg,2366,-2.474032303887868,0.057021741141631437
BTC-USD,calm,garch11_t,qlike_ex_near_zero,2366,0.46297534205652646,0.026352135595696623
BTC-USD,calm,gjr,crps,2366,0.015762263029410153,0.00039152563856070165
BTC-USD,calm,gjr,log_score,2366,-2.123525090372298,0.028840803506164529
BTC-USD,calm,gjr,pinball_0p01,2366,0.0010458663952791314,7.3403121165502058e-05
BTC-USD,calm,gjr,pinball_0p025,2366,0.0020879513140836278,9.9268458135402443e-05
BTC-USD,calm,gjr,pinball_0p05,2366,0.0034329450960821888,0.00012617332693291058
BTC-USD,calm,gjr,pinball_avg,2366,0.002188920935148316,9.8063087404001056e-05
BTC-USD,calm,gjr,qlike,2366,0.43954285487933636,0.02676853673243439
BTC-USD,calm,gjr,fz0_0p01,2366,-2.2844961400539239,0.091804537296831024
BTC-USD,calm,gjr,fz0_0p025,2366,-2.5367353846794378,0.056361655902546243
BTC-USD,calm,gjr,fz0_0p05,2366,-2.7456870336054284,0.041187623524538142
BTC-USD,calm,gjr,fz0_avg,2366,-2.5223061861129299,0.062126524681853208
BTC-USD,calm,gjr,qlike_ex_near_zero,2366,0.43954285487933636,0.02676853673243439
BTC-USD,calm,har,crps,2366,0.015606798709980316,0.00039477792416888635
BTC-USD,calm,har,log_score,2366,-2.1380699774576994,0.036114477136064679
BTC-USD,calm,har,pinball_0p01,2366,0.0010397617272228546,7.2902030088501597e-05
BTC-USD,calm,har,pinball_0p025,2366,0.0020529070979593868,9.6714787660783367e-05
BTC-USD,calm,har,pinball_0p05,2366,0.0033980020945378071,0.00012350861681610672
BTC-USD,calm,har,pinball_avg,2366,0.0021635569732400164,9.5916139952863922e-05
BTC-USD,calm,har,qlike,2366,0.34955522831411129,0.034005006864186282
BTC-USD,calm,har,fz0_0p01,2366,-2.2414815491582218,0.11298981168796234
BTC-USD,calm,har,fz0_0p025,2366,-2.5414585609318006,0.06568206517579725
BTC-USD,calm,har,fz0_0p05,2366,-2.755136141285659,0.046603500217805613
BTC-USD,calm,har,fz0_avg,2366,-2.5126920837918938,0.074125178758766161
BTC-USD,calm,har,qlike_ex_near_zero,2366,0.34955522831411129,0.034005006864186282
BTC-USD,calm,lgbm,crps,2366,0.015720140671754129,0.00040312649743074082
BTC-USD,calm,lgbm,log_score,2366,-2.1133230490754205,0.043988452831189392
BTC-USD,calm,lgbm,pinball_0p01,2366,0.0010929878450732279,8.1616228834436384e-05
BTC-USD,calm,lgbm,pinball_0p025,2366,0.0021367840303787213,0.00010252774128499822
BTC-USD,calm,lgbm,pinball_0p05,2366,0.0035110165075773049,0.00012819177205979302
BTC-USD,calm,lgbm,pinball_avg,2366,0.0022469294610097516,0.00010217776779042821
BTC-USD,calm,lgbm,qlike,2366,0.39761057447909698,0.047028343993908671
BTC-USD,calm,lgbm,fz0_0p01,2366,-2.1408199639897671,0.14241860274409365
BTC-USD,calm,lgbm,fz0_0p025,2366,-2.4819654682137209,0.077602240224359617
BTC-USD,calm,lgbm,fz0_0p05,2366,-2.7183355505413909,0.05256474433074506
BTC-USD,calm,lgbm,fz0_avg,2366,-2.4470403275816266,0.089864649702325564
BTC-USD,calm,lgbm,qlike_ex_near_zero,2366,0.39761057447909698,0.047028343993908671
BTC-USD,calm,moirai,crps,2366,0.015350920941469762,0.00040034526664454567
BTC-USD,calm,moirai,log_score,2366,-2.1714455662333583,0.043427062076323096
BTC-USD,calm,moirai,pinball_0p01,2366,0.0009974949506283894,7.6723577094153881e-05
BTC-USD,calm,moirai,pinball_0p025,2366,0.0019663705320445732,0.00010135888687706837
BTC-USD,calm,moirai,pinball_0p05,2366,0.0032340026129970122,0.00012832300605675512
BTC-USD,calm,moirai,pinball_avg,2366,0.0020659560318899914,0.00010025571700638758
BTC-USD,calm,moirai,qlike,2366,0.29970734966056378,0.032740253785672892
BTC-USD,calm,moirai,fz0_0p01,2366,-2.3076263106034394,0.12010816763016771
BTC-USD,calm,moirai,fz0_0p025,2366,-2.6100080488575164,0.070029100893394897
BTC-USD,calm,moirai,fz0_0p05,2366,-2.8312503451499249,0.049769889311375541
BTC-USD,calm,moirai,fz0_avg,2366,-2.5829615682036269,0.078897859237913051
BTC-USD,calm,moirai,qlike_ex_near_zero,2366,0.29970734966056378,0.032740253785672892
BTC-USD,calm,naive,crps,2366,0.016009562993521614,0.00038538956895366498
BTC-USD,calm,naive,log_score,2366,-2.1026275621013299,0.02783302379705354
BTC-USD,calm,naive,pinball_0p01,2366,0.0010952813238662635,8.2119103912569499e-05
BTC-USD,calm,naive,pinball_0p025,2366,0.002153866805055023,0.00010444554526921882
BTC-USD,calm,naive,pinball_0p05,2366,0.0035536480306505242,0.00012622629228880642
BTC-USD,calm,naive,pinball_avg,2366,0.0022675987198572702,0.0001031011600682854
BTC-USD,calm,naive,qlike,2366,0.54125356220407606,0.02929092998178387
BTC-USD,calm,naive,fz0_0p01,2366,-2.2174401909666583,0.10393387002253608
BTC-USD,calm,naive,fz0_0p025,2366,-2.4865678826133735,0.059358233632094831
BTC-USD,calm,naive,fz0_0p05,2366,-2.6891641194792717,0.040950611944682351
BTC-USD,calm,naive,fz0_avg,2366,-2.4643907310197681,0.067278759533691529
BTC-USD,calm,naive,qlike_ex_near_zero,2366,0.54125356220407606,0.02929092998178387
BTC-USD,calm,patchtst,crps,2366,0.015773645305866807,0.00040448131060980328
BTC-USD,calm,patchtst,log_score,2366,-2.0149162637301239,0.05434644727647784
BTC-USD,calm,patchtst,pinball_0p01,2366,0.0012118090542429444,0.00011014656303084241
BTC-USD,calm,patchtst,pinball_0p025,2366,0.0022339477298029251,0.00012766257817129571
BTC-USD,calm,patchtst,pinball_0p05,2366,0.0035685183989260178,0.00014688918128143546
BTC-USD,calm,patchtst,pinball_avg,2366,0.002338091727657296,0.00012679111542804192
BTC-USD,calm,patchtst,qlike,2366,0.67340240366173576,0.069127344915776712
BTC-USD,calm,patchtst,fz0_0p01,2366,-1.8019442206544773,0.21692718469851788
BTC-USD,calm,patchtst,fz0_0p025,2366,-2.3165150829867689,0.11209012305136573
BTC-USD,calm,patchtst,fz0_0p05,2366,-2.6197671850761624,0.07173659381117542
BTC-USD,calm,patchtst,fz0_avg,2366,-2.2460754962391358,0.13284301905688406
BTC-USD,calm,patchtst,qlike_ex_near_zero,2366,0.67340240366173576,0.069127344915776712
BTC-USD,calm,timesfm,crps,2366,0.015371081022895276,0.00039918140277834976
BTC-USD,calm,timesfm,log_score,2366,-2.1802132844179347,0.03442070866860638
BTC-USD,calm,timesfm,pinball_0p01,2366,0.0010018581760491232,7.8700089598437639e-05
BTC-USD,calm,timesfm,pinball_0p025,2366,0.0019724976722711642,0.00010193647980093129
BTC-USD,calm,timesfm,pinball_0p05,2366,0.003254418957180507,0.00012837890680762807
BTC-USD,calm,timesfm,pinball_avg,2366,0.0020762582685002651,0.00010110206216125661
BTC-USD,calm,timesfm,qlike,2366,0.31100674659220545,0.032909920476246253
BTC-USD,calm,timesfm,fz0_0p01,2366,-2.301812071101955,0.1206341663722469
BTC-USD,calm,timesfm,fz0_0p025,2366,-2.6012675683296989,0.069488987560622315
BTC-USD,calm,timesfm,fz0_0p05,2366,-2.8198448779870553,0.049082491140840456
BTC-USD,calm,timesfm,fz0_avg,2366,-2.5743081724729029,0.07868016338575673
BTC-USD,calm,timesfm,qlike_ex_near_zero,2366,0.31100674659220545,0.032909920476246253
CAC,gfc,autoarima,crps,149,0.017338485898298721,0.001371016706919564
CAC,gfc,autoarima,log_score,149,-2.0076772436808943,0.10511095218875879
CAC,gfc,autoarima,pinball_0p01,149,0.0010618840937265878,0.00032356836373552341
CAC,gfc,autoarima,pinball_0p025,149,0.0019777687301407772,0.00037470864251413106
CAC,gfc,autoarima,pinball_0p05,149,0.0034508967578430485,0.00044072817858421679
CAC,gfc,autoarima,pinball_avg,149,0.0021635165272368044,0.00037189275164832921
CAC,gfc,autoarima,qlike,149,0.57624984755896302,0.13490454733160734
CAC,gfc,autoarima,fz0_0p01,149,-1.948115811825982,0.61813053769069815
CAC,gfc,autoarima,fz0_0p025,149,-2.3580841066930254,0.32995897212768671
CAC,gfc,autoarima,fz0_0p05,149,-2.5271193253950885,0.21800200151742158
CAC,gfc,autoarima,fz0_avg,149,-2.2777730813046988,0.38415294762356894
CAC,gfc,autoarima,qlike_ex_near_zero,149,0.57624984755896302,0.13490454733160734
CAC,gfc,autoets,crps,149,0.017327094024179673,0.0013689697264036317
CAC,gfc,autoets,log_score,149,-2.0062024050148048,0.1088746573005487
CAC,gfc,autoets,pinball_0p01,149,0.0010588456604372096,0.00033481094679066643
CAC,gfc,autoets,pinball_0p025,149,0.0020067168532963385,0.00038347020460362762
CAC,gfc,autoets,pinball_0p05,149,0.0034563457855439866,0.00044885942588655206
CAC,gfc,autoets,pinball_avg,149,0.0021739694330925119,0.00038106062553421857
CAC,gfc,autoets,qlike,149,0.55097454622858211,0.11561952818036271
CAC,gfc,autoets,fz0_0p01,149,-1.9435034786878931,0.66998727212538622
CAC,gfc,autoets,fz0_0p025,149,-2.3427000878774522,0.3510203787093929
CAC,gfc,autoets,fz0_0p05,149,-2.5299442112005073,0.22881406722833358
CAC,gfc,autoets,fz0_avg,149,-2.2720492592552843,0.41199148988067569
CAC,gfc,autoets,qlike_ex_near_zero,149,0.55097454622858211,0.11561952818036271
CAC,gfc,chronos,crps,149,0.01733182551313539,0.001418434494863184
CAC,gfc,chronos,log_score,149,-1.9750686627812417,0.11599737883428297
CAC,gfc,chronos,pinball_0p01,149,0.0010709817173389072,0.00032172204410444631
CAC,gfc,chronos,pinball_0p025,149,0.0022590178947713055,0.00039604886383627083
CAC,gfc,chronos,pinball_0p05,149,0.0037604446901037519,0.00049318823150671016
CAC,gfc,chronos,pinball_avg,149,0.0023634814340713212,0.00039172326327498717
CAC,gfc,chronos,qlike,149,0.56074820265438641,0.11053064339515804
CAC,gfc,chronos,fz0_0p01,149,-1.8696427142361933,0.61112555143050307
CAC,gfc,chronos,fz0_0p025,149,-2.1062623231770381,0.35020570485996266
CAC,gfc,chronos,fz0_0p05,149,-2.3519438305033704,0.24754325767795177
CAC,gfc,chronos,fz0_avg,149,-2.1092829559722013,0.39356871927417969
CAC,gfc,chronos,qlike_ex_near_zero,149,0.56074820265438641,0.11053064339515804
CAC,gfc,ewma,crps,149,0.017386365237151397,0.0013667508489422742
CAC,gfc,ewma,log_score,149,-2.011388857890319,0.099690576599790234
CAC,gfc,ewma,pinball_0p01,149,0.00088107902409498978,0.00021139131182925847
CAC,gfc,ewma,pinball_0p025,149,0.0018957027748518645,0.00028703381190859538
CAC,gfc,ewma,pinball_0p05,149,0.0033116885685113445,0.00037489474491706279
CAC,gfc,ewma,pinball_avg,149,0.0020294901224860665,0.00028308427514998067
CAC,gfc,ewma,qlike,149,0.5560309792767999,0.11257570320001006
CAC,gfc,ewma,fz0_0p01,149,-2.4063686515396121,0.29619577461603191
CAC,gfc,ewma,fz0_0p025,149,-2.5117528520090384,0.18562208793732204
CAC,gfc,ewma,fz0_0p05,149,-2.630819602955238,0.14238198622214918
CAC,gfc,ewma,fz0_avg,149,-2.5163137021679631,0.20082869952460314
CAC,gfc,ewma,qlike_ex_near_zero,149,0.5560309792767999,0.11257570320001006
CAC,gfc,garch11,crps,149,0.017358682986431485,0.0013700567874216868
CAC,gfc,garch11,log_score,149,-2.0175008919525941,0.097383774931716335
CAC,gfc,garch11,pinball_0p01,149,0.00093264819098372428,0.00021202666355573191
CAC,gfc,garch11,pinball_0p025,149,0.0019581692490025439,0.00028921283039826947
CAC,gfc,garch11,pinball_0p05,149,0.0033078266542707533,0.00037425810615860988
CAC,gfc,garch11,pinball_avg,149,0.0020662146980856741,0.00028617831195130989
CAC,gfc,garch11,qlike,149,0.48215138767001703,0.099268462235136426
CAC,gfc,garch11,fz0_0p01,149,-2.3085841107099148,0.30252609789024421
CAC,gfc,garch11,fz0_0p025,149,-2.4260760332749558,0.20374329269672317
CAC,gfc,garch11,fz0_0p05,149,-2.6014248067067651,0.15652398536649687
CAC,gfc,garch11,fz0_avg,149,-2.4453616502305451,0.21394915566794853
CAC,gfc,garch11,qlike_ex_near_zero,149,0.48215138767001703,0.099268462235136426
CAC,gfc,garch11_t,crps,149,0.017313044768495052,0.0013849244014262792
CAC,gfc,garch11_t,log_score,149,-2.049608967326626,0.086860212882259591
CAC,gfc,garch11_t,pinball_0p01,149,0.00089838752001412231,0.00018117484588793818
CAC,gfc,garch11_t,pinball_0p025,149,0.0019359595653112983,0.0002750137779440609
CAC,gfc,garch11_t,pinball_0p05,149,0.0032966171701114808,0.00037668484612683305
CAC,gfc,garch11_t,pinball_avg,149,0.002043654751812301,0.00027020843158496012
CAC,gfc,garch11_t,qlike,149,0.48974025684861006,0.09978208941511954
CAC,gfc,garch11_t,fz0_0p01,149,-2.4130910160132268,0.22335345965301737
CAC,gfc,garch11_t,fz0_0p025,149,-2.4731887193015569,0.17484415283401164
CAC,gfc,garch11_t,fz0_0p05,149,-2.6148715222554331,0.14886232620939419
CAC,gfc,garch11_t,fz0_avg,149,-2.5003837525234047,0.17318381822092199
CAC,gfc,garch11_t,qlike_ex_near_zero,149,0.48974025684861006,0.09978208941511954
CAC,gfc,gjr,crps,149,0.017138343951325744,0.0013508731798943178
CAC,gfc,gjr,log_score,149,-2.049544281999403,0.096083742993027105
CAC,gfc,gjr,pinball_0p01,149,0.0010499168280627426,0.00026122392765208383
CAC,gfc,gjr,pinball_0p025,149,0.0021000612813497372,0.00033656784255710413
CAC,gfc,gjr,pinball_0p05,149,0.0034838740562900491,0.00041929609145923953
CAC,gfc,gjr,pinball_avg,149,0.0022112840552341766,0.00033306061053430056
CAC,gfc,gjr,qlike,149,0.39684148739484804,0.076084530216611143
CAC,gfc,gjr,fz0_0p01,149,-2.0131321766749326,0.42629204021497336
CAC,gfc,gjr,fz0_0p025,149,-2.2614079033360093,0.26925508225551376
CAC,gfc,gjr,fz0_0p05,149,-2.4784447014195621,0.20074760929994404
CAC,gfc,gjr,fz0_avg,149,-2.2509949271435015,0.29229737823337082
CAC,gfc,gjr,qlike_ex_near_zero,149,0.39684148739484804,0.076084530216611143
CAC,gfc,har,crps,149,0.017209555339882086,0.00138686341949911
CAC,gfc,har,log_score,149,-2.0308926442643567,0.10086978659786532
CAC,gfc,har,pinball_0p01,149,0.0009662045238170516,0.0002774981646804373
CAC,gfc,har,pinball_0p025,149,0.0019166113084640591,0.00034192887627169867
CAC,gfc,har,pinball_0p05,149,0.0034273487720491223,0.00042788781007127401
CAC,gfc,har,pinball_avg,149,0.0021033882014434109,0.00033986404423662987
CAC,gfc,har,qlike,149,0.50387066268826508,0.10453952182785603
CAC,gfc,har,fz0_0p01,149,-2.1474758799855187,0.46593420708521766
CAC,gfc,har,fz0_0p025,149,-2.4090702888285618,0.27543244804007572
CAC,gfc,har,fz0_0p05,149,-2.5396531190851546,0.19922712451376595
CAC,gfc,har,fz0_avg,149,-2.3653997626330776,0.30650247320789692
CAC,gfc,har,qlike_ex_near_zero,149,0.50387066268826508,0.10453952182785603
CAC,gfc,lgbm,crps,149,0.018256503620485382,0.0013628490862494819
CAC,gfc,lgbm,log_score,149,-1.8486114436420611,0.1170780041790641
CAC,gfc,lgbm,pinball_0p01,149,0.0013590994419247701,0.00032439412495066953
CAC,gfc,lgbm,pinball_0p025,149,0.0025577533356365232,0.00043267755056891405
CAC,gfc,lgbm,pinball_0p05,149,0.004024245069063479,0.00053100773127944727
CAC,gfc,lgbm,pinball_avg,149,0.0026470326155415905,0.00042298773336644976
CAC,gfc,lgbm,qlike,149,0.96478792005792668,0.15212819169122577
CAC,gfc,lgbm,fz0_0p01,149,-1.6054719721396635,0.5584083295572253
CAC,gfc,lgbm,fz0_0p025,149,-2.0397068713955102,0.33485708507503342
CAC,gfc,lgbm,fz0_0p05,149,-2.3453669993015902,0.23207305575181375
CAC,gfc,lgbm,fz0_avg,149,-1.9968486142789217,0.37016456935795605
CAC,gfc,lgbm,qlike_ex_near_zero,149,0.96478792005792668,0.15212819169122577
CAC,gfc,moirai,crps,149,0.017431539418334779,0.0014459623022402301
CAC,gfc,moirai,log_score,149,-1.9333205045346571,0.12836156018406256
CAC,gfc,moirai,pinball_0p01,149,0.0012875192778312112,0.00037615921497824629
CAC,gfc,moirai,pinball_0p025,149,0.0024983631814657664,0.00045927185429189528
CAC,gfc,moirai,pinball_0p05,149,0.0039923436148489649,0.00054921705911725651
CAC,gfc,moirai,pinball_avg,149,0.0025927420247153143,0.00045198463991426063
CAC,gfc,moirai,qlike,149,0.60819435083836326,0.12010686477221245
CAC,gfc,moirai,fz0_0p01,149,-1.4177070975539652,0.76025732135415813
CAC,gfc,moirai,fz0_0p025,149,-1.8776340973448753,0.42119892557525906
CAC,gfc,moirai,fz0_0p05,149,-2.2090911225610315,0.285909572682083
CAC,gfc,moirai,fz0_avg,149,-1.8348107724866241,0.48124128894307888
CAC,gfc,moirai,qlike_ex_near_zero,149,0.60819435083836326,0.12010686477221245
CAC,gfc,naive,crps,149,0.018179588515843143,0.0016670651164004252
CAC,gfc,naive,log_score,149,-1.1802809418108522,0.36141823886392926
CAC,gfc,naive,pinball_0p01,149,0.0024273477434625774,0.00066444452067599042
CAC,gfc,naive,pinball_0p025,149,0.0035839733162446965,0.0007458680170372747
CAC,gfc,naive,pinball_0p05,149,0.0050327500460889936,0.00080432863600380842
CAC,gfc,naive,pinball_avg,149,0.0036813570352654218,0.00073332255808653977
CAC,gfc,naive,qlike,149,2.1847112809306575,0.65973775515154898
CAC,gfc,naive,fz0_0p01,149,1.8627047033703867,1.7029442340284859
CAC,gfc,naive,fz0_0p025,149,-0.27772222051791323,0.88037516179842346
CAC,gfc,naive,fz0_0p05,149,-1.2403247973541942,0.55070153821215395
CAC,gfc,naive,fz0_avg,149,0.11488589516609359,1.0391409587874889
CAC,gfc,naive,qlike_ex_near_zero,149,2.1847112809306575,0.65973775515154898
CAC,gfc,patchtst,crps,149,0.018181208944428248,0.0015242412186812651
CAC,gfc,patchtst,log_score,149,-1.5029316336292888,0.27016302865812664
CAC,gfc,patchtst,pinball_0p01,149,0.0019767502327326741,0.00058961692085737207
CAC,gfc,patchtst,pinball_0p025,149,0.0030670297992031414,0.00067010404152814272
CAC,gfc,patchtst,pinball_0p05,149,0.0044477714826995527,0.00072961873085239577
CAC,gfc,patchtst,pinball_avg,149,0.0031638505048784565,0.00065968165883051203
CAC,gfc,patchtst,qlike,149,1.7681156045702355,0.56084172562182599
CAC,gfc,patchtst,fz0_0p01,149,0.31577894418485764,1.3532816576714077
CAC,gfc,patchtst,fz0_0p025,149,-1.1023858388260712,0.71347639673488494
CAC,gfc,patchtst,fz0_0p05,149,-1.7908362240321662,0.45154154211343334
CAC,gfc,patchtst,fz0_avg,149,-0.85914770622446024,0.83567971416553677
CAC,gfc,patchtst,qlike_ex_near_zero,149,1.7681156045702355,0.56084172562182599
CAC,gfc,timesfm,crps,149,0.017311310028320929,0.0014319906000959831
CAC,gfc,timesfm,log_score,149,-1.9893370778804185,0.11498919397486189
CAC,gfc,timesfm,pinball_0p01,149,0.0010743312415133575,0.00032035871177902339
CAC,gfc,timesfm,pinball_0p025,149,0.0021886763906279316,0.00039692619561225624
CAC,gfc,timesfm,pinball_0p05,149,0.0036952175715864138,0.00048979116168908806
CAC,gfc,timesfm,pinball_avg,149,0.0023194084012425681,0.0003912002819237617
CAC,gfc,timesfm,qlike,149,0.57346771376095318,0.11732281799674196
CAC,gfc,timesfm,fz0_0p01,149,-1.8950512986589305,0.59189626538883899
CAC,gfc,timesfm,fz0_0p025,149,-2.1855506885968232,0.33915678477913003
CAC,gfc,timesfm,fz0_0p05,149,-2.397939543819982,0.23923338641354605
CAC,gfc,timesfm,fz0_avg,149,-2.1595138436919119,0.38174034723830047
CAC,gfc,timesfm,qlike_ex_near_zero,149,0.57346771376095318,0.11732281799674196
CAC,covid,autoarima,crps,62,0.016852821924551856,0.0025633898876783333
CAC,covid,autoarima,log_score,62,-1.8247854065142135,0.37584786037921608
CAC,covid,autoarima,pinball_0p01,62,0.002841562806207799,0.0013175018210574143
CAC,covid,autoarima,pinball_0p025,62,0.0038915736118953475,0.0015009497873911468
CAC,covid,autoarima,pinball_0p05,62,0.0051442632465863803,0.0016344839504080877
CAC,covid,autoarima,pinball_avg,62,0.003959133221563175,0.0014803117256365476
CAC,covid,autoarima,qlike,62,1.101851570476863,0.2804377622158854
CAC,covid,autoarima,fz0_0p01,62,2.340587380819434,2.8369283821636828
CAC,covid,autoarima,fz0_0p025,62,-0.22828195146873592,1.5025731776058984
CAC,covid,autoarima,fz0_0p05,62,-1.3620896607938442,0.98143614732003726
CAC,covid,autoarima,fz0_avg,62,0.2500719228522843,1.7661811384216386
CAC,covid,autoarima,qlike_ex_near_zero,62,1.101851570476863,0.2804377622158854
CAC,covid,autoets,crps,62,0.016649401501355715,0.0024703371494554562
CAC,covid,autoets,log_score,62,-1.9837510006696841,0.31707143527878406
CAC,covid,autoets,pinball_0p01,62,0.0021875171512885589,0.00080838334446386626
CAC,covid,autoets,pinball_0p025,62,0.0034062320741262411,0.0010303401927359156
CAC,covid,autoets,pinball_0p05,62,0.0049031624591059381,0.0012373809615003136
CAC,covid,autoets,pinball_avg,62,0.0034989705615069127,0.0010196627967523724
CAC,covid,autoets,qlike,62,0.81468787289323696,0.22954645993534323
CAC,covid,autoets,fz0_0p01,62,0.66724337912355169,2.2550881530520397
CAC,covid,autoets,fz0_0p025,62,-1.0394522692437689,1.1580010777973466
CAC,covid,autoets,fz0_0p05,62,-1.7878026798263542,0.77043240263319246
CAC,covid,autoets,fz0_avg,62,-0.72000385664885702,1.3864651632336702
CAC,covid,autoets,qlike_ex_near_zero,62,0.81468787289323696,0.22954645993534323
CAC,covid,chronos,crps,62,0.016877729074587323,0.0025761154724367437
CAC,covid,chronos,log_score,62,-1.8096399670353378,0.36504210084313449
CAC,covid,chronos,pinball_0p01,62,0.0029287079302561664,0.0013826752207674235
CAC,covid,chronos,pinball_0p025,62,0.0039991209804676273,0.0015647462360562098
CAC,covid,chronos,pinball_0p05,62,0.0053079501918292327,0.0016985324696116408
CAC,covid,chronos,pinball_avg,62,0.004078593034184343,0.0015445193208252609
CAC,covid,chronos,qlike,62,0.82103432091458706,0.19416623195623092
CAC,covid,chronos,fz0_0p01,62,2.1097670086874505,2.7243191366827437
CAC,covid,chronos,fz0_0p025,62,-0.36225071587360719,1.4528251035917739
CAC,covid,chronos,fz0_0p05,62,-1.4390899974548899,0.94150858007827332
CAC,covid,chronos,fz0_avg,62,0.10280876511965122,1.7004128295652592
CAC,covid,chronos,qlike_ex_near_zero,62,0.82103432091458706,0.19416623195623092
CAC,covid,ewma,crps,62,0.01687052576207038,0.0025492128624224042
CAC,covid,ewma,log_score,62,-1.8492864749628963,0.34042147900350023
CAC,covid,ewma,pinball_0p01,62,0.0029067231268956506,0.0012946191838525811
CAC,covid,ewma,pinball_0p025,62,0.004097845499046981,0.0014820427303953272
CAC,covid,ewma,pinball_0p05,62,0.0053688272017553438,0.0016191388705091309
CAC,covid,ewma,pinball_avg,62,0.0041244652758993259,0.0014610331902670749
CAC,covid,ewma,qlike,62,0.95938296538711387,0.21131086140428151
CAC,covid,ewma,fz0_0p01,62,2.111508368507609,2.5852379375823902
CAC,covid,ewma,fz0_0p025,62,-0.20791147266872786,1.3962776369741534
CAC,covid,ewma,fz0_0p05,62,-1.34366324178536,0.9066381728828945
CAC,covid,ewma,fz0_avg,62,0.18664455135117339,1.621123966839727
CAC,covid,ewma,qlike_ex_near_zero,62,0.95938296538711387,0.21131086140428151
CAC,covid,garch11,crps,62,0.01681312368143428,0.0026154791788524498
CAC,covid,garch11,log_score,62,-1.9411765451795353,0.3147557893694129
CAC,covid,garch11,pinball_0p01,62,0.0025662359805585051,0.0011829727802693372
CAC,covid,garch11,pinball_0p025,62,0.0036658341555671683,0.0014053253405978963
CAC,covid,garch11,pinball_0p05,62,0.0050477406505961275,0.0015646660846887711
CAC,covid,garch11,pinball_avg,62,0.0037599369289072673,0.0013803040601288357
CAC,covid,garch11,qlike,62,0.67350383825417526,0.17477853353109651
CAC,covid,garch11,fz0_0p01,62,1.2446197871683016,2.346582359778246
CAC,covid,garch11,fz0_0p025,62,-0.73177264981714663,1.2766494791047065
CAC,covid,garch11,fz0_0p05,62,-1.6107914652642903,0.83147988081862279
CAC,covid,garch11,fz0_avg,62,-0.36598144263771215,1.4773528855908789
CAC,covid,garch11,qlike_ex_near_zero,62,0.67350383825417526,0.17477853353109651
CAC,covid,garch11_t,crps,62,0.01676427788773157,0.002584846298311684
CAC,covid,garch11_t,log_score,62,-2.1588676800841977,0.21769274887102014
CAC,covid,garch11_t,pinball_0p01,62,0.0021456257971511649,0.00086343495862486954
CAC,covid,garch11_t,pinball_0p025,62,0.0035120383786369984,0.0012711934489326329
CAC,covid,garch11_t,pinball_0p05,62,0.0049688302570052682,0.00153638081038454
CAC,covid,garch11_t,pinball_avg,62,0.0035421648109311434,0.0012169583464701256
CAC,covid,garch11_t,qlike,62,0.63902411317626151,0.1653696421635221
CAC,covid,garch11_t,fz0_0p01,62,-0.39059637329067737,1.4109759975656631
CAC,covid,garch11_t,fz0_0p025,62,-1.2573335444767255,0.97881452940855818
CAC,covid,garch11_t,fz0_0p05,62,-1.8266666607072373,0.7284336486497901
CAC,covid,garch11_t,fz0_avg,62,-1.1581988594915471,1.0277544339754388
CAC,covid,garch11_t,qlike_ex_near_zero,62,0.63902411317626151,0.1653696421635221
CAC,covid,gjr,crps,62,0.016852257491491756,0.0026637960303816585
CAC,covid,gjr,log_score,62,-2.073902258940914,0.25190744021429978
CAC,covid,gjr,pinball_0p01,62,0.0017684283530497733,0.00059647522795035278
CAC,covid,gjr,pinball_0p025,62,0.0030891381322798385,0.00089425990626581977
CAC,covid,gjr,pinball_0p05,62,0.0047020511340233684,0.0011769471435792817
CAC,covid,gjr,pinball_avg,62,0.0031865392064509934,0.00087777927303681665
CAC,covid,gjr,qlike,62,0.50008361044934113,0.14886120782344664
CAC,covid,gjr,fz0_0p01,62,-0.21322793416377642,1.6765381658917071
CAC,covid,gjr,fz0_0p025,62,-1.3757465245346656,0.92125977311129281
CAC,covid,gjr,fz0_0p05,62,-1.9592723198126927,0.62043179036371332
CAC,covid,gjr,fz0_avg,62,-1.1827489261703783,1.0596986026886794
CAC,covid,gjr,qlike_ex_near_zero,62,0.50008361044934113,0.14886120782344664
CAC,covid,har,crps,62,0.016651281835540648,0.0025252747608300037
CAC,covid,har,log_score,62,-1.9605975356849503,0.31875467106658922
CAC,covid,har,pinball_0p01,62,0.0026042094430720484,0.0012306629179499973
CAC,covid,har,pinball_0p025,62,0.0035864554270974291,0.0013879380909445984
CAC,covid,har,pinball_0p05,62,0.0048057214383455836,0.0015353327516383314
CAC,covid,har,pinball_avg,62,0.0036654621028383537,0.0013806251081906412
CAC,covid,har,qlike,62,0.84040901314349981,0.20491450711141837
CAC,covid,har,fz0_0p01,62,1.3468140298589266,2.4064732594692235
CAC,covid,har,fz0_0p025,62,-0.79500763823724641,1.2591537901374354
CAC,covid,har,fz0_0p05,62,-1.7267981311869305,0.8178086029881948
CAC,covid,har,fz0_avg,62,-0.39166391318841653,1.4885068060604114
CAC,covid,har,qlike_ex_near_zero,62,0.84040901314349981,0.20491450711141837
CAC,covid,lgbm,crps,62,0.018394152750770536,0.0028940605428340086
CAC,covid,lgbm,log_score,62,-0.42419941441897374,0.81217927736629991
CAC,covid,lgbm,pinball_0p01,62,0.0048874452923449935,0.0017800131738874567
CAC,covid,lgbm,pinball_0p025,62,0.0061911616492634448,0.0018744791997296554
CAC,covid,lgbm,pinball_0p05,62,0.0075348810056749069,0.0019285257101011193
CAC,covid,lgbm,pinball_avg,62,0.0062044959824277815,0.0018563784272478498
CAC,covid,lgbm,qlike,62,4.1367899793044147,1.8037243422817717
CAC,covid,lgbm,fz0_0p01,62,10.224611334449055,5.2255790998052314
CAC,covid,lgbm,fz0_0p025,62,3.8287659607036999,2.5722287504229056
CAC,covid,lgbm,fz0_0p05,62,1.0997304300265678,1.5674739387831214
CAC,covid,lgbm,fz0_avg,62,5.051035908393108,3.115637594555003
CAC,covid,lgbm,qlike_ex_near_zero,62,4.1367899793044147,1.8037243422817717
CAC,covid,moirai,crps,62,0.016695706528935882,0.0025644552160063246
CAC,covid,moirai,log_score,62,-1.8167735579914692,0.39403110081501314
CAC,covid,moirai,pinball_0p01,62,0.0029718409771303379,0.0014670307561919277
CAC,covid,moirai,pinball_0p025,62,0.0038978703240821421,0.0016400110741882253
CAC,covid,moirai,pinball_0p05,62,0.0050537695203614367,0.0017529678071383727
CAC,covid,moirai,pinball_avg,62,0.0039744936071913041,0.0016171008266923944
CAC,covid,moirai,qlike,62,0.83178434438402915,0.20333524229989031
CAC,covid,moirai,fz0_0p01,62,2.4611108753706454,3.0373299467586925
CAC,covid,moirai,fz0_0p025,62,-0.32010184417362519,1.6012930869599897
CAC,covid,moirai,fz0_0p05,62,-1.4883829242439897,1.0141803932129017
CAC,covid,moirai,fz0_avg,62,0.21754203565101074,1.8805438093074078
CAC,covid,moirai,qlike_ex_near_zero,62,0.83178434438402915,0.20333524229989031
CAC,covid,naive,crps,62,0.018602542639718261,0.0030222598576282096
CAC,covid,naive,log_score,62,1.1203995632740189,1.5683369702191818
CAC,covid,naive,pinball_0p01,62,0.0059119946738820008,0.0020885130511299204
CAC,covid,naive,pinball_0p025,62,0.0070626291130253208,0.00214601656234607
CAC,covid,naive,pinball_0p05,62,0.0081570451238953453,0.002166835098112432
CAC,covid,naive,pinball_avg,62,0.0070438896369342217,0.0021302522904402604
CAC,covid,naive,qlike,62,6.8106233626003503,3.7098833093805794
CAC,covid,naive,fz0_0p01,62,17.508335963960221,8.2958191027924588
CAC,covid,naive,fz0_0p025,62,7.2791613039472214,3.9858648649299586
CAC,covid,naive,fz0_0p05,62,3.037799174152874,2.3663891581089689
CAC,covid,naive,fz0_avg,62,9.2750988140201045,4.8771882154102748
CAC,covid,naive,qlike_ex_near_zero,62,6.8106233626003503,3.7098833093805794
CAC,covid,patchtst,crps,62,0.019195411151898014,0.0029623957619275502
CAC,covid,patchtst,log_score,62,0.478091847858167,1.1185046620365817
CAC,covid,patchtst,pinball_0p01,62,0.0058313527084907345,0.0019279483349089238
CAC,covid,patchtst,pinball_0p025,62,0.0070966045025246923,0.002000297083049911
CAC,covid,patchtst,pinball_0p05,62,0.008382509782394746,0.0020235970780866624
CAC,covid,patchtst,pinball_avg,62,0.0071034889978033918,0.0019807113560886135
CAC,covid,patchtst,qlike,62,6.4886850122517661,3.6918141177926342
CAC,covid,patchtst,fz0_0p01,62,14.777895862489725,6.3783730144527704
CAC,covid,patchtst,fz0_0p025,62,6.003245876616254,3.1281088136197019
CAC,covid,patchtst,fz0_0p05,62,2.3346692751702607,1.8791636397094695
CAC,covid,patchtst,fz0_avg,62,7.7052703380920793,3.790517544229179
CAC,covid,patchtst,qlike_ex_near_zero,62,6.4886850122517661,3.6918141177926342
CAC,covid,timesfm,crps,62,0.016752972514829937,0.0025434290594898504
CAC,covid,timesfm,log_score,62,-1.8618872802521598,0.35426728470907526
CAC,covid,timesfm,pinball_0p01,62,0.0028973563971836365,0.0013616504986673796
CAC,covid,timesfm,pinball_0p025,62,0.0039787964814844579,0.0015455574280174313
CAC,covid,timesfm,pinball_0p05,62,0.0052020991144948034,0.0016830938029684355
CAC,covid,timesfm,pinball_avg,62,0.0040260839977209664,0.0015257850056282368
CAC,covid,timesfm,qlike,62,0.86163433345565144,0.21820769583860944
CAC,covid,timesfm,fz0_0p01,62,2.0300341401004562,2.6652199457733614
CAC,covid,timesfm,fz0_0p025,62,-0.36568581715833398,1.4329141531733838
CAC,covid,timesfm,fz0_0p05,62,-1.4719611753430912,0.93433609403581475
CAC,covid,timesfm,fz0_avg,62,0.064129049199676866,1.6701641421247573
CAC,covid,timesfm,qlike_ex_near_zero,62,0.86163433345565144,0.21820769583860944
CAC,tightening_2022,autoarima,crps,214,0.0079256819161109635,0.00049469790218172559
CAC,tightening_2022,autoarima,log_score,214,-2.8597779117746245,0.053800109330048647
CAC,tightening_2022,autoarima,pinball_0p01,214,0.00042704739632243592,4.7551884501545648e-05
CAC,tightening_2022,autoarima,pinball_0p025,214,0.00093941619574654299,9.0031220058789054e-05
CAC,tightening_2022,autoarima,pinball_0p05,214,0.0015801998382113252,0.00013755402576484525
CAC,tightening_2022,autoarima,pinball_avg,214,0.00098222114342676821,8.934610273156934e-05
CAC,tightening_2022,autoarima,qlike,214,0.3355411970842056,0.034973198366412578
CAC,tightening_2022,autoarima,fz0_0p01,214,-3.1636852944468532,0.12525328722608975
CAC,tightening_2022,autoarima,fz0_0p025,214,-3.2710946256121955,0.11357266834932406
CAC,tightening_2022,autoarima,fz0_0p05,214,-3.4411752260681685,0.10300473804285487
CAC,tightening_2022,autoarima,fz0_avg,214,-3.2919850487090723,0.10931291305062422
CAC,tightening_2022,autoarima,qlike_ex_near_zero,214,0.3355411970842056,0.034973198366412578
CAC,tightening_2022,autoets,crps,214,0.0079269959362973288,0.0004967903584821617
CAC,tightening_2022,autoets,log_score,214,-2.8627636642750813,0.054157208587053599
CAC,tightening_2022,autoets,pinball_0p01,214,0.00039768542405992362,4.2004273251169751e-05
CAC,tightening_2022,autoets,pinball_0p025,214,0.00089935675837695588,7.418187781387553e-05
CAC,tightening_2022,autoets,pinball_0p05,214,0.0015413432576186754,0.00012251269004320662
CAC,tightening_2022,autoets,pinball_avg,214,0.00094612848001851828,7.5603984987587819e-05
CAC,tightening_2022,autoets,qlike,214,0.3402731337778882,0.035165740698898003
CAC,tightening_2022,autoets,fz0_0p01,214,-3.2360776457445395,0.11718825059191182
CAC,tightening_2022,autoets,fz0_0p025,214,-3.3202961784150791,0.099287818734424049
CAC,tightening_2022,autoets,fz0_0p05,214,-3.4733037425557112,0.093547991884743539
CAC,tightening_2022,autoets,fz0_avg,214,-3.343225855571776,0.096622535129692363
CAC,tightening_2022,autoets,qlike_ex_near_zero,214,0.3402731337778882,0.035165740698898003
CAC,tightening_2022,chronos,crps,214,0.0078568698630818706,0.00051777660006866529
CAC,tightening_2022,chronos,log_score,214,-2.8897006304169404,0.062733682734467097
CAC,tightening_2022,chronos,pinball_0p01,214,0.00039831921502449659,5.7647615200038162e-05
CAC,tightening_2022,chronos,pinball_0p025,214,0.00088046545084786011,0.00010201737252427358
CAC,tightening_2022,chronos,pinball_0p05,214,0.0015066975102368955,0.00014963738895930738
CAC,tightening_2022,chronos,pinball_avg,214,0.00092849405870308404,0.00010006864929992152
CAC,tightening_2022,chronos,qlike,214,0.36723531423143585,0.050463993137503486
CAC,tightening_2022,chronos,fz0_0p01,214,-3.2641778767227922,0.14501070829784843
CAC,tightening_2022,chronos,fz0_0p025,214,-3.3601254046289433,0.12849974019183541
CAC,tightening_2022,chronos,fz0_0p05,214,-3.5034267945290081,0.11657799642006954
CAC,tightening_2022,chronos,fz0_avg,214,-3.3759100252935812,0.12404113766112831
CAC,tightening_2022,chronos,qlike_ex_near_zero,214,0.36723531423143585,0.050463993137503486
CAC,tightening_2022,ewma,crps,214,0.0080059051231599621,0.00053466736520169089
CAC,tightening_2022,ewma,log_score,214,-2.8125538879181109,0.075780733568973468
CAC,tightening_2022,ewma,pinball_0p01,214,0.00048935064154045211,9.4500089262542026e-05
CAC,tightening_2022,ewma,pinball_0p025,214,0.00095693459526218481,0.00013124914947081103
CAC,tightening_2022,ewma,pinball_0p05,214,0.0016451446782538384,0.00017043362238308704
CAC,tightening_2022,ewma,pinball_avg,214,0.0010304766383521585,0.00012936967581934013
CAC,tightening_2022,ewma,qlike,214,0.39280221558304063,0.063359646856323948
CAC,tightening_2022,ewma,fz0_0p01,214,-2.916233168995761,0.32623374473252054
CAC,tightening_2022,ewma,fz0_0p025,214,-3.2285195646265863,0.19767183735324517
CAC,tightening_2022,ewma,fz0_0p05,214,-3.3789658781314533,0.14842978020109238
CAC,tightening_2022,ewma,fz0_avg,214,-3.1745728705845999,0.22069484304846759
CAC,tightening_2022,ewma,qlike_ex_near_zero,214,0.39280221558304063,0.063359646856323948
CAC,tightening_2022,garch11,crps,214,0.0080147182844016243,0.00055543953251193767
CAC,tightening_2022,garch11,log_score,214,-2.7954644127727883,0.08704315027972484
CAC,tightening_2022,garch11,pinball_0p01,214,0.00053037433968043494,0.00011187401614796721
CAC,tightening_2022,garch11,pinball_0p025,214,0.0010046853611192315,0.0001513946820102939
CAC,tightening_2022,garch11,pinball_0p05,214,0.0016344141494450495,0.00018880465005074025
CAC,tightening_2022,garch11,pinball_avg,214,0.0010564912834149052,0.0001489530868190841
CAC,tightening_2022,garch11,qlike,214,0.41258045339302207,0.078712347745905742
CAC,tightening_2022,garch11,fz0_0p01,214,-2.8173482787348734,0.34431685719348826
CAC,tightening_2022,garch11,fz0_0p025,214,-3.1549920449348554,0.21742845069992456
CAC,tightening_2022,garch11,fz0_0p05,214,-3.3741713212481037,0.1620120056040015
CAC,tightening_2022,garch11,fz0_avg,214,-3.1155038816392775,0.2380676487444881
CAC,tightening_2022,garch11,qlike_ex_near_zero,214,0.41258045339302207,0.078712347745905742
CAC,tightening_2022,garch11_t,crps,214,0.0080735079227139354,0.00057567637246499603
CAC,tightening_2022,garch11_t,log_score,214,-2.7912274009943623,0.080705029805859585
CAC,tightening_2022,garch11_t,pinball_0p01,214,0.00052887425956599969,9.0114553777049538e-05
CAC,tightening_2022,garch11_t,pinball_0p025,214,0.0010299615004542482,0.00015601780791259139
CAC,tightening_2022,garch11_t,pinball_0p05,214,0.0016879088920409137,0.00020708426491737781
CAC,tightening_2022,garch11_t,pinball_avg,214,0.0010822482173537206,0.00014877122653097604
CAC,tightening_2022,garch11_t,qlike,214,0.4363447429614784,0.085485704433850215
CAC,tightening_2022,garch11_t,fz0_0p01,214,-2.9025263222025739,0.21823314734985064
CAC,tightening_2022,garch11_t,fz0_0p025,214,-3.1500181724141072,0.19583990947984239
CAC,tightening_2022,garch11_t,fz0_0p05,214,-3.333528274836782,0.16813331058896405
CAC,tightening_2022,garch11_t,fz0_avg,214,-3.1286909231511544,0.19092701698744186
CAC,tightening_2022,garch11_t,qlike_ex_near_zero,214,0.4363447429614784,0.085485704433850215
CAC,tightening_2022,gjr,crps,214,0.0079495564928738129,0.00054130613456939846
CAC,tightening_2022,gjr,log_score,214,-2.8489289379287857,0.074718019735382973
CAC,tightening_2022,gjr,pinball_0p01,214,0.00047890298946728736,8.8732691385282376e-05
CAC,tightening_2022,gjr,pinball_0p025,214,0.00093941868248669197,0.00013091816737672969
CAC,tightening_2022,gjr,pinball_0p05,214,0.0015606406371009463,0.00016954161759192245
CAC,tightening_2022,gjr,pinball_avg,214,0.00099298743635164175,0.00012823261106525982
CAC,tightening_2022,gjr,qlike,214,0.36269443399258888,0.060492041968955357
CAC,tightening_2022,gjr,fz0_0p01,214,-3.003594529152525,0.27303670718957462
CAC,tightening_2022,gjr,fz0_0p025,214,-3.2806173729234676,0.18175206049493528
CAC,tightening_2022,gjr,fz0_0p05,214,-3.4626989105424584,0.13859632667904337
CAC,tightening_2022,gjr,fz0_avg,214,-3.2489702708728174,0.19521297061095796
CAC,tightening_2022,gjr,qlike_ex_near_zero,214,0.36269443399258888,0.060492041968955357
CAC,tightening_2022,har,crps,214,0.007880770084027747,0.00051518830395226795
CAC,tightening_2022,har,log_score,214,-2.8783118343964542,0.060470509147314236
CAC,tightening_2022,har,pinball_0p01,214,0.00041786485695594354,6.2754899942515639e-05
CAC,tightening_2022,har,pinball_0p025,214,0.00090058991225326038,0.00010389578433512968
CAC,tightening_2022,har,pinball_0p05,214,0.0015310169702489743,0.00014828238065584255
CAC,tightening_2022,har,pinball_avg,214,0.00094982391315272588,0.00010205744945674847
CAC,tightening_2022,har,qlike,214,0.33462010300713946,0.043351488652736171
CAC,tightening_2022,har,fz0_0p01,214,-3.1957765183894966,0.1718317386846907
CAC,tightening_2022,har,fz0_0p025,214,-3.3267825646312525,0.13315800358711571
CAC,tightening_2022,har,fz0_0p05,214,-3.4810705252806384,0.1152128658257825
CAC,tightening_2022,har,fz0_avg,214,-3.3345432027671298,0.13433782955551568
CAC,tightening_2022,har,qlike_ex_near_zero,214,0.33462010300713946,0.043351488652736171
CAC,tightening_2022,lgbm,crps,214,0.0080425832674798827,0.00053677483473267779
CAC,tightening_2022,lgbm,log_score,214,-2.7972621210062489,0.078197216107076126
CAC,tightening_2022,lgbm,pinball_0p01,214,0.00050335553763345147,9.7359395380084983e-05
CAC,tightening_2022,lgbm,pinball_0p025,214,0.0010171077775051219,0.00013335788151243912
CAC,tightening_2022,lgbm,pinball_0p05,214,0.0016875311546969303,0.00017420866317190264
CAC,tightening_2022,lgbm,pinball_avg,214,0.001069331489945168,0.00013212898048238947
CAC,tightening_2022,lgbm,qlike,214,0.43113225857248683,0.058631912554029116
CAC,tightening_2022,lgbm,fz0_0p01,214,-2.872882694873641,0.31296107521673444
CAC,tightening_2022,lgbm,fz0_0p025,214,-3.1289107356775916,0.19981386014084537
CAC,tightening_2022,lgbm,fz0_0p05,214,-3.3290281319617718,0.15574413372739399
CAC,tightening_2022,lgbm,fz0_avg,214,-3.1102738541710018,0.21881934538935374
CAC,tightening_2022,lgbm,qlike_ex_near_zero,214,0.43113225857248683,0.058631912554029116
CAC,tightening_2022,moirai,crps,214,0.0078560042500866976,0.00051871109139011221
CAC,tightening_2022,moirai,log_score,214,-2.8873913818833845,0.06240230799704171
CAC,tightening_2022,moirai,pinball_0p01,214,0.00041677545093332039,6.6700420234145084e-05
CAC,tightening_2022,moirai,pinball_0p025,214,0.00087842975263376414,0.00010961015443125345
CAC,tightening_2022,moirai,pinball_0p05,214,0.0015297298820223652,0.00015653418866061152
CAC,tightening_2022,moirai,pinball_avg,214,0.00094164502852981671,0.00010840724230071233
CAC,tightening_2022,moirai,qlike,214,0.37082582404086462,0.052512548318066635
CAC,tightening_2022,moirai,fz0_0p01,214,-3.2110586961188061,0.17740195947073975
CAC,tightening_2022,moirai,fz0_0p025,214,-3.3625852378022842,0.1393535292775791
CAC,tightening_2022,moirai,fz0_0p05,214,-3.4885116948609554,0.12395652025317794
CAC,tightening_2022,moirai,fz0_avg,214,-3.3540518762606819,0.14186204795623666
CAC,tightening_2022,moirai,qlike_ex_near_zero,214,0.37082582404086462,0.052512548318066635
CAC,tightening_2022,naive,crps,214,0.0079768914539656375,0.00055789760258666927
CAC,tightening_2022,naive,log_score,214,-2.7865653750567243,0.097601978954550861
CAC,tightening_2022,naive,pinball_0p01,214,0.00047756866874128977,0.00010299056292102108
CAC,tightening_2022,naive,pinball_0p025,214,0.00097641732340739737,0.00014031596559247258
CAC,tightening_2022,naive,pinball_0p05,214,0.0016064725149365264,0.00017937540248496382
CAC,tightening_2022,naive,pinball_avg,214,0.0010201528356950712,0.00013735143407053526
CAC,tightening_2022,naive,qlike,214,0.4682575087850227,0.096991042802314506
CAC,tightening_2022,naive,fz0_0p01,214,-2.9943718059616606,0.3016901626765382
CAC,tightening_2022,naive,fz0_0p025,214,-3.2094096396461369,0.19298108018006524
CAC,tightening_2022,naive,fz0_0p05,214,-3.4123291207890869,0.1460263446554261
CAC,tightening_2022,naive,fz0_avg,214,-3.2053701887989607,0.20792875094806215
CAC,tightening_2022,naive,qlike_ex_near_zero,214,0.4682575087850227,0.096991042802314506
CAC,tightening_2022,patchtst,crps,214,0.0081146220890806198,0.00058629238827600356
CAC,tightening_2022,patchtst,log_score,214,-2.6046200049757009,0.15826554400548015
CAC,tightening_2022,patchtst,pinball_0p01,214,0.00068820462530723588,0.00018268974883299495
CAC,tightening_2022,patchtst,pinball_0p025,214,0.0011436147119819142,0.00021483076607241395
CAC,tightening_2022,patchtst,pinball_0p05,214,0.0017593284141922509,0.00024326339725468801
CAC,tightening_2022,patchtst,pinball_avg,214,0.0011970492504938003,0.00021211398034721321
CAC,tightening_2022,patchtst,qlike,214,0.83877964867306898,0.19877405896740222
CAC,tightening_2022,patchtst,fz0_0p01,214,-1.9491754892458255,0.74517230673329382
CAC,tightening_2022,patchtst,fz0_0p025,214,-2.7373939481782497,0.4097468979434884
CAC,tightening_2022,patchtst,fz0_0p05,214,-3.1229242801077528,0.27204550804508543
CAC,tightening_2022,patchtst,fz0_avg,214,-2.6031645725106078,0.47356485842195134
CAC,tightening_2022,patchtst,qlike_ex_near_zero,214,0.83877964867306898,0.19877405896740222
CAC,tightening_2022,timesfm,crps,214,0.0078422319022838447,0.00052363909915632779
CAC,tightening_2022,timesfm,log_score,214,-2.8933030430976903,0.065451521662948028
CAC,tightening_2022,timesfm,pinball_0p01,214,0.00042724075907735393,7.089428212350662e-05
CAC,tightening_2022,timesfm,pinball_0p025,214,0.00088441324734945062,0.00011635399917995496
CAC,tightening_2022,timesfm,pinball_0p05,214,0.0015264412551869763,0.00016146865278232245
CAC,tightening_2022,timesfm,pinball_avg,214,0.00094603175387126029,0.00011386876338093206
CAC,tightening_2022,timesfm,qlike,214,0.35703268977881641,0.053612338269196348
CAC,tightening_2022,timesfm,fz0_0p01,214,-3.1714957343825225,0.19418815239874443
CAC,tightening_2022,timesfm,fz0_0p025,214,-3.3534392155309689,0.15444286324538059
CAC,tightening_2022,timesfm,fz0_0p05,214,-3.4924512642409944,0.13126313552573926
CAC,tightening_2022,timesfm,fz0_avg,214,-3.3391287380514951,0.15547253762487534
CAC,tightening_2022,timesfm,qlike_ex_near_zero,214,0.35703268977881641,0.053612338269196348
CAC,spike_2024_08,autoarima,crps,22,0.0048381659589550596,0.00071136640332390179
CAC,spike_2024_08,autoarima,log_score,22,-3.3993433595277809,0.14498761498681551
CAC,spike_2024_08,autoarima,pinball_0p01,22,0.000228638724167162,3.6759076912175154e-05
CAC,spike_2024_08,autoarima,pinball_0p025,22,0.00048392220090054324,8.0582055414137941e-05
CAC,spike_2024_08,autoarima,pinball_0p05,22,0.0009744708714694378,0.00010938205939527283
CAC,spike_2024_08,autoarima,pinball_avg,22,0.00056234393217904747,7.0973109693423601e-05
CAC,spike_2024_08,autoarima,qlike,22,0.46421444148199065,0.10727156852293313
CAC,spike_2024_08,autoarima,fz0_0p01,22,-3.8386879680235761,0.74978208578452332
CAC,spike_2024_08,autoarima,fz0_0p025,22,-4.0042380983452039,0.7497820857845231
CAC,spike_2024_08,autoarima,fz0_0p05,22,-4.0320479870715209,0.14328955187827877
CAC,spike_2024_08,autoarima,fz0_avg,22,-3.9583246844800994,0.12617183778149085
CAC,spike_2024_08,autoarima,qlike_ex_near_zero,22,0.46421444148199065,0.10727156852293313
CAC,spike_2024_08,autoets,crps,22,0.0048553274942724142,0.0007018666476642214
CAC,spike_2024_08,autoets,log_score,22,-3.3905054721570775,0.14291013603157698
CAC,spike_2024_08,autoets,pinball_0p01,22,0.00022839071652760342,3.8287387338148536e-05
CAC,spike_2024_08,autoets,pinball_0p025,22,0.00053042190833802534,6.9172780876066101e-05
CAC,spike_2024_08,autoets,pinball_0p05,22,0.0010135734818894995,0.00011280661887042761
CAC,spike_2024_08,autoets,pinball_avg,22,0.00059079536891837596,7.1284700445868073e-05
CAC,spike_2024_08,autoets,qlike,22,0.46027163800741194,0.108492321601338
CAC,spike_2024_08,autoets,fz0_0p01,22,-3.8439490875013465,0.70183267258360604
CAC,spike_2024_08,autoets,fz0_0p025,22,-3.9328753516433519,0.13884758290916441
CAC,spike_2024_08,autoets,fz0_0p05,22,-3.9933462455272419,0.14953229040245999
CAC,spike_2024_08,autoets,fz0_avg,22,-3.9233902282239796,0.14127934562711267
CAC,spike_2024_08,autoets,qlike_ex_near_zero,22,0.46027163800741194,0.108492321601338
CAC,spike_2024_08,chronos,crps,22,0.0049111166371401177,0.000721709064430928
CAC,spike_2024_08,chronos,log_score,22,-3.3523577425546702,0.13699085330495195
CAC,spike_2024_08,chronos,pinball_0p01,22,0.00022387423311448498,2.9404965449764068e-05
CAC,spike_2024_08,chronos,pinball_0p025,22,0.00062379422678392421,4.4273906048158403e-05
CAC,spike_2024_08,chronos,pinball_0p05,22,0.0010839505072715693,8.1890188949402799e-05
CAC,spike_2024_08,chronos,pinball_avg,22,0.00064387298905665958,4.8953410770983299e-05
CAC,spike_2024_08,chronos,qlike,22,0.5185746971682873,0.12825932823602945
CAC,spike_2024_08,chronos,fz0_0p01,22,-3.8453384093470451,1.0173958448055098
CAC,spike_2024_08,chronos,fz0_0p025,22,-3.7364227092975271,0.07544816580940801
CAC,spike_2024_08,chronos,fz0_0p05,22,-3.882622166365735,0.070638695384557304
CAC,spike_2024_08,chronos,fz0_avg,22,-3.8214610950034351,0.10003780842331926
CAC,spike_2024_08,chronos,qlike_ex_near_zero,22,0.5185746971682873,0.12825932823602945
CAC,spike_2024_08,ewma,crps,22,0.0049693905001960163,0.0006801184294643307
CAC,spike_2024_08,ewma,log_score,22,-3.299120933150391,0.10497811953739451
CAC,spike_2024_08,ewma,pinball_0p01,22,0.00024225553708030246,2.3147113137463587e-05
CAC,spike_2024_08,ewma,pinball_0p025,22,0.00065740434905837779,3.4962285627718554e-05
CAC,spike_2024_08,ewma,pinball_0p05,22,0.0011307601779797,6.8714691962512307e-05
CAC,spike_2024_08,ewma,pinball_avg,22,0.00067680668803946,3.9842929024855142e-05
CAC,spike_2024_08,ewma,qlike,22,0.55560541096632166,0.13711305658074957
CAC,spike_2024_08,ewma,fz0_0p01,22,-3.7432339561867618,0.041003450773248691
CAC,spike_2024_08,ewma,fz0_0p025,22,-3.6412351886010161,0.010611457952441047
CAC,spike_2024_08,ewma,fz0_0p05,22,-3.7982971326625576,0.01061993898106973
CAC,spike_2024_08,ewma,fz0_avg,22,-3.7275887591501116,0.010508663662359712
CAC,spike_2024_08,ewma,qlike_ex_near_zero,22,0.55560541096632166,0.13711305658074957
CAC,spike_2024_08,garch11,crps,22,0.0049000226236719973,0.00069108229767665924
CAC,spike_2024_08,garch11,log_score,22,-3.3380299612880062,0.11305274898830633
CAC,spike_2024_08,garch11,pinball_0p01,22,0.00026475625768348246,1.6107629797606881e-05
CAC,spike_2024_08,garch11,pinball_0p025,22,0.00066165915208513332,3.5907912612891291e-05
CAC,spike_2024_08,garch11,pinball_0p05,22,0.0011137667849123005,6.8816260630988593e-05
CAC,spike_2024_08,garch11,pinball_avg,22,0.00068006073156030552,4.0043411447300454e-05
CAC,spike_2024_08,garch11,qlike,22,0.44710069398643815,0.11151048678300644
CAC,spike_2024_08,garch11,fz0_0p01,22,-3.6587198510522465,0.075350617392213562
CAC,spike_2024_08,garch11,fz0_0p025,22,-3.6356866116908808,0.074442831954815228
CAC,spike_2024_08,garch11,fz0_0p05,22,-3.8214329891342276,0.074865581390304428
CAC,spike_2024_08,garch11,fz0_avg,22,-3.705279817292451,0.075751757281672313
CAC,spike_2024_08,garch11,qlike_ex_near_zero,22,0.44710069398643815,0.11151048678300644
CAC,spike_2024_08,garch11_t,crps,22,0.0048948514660226948,0.00071933298934528337
CAC,spike_2024_08,garch11_t,log_score,22,-3.339057744104132,0.13481486043390217
CAC,spike_2024_08,garch11_t,pinball_0p01,22,0.000242443297361823,2.2207046376286979e-05
CAC,spike_2024_08,garch11_t,pinball_0p025,22,0.00065312014730970847,3.6307078384698834e-05
CAC,spike_2024_08,garch11_t,pinball_0p05,22,0.0011164425361343724,6.8633741751098997e-05
CAC,spike_2024_08,garch11_t,pinball_avg,22,0.0006706686602686346,4.0488455069839975e-05
CAC,spike_2024_08,garch11_t,qlike,22,0.47056795140950103,0.11712739023300475
CAC,spike_2024_08,garch11_t,fz0_0p01,22,-3.733890798894294,0.37526465185791735
CAC,spike_2024_08,garch11_t,fz0_0p025,22,-3.6666117958707414,0.065393521466514712
CAC,spike_2024_08,garch11_t,fz0_0p05,22,-3.8239536067367221,0.062758379857345906
CAC,spike_2024_08,garch11_t,fz0_avg,22,-3.7414854005005851,0.069796493353180666
CAC,spike_2024_08,garch11_t,qlike_ex_near_zero,22,0.47056795140950103,0.11712739023300475
CAC,spike_2024_08,gjr,crps,22,0.0048820867930064182,0.00066393685119703805
CAC,spike_2024_08,gjr,log_score,22,-3.3417381125148471,0.10398337157981936
CAC,spike_2024_08,gjr,pinball_0p01,22,0.00024575136000466464,2.2368628223038555e-05
CAC,spike_2024_08,gjr,pinball_0p025,22,0.00066082242692260841,3.9075912452144929e-05
CAC,spike_2024_08,gjr,pinball_0p05,22,0.0011342900621848498,7.3105518547396129e-05
CAC,spike_2024_08,gjr,pinball_avg,22,0.0006802879497040409,4.3233699781601776e-05
CAC,spike_2024_08,gjr,qlike,22,0.45450006580883068,0.10695005707104611
CAC,spike_2024_08,gjr,fz0_0p01,22,-3.7411973825442928,0.062575322618314319
CAC,spike_2024_08,gjr,fz0_0p025,22,-3.646189685030345,0.080220150343794885
CAC,spike_2024_08,gjr,fz0_0p05,22,-3.8057911534672844,0.079623788125519734
CAC,spike_2024_08,gjr,fz0_avg,22,-3.7310594070139742,0.086406843119173446
CAC,spike_2024_08,gjr,qlike_ex_near_zero,22,0.45450006580883068,0.10695005707104611
CAC,spike_2024_08,har,crps,22,0.0048385097881851538,0.00072874887202348867
CAC,spike_2024_08,har,log_score,22,-3.405014846494844,0.14622459630327991
CAC,spike_2024_08,har,pinball_0p01,22,0.00021867985423534495,3.4106782343399552e-05
CAC,spike_2024_08,har,pinball_0p025,22,0.0004629461609336831,7.6381875145312473e-05
CAC,spike_2024_08,har,pinball_0p05,22,0.00094892749316359451,9.5865584810230926e-05
CAC,spike_2024_08,har,pinball_avg,22,0.00054351783611087431,6.384588077205148e-05
CAC,spike_2024_08,har,qlike,22,0.46196969406918648,0.12854409573190531
CAC,spike_2024_08,har,fz0_0p01,22,-3.8781372387857957,0.65508966975314242
CAC,spike_2024_08,har,fz0_0p025,22,-4.043687369107424,0.6550896697531382
CAC,spike_2024_08,har,fz0_0p05,22,-4.0619883259019254,0.125865071951308
CAC,spike_2024_08,har,fz0_avg,22,-3.9946043112650482,0.10857095378174912
CAC,spike_2024_08,har,qlike_ex_near_zero,22,0.46196969406918648,0.12854409573190531
CAC,spike_2024_08,lgbm,crps,22,0.0048276075020357708,0.00074893262119216162
CAC,spike_2024_08,lgbm,log_score,22,-3.4072166933210495,0.1519114612052864
CAC,spike_2024_08,lgbm,pinball_0p01,22,0.0002071701363675572,3.1669167903481494e-05
CAC,spike_2024_08,lgbm,pinball_0p025,22,0.00045757626444861005,6.8012925958997451e-05
CAC,spike_2024_08,lgbm,pinball_0p05,22,0.00097419675743175868,9.1540143077277478e-05
CAC,spike_2024_08,lgbm,pinball_avg,22,0.00054631438608264199,5.2948746450373648e-05
CAC,spike_2024_08,lgbm,qlike,22,0.44831096927885733,0.14705466550041449
CAC,spike_2024_08,lgbm,fz0_0p01,22,-3.9274292638359758,0.35470684306528044
CAC,spike_2024_08,lgbm,fz0_0p025,22,-4.0631242708609054,0.10137095785649101
CAC,spike_2024_08,lgbm,fz0_0p05,22,-4.0399984498035089,0.082944137329931777
CAC,spike_2024_08,lgbm,fz0_avg,22,-4.0101839948334632,0.097880826486098541
CAC,spike_2024_08,lgbm,qlike_ex_near_zero,22,0.44831096927885733,0.14705466550041449
CAC,spike_2024_08,moirai,crps,22,0.0048732423928199153,0.00074343143855360577
CAC,spike_2024_08,moirai,log_score,22,-3.3749534379460031,0.14268128380910775
CAC,spike_2024_08,moirai,pinball_0p01,22,0.00021034459316903064,2.889590186301539e-05
CAC,spike_2024_08,moirai,pinball_0p025,22,0.00055344119606631011,4.5582480763683243e-05
CAC,spike_2024_08,moirai,pinball_0p05,22,0.0010422053602623183,7.9037036325075308e-05
CAC,spike_2024_08,moirai,pinball_avg,22,0.00060199704983255307,4.7429534962029823e-05
CAC,spike_2024_08,moirai,qlike,22,0.46338824622590552,0.14176290813471626
CAC,spike_2024_08,moirai,fz0_0p01,22,-3.9049365083393313,0.61035548043042009
CAC,spike_2024_08,moirai,fz0_0p025,22,-3.8821248446155803,0.10179204090925782
CAC,spike_2024_08,moirai,fz0_0p05,22,-3.9481174465762958,0.10107780067539532
CAC,spike_2024_08,moirai,fz0_avg,22,-3.911726266510402,0.10304608263726564
CAC,spike_2024_08,moirai,qlike_ex_near_zero,22,0.46338824622590552,0.14176290813471626
CAC,spike_2024_08,naive,crps,22,0.0049633218403966539,0.00072822974183778006
CAC,spike_2024_08,naive,log_score,22,-3.2965882617586812,0.12806124977384312
CAC,spike_2024_08,naive,pinball_0p01,22,0.00024781525151944977,1.4547524198016564e-05
CAC,spike_2024_08,naive,pinball_0p025,22,0.00063754279855955719,3.2669562556356311e-05
CAC,spike_2024_08,naive,pinball_0p05,22,0.0011422954165584991,6.9237562722864563e-05
CAC,spike_2024_08,naive,pinball_avg,22,0.00067588448887916878,3.8577212546453894e-05
CAC,spike_2024_08,naive,qlike,22,0.62192002625550569,0.18538726986332835
CAC,spike_2024_08,naive,fz0_0p01,22,-3.7219279385728612,0.00079313009176416632
CAC,spike_2024_08,naive,fz0_0p025,22,-3.6771657611905124,0.0038936139994138036
CAC,spike_2024_08,naive,fz0_0p05,22,-3.7878721904567367,0.013717488052793181
CAC,spike_2024_08,naive,fz0_avg,22,-3.7289886300733697,0.0023456818183630866
CAC,spike_2024_08,naive,qlike_ex_near_zero,22,0.62192002625550569,0.18538726986332835
CAC,spike_2024_08,patchtst,crps,22,0.0049026378277387192,0.00079150534736650347
CAC,spike_2024_08,patchtst,log_score,22,-3.324095498838723,0.17246758953750427
CAC,spike_2024_08,patchtst,pinball_0p01,22,0.00023341949219898904,1.2929921938798012e-05
CAC,spike_2024_08,patchtst,pinball_0p025,22,0.00058769571237365307,3.2854177754289946e-05
CAC,spike_2024_08,patchtst,pinball_0p05,22,0.0011440226501603507,6.4441726094566744e-05
CAC,spike_2024_08,patchtst,pinball_avg,22,0.00065504595157766425,2.6605867260481885e-05
CAC,spike_2024_08,patchtst,qlike,22,0.67633876427038075,0.28577498965423742
CAC,spike_2024_08,patchtst,fz0_0p01,22,-3.8090889344065149,0.00039284019064693762
CAC,spike_2024_08,patchtst,fz0_0p025,22,-3.8012571989102493,0.00084852794801554352
CAC,spike_2024_08,patchtst,fz0_0p05,22,-3.8034592010535033,0.079386324421176518
CAC,spike_2024_08,patchtst,fz0_avg,22,-3.8046017781234225,0.032431007569994313
CAC,spike_2024_08,patchtst,qlike_ex_near_zero,22,0.67633876427038075,0.28577498965423742
CAC,spike_2024_08,timesfm,crps,22,0.0048858150362074129,0.00073497210333238472
CAC,spike_2024_08,timesfm,log_score,22,-3.3617159875321581,0.13764821261606788
CAC,spike_2024_08,timesfm,pinball_0p01,22,0.00021367187746349674,2.6207488031697992e-05
CAC,spike_2024_08,timesfm,pinball_0p025,22,0.00058326874643466133,4.0569143441701968e-05
CAC,spike_2024_08,timesfm,pinball_0p05,22,0.0010735703810381449,7.6649926838958803e-05
CAC,spike_2024_08,timesfm,pinball_avg,22,0.00062350366831210094,4.2802294942606452e-05
CAC,spike_2024_08,timesfm,qlike,22,0.52066294678392999,0.14886138082662922
CAC,spike_2024_08,timesfm,fz0_0p01,22,-3.8819290088435987,0.37408203316020339
CAC,spike_2024_08,timesfm,fz0_0p025,22,-3.8132237982228188,0.080264962318733174
CAC,spike_2024_08,timesfm,fz0_0p05,22,-3.8986048089964767,0.076292763340296388
CAC,spike_2024_08,timesfm,fz0_avg,22,-3.8645858720209643,0.082359445464652445
CAC,spike_2024_08,timesfm,qlike_ex_near_zero,22,0.52066294678392999,0.14886138082662922
CAC,calm,autoarima,crps,4591,0.0060667717782824015,0.00010886146325106574
CAC,calm,autoarima,log_score,4591,-3.1330341283668615,0.01929043241527947
CAC,calm,autoarima,pinball_0p01,4591,0.00041114806669759776,2.3350013388290593e-05
CAC,calm,autoarima,pinball_0p025,4591,0.00080273119132593914,2.9964765812473172e-05
CAC,calm,autoarima,pinball_0p05,4591,0.0013188861343577552,3.7074502593875824e-05
CAC,calm,autoarima,pinball_avg,4591,0.00084425513079376387,2.9580328115093958e-05
CAC,calm,autoarima,qlike,4563,0.41441281796813573,0.018232560045141427
CAC,calm,autoarima,fz0_0p01,4591,-3.0862666492818973,0.093743609536773062
CAC,calm,autoarima,fz0_0p025,4591,-3.4149936992586247,0.05585013300645586
CAC,calm,autoarima,fz0_0p05,4591,-3.6503828466780255,0.03971624321046794
CAC,calm,autoarima,fz0_avg,4591,-3.383881065072849,0.062200585044857551
CAC,calm,autoarima,qlike_ex_near_zero,4561,0.41021043563412213,0.017997308250546316
CAC,calm,autoets,crps,4591,0.0060667351641133975,0.00010919225125750098
CAC,calm,autoets,log_score,4591,-3.1348374213362256,0.019449705712640094
CAC,calm,autoets,pinball_0p01,4591,0.00041063457749618997,2.3417126611089891e-05
CAC,calm,autoets,pinball_0p025,4591,0.00080149675197682278,2.9910290622572242e-05
CAC,calm,autoets,pinball_0p05,4591,0.0013165112501536038,3.693551375486684e-05
CAC,calm,autoets,pinball_avg,4591,0.00084288085987553878,2.956589388007997e-05
CAC,calm,autoets,qlike,4563,0.41080790359113689,0.018221633734953949
CAC,calm,autoets,fz0_0p01,4591,-3.0892322915943327,0.093690095141607935
CAC,calm,autoets,fz0_0p025,4591,-3.4174500863507564,0.05589443512732635
CAC,calm,autoets,fz0_0p05,4591,-3.6528733742874659,0.039880707005643799
CAC,calm,autoets,fz0_avg,4591,-3.3865185840775176,0.06226710015595479
CAC,calm,autoets,qlike_ex_near_zero,4561,0.40660726288990839,0.017989016659668438
CAC,calm,chronos,crps,4591,0.0060640363604868523,0.00010822888690076533
CAC,calm,chronos,log_score,4591,-3.1355306718065084,0.019363811593187993
CAC,calm,chronos,pinball_0p01,4591,0.00042142180574591628,2.5151606302053651e-05
CAC,calm,chronos,pinball_0p025,4591,0.00080870941306658063,3.1901029719599535e-05
CAC,calm,chronos,pinball_0p05,4591,0.0013192329165323576,3.8983690334848831e-05
CAC,calm,chronos,pinball_avg,4591,0.00084978804511495157,3.1527412597442294e-05
CAC,calm,chronos,qlike,4563,0.41192290994973585,0.020168210530660802
CAC,calm,chronos,fz0_0p01,4591,-3.0721051737226834,0.094702037866349259
CAC,calm,chronos,fz0_0p025,4591,-3.4126462250588103,0.056500543819092038
CAC,calm,chronos,fz0_0p05,4591,-3.6516081199124253,0.040376120177961834
CAC,calm,chronos,fz0_avg,4591,-3.3787865062313061,0.063002159063397567
CAC,calm,chronos,qlike_ex_near_zero,4561,0.40770876283585256,0.019967319932113311
CAC,calm,ewma,crps,4591,0.0061075482091371546,0.00010913158466853349
CAC,calm,ewma,log_score,4591,-3.1113139212575032,0.020526560788433047
CAC,calm,ewma,pinball_0p01,4591,0.00041922702159469667,2.4296027871939005e-05
CAC,calm,ewma,pinball_0p025,4591,0.00081209944030180298,3.0296796367701292e-05
CAC,calm,ewma,pinball_0p05,4591,0.0013359216938289668,3.7056973273796936e-05
CAC,calm,ewma,pinball_avg,4591,0.00085574938524182222,2.9993246717090689e-05
CAC,calm,ewma,qlike,4563,0.44878529856423277,0.020175710601590482
CAC,calm,ewma,fz0_0p01,4591,-3.0283793798729253,0.10601216035096707
CAC,calm,ewma,fz0_0p025,4591,-3.3882381321910247,0.059482189924034388
CAC,calm,ewma,fz0_0p05,4591,-3.6278817595126203,0.041009345974125609
CAC,calm,ewma,fz0_avg,4591,-3.3481664238588569,0.067944949232075558
CAC,calm,ewma,qlike_ex_near_zero,4561,0.44465594812392162,0.019994189960544313
CAC,calm,garch11,crps,4591,0.0061117869482724295,0.00010882978047222223
CAC,calm,garch11,log_score,4591,-3.122524785667085,0.017995412900192995
CAC,calm,garch11,pinball_0p01,4591,0.00039393311133270348,2.1401599820635036e-05
CAC,calm,garch11,pinball_0p025,4591,0.00079180240678577366,2.7809745978640219e-05
CAC,calm,garch11,pinball_0p05,4591,0.0013233686627948196,3.5232216187760203e-05
CAC,calm,garch11,pinball_avg,4591,0.00083636806030443222,2.7496022033450777e-05
CAC,calm,garch11,qlike,4563,0.43191006530332271,0.01578673550442581
CAC,calm,garch11,fz0_0p01,4591,-3.1934937835059505,0.081616455375959657
CAC,calm,garch11,fz0_0p025,4591,-3.463520551437393,0.047943960830209784
CAC,calm,garch11,fz0_0p05,4591,-3.6646891481696717,0.034486062481162143
CAC,calm,garch11,fz0_avg,4591,-3.4405678277043386,0.053713124280618016
CAC,calm,garch11,qlike_ex_near_zero,4561,0.42760250263302851,0.015501253523536986
CAC,calm,garch11_t,crps,4591,0.0060894668643935923,0.00010893373172938223
CAC,calm,garch11_t,log_score,4591,-3.1492391996500717,0.017025667194076288
CAC,calm,garch11_t,pinball_0p01,4591,0.00038862564349873555,1.9370933109558492e-05
CAC,calm,garch11_t,pinball_0p025,4591,0.00079326590245225098,2.7366709889702186e-05
CAC,calm,garch11_t,pinball_0p05,4591,0.0013269840565220308,3.6185791639113278e-05
CAC,calm,garch11_t,pinball_avg,4591,0.00083629186749100564,2.6796562127867233e-05
CAC,calm,garch11_t,qlike,4563,0.43673382532899652,0.016051155281363159
CAC,calm,garch11_t,fz0_0p01,4591,-3.2569736069989457,0.06243834612541721
CAC,calm,garch11_t,fz0_0p025,4591,-3.4759349095727701,0.042915887651978249
CAC,calm,garch11_t,fz0_0p05,4591,-3.6637964828651386,0.033915582837852523
CAC,calm,garch11_t,fz0_avg,4591,-3.465568333145618,0.045160770501146481
CAC,calm,garch11_t,qlike_ex_near_zero,4561,0.4324146959043389,0.015771405662813813
CAC,calm,gjr,crps,4591,0.0060605348274663778,0.00010772194387994822
CAC,calm,gjr,log_score,4591,-3.1413804141517643,0.018614849160964553
CAC,calm,gjr,pinball_0p01,4591,0.00038701267901477204,2.1366124975169863e-05
CAC,calm,gjr,pinball_0p025,4591,0.00076818342069715666,2.7105328931436527e-05
CAC,calm,gjr,pinball_0p05,4591,0.001293887426569126,3.4624028440015526e-05
CAC,calm,gjr,pinball_avg,4591,0.00081636117542701833,2.7009429919028758e-05
CAC,calm,gjr,qlike,4563,0.40567886009883192,0.017719542560917845
CAC,calm,gjr,fz0_0p01,4591,-3.2005653936207938,0.085560442539892187
CAC,calm,gjr,fz0_0p025,4591,-3.4924993271524896,0.049358164339656452
CAC,calm,gjr,fz0_0p05,4591,-3.6931157387906297,0.035289103876777125
CAC,calm,gjr,fz0_avg,4591,-3.4620601531879713,0.05577182509603569
CAC,calm,gjr,qlike_ex_near_zero,4561,0.4013430117488051,0.017456887609752267
CAC,calm,har,crps,4591,0.0060572305604238413,0.0001081903561704211
CAC,calm,har,log_score,4591,-3.1424107395609746,0.018613941631104157
CAC,calm,har,pinball_0p01,4591,0.00040473704566399652,2.3172338259451612e-05
CAC,calm,har,pinball_0p025,4591,0.00079402524094229765,2.9718364191768288e-05
CAC,calm,har,pinball_0p05,4591,0.001310383462781783,3.6956004921728677e-05
CAC,calm,har,pinball_avg,4591,0.00083638191646269238,2.9412980045171149e-05
CAC,calm,har,qlike,4563,0.40113556653176224,0.017280303118106008
CAC,calm,har,fz0_0p01,4591,-3.142517490281282,0.087462214505628869
CAC,calm,har,fz0_0p025,4591,-3.4450709327863747,0.052086348833845421
CAC,calm,har,fz0_0p05,4591,-3.6680757377518693,0.037617822020644169
CAC,calm,har,fz0_avg,4591,-3.4185547202731748,0.058120052645943651
CAC,calm,har,qlike_ex_near_zero,4561,0.39688942847023251,0.017031983534095897
CAC,calm,lgbm,crps,4591,0.0061815639284935478,0.00011104188220913841
CAC,calm,lgbm,log_score,4591,-3.1001361287356874,0.018887751090179976
CAC,calm,lgbm,pinball_0p01,4591,0.00041892629057130369,2.2230272208849315e-05
CAC,calm,lgbm,pinball_0p025,4591,0.00082600755475863651,2.8414822213056858e-05
CAC,calm,lgbm,pinball_0p05,4591,0.001365069029319645,3.5220579527987995e-05
CAC,calm,lgbm,pinball_avg,4591,0.00087000095821652837,2.8113341029786154e-05
CAC,calm,lgbm,qlike,4563,0.52329861419962553,0.02591530434971509
CAC,calm,lgbm,fz0_0p01,4591,-3.1092203134179339,0.085292446503230604
CAC,calm,lgbm,fz0_0p025,4591,-3.4128609315359464,0.050301981899696042
CAC,calm,lgbm,fz0_0p05,4591,-3.6307188793115923,0.035721607210788056
CAC,calm,lgbm,fz0_avg,4591,-3.3842667080884916,0.056320334617536785
CAC,calm,lgbm,qlike_ex_near_zero,4561,0.5191877280299968,0.025780620979965984
CAC,calm,moirai,crps,4591,0.0060512354074615865,0.00010845801165103403
CAC,calm,moirai,log_score,4591,-3.1416638019620091,0.019803627603054329
CAC,calm,moirai,pinball_0p01,4591,0.0004207105307534364,2.4865817285771002e-05
CAC,calm,moirai,pinball_0p025,4591,0.00080800674607718267,3.1823694866684933e-05
CAC,calm,moirai,pinball_0p05,4591,0.0013121452209092729,3.9156108722867368e-05
CAC,calm,moirai,pinball_avg,4591,0.00084695416591329723,3.1447913575668693e-05
CAC,calm,moirai,qlike,4563,0.39996280257885863,0.019885046474504502
CAC,calm,moirai,fz0_0p01,4591,-3.0647067387685611,0.096904238447102609
CAC,calm,moirai,fz0_0p025,4591,-3.4113505710523286,0.057520905135653437
CAC,calm,moirai,fz0_0p05,4591,-3.6587548841595274,0.040991154193028137
CAC,calm,moirai,fz0_avg,4591,-3.3782707313268054,0.064220276583024885
CAC,calm,moirai,qlike_ex_near_zero,4561,0.39570698181559694,0.019668952710679932
CAC,calm,naive,crps,4591,0.0063128709138243165,0.00010843726202911223
CAC,calm,naive,log_score,4591,-3.0253526494393297,0.021520288265200971
CAC,calm,naive,pinball_0p01,4591,0.0004608789569935981,2.768477160724863e-05
CAC,calm,naive,pinball_0p025,4591,0.0008821703912705349,3.3858293142730989e-05
CAC,calm,naive,pinball_0p05,4591,0.0014359699752791247,4.0145051460359441e-05
CAC,calm,naive,pinball_avg,4591,0.00092633977451441938,3.3514351148493764e-05
CAC,calm,naive,qlike,4563,0.67157755598069757,0.036200649178116232
CAC,calm,naive,fz0_0p01,4591,-2.9766109892845676,0.10658294718568218
CAC,calm,naive,fz0_0p025,4591,-3.3132026836823827,0.059264870344933558
CAC,calm,naive,fz0_0p05,4591,-3.5462144468195871,0.040228442389928648
CAC,calm,naive,fz0_avg,4591,-3.2786760399288464,0.068234881958504065
CAC,calm,naive,qlike_ex_near_zero,4561,0.66712582564294165,0.036114188788754956
CAC,calm,patchtst,crps,4591,0.0061725377509826256,0.00011298244540912166
CAC,calm,patchtst,log_score,4591,-3.0228713173191233,0.02887690540876419
CAC,calm,patchtst,pinball_0p01,4591,0.00049141404488577676,3.2082546802305151e-05
CAC,calm,patchtst,pinball_0p025,4591,0.00088138885205325162,3.7878517714756792e-05
CAC,calm,patchtst,pinball_0p05,4591,0.0013885465797453707,4.3637236692011303e-05
CAC,calm,patchtst,pinball_avg,4591,0.00092044982556146635,3.7458967017710034e-05
CAC,calm,patchtst,qlike,4563,0.65784267023632481,0.045211572307696457
CAC,calm,patchtst,fz0_0p01,4591,-2.5992686432126422,0.15431053749503637
CAC,calm,patchtst,fz0_0p025,4591,-3.1751902480792702,0.083675032411348327
CAC,calm,patchtst,fz0_0p05,4591,-3.5105734070875521,0.055091982659144507
CAC,calm,patchtst,fz0_avg,4591,-3.0950107661264883,0.097018091608952195
CAC,calm,patchtst,qlike_ex_near_zero,4561,0.6538293227010904,0.045193009902360387
CAC,calm,timesfm,crps,4591,0.0060696003922106646,0.00010784791239094326
CAC,calm,timesfm,log_score,4591,-3.136029388182517,0.019129256019422478
CAC,calm,timesfm,pinball_0p01,4591,0.00041493570972699165,2.5155646452710927e-05
CAC,calm,timesfm,pinball_0p025,4591,0.00080425640859827245,3.1615901365216462e-05
CAC,calm,timesfm,pinball_0p05,4591,0.0013174798856576827,3.8660061318514061e-05
CAC,calm,timesfm,pinball_avg,4591,0.00084555733466098223,3.1304389082359962e-05
CAC,calm,timesfm,qlike,4563,0.41159780742741481,0.020529231722663605
CAC,calm,timesfm,fz0_0p01,4591,-3.1007082095652425,0.094943593155169093
CAC,calm,timesfm,fz0_0p025,4591,-3.4242043212865889,0.05595640786352233
CAC,calm,timesfm,fz0_0p05,4591,-3.6575483501871471,0.039808768675897402
CAC,calm,timesfm,fz0_avg,4591,-3.3941536270129928,0.062725442927325792
CAC,calm,timesfm,qlike_ex_near_zero,4561,0.40733538574224998,0.020328314953019705
CAC,gfc_wide,autoarima,crps,510,0.010864208122052207,0.00057900779664147011
CAC,gfc_wide,autoarima,log_score,510,-2.5724302015209792,0.059204664114809437
CAC,gfc_wide,autoarima,pinball_0p01,510,0.00066435562338474719,0.00012592568816413392
CAC,gfc_wide,autoarima,pinball_0p025,510,0.0012643619973110164,0.00014726312307217145
CAC,gfc_wide,autoarima,pinball_0p05,510,0.0021990067543124036,0.00017738175433381235
CAC,gfc_wide,autoarima,pinball_avg,510,0.0013759081250027225,0.00014694608415911502
CAC,gfc_wide,autoarima,qlike,510,0.41208346320689615,0.050901001751624313
CAC,gfc_wide,autoarima,fz0_0p01,510,-2.6154307768399905,0.30832988987559151
CAC,gfc_wide,autoarima,fz0_0p025,510,-2.9494582957746096,0.1660828797831671
CAC,gfc_wide,autoarima,fz0_0p05,510,-3.1049679497469334,0.11145029045474822
CAC,gfc_wide,autoarima,fz0_avg,510,-2.8899523407871781,0.19266311484608126
CAC,gfc_wide,autoarima,qlike_ex_near_zero,510,0.41208346320689615,0.050901001751624313
CAC,gfc_wide,autoets,crps,510,0.010853745995407102,0.00057723543572929298
CAC,gfc_wide,autoets,log_score,510,-2.5740774203137282,0.059653068671772079
CAC,gfc_wide,autoets,pinball_0p01,510,0.00065733690078266602,0.0001284491901651815
CAC,gfc_wide,autoets,pinball_0p025,510,0.0012759151921878111,0.00014913380348743598
CAC,gfc_wide,autoets,pinball_0p05,510,0.002208119405414819,0.00017906744304765142
CAC,gfc_wide,autoets,pinball_avg,510,0.0013804571661284321,0.00014886752380148153
CAC,gfc_wide,autoets,qlike,510,0.40222419853128666,0.046505952224196997
CAC,gfc_wide,autoets,fz0_0p01,510,-2.6358577700316475,0.31777428839043836
CAC,gfc_wide,autoets,fz0_0p025,510,-2.9429798249680714,0.1692752133427049
CAC,gfc_wide,autoets,fz0_0p05,510,-3.1015406499265028,0.1129992117820868
CAC,gfc_wide,autoets,fz0_avg,510,-2.8934594149754069,0.19725678639307342
CAC,gfc_wide,autoets,qlike_ex_near_zero,510,0.40222419853128666,0.046505952224196997
CAC,gfc_wide,chronos,crps,510,0.010841050381216308,0.00058976000998779243
CAC,gfc_wide,chronos,log_score,510,-2.5616098015208468,0.063787488267222692
CAC,gfc_wide,chronos,pinball_0p01,510,0.00066374418826414816,0.00012848119962488656
CAC,gfc_wide,chronos,pinball_0p025,510,0.0013549130936051875,0.00015751733838374472
CAC,gfc_wide,chronos,pinball_0p05,510,0.0023028303477113598,0.00019541795566443068
CAC,gfc_wide,chronos,pinball_avg,510,0.0014404958765268986,0.00015606996160334356
CAC,gfc_wide,chronos,qlike,510,0.40078787962991336,0.046596225386189453
CAC,gfc_wide,chronos,fz0_0p01,510,-2.5786322735135623,0.32478138862480066
CAC,gfc_wide,chronos,fz0_0p025,510,-2.8460715963582981,0.18106763423161013
CAC,gfc_wide,chronos,fz0_0p05,510,-3.0223299887711947,0.12520649996315031
CAC,gfc_wide,chronos,fz0_avg,510,-2.8156779528810185,0.20618648606655574
CAC,gfc_wide,chronos,qlike_ex_near_zero,510,0.40078787962991336,0.046596225386189453
CAC,gfc_wide,ewma,crps,510,0.010917244120341237,0.00057652190586483451
CAC,gfc_wide,ewma,log_score,510,-2.5580531058700458,0.059604026010728783
CAC,gfc_wide,ewma,pinball_0p01,510,0.0006006205963927446,0.00010573971768440904
CAC,gfc_wide,ewma,pinball_0p025,510,0.0012590803116056088,0.00013030904549760224
CAC,gfc_wide,ewma,pinball_0p05,510,0.0022111081060873935,0.00016394206698431014
CAC,gfc_wide,ewma,pinball_avg,510,0.0013569363380285825,0.0001295539523833944
CAC,gfc_wide,ewma,qlike,510,0.39018228215131462,0.039385682873795805
CAC,gfc_wide,ewma,fz0_0p01,510,-2.7678302082278363,0.28933769510284252
CAC,gfc_wide,ewma,fz0_0p025,510,-2.9635199483847692,0.15446176387256735
CAC,gfc_wide,ewma,fz0_0p05,510,-3.0903041622595215,0.10513311579935934
CAC,gfc_wide,ewma,fz0_avg,510,-2.9405514396240426,0.17944981554801531
CAC,gfc_wide,ewma,qlike_ex_near_zero,510,0.39018228215131462,0.039385682873795805
CAC,gfc_wide,garch11,crps,510,0.010907036933571264,0.00057798167138248214
CAC,gfc_wide,garch11,log_score,510,-2.5612903204785322,0.060029029841909387
CAC,gfc_wide,garch11,pinball_0p01,510,0.00063016483810337187,0.00010692700518741475
CAC,gfc_wide,garch11,pinball_0p025,510,0.0012919604092966315,0.00013340771819083001
CAC,gfc_wide,garch11,pinball_0p05,510,0.0022225794473790688,0.00016616271210301756
CAC,gfc_wide,garch11,pinball_avg,510,0.0013815682315930242,0.00013245048259033699
CAC,gfc_wide,garch11,qlike,510,0.35659504715596141,0.035424763199478244
CAC,gfc_wide,garch11,fz0_0p01,510,-2.6902676074259344,0.29350998937905531
CAC,gfc_wide,garch11,fz0_0p025,510,-2.9093860408958307,0.16196185969651794
CAC,gfc_wide,garch11,fz0_0p05,510,-3.0612613007377365,0.11157504092281417
CAC,gfc_wide,garch11,fz0_avg,510,-2.8869716496865006,0.18530846770080128
CAC,gfc_wide,garch11,qlike_ex_near_zero,510,0.35659504715596141,0.035424763199478244
CAC,gfc_wide,garch11_t,crps,510,0.010891559999592217,0.00058064479465722507
CAC,gfc_wide,garch11_t,log_score,510,-2.5782822476185872,0.052311754412634824
CAC,gfc_wide,garch11_t,pinball_0p01,510,0.00061464976335760758,9.975718706773885e-05
CAC,gfc_wide,garch11_t,pinball_0p025,510,0.0012695763076966439,0.00012976357497062284
CAC,gfc_wide,garch11_t,pinball_0p05,510,0.0022202949238288769,0.00016625447603151129
CAC,gfc_wide,garch11_t,pinball_avg,510,0.0013681736649610427,0.00012808043800661682
CAC,gfc_wide,garch11_t,qlike,510,0.35874787230184257,0.035478119586667106
CAC,gfc_wide,garch11_t,fz0_0p01,510,-2.7581261790216214,0.26462535914924357
CAC,gfc_wide,garch11_t,fz0_0p025,510,-2.9534447096989696,0.15149420974652719
CAC,gfc_wide,garch11_t,fz0_0p05,510,-3.069919317646062,0.1080911964450931
CAC,gfc_wide,garch11_t,fz0_avg,510,-2.9271634021222175,0.17029188548757404
CAC,gfc_wide,garch11_t,qlike_ex_near_zero,510,0.35874787230184257,0.035478119586667106
CAC,gfc_wide,gjr,crps,510,0.010789249759604791,0.00056902542402368413
CAC,gfc_wide,gjr,log_score,510,-2.5964208826430233,0.054477532504097655
CAC,gfc_wide,gjr,pinball_0p01,510,0.00066568945942251296,0.00010865461555285961
CAC,gfc_wide,gjr,pinball_0p025,510,0.0013162337554128167,0.00014009798398845124
CAC,gfc_wide,gjr,pinball_0p05,510,0.0022346537472589557,0.00017543265837585546
CAC,gfc_wide,gjr,pinball_avg,510,0.0014055256540314283,0.00013877929388603544
CAC,gfc_wide,gjr,qlike,510,0.31830847451335892,0.028195069158719388
CAC,gfc_wide,gjr,fz0_0p01,510,-2.6414388477851274,0.24032420985865183
CAC,gfc_wide,gjr,fz0_0p025,510,-2.9057462743873228,0.14737907492326399
CAC,gfc_wide,gjr,fz0_0p05,510,-3.0681514906433969,0.10805528383400975
CAC,gfc_wide,gjr,fz0_avg,510,-2.8717788709386154,0.16186693819200931
CAC,gfc_wide,gjr,qlike_ex_near_zero,510,0.31830847451335892,0.028195069158719388
CAC,gfc_wide,har,crps,510,0.010806911678901075,0.00058074341983833846
CAC,gfc_wide,har,log_score,510,-2.5820401209199524,0.059818566684361835
CAC,gfc_wide,har,pinball_0p01,510,0.00063335337824049916,0.00011652825490262134
CAC,gfc_wide,har,pinball_0p025,510,0.0012587987151497049,0.00014156163884911622
CAC,gfc_wide,har,pinball_0p05,510,0.0022116762028856858,0.00017725535686747857
CAC,gfc_wide,har,pinball_avg,510,0.0013679427654252965,0.00014131838743555817
CAC,gfc_wide,har,qlike,510,0.3794663525300721,0.044421711182218153
CAC,gfc_wide,har,fz0_0p01,510,-2.6716994173396404,0.28859886792957273
CAC,gfc_wide,har,fz0_0p025,510,-2.9389212726999112,0.16192656640541359
CAC,gfc_wide,har,fz0_0p05,510,-3.0843528487308389,0.11332394675040958
CAC,gfc_wide,har,fz0_avg,510,-2.8983245129234634,0.18417221404607159
CAC,gfc_wide,har,qlike_ex_near_zero,510,0.3794663525300721,0.044421711182218153
CAC,gfc_wide,lgbm,crps,510,0.011212520208601284,0.00061231793147162067
CAC,gfc_wide,lgbm,log_score,510,-2.4844475369080627,0.068352449851089125
CAC,gfc_wide,lgbm,pinball_0p01,510,0.00080380722904649024,0.00013018964366436273
CAC,gfc_wide,lgbm,pinball_0p025,510,0.0015167982320342499,0.00016892128915489143
CAC,gfc_wide,lgbm,pinball_0p05,510,0.0024376145921518513,0.00020741193880443305
CAC,gfc_wide,lgbm,pinball_avg,510,0.0015860733510775302,0.00016645858802845443
CAC,gfc_wide,lgbm,qlike,510,0.60509119543800172,0.068763199554457533
CAC,gfc_wide,lgbm,fz0_0p01,510,-2.3828188886810158,0.30569640288314348
CAC,gfc_wide,lgbm,fz0_0p025,510,-2.7584185017484173,0.17251346360398334
CAC,gfc_wide,lgbm,fz0_0p05,510,-3.0012093809034095,0.11743338571239731
CAC,gfc_wide,lgbm,fz0_avg,510,-2.7141489237776142,0.19599450154501624
CAC,gfc_wide,lgbm,qlike_ex_near_zero,510,0.60509119543800172,0.068763199554457533
CAC,gfc_wide,moirai,crps,510,0.010865838639821719,0.00059539052752090012
CAC,gfc_wide,moirai,log_score,510,-2.5551288600640105,0.065189668036446838
CAC,gfc_wide,moirai,pinball_0p01,510,0.00072366899421954232,0.00014096662935691873
CAC,gfc_wide,moirai,pinball_0p025,510,0.0014143552449677418,0.0001731204895169622
CAC,gfc_wide,moirai,pinball_0p05,510,0.0023445203168617097,0.00021016192727828416
CAC,gfc_wide,moirai,pinball_avg,510,0.0014941815186829981,0.00017109656784798172
CAC,gfc_wide,moirai,qlike,510,0.40397512703169408,0.046081585155350671
CAC,gfc_wide,moirai,fz0_0p01,510,-2.4714834286431984,0.34464991659921068
CAC,gfc_wide,moirai,fz0_0p025,510,-2.8033222384191219,0.19097582328148965
CAC,gfc_wide,moirai,fz0_0p05,510,-3.0083816450516667,0.13076215059539678
CAC,gfc_wide,moirai,fz0_avg,510,-2.7610624373713293,0.21847029396538156
CAC,gfc_wide,moirai,qlike_ex_near_zero,510,0.40397512703169408,0.046081585155350671
CAC,gfc_wide,naive,crps,510,0.011217386778090005,0.0006642792660060652
CAC,gfc_wide,naive,log_score,510,-2.2294436658786703,0.13984037186175852
CAC,gfc_wide,naive,pinball_0p01,510,0.0011815345195537563,0.00023014887446654397
CAC,gfc_wide,naive,pinball_0p025,510,0.0018694227808538828,0.0002646628823917039
CAC,gfc_wide,naive,pinball_0p05,510,0.0027775754805788419,0.00029511326228514337
CAC,gfc_wide,naive,pinball_avg,510,0.0019428442603288268,0.00026121075493461824
CAC,gfc_wide,naive,qlike,510,1.0255404696404873,0.23884939681153641
CAC,gfc_wide,naive,fz0_0p01,510,-0.98374403434561297,0.65429035298154081
CAC,gfc_wide,naive,fz0_0p025,510,-2.056319377137211,0.34614745087863497
CAC,gfc_wide,naive,fz0_0p05,510,-2.5614437788908759,0.22219924618105405
CAC,gfc_wide,naive,fz0_avg,510,-1.8671690634578999,0.40479232440673257
CAC,gfc_wide,naive,qlike_ex_near_zero,510,1.0255404696404873,0.23884939681153641
CAC,gfc_wide,patchtst,crps,510,0.011176920453390325,0.00063861460343623861
CAC,gfc_wide,patchtst,log_score,510,-2.3458320945844644,0.11620574591088281
CAC,gfc_wide,patchtst,pinball_0p01,510,0.0010248564436681029,0.00020688301172850406
CAC,gfc_wide,patchtst,pinball_0p025,510,0.001682217967783719,0.00023771582327394562
CAC,gfc_wide,patchtst,pinball_0p05,510,0.0025449641967614381,0.00026538426431839564
CAC,gfc_wide,patchtst,pinball_avg,510,0.0017506795360710866,0.00023494472007898841
CAC,gfc_wide,patchtst,qlike,510,0.88390181202569429,0.20964086713375038
CAC,gfc_wide,patchtst,fz0_0p01,510,-1.5445359788798279,0.56465813605265414
CAC,gfc_wide,patchtst,fz0_0p025,510,-2.3750202038828374,0.29749708493742993
CAC,gfc_wide,patchtst,fz0_0p05,510,-2.7978030386830675,0.19023275467105941
CAC,gfc_wide,patchtst,fz0_avg,510,-2.2391197404819114,0.34882971148881858
CAC,gfc_wide,patchtst,qlike_ex_near_zero,510,0.88390181202569429,0.20964086713375038
CAC,gfc_wide,timesfm,crps,510,0.010830118418984111,0.00059107584358570578
CAC,gfc_wide,timesfm,log_score,510,-2.5710377542081746,0.063282171716074267
CAC,gfc_wide,timesfm,pinball_0p01,510,0.00065873062905928541,0.00012793524653962045
CAC,gfc_wide,timesfm,pinball_0p025,510,0.0013219290205063554,0.00015638322301985574
CAC,gfc_wide,timesfm,pinball_0p05,510,0.0022675958981247515,0.00019322790502572312
CAC,gfc_wide,timesfm,pinball_avg,510,0.0014160851825634642,0.00015503032676471908
CAC,gfc_wide,timesfm,qlike,510,0.39930530365656164,0.048376702995304076
CAC,gfc_wide,timesfm,fz0_0p01,510,-2.6093243626782856,0.32199757834436782
CAC,gfc_wide,timesfm,fz0_0p025,510,-2.8920146117515677,0.17751258913385634
CAC,gfc_wide,timesfm,fz0_0p05,510,-3.0549582023602477,0.12249258616290552
CAC,gfc_wide,timesfm,fz0_avg,510,-2.8520990589300332,0.20353426007775552
CAC,gfc_wide,timesfm,qlike_ex_near_zero,510,0.39930530365656164,0.048376702995304076
DAX,gfc,autoarima,crps,147,0.016547652429168148,0.001286538992367564
DAX,gfc,autoarima,log_score,147,-2.092026351619777,0.086306378254397062
DAX,gfc,autoarima,pinball_0p01,147,0.0010446520935004195,0.00019786563734251213
DAX,gfc,autoarima,pinball_0p025,147,0.002135411304808143,0.00029361087720861356
DAX,gfc,autoarima,pinball_0p05,147,0.003581493992018109,0.00038913555777631486
DAX,gfc,autoarima,pinball_avg,147,0.0022538524634422236,0.00028573899812964985
DAX,gfc,autoarima,qlike,147,0.45562973598105083,0.10375644463670435
DAX,gfc,autoarima,fz0_0p01,147,-1.9788246270543639,0.36858234742348817
DAX,gfc,autoarima,fz0_0p025,147,-2.2174927567526357,0.25692761219570698
DAX,gfc,autoarima,fz0_0p05,147,-2.4331390431905646,0.19650613678217146
DAX,gfc,autoarima,fz0_avg,147,-2.2098188089991879,0.26738408131194008
DAX,gfc,autoarima,qlike_ex_near_zero,147,0.45562973598105083,0.10375644463670435
DAX,gfc,autoets,crps,147,0.016480540755779687,0.0012611519730373827
DAX,gfc,autoets,log_score,147,-2.1137277747279373,0.080603615234297446
DAX,gfc,autoets,pinball_0p01,147,0.00096602102889199672,0.00016898340904102852
DAX,gfc,autoets,pinball_0p025,147,0.0020540900986507835,0.00026412980618212588
DAX,gfc,autoets,pinball_0p05,147,0.003444562664975461,0.00036070530146182318
DAX,gfc,autoets,pinball_avg,147,0.0021548912641727474,0.00025759438692456139
DAX,gfc,autoets,qlike,147,0.39362957242589269,0.065911101993815377
DAX,gfc,autoets,fz0_0p01,147,-2.1436706813270789,0.30688583068203407
DAX,gfc,autoets,fz0_0p025,147,-2.3091236186703981,0.22586694816265207
DAX,gfc,autoets,fz0_0p05,147,-2.5090354932316878,0.17738092028563707
DAX,gfc,autoets,fz0_avg,147,-2.3206099310763881,0.23028630694365768
DAX,gfc,autoets,qlike_ex_near_zero,147,0.39362957242589269,0.065911101993815377
DAX,gfc,chronos,crps,147,0.016653274367231723,0.0012940830810056403
DAX,gfc,chronos,log_score,147,-2.0463077408381816,0.096864416607816153
DAX,gfc,chronos,pinball_0p01,147,0.0012290483911165653,0.00025548132010976834
DAX,gfc,chronos,pinball_0p025,147,0.0023194965513123364,0.00035143025427355503
DAX,gfc,chronos,pinball_0p05,147,0.0037714224847044111,0.00043552396928953259
DAX,gfc,chronos,pinball_avg,147,0.0024399891423777711,0.00034079033307209968
DAX,gfc,chronos,qlike,147,0.4644348934743312,0.084745043893559843
DAX,gfc,chronos,fz0_0p01,147,-1.5516734924073368,0.5099945952838969
DAX,gfc,chronos,fz0_0p025,147,-2.003378168512012,0.3286394523607622
DAX,gfc,chronos,fz0_0p05,147,-2.2895185241121845,0.2369899522200874
DAX,gfc,chronos,fz0_avg,147,-1.9481900616771772,0.35295793552419652
DAX,gfc,chronos,qlike_ex_near_zero,147,0.4644348934743312,0.084745043893559843
DAX,gfc,ewma,crps,147,0.016753323114463013,0.001310792564645393
DAX,gfc,ewma,log_score,147,-2.0453666589810844,0.093649924356634759
DAX,gfc,ewma,pinball_0p01,147,0.00090420641162270604,0.00018178370868093135
DAX,gfc,ewma,pinball_0p025,147,0.0019598233900918133,0.00026052381895433151
DAX,gfc,ewma,pinball_0p05,147,0.0033185496698810227,0.00034807818809598354
DAX,gfc,ewma,pinball_avg,147,0.0020608598238651809,0.00025484907042483569
DAX,gfc,ewma,qlike,147,0.45860061007185193,0.063495397845172344
DAX,gfc,ewma,fz0_0p01,147,-2.2497259615391645,0.34382403974029091
DAX,gfc,ewma,fz0_0p025,147,-2.3895280258141898,0.22231901290763945
DAX,gfc,ewma,fz0_0p05,147,-2.5647293771438524,0.16947188363549834
DAX,gfc,ewma,fz0_avg,147,-2.4013277881657356,0.23729005156656799
DAX,gfc,ewma,qlike_ex_near_zero,147,0.45860061007185193,0.063495397845172344
DAX,gfc,garch11,crps,147,0.01674293924375847,0.0013060734864352528
DAX,gfc,garch11,log_score,147,-2.0492799586498007,0.090521759485587217
DAX,gfc,garch11,pinball_0p01,147,0.00094225125705917545,0.00018368614360262286
DAX,gfc,garch11,pinball_0p025,147,0.0019525626976298622,0.00025516017351744389
DAX,gfc,garch11,pinball_0p05,147,0.0032962118927080571,0.00034182081735735249
DAX,gfc,garch11,pinball_avg,147,0.002063675282465698,0.00025271130620016947
DAX,gfc,garch11,qlike,147,0.39823962271709112,0.050131243748612622
DAX,gfc,garch11,fz0_0p01,147,-2.1316164193609994,0.3562790158786161
DAX,gfc,garch11,fz0_0p025,147,-2.3538076772999017,0.23595074364138455
DAX,gfc,garch11,fz0_0p05,147,-2.5626399423847759,0.17773242968617733
DAX,gfc,garch11,fz0_avg,147,-2.3493546796818925,0.25103445808977914
DAX,gfc,garch11,qlike_ex_near_zero,147,0.39823962271709112,0.050131243748612622
DAX,gfc,garch11_t,crps,147,0.01670547666552373,0.0013292726847786373
DAX,gfc,garch11_t,log_score,147,-2.0770184014528916,0.086009370937355056
DAX,gfc,garch11_t,pinball_0p01,147,0.00087211854803296066,0.00015516946340607274
DAX,gfc,garch11_t,pinball_0p025,147,0.0019706248203181752,0.00024830784753003657
DAX,gfc,garch11_t,pinball_0p05,147,0.0033632948914920336,0.00035941330690834438
DAX,gfc,garch11_t,pinball_avg,147,0.0020686794199477232,0.00024272605691668517
DAX,gfc,garch11_t,qlike,147,0.41910292964056589,0.053609865486125029
DAX,gfc,garch11_t,fz0_0p01,147,-2.3675486387836182,0.24808494348772883
DAX,gfc,garch11_t,fz0_0p025,147,-2.4008898051839149,0.20296985529993614
DAX,gfc,garch11_t,fz0_0p05,147,-2.5484568585857099,0.17466692622587096
DAX,gfc,garch11_t,fz0_avg,147,-2.4389651008510813,0.19782260982318051
DAX,gfc,garch11_t,qlike_ex_near_zero,147,0.41910292964056589,0.053609865486125029
DAX,gfc,gjr,crps,147,0.016522198389312685,0.0012755168940772287
DAX,gfc,gjr,log_score,147,-2.083630139775563,0.087443563510628722
DAX,gfc,gjr,pinball_0p01,147,0.0010359790760598884,0.0002047172581734011
DAX,gfc,gjr,pinball_0p025,147,0.0020618082057988758,0.00028890565390275594
DAX,gfc,gjr,pinball_0p05,147,0.0033643915870599423,0.00037483868356702796
DAX,gfc,gjr,pinball_avg,147,0.0021540596229729023,0.00028252948012076146
DAX,gfc,gjr,qlike,147,0.30346146385024053,0.052090414449717987
DAX,gfc,gjr,fz0_0p01,147,-1.8519295302350205,0.44063855987632827
DAX,gfc,gjr,fz0_0p025,147,-2.202242117439265,0.28663181546474781
DAX,gfc,gjr,fz0_0p05,147,-2.4803628104967648,0.20963626300240756
DAX,gfc,gjr,fz0_avg,147,-2.1781781527236834,0.30715970384807556
DAX,gfc,gjr,qlike_ex_near_zero,147,0.30346146385024053,0.052090414449717987
DAX,gfc,har,crps,147,0.016555280866571997,0.0012971539415612932
DAX,gfc,har,log_score,147,-2.0798997406240649,0.091899036151334726
DAX,gfc,har,pinball_0p01,147,0.001069322100452716,0.00020265510201725531
DAX,gfc,har,pinball_0p025,147,0.002186844313156367,0.00030221284097028825
DAX,gfc,har,pinball_0p05,147,0.0035709336584006436,0.00040384857041711366
DAX,gfc,har,pinball_avg,147,0.0022757000240032424,0.00029536768555256404
DAX,gfc,har,qlike,147,0.42193803651892064,0.074981061550849548
DAX,gfc,har,fz0_0p01,147,-1.8833441451195785,0.40092175737255825
DAX,gfc,har,fz0_0p025,147,-2.1487108564543442,0.2778967076152527
DAX,gfc,har,fz0_0p05,147,-2.4084565543994421,0.2119307534457546
DAX,gfc,har,fz0_avg,147,-2.146837185324455,0.29021437711454456
DAX,gfc,har,qlike_ex_near_zero,147,0.42193803651892064,0.074981061550849548
DAX,gfc,lgbm,crps,147,0.017416436046969849,0.0013457335064218177
DAX,gfc,lgbm,log_score,147,-1.8454968550134139,0.14875628052240303
DAX,gfc,lgbm,pinball_0p01,147,0.0013642029595919199,0.00027875574630914599
DAX,gfc,lgbm,pinball_0p025,147,0.0025900711769196363,0.00038385996419363803
DAX,gfc,lgbm,pinball_0p05,147,0.0040975373441714015,0.00047524215336364802
DAX,gfc,lgbm,pinball_avg,147,0.0026839371602276531,0.00037360472449534803
DAX,gfc,lgbm,qlike,147,0.92569538721753042,0.20151225983622495
DAX,gfc,lgbm,fz0_0p01,147,-1.4598973799403592,0.52376816113727553
DAX,gfc,lgbm,fz0_0p025,147,-1.9035420973229886,0.33196964388915678
DAX,gfc,lgbm,fz0_0p05,147,-2.2239076590829789,0.23679238682654288
DAX,gfc,lgbm,fz0_avg,147,-1.8624490454487757,0.35915894212203325
DAX,gfc,lgbm,qlike_ex_near_zero,147,0.92569538721753042,0.20151225983622495
DAX,gfc,moirai,crps,147,0.01674078701276201,0.0013278858094556609
DAX,gfc,moirai,log_score,147,-2.012126587895315,0.10650243766351344
DAX,gfc,moirai,pinball_0p01,147,0.0013067560589941261,0.0002875083008022476
DAX,gfc,moirai,pinball_0p025,147,0.0024516781075371447,0.00037331887914443019
DAX,gfc,moirai,pinball_0p05,147,0.0040586552103358533,0.00045212533520947107
DAX,gfc,moirai,pinball_avg,147,0.0026056964589557079,0.0003620163531466764
DAX,gfc,moirai,qlike,147,0.47405638907045172,0.082596001133207989
DAX,gfc,moirai,fz0_0p01,147,-1.2706046598900624,0.61816021934597187
DAX,gfc,moirai,fz0_0p025,147,-1.8335317343335018,0.37462817951986305
DAX,gfc,moirai,fz0_0p05,147,-2.124077519904136,0.26207973018839981
DAX,gfc,moirai,fz0_avg,147,-1.7427379713759001,0.41206973112719963
DAX,gfc,moirai,qlike_ex_near_zero,147,0.47405638907045172,0.082596001133207989
DAX,gfc,naive,crps,147,0.017366274211730544,0.0015822902950711137
DAX,gfc,naive,log_score,147,-1.1691724807534079,0.39601992091722626
DAX,gfc,naive,pinball_0p01,147,0.0024982020845271879,0.0005878931904109544
DAX,gfc,naive,pinball_0p025,147,0.0036354266864897407,0.0006701002793366806
DAX,gfc,naive,pinball_0p05,147,0.0049787736998768472,0.00074588969028267337
DAX,gfc,naive,pinball_avg,147,0.0037041341569645924,0.00066449485411931766
DAX,gfc,naive,qlike,147,1.8388619661529895,0.54523479365403205
DAX,gfc,naive,fz0_0p01,147,2.3585608369432092,1.6487619863197067
DAX,gfc,naive,fz0_0p025,147,-0.018790640192294782,0.86522669736465796
DAX,gfc,naive,fz0_0p05,147,-1.116506812682027,0.56193323326499656
DAX,gfc,naive,fz0_avg,147,0.40775446135629495,1.0208723709962442
DAX,gfc,naive,qlike_ex_near_zero,147,1.8388619661529895,0.54523479365403205
DAX,gfc,patchtst,crps,147,0.017300935391822279,0.0013566058067033364
DAX,gfc,patchtst,log_score,147,-1.639032802511847,0.16358561356497042
DAX,gfc,patchtst,pinball_0p01,147,0.0016399951015429049,0.00036056480968269921
DAX,gfc,patchtst,pinball_0p025,147,0.0027723182576666404,0.00043604231658997156
DAX,gfc,patchtst,pinball_0p05,147,0.004245346143404348,0.00051031851500360481
DAX,gfc,patchtst,pinball_avg,147,0.0028858865008712974,0.00042812759021898251
DAX,gfc,patchtst,qlike,147,1.2038546334690043,0.27656581305622124
DAX,gfc,patchtst,fz0_0p01,147,0.0095829461848106028,1.0717035406779236
DAX,gfc,patchtst,fz0_0p025,147,-1.1960327939276421,0.58483719036428539
DAX,gfc,patchtst,fz0_0p05,147,-1.7713687961117346,0.3896541087908395
DAX,gfc,patchtst,fz0_avg,147,-0.98593954795152206,0.67629149137816535
DAX,gfc,patchtst,qlike_ex_near_zero,147,1.2038546334690043,0.27656581305622124
DAX,gfc,timesfm,crps,147,0.01666336469568034,0.0013365912751890866
DAX,gfc,timesfm,log_score,147,-1.9982313116753008,0.11809791606229686
DAX,gfc,timesfm,pinball_0p01,147,0.001378298866628916,0.00031753698295521575
DAX,gfc,timesfm,pinball_0p025,147,0.0024726726135667993,0.00040212064464366094
DAX,gfc,timesfm,pinball_0p05,147,0.0039631202970449655,0.00047540568478153191
DAX,gfc,timesfm,pinball_avg,147,0.0026046972590802269,0.00039050022495582139
DAX,gfc,timesfm,qlike,147,0.49628510974490808,0.08147633263760741
DAX,gfc,timesfm,fz0_0p01,147,-1.0411960657948467,0.74635008937986946
DAX,gfc,timesfm,fz0_0p025,147,-1.7532493874828021,0.43013255701842107
DAX,gfc,timesfm,fz0_0p05,147,-2.1301919473072108,0.2914596208296501
DAX,gfc,timesfm,fz0_avg,147,-1.6415458001949534,0.48370228129382214
DAX,gfc,timesfm,qlike_ex_near_zero,147,0.49628510974490808,0.08147633263760741
DAX,covid,autoarima,crps,62,0.016606364046376269,0.0023105411098368681
DAX,covid,autoarima,log_score,62,-1.9174636319683538,0.30892144638221064
DAX,covid,autoarima,pinball_0p01,62,0.0025408080542923561,0.0010316516565580765
DAX,covid,autoarima,pinball_0p025,62,0.0036571733186168205,0.0012198450607342735
DAX,covid,autoarima,pinball_0p05,62,0.0048987475278719043,0.0013682521368714785
DAX,covid,autoarima,pinball_avg,62,0.0036989096335936929,0.0012032145324131433
DAX,covid,autoarima,qlike,62,0.99289942050776614,0.28333599580415159
DAX,covid,autoarima,fz0_0p01,62,1.4392191713751772,2.3066769823378617
DAX,covid,autoarima,fz0_0p025,62,-0.64174344916769022,1.239135278699627
DAX,covid,autoarima,fz0_0p05,62,-1.6259050375793989,0.82733770170784504
DAX,covid,autoarima,fz0_avg,62,-0.27614310512397056,1.4508040760236807
DAX,covid,autoarima,qlike_ex_near_zero,62,0.99289942050776614,0.28333599580415159
DAX,covid,autoets,crps,62,0.016885224905109453,0.0023089099340686155
DAX,covid,autoets,log_score,62,-1.8863176387402121,0.30977562783791335
DAX,covid,autoets,pinball_0p01,62,0.0026492436849578521,0.0010348824183986753
DAX,covid,autoets,pinball_0p025,62,0.003860876488693109,0.0012186751626710127
DAX,covid,autoets,pinball_0p05,62,0.0052286004735372441,0.0013672553322022329
DAX,covid,autoets,pinball_avg,62,0.0039129068823960684,0.0012025121444990854
DAX,covid,autoets,qlike,62,1.0310978124013779,0.28408015586858315
DAX,covid,autoets,fz0_0p01,62,1.5840235900047051,2.3139496167063016
DAX,covid,autoets,fz0_0p025,62,-0.525198225350332,1.2414642895040282
DAX,covid,autoets,fz0_0p05,62,-1.5197324170426443,0.8268641360706096
DAX,covid,autoets,fz0_avg,62,-0.15363568412942388,1.4538545011343869
DAX,covid,autoets,qlike_ex_near_zero,62,1.0310978124013779,0.28408015586858315
DAX,covid,chronos,crps,62,0.016971950561023349,0.0023933194120613517
DAX,covid,chronos,log_score,62,-1.8567191713058238,0.31490823250270228
DAX,covid,chronos,pinball_0p01,62,0.0025546580565257069,0.0012442437153589998
DAX,covid,chronos,pinball_0p025,62,0.0036290606067577321,0.0013974098610647979
DAX,covid,chronos,pinball_0p05,62,0.0050632926465778785,0.001526275689811795
DAX,covid,chronos,pinball_avg,62,0.0037490037699537725,0.0013833595118873396
DAX,covid,chronos,qlike,62,0.79742227305519953,0.18967929084482335
DAX,covid,chronos,fz0_0p01,62,0.82172420037632188,2.2358113397331145
DAX,covid,chronos,fz0_0p025,62,-1.027843556541111,1.1819502617498365
DAX,covid,chronos,fz0_0p05,62,-1.7942651460574557,0.76818557301734292
DAX,covid,chronos,fz0_avg,62,-0.66679483407408169,1.3889230764324363
DAX,covid,chronos,qlike_ex_near_zero,62,0.79742227305519953,0.18967929084482335
DAX,covid,ewma,crps,62,0.016786078916419572,0.0023729349510757296
DAX,covid,ewma,log_score,62,-1.8474680520800855,0.31743756737956441
DAX,covid,ewma,pinball_0p01,62,0.0028320117127270126,0.0012619106400484242
DAX,covid,ewma,pinball_0p025,62,0.0039792728724398121,0.0014111995818127314
DAX,covid,ewma,pinball_0p05,62,0.0052749118574800472,0.0015355331559442195
DAX,covid,ewma,pinball_avg,62,0.0040287321475489576,0.0013988805868970708
DAX,covid,ewma,qlike,62,1.0791627364296177,0.30271827181677008
DAX,covid,ewma,fz0_0p01,62,1.8272952942369558,2.4172437493922927
DAX,covid,ewma,fz0_0p025,62,-0.38597209017773093,1.2870424148651631
DAX,covid,ewma,fz0_0p05,62,-1.4343087023526571,0.84191491282227737
DAX,covid,ewma,fz0_avg,62,0.0023381672355227362,1.508116425878631
DAX,covid,ewma,qlike_ex_near_zero,62,1.0791627364296177,0.30271827181677008
DAX,covid,garch11,crps,62,0.016911704779623605,0.0024376423263959813
DAX,covid,garch11,log_score,62,-1.7589854026161706,0.37334503719196549
DAX,covid,garch11,pinball_0p01,62,0.0029432940303774809,0.0013850529243189288
DAX,covid,garch11,pinball_0p025,62,0.0040513020931176131,0.0015413028020406403
DAX,covid,garch11,pinball_0p05,62,0.0052866321190298106,0.0016498157741276717
DAX,covid,garch11,pinball_avg,62,0.004093742747508301,0.0015209600513650529
DAX,covid,garch11,qlike,62,1.0815217033771205,0.37872123076972419
DAX,covid,garch11,fz0_0p01,62,2.4279795572570753,2.8501101791449033
DAX,covid,garch11,fz0_0p025,62,-0.099060599823670631,1.5162830583634932
DAX,covid,garch11,fz0_0p05,62,-1.29193873077594,0.97355717378669659
DAX,covid,garch11,fz0_avg,62,0.34566007555248884,1.7721376449571624
DAX,covid,garch11,qlike_ex_near_zero,62,1.0815217033771205,0.37872123076972419
DAX,covid,garch11_t,crps,62,0.016919150213703178,0.0024404954838775843
DAX,covid,garch11_t,log_score,62,-2.0588375447092546,0.22468090343243102
DAX,covid,garch11_t,pinball_0p01,62,0.0026319689469727842,0.0012348781865881328
DAX,covid,garch11_t,pinball_0p025,62,0.0038697871778927946,0.0014924259475808013
DAX,covid,garch11_t,pinball_0p05,62,0.005269325832140466,0.0016505519062422235
DAX,covid,garch11_t,pinball_avg,62,0.003923693985668681,0.0014527783614148961
DAX,covid,garch11_t,qlike,62,0.99559029845469038,0.34106375959056445
DAX,covid,garch11_t,fz0_0p01,62,0.75363087887310021,2.0032428719466644
DAX,covid,garch11_t,fz0_0p025,62,-0.66275160516395837,1.2584476423025568
DAX,covid,garch11_t,fz0_0p05,62,-1.4645102574050934,0.88669076254213863
DAX,covid,garch11_t,fz0_avg,62,-0.45787699456531727,1.3724204596490788
DAX,covid,garch11_t,qlike_ex_near_zero,62,0.99559029845469038,0.34106375959056445
DAX,covid,gjr,crps,62,0.016917736928447773,0.0024329302701081739
DAX,covid,gjr,log_score,62,-1.929470910007564,0.26619416737166396
DAX,covid,gjr,pinball_0p01,62,0.0024616855405185669,0.0010123507199334555
DAX,covid,gjr,pinball_0p025,62,0.0035422827342524157,0.001223922507380009
DAX,covid,gjr,pinball_0p05,62,0.0050045157932698354,0.001395439156598306
DAX,covid,gjr,pinball_avg,62,0.0036694946893469382,0.0012069908002483303
DAX,covid,gjr,qlike,62,0.72938610757502398,0.19186248226255656
DAX,covid,gjr,fz0_0p01,62,1.0012307643908003,1.9196179036192802
DAX,covid,gjr,fz0_0p025,62,-0.89651084648168067,1.0657551890865253
DAX,covid,gjr,fz0_0p05,62,-1.68890551979507,0.71260243126556166
DAX,covid,gjr,fz0_avg,62,-0.52806186729531679,1.227610845768484
DAX,covid,gjr,qlike_ex_near_zero,62,0.72938610757502398,0.19186248226255656
DAX,covid,har,crps,62,0.016937973513760411,0.0023284859864497634
DAX,covid,har,log_score,62,-1.8114304559314567,0.34042149731367077
DAX,covid,har,pinball_0p01,62,0.0028911851877027593,0.0013131546262411585
DAX,covid,har,pinball_0p025,62,0.0039964934203484785,0.001432138998718362
DAX,covid,har,pinball_0p05,62,0.0054421779906850118,0.0015343188713182012
DAX,covid,har,pinball_avg,62,0.0041099521995787494,0.0014207687077845619
DAX,covid,har,qlike,62,1.2331351665438288,0.3861651753602654
DAX,covid,har,fz0_0p01,62,2.1279023456017097,2.6729451352251323
DAX,covid,har,fz0_0p025,62,-0.32324657877866969,1.3752426692136697
DAX,covid,har,fz0_0p05,62,-1.3801336732166671,0.87981367865228077
DAX,covid,har,fz0_avg,62,0.14150736453545767,1.6352670041723416
DAX,covid,har,qlike_ex_near_zero,62,1.2331351665438288,0.3861651753602654
DAX,covid,lgbm,crps,62,0.017266480465294064,0.0024713613441722172
DAX,covid,lgbm,log_score,62,-0.75219892038902503,0.86109062329254971
DAX,covid,lgbm,pinball_0p01,62,0.004404924019541295,0.0017864313799232587
DAX,covid,lgbm,pinball_0p025,62,0.0054292423408529708,0.0018760245439919999
DAX,covid,lgbm,pinball_0p05,62,0.0065080715953709165,0.0019196909833264428
DAX,covid,lgbm,pinball_avg,62,0.0054474126519217271,0.0018575397793578453
DAX,covid,lgbm,qlike,62,3.9287956604459846,2.2709197766052829
DAX,covid,lgbm,fz0_0p01,62,8.9753314669679334,5.4314882816610393
DAX,covid,lgbm,fz0_0p025,62,2.9591247292449929,2.6788918961080497
DAX,covid,lgbm,fz0_0p05,62,0.43419538537573588,1.622285197910236
DAX,covid,lgbm,fz0_avg,62,4.1228838605295532,3.2391525513409971
DAX,covid,lgbm,qlike_ex_near_zero,62,3.9287956604459846,2.2709197766052829
DAX,covid,moirai,crps,62,0.016787913288634961,0.002379997103413235
DAX,covid,moirai,log_score,62,-1.7539429104641631,0.39914188679994778
DAX,covid,moirai,pinball_0p01,62,0.0028205849664217834,0.0014164505867258733
DAX,covid,moirai,pinball_0p025,62,0.0037642670387051831,0.0015650313106472826
DAX,covid,moirai,pinball_0p05,62,0.00500307115302404,0.001657380424004491
DAX,covid,moirai,pinball_avg,62,0.0038626410527170022,0.0015420368783850304
DAX,covid,moirai,qlike,62,0.93725298067594465,0.27195097697774451
DAX,covid,moirai,fz0_0p01,62,2.1359344682114316,2.9870463930598685
DAX,covid,moirai,fz0_0p025,62,-0.46198477794045978,1.5518832692825619
DAX,covid,moirai,fz0_0p05,62,-1.5441287370360297,0.97402042753617046
DAX,covid,moirai,fz0_avg,62,0.043273651078313963,1.832441764437909
DAX,covid,moirai,qlike_ex_near_zero,62,0.93725298067594465,0.27195097697774451
DAX,covid,naive,crps,62,0.018012500613309057,0.002584275675158705
DAX,covid,naive,log_score,62,0.65288941330777994,1.3543585998522771
DAX,covid,naive,pinball_0p01,62,0.005241148409351146,0.001932119086027858
DAX,covid,naive,pinball_0p025,62,0.0063185350719375654,0.0019945304256056232
DAX,covid,naive,pinball_0p05,62,0.0073909969288410921,0.0020153281581004831
DAX,covid,naive,pinball_avg,62,0.0063168934700432678,0.0019775905610142116
DAX,covid,naive,qlike,62,6.8700587252363752,2.8546140564171592
DAX,covid,naive,fz0_0p01,62,14.02866561536724,7.1899781923399093
DAX,covid,naive,fz0_0p025,62,5.4911599120359806,3.4756752498395693
DAX,covid,naive,fz0_0p05,62,1.9551460889511769,2.0737839248294101
DAX,covid,naive,fz0_avg,62,7.1583238721181326,4.2413637378498317
DAX,covid,naive,qlike_ex_near_zero,62,6.8700587252363752,2.8546140564171592
DAX,covid,patchtst,crps,62,0.018257774230359767,0.0024871192100312679
DAX,covid,patchtst,log_score,62,1.6523632172373197,2.109675953088368
DAX,covid,patchtst,pinball_0p01,62,0.0057250479187530116,0.0021091680512087796
DAX,covid,patchtst,pinball_0p025,62,0.0068031452263208059,0.0021343493500989913
DAX,covid,patchtst,pinball_0p05,62,0.008105740432160979,0.0021100109994913168
DAX,covid,patchtst,pinball_avg,62,0.0068779778590782655,0.0021136527250372422
DAX,covid,patchtst,qlike,62,9.3505850245841522,6.6595697533884417
DAX,covid,patchtst,fz0_0p01,62,20.361374840305796,9.9080271400382163
DAX,covid,patchtst,fz0_0p025,62,8.2900883862394803,4.7178618988448129
DAX,covid,patchtst,fz0_0p05,62,3.6008501645095476,2.7650953464432684
DAX,covid,patchtst,fz0_avg,62,10.7507711303516,5.7932747124064399
DAX,covid,patchtst,qlike_ex_near_zero,62,9.3505850245841522,6.6595697533884417
DAX,covid,timesfm,crps,62,0.016774301388921581,0.0023429821388642859
DAX,covid,timesfm,log_score,62,-1.8686719475891964,0.32295117405281781
DAX,covid,timesfm,pinball_0p01,62,0.0026555818894301139,0.0012818455578649068
DAX,covid,timesfm,pinball_0p025,62,0.0037474703696062984,0.0014250779353165164
DAX,covid,timesfm,pinball_0p05,62,0.005016938890621144,0.0015497177668123148
DAX,covid,timesfm,pinball_avg,62,0.0038066637165525188,0.0014132224624773795
DAX,covid,timesfm,qlike,62,0.92129906946736906,0.24840720309540795
DAX,covid,timesfm,fz0_0p01,62,1.372246026331841,2.4641072916942468
DAX,covid,timesfm,fz0_0p025,62,-0.6969302266271411,1.2904174625652955
DAX,covid,timesfm,fz0_0p05,62,-1.6538506112181142,0.83582997964280892
DAX,covid,timesfm,fz0_avg,62,-0.32617827050447146,1.5221571544309478
DAX,covid,timesfm,qlike_ex_near_zero,62,0.92129906946736906,0.24840720309540795
DAX,tightening_2022,autoarima,crps,214,0.0082804874976610786,0.00052455964489372139
DAX,tightening_2022,autoarima,log_score,214,-2.8158377256468849,0.05496483221147256
DAX,tightening_2022,autoarima,pinball_0p01,214,0.00039283561815792271,2.740814574456382e-05
DAX,tightening_2022,autoarima,pinball_0p025,214,0.0009135220266909749,6.4639992604612344e-05
DAX,tightening_2022,autoarima,pinball_0p05,214,0.0016380433146671153,0.00011764088490771654
DAX,tightening_2022,autoarima,pinball_avg,214,0.00098146698650533755,6.6995338344943024e-05
DAX,tightening_2022,autoarima,qlike,214,0.33819438999456936,0.035355874502251403
DAX,tightening_2022,autoarima,fz0_0p01,214,-3.2348529807968478,0.075502022016454257
DAX,tightening_2022,autoarima,fz0_0p025,214,-3.2903248779615386,0.088288777918472366
DAX,tightening_2022,autoarima,fz0_0p05,214,-3.3885263472376308,0.091943096917094749
DAX,tightening_2022,autoarima,fz0_avg,214,-3.3045680686653389,0.080924021155656056
DAX,tightening_2022,autoarima,qlike_ex_near_zero,214,0.33819438999456936,0.035355874502251403
DAX,tightening_2022,autoets,crps,214,0.0083025958799762215,0.0005232095677910265
DAX,tightening_2022,autoets,log_score,214,-2.8070238660872739,0.05617556052025343
DAX,tightening_2022,autoets,pinball_0p01,214,0.00041957739622250383,3.2849337127373527e-05
DAX,tightening_2022,autoets,pinball_0p025,214,0.00095929482312970423,7.2853401616245538e-05
DAX,tightening_2022,autoets,pinball_0p05,214,0.0016782021479273567,0.0001238466577302738
DAX,tightening_2022,autoets,pinball_avg,214,0.001019024789093188,7.4230538974800377e-05
DAX,tightening_2022,autoets,qlike,214,0.35042760666692435,0.035679674253591392
DAX,tightening_2022,autoets,fz0_0p01,214,-3.1490645559218922,0.1006539972803543
DAX,tightening_2022,autoets,fz0_0p025,214,-3.2028730768018439,0.10966756858178255
DAX,tightening_2022,autoets,fz0_0p05,214,-3.3385326721601691,0.10494030799512255
DAX,tightening_2022,autoets,fz0_avg,214,-3.2301567682946351,0.1018519151493069
DAX,tightening_2022,autoets,qlike_ex_near_zero,214,0.35042760666692435,0.035679674253591392
DAX,tightening_2022,chronos,crps,214,0.0082314378760850945,0.00054842290633549105
DAX,tightening_2022,chronos,log_score,214,-2.8304139461737523,0.066951677931680775
DAX,tightening_2022,chronos,pinball_0p01,214,0.00039834501933440851,5.2635654947731025e-05
DAX,tightening_2022,chronos,pinball_0p025,214,0.00091934179899489938,9.577761063479635e-05
DAX,tightening_2022,chronos,pinball_0p05,214,0.0016138299515013209,0.00014731651851870273
DAX,tightening_2022,chronos,pinball_avg,214,0.00097717225661020954,9.4787552499925692e-05
DAX,tightening_2022,chronos,qlike,214,0.33866296360726234,0.040675496979432284
DAX,tightening_2022,chronos,fz0_0p01,214,-3.2159194155972162,0.16011083324684508
DAX,tightening_2022,chronos,fz0_0p025,214,-3.2859270063066606,0.14208286746518278
DAX,tightening_2022,chronos,fz0_0p05,214,-3.401347099139314,0.12655868571772508
DAX,tightening_2022,chronos,fz0_avg,214,-3.3010645070143965,0.1379890512458927
DAX,tightening_2022,chronos,qlike_ex_near_zero,214,0.33866296360726234,0.040675496979432284
DAX,tightening_2022,ewma,crps,214,0.0083602154827251592,0.00055118048609918984
DAX,tightening_2022,ewma,log_score,214,-2.76985675122202,0.075321384299886759
DAX,tightening_2022,ewma,pinball_0p01,214,0.0004710524927143897,8.3392244211760464e-05
DAX,tightening_2022,ewma,pinball_0p025,214,0.0010035862389370337,0.0001206264313228262
DAX,tightening_2022,ewma,pinball_0p05,214,0.0016894602275506253,0.00016598227839736404
DAX,tightening_2022,ewma,pinball_avg,214,0.0010546996530673496,0.00012009941169172927
DAX,tightening_2022,ewma,qlike,214,0.395429831592081,0.064986131515917034
DAX,tightening_2022,ewma,fz0_0p01,214,-2.9390985040745239,0.29221301866133281
DAX,tightening_2022,ewma,fz0_0p025,214,-3.1441642703094619,0.19012788216736251
DAX,tightening_2022,ewma,fz0_0p05,214,-3.3270253044212046,0.14871606317837865
DAX,tightening_2022,ewma,fz0_avg,214,-3.1367626929350632,0.20632855881868437
DAX,tightening_2022,ewma,qlike_ex_near_zero,214,0.395429831592081,0.064986131515917034
DAX,tightening_2022,garch11,crps,214,0.0084361959801099867,0.00059666239588624303
DAX,tightening_2022,garch11,log_score,214,-2.6559068219786224,0.13402361896400816
DAX,tightening_2022,garch11,pinball_0p01,214,0.0006089929177458339,0.00013363106199746762
DAX,tightening_2022,garch11,pinball_0p025,214,0.0011381421388033653,0.00016840580487986141
DAX,tightening_2022,garch11,pinball_0p05,214,0.0018443392790006229,0.00021218754110771792
DAX,tightening_2022,garch11,pinball_avg,214,0.0011971581118499406,0.00016887594196531556
DAX,tightening_2022,garch11,qlike,214,0.56920215786102135,0.14703682075359387
DAX,tightening_2022,garch11,fz0_0p01,214,-2.4551157373495527,0.46832069133775928
DAX,tightening_2022,garch11,fz0_0p025,214,-2.8897209855580117,0.2750289774895241
DAX,tightening_2022,garch11,fz0_0p05,214,-3.1448580288469437,0.20122012417812485
DAX,tightening_2022,garch11,fz0_avg,214,-2.8298982505848356,0.31137937518443004
DAX,tightening_2022,garch11,qlike_ex_near_zero,214,0.56920215786102135,0.14703682075359387
DAX,tightening_2022,garch11_t,crps,214,0.0084157544111425949,0.00058284903637048776
DAX,tightening_2022,garch11_t,log_score,214,-2.7523474905892664,0.075096207031815007
DAX,tightening_2022,garch11_t,pinball_0p01,214,0.0004506657482638897,4.4784592589224039e-05
DAX,tightening_2022,garch11_t,pinball_0p025,214,0.0010179496169236228,0.00011673024121067019
DAX,tightening_2022,garch11_t,pinball_0p05,214,0.0017557984173803551,0.000188559219853623
DAX,tightening_2022,garch11_t,pinball_avg,214,0.0010748045941892893,0.00011240118802481793
DAX,tightening_2022,garch11_t,qlike,214,0.40011300685635098,0.063473868186647478
DAX,tightening_2022,garch11_t,fz0_0p01,214,-3.0758080372864307,0.094776019293463201
DAX,tightening_2022,garch11_t,fz0_0p025,214,-3.1756523232145466,0.13517770707216756
DAX,tightening_2022,garch11_t,fz0_0p05,214,-3.2971345021697918,0.14414249130136686
DAX,tightening_2022,garch11_t,fz0_avg,214,-3.1828649542235898,0.12004246929607026
DAX,tightening_2022,garch11_t,qlike_ex_near_zero,214,0.40011300685635098,0.063473868186647478
DAX,tightening_2022,gjr,crps,214,0.0082710225226419291,0.00054489617326828927
DAX,tightening_2022,gjr,log_score,214,-2.8300443623800762,0.064145842380268103
DAX,tightening_2022,gjr,pinball_0p01,214,0.0004066055620759428,3.8391831312990992e-05
DAX,tightening_2022,gjr,pinball_0p025,214,0.00088286609523475633,8.3197370007620839e-05
DAX,tightening_2022,gjr,pinball_0p05,214,0.0015194538618551255,0.00013479027142504883
DAX,tightening_2022,gjr,pinball_avg,214,0.0009363085063886083,8.4296750153317604e-05
DAX,tightening_2022,gjr,qlike,214,0.35886155201274528,0.048383025807188708
DAX,tightening_2022,gjr,fz0_0p01,214,-3.1854313557795693,0.12043633180239467
DAX,tightening_2022,gjr,fz0_0p025,214,-3.3232866406899331,0.11947631202025624
DAX,tightening_2022,gjr,fz0_0p05,214,-3.4783575455882931,0.11090222856243417
DAX,tightening_2022,gjr,fz0_avg,214,-3.3290251806859312,0.11489058223513322
DAX,tightening_2022,gjr,qlike_ex_near_zero,214,0.35886155201274528,0.048383025807188708
DAX,tightening_2022,har,crps,214,0.0082557889832461269,0.00054550677268606874
DAX,tightening_2022,har,log_score,214,-2.8215363142106877,0.064489760880986541
DAX,tightening_2022,har,pinball_0p01,214,0.0004134945745408784,4.1909200572375868e-05
DAX,tightening_2022,har,pinball_0p025,214,0.000966588875235167,9.4040440156121512e-05
DAX,tightening_2022,har,pinball_0p05,214,0.0016484882456296694,0.00014837751082117637
DAX,tightening_2022,har,pinball_avg,214,0.0010095238984685715,9.2900412471335741e-05
DAX,tightening_2022,har,qlike,214,0.33682882962713578,0.044045686696937959
DAX,tightening_2022,har,fz0_0p01,214,-3.1728461740117764,0.12729794974830136
DAX,tightening_2022,har,fz0_0p025,214,-3.2118226573394693,0.1338702892349577
DAX,tightening_2022,har,fz0_0p05,214,-3.3606139021631578,0.12421567438991812
DAX,tightening_2022,har,fz0_avg,214,-3.2484275778381342,0.12486496269975739
DAX,tightening_2022,har,qlike_ex_near_zero,214,0.33682882962713578,0.044045686696937959
DAX,tightening_2022,lgbm,crps,214,0.008429855201602587,0.00056343564859586846
DAX,tightening_2022,lgbm,log_score,214,-2.7182348453905489,0.089628937836165434
DAX,tightening_2022,lgbm,pinball_0p01,214,0.00054807069892671664,0.00010116587779468244
DAX,tightening_2022,lgbm,pinball_0p025,214,0.0010956042906246188,0.00014387408157795123
DAX,tightening_2022,lgbm,pinball_0p05,214,0.0018204466643294271,0.00018387556886883044
DAX,tightening_2022,lgbm,pinball_avg,214,0.0011547072179602541,0.00014043843470390959
DAX,tightening_2022,lgbm,qlike,214,0.44929578003164178,0.068552403165127618
DAX,tightening_2022,lgbm,fz0_0p01,214,-2.697130798296798,0.3592495932548701
DAX,tightening_2022,lgbm,fz0_0p025,214,-2.9626147946354564,0.24232610215550274
DAX,tightening_2022,lgbm,fz0_0p05,214,-3.1798716234954298,0.17965699067976681
DAX,tightening_2022,lgbm,fz0_avg,214,-2.9465390721425617,0.25701210454105655
DAX,tightening_2022,lgbm,qlike_ex_near_zero,214,0.44929578003164178,0.068552403165127618
DAX,tightening_2022,moirai,crps,214,0.0082498922712104621,0.00055595739908293016
DAX,tightening_2022,moirai,log_score,214,-2.8146234832463688,0.071581849210892834
DAX,tightening_2022,moirai,pinball_0p01,214,0.00045679839220762604,7.1234651891742602e-05
DAX,tightening_2022,moirai,pinball_0p025,214,0.0010022453122622724,0.00012530861561032612
DAX,tightening_2022,moirai,pinball_0p05,214,0.0016971693869612034,0.00017565422598603533
DAX,tightening_2022,moirai,pinball_avg,214,0.0010520710304770338,0.00012198058551591987
DAX,tightening_2022,moirai,qlike,214,0.37065018158265983,0.052834225036722367
DAX,tightening_2022,moirai,fz0_0p01,214,-3.0536731781755129,0.21340001772232506
DAX,tightening_2022,moirai,fz0_0p025,214,-3.1506681291153629,0.18492817203734205
DAX,tightening_2022,moirai,fz0_0p05,214,-3.3065933080474381,0.15510654321976741
DAX,tightening_2022,moirai,fz0_avg,214,-3.1703115384461045,0.18075302345898633
DAX,tightening_2022,moirai,qlike_ex_near_zero,214,0.37065018158265983,0.052834225036722367
DAX,tightening_2022,naive,crps,214,0.0083302026910272563,0.00057144024074106683
DAX,tightening_2022,naive,log_score,214,-2.7614326867424404,0.09175124661617412
DAX,tightening_2022,naive,pinball_0p01,214,0.00042727772608026535,5.6445119644626908e-05
DAX,tightening_2022,naive,pinball_0p025,214,0.00093775879078052799,0.00010471484792565772
DAX,tightening_2022,naive,pinball_0p05,214,0.0016041111056814205,0.00015392879091652225
DAX,tightening_2022,naive,pinball_avg,214,0.00098971587418073795,0.00010209887306062205
DAX,tightening_2022,naive,qlike,214,0.42329447214151922,0.066130414203524779
DAX,tightening_2022,naive,fz0_0p01,214,-3.1337948882423405,0.16029977467782261
DAX,tightening_2022,naive,fz0_0p025,214,-3.2640395095654764,0.13926125207430137
DAX,tightening_2022,naive,fz0_0p05,214,-3.4175353964720441,0.12029777815701308
DAX,tightening_2022,naive,fz0_avg,214,-3.2717899314266212,0.13594968974468871
DAX,tightening_2022,naive,qlike_ex_near_zero,214,0.42329447214151922,0.066130414203524779
DAX,tightening_2022,patchtst,crps,214,0.0086203996333766644,0.00059331025653481715
DAX,tightening_2022,patchtst,log_score,214,-2.452407998391958,0.19076969864762036
DAX,tightening_2022,patchtst,pinball_0p01,214,0.00080309294633428951,0.00019315567866705507
DAX,tightening_2022,patchtst,pinball_0p025,214,0.0013400238521939416,0.00022894863596022532
DAX,tightening_2022,patchtst,pinball_0p05,214,0.0020595624185659935,0.00026684907868807
DAX,tightening_2022,patchtst,pinball_avg,214,0.0014008930723647416,0.00022806257502736526
DAX,tightening_2022,patchtst,qlike,214,0.9391717616573968,0.19930602267500758
DAX,tightening_2022,patchtst,fz0_0p01,214,-1.2982491281298001,1.0166387290586081
DAX,tightening_2022,patchtst,fz0_0p025,214,-2.2803204988654406,0.54808071091386934
DAX,tightening_2022,patchtst,fz0_0p05,214,-2.7560470606998564,0.3592291389928145
DAX,tightening_2022,patchtst,fz0_avg,214,-2.1115388958983656,0.63900423618846758
DAX,tightening_2022,patchtst,qlike_ex_near_zero,214,0.9391717616573968,0.19930602267500758
DAX,tightening_2022,timesfm,crps,214,0.0082347187132086261,0.00055308888970771882
DAX,tightening_2022,timesfm,log_score,214,-2.8311483055605522,0.068480684019272903
DAX,tightening_2022,timesfm,pinball_0p01,214,0.0003885325907169443,3.860226935874092e-05
DAX,tightening_2022,timesfm,pinball_0p025,214,0.00092728498590527941,9.3446529374415966e-05
DAX,tightening_2022,timesfm,pinball_0p05,214,0.0016053730906641099,0.00015092293628773794
DAX,tightening_2022,timesfm,pinball_avg,214,0.00097373022242877767,9.2243112047276477e-05
DAX,tightening_2022,timesfm,qlike,214,0.34197870268556152,0.043166410973804463
DAX,tightening_2022,timesfm,fz0_0p01,214,-3.2463104354413703,0.12307704749982379
DAX,tightening_2022,timesfm,fz0_0p025,214,-3.2698584697960844,0.13378284112465502
DAX,tightening_2022,timesfm,fz0_0p05,214,-3.4014424046518399,0.12708838818079379
DAX,tightening_2022,timesfm,fz0_avg,214,-3.3058704366297644,0.12419723494199374
DAX,tightening_2022,timesfm,qlike_ex_near_zero,214,0.34197870268556152,0.043166410973804463
DAX,spike_2024_08,autoarima,crps,22,0.0055561984549075535,0.0011231676422210795
DAX,spike_2024_08,autoarima,log_score,22,-3.091413961037131,0.30361720978983525
DAX,spike_2024_08,autoarima,pinball_0p01,22,0.00075181000901739892,0.00022937343633920882
DAX,spike_2024_08,autoarima,pinball_0p025,22,0.0012743709053644468,0.00032778644519803035
DAX,spike_2024_08,autoarima,pinball_0p05,22,0.0019025127565120892,0.00055110018704728164
DAX,spike_2024_08,autoarima,pinball_avg,22,0.001309564556964645,0.00034377178487453476
DAX,spike_2024_08,autoarima,qlike,22,0.4923977773304537,0.22163616444017389
DAX,spike_2024_08,autoarima,fz0_0p01,22,-1.1814094551418115,1.2956940351114485
DAX,spike_2024_08,autoarima,fz0_0p025,22,-2.200261687473144,0.89609223551536121
DAX,spike_2024_08,autoarima,fz0_0p05,22,-2.7991017570146308,0.90082123688203097
DAX,spike_2024_08,autoarima,fz0_avg,22,-2.0602576332098619,0.97428875998470699
DAX,spike_2024_08,autoarima,qlike_ex_near_zero,22,0.4923977773304537,0.22163616444017389
DAX,spike_2024_08,autoets,crps,22,0.0055684254563558473,0.0010673441556781852
DAX,spike_2024_08,autoets,log_score,22,-3.1269403395007371,0.2476263945697468
DAX,spike_2024_08,autoets,pinball_0p01,22,0.00064474666704449448,0.00015856506387959858
DAX,spike_2024_08,autoets,pinball_0p025,22,0.0011961413026686631,0.00026025947315845734
DAX,spike_2024_08,autoets,pinball_0p05,22,0.0018667670529497549,0.0004872625274781513
DAX,spike_2024_08,autoets,pinball_avg,22,0.0012358850075543037,0.00027718924165448603
DAX,spike_2024_08,autoets,qlike,22,0.53615993899101466,0.19027494987393634
DAX,spike_2024_08,autoets,fz0_0p01,22,-1.891906979065155,0.81227210338550038
DAX,spike_2024_08,autoets,fz0_0p025,22,-2.4999852213347897,0.65798258942300192
DAX,spike_2024_08,autoets,fz0_0p05,22,-2.9341566129329562,0.78270682015734083
DAX,spike_2024_08,autoets,fz0_avg,22,-2.4420162711109668,0.69278796823701427
DAX,spike_2024_08,autoets,qlike_ex_near_zero,22,0.53615993899101466,0.19027494987393634
DAX,spike_2024_08,chronos,crps,22,0.0055933270656631159,0.0011187266301970139
DAX,spike_2024_08,chronos,log_score,22,-3.0869037837100852,0.25043786389437189
DAX,spike_2024_08,chronos,pinball_0p01,22,0.00074188539806262297,0.0001684312215333688
DAX,spike_2024_08,chronos,pinball_0p025,22,0.0012216577753501226,0.00023965245243089917
DAX,spike_2024_08,chronos,pinball_0p05,22,0.0018300294868066607,0.00033070648634296742
DAX,spike_2024_08,chronos,pinball_avg,22,0.0012645242200731352,0.00024304522495667563
DAX,spike_2024_08,chronos,qlike,22,0.43493950508678769,0.15081370385235662
DAX,spike_2024_08,chronos,fz0_0p01,22,-1.2766966575349945,0.88229056116096694
DAX,spike_2024_08,chronos,fz0_0p025,22,-2.33263750809739,0.59441129530731784
DAX,spike_2024_08,chronos,fz0_0p05,22,-2.9095260583024922,0.51093978951426122
DAX,spike_2024_08,chronos,fz0_avg,22,-2.1729534079782926,0.65342952439392443
DAX,spike_2024_08,chronos,qlike_ex_near_zero,22,0.43493950508678769,0.15081370385235662
DAX,spike_2024_08,ewma,crps,22,0.0056217384493784835,0.00096798488772166166
DAX,spike_2024_08,ewma,log_score,22,-3.0894736900120008,0.12697961065472835
DAX,spike_2024_08,ewma,pinball_0p01,22,0.00059964257132323997,3.6989250589309748e-05
DAX,spike_2024_08,ewma,pinball_0p025,22,0.001143122850909795,0.00011996035515962576
DAX,spike_2024_08,ewma,pinball_0p05,22,0.0017710881634066878,0.0001952094477219057
DAX,spike_2024_08,ewma,pinball_avg,22,0.0011712845285465744,0.00011343704505814064
DAX,spike_2024_08,ewma,qlike,22,0.58201002123615353,0.11388240197364127
DAX,spike_2024_08,ewma,fz0_0p01,22,-2.053974007878038,0.11623133435731509
DAX,spike_2024_08,ewma,fz0_0p025,22,-2.5905340274810587,0.2272725078089268
DAX,spike_2024_08,ewma,fz0_0p05,22,-3.0306829441121752,0.23131433119805941
DAX,spike_2024_08,ewma,fz0_avg,22,-2.5583969931570905,0.17589919434341653
DAX,spike_2024_08,ewma,qlike_ex_near_zero,22,0.58201002123615353,0.11388240197364127
DAX,spike_2024_08,garch11,crps,22,0.0056092103619288505,0.0011970356768390138
DAX,spike_2024_08,garch11,log_score,22,-2.9410532782404148,0.35115382245588173
DAX,spike_2024_08,garch11,pinball_0p01,22,0.0009935172277572746,0.00047433384053137498
DAX,spike_2024_08,garch11,pinball_0p025,22,0.0015225876915508465,0.0007123527584920286
DAX,spike_2024_08,garch11,pinball_0p05,22,0.0020657333924636694,0.00087082259714621056
DAX,spike_2024_08,garch11,pinball_avg,22,0.0015272794372572637,0.00069338181707845846
DAX,spike_2024_08,garch11,qlike,22,0.79276101023252532,0.47840446471600351
DAX,spike_2024_08,garch11,fz0_0p01,22,0.44850190411680674,2.8139559950830377
DAX,spike_2024_08,garch11,fz0_0p025,22,-1.3513553024981539,1.9394139034546627
DAX,spike_2024_08,garch11,fz0_0p05,22,-2.3754796234733351,1.4076864160736242
DAX,spike_2024_08,garch11,fz0_avg,22,-1.09277767395156,2.1010567980270185
DAX,spike_2024_08,garch11,qlike_ex_near_zero,22,0.79276101023252532,0.47840446471600351
DAX,spike_2024_08,garch11_t,crps,22,0.0055914087891099562,0.0011997975169657426
DAX,spike_2024_08,garch11_t,log_score,22,-3.0913081417968686,0.31359231127948173
DAX,spike_2024_08,garch11_t,pinball_0p01,22,0.00076971908045345811,0.00023450438900238192
DAX,spike_2024_08,garch11_t,pinball_0p025,22,0.001432443161416183,0.00062837126350164375
DAX,spike_2024_08,garch11_t,pinball_0p05,22,0.0020373155086911942,0.00084377004325406947
DAX,spike_2024_08,garch11_t,pinball_avg,22,0.0014131592501869449,0.00058616181383731186
DAX,spike_2024_08,garch11_t,qlike,22,0.7384869950870353,0.42075819799461878
DAX,spike_2024_08,garch11_t,fz0_0p01,22,-1.2929499713362416,1.2237853447413791
DAX,spike_2024_08,garch11_t,fz0_0p025,22,-1.8693071333050784,1.5530506108985644
DAX,spike_2024_08,garch11_t,fz0_0p05,22,-2.5677890522676345,1.2564559551626697
DAX,spike_2024_08,garch11_t,fz0_avg,22,-1.9100153856363178,1.4438484888141176
DAX,spike_2024_08,garch11_t,qlike_ex_near_zero,22,0.7384869950870353,0.42075819799461878
DAX,spike_2024_08,gjr,crps,22,0.0055921970215179325,0.0010549207388515936
DAX,spike_2024_08,gjr,log_score,22,-3.073073911969725,0.18774327348118269
DAX,spike_2024_08,gjr,pinball_0p01,22,0.00070595914814803771,0.00011888314515816012
DAX,spike_2024_08,gjr,pinball_0p025,22,0.0012426254213447061,0.00021870575470186649
DAX,spike_2024_08,gjr,pinball_0p05,22,0.001903586819486572,0.00043647824913774376
DAX,spike_2024_08,gjr,pinball_avg,22,0.0012840571296597718,0.00023093186902977051
DAX,spike_2024_08,gjr,qlike,22,0.59541722552843446,0.19225281782717749
DAX,spike_2024_08,gjr,fz0_0p01,22,-1.4692310594286808,0.57158670505362075
DAX,spike_2024_08,gjr,fz0_0p025,22,-2.305732393120711,0.51536333435176562
DAX,spike_2024_08,gjr,fz0_0p05,22,-2.8171897077904515,0.58577556996152913
DAX,spike_2024_08,gjr,fz0_avg,22,-2.1973843867799476,0.51680716427001394
DAX,spike_2024_08,gjr,qlike_ex_near_zero,22,0.59541722552843446,0.19225281782717749
DAX,spike_2024_08,har,crps,22,0.0056158900919130858,0.0011263786203692216
DAX,spike_2024_08,har,log_score,22,-3.0691126822131825,0.34671583151209739
DAX,spike_2024_08,har,pinball_0p01,22,0.00073651333165064049,0.00028606040459356978
DAX,spike_2024_08,har,pinball_0p025,22,0.0012782447678726108,0.00037174231374645291
DAX,spike_2024_08,har,pinball_0p05,22,0.0019285403101905704,0.0005729931269108431
DAX,spike_2024_08,har,pinball_avg,22,0.0013144328032379403,0.00038791406865448298
DAX,spike_2024_08,har,qlike,22,0.54382569549949811,0.21993359758720163
DAX,spike_2024_08,har,fz0_0p01,22,-1.2730627840652919,1.6947692131704366
DAX,spike_2024_08,har,fz0_0p025,22,-2.2102583080964662,1.0745624771095319
DAX,spike_2024_08,har,fz0_0p05,22,-2.7802304992777072,0.9831763848523638
DAX,spike_2024_08,har,fz0_avg,22,-2.0878505304798218,1.2045802235383678
DAX,spike_2024_08,har,qlike_ex_near_zero,22,0.54382569549949811,0.21993359758720163
DAX,spike_2024_08,lgbm,crps,22,0.0056577283539795235,0.0011865064271241938
DAX,spike_2024_08,lgbm,log_score,22,-2.804224891377153,0.50719353326886174
DAX,spike_2024_08,lgbm,pinball_0p01,22,0.0011086113381361567,0.00040270931596233405
DAX,spike_2024_08,lgbm,pinball_0p025,22,0.0016371775530829517,0.00061933735992029059
DAX,spike_2024_08,lgbm,pinball_0p05,22,0.0021865487179826082,0.00087302904422170084
DAX,spike_2024_08,lgbm,pinball_avg,22,0.0016441125364005723,0.00058884896841114955
DAX,spike_2024_08,lgbm,qlike,22,0.6558037651839036,0.42969655271307849
DAX,spike_2024_08,lgbm,fz0_0p01,22,1.8938742110840749,3.0268365464232136
DAX,spike_2024_08,lgbm,fz0_0p025,22,-0.6588590231479764,1.9970659367329857
DAX,spike_2024_08,lgbm,fz0_0p05,22,-1.9564675180981188,1.577962636074395
DAX,spike_2024_08,lgbm,fz0_avg,22,-0.24048411005400627,2.0997149576374494
DAX,spike_2024_08,lgbm,qlike_ex_near_zero,22,0.6558037651839036,0.42969655271307849
DAX,spike_2024_08,moirai,crps,22,0.0055776937175069079,0.0011535278659598968
DAX,spike_2024_08,moirai,log_score,22,-3.0834663839428931,0.29293273382240215
DAX,spike_2024_08,moirai,pinball_0p01,22,0.00076525763045103413,0.00021023002025429246
DAX,spike_2024_08,moirai,pinball_0p025,22,0.0012509414247555777,0.00028320419671068432
DAX,spike_2024_08,moirai,pinball_0p05,22,0.0018820410413511359,0.00044035724394738231
DAX,spike_2024_08,moirai,pinball_avg,22,0.0012994133655192491,0.00029827797720259635
DAX,spike_2024_08,moirai,qlike,22,0.45042561745150794,0.20040202272671256
DAX,spike_2024_08,moirai,fz0_0p01,22,-1.1019295423408644,1.1643307538610059
DAX,spike_2024_08,moirai,fz0_0p025,22,-2.2381636889568357,0.75251146249771372
DAX,spike_2024_08,moirai,fz0_0p05,22,-2.8252098025035641,0.72384223569508821
DAX,spike_2024_08,moirai,fz0_avg,22,-2.0551010112670878,0.84998664442248573
DAX,spike_2024_08,moirai,qlike_ex_near_zero,22,0.45042561745150794,0.20040202272671256
DAX,spike_2024_08,naive,crps,22,0.0055417172955533533,0.0010642671740325276
DAX,spike_2024_08,naive,log_score,22,-3.1567552106755219,0.20706640607268184
DAX,spike_2024_08,naive,pinball_0p01,22,0.00048189137306100025,9.2655618340410788e-05
DAX,spike_2024_08,naive,pinball_0p025,22,0.0010600179982369227,0.00020922338225392505
DAX,spike_2024_08,naive,pinball_0p05,22,0.0017534283046852716,0.00047775432290726266
DAX,spike_2024_08,naive,pinball_avg,22,0.001098445891994398,0.00023248407110796902
DAX,spike_2024_08,naive,qlike,22,0.60656530709262968,0.18878131423334274
DAX,spike_2024_08,naive,fz0_0p01,22,-2.7406538962119864,0.45204402827946932
DAX,spike_2024_08,naive,fz0_0p025,22,-2.8721370136694322,0.52362649409369844
DAX,spike_2024_08,naive,fz0_0p05,22,-3.1338988867067856,0.69737836641994888
DAX,spike_2024_08,naive,fz0_avg,22,-2.9155632655294013,0.52000597057675069
DAX,spike_2024_08,naive,qlike_ex_near_zero,22,0.60656530709262968,0.18878131423334274
DAX,spike_2024_08,patchtst,crps,22,0.0055277259312531838,0.0010158779212872311
DAX,spike_2024_08,patchtst,log_score,22,-3.2102051012709789,0.18837099408320046
DAX,spike_2024_08,patchtst,pinball_0p01,22,0.00026634161030644825,2.0900795417933792e-05
DAX,spike_2024_08,patchtst,pinball_0p025,22,0.00084527250858197796,0.00012576306733246486
DAX,spike_2024_08,patchtst,pinball_0p05,22,0.0015558684018708571,0.00026663389503046728
DAX,spike_2024_08,patchtst,pinball_avg,22,0.00088916084025309438,0.00013168712328886939
DAX,spike_2024_08,patchtst,qlike,22,0.56226862199376326,0.15020185039051778
DAX,spike_2024_08,patchtst,fz0_0p01,22,-3.7012015577024742,0.16867304583616347
DAX,spike_2024_08,patchtst,fz0_0p025,22,-3.3869199213923409,0.28501757269289418
DAX,spike_2024_08,patchtst,fz0_0p05,22,-3.4574958217072198,0.46009244726698484
DAX,spike_2024_08,patchtst,fz0_avg,22,-3.5152057669340122,0.27803056146925392
DAX,spike_2024_08,patchtst,qlike_ex_near_zero,22,0.56226862199376326,0.15020185039051778
DAX,spike_2024_08,timesfm,crps,22,0.0055871344748403481,0.0011414990779856202
DAX,spike_2024_08,timesfm,log_score,22,-3.0912987879925953,0.27868974428287796
DAX,spike_2024_08,timesfm,pinball_0p01,22,0.00072504906450304902,0.00018939617936097983
DAX,spike_2024_08,timesfm,pinball_0p025,22,0.0012628666437188775,0.00029098677648506746
DAX,spike_2024_08,timesfm,pinball_0p05,22,0.0019029131781334941,0.00050245137056467487
DAX,spike_2024_08,timesfm,pinball_avg,22,0.0012969429621184736,0.00030382243380458674
DAX,spike_2024_08,timesfm,qlike,22,0.50237346866246113,0.21622808040324476
DAX,spike_2024_08,timesfm,fz0_0p01,22,-1.37780714146356,1.0177054168840163
DAX,spike_2024_08,timesfm,fz0_0p025,22,-2.2671846458729781,0.76886198702569442
DAX,spike_2024_08,timesfm,fz0_0p05,22,-2.8254288788312496,0.82482366348009051
DAX,spike_2024_08,timesfm,fz0_avg,22,-2.1568068887225964,0.81058062548679299
DAX,spike_2024_08,timesfm,qlike_ex_near_zero,22,0.50237346866246113,0.21622808040324476
DAX,calm,autoarima,crps,4551,0.0060713249558539805,0.00010300749433427454
DAX,calm,autoarima,log_score,4551,-3.1314892933888254,0.0182459128616526
DAX,calm,autoarima,pinball_0p01,4551,0.00040333036674119875,2.0956035823770722e-05
DAX,calm,autoarima,pinball_0p025,4551,0.00079820313172561917,2.7702234942265671e-05
DAX,calm,autoarima,pinball_0p05,4551,0.0013193303081083325,3.4770328231706599e-05
DAX,calm,autoarima,pinball_avg,4551,0.00084028793552505001,2.7267494225688073e-05
DAX,calm,autoarima,qlike,4551,0.40600799423466538,0.019671730965268176
DAX,calm,autoarima,fz0_0p01,4551,-3.1213812944883013,0.086854469809255999
DAX,calm,autoarima,fz0_0p025,4551,-3.4311395706389334,0.052304685220810977
DAX,calm,autoarima,fz0_0p05,4551,-3.6566336468885403,0.037634557666947656
DAX,calm,autoarima,fz0_avg,4551,-3.4030515040052585,0.058019795913559831
DAX,calm,autoarima,qlike_ex_near_zero,4551,0.40600799423466538,0.019671730965268176
DAX,calm,autoets,crps,4551,0.0060693959674595959,0.00010292498325280676
DAX,calm,autoets,log_score,4551,-3.1345208081986518,0.018062651078961982
DAX,calm,autoets,pinball_0p01,4551,0.00039818682021028877,2.062408066186113e-05
DAX,calm,autoets,pinball_0p025,4551,0.00079060027370381376,2.7053419865720604e-05
DAX,calm,autoets,pinball_0p05,4551,0.0013107248520749779,3.4094878843120229e-05
DAX,calm,autoets,pinball_avg,4551,0.00083317064866302688,2.6689436026842631e-05
DAX,calm,autoets,qlike,4551,0.40277213483443447,0.018869385152842262
DAX,calm,autoets,fz0_0p01,4551,-3.1391296026025559,0.086019719621734728
DAX,calm,autoets,fz0_0p025,4551,-3.4446055857369546,0.051476571956966699
DAX,calm,autoets,fz0_0p05,4551,-3.6671712123033169,0.037053798164474704
DAX,calm,autoets,fz0_avg,4551,-3.416968800214276,0.05726482208955011
DAX,calm,autoets,qlike_ex_near_zero,4551,0.40277213483443447,0.018869385152842262
DAX,calm,chronos,crps,4551,0.006078504640571818,0.00010301972212361546
DAX,calm,chronos,log_score,4551,-3.1323299388160186,0.017540077225155618
DAX,calm,chronos,pinball_0p01,4551,0.00039491242802082682,2.064004417232147e-05
DAX,calm,chronos,pinball_0p025,4551,0.00078985041900458009,2.7513710756420037e-05
DAX,calm,chronos,pinball_0p05,4551,0.0013155452039570119,3.4828866089073614e-05
DAX,calm,chronos,pinball_avg,4551,0.0008334360169941395,2.7074381560560934e-05
DAX,calm,chronos,qlike,4551,0.40630260432929532,0.02066829097825696
DAX,calm,chronos,fz0_0p01,4551,-3.1831614224820952,0.078308678142438012
DAX,calm,chronos,fz0_0p025,4551,-3.4624689320423263,0.048488574766601865
DAX,calm,chronos,fz0_0p05,4551,-3.6685703591455825,0.035579254799412478
DAX,calm,chronos,fz0_avg,4551,-3.4380669045566683,0.053159825571517695
DAX,calm,chronos,qlike_ex_near_zero,4551,0.40630260432929532,0.02066829097825696
DAX,calm,ewma,crps,4551,0.0061148903060507676,0.00010415911844970216
DAX,calm,ewma,log_score,4551,-3.111720938599055,0.018863199014390281
DAX,calm,ewma,pinball_0p01,4551,0.00040011749607717686,2.1156898380116984e-05
DAX,calm,ewma,pinball_0p025,4551,0.00080078190666496964,2.7152931770312454e-05
DAX,calm,ewma,pinball_0p05,4551,0.0013330611200699099,3.4162221476619951e-05
DAX,calm,ewma,pinball_avg,4551,0.00084465350760401872,2.6887350474647644e-05
DAX,calm,ewma,qlike,4551,0.42795899189133985,0.020528312947780666
DAX,calm,ewma,fz0_0p01,4551,-3.1432343396508449,0.091099304722492322
DAX,calm,ewma,fz0_0p025,4551,-3.4330026853076254,0.052165260287072503
DAX,calm,ewma,fz0_0p05,4551,-3.6476658517407539,0.036801952374409613
DAX,calm,ewma,fz0_avg,4551,-3.4079676255664078,0.059007765508719431
DAX,calm,ewma,qlike_ex_near_zero,4551,0.42795899189133985,0.020528312947780666
DAX,calm,garch11,crps,4551,0.0061276521765086731,0.0001040851295672366
DAX,calm,garch11,log_score,4551,-3.1110003781894466,0.017688074140332681
DAX,calm,garch11,pinball_0p01,4551,0.00039643521544906326,2.0738089143073443e-05
DAX,calm,garch11,pinball_0p025,4551,0.00079420426316965324,2.6813843244406649e-05
DAX,calm,garch11,pinball_0p05,4551,0.0013328019124522665,3.4055459646004714e-05
DAX,calm,garch11,pinball_avg,4551,0.00084114713035699418,2.6618636274405737e-05
DAX,calm,garch11,qlike,4551,0.43473257547943706,0.019626119862600162
DAX,calm,garch11,fz0_0p01,4551,-3.1853977522267498,0.079806031491885213
DAX,calm,garch11,fz0_0p025,4551,-3.4572825581937239,0.047525034385041159
DAX,calm,garch11,fz0_0p05,4551,-3.6538935594905273,0.034473036458645162
DAX,calm,garch11,fz0_avg,4551,-3.4321912899703335,0.0529787564869518
DAX,calm,garch11,qlike_ex_near_zero,4551,0.43473257547943706,0.019626119862600162
DAX,calm,garch11_t,crps,4551,0.0061063402181367656,0.00010470573534395776
DAX,calm,garch11_t,log_score,4551,-3.1351222820605047,0.016694541815020583
DAX,calm,garch11_t,pinball_0p01,4551,0.00038496473710785285,1.8413909248903191e-05
DAX,calm,garch11_t,pinball_0p025,4551,0.00079111692630321091,2.5981393681696655e-05
DAX,calm,garch11_t,pinball_0p05,4551,0.0013347073899177657,3.4849394488350187e-05
DAX,calm,garch11_t,pinball_avg,4551,0.00083692968444294301,2.5580122268491338e-05
DAX,calm,garch11_t,qlike,4551,0.43662981418568653,0.019650499440854959
DAX,calm,garch11_t,fz0_0p01,4551,-3.2700882543306458,0.060448161665030309
DAX,calm,garch11_t,fz0_0p025,4551,-3.4802876554625697,0.041719144530155218
DAX,calm,garch11_t,fz0_0p05,4551,-3.6593737608290038,0.033456742496255784
DAX,calm,garch11_t,fz0_avg,4551,-3.4699165568740731,0.043858983659729241
DAX,calm,garch11_t,qlike_ex_near_zero,4551,0.43662981418568653,0.019650499440854959
DAX,calm,gjr,crps,4551,0.0060859610110938472,0.00010263350651270852
DAX,calm,gjr,log_score,4551,-3.126903940296399,0.017418462152872325
DAX,calm,gjr,pinball_0p01,4551,0.00038879629853778548,2.0760805760835374e-05
DAX,calm,gjr,pinball_0p025,4551,0.00077943030149543648,2.662918263258658e-05
DAX,calm,gjr,pinball_0p05,4551,0.0013073845024020631,3.3572090825958323e-05
DAX,calm,gjr,pinball_avg,4551,0.00082520370081176164,2.636862204788092e-05
DAX,calm,gjr,qlike,4551,0.39179893791133746,0.01901188868727631
DAX,calm,gjr,fz0_0p01,4551,-3.205555097612133,0.078896664005029843
DAX,calm,gjr,fz0_0p025,4551,-3.4778775935578206,0.047036965234858986
DAX,calm,gjr,fz0_0p05,4551,-3.6786173369186055,0.034025269468971282
DAX,calm,gjr,fz0_avg,4551,-3.4540166760295192,0.052374084927447342
DAX,calm,gjr,qlike_ex_near_zero,4551,0.39179893791133746,0.01901188868727631
DAX,calm,har,crps,4551,0.006071085610836361,0.00010266068679961421
DAX,calm,har,log_score,4551,-3.1369053833713538,0.017558572581854618
DAX,calm,har,pinball_0p01,4551,0.00039240653151394081,2.0247079477580212e-05
DAX,calm,har,pinball_0p025,4551,0.0007890115538899472,2.7237284916998001e-05
DAX,calm,har,pinball_0p05,4551,0.0013093755244410153,3.4486427696766839e-05
DAX,calm,har,pinball_avg,4551,0.00083026453661496778,2.6763505729108267e-05
DAX,calm,har,qlike,4551,0.39459263055087207,0.018675678795455487
DAX,calm,har,fz0_0p01,4551,-3.1893855140518621,0.07954257852285565
DAX,calm,har,fz0_0p025,4551,-3.4652824466812584,0.048802959707627533
DAX,calm,har,fz0_0p05,4551,-3.6770858857329567,0.035624785496625955
DAX,calm,har,fz0_avg,4551,-3.4439179488220253,0.053709397421263537
DAX,calm,har,qlike_ex_near_zero,4551,0.39459263055087207,0.018675678795455487
DAX,calm,lgbm,crps,4551,0.0062066695214955565,0.00010618668314401834
DAX,calm,lgbm,log_score,4551,-3.0847136965985391,0.018742424685656383
DAX,calm,lgbm,pinball_0p01,4551,0.00042072223934723301,2.2393422484602845e-05
DAX,calm,lgbm,pinball_0p025,4551,0.00083361329366643403,2.8344245965510859e-05
DAX,calm,lgbm,pinball_0p05,4551,0.0013780687864273053,3.4789261635027718e-05
DAX,calm,lgbm,pinball_avg,4551,0.00087746810648032419,2.8047013467723865e-05
DAX,calm,lgbm,qlike,4551,0.54656739499492102,0.036804643134242004
DAX,calm,lgbm,fz0_0p01,4551,-3.1235700133567175,0.083829847755211989
DAX,calm,lgbm,fz0_0p025,4551,-3.4088655298894444,0.049673460697812546
DAX,calm,lgbm,fz0_0p05,4551,-3.623217317316481,0.035455026867245928
DAX,calm,lgbm,fz0_avg,4551,-3.3852176201875475,0.055518528950570356
DAX,calm,lgbm,qlike_ex_near_zero,4551,0.54656739499492102,0.036804643134242004
DAX,calm,moirai,crps,4551,0.0060638231165092643,0.00010344021258108874
DAX,calm,moirai,log_score,4551,-3.1385365152398097,0.018135192106441114
DAX,calm,moirai,pinball_0p01,4551,0.00039175537561842512,2.0904933830809672e-05
DAX,calm,moirai,pinball_0p025,4551,0.00078209279154892414,2.7668054933113573e-05
DAX,calm,moirai,pinball_0p05,4551,0.001301720055362028,3.4926373639554088e-05
DAX,calm,moirai,pinball_avg,4551,0.00082518940750979245,2.7275479926245872e-05
DAX,calm,moirai,qlike,4551,0.39569707939910276,0.020360875448025062
DAX,calm,moirai,fz0_0p01,4551,-3.204350256672154,0.080137720974298443
DAX,calm,moirai,fz0_0p025,4551,-3.4803508100393397,0.04915621810396463
DAX,calm,moirai,fz0_0p05,4551,-3.6869040877332613,0.03602122022860723
DAX,calm,moirai,fz0_avg,4551,-3.4572017181482511,0.054114190899828184
DAX,calm,moirai,qlike_ex_near_zero,4551,0.39569707939910276,0.020360875448025062
DAX,calm,naive,crps,4551,0.0063415220182181931,0.00010481639602973568
DAX,calm,naive,log_score,4551,-3.0111369384886086,0.022194408995349919
DAX,calm,naive,pinball_0p01,4551,0.00045583500480475764,2.7131192955446812e-05
DAX,calm,naive,pinball_0p025,4551,0.00088154501833010487,3.3479717886997179e-05
DAX,calm,naive,pinball_0p05,4551,0.0014449795014238858,4.0166919392184889e-05
DAX,calm,naive,pinball_avg,4551,0.00092745317485291607,3.3342136189678269e-05
DAX,calm,naive,qlike,4551,0.70624722160374354,0.055695386310132329
DAX,calm,naive,fz0_0p01,4551,-2.9952480562756318,0.10737393806686829
DAX,calm,naive,fz0_0p025,4551,-3.3204319573793204,0.059706340485614857
DAX,calm,naive,fz0_0p05,4551,-3.5440151160565128,0.040680515559060208
DAX,calm,naive,fz0_avg,4551,-3.2865650432371543,0.068738082796744773
DAX,calm,naive,qlike_ex_near_zero,4551,0.70624722160374354,0.055695386310132329
DAX,calm,patchtst,crps,4551,0.0062099444402518491,0.00010639159445251578
DAX,calm,patchtst,log_score,4551,-3.0124015222683069,0.029433528523386751
DAX,calm,patchtst,pinball_0p01,4551,0.00047763035691068801,2.8937505385720721e-05
DAX,calm,patchtst,pinball_0p025,4551,0.00088425003048958725,3.5109893338200071e-05
DAX,calm,patchtst,pinball_0p05,4551,0.0014156122985651404,4.1477027219888212e-05
DAX,calm,patchtst,pinball_avg,4551,0.00092583089532180529,3.473244438520867e-05
DAX,calm,patchtst,qlike,4551,0.64676153677999537,0.051641235357663809
DAX,calm,patchtst,fz0_0p01,4551,-2.6960204541318271,0.14093277727826189
DAX,calm,patchtst,fz0_0p025,4551,-3.1929230888675626,0.077458950075970479
DAX,calm,patchtst,fz0_0p05,4551,-3.4975301825013934,0.052123087424571668
DAX,calm,patchtst,fz0_avg,4551,-3.1288245751669277,0.089325748064584126
DAX,calm,patchtst,qlike_ex_near_zero,4551,0.64676153677999537,0.051641235357663809
DAX,calm,timesfm,crps,4551,0.0060871895160327632,0.00010244278787117067
DAX,calm,timesfm,log_score,4551,-3.1313829020373789,0.017316074407366086
DAX,calm,timesfm,pinball_0p01,4551,0.00039192459708589666,2.0783403393976741e-05
DAX,calm,timesfm,pinball_0p025,4551,0.00079011084640148613,2.7523007749487969e-05
DAX,calm,timesfm,pinball_0p05,4551,0.0013179738192208035,3.4740455829062507e-05
DAX,calm,timesfm,pinball_avg,4551,0.00083333642090272885,2.7120129751937345e-05
DAX,calm,timesfm,qlike,4551,0.40883604163237736,0.02105721455788423
DAX,calm,timesfm,fz0_0p01,4551,-3.2087326956229698,0.077679157451545744
DAX,calm,timesfm,fz0_0p025,4551,-3.4675009302713944,0.047740342984124211
DAX,calm,timesfm,fz0_0p05,4551,-3.6698657448803313,0.03507141957012927
DAX,calm,timesfm,fz0_avg,4551,-3.4486997902582321,0.052520642378487949
DAX,calm,timesfm,qlike_ex_near_zero,4551,0.40883604163237736,0.02105721455788423
DAX,gfc_wide,autoarima,crps,506,0.010130561794650664,0.00056411561531492153
DAX,gfc_wide,autoarima,log_score,506,-2.6627072899788464,0.06500552240077169
DAX,gfc_wide,autoarima,pinball_0p01,506,0.00065132477473338541,0.00011211379679845383
DAX,gfc_wide,autoarima,pinball_0p025,506,0.0013065483525012572,0.00014232697442268991
DAX,gfc_wide,autoarima,pinball_0p05,506,0.0021770764163381346,0.00017861810947211628
DAX,gfc_wide,autoarima,pinball_avg,506,0.001378316514524259,0.00014057689745996765
DAX,gfc_wide,autoarima,qlike,506,0.34810624127672457,0.047763175234590761
DAX,gfc_wide,autoarima,fz0_0p01,506,-2.6455310184488567,0.33234341953697999
DAX,gfc_wide,autoarima,fz0_0p025,506,-2.9219044098797538,0.18345347456600009
DAX,gfc_wide,autoarima,fz0_0p05,506,-3.1327503029361425,0.1261630816340536
DAX,gfc_wide,autoarima,fz0_avg,506,-2.9000619104215848,0.2098123776474044
DAX,gfc_wide,autoarima,qlike_ex_near_zero,506,0.34810624127672457,0.047763175234590761
DAX,gfc_wide,autoets,crps,506,0.010102870080230619,0.00055743275309438737
DAX,gfc_wide,autoets,log_score,506,-2.6753300100468236,0.063988527002350193
DAX,gfc_wide,autoets,pinball_0p01,506,0.00062514787502387925,0.00010784260897506444
DAX,gfc_wide,autoets,pinball_0p025,506,0.0012648097693081083,0.00013636946884597667
DAX,gfc_wide,autoets,pinball_0p05,506,0.002119868239319477,0.00017134796377421308
DAX,gfc_wide,autoets,pinball_avg,506,0.0013366086278838215,0.00013477856694432412
DAX,gfc_wide,autoets,qlike,506,0.32659385131174989,0.038070891833042721
DAX,gfc_wide,autoets,fz0_0p01,506,-2.7012860744625966,0.33028879441231906
DAX,gfc_wide,autoets,fz0_0p025,506,-2.9784825018645593,0.17962101615003723
DAX,gfc_wide,autoets,fz0_0p05,506,-3.1767122493852238,0.1221746911293685
DAX,gfc_wide,autoets,fz0_avg,506,-2.9521602752374605,0.20686613712437762
DAX,gfc_wide,autoets,qlike_ex_near_zero,506,0.32659385131174989,0.038070891833042721
DAX,gfc_wide,chronos,crps,506,0.010151718824589881,0.00056748862931384908
DAX,gfc_wide,chronos,log_score,506,-2.6576125268171218,0.065181085874239986
DAX,gfc_wide,chronos,pinball_0p01,506,0.00068727604235518567,0.00012107267538432172
DAX,gfc_wide,chronos,pinball_0p025,506,0.0013510542258601617,0.00015299192687610725
DAX,gfc_wide,chronos,pinball_0p05,506,0.0022224538996900006,0.00018886650477516084
DAX,gfc_wide,chronos,pinball_avg,506,0.0014202613893017826,0.00015080173008350016
DAX,gfc_wide,chronos,qlike,506,0.34588540222575526,0.038537673951211035
DAX,gfc_wide,chronos,fz0_0p01,506,-2.5676229485460551,0.33578185447810788
DAX,gfc_wide,chronos,fz0_0p025,506,-2.8690931767033918,0.18950281976166808
DAX,gfc_wide,chronos,fz0_0p05,506,-3.0945771611447626,0.13207170367979326
DAX,gfc_wide,chronos,fz0_avg,506,-2.8437644287980697,0.21489897103219774
DAX,gfc_wide,chronos,qlike_ex_near_zero,506,0.34588540222575526,0.038537673951211035
DAX,gfc_wide,ewma,crps,506,0.010247626388654028,0.00057063855672619265
DAX,gfc_wide,ewma,log_score,506,-2.6261901788786894,0.071376981086609864
DAX,gfc_wide,ewma,pinball_0p01,506,0.00061046504885932721,0.00011276913297084876
DAX,gfc_wide,ewma,pinball_0p025,506,0.0012578753081544456,0.00013672195030932051
DAX,gfc_wide,ewma,pinball_0p05,506,0.0021259148315863714,0.00016794559335793187
DAX,gfc_wide,ewma,pinball_avg,506,0.001331418396200048,0.00013527155922339495
DAX,gfc_wide,ewma,qlike,506,0.35570591456317852,0.025208058131455525
DAX,gfc_wide,ewma,fz0_0p01,506,-2.708958929557475,0.37755165326836476
DAX,gfc_wide,ewma,fz0_0p025,506,-2.9607858149451558,0.19523684663447902
DAX,gfc_wide,ewma,fz0_0p05,506,-3.1455199202350159,0.12798915042883366
DAX,gfc_wide,ewma,fz0_avg,506,-2.9384215549125492,0.23015169227725293
DAX,gfc_wide,ewma,qlike_ex_near_zero,506,0.35570591456317852,0.025208058131455525
DAX,gfc_wide,garch11,crps,506,0.010245493481913262,0.00057116647477470763
DAX,gfc_wide,garch11,log_score,506,-2.6322223298075067,0.069890179093833299
DAX,gfc_wide,garch11,pinball_0p01,506,0.00062539887128162139,0.00011404060648327106
DAX,gfc_wide,garch11,pinball_0p025,506,0.0012505129441627283,0.00013705253429167232
DAX,gfc_wide,garch11,pinball_0p05,506,0.0021154089452109456,0.00016862734167159818
DAX,gfc_wide,garch11,pinball_avg,506,0.0013304402535517651,0.00013633342379329908
DAX,gfc_wide,garch11,qlike,506,0.30816799682744322,0.020426307956182495
DAX,gfc_wide,garch11,fz0_0p01,506,-2.6632247776128075,0.36978072327461148
DAX,gfc_wide,garch11,fz0_0p025,506,-2.9549514764451534,0.19491294643114274
DAX,gfc_wide,garch11,fz0_0p05,506,-3.1497811685446626,0.12942270231708602
DAX,gfc_wide,garch11,fz0_avg,506,-2.9226524742008753,0.22803878928622506
DAX,gfc_wide,garch11,qlike_ex_near_zero,506,0.30816799682744322,0.020426307956182495
DAX,gfc_wide,garch11_t,crps,506,0.010225121117322459,0.00057542080743323723
DAX,gfc_wide,garch11_t,log_score,506,-2.663478249868199,0.055459944343926426
DAX,gfc_wide,garch11_t,pinball_0p01,506,0.00060338042541436849,0.00010641020898515475
DAX,gfc_wide,garch11_t,pinball_0p025,506,0.0012463431522264773,0.00013430060056569021
DAX,gfc_wide,garch11_t,pinball_0p05,506,0.0021330683060996197,0.00017191034826273544
DAX,gfc_wide,garch11_t,pinball_avg,506,0.0013275972945801552,0.00013272904165403552
DAX,gfc_wide,garch11_t,qlike,506,0.31722238059275726,0.021117222872404973
DAX,gfc_wide,garch11_t,fz0_0p01,506,-2.7721900919839202,0.31897149503470279
DAX,gfc_wide,garch11_t,fz0_0p025,506,-2.9948517406243469,0.17819303031408018
DAX,gfc_wide,garch11_t,fz0_0p05,506,-3.1513500357231363,0.12477164211711794
DAX,gfc_wide,garch11_t,fz0_avg,506,-2.9727972894438004,0.20288843924610395
DAX,gfc_wide,garch11_t,qlike_ex_near_zero,506,0.31722238059275726,0.021117222872404973
DAX,gfc_wide,gjr,crps,506,0.010137972689817799,0.00055898075621679268
DAX,gfc_wide,gjr,log_score,506,-2.6699405696814273,0.059768922760458261
DAX,gfc_wide,gjr,pinball_0p01,506,0.00066107179116774628,0.00010948250614671412
DAX,gfc_wide,gjr,pinball_0p025,506,0.0012718874348443643,0.00013973548903358437
DAX,gfc_wide,gjr,pinball_0p05,506,0.0021048096388204575,0.00017256133605928712
DAX,gfc_wide,gjr,pinball_avg,506,0.0013459229549441893,0.00013779286070413245
DAX,gfc_wide,gjr,qlike,506,0.25810720500721429,0.018890298534062426
DAX,gfc_wide,gjr,fz0_0p01,506,-2.6196739589666724,0.29556885268855726
DAX,gfc_wide,gjr,fz0_0p025,506,-2.95069967901081,0.17073752403228493
DAX,gfc_wide,gjr,fz0_0p05,506,-3.1579550684103528,0.11960465978283659
DAX,gfc_wide,gjr,fz0_avg,506,-2.9094429021292783,0.19218414879596527
DAX,gfc_wide,gjr,qlike_ex_near_zero,506,0.25810720500721429,0.018890298534062426
DAX,gfc_wide,har,crps,506,0.010120495560253424,0.00056653480352250043
DAX,gfc_wide,har,log_score,506,-2.671116283361592,0.064267599065007897
DAX,gfc_wide,har,pinball_0p01,506,0.00063649188116301689,0.00011065417855901228
DAX,gfc_wide,har,pinball_0p025,506,0.0013047076952220978,0.00014248520104809579
DAX,gfc_wide,har,pinball_0p05,506,0.0021577914179274687,0.00018042322282099994
DAX,gfc_wide,har,pinball_avg,506,0.0013663303314375278,0.0001405323888612198
DAX,gfc_wide,har,qlike,506,0.32576750315155717,0.039525895967398458
DAX,gfc_wide,har,fz0_0p01,506,-2.6876962165761746,0.32200773347836953
DAX,gfc_wide,har,fz0_0p025,506,-2.937447862699389,0.18081375300503846
DAX,gfc_wide,har,fz0_0p05,506,-3.1453638351767936,0.12623639301653516
DAX,gfc_wide,har,fz0_avg,506,-2.9235026381507856,0.20516580712467267
DAX,gfc_wide,har,qlike_ex_near_zero,506,0.32576750315155717,0.039525895967398458
DAX,gfc_wide,lgbm,crps,506,0.010437399946123773,0.00059327504470481254
DAX,gfc_wide,lgbm,log_score,506,-2.5630101473860205,0.083862303760909598
DAX,gfc_wide,lgbm,pinball_0p01,506,0.00079874263078237454,0.00013241352591439632
DAX,gfc_wide,lgbm,pinball_0p025,506,0.0014679054177288661,0.00016865664723461098
DAX,gfc_wide,lgbm,pinball_0p05,506,0.0023431621176413014,0.00020608488758826928
DAX,gfc_wide,lgbm,pinball_avg,506,0.001536603388717514,0.00016625587115369212
DAX,gfc_wide,lgbm,qlike,506,0.55894159485598982,0.084358641784511856
DAX,gfc_wide,lgbm,fz0_0p01,506,-2.3364603741072951,0.36095418114207489
DAX,gfc_wide,lgbm,fz0_0p025,506,-2.7976814283991436,0.19976244704850754
DAX,gfc_wide,lgbm,fz0_0p05,506,-3.0657563228061546,0.13499735872477847
DAX,gfc_wide,lgbm,fz0_avg,506,-2.7332993751041981,0.22912743378471603
DAX,gfc_wide,lgbm,qlike_ex_near_zero,506,0.55894159485598982,0.084358641784511856
DAX,gfc_wide,moirai,crps,506,0.0101638222112704,0.00057423825785097042
DAX,gfc_wide,moirai,log_score,506,-2.6576522511189298,0.065481163097757908
DAX,gfc_wide,moirai,pinball_0p01,506,0.00070120116673250284,0.00012614382136260846
DAX,gfc_wide,moirai,pinball_0p025,506,0.0013595131576028957,0.0001569715986338692
DAX,gfc_wide,moirai,pinball_0p05,506,0.0022695740182685584,0.00019363043081393677
DAX,gfc_wide,moirai,pinball_avg,506,0.0014434294475346523,0.00015513721059602948
DAX,gfc_wide,moirai,qlike,506,0.34036826819277699,0.036999958520825514
DAX,gfc_wide,moirai,fz0_0p01,506,-2.5268587672010381,0.34093975458832371
DAX,gfc_wide,moirai,fz0_0p025,506,-2.865818786510649,0.19203468921178546
DAX,gfc_wide,moirai,fz0_0p05,506,-3.081532426134963,0.13374791055051266
DAX,gfc_wide,moirai,fz0_avg,506,-2.8247366599488837,0.21829610500890084
DAX,gfc_wide,moirai,qlike_ex_near_zero,506,0.34036826819277699,0.036999958520825514
DAX,gfc_wide,naive,crps,506,0.010424895304216673,0.0006444358638839602
DAX,gfc_wide,naive,log_score,506,-2.3261680957996531,0.15177090032051177
DAX,gfc_wide,naive,pinball_0p01,506,0.0011410128575060747,0.00021731331537656363
DAX,gfc_wide,naive,pinball_0p025,506,0.0017734863044884092,0.00024992874039613964
DAX,gfc_wide,naive,pinball_0p05,506,0.0025922243558672412,0.0002824214075303185
DAX,gfc_wide,naive,pinball_avg,506,0.0018355745059539085,0.00024829200638512333
DAX,gfc_wide,naive,qlike,506,0.82821591412754836,0.19785301884909465
DAX,gfc_wide,naive,fz0_0p01,506,-1.0702463134151918,0.6753152818757302
DAX,gfc_wide,naive,fz0_0p025,506,-2.179024337897578,0.35313633095191604
DAX,gfc_wide,naive,fz0_0p05,506,-2.702890636999431,0.2283711545585011
DAX,gfc_wide,naive,fz0_avg,506,-1.984053762770734,0.41679943706751582
DAX,gfc_wide,naive,qlike_ex_near_zero,506,0.82821591412754836,0.19785301884909465
DAX,gfc_wide,patchtst,crps,506,0.010488786284061441,0.00059419362100757254
DAX,gfc_wide,patchtst,log_score,506,-2.2825663700174874,0.17443349352815193
DAX,gfc_wide,patchtst,pinball_0p01,506,0.00096637119564561532,0.0001734826080590088
DAX,gfc_wide,patchtst,pinball_0p025,506,0.0016734012425702461,0.00019690549162371313
DAX,gfc_wide,patchtst,pinball_0p05,506,0.0025634658735498375,0.00022672731288389246
DAX,gfc_wide,patchtst,pinball_avg,506,0.0017344127705885665,0.00019596367566411941
DAX,gfc_wide,patchtst,qlike,506,0.88636787897898972,0.21457998463129696
DAX,gfc_wide,patchtst,fz0_0p01,506,-1.0788005347946539,0.80722799753207375
DAX,gfc_wide,patchtst,fz0_0p025,506,-2.0663718954989334,0.39925489257029767
DAX,gfc_wide,patchtst,fz0_0p05,506,-2.5789879596762564,0.24989982742741615
DAX,gfc_wide,patchtst,fz0_avg,506,-1.9080534633232813,0.48260705599336062
DAX,gfc_wide,patchtst,qlike_ex_near_zero,506,0.88636787897898972,0.21457998463129696
DAX,gfc_wide,timesfm,crps,506,0.010147295162038612,0.00057486780186802148
DAX,gfc_wide,timesfm,log_score,506,-2.6522915379504997,0.067290648712562157
DAX,gfc_wide,timesfm,pinball_0p01,506,0.00071414278347172486,0.00013226134331766027
DAX,gfc_wide,timesfm,pinball_0p025,506,0.0013608753046125879,0.00016281338854789114
DAX,gfc_wide,timesfm,pinball_0p05,506,0.0022485867156432477,0.00019672578836585111
DAX,gfc_wide,timesfm,pinball_avg,506,0.0014412016012425202,0.00016049055776134655
DAX,gfc_wide,timesfm,qlike,506,0.34621521281336337,0.036178841609204399
DAX,gfc_wide,timesfm,fz0_0p01,506,-2.4849846169548346,0.36048666937290719
DAX,gfc_wide,timesfm,fz0_0p025,506,-2.8515687855984209,0.20099476501298374
DAX,gfc_wide,timesfm,fz0_0p05,506,-3.0789650879790802,0.1381842743157615
DAX,gfc_wide,timesfm,fz0_avg,506,-2.8051728301774457,0.22949529893059722
DAX,gfc_wide,timesfm,qlike_ex_near_zero,506,0.34621521281336337,0.036178841609204399
DIA,gfc,autoarima,crps,146,0.017701724327049435,0.0014046312427674135
DIA,gfc,autoarima,log_score,146,-2.0606379419658154,0.08583937379878491
DIA,gfc,autoarima,pinball_0p01,146,0.00096401749578489486,0.00018821366691853587
DIA,gfc,autoarima,pinball_0p025,146,0.001992767293194793,0.00029333897325143677
DIA,gfc,autoarima,pinball_0p05,146,0.003273670316785931,0.00040705747906421869
DIA,gfc,autoarima,pinball_avg,146,0.0020768183685885397,0.00028828583534482206
DIA,gfc,autoarima,qlike,146,0.4332774626616091,0.065225603441375943
DIA,gfc,autoarima,fz0_0p01,146,-2.162431004931697,0.33015038654718909
DIA,gfc,autoarima,fz0_0p025,146,-2.4101094017598714,0.22819726837065923
DIA,gfc,autoarima,fz0_0p05,146,-2.6358420134289489,0.17278244650747937
DIA,gfc,autoarima,fz0_avg,146,-2.4027941400401724,0.23949616947290214
DIA,gfc,autoarima,qlike_ex_near_zero,146,0.4332774626616091,0.065225603441375943
DIA,gfc,autoets,crps,146,0.0175327141099056,0.0013720871539510439
DIA,gfc,autoets,log_score,146,-2.1058300210188099,0.075833531185253017
DIA,gfc,autoets,pinball_0p01,146,0.00083126241820717607,0.00011627669966826503
DIA,gfc,autoets,pinball_0p025,146,0.0018055948106328965,0.00022172914004458912
DIA,gfc,autoets,pinball_0p05,146,0.002997105440939164,0.00032814030899647341
DIA,gfc,autoets,pinball_avg,146,0.0018779875565930789,0.00021981554316960017
DIA,gfc,autoets,qlike,146,0.38686656029924299,0.051485252992879857
DIA,gfc,autoets,fz0_0p01,146,-2.4840035015375372,0.16120104348356687
DIA,gfc,autoets,fz0_0p025,146,-2.5765675783611011,0.14953902459791657
DIA,gfc,autoets,fz0_0p05,146,-2.7538534541412103,0.12657475181135883
DIA,gfc,autoets,fz0_avg,146,-2.6048081780132826,0.14181090705465632
DIA,gfc,autoets,qlike_ex_near_zero,146,0.38686656029924299,0.051485252992879857
DIA,gfc,chronos,crps,146,0.017822754595678881,0.0014422842478416696
DIA,gfc,chronos,log_score,146,-1.9993770981701628,0.10003407196552772
DIA,gfc,chronos,pinball_0p01,146,0.0011065128995386619,0.00025750629149392227
DIA,gfc,chronos,pinball_0p025,146,0.0020050731485148432,0.00033448578744395675
DIA,gfc,chronos,pinball_0p05,146,0.0034524107201768513,0.00041162837792314854
DIA,gfc,chronos,pinball_avg,146,0.0021879989227434524,0.0003269551902321881
DIA,gfc,chronos,qlike,146,0.52267467032653769,0.094724134233695856
DIA,gfc,chronos,fz0_0p01,146,-1.6392627819579009,0.5609963829935265
DIA,gfc,chronos,fz0_0p025,146,-2.1828989714835187,0.33698712525121527
DIA,gfc,chronos,fz0_0p05,146,-2.4161323966885364,0.23348626856242019
DIA,gfc,chronos,fz0_avg,146,-2.0794313833766522,0.37277925825214059
DIA,gfc,chronos,qlike_ex_near_zero,146,0.52267467032653769,0.094724134233695856
DIA,gfc,ewma,crps,146,0.017873547755722263,0.0013825704957399281
DIA,gfc,ewma,log_score,146,-2.0122765551985955,0.087139737289148145
DIA,gfc,ewma,pinball_0p01,146,0.00085800847006618981,0.00011357226316367075
DIA,gfc,ewma,pinball_0p025,146,0.0019330241018124486,0.00021215375722254945
DIA,gfc,ewma,pinball_0p05,146,0.0034181085290723983,0.00031580827015739195
DIA,gfc,ewma,pinball_avg,146,0.0020697137003170122,0.00020357674630073973
DIA,gfc,ewma,qlike,146,0.52502028205139228,0.085077774513663565
DIA,gfc,ewma,fz0_0p01,146,-2.3275840295703043,0.244051998553765
DIA,gfc,ewma,fz0_0p025,146,-2.4494383500633585,0.17874773595140067
DIA,gfc,ewma,fz0_0p05,146,-2.5726923746234123,0.14150248666703361
DIA,gfc,ewma,fz0_avg,146,-2.449904918085692,0.18111245422158073
DIA,gfc,ewma,qlike_ex_near_zero,146,0.52502028205139228,0.085077774513663565
DIA,gfc,garch11,crps,146,0.017888463305615544,0.0014007904791410095
DIA,gfc,garch11,log_score,146,-1.9786512599944999,0.096002837111399508
DIA,gfc,garch11,pinball_0p01,146,0.00091845915274578981,0.00013626126558729956
DIA,gfc,garch11,pinball_0p025,146,0.0020630857115680446,0.00023299543789629488
DIA,gfc,garch11,pinball_0p05,146,0.0036067709760835491,0.00033616489741941072
DIA,gfc,garch11,pinball_avg,146,0.0021961052801324609,0.00022284007612601671
DIA,gfc,garch11,qlike,146,0.63663555416435114,0.18038442462357474
DIA,gfc,garch11,fz0_0p01,146,-2.111245777191896,0.35118661593732364
DIA,gfc,garch11,fz0_0p025,146,-2.2592522198040959,0.23370520257512345
DIA,gfc,garch11,fz0_0p05,146,-2.419868954049798,0.17392389078700066
DIA,gfc,garch11,fz0_avg,146,-2.2634556503485967,0.24424912187138567
DIA,gfc,garch11,qlike_ex_near_zero,146,0.63663555416435114,0.18038442462357474
DIA,gfc,garch11_t,crps,146,0.017792565591470216,0.0014170669622380068
DIA,gfc,garch11_t,log_score,146,-2.0235640625357227,0.091546630261826356
DIA,gfc,garch11_t,pinball_0p01,146,0.00089248021561949727,0.00011540957593535673
DIA,gfc,garch11_t,pinball_0p025,146,0.0019733375534770814,0.00021641465351126033
DIA,gfc,garch11_t,pinball_0p05,146,0.0034739206389168024,0.00033238044140883522
DIA,gfc,garch11_t,pinball_avg,146,0.0021132461360044603,0.00020877579577117323
DIA,gfc,garch11_t,qlike,146,0.49015151884899189,0.084115407177719606
DIA,gfc,garch11_t,fz0_0p01,146,-2.2845594600731882,0.24403166371371571
DIA,gfc,garch11_t,fz0_0p025,146,-2.4127344503478771,0.18130134106876203
DIA,gfc,garch11_t,fz0_0p05,146,-2.5376486498204547,0.14914706288092452
DIA,gfc,garch11_t,fz0_avg,146,-2.4116475200805065,0.18237386271237907
DIA,gfc,garch11_t,qlike_ex_near_zero,146,0.49015151884899189,0.084115407177719606
DIA,gfc,gjr,crps,146,0.017735174445388573,0.0014062855678163664
DIA,gfc,gjr,log_score,146,-2.0332344350985903,0.090868317740040949
DIA,gfc,gjr,pinball_0p01,146,0.0010060104673781465,0.00020651102753559605
DIA,gfc,gjr,pinball_0p025,146,0.0020678728454770383,0.00031194679199576873
DIA,gfc,gjr,pinball_0p05,146,0.0034373802127427469,0.00041527754248767238
DIA,gfc,gjr,pinball_avg,146,0.0021704211751993109,0.00030542932255776692
DIA,gfc,gjr,qlike,146,0.44258549282381304,0.080704584658027725
DIA,gfc,gjr,fz0_0p01,146,-2.095328938258084,0.34431198905105087
DIA,gfc,gjr,fz0_0p025,146,-2.3300204211510667,0.23919103404480502
DIA,gfc,gjr,fz0_0p05,146,-2.5407924869254415,0.18194214110292217
DIA,gfc,gjr,fz0_avg,146,-2.322047282111531,0.25020920052976764
DIA,gfc,gjr,qlike_ex_near_zero,146,0.44258549282381304,0.080704584658027725
DIA,gfc,har,crps,146,0.017566166126086004,0.0013926614928024994
DIA,gfc,har,log_score,146,-2.0831325236048426,0.083831765683557338
DIA,gfc,har,pinball_0p01,146,0.00094497902495138013,0.00017701025354827397
DIA,gfc,har,pinball_0p025,146,0.0018633309407283007,0.00027124875880988936
DIA,gfc,har,pinball_0p05,146,0.0031710717404874523,0.0003729168941576753
DIA,gfc,har,pinball_avg,146,0.0019931272353890445,0.00026859452301644009
DIA,gfc,har,qlike,146,0.4021293480022724,0.059196322382429327
DIA,gfc,har,fz0_0p01,146,-2.1920518197449623,0.29952299969108087
DIA,gfc,har,fz0_0p025,146,-2.4595105681537555,0.21788293575210821
DIA,gfc,har,fz0_0p05,146,-2.6544236502100018,0.16683942854981046
DIA,gfc,har,fz0_avg,146,-2.4353286793695732,0.22535487641422222
DIA,gfc,har,qlike_ex_near_zero,146,0.4021293480022724,0.059196322382429327
DIA,gfc,lgbm,crps,146,0.019239449776550843,0.0013938399088998556
DIA,gfc,lgbm,log_score,146,-1.6983863758803301,0.1634299995723224
DIA,gfc,lgbm,pinball_0p01,146,0.0014350741036698025,0.00036361056304174826
DIA,gfc,lgbm,pinball_0p025,146,0.002635421848101031,0.00041840861117958572
DIA,gfc,lgbm,pinball_0p05,146,0.0042008935980175511,0.0004911247077979239
DIA,gfc,lgbm,pinball_avg,146,0.0027571298499294615,0.00041849405834008379
DIA,gfc,lgbm,qlike,146,1.0742403761465653,0.19408716385185984
DIA,gfc,lgbm,fz0_0p01,146,-1.4005104400212283,0.69248874623299128
DIA,gfc,lgbm,fz0_0p025,146,-1.9371130407657522,0.37150980509646842
DIA,gfc,lgbm,fz0_0p05,146,-2.2465302809434329,0.24999043470581733
DIA,gfc,lgbm,fz0_avg,146,-1.8613845872434711,0.4339126780129659
DIA,gfc,lgbm,qlike_ex_near_zero,146,1.0742403761465653,0.19408716385185984
DIA,gfc,moirai,crps,146,0.017940017663347754,0.0014819569196065456
DIA,gfc,moirai,log_score,146,-1.9458321661621849,0.12008925313653995
DIA,gfc,moirai,pinball_0p01,146,0.0011653959476649412,0.0003206156437289296
DIA,gfc,moirai,pinball_0p025,146,0.0022194141421590869,0.00039662581225792683
DIA,gfc,moirai,pinball_0p05,146,0.00372177399652754,0.00048527190370594304
DIA,gfc,moirai,pinball_avg,146,0.0023688613621171894,0.00038845370111008061
DIA,gfc,moirai,qlike,146,0.57378601204251356,0.098990185705972331
DIA,gfc,moirai,fz0_0p01,146,-1.3648936818920694,0.76267851845659262
DIA,gfc,moirai,fz0_0p025,146,-1.9663839019808678,0.42933303936208306
DIA,gfc,moirai,fz0_0p05,146,-2.260753328976242,0.28835402377265285
DIA,gfc,moirai,fz0_avg,146,-1.86401030428306,0.48601763158642403
DIA,gfc,moirai,qlike_ex_near_zero,146,0.57378601204251356,0.098990185705972331
DIA,gfc,naive,crps,146,0.019439432004139341,0.0018032231074032686
DIA,gfc,naive,log_score,146,-0.5408200771594347,0.52676263390817812
DIA,gfc,naive,pinball_0p01,146,0.0029540382510908,0.00071379201294028501
DIA,gfc,naive,pinball_0p025,146,0.004203359114760474,0.00081592217423340067
DIA,gfc,naive,pinball_0p05,146,0.005627275508752862,0.00089545601937863779
DIA,gfc,naive,pinball_avg,146,0.0042615576248680453,0.00080333900221075613
DIA,gfc,naive,qlike,146,2.9454589545730747,0.85126429441068729
DIA,gfc,naive,fz0_0p01,146,4.3126127643787129,2.1760752460156914
DIA,gfc,naive,fz0_0p025,146,1.0873274903383672,1.1439121194973967
DIA,gfc,naive,fz0_0p05,146,-0.40197090676767211,0.72580549114573079
DIA,gfc,naive,fz0_avg,146,1.6659897826498029,1.3434423378490867
DIA,gfc,naive,qlike_ex_near_zero,146,2.9454589545730747,0.85126429441068729
DIA,gfc,patchtst,crps,146,0.018133457996346754,0.0015027268209990116
DIA,gfc,patchtst,log_score,146,-1.8325601818782968,0.14705381931308736
DIA,gfc,patchtst,pinball_0p01,146,0.0013349970748920831,0.00034388313568331779
DIA,gfc,patchtst,pinball_0p025,146,0.0023503072669584153,0.00042770107993400462
DIA,gfc,patchtst,pinball_0p05,146,0.0036505325997316577,0.00049913201034764191
DIA,gfc,patchtst,pinball_avg,146,0.0024452789805273854,0.00041931639608105108
DIA,gfc,patchtst,qlike,146,0.94560596127786023,0.28417553695894632
DIA,gfc,patchtst,fz0_0p01,146,-1.204037203111713,0.69597564371871545
DIA,gfc,patchtst,fz0_0p025,146,-1.8836073669176894,0.39651236686434738
DIA,gfc,patchtst,fz0_0p05,146,-2.2791706348049443,0.26517416421390011
DIA,gfc,patchtst,fz0_avg,146,-1.7889384016114485,0.44848912479834002
DIA,gfc,patchtst,qlike_ex_near_zero,146,0.94560596127786023,0.28417553695894632
DIA,gfc,timesfm,crps,146,0.017850184874634332,0.0014704463961495637
DIA,gfc,timesfm,log_score,146,-1.987266750673893,0.11046572446065811
DIA,gfc,timesfm,pinball_0p01,146,0.0011084448713841782,0.00030014089650745877
DIA,gfc,timesfm,pinball_0p025,146,0.0019644380571177417,0.00036670774194297128
DIA,gfc,timesfm,pinball_0p05,146,0.0034774767268133224,0.00044309577358317062
DIA,gfc,timesfm,pinball_avg,146,0.0021834532184384142,0.00036083943585701281
DIA,gfc,timesfm,qlike,146,0.5445623437904733,0.1021316155998835
DIA,gfc,timesfm,fz0_0p01,146,-1.5435943587676972,0.68370862896433116
DIA,gfc,timesfm,fz0_0p025,146,-2.1904366024015416,0.3883634220122093
DIA,gfc,timesfm,fz0_0p05,146,-2.4022302853867967,0.26042345580505616
DIA,gfc,timesfm,fz0_avg,146,-2.0454204155186786,0.43972879937246068
DIA,gfc,timesfm,qlike_ex_near_zero,146,0.5445623437904733,0.1021316155998835
DIA,covid,autoarima,crps,62,0.020417933306919135,0.0037518827799992937
DIA,covid,autoarima,log_score,62,-2.0382592156473853,0.23577275140334608
DIA,covid,autoarima,pinball_0p01,62,0.0011532886275537144,0.00027512506143104079
DIA,covid,autoarima,pinball_0p025,62,0.0023471891554361626,0.00042679820909182701
DIA,covid,autoarima,pinball_0p05,62,0.0041047489404802667,0.00071112976865017629
DIA,covid,autoarima,pinball_avg,62,0.0025350755744900483,0.00044375432899840646
DIA,covid,autoarima,qlike,62,0.5322800195180879,0.17184496527534371
DIA,covid,autoarima,fz0_0p01,62,-1.3611069980811143,1.0803035465354727
DIA,covid,autoarima,fz0_0p025,62,-1.9606483414502125,0.70353221048157055
DIA,covid,autoarima,fz0_0p05,62,-2.3321901339957751,0.51511407957140221
DIA,covid,autoarima,fz0_avg,62,-1.8846484911757007,0.75718695993997942
DIA,covid,autoarima,qlike_ex_near_zero,62,0.5322800195180879,0.17184496527534371
DIA,covid,autoets,crps,62,0.020463139988522387,0.003784203165926597
DIA,covid,autoets,log_score,62,-2.0351042199829923,0.23354239328236306
DIA,covid,autoets,pinball_0p01,62,0.0011511617034945679,0.00025371612504019529
DIA,covid,autoets,pinball_0p025,62,0.0023955616870974762,0.00040529246408702247
DIA,covid,autoets,pinball_0p05,62,0.0042160327336269029,0.00068849135840846627
DIA,covid,autoets,pinball_avg,62,0.0025875853747396489,0.0004226931852993435
DIA,covid,autoets,qlike,62,0.55327663136432714,0.17256063437600072
DIA,covid,autoets,fz0_0p01,62,-1.4043916120861422,1.043288730309631
DIA,covid,autoets,fz0_0p025,62,-1.9403205909052141,0.6815504261373736
DIA,covid,autoets,fz0_0p05,62,-2.2886686516743588,0.49944741131280107
DIA,covid,autoets,fz0_avg,62,-1.877793618221905,0.73189206203194168
DIA,covid,autoets,qlike_ex_near_zero,62,0.55327663136432714,0.17256063437600072
DIA,covid,chronos,crps,62,0.020963761421725211,0.0038175996607499258
DIA,covid,chronos,log_score,62,-1.9573650386410935,0.23525485460836307
DIA,covid,chronos,pinball_0p01,62,0.0015969857193059282,0.00048708542663938263
DIA,covid,chronos,pinball_0p025,62,0.0028262290456376265,0.00074606661006093589
DIA,covid,chronos,pinball_0p05,62,0.004467146413735963,0.0010060056666723115
DIA,covid,chronos,pinball_avg,62,0.0029634537262265052,0.00073765151821365425
DIA,covid,chronos,qlike,62,0.59493237476001426,0.13053656116874882
DIA,covid,chronos,fz0_0p01,62,-1.0370779698760486,0.93974411730802698
DIA,covid,chronos,fz0_0p025,62,-1.8013572552511865,0.63070882617467461
DIA,covid,chronos,fz0_0p05,62,-2.2333657125655226,0.48126918989979639
DIA,covid,chronos,fz0_avg,62,-1.6906003125642524,0.679273076352363
DIA,covid,chronos,qlike_ex_near_zero,62,0.59493237476001426,0.13053656116874882
DIA,covid,ewma,crps,62,0.021832835882549733,0.0042371797347984857
DIA,covid,ewma,log_score,62,-1.6754513253410175,0.29429809184481748
DIA,covid,ewma,pinball_0p01,62,0.0027135737715913463,0.00077251541300273085
DIA,covid,ewma,pinball_0p025,62,0.004321527978511739,0.0010964751583902824
DIA,covid,ewma,pinball_0p05,62,0.0061788410859569941,0.0014462188120511854
DIA,covid,ewma,pinball_avg,62,0.0044046476120200261,0.0010971933285787545
DIA,covid,ewma,qlike,62,1.0802230010838401,0.27984570962230593
DIA,covid,ewma,fz0_0p01,62,1.1881092035466709,1.8440446108579529
DIA,covid,ewma,fz0_0p025,62,-0.54056967514298615,1.0762286256153153
DIA,covid,ewma,fz0_0p05,62,-1.4189343655189564,0.73851276106413655
DIA,covid,ewma,fz0_avg,62,-0.25713161237175736,1.2149742957597169
DIA,covid,ewma,qlike_ex_near_zero,62,1.0802230010838401,0.27984570962230593
DIA,covid,garch11,crps,62,0.020736605240353988,0.0039347346947742022
DIA,covid,garch11,log_score,62,-1.9554100575028497,0.25365881215163516
DIA,covid,garch11,pinball_0p01,62,0.001396409457367928,0.00035701510689633604
DIA,covid,garch11,pinball_0p025,62,0.0029313255079430945,0.00060663073932433898
DIA,covid,garch11,pinball_0p05,62,0.0048093659013442088,0.0010000127879060696
DIA,covid,garch11,pinball_avg,62,0.003045700288885077,0.00062078426921762539
DIA,covid,garch11,qlike,62,0.65895628092377734,0.24500308153008685
DIA,covid,garch11,fz0_0p01,62,-0.81920224539798392,1.3484045271636613
DIA,covid,garch11,fz0_0p025,62,-1.6013930380722581,0.76938908427724584
DIA,covid,garch11,fz0_0p05,62,-2.0799271720568049,0.55398195776796422
DIA,covid,garch11,fz0_avg,62,-1.5001741518423493,0.87967803766459007
DIA,covid,garch11,qlike_ex_near_zero,62,0.65895628092377734,0.24500308153008685
DIA,covid,garch11_t,crps,62,0.020937500720042211,0.0040376437596883778
DIA,covid,garch11_t,log_score,62,-1.9917479458519125,0.23140546888692082
DIA,covid,garch11_t,pinball_0p01,62,0.0012120336933094842,0.00023707613845611313
DIA,covid,garch11_t,pinball_0p025,62,0.0028481133641300406,0.00053432834722384076
DIA,covid,garch11_t,pinball_0p05,62,0.004971043429113098,0.0010573253657089042
DIA,covid,garch11_t,pinball_avg,62,0.0030103968288508749,0.00057439836795364059
DIA,covid,garch11_t,qlike,62,0.669290038579058,0.23749958643739449
DIA,covid,garch11_t,fz0_0p01,62,-1.529946788998372,0.90307908091637712
DIA,covid,garch11_t,fz0_0p025,62,-1.7965722752518594,0.63874670347784357
DIA,covid,garch11_t,fz0_0p05,62,-2.096761818134294,0.53090644132229692
DIA,covid,garch11_t,fz0_avg,62,-1.807760294128175,0.67617663661701888
DIA,covid,garch11_t,qlike_ex_near_zero,62,0.669290038579058,0.23749958643739449
DIA,covid,gjr,crps,62,0.020338875512113969,0.0038686085203119328
DIA,covid,gjr,log_score,62,-2.072939944949109,0.23599178023634593
DIA,covid,gjr,pinball_0p01,62,0.0012005228694400146,0.00029330953494818932
DIA,covid,gjr,pinball_0p025,62,0.0022969593049997025,0.00045708581983460779
DIA,covid,gjr,pinball_0p05,62,0.0042089346780728558,0.00081970580867116052
DIA,covid,gjr,pinball_avg,62,0.0025688056175041905,0.0004891940283724824
DIA,covid,gjr,qlike,62,0.54901072843751086,0.19592545904899142
DIA,covid,gjr,fz0_0p01,62,-1.4583701593378064,1.0803231378185121
DIA,covid,gjr,fz0_0p025,62,-2.1260839934166822,0.60684888219430666
DIA,covid,gjr,fz0_0p05,62,-2.4281016895737957,0.41939827912953997
DIA,covid,gjr,fz0_avg,62,-2.0041852807760949,0.69244815423499073
DIA,covid,gjr,qlike_ex_near_zero,62,0.54901072843751086,0.19592545904899142
DIA,covid,har,crps,62,0.021087661606084086,0.0040723838407902193
DIA,covid,har,log_score,62,-1.9318183448992889,0.25944266377875963
DIA,covid,har,pinball_0p01,62,0.0019337797669970235,0.00056158881541336044
DIA,covid,har,pinball_0p025,62,0.0034165378611700726,0.00091519451562775288
DIA,covid,har,pinball_0p05,62,0.0050239960347855002,0.0012571393433409668
DIA,covid,har,pinball_avg,62,0.003458104554317532,0.00090007676197567709
DIA,covid,har,qlike,62,0.69456282625480947,0.20644811600926713
DIA,covid,har,fz0_0p01,62,-0.47936447319355363,1.1946223282599742
DIA,covid,har,fz0_0p025,62,-1.4768164762496137,0.7239830917540333
DIA,covid,har,fz0_0p05,62,-2.0676297247185822,0.53042006928605767
DIA,covid,har,fz0_avg,62,-1.3412702247205828,0.80936456080446662
DIA,covid,har,qlike_ex_near_zero,62,0.69456282625480947,0.20644811600926713
DIA,covid,lgbm,crps,62,0.023709310898966975,0.0052116111134617553
DIA,covid,lgbm,log_score,62,-0.47096445169804135,0.80484938849436249
DIA,covid,lgbm,pinball_0p01,62,0.0049386768812997688,0.0018919449362129542
DIA,covid,lgbm,pinball_0p025,62,0.0064857494443240566,0.0020826133080901351
DIA,covid,lgbm,pinball_0p05,62,0.0082114152624535777,0.0022230450357843328
DIA,covid,lgbm,pinball_avg,62,0.0065452805293591343,0.0020620402513734483
DIA,covid,lgbm,qlike,62,3.1647509987083549,1.3625397047621706
DIA,covid,lgbm,fz0_0p01,62,6.5712953944550909,3.8950921324063885
DIA,covid,lgbm,fz0_0p025,62,2.1733687311391754,2.003217954242368
DIA,covid,lgbm,fz0_0p05,62,0.24545238746768117,1.2447736566068226
DIA,covid,lgbm,fz0_avg,62,2.9967055043539812,2.3748875534579623
DIA,covid,lgbm,qlike_ex_near_zero,62,3.1647509987083549,1.3625397047621706
DIA,covid,moirai,crps,62,0.021136584419349225,0.0038914668800368317
DIA,covid,moirai,log_score,62,-1.816362830228162,0.29210235824879965
DIA,covid,moirai,pinball_0p01,62,0.0018037350418644849,0.00061840334798045316
DIA,covid,moirai,pinball_0p025,62,0.003044478000961498,0.00084242639886087409
DIA,covid,moirai,pinball_0p05,62,0.0046780094832957779,0.0011219664553867191
DIA,covid,moirai,pinball_avg,62,0.0031754075087072537,0.00084033863371308205
DIA,covid,moirai,qlike,62,0.76295062562813887,0.21756714593748711
DIA,covid,moirai,fz0_0p01,62,-0.40877164471742289,1.3417074010273018
DIA,covid,moirai,fz0_0p025,62,-1.49278067004241,0.78489357485656042
DIA,covid,moirai,fz0_0p05,62,-2.1062752151931572,0.54510639716381137
DIA,covid,moirai,fz0_avg,62,-1.3359425099843303,0.88191854365352107
DIA,covid,moirai,qlike_ex_near_zero,62,0.76295062562813887,0.21756714593748711
DIA,covid,naive,crps,62,0.024353473751277218,0.0054319607922460149
DIA,covid,naive,log_score,62,1.9717123040822651,1.9540892341383307
DIA,covid,naive,pinball_0p01,62,0.0067986057793470054,0.0024150639079219532
DIA,covid,naive,pinball_0p025,62,0.008038214615926428,0.0025212104776953237
DIA,covid,naive,pinball_0p05,62,0.0092775770369698772,0.0026041880674190459
DIA,covid,naive,pinball_avg,62,0.0080381324774144378,0.0025100697863770336
DIA,covid,naive,qlike,62,7.1883894043443579,3.6116087352965875
DIA,covid,naive,fz0_0p01,62,17.603622989182721,7.7630979803115396
DIA,covid,naive,fz0_0p025,62,7.2909263370140751,3.7401255056884604
DIA,covid,naive,fz0_0p05,62,3.0613071796888311,2.2200168478283588
DIA,covid,naive,fz0_avg,62,9.318618835295208,4.5699459909501581
DIA,covid,naive,qlike_ex_near_zero,62,7.1883894043443579,3.6116087352965875
DIA,covid,patchtst,crps,62,0.022631604270664164,0.004813878247781303
DIA,covid,patchtst,log_score,62,-0.98945698680212268,0.56638604349613142
DIA,covid,patchtst,pinball_0p01,62,0.0041575769956944206,0.0015169338778831059
DIA,covid,patchtst,pinball_0p025,62,0.0055731172514572325,0.0017802404593130641
DIA,covid,patchtst,pinball_0p05,62,0.0071279711665389643,0.001998272362217736
DIA,covid,patchtst,pinball_avg,62,0.0056195551378968736,0.0017568238539585341
DIA,covid,patchtst,qlike,62,2.2557183385112864,0.84568553674053504
DIA,covid,patchtst,fz0_0p01,62,6.1324561500346606,3.9072794079028026
DIA,covid,patchtst,fz0_0p025,62,1.7499797705108469,2.0192887431029947
DIA,covid,patchtst,fz0_0p05,62,-0.15411649764227062,1.256173135077387
DIA,covid,patchtst,fz0_avg,62,2.5761064743010795,2.3884685283208369
DIA,covid,patchtst,qlike_ex_near_zero,62,2.2557183385112864,0.84568553674053504
DIA,covid,timesfm,crps,62,0.021034642200615593,0.0038566190150675721
DIA,covid,timesfm,log_score,62,-1.9174536849676733,0.24985062439448502
DIA,covid,timesfm,pinball_0p01,62,0.0016084452975630259,0.00047733544473726704
DIA,covid,timesfm,pinball_0p025,62,0.0028454891329567616,0.00073243593484255724
DIA,covid,timesfm,pinball_0p05,62,0.0046502616033709619,0.0010609345741809536
DIA,covid,timesfm,pinball_avg,62,0.0030347320112969166,0.00073762343464187031
DIA,covid,timesfm,qlike,62,0.65480174157385862,0.14878532928356189
DIA,covid,timesfm,fz0_0p01,62,-0.95302895931116494,1.0015836087999532
DIA,covid,timesfm,fz0_0p025,62,-1.7990418345564236,0.63727139296888313
DIA,covid,timesfm,fz0_0p05,62,-2.2129035053720085,0.48960760513333146
DIA,covid,timesfm,fz0_avg,62,-1.6549914330798654,0.70322051947203001
DIA,covid,timesfm,qlike_ex_near_zero,62,0.65480174157385862,0.14878532928356189
DIA,tightening_2022,autoarima,crps,209,0.0070955721558703241,0.0003578181700073863
DIA,tightening_2022,autoarima,log_score,209,-2.937692886879181,0.060662348953464083
DIA,tightening_2022,autoarima,pinball_0p01,209,0.00044933330471078699,9.7144073970450455e-05
DIA,tightening_2022,autoarima,pinball_0p025,209,0.00088452546328116695,0.00011948215608071517
DIA,tightening_2022,autoarima,pinball_0p05,209,0.0014947337184879458,0.00014702478742433618
DIA,tightening_2022,autoarima,pinball_avg,209,0.00094286416215996662,0.00011795258973709717
DIA,tightening_2022,autoarima,qlike,209,0.30270737786461194,0.028182517520017613
DIA,tightening_2022,autoarima,fz0_0p01,209,-2.9160091330272309,0.39843813557468588
DIA,tightening_2022,autoarima,fz0_0p025,209,-3.2485501646430235,0.22274089167517272
DIA,tightening_2022,autoarima,fz0_0p05,209,-3.4510436068170764,0.15179232996362138
DIA,tightening_2022,autoarima,fz0_avg,209,-3.205200968162444,0.25440481861214032
DIA,tightening_2022,autoarima,qlike_ex_near_zero,209,0.30270737786461194,0.028182517520017613
DIA,tightening_2022,autoets,crps,209,0.0070938426427018184,0.00035443225388456421
DIA,tightening_2022,autoets,log_score,209,-2.9360827657134423,0.060754978853119146
DIA,tightening_2022,autoets,pinball_0p01,209,0.00047320845054037278,9.8509021562823035e-05
DIA,tightening_2022,autoets,pinball_0p025,209,0.00088829913351434395,0.00012015491660934701
DIA,tightening_2022,autoets,pinball_0p05,209,0.0015076008465223533,0.00014578584260793433
DIA,tightening_2022,autoets,pinball_avg,209,0.0009563694768590235,0.00011883595004124428
DIA,tightening_2022,autoets,qlike,209,0.30696704261232244,0.028092470750419433
DIA,tightening_2022,autoets,fz0_0p01,209,-2.8324754727204704,0.40523820074454725
DIA,tightening_2022,autoets,fz0_0p025,209,-3.2255897336930839,0.2276970573840825
DIA,tightening_2022,autoets,fz0_0p05,209,-3.4333126773553118,0.15522289775696246
DIA,tightening_2022,autoets,fz0_avg,209,-3.1637926279229553,0.26016333102187417
DIA,tightening_2022,autoets,qlike_ex_near_zero,209,0.30696704261232244,0.028092470750419433
DIA,tightening_2022,chronos,crps,209,0.0070840165611950265,0.00037561324194636085
DIA,tightening_2022,chronos,log_score,209,-2.9369193841870413,0.072420460869285178
DIA,tightening_2022,chronos,pinball_0p01,209,0.00045455130191073652,0.00010709008590975559
DIA,tightening_2022,chronos,pinball_0p025,209,0.00091634314609225463,0.00013577633712831823
DIA,tightening_2022,chronos,pinball_0p05,209,0.0015101950870582677,0.00017145813950708097
DIA,tightening_2022,chronos,pinball_avg,209,0.00096036317835375309,0.00013356795711333438
DIA,tightening_2022,chronos,qlike,209,0.31378588187635575,0.045440655646755139
DIA,tightening_2022,chronos,fz0_0p01,209,-2.8455186223424658,0.46950284379900059
DIA,tightening_2022,chronos,fz0_0p025,209,-3.1762308257007832,0.2672662249450094
DIA,tightening_2022,chronos,fz0_0p05,209,-3.4202110968338526,0.18723595355970948
DIA,tightening_2022,chronos,fz0_avg,209,-3.1473201816257008,0.30162666310021136
DIA,tightening_2022,chronos,qlike_ex_near_zero,209,0.31378588187635575,0.045440655646755139
DIA,tightening_2022,ewma,crps,209,0.0070991110045143463,0.00037046892412246794
DIA,tightening_2022,ewma,log_score,209,-2.9426025199811265,0.059808910212327523
DIA,tightening_2022,ewma,pinball_0p01,209,0.00043118282234378883,8.5471199588464905e-05
DIA,tightening_2022,ewma,pinball_0p025,209,0.0008663966042714847,0.00011775051851343855
DIA,tightening_2022,ewma,pinball_0p05,209,0.001474865636875825,0.00015132456904707342
DIA,tightening_2022,ewma,pinball_avg,209,0.00092414835449703271,0.00011506368267119577
DIA,tightening_2022,ewma,qlike,209,0.35578858469477709,0.082492792806166934
DIA,tightening_2022,ewma,fz0_0p01,209,-3.0272935853604297,0.31374267830249336
DIA,tightening_2022,ewma,fz0_0p025,209,-3.2995845364500598,0.19816365679295936
DIA,tightening_2022,ewma,fz0_0p05,209,-3.4734921167234623,0.14670813921341386
DIA,tightening_2022,ewma,fz0_avg,209,-3.2667900795113165,0.21534505827803535
DIA,tightening_2022,ewma,qlike_ex_near_zero,209,0.35578858469477709,0.082492792806166934
DIA,tightening_2022,garch11,crps,209,0.0071441792206993759,0.000381303781993171
DIA,tightening_2022,garch11,log_score,209,-2.9198332606197734,0.068025334946474947
DIA,tightening_2022,garch11,pinball_0p01,209,0.00045720617099657415,9.9162514328303983e-05
DIA,tightening_2022,garch11,pinball_0p025,209,0.00086703759492775092,0.00012926675220215772
DIA,tightening_2022,garch11,pinball_0p05,209,0.0014379510130782694,0.00016082297718872715
DIA,tightening_2022,garch11,pinball_avg,209,0.00092073159300086482,0.00012763905831773107
DIA,tightening_2022,garch11,qlike,209,0.33538994425205815,0.061989525096788518
DIA,tightening_2022,garch11,fz0_0p01,209,-2.9290782802252036,0.37563708967630505
DIA,tightening_2022,garch11,fz0_0p025,209,-3.277460632835262,0.22814228176534948
DIA,tightening_2022,garch11,fz0_0p05,209,-3.492713078482852,0.16624107580010503
DIA,tightening_2022,garch11,fz0_avg,209,-3.2330839971811063,0.25293636094015293
DIA,tightening_2022,garch11,qlike_ex_near_zero,209,0.33538994425205815,0.061989525096788518
DIA,tightening_2022,garch11_t,crps,209,0.0071557425289565085,0.00038535961318940333
DIA,tightening_2022,garch11_t,log_score,209,-2.9187348004701534,0.063582691108287126
DIA,tightening_2022,garch11_t,pinball_0p01,209,0.00044749530288863113,8.4984391235509469e-05
DIA,tightening_2022,garch11_t,pinball_0p025,209,0.00086561090246424629,0.00012487512226502711
DIA,tightening_2022,garch11_t,pinball_0p05,209,0.0014480098196814214,0.00016149084788920365
DIA,tightening_2022,garch11_t,pinball_avg,209,0.00092037200834476621,0.0001213356565215363
DIA,tightening_2022,garch11_t,qlike,209,0.33763329062733555,0.062242752457303978
DIA,tightening_2022,garch11_t,fz0_0p01,209,-3.0272441463530346,0.28460841985640001
DIA,tightening_2022,garch11_t,fz0_0p025,209,-3.3058110306696395,0.20239525192046146
DIA,tightening_2022,garch11_t,fz0_0p05,209,-3.4932637667969839,0.15903288528808268
DIA,tightening_2022,garch11_t,fz0_avg,209,-3.2754396479398866,0.21131441382035931
DIA,tightening_2022,garch11_t,qlike_ex_near_zero,209,0.33763329062733555,0.062242752457303978
DIA,tightening_2022,gjr,crps,209,0.0071591062289239216,0.00038022936924458109
DIA,tightening_2022,gjr,log_score,209,-2.9147943750475216,0.06861558026833238
DIA,tightening_2022,gjr,pinball_0p01,209,0.00046182932858150497,0.00010049648648143834
DIA,tightening_2022,gjr,pinball_0p025,209,0.00086299966793464274,0.00013096132674863216
DIA,tightening_2022,gjr,pinball_0p05,209,0.0014314311821800772,0.00015906698045438714
DIA,tightening_2022,gjr,pinball_avg,209,0.00091875339289874166,0.00012863801623852079
DIA,tightening_2022,gjr,qlike,209,0.3009666672929352,0.041545399604056774
DIA,tightening_2022,gjr,fz0_0p01,209,-2.9306963216454234,0.38325556957769957
DIA,tightening_2022,gjr,fz0_0p025,209,-3.305542555497607,0.2314791062280924
DIA,tightening_2022,gjr,fz0_0p05,209,-3.5099325042725535,0.16594935797336705
DIA,tightening_2022,gjr,fz0_avg,209,-3.2487237938051949,0.25722748287455427
DIA,tightening_2022,gjr,qlike_ex_near_zero,209,0.3009666672929352,0.041545399604056774
DIA,tightening_2022,har,crps,209,0.0070606980731329587,0.00037041591847075352
DIA,tightening_2022,har,log_score,209,-2.9394926318899723,0.070349501296752159
DIA,tightening_2022,har,pinball_0p01,209,0.00045069137431880867,0.00010643693561552974
DIA,tightening_2022,har,pinball_0p025,209,0.00090191013417596766,0.00013102663056030318
DIA,tightening_2022,har,pinball_0p05,209,0.0014928660583636958,0.00016390416837271961
DIA,tightening_2022,har,pinball_avg,209,0.00094848918895282404,0.00012958377246690753
DIA,tightening_2022,har,qlike,209,0.29835066757652695,0.033558113210285172
DIA,tightening_2022,har,fz0_0p01,209,-2.857996955350131,0.46794808645655095
DIA,tightening_2022,har,fz0_0p025,209,-3.1973275850804432,0.25979491619115663
DIA,tightening_2022,har,fz0_0p05,209,-3.4341761880066359,0.17860643437086093
DIA,tightening_2022,har,fz0_avg,209,-3.1631669094790702,0.29702528607423329
DIA,tightening_2022,har,qlike_ex_near_zero,209,0.29835066757652695,0.033558113210285172
DIA,tightening_2022,lgbm,crps,209,0.0071045416827558421,0.00037839082212893089
DIA,tightening_2022,lgbm,log_score,209,-2.9077816280171596,0.081174895363654784
DIA,tightening_2022,lgbm,pinball_0p01,209,0.00053246223104012555,0.00012066845317704709
DIA,tightening_2022,lgbm,pinball_0p025,209,0.0010089183121963566,0.00015415196193819506
DIA,tightening_2022,lgbm,pinball_0p05,209,0.0016170888471934918,0.00018819413522005353
DIA,tightening_2022,lgbm,pinball_avg,209,0.0010528231301433248,0.00015110383688375162
DIA,tightening_2022,lgbm,qlike,209,0.36734363573981538,0.051524922570365977
DIA,tightening_2022,lgbm,fz0_0p01,209,-2.5249506046399226,0.5555953140469746
DIA,tightening_2022,lgbm,fz0_0p025,209,-2.9828983566276466,0.31522112237024386
DIA,tightening_2022,lgbm,fz0_0p05,209,-3.275957036515774,0.21678750349222606
DIA,tightening_2022,lgbm,fz0_avg,209,-2.9279353325944477,0.35699194102755794
DIA,tightening_2022,lgbm,qlike_ex_near_zero,209,0.36734363573981538,0.051524922570365977
DIA,tightening_2022,moirai,crps,209,0.0070840585244065536,0.00037678578733473986
DIA,tightening_2022,moirai,log_score,209,-2.93668845805291,0.0742879223680325
DIA,tightening_2022,moirai,pinball_0p01,209,0.00044054150692668408,0.00011066397833601702
DIA,tightening_2022,moirai,pinball_0p025,209,0.00088578369930402041,0.0001356417982335949
DIA,tightening_2022,moirai,pinball_0p05,209,0.0014835786097928587,0.00016813498003833937
DIA,tightening_2022,moirai,pinball_avg,209,0.00093663460534118754,0.00013350487259202636
DIA,tightening_2022,moirai,qlike,209,0.32311302226716615,0.044711526062468067
DIA,tightening_2022,moirai,fz0_0p01,209,-2.8623486438908419,0.49668944774988266
DIA,tightening_2022,moirai,fz0_0p025,209,-3.2175388092034782,0.27491222831636364
DIA,tightening_2022,moirai,fz0_0p05,209,-3.4401506500004282,0.18786304641527324
DIA,tightening_2022,moirai,fz0_avg,209,-3.1733460343649162,0.31422505094979958
DIA,tightening_2022,moirai,qlike_ex_near_zero,209,0.32311302226716615,0.044711526062468067
DIA,tightening_2022,naive,crps,209,0.0072175788827954978,0.00038882357358352394
DIA,tightening_2022,naive,log_score,209,-2.8507983297382653,0.077824038477389584
DIA,tightening_2022,naive,pinball_0p01,209,0.00056997286880019441,0.00011478614788318863
DIA,tightening_2022,naive,pinball_0p025,209,0.0010518181297116812,0.00015661755046492831
DIA,tightening_2022,naive,pinball_0p05,209,0.0016448083548612975,0.00019281291910913328
DIA,tightening_2022,naive,pinball_avg,209,0.0010888664511243911,0.00015312935565192203
DIA,tightening_2022,naive,qlike,209,0.43129956137143355,0.040691062235199492
DIA,tightening_2022,naive,fz0_0p01,209,-2.4965010687153577,0.44198533284263081
DIA,tightening_2022,naive,fz0_0p025,209,-2.9556238464722213,0.28261209893679889
DIA,tightening_2022,naive,fz0_0p05,209,-3.2739066655668418,0.20543277928276321
DIA,tightening_2022,naive,fz0_avg,209,-2.9086771935848068,0.30652717692944542
DIA,tightening_2022,naive,qlike_ex_near_zero,209,0.43129956137143355,0.040691062235199492
DIA,tightening_2022,patchtst,crps,209,0.0071556041527424397,0.00038408982649194704
DIA,tightening_2022,patchtst,log_score,209,-2.8529671035999624,0.090234733651267551
DIA,tightening_2022,patchtst,pinball_0p01,209,0.00055410891760303239,0.00013605597658835516
DIA,tightening_2022,patchtst,pinball_0p025,209,0.0010357513306563891,0.00017202768083786747
DIA,tightening_2022,patchtst,pinball_0p05,209,0.0016353627576597863,0.00020180801334210042
DIA,tightening_2022,patchtst,pinball_avg,209,0.0010750743353064027,0.00016804178251948504
DIA,tightening_2022,patchtst,qlike,209,0.75049469419173365,0.23743742604886203
DIA,tightening_2022,patchtst,fz0_0p01,209,-2.3354420902073265,0.70863707022800304
DIA,tightening_2022,patchtst,fz0_0p025,209,-2.8435807202714587,0.41226155235670214
DIA,tightening_2022,patchtst,fz0_0p05,209,-3.1982847876882046,0.27676919130782257
DIA,tightening_2022,patchtst,fz0_avg,209,-2.792435866055663,0.46385878130631808
DIA,tightening_2022,patchtst,qlike_ex_near_zero,209,0.75049469419173365,0.23743742604886203
DIA,tightening_2022,timesfm,crps,209,0.0070632020705308166,0.00037548165137142717
DIA,tightening_2022,timesfm,log_score,209,-2.9443250001752079,0.072363018669263313
DIA,tightening_2022,timesfm,pinball_0p01,209,0.00044093637931929397,0.00010884780713646167
DIA,tightening_2022,timesfm,pinball_0p025,209,0.00088927426168723038,0.00013415990638176087
DIA,tightening_2022,timesfm,pinball_0p05,209,0.001481880852252618,0.00016840939278076023
DIA,tightening_2022,timesfm,pinball_avg,209,0.00093736383108638068,0.0001324214788900821
DIA,tightening_2022,timesfm,qlike,209,0.3080572645237632,0.041047170572804166
DIA,tightening_2022,timesfm,fz0_0p01,209,-2.8712821315921504,0.48106227721990896
DIA,tightening_2022,timesfm,fz0_0p025,209,-3.2106803311312651,0.26848693778378768
DIA,tightening_2022,timesfm,fz0_0p05,209,-3.4389827616905251,0.18619657899105849
DIA,tightening_2022,timesfm,fz0_avg,209,-3.1736484081379803,0.30590570626342695
DIA,tightening_2022,timesfm,qlike_ex_near_zero,209,0.3080572645237632,0.041047170572804166
DIA,spike_2024_08,autoarima,crps,22,0.0053011602568873101,0.0012300412831696662
DIA,spike_2024_08,autoarima,log_score,22,-3.2896138993931685,0.2564853667721041
DIA,spike_2024_08,autoarima,pinball_0p01,22,0.0003552723163868204,0.00013444694488865992
DIA,spike_2024_08,autoarima,pinball_0p025,22,0.00074828936183836739,0.00027400861866547904
DIA,spike_2024_08,autoarima,pinball_0p05,22,0.0012065865276780728,0.0003917928628521128
DIA,spike_2024_08,autoarima,pinball_avg,22,0.00077004940196775365,0.00026666974345391928
DIA,spike_2024_08,autoarima,qlike,22,0.64220447242559409,0.24286468185195126
DIA,spike_2024_08,autoarima,fz0_0p01,22,-3.3728844901433779,0.58334928521926377
DIA,spike_2024_08,autoarima,fz0_0p025,22,-3.5670175950257073,0.55641918521023859
DIA,spike_2024_08,autoarima,fz0_0p05,22,-3.8135439593873417,0.48115118337685986
DIA,spike_2024_08,autoarima,fz0_avg,22,-3.5844820148521421,0.54003048108766705
DIA,spike_2024_08,autoarima,qlike_ex_near_zero,22,0.64220447242559409,0.24286468185195126
DIA,spike_2024_08,autoets,crps,22,0.0053157376635056047,0.0012239623013733704
DIA,spike_2024_08,autoets,log_score,22,-3.2842381781860555,0.24799377152730359
DIA,spike_2024_08,autoets,pinball_0p01,22,0.00033178666450275006,9.5145557011460717e-05
DIA,spike_2024_08,autoets,pinball_0p025,22,0.00075199373744231528,0.00024039744647295572
DIA,spike_2024_08,autoets,pinball_0p05,22,0.0012256685865544967,0.00035351449450518444
DIA,spike_2024_08,autoets,pinball_avg,22,0.00076981632949985393,0.00022953820122210853
DIA,spike_2024_08,autoets,qlike,22,0.69411551911402214,0.20877571442892082
DIA,spike_2024_08,autoets,fz0_0p01,22,-3.4690320678116509,0.41491613469709304
DIA,spike_2024_08,autoets,fz0_0p025,22,-3.5674985203659308,0.47715534477454646
DIA,spike_2024_08,autoets,fz0_0p05,22,-3.7973799767105589,0.41801046104977169
DIA,spike_2024_08,autoets,fz0_avg,22,-3.6113035216293805,0.43664406115333132
DIA,spike_2024_08,autoets,qlike_ex_near_zero,22,0.69411551911402214,0.20877571442892082
DIA,spike_2024_08,chronos,crps,22,0.0053200495100922543,0.00114482260451291
DIA,spike_2024_08,chronos,log_score,22,-3.291922752621836,0.19877619072080022
DIA,spike_2024_08,chronos,pinball_0p01,22,0.00022301103340391856,2.2635784605947788e-05
DIA,spike_2024_08,chronos,pinball_0p025,22,0.00059837556960008124,0.00011112641687104531
DIA,spike_2024_08,chronos,pinball_0p05,22,0.0010984450621311793,0.00025277536671694637
DIA,spike_2024_08,chronos,pinball_avg,22,0.0006399438883783929,0.00012246820158300092
DIA,spike_2024_08,chronos,qlike,22,0.56574826842408621,0.15902168041178483
DIA,spike_2024_08,chronos,fz0_0p01,22,-3.8653603949220812,0.080763423291464062
DIA,spike_2024_08,chronos,fz0_0p025,22,-3.8526548524806881,0.23121138842640498
DIA,spike_2024_08,chronos,fz0_0p05,22,-3.9571646780837693,0.28659195254578146
DIA,spike_2024_08,chronos,fz0_avg,22,-3.8917266418288459,0.19746622666342611
DIA,spike_2024_08,chronos,qlike_ex_near_zero,22,0.56574826842408621,0.15902168041178483
DIA,spike_2024_08,ewma,crps,22,0.0054918317597585087,0.0012496860217145094
DIA,spike_2024_08,ewma,log_score,22,-3.1381955147024496,0.2925867872780466
DIA,spike_2024_08,ewma,pinball_0p01,22,0.00053044619516064379,0.00027105567574604752
DIA,spike_2024_08,ewma,pinball_0p025,22,0.00092345978298874682,0.00037825126808173533
DIA,spike_2024_08,ewma,pinball_0p05,22,0.0015249671640041788,0.00054267146171157533
DIA,spike_2024_08,ewma,pinball_avg,22,0.00099295771405118996,0.00039390408619374332
DIA,spike_2024_08,ewma,qlike,22,0.93731525275794969,0.39761222688985187
DIA,spike_2024_08,ewma,fz0_0p01,22,-2.4699371911953976,1.2819955614853944
DIA,spike_2024_08,ewma,fz0_0p025,22,-3.0891604332575313,0.85110204598680927
DIA,spike_2024_08,ewma,fz0_0p05,22,-3.319065846605977,0.75709477372103495
DIA,spike_2024_08,ewma,fz0_avg,22,-2.9593878236863018,0.95398834487332362
DIA,spike_2024_08,ewma,qlike_ex_near_zero,22,0.93731525275794969,0.39761222688985187
DIA,spike_2024_08,garch11,crps,22,0.0054915027969156226,0.0013108656632916092
DIA,spike_2024_08,garch11,log_score,22,-3.0803188708429206,0.38069113318550651
DIA,spike_2024_08,garch11,pinball_0p01,22,0.00062183190544705565,0.00038935843800599613
DIA,spike_2024_08,garch11,pinball_0p025,22,0.0010282401838127429,0.00053682484469273946
DIA,spike_2024_08,garch11,pinball_0p05,22,0.0015918340811388162,0.00070110181048878804
DIA,spike_2024_08,garch11,pinball_avg,22,0.0010806353901328717,0.0005363076895673368
DIA,spike_2024_08,garch11,qlike,22,1.1206184538135806,0.64384838746924067
DIA,spike_2024_08,garch11,fz0_0p01,22,-1.7669622643449472,2.104477393488644
DIA,spike_2024_08,garch11,fz0_0p025,22,-2.6862287607295889,1.38946650753291
DIA,spike_2024_08,garch11,fz0_0p05,22,-3.1040685474143044,1.1028511714295623
DIA,spike_2024_08,garch11,fz0_avg,22,-2.5190865241629461,1.5111100726548097
DIA,spike_2024_08,garch11,qlike_ex_near_zero,22,1.1206184538135806,0.64384838746924067
DIA,spike_2024_08,garch11_t,crps,22,0.0054956092367026968,0.0013264765487438451
DIA,spike_2024_08,garch11_t,log_score,22,-3.1202743160901178,0.35115571655148647
DIA,spike_2024_08,garch11_t,pinball_0p01,22,0.00060005715824933755,0.00036320118946262621
DIA,spike_2024_08,garch11_t,pinball_0p025,22,0.0010198216782000618,0.00052842440171036245
DIA,spike_2024_08,garch11_t,pinball_0p05,22,0.001601131624274027,0.0007191444301059165
DIA,spike_2024_08,garch11_t,pinball_avg,22,0.0010736701535744753,0.00052997021344126016
DIA,spike_2024_08,garch11_t,qlike,22,1.1343496974767786,0.65966866387620549
DIA,spike_2024_08,garch11_t,fz0_0p01,22,-2.0234928711744531,1.8258958375008776
DIA,spike_2024_08,garch11_t,fz0_0p025,22,-2.7632161914350561,1.3071954954148013
DIA,spike_2024_08,garch11_t,fz0_0p05,22,-3.1143050714960392,1.1017881004150865
DIA,spike_2024_08,garch11_t,fz0_avg,22,-2.6336713780351824,1.390326887689785
DIA,spike_2024_08,garch11_t,qlike_ex_near_zero,22,1.1343496974767786,0.65966866387620549
DIA,spike_2024_08,gjr,crps,22,0.0054785885480202945,0.0013118360735026222
DIA,spike_2024_08,gjr,log_score,22,-3.0987264653308575,0.37254257597335255
DIA,spike_2024_08,gjr,pinball_0p01,22,0.00060043977849697026,0.00036368500558908419
DIA,spike_2024_08,gjr,pinball_0p025,22,0.001041276390968268,0.00052220318836559694
DIA,spike_2024_08,gjr,pinball_0p05,22,0.00163212449721672,0.00069749559382892409
DIA,spike_2024_08,gjr,pinball_avg,22,0.001091280222227319,0.00052001295544319085
DIA,spike_2024_08,gjr,qlike,22,1.0729966156742259,0.58040241038191742
DIA,spike_2024_08,gjr,fz0_0p01,22,-1.9508144674106389,1.9027714699714058
DIA,spike_2024_08,gjr,fz0_0p025,22,-2.6907748113004488,1.3214347764715451
DIA,spike_2024_08,gjr,fz0_0p05,22,-3.0621888999242781,1.084055132924068
DIA,spike_2024_08,gjr,fz0_avg,22,-2.5679260595451221,1.4076187891163734
DIA,spike_2024_08,gjr,qlike_ex_near_zero,22,1.0729966156742259,0.58040241038191742
DIA,spike_2024_08,har,crps,22,0.005367391209624984,0.0012099459877071021
DIA,spike_2024_08,har,log_score,22,-3.2495241347535573,0.23644504312256678
DIA,spike_2024_08,har,pinball_0p01,22,0.00033266077768522847,9.0117433036476406e-05
DIA,spike_2024_08,har,pinball_0p025,22,0.00076193672873984338,0.00023722711660678836
DIA,spike_2024_08,har,pinball_0p05,22,0.0012468903013888085,0.00035178875207242892
DIA,spike_2024_08,har,pinball_avg,22,0.00078049593593796025,0.00022624528640748882
DIA,spike_2024_08,har,qlike,22,0.65714662831715753,0.20353234515668769
DIA,spike_2024_08,har,fz0_0p01,22,-3.4553409660753456,0.39160363777535845
DIA,spike_2024_08,har,fz0_0p025,22,-3.539876764843997,0.46706195352913021
DIA,spike_2024_08,har,fz0_0p05,22,-3.7646978749911879,0.41234865585626018
DIA,spike_2024_08,har,fz0_avg,22,-3.5866385353035097,0.42361857809768438
DIA,spike_2024_08,har,qlike_ex_near_zero,22,0.65714662831715753,0.20353234515668769
DIA,spike_2024_08,lgbm,crps,22,0.0053468387906414261,0.0012556378950917681
DIA,spike_2024_08,lgbm,log_score,22,-3.2354926092681038,0.27956226940658579
DIA,spike_2024_08,lgbm,pinball_0p01,22,0.00042702010957011233,0.00021323324067868503
DIA,spike_2024_08,lgbm,pinball_0p025,22,0.00079144192405692954,0.00033798889774371314
DIA,spike_2024_08,lgbm,pinball_0p05,22,0.0013206030922933395,0.00046920289788854238
DIA,spike_2024_08,lgbm,pinball_avg,22,0.00084635504197346054,0.00033870478068045859
DIA,spike_2024_08,lgbm,qlike,22,0.83888568827616306,0.32010468298331246
DIA,spike_2024_08,lgbm,fz0_0p01,22,-3.0487794799214361,0.96229746748175848
DIA,spike_2024_08,lgbm,fz0_0p025,22,-3.4629813922481487,0.727139168449073
DIA,spike_2024_08,lgbm,fz0_0p05,22,-3.6564655056296811,0.62542443800464909
DIA,spike_2024_08,lgbm,fz0_avg,22,-3.3894087925997556,0.76708885905029256
DIA,spike_2024_08,lgbm,qlike_ex_near_zero,22,0.83888568827616306,0.32010468298331246
DIA,spike_2024_08,moirai,crps,22,0.005275114069706285,0.0012051614100462777
DIA,spike_2024_08,moirai,log_score,22,-3.3194802823070741,0.22764300475476071
DIA,spike_2024_08,moirai,pinball_0p01,22,0.00020757896768578324,2.4045025483839625e-05
DIA,spike_2024_08,moirai,pinball_0p025,22,0.00058812990195305636,0.0001347494474914102
DIA,spike_2024_08,moirai,pinball_0p05,22,0.0010659822895337534,0.00027579088668679944
DIA,spike_2024_08,moirai,pinball_avg,22,0.00062056371972419753,0.00013864561952473873
DIA,spike_2024_08,moirai,qlike,22,0.52879890677748298,0.15199153550579278
DIA,spike_2024_08,moirai,fz0_0p01,22,-3.9408145202726428,0.16209157000983887
DIA,spike_2024_08,moirai,fz0_0p025,22,-3.8919913952956189,0.2745543739242865
DIA,spike_2024_08,moirai,fz0_0p05,22,-4.0079261081224962,0.31542259186969707
DIA,spike_2024_08,moirai,fz0_avg,22,-3.9469106745635845,0.22668552647095222
DIA,spike_2024_08,moirai,qlike_ex_near_zero,22,0.52879890677748298,0.15199153550579278
DIA,spike_2024_08,naive,crps,22,0.0054178787447269347,0.0012298364531249854
DIA,spike_2024_08,naive,log_score,22,-3.1860421554819922,0.27561104458984947
DIA,spike_2024_08,naive,pinball_0p01,22,0.00050713215578586683,0.00026821837613316061
DIA,spike_2024_08,naive,pinball_0p025,22,0.00087992290150344492,0.00037707411072528048
DIA,spike_2024_08,naive,pinball_0p05,22,0.0013666696997685591,0.00049798501405779448
DIA,spike_2024_08,naive,pinball_avg,22,0.00091790825235262376,0.00038074220640756877
DIA,spike_2024_08,naive,qlike,22,0.85063490281018483,0.40984720343491959
DIA,spike_2024_08,naive,fz0_0p01,22,-2.582281041622831,1.2650229130656661
DIA,spike_2024_08,naive,fz0_0p025,22,-3.1872588101905417,0.84747613067896632
DIA,spike_2024_08,naive,fz0_0p05,22,-3.5307279143223513,0.67893274086356181
DIA,spike_2024_08,naive,fz0_avg,22,-3.1000892553785744,0.92870743993186056
DIA,spike_2024_08,naive,qlike_ex_near_zero,22,0.85063490281018483,0.40984720343491959
DIA,spike_2024_08,patchtst,crps,22,0.0054721168536275367,0.0011371365398343835
DIA,spike_2024_08,patchtst,log_score,22,-3.1817883124983428,0.19684070247445815
DIA,spike_2024_08,patchtst,pinball_0p01,22,0.00036775566863344515,0.00010485351388929845
DIA,spike_2024_08,patchtst,pinball_0p025,22,0.0008054295158331971,0.0002407590865449896
DIA,spike_2024_08,patchtst,pinball_0p05,22,0.0013782024800683172,0.0003291924957341206
DIA,spike_2024_08,patchtst,pinball_avg,22,0.00085046255484498643,0.00022496243490198578
DIA,spike_2024_08,patchtst,qlike,22,0.79798561096444753,0.23176646645904009
DIA,spike_2024_08,patchtst,fz0_0p01,22,-3.2856668590951514,0.45009619686347063
DIA,spike_2024_08,patchtst,fz0_0p025,22,-3.4233831260443677,0.4765428461544407
DIA,spike_2024_08,patchtst,fz0_0p05,22,-3.5612250318856482,0.39758655533008669
DIA,spike_2024_08,patchtst,fz0_avg,22,-3.4234250056750564,0.44111115518966748
DIA,spike_2024_08,patchtst,qlike_ex_near_zero,22,0.79798561096444753,0.23176646645904009
DIA,spike_2024_08,timesfm,crps,22,0.0053164268360137374,0.0012264836836295221
DIA,spike_2024_08,timesfm,log_score,22,-3.2934977017858369,0.24620463239076251
DIA,spike_2024_08,timesfm,pinball_0p01,22,0.00027844216022303216,6.2758682063489155e-05
DIA,spike_2024_08,timesfm,pinball_0p025,22,0.00069257091405946223,0.00021905694983505344
DIA,spike_2024_08,timesfm,pinball_0p05,22,0.0011555464494972889,0.00034410936863993753
DIA,spike_2024_08,timesfm,pinball_avg,22,0.00070885317459326114,0.00020839430881896916
DIA,spike_2024_08,timesfm,qlike,22,0.61668832649728078,0.19764684510942376
DIA,spike_2024_08,timesfm,fz0_0p01,22,-3.6863892144100689,0.28745797157218
DIA,spike_2024_08,timesfm,fz0_0p025,22,-3.6966975095038337,0.42926278699279524
DIA,spike_2024_08,timesfm,fz0_0p05,22,-3.8945552860023196,0.39990300311784432
DIA,spike_2024_08,timesfm,fz0_avg,22,-3.7592140033054076,0.37170585066085865
DIA,spike_2024_08,timesfm,qlike_ex_near_zero,22,0.61668832649728078,0.19764684510942376
DIA,calm,autoarima,crps,4465,0.0047419810262306072,8.9229143849601443e-05
DIA,calm,autoarima,log_score,4465,-3.3943055701610323,0.01975080332617063
DIA,calm,autoarima,pinball_0p01,4465,0.00031698385814004113,2.0963503770376427e-05
DIA,calm,autoarima,pinball_0p025,4465,0.00062519582217110718,2.6034712265506878e-05
DIA,calm,autoarima,pinball_0p05,4465,0.0010328862001720096,3.1203764811141718e-05
DIA,calm,autoarima,pinball_avg,4465,0.00065835529349438592,2.5736876639176061e-05
DIA,calm,autoarima,qlike,4465,0.43091798200266046,0.02093359712919456
DIA,calm,autoarima,fz0_0p01,4465,-3.4445579375346917,0.096149357528229076
DIA,calm,autoarima,fz0_0p025,4465,-3.7274765675376664,0.055174561269826318
DIA,calm,autoarima,fz0_0p05,4465,-3.9439347443166346,0.038569410440235763
DIA,calm,autoarima,fz0_avg,4465,-3.7053230831296644,0.062440399676289615
DIA,calm,autoarima,qlike_ex_near_zero,4465,0.43091798200266046,0.02093359712919456
DIA,calm,autoets,crps,4465,0.0047416303543859764,8.9328170960217712e-05
DIA,calm,autoets,log_score,4465,-3.394373495221271,0.019451744637403543
DIA,calm,autoets,pinball_0p01,4465,0.00031398690122872125,1.9673956669534474e-05
DIA,calm,autoets,pinball_0p025,4465,0.00062248290513154496,2.4906184571020511e-05
DIA,calm,autoets,pinball_0p05,4465,0.0010319570630013591,3.0247926072515334e-05
DIA,calm,autoets,pinball_avg,4465,0.00065614228978720852,2.4614309504668946e-05
DIA,calm,autoets,qlike,4465,0.42994080408728202,0.021268096486425053
DIA,calm,autoets,fz0_0p01,4465,-3.4529204258641095,0.092499800861849224
DIA,calm,autoets,fz0_0p025,4465,-3.733101903362674,0.053344996943425219
DIA,calm,autoets,fz0_0p05,4465,-3.9473795687405646,0.037496005851707322
DIA,calm,autoets,fz0_avg,4465,-3.711133965989116,0.060230965765190214
DIA,calm,autoets,qlike_ex_near_zero,4465,0.42994080408728202,0.021268096486425053
DIA,calm,chronos,crps,4465,0.0047664703821861977,8.9026590662742754e-05
DIA,calm,chronos,log_score,4465,-3.3750800275935049,0.020604116413329963
DIA,calm,chronos,pinball_0p01,4465,0.00032333976312196174,2.2133461018994179e-05
DIA,calm,chronos,pinball_0p025,4465,0.00063537570309617555,2.7176336125625961e-05
DIA,calm,chronos,pinball_0p05,4465,0.0010474637262304291,3.2324919017814903e-05
DIA,calm,chronos,pinball_avg,4465,0.00066872639748285557,2.6856777900908682e-05
DIA,calm,chronos,qlike,4465,0.45241976369990505,0.023475245638336487
DIA,calm,chronos,fz0_0p01,4465,-3.3955092167176422,0.10566561421905502
DIA,calm,chronos,fz0_0p025,4465,-3.6960609718858524,0.059428290145192374
DIA,calm,chronos,fz0_0p05,4465,-3.9175997793716024,0.040968345292186618
DIA,calm,chronos,fz0_avg,4465,-3.6697233226583652,0.067808707894341805
DIA,calm,chronos,qlike_ex_near_zero,4465,0.45241976369990505,0.023475245638336487
DIA,calm,ewma,crps,4465,0.0047936856042760136,9.0545004420095672e-05
DIA,calm,ewma,log_score,4465,-3.3488033677361693,0.022498547451242544
DIA,calm,ewma,pinball_0p01,4465,0.00034533807605014561,2.2154684286405217e-05
DIA,calm,ewma,pinball_0p025,4465,0.0006558562840492131,2.7215537732245439e-05
DIA,calm,ewma,pinball_0p05,4465,0.0010726470432687772,3.2406612671946685e-05
DIA,calm,ewma,pinball_avg,4465,0.00069128046778937869,2.686242553339124e-05
DIA,calm,ewma,qlike,4465,0.4798638861086042,0.024952799009265839
DIA,calm,ewma,fz0_0p01,4465,-3.210286565548226,0.12292299634845312
DIA,calm,ewma,fz0_0p025,4465,-3.6098888388832053,0.067398516293915786
DIA,calm,ewma,fz0_0p05,4465,-3.8631247045062458,0.045117003611589365
DIA,calm,ewma,fz0_avg,4465,-3.5611000363125593,0.077705153998553281
DIA,calm,ewma,qlike_ex_near_zero,4465,0.4798638861086042,0.024952799009265839
DIA,calm,garch11,crps,4465,0.0047810073120897892,8.9612426002460421e-05
DIA,calm,garch11,log_score,4465,-3.3677986085775591,0.019646080745135332
DIA,calm,garch11,pinball_0p01,4465,0.00032340143711850303,2.0919114140979733e-05
DIA,calm,garch11,pinball_0p025,4465,0.000639517734387937,2.5933995060524921e-05
DIA,calm,garch11,pinball_0p05,4465,0.0010601393025907757,3.1360991751295113e-05
DIA,calm,garch11,pinball_avg,4465,0.00067435282469907186,2.566840554126415e-05
DIA,calm,garch11,qlike,4465,0.44985624565605997,0.017491438049457259
DIA,calm,garch11,fz0_0p01,4465,-3.376017853405513,0.10097700545174589
DIA,calm,garch11,fz0_0p025,4465,-3.6734426442671015,0.057020577910435681
DIA,calm,garch11,fz0_0p05,4465,-3.8945866636668844,0.03959116505721879
DIA,calm,garch11,fz0_avg,4465,-3.6480157204464994,0.064934861490862736
DIA,calm,garch11,qlike_ex_near_zero,4465,0.44985624565605997,0.017491438049457259
DIA,calm,garch11_t,crps,4465,0.0047653126522621521,8.9875777305536834e-05
DIA,calm,garch11_t,log_score,4465,-3.3984513350706043,0.017862608609483417
DIA,calm,garch11_t,pinball_0p01,4465,0.00031097018208424079,1.8559325587147242e-05
DIA,calm,garch11_t,pinball_0p025,4465,0.00063404253113748959,2.5379836775893485e-05
DIA,calm,garch11_t,pinball_0p05,4465,0.0010556859267221482,3.206503483430532e-05
DIA,calm,garch11_t,pinball_avg,4465,0.00066689954664795963,2.4728478782197998e-05
DIA,calm,garch11_t,qlike,4465,0.44772321085632683,0.017718361035117154
DIA,calm,garch11_t,fz0_0p01,4465,-3.4926978209716411,0.076989908596672457
DIA,calm,garch11_t,fz0_0p025,4465,-3.7073770187886432,0.050481152843979055
DIA,calm,garch11_t,fz0_0p05,4465,-3.9073857725842776,0.038476455412936157
DIA,calm,garch11_t,fz0_avg,4465,-3.7024868707815202,0.053939067480360758
DIA,calm,garch11_t,qlike_ex_near_zero,4465,0.44772321085632683,0.017718361035117154
DIA,calm,gjr,crps,4465,0.0047400477191845867,8.9475532730524116e-05
DIA,calm,gjr,log_score,4465,-3.3899719469385778,0.020562892420495062
DIA,calm,gjr,pinball_0p01,4465,0.00031068815765689355,1.9927098303779461e-05
DIA,calm,gjr,pinball_0p025,4465,0.00062007875073729626,2.4827287007231411e-05
DIA,calm,gjr,pinball_0p05,4465,0.0010316600024944031,3.0348598504052245e-05
DIA,calm,gjr,pinball_avg,4465,0.00065414230362953094,2.4595514953699867e-05
DIA,calm,gjr,qlike,4465,0.4098806585022019,0.016827926880295579
DIA,calm,gjr,fz0_0p01,4465,-3.4269568326290405,0.10119160660225951
DIA,calm,gjr,fz0_0p025,4465,-3.7198115902927031,0.056627573685859064
DIA,calm,gjr,fz0_0p05,4465,-3.9368720240287685,0.039247745289540878
DIA,calm,gjr,fz0_avg,4465,-3.6945468156501713,0.06468359984132227
DIA,calm,gjr,qlike_ex_near_zero,4465,0.4098806585022019,0.016827926880295579
DIA,calm,har,crps,4465,0.0047519474367664939,8.955046581253688e-05
DIA,calm,har,log_score,4465,-3.3898904112141879,0.019485201006958018
DIA,calm,har,pinball_0p01,4465,0.00031671087310949719,2.1215475004394179e-05
DIA,calm,har,pinball_0p025,4465,0.00062803432796221215,2.6381201164188436e-05
DIA,calm,har,pinball_0p05,4465,0.0010382705977737287,3.1603738097853421e-05
DIA,calm,har,pinball_avg,4465,0.00066100526628181267,2.6063202025079707e-05
DIA,calm,har,qlike,4465,0.43604656787161822,0.022993069702059225
DIA,calm,har,fz0_0p01,4465,-3.4507522104344117,0.094813082299227594
DIA,calm,har,fz0_0p025,4465,-3.7227070388303991,0.054809526803418135
DIA,calm,har,fz0_0p05,4465,-3.9372737511184059,0.038358629746673228
DIA,calm,har,fz0_avg,4465,-3.7035776667944047,0.061841859479547914
DIA,calm,har,qlike_ex_near_zero,4465,0.43604656787161822,0.022993069702059225
DIA,calm,lgbm,crps,4465,0.0049089199563996638,9.4039846664041148e-05
DIA,calm,lgbm,log_score,4465,-3.3159018308974559,0.022740508640969274
DIA,calm,lgbm,pinball_0p01,4465,0.00034324959151965472,2.1509586600211287e-05
DIA,calm,lgbm,pinball_0p025,4465,0.00067579461325711541,2.6029020936975573e-05
DIA,calm,lgbm,pinball_0p05,4465,0.0011151469549570481,3.160108256455003e-05
DIA,calm,lgbm,pinball_avg,4465,0.0007113970532446061,2.587978463382035e-05
DIA,calm,lgbm,qlike,4465,0.57571390294266811,0.028222598630113775
DIA,calm,lgbm,fz0_0p01,4465,-3.3362842666487604,0.11292461549974984
DIA,calm,lgbm,fz0_0p025,4465,-3.6397637037834305,0.060575019227262689
DIA,calm,lgbm,fz0_0p05,4465,-3.8597452312058165,0.040392677900251375
DIA,calm,lgbm,fz0_avg,4465,-3.611931067212669,0.070540741374212942
DIA,calm,lgbm,qlike_ex_near_zero,4465,0.57571390294266811,0.028222598630113775
DIA,calm,moirai,crps,4465,0.0047475508872045474,8.9793170459221945e-05
DIA,calm,moirai,log_score,4465,-3.3878762167029111,0.02061341924923667
DIA,calm,moirai,pinball_0p01,4465,0.00032464864152361095,2.1629398383759462e-05
DIA,calm,moirai,pinball_0p025,4465,0.00063164966955680493,2.6969827122210223e-05
DIA,calm,moirai,pinball_0p05,4465,0.0010346742727051633,3.2431340457332656e-05
DIA,calm,moirai,pinball_avg,4465,0.00066365752792852631,2.6666916661192862e-05
DIA,calm,moirai,qlike,4465,0.43381680567374992,0.022497351300912787
DIA,calm,moirai,fz0_0p01,4465,-3.3834194488904021,0.10348132475357508
DIA,calm,moirai,fz0_0p025,4465,-3.7002862576206197,0.059026723898268324
DIA,calm,moirai,fz0_0p05,4465,-3.9326193326126169,0.041106618815693566
DIA,calm,moirai,fz0_avg,4465,-3.672108346374547,0.066974806552940733
DIA,calm,moirai,qlike_ex_near_zero,4465,0.43381680567374992,0.022497351300912787
DIA,calm,naive,crps,4465,0.0050777020228150336,9.0819957477541167e-05
DIA,calm,naive,log_score,4465,-3.1940375584619178,0.028073084456814355
DIA,calm,naive,pinball_0p01,4465,0.00040650972466749365,2.7497266135436925e-05
DIA,calm,naive,pinball_0p025,4465,0.00076365626367004026,3.184122131418613e-05
DIA,calm,naive,pinball_0p05,4465,0.0012298292170417728,3.6068875849418634e-05
DIA,calm,naive,pinball_avg,4465,0.00079999840179310227,3.1511194496690662e-05
DIA,calm,naive,qlike,4465,0.80497085022237891,0.047947355334747754
DIA,calm,naive,fz0_0p01,4465,-3.0008518939537918,0.14500013634206929
DIA,calm,naive,fz0_0p025,4465,-3.4122628245874753,0.076481574092530549
DIA,calm,naive,fz0_0p05,4465,-3.6806674035418485,0.049295075942385982
DIA,calm,naive,fz0_avg,4465,-3.3645940406943722,0.089635148970669501
DIA,calm,naive,qlike_ex_near_zero,4465,0.80497085022237891,0.047947355334747754
DIA,calm,patchtst,crps,4465,0.0048882979807686518,9.4256470668084151e-05
DIA,calm,patchtst,log_score,4465,-3.2288658639980126,0.034813588818296236
DIA,calm,patchtst,pinball_0p01,4465,0.00041229885553649859,2.8086220176612025e-05
DIA,calm,patchtst,pinball_0p025,4465,0.00073060609492953728,3.2646838010293752e-05
DIA,calm,patchtst,pinball_0p05,4465,0.0011427124179726545,3.6850809035573562e-05
DIA,calm,patchtst,pinball_avg,4465,0.00076187245614623019,3.2244689619842471e-05
DIA,calm,patchtst,qlike,4465,0.76873637568184106,0.060563125430881284
DIA,calm,patchtst,fz0_0p01,4465,-2.7077342852281161,0.18424725970628314
DIA,calm,patchtst,fz0_0p025,4465,-3.3354632244952445,0.096321906884337671
DIA,calm,patchtst,fz0_0p05,4465,-3.6956746668548797,0.061485662468751881
DIA,calm,patchtst,fz0_avg,4465,-3.2462907255260802,0.11334864998609345
DIA,calm,patchtst,qlike_ex_near_zero,4465,0.76873637568184106,0.060563125430881284
DIA,calm,timesfm,crps,4465,0.0047639946358337256,8.8673330389660789e-05
DIA,calm,timesfm,log_score,4465,-3.3794103313568797,0.019788525654462572
DIA,calm,timesfm,pinball_0p01,4465,0.00032247948905713092,2.1715781226006999e-05
DIA,calm,timesfm,pinball_0p025,4465,0.00063315653766107339,2.676997417798985e-05
DIA,calm,timesfm,pinball_0p05,4465,0.0010472477134282447,3.1881611125861872e-05
DIA,calm,timesfm,pinball_avg,4465,0.00066762791338214971,2.6465238674456268e-05
DIA,calm,timesfm,qlike,4465,0.445762907460931,0.022282456305031503
DIA,calm,timesfm,fz0_0p01,4465,-3.4117643152275479,0.10012869407022439
DIA,calm,timesfm,fz0_0p025,4465,-3.7019361425367263,0.056802633495060102
DIA,calm,timesfm,fz0_0p05,4465,-3.9171679693945753,0.039382142771536691
DIA,calm,timesfm,fz0_avg,4465,-3.6769561423862833,0.064584339463352194
DIA,calm,timesfm,qlike_ex_near_zero,4465,0.445762907460931,0.022282456305031503
DIA,gfc_wide,autoarima,crps,504,0.009907922060185469,0.00065417904830468356
DIA,gfc_wide,autoarima,log_score,504,-2.7212898259116067,0.052590878465434289
DIA,gfc_wide,autoarima,pinball_0p01,504,0.00054754623843586404,6.5534843530233117e-05
DIA,gfc_wide,autoarima,pinball_0p025,504,0.0011462666998346411,0.0001051424351918824
DIA,gfc_wide,autoarima,pinball_0p05,504,0.001924920030060351,0.00015014891157286359
DIA,gfc_wide,autoarima,pinball_avg,504,0.0012062443227769521,0.00010436675330047232
DIA,gfc_wide,autoarima,qlike,504,0.36303936341206849,0.040222627502740471
DIA,gfc_wide,autoarima,fz0_0p01,504,-2.895824588417693,0.16468141551728671
DIA,gfc_wide,autoarima,fz0_0p025,504,-3.0914449169496803,0.11505729353663056
DIA,gfc_wide,autoarima,fz0_0p05,504,-3.2758053674699315,0.090853810633877707
DIA,gfc_wide,autoarima,fz0_avg,504,-3.0876916242791013,0.12069348061029711
DIA,gfc_wide,autoarima,qlike_ex_near_zero,504,0.36303936341206849,0.040222627502740471
DIA,gfc_wide,autoets,crps,504,0.0098495948273941338,0.0006459980134960367
DIA,gfc_wide,autoets,log_score,504,-2.7456505666872109,0.049234602718658843
DIA,gfc_wide,autoets,pinball_0p01,504,0.00049348847307039052,4.5352300105800855e-05
DIA,gfc_wide,autoets,pinball_0p025,504,0.0010684230747986022,8.4645970535568362e-05
DIA,gfc_wide,autoets,pinball_0p05,504,0.0018293818379801826,0.00012710280650964347
DIA,gfc_wide,autoets,pinball_avg,504,0.0011304311286163919,8.4502730529215935e-05
DIA,gfc_wide,autoets,qlike,504,0.33695356952201144,0.036292727352404922
DIA,gfc_wide,autoets,fz0_0p01,504,-3.0656215822905741,0.11481400241641451
DIA,gfc_wide,autoets,fz0_0p025,504,-3.2031847815405468,0.090105975693945364
DIA,gfc_wide,autoets,fz0_0p05,504,-3.3429353377535285,0.076214462641312361
DIA,gfc_wide,autoets,fz0_avg,504,-3.2039139005282169,0.090903245017937867
DIA,gfc_wide,autoets,qlike_ex_near_zero,504,0.33695356952201144,0.036292727352404922
DIA,gfc_wide,chronos,crps,504,0.0099360927598404168,0.00065188558147481431
DIA,gfc_wide,chronos,log_score,504,-2.6957097617968877,0.058421795407795823
DIA,gfc_wide,chronos,pinball_0p01,504,0.00060953203484905472,8.7220598829105547e-05
DIA,gfc_wide,chronos,pinball_0p025,504,0.0011782598944990418,0.00011796456803179156
DIA,gfc_wide,chronos,pinball_0p05,504,0.0020010316914336503,0.00015584894401750191
DIA,gfc_wide,chronos,pinball_avg,504,0.0012629412069272488,0.00011743311465381037
DIA,gfc_wide,chronos,qlike,504,0.37826593684857401,0.04630424005284503
DIA,gfc_wide,chronos,fz0_0p01,504,-2.61032319855184,0.24716628005478106
DIA,gfc_wide,chronos,fz0_0p025,504,-2.9441161889706793,0.15593350596854191
DIA,gfc_wide,chronos,fz0_0p05,504,-3.160555994413611,0.11446883929189554
DIA,gfc_wide,chronos,fz0_avg,504,-2.9049984606453765,0.16947119568591709
DIA,gfc_wide,chronos,qlike_ex_near_zero,504,0.37826593684857401,0.04630424005284503
DIA,gfc_wide,ewma,crps,504,0.0099860343267514744,0.00065532697684363486
DIA,gfc_wide,ewma,log_score,504,-2.6987530584808415,0.053405076898035232
DIA,gfc_wide,ewma,pinball_0p01,504,0.00052158260956896717,4.8885411640667933e-05
DIA,gfc_wide,ewma,pinball_0p025,504,0.0011152401270466577,8.7412124646388815e-05
DIA,gfc_wide,ewma,pinball_0p05,504,0.0019558998885379738,0.00013200218081429912
DIA,gfc_wide,ewma,pinball_avg,504,0.001197574208384533,8.6454016781731369e-05
DIA,gfc_wide,ewma,qlike,504,0.41400880382028837,0.04887373859201425
DIA,gfc_wide,ewma,fz0_0p01,504,-2.9039759906755012,0.16852216869390543
DIA,gfc_wide,ewma,fz0_0p025,504,-3.1176876615453342,0.11446369991379897
DIA,gfc_wide,ewma,fz0_0p05,504,-3.2613185278478531,0.089107642339676163
DIA,gfc_wide,ewma,fz0_avg,504,-3.0943273933562296,0.12073551339338372
DIA,gfc_wide,ewma,qlike_ex_near_zero,504,0.41400880382028837,0.04887373859201425
DIA,gfc_wide,garch11,crps,504,0.0099953665177810475,0.00065528572447577085
DIA,gfc_wide,garch11,log_score,504,-2.6733925874613917,0.058595238333781587
DIA,gfc_wide,garch11,pinball_0p01,504,0.00055599050395018597,5.8868391135795369e-05
DIA,gfc_wide,garch11,pinball_0p025,504,0.0011841297789311092,9.7286946177643996e-05
DIA,gfc_wide,garch11,pinball_0p05,504,0.002044124885105057,0.000142548232917424
DIA,gfc_wide,garch11,pinball_avg,504,0.0012614150559954506,9.5752005232453713e-05
DIA,gfc_wide,garch11,qlike,504,0.47501908604083837,0.075948929637498414
DIA,gfc_wide,garch11,fz0_0p01,504,-2.7243613097698804,0.22921162390516564
DIA,gfc_wide,garch11,fz0_0p025,504,-2.9731566236144049,0.146852162216426
DIA,gfc_wide,garch11,fz0_0p05,504,-3.1606567362410245,0.10885046090917971
DIA,gfc_wide,garch11,fz0_avg,504,-2.9527248898751033,0.15780170614693148
DIA,gfc_wide,garch11,qlike_ex_near_zero,504,0.47501908604083837,0.075948929637498414
DIA,gfc_wide,garch11_t,crps,504,0.0099618358278098108,0.0006508126889046799
DIA,gfc_wide,garch11_t,log_score,504,-2.7050390190566915,0.054258105877374348
DIA,gfc_wide,garch11_t,pinball_0p01,504,0.00052496452095586942,4.7054149620315168e-05
DIA,gfc_wide,garch11_t,pinball_0p025,504,0.0011353355371123205,8.9510244034206188e-05
DIA,gfc_wide,garch11_t,pinball_0p05,504,0.0019979177704800817,0.00013900002236858866
DIA,gfc_wide,garch11_t,pinball_avg,504,0.0012194059428494238,8.8197618161647544e-05
DIA,gfc_wide,garch11_t,qlike,504,0.40648377153496063,0.051489866450307988
DIA,gfc_wide,garch11_t,fz0_0p01,504,-2.9506194092081515,0.13611298157076504
DIA,gfc_wide,garch11_t,fz0_0p025,504,-3.1019743594998408,0.11107437415293177
DIA,gfc_wide,garch11_t,fz0_0p05,504,-3.2273077009685438,0.094610595162405414
DIA,gfc_wide,garch11_t,fz0_avg,504,-3.093300489892179,0.10949780994446205
DIA,gfc_wide,garch11_t,qlike_ex_near_zero,504,0.40648377153496063,0.051489866450307988
DIA,gfc_wide,gjr,crps,504,0.0099193413108346791,0.00064893969864978718
DIA,gfc_wide,gjr,log_score,504,-2.7050502172034605,0.057273958731969263
DIA,gfc_wide,gjr,pinball_0p01,504,0.00057271403685136776,7.3857309390731453e-05
DIA,gfc_wide,gjr,pinball_0p025,504,0.001176584306635956,0.00011325217759157799
DIA,gfc_wide,gjr,pinball_0p05,504,0.0019830162486916087,0.00015603834330646859
DIA,gfc_wide,gjr,pinball_avg,504,0.0012441048640596441,0.00011203751193096806
DIA,gfc_wide,gjr,qlike,504,0.35540765268363622,0.039202453352573267
DIA,gfc_wide,gjr,fz0_0p01,504,-2.7573938371436384,0.22209263788094832
DIA,gfc_wide,gjr,fz0_0p025,504,-3.0191209570116424,0.14189283996062665
DIA,gfc_wide,gjr,fz0_0p05,504,-3.212256925044628,0.1062615829596258
DIA,gfc_wide,gjr,fz0_avg,504,-2.9962572397333029,0.15333860516836165
DIA,gfc_wide,gjr,qlike_ex_near_zero,504,0.35540765268363622,0.039202453352573267
DIA,gfc_wide,har,crps,504,0.0098674192435996722,0.00063827429248447325
DIA,gfc_wide,har,log_score,504,-2.7270420224765872,0.053312377690336803
DIA,gfc_wide,har,pinball_0p01,504,0.00054182977737023076,6.507251962526685e-05
DIA,gfc_wide,har,pinball_0p025,504,0.001110512410195864,0.00010025407848010578
DIA,gfc_wide,har,pinball_0p05,504,0.0018965681355750466,0.00014205320781456553
DIA,gfc_wide,har,pinball_avg,504,0.0011829701077137138,0.0001003020735819563
DIA,gfc_wide,har,qlike,504,0.35325566315494838,0.04244315526982987
DIA,gfc_wide,har,fz0_0p01,504,-2.8807073240367842,0.18251163513042662
DIA,gfc_wide,har,fz0_0p025,504,-3.0932037642334631,0.12325017412508413
DIA,gfc_wide,har,fz0_0p05,504,-3.2720063249932707,0.094780658425203529
DIA,gfc_wide,har,fz0_avg,504,-3.0819724710878398,0.13044599690487557
DIA,gfc_wide,har,qlike_ex_near_zero,504,0.35325566315494838,0.04244315526982987
DIA,gfc_wide,lgbm,crps,504,0.010459678716222245,0.000735996155125789
DIA,gfc_wide,lgbm,log_score,504,-2.5928700057950222,0.077411089920249587
DIA,gfc_wide,lgbm,pinball_0p01,504,0.00070276725054355138,0.0001142127182118653
DIA,gfc_wide,lgbm,pinball_0p025,504,0.0013728985688450154,0.0001426126653091368
DIA,gfc_wide,lgbm,pinball_0p05,504,0.0022566975965305682,0.00018371541837550905
DIA,gfc_wide,lgbm,pinball_avg,504,0.0014441211386397115,0.000143891124549735
DIA,gfc_wide,lgbm,qlike,504,0.63874475867849667,0.072501295335564236
DIA,gfc_wide,lgbm,fz0_0p01,504,-2.6556635731178639,0.23684488020061994
DIA,gfc_wide,lgbm,fz0_0p025,504,-2.9294942064843674,0.14220031419355039
DIA,gfc_wide,lgbm,fz0_0p05,504,-3.1356905683572842,0.10597455144590535
DIA,gfc_wide,lgbm,fz0_avg,504,-2.9069494493198378,0.15828438626860153
DIA,gfc_wide,lgbm,qlike_ex_near_zero,504,0.63874475867849667,0.072501295335564236
DIA,gfc_wide,moirai,crps,504,0.0099736356615916528,0.00066432449719715464
DIA,gfc_wide,moirai,log_score,504,-2.6819943257439656,0.062208841358185475
DIA,gfc_wide,moirai,pinball_0p01,504,0.00062086618748596867,0.00010290925499585184
DIA,gfc_wide,moirai,pinball_0p025,504,0.0012242589618005283,0.00013494747840429671
DIA,gfc_wide,moirai,pinball_0p05,504,0.0020667555614598057,0.00017629747076822546
DIA,gfc_wide,moirai,pinball_avg,504,0.0013039602369154344,0.00013384291002653634
DIA,gfc_wide,moirai,qlike,504,0.39133525470171304,0.047052788276826359
DIA,gfc_wide,moirai,fz0_0p01,504,-2.5689901189578932,0.28006970220173732
DIA,gfc_wide,moirai,fz0_0p025,504,-2.9157012225041679,0.17051423852105518
DIA,gfc_wide,moirai,fz0_0p05,504,-3.1361178114459056,0.12307070084833822
DIA,gfc_wide,moirai,fz0_avg,504,-2.8736030509693227,0.18763436896901023
DIA,gfc_wide,moirai,qlike_ex_near_zero,504,0.39133525470171304,0.047052788276826359
DIA,gfc_wide,naive,crps,504,0.010547702706749887,0.00080361131280764337
DIA,gfc_wide,naive,log_score,504,-2.1581977475410965,0.17864424982658972
DIA,gfc_wide,naive,pinball_0p01,504,0.0012307600888233337,0.00023040076990732601
DIA,gfc_wide,naive,pinball_0p025,504,0.0019176381305635872,0.00027286836011742227
DIA,gfc_wide,naive,pinball_0p05,504,0.0027484603279652985,0.00030979251034590511
DIA,gfc_wide,naive,pinball_avg,504,0.0019656195157840731,0.00026949313688207186
DIA,gfc_wide,naive,qlike,504,1.3730547915720046,0.29693444807753011
DIA,gfc_wide,naive,fz0_0p01,504,-0.39418506687268945,0.73210304877425147
DIA,gfc_wide,naive,fz0_0p025,504,-1.7127654631333311,0.40002058586227657
DIA,gfc_wide,naive,fz0_0p05,504,-2.3868243903553825,0.26223051070544806
DIA,gfc_wide,naive,fz0_avg,504,-1.4979249734538012,0.46223431769216666
DIA,gfc_wide,naive,qlike_ex_near_zero,504,1.3730547915720046,0.29693444807753011
DIA,gfc_wide,patchtst,crps,504,0.01013898724226486,0.00068142558448752331
DIA,gfc_wide,patchtst,log_score,504,-2.5776128986548508,0.0713321972830714
DIA,gfc_wide,patchtst,pinball_0p01,504,0.0007271179908947701,0.00011380166432009687
DIA,gfc_wide,patchtst,pinball_0p025,504,0.0013254278716924731,0.00014623911053075788
DIA,gfc_wide,patchtst,pinball_0p05,504,0.0021018952484086369,0.00017799450614999922
DIA,gfc_wide,patchtst,pinball_avg,504,0.0013848137036652933,0.00014419820842733488
DIA,gfc_wide,patchtst,qlike,504,0.76242976498934556,0.14327449716881197
DIA,gfc_wide,patchtst,fz0_0p01,504,-2.1454623543495699,0.35163722271705267
DIA,gfc_wide,patchtst,fz0_0p025,504,-2.6901516261700613,0.20361506841553137
DIA,gfc_wide,patchtst,fz0_0p05,504,-3.0180163613811657,0.13849510599114467
DIA,gfc_wide,patchtst,fz0_avg,504,-2.6178767806335985,0.22886012787540297
DIA,gfc_wide,patchtst,qlike_ex_near_zero,504,0.76242976498934556,0.14327449716881197
DIA,gfc_wide,timesfm,crps,504,0.0099506548310503914,0.00065784781929482082
DIA,gfc_wide,timesfm,log_score,504,-2.6858601662629735,0.060572913268069337
DIA,gfc_wide,timesfm,pinball_0p01,504,0.00061669917117893882,9.8345290377349452e-05
DIA,gfc_wide,timesfm,pinball_0p025,504,0.0011631398834649606,0.00012541337849054568
DIA,gfc_wide,timesfm,pinball_0p05,504,0.0020087447409492011,0.00016275168813507113
DIA,gfc_wide,timesfm,pinball_avg,504,0.0012628612651977003,0.00012544793918153817
DIA,gfc_wide,timesfm,qlike,504,0.39293640898994703,0.050706361220311705
DIA,gfc_wide,timesfm,fz0_0p01,504,-2.5359286371661929,0.27989231777935802
DIA,gfc_wide,timesfm,fz0_0p025,504,-2.9367526582846586,0.16909700806841862
DIA,gfc_wide,timesfm,fz0_0p05,504,-3.1494488795961089,0.1208143316667856
DIA,gfc_wide,timesfm,fz0_avg,504,-2.8740433916823198,0.18704812569745191
DIA,gfc_wide,timesfm,qlike_ex_near_zero,504,0.39293640898994703,0.050706361220311705
ETH-USD,covid,autoarima,crps,90,0.038528764251250396,0.0075327852500729547
ETH-USD,covid,autoarima,log_score,90,-0.83945460707430941,0.48704478703170406
ETH-USD,covid,autoarima,pinball_0p01,90,0.0070591642974330449,0.0048400389008369992
ETH-USD,covid,autoarima,pinball_0p025,90,0.0090282826624367863,0.0050692739630386853
ETH-USD,covid,autoarima,pinball_0p05,90,0.011489974472520138,0.0052170248862588404
ETH-USD,covid,autoarima,pinball_avg,90,0.0091924738107966569,0.0050405458371386887
ETH-USD,covid,autoarima,qlike,90,0.31918347644479744,0.14572240014787979
ETH-USD,covid,autoarima,fz0_0p01,90,1.4766890201222196,2.8705281952043089
ETH-USD,covid,autoarima,fz0_0p025,90,-0.46177668993415932,1.3968079445865718
ETH-USD,covid,autoarima,fz0_0p05,90,-1.2967449055510178,0.83672228280397698
ETH-USD,covid,autoarima,fz0_avg,90,-0.093944191787652329,1.7006432142076555
ETH-USD,covid,autoarima,qlike_ex_near_zero,90,0.31918347644479744,0.14572240014787979
ETH-USD,covid,autoets,crps,90,0.039047260694718436,0.0075043750507819192
ETH-USD,covid,autoets,log_score,90,-0.92434617547473896,0.394103486150782
ETH-USD,covid,autoets,pinball_0p01,90,0.0070397008546107323,0.0046422595206033618
ETH-USD,covid,autoets,pinball_0p025,90,0.0092242650546584121,0.0049067879456672564
ETH-USD,covid,autoets,pinball_0p05,90,0.011915010373929859,0.0050896108081751488
ETH-USD,covid,autoets,pinball_avg,90,0.0093929920943996697,0.0048774598199216052
ETH-USD,covid,autoets,qlike,90,0.34684983982096163,0.11896725972427936
ETH-USD,covid,autoets,fz0_0p01,90,1.1759713587168215,2.4775329786165177
ETH-USD,covid,autoets,fz0_0p025,90,-0.55029328527968768,1.2204323614555956
ETH-USD,covid,autoets,fz0_0p05,90,-1.3152373286088992,0.73868711269865894
ETH-USD,covid,autoets,fz0_avg,90,-0.22985308505725499,1.4781170861826616
ETH-USD,covid,autoets,qlike_ex_near_zero,90,0.34684983982096163,0.11896725972427936
ETH-USD,covid,chronos,crps,90,0.038524225718271757,0.0077131645925064135
ETH-USD,covid,chronos,log_score,90,-0.775734108064567,0.53897526320870071
ETH-USD,covid,chronos,pinball_0p01,90,0.0071340230169445818,0.0049301374016648457
ETH-USD,covid,chronos,pinball_0p025,90,0.0089161959050037924,0.0051390354453028572
ETH-USD,covid,chronos,pinball_0p05,90,0.011299978212868905,0.0052614357644044443
ETH-USD,covid,chronos,pinball_avg,90,0.0091167323782724245,0.0051085323340463781
ETH-USD,covid,chronos,qlike,90,0.43432767764038566,0.23373845770667584
ETH-USD,covid,chronos,fz0_0p01,90,1.7870699433161839,3.1009805342612018
ETH-USD,covid,chronos,fz0_0p025,90,-0.37518515297974542,1.5032338422630986
ETH-USD,covid,chronos,fz0_0p05,90,-1.2614373087970867,0.89644240762201965
ETH-USD,covid,chronos,fz0_avg,90,0.050149160513117609,1.8328492557307277
ETH-USD,covid,chronos,qlike_ex_near_zero,90,0.43432767764038566,0.23373845770667584
ETH-USD,covid,ewma,crps,90,0.040111812190325356,0.0073962634643852491
ETH-USD,covid,ewma,log_score,90,-0.71059935846313504,0.59883536175975316
ETH-USD,covid,ewma,pinball_0p01,90,0.0075991654712281812,0.0050165237280205286
ETH-USD,covid,ewma,pinball_0p025,90,0.010022162716563679,0.0052051471909340423
ETH-USD,covid,ewma,pinball_0p05,90,0.013251946772337654,0.005310042980303264
ETH-USD,covid,ewma,pinball_avg,90,0.010291091653376506,0.0051744135240314416
ETH-USD,covid,ewma,qlike,90,0.59345517127910108,0.15586392537857166
ETH-USD,covid,ewma,fz0_0p01,90,2.1096468282097325,3.3430735982516238
ETH-USD,covid,ewma,fz0_0p025,90,-0.049366254485754171,1.6055813611439649
ETH-USD,covid,ewma,fz0_0p05,90,-0.92751834897941954,0.94993386914002698
ETH-USD,covid,ewma,fz0_avg,90,0.37758740824818671,1.9651401731306741
ETH-USD,covid,ewma,qlike_ex_near_zero,90,0.59345517127910108,0.15586392537857166
ETH-USD,covid,garch11,crps,90,0.03913472200484959,0.0074646183610057619
ETH-USD,covid,garch11,log_score,90,-0.59233781817910069,0.72320908899196301
ETH-USD,covid,garch11,pinball_0p01,90,0.0075742442478940047,0.0051638942691275072
ETH-USD,covid,garch11,pinball_0p025,90,0.0097551484145957934,0.0053457641771509912
ETH-USD,covid,garch11,pinball_0p05,90,0.012682728738938364,0.0054530074995334148
ETH-USD,covid,garch11,pinball_avg,90,0.010004040467142723,0.0053176830846088522
ETH-USD,covid,garch11,qlike,90,0.45046178830826167,0.17336916703063476
ETH-USD,covid,garch11,fz0_0p01,90,2.4804448006999404,3.77219935136708
ETH-USD,covid,garch11,fz0_0p025,90,0.059682697470872507,1.8031006849052775
ETH-USD,covid,garch11,fz0_0p05,90,-0.9135934821038515,1.0634190771553351
ETH-USD,covid,garch11,fz0_avg,90,0.54217800535565375,2.2119331554558519
ETH-USD,covid,garch11,qlike_ex_near_zero,90,0.45046178830826167,0.17336916703063476
ETH-USD,covid,garch11_t,crps,90,0.038228067595866048,0.00754722076347864
ETH-USD,covid,garch11_t,log_score,90,-1.3309847709240803,0.14669181433089643
ETH-USD,covid,garch11_t,pinball_0p01,90,0.0069455367672892482,0.0045367573213656136
ETH-USD,covid,garch11_t,pinball_0p025,90,0.0094528711125896163,0.0051679007230501462
ETH-USD,covid,garch11_t,pinball_0p05,90,0.012076550190001246,0.0054778768680998373
ETH-USD,covid,garch11_t,pinball_avg,90,0.0094916526899600402,0.0050536309552193246
ETH-USD,covid,garch11_t,qlike,90,0.40473081479139056,0.078539399587101516
ETH-USD,covid,garch11_t,fz0_0p01,90,0.12432749833181976,1.574055804874785
ETH-USD,covid,garch11_t,fz0_0p025,90,-0.74842711306971588,1.0484864799111742
ETH-USD,covid,garch11_t,fz0_0p05,90,-1.3100451518017144,0.7586282197671198
ETH-USD,covid,garch11_t,fz0_avg,90,-0.64471492217987048,1.1242428168870056
ETH-USD,covid,garch11_t,qlike_ex_near_zero,90,0.40473081479139056,0.078539399587101516
ETH-USD,covid,gjr,crps,90,0.038838983658482935,0.0074678576038580552
ETH-USD,covid,gjr,log_score,90,-0.60715731062640543,0.72065673430585309
ETH-USD,covid,gjr,pinball_0p01,90,0.0074907663324303431,0.0051659455769482486
ETH-USD,covid,gjr,pinball_0p025,90,0.0095756549847368713,0.0053566050338271914
ETH-USD,covid,gjr,pinball_0p05,90,0.012410312416650787,0.0054751927836432434
ETH-USD,covid,gjr,pinball_avg,90,0.009825577911272667,0.005328937303649855
ETH-USD,covid,gjr,qlike,90,0.40086878892335714,0.17036995034022465
ETH-USD,covid,gjr,fz0_0p01,90,2.4062697635560819,3.7597090519176595
ETH-USD,covid,gjr,fz0_0p025,90,-0.0098842973310671739,1.7994472115033573
ETH-USD,covid,gjr,fz0_0p05,90,-0.97424381657879622,1.0629202077151223
ETH-USD,covid,gjr,fz0_avg,90,0.47404721654873988,2.2063019626955014
ETH-USD,covid,gjr,qlike_ex_near_zero,90,0.40086878892335714,0.17036995034022465
ETH-USD,covid,har,crps,90,0.038533593362132475,0.0075360223912800152
ETH-USD,covid,har,log_score,90,-0.81410988377952165,0.51535790626894873
ETH-USD,covid,har,pinball_0p01,90,0.0071393098363010674,0.0049004613764139886
ETH-USD,covid,har,pinball_0p025,90,0.0090764591744652273,0.0051226740324992965
ETH-USD,covid,har,pinball_0p05,90,0.011542654894262174,0.0052637571077194254
ETH-USD,covid,har,pinball_avg,90,0.0092528079683428226,0.0050939205053041926
ETH-USD,covid,har,qlike,90,0.32719711701531129,0.14705379593299797
ETH-USD,covid,har,fz0_0p01,90,1.6506726214458802,3.0084779298940743
ETH-USD,covid,har,fz0_0p025,90,-0.39159781412858702,1.4603870928073879
ETH-USD,covid,har,fz0_0p05,90,-1.2560544308618229,0.8729577898046037
ETH-USD,covid,har,fz0_avg,90,0.0010067921518233203,1.7798742406212527
ETH-USD,covid,har,qlike_ex_near_zero,90,0.32719711701531129,0.14705379593299797
ETH-USD,covid,lgbm,crps,90,0.038649521633395939,0.0078161235235368505
ETH-USD,covid,lgbm,log_score,90,-0.95667930198395768,0.40177180996654793
ETH-USD,covid,lgbm,pinball_0p01,90,0.0067712808198736804,0.0045877472206192179
ETH-USD,covid,lgbm,pinball_0p025,90,0.0088381837369002816,0.0048389157981454317
ETH-USD,covid,lgbm,pinball_0p05,90,0.01132781604023635,0.0050016291075434226
ETH-USD,covid,lgbm,pinball_avg,90,0.0089790935323367689,0.0048078693624050541
ETH-USD,covid,lgbm,qlike,90,0.42742907860843476,0.24859159837181258
ETH-USD,covid,lgbm,fz0_0p01,90,0.99041961962428948,2.4003473811524421
ETH-USD,covid,lgbm,fz0_0p025,90,-0.64611229241242163,1.1817470414116835
ETH-USD,covid,lgbm,fz0_0p05,90,-1.3890133938675293,0.71532817787789682
ETH-USD,covid,lgbm,fz0_avg,90,-0.34823535555188728,1.4311303221640213
ETH-USD,covid,lgbm,qlike_ex_near_zero,90,0.42742907860843476,0.24859159837181258
ETH-USD,covid,moirai,crps,90,0.038573300408923816,0.0075849883066279912
ETH-USD,covid,moirai,log_score,90,-0.68025340665114808,0.59539038035133662
ETH-USD,covid,moirai,pinball_0p01,90,0.0072114935303237366,0.0050279167123922636
ETH-USD,covid,moirai,pinball_0p025,90,0.008954906961691619,0.0052307508492623889
ETH-USD,covid,moirai,pinball_0p05,90,0.011393943294895039,0.0053470317542316905
ETH-USD,covid,moirai,pinball_avg,90,0.0091867812623034634,0.0052001726945597035
ETH-USD,covid,moirai,qlike,90,0.4159357436303755,0.18116865595762238
ETH-USD,covid,moirai,fz0_0p01,90,2.017372585083304,3.3404107290834477
ETH-USD,covid,moirai,fz0_0p025,90,-0.28502879403639436,1.6132103066623622
ETH-USD,covid,moirai,fz0_0p05,90,-1.2013996732513217,0.95892297681681782
ETH-USD,covid,moirai,fz0_avg,90,0.17698137259852942,1.9701010748867336
ETH-USD,covid,moirai,qlike_ex_near_zero,90,0.4159357436303755,0.18116865595762238
ETH-USD,covid,naive,crps,90,0.038395570739405381,0.0081770040614658531
ETH-USD,covid,naive,log_score,90,-0.45657840181372222,0.97890000565865698
ETH-USD,covid,naive,pinball_0p01,90,0.0073038646069839624,0.0052797268416614682
ETH-USD,covid,naive,pinball_0p025,90,0.0091146535152479939,0.00540400977916616
ETH-USD,covid,naive,pinball_0p05,90,0.01166675483638108,0.0054413523327919537
ETH-USD,covid,naive,pinball_avg,90,0.0093617576528710143,0.0053728748367017345
ETH-USD,covid,naive,qlike,90,0.93312893870053681,0.71968161940910191
ETH-USD,covid,naive,fz0_0p01,90,2.8309447657082076,4.323147396777598
ETH-USD,covid,naive,fz0_0p025,90,0.14389198410970205,2.0454889645066086
ETH-USD,covid,naive,fz0_0p05,90,-0.9116625643352988,1.1940195183800162
ETH-USD,covid,naive,fz0_avg,90,0.68772472849420319,2.5199132276330189
ETH-USD,covid,naive,qlike_ex_near_zero,90,0.93312893870053681,0.71968161940910191
ETH-USD,covid,patchtst,crps,90,0.040155879741327755,0.0082523831450771901
ETH-USD,covid,patchtst,log_score,90,-0.032144923168043578,1.1457143917910828
ETH-USD,covid,patchtst,pinball_0p01,90,0.0077048383765895316,0.0053444460031858388
ETH-USD,covid,patchtst,pinball_0p025,90,0.0099333726520070362,0.0054430258461351478
ETH-USD,covid,patchtst,pinball_0p05,90,0.012725977963326154,0.0054658691964112396
ETH-USD,covid,patchtst,pinball_avg,90,0.010121396330640907,0.0054141575099860735
ETH-USD,covid,patchtst,qlike,90,1.4395454244281454,0.95498441856650451
ETH-USD,covid,patchtst,fz0_0p01,90,3.4272064996303948,4.6585049042419309
ETH-USD,covid,patchtst,fz0_0p025,90,0.56896255540571539,2.195683871300345
ETH-USD,covid,patchtst,fz0_0p05,90,-0.62580928050891926,1.2800366507661398
ETH-USD,covid,patchtst,fz0_avg,90,1.1234532581757313,2.7092729039211423
ETH-USD,covid,patchtst,qlike_ex_near_zero,90,1.4395454244281454,0.95498441856650451
ETH-USD,covid,timesfm,crps,90,0.038592892549433593,0.0076492311970374829
ETH-USD,covid,timesfm,log_score,90,-0.71880052753468471,0.58549756597235858
ETH-USD,covid,timesfm,pinball_0p01,90,0.0072608447331898454,0.0050146156120770844
ETH-USD,covid,timesfm,pinball_0p025,90,0.0090410889647944293,0.0052147307403885282
ETH-USD,covid,timesfm,pinball_0p05,90,0.011471302049419735,0.0053281251308638479
ETH-USD,covid,timesfm,pinball_avg,90,0.009257745249134669,0.0051840741428996464
ETH-USD,covid,timesfm,qlike,90,0.38184374647242392,0.19583039616490902
ETH-USD,covid,timesfm,fz0_0p01,90,2.058567238378485,3.3154434718273724
ETH-USD,covid,timesfm,fz0_0p025,90,-0.25321772845673163,1.6014079718221437
ETH-USD,covid,timesfm,fz0_0p05,90,-1.1794485668505592,0.95195940527138079
ETH-USD,covid,timesfm,fz0_avg,90,0.20863364769039766,1.9554886162088658
ETH-USD,covid,timesfm,qlike_ex_near_zero,90,0.38184374647242392,0.19583039616490902
ETH-USD,tightening_2022,autoarima,crps,304,0.024807751316594406,0.0012964583734821409
ETH-USD,tightening_2022,autoarima,log_score,304,-1.6829076934885208,0.058276004872394462
ETH-USD,tightening_2022,autoarima,pinball_0p01,304,0.001752689426263974,0.00029118662710009502
ETH-USD,tightening_2022,autoarima,pinball_0p025,304,0.0033655689305817551,0.00039209937840573885
ETH-USD,tightening_2022,autoarima,pinball_0p05,304,0.0055349958036914016,0.00048041230744069231
ETH-USD,tightening_2022,autoarima,pinball_avg,304,0.0035510847201790431,0.00038196674716020802
ETH-USD,tightening_2022,autoarima,qlike,304,0.19712661080051455,0.01656073937134242
ETH-USD,tightening_2022,autoarima,fz0_0p01,304,-1.6048999728924265,0.28716698776296157
ETH-USD,tightening_2022,autoarima,fz0_0p025,304,-1.9351477194070756,0.17897167762796812
ETH-USD,tightening_2022,autoarima,fz0_0p05,304,-2.1489496859871635,0.12925948395008249
ETH-USD,tightening_2022,autoarima,fz0_avg,304,-1.8963324594288884,0.19589704568224886
ETH-USD,tightening_2022,autoarima,qlike_ex_near_zero,304,0.19712661080051455,0.01656073937134242
ETH-USD,tightening_2022,autoets,crps,304,0.024857459195368883,0.00129570608450114
ETH-USD,tightening_2022,autoets,log_score,304,-1.6857816334312377,0.058189008370184758
ETH-USD,tightening_2022,autoets,pinball_0p01,304,0.0016846969461008028,0.00027554804759804386
ETH-USD,tightening_2022,autoets,pinball_0p025,304,0.0033328032074612904,0.00037250643181619558
ETH-USD,tightening_2022,autoets,pinball_0p05,304,0.0055090100999041838,0.00046481422375699603
ETH-USD,tightening_2022,autoets,pinball_avg,304,0.0035088367511554252,0.00036418728039523804
ETH-USD,tightening_2022,autoets,qlike,304,0.20394776731572828,0.018899786968660678
ETH-USD,tightening_2022,autoets,fz0_0p01,304,-1.6886203259419066,0.2681933553122503
ETH-USD,tightening_2022,autoets,fz0_0p025,304,-1.9642931903486052,0.16812015394708715
ETH-USD,tightening_2022,autoets,fz0_0p05,304,-2.1681180523216508,0.12350140190721547
ETH-USD,tightening_2022,autoets,fz0_avg,304,-1.9403438562040543,0.18363296265178886
ETH-USD,tightening_2022,autoets,qlike_ex_near_zero,304,0.20394776731572828,0.018899786968660678
ETH-USD,tightening_2022,chronos,crps,304,0.024613993071575618,0.0013168180123281903
ETH-USD,tightening_2022,chronos,log_score,304,-1.6983568520684873,0.060310466972259606
ETH-USD,tightening_2022,chronos,pinball_0p01,304,0.0017101784063603307,0.0003176555872603337
ETH-USD,tightening_2022,chronos,pinball_0p025,304,0.0032704838464325935,0.00040777204155574315
ETH-USD,tightening_2022,chronos,pinball_0p05,304,0.0053752593088044667,0.00049054894021714605
ETH-USD,tightening_2022,chronos,pinball_avg,304,0.0034519738538657968,0.00039840305517069372
ETH-USD,tightening_2022,chronos,qlike,304,0.18655093092334976,0.018947882095886801
ETH-USD,tightening_2022,chronos,fz0_0p01,304,-1.6068639721435825,0.32906224311099791
ETH-USD,tightening_2022,chronos,fz0_0p025,304,-1.9532902492501052,0.19460534595152348
ETH-USD,tightening_2022,chronos,fz0_0p05,304,-2.1708975495599749,0.13761944472574486
ETH-USD,tightening_2022,chronos,fz0_avg,304,-1.9103505903178877,0.21738530101908535
ETH-USD,tightening_2022,chronos,qlike_ex_near_zero,304,0.18655093092334976,0.018947882095886801
ETH-USD,tightening_2022,ewma,crps,304,0.024763459981050812,0.0013276631324312732
ETH-USD,tightening_2022,ewma,log_score,304,-1.6660495705917664,0.066377289120360186
ETH-USD,tightening_2022,ewma,pinball_0p01,304,0.0018321903347273654,0.00035386923914162662
ETH-USD,tightening_2022,ewma,pinball_0p025,304,0.003520101429815748,0.00044898958192264062
ETH-USD,tightening_2022,ewma,pinball_0p05,304,0.0057076028936025635,0.00053231479125874395
ETH-USD,tightening_2022,ewma,pinball_avg,304,0.0036866315527152261,0.00043748322960215523
ETH-USD,tightening_2022,ewma,qlike,304,0.26216813686781498,0.045594231370810145
ETH-USD,tightening_2022,ewma,fz0_0p01,304,-1.4955034211678631,0.36961766625521197
ETH-USD,tightening_2022,ewma,fz0_0p025,304,-1.8425438958979037,0.21398133691333907
ETH-USD,tightening_2022,ewma,fz0_0p05,304,-2.087895870156379,0.14816615606416594
ETH-USD,tightening_2022,ewma,fz0_avg,304,-1.8086477290740488,0.24045909686915398
ETH-USD,tightening_2022,ewma,qlike_ex_near_zero,304,0.26216813686781498,0.045594231370810145
ETH-USD,tightening_2022,garch11,crps,304,0.02485354171900243,0.0012864822291949309
ETH-USD,tightening_2022,garch11,log_score,304,-1.6691535916502893,0.053919232664335244
ETH-USD,tightening_2022,garch11,pinball_0p01,304,0.001766446412683571,0.00030610235077862651
ETH-USD,tightening_2022,garch11,pinball_0p025,304,0.0034091201458505693,0.00040921707669217878
ETH-USD,tightening_2022,garch11,pinball_0p05,304,0.005573267409963438,0.00049785714774633555
ETH-USD,tightening_2022,garch11,pinball_avg,304,0.0035829446561658593,0.00039758621896579272
ETH-USD,tightening_2022,garch11,qlike,304,0.27618989932184834,0.038689508501273583
ETH-USD,tightening_2022,garch11,fz0_0p01,304,-1.606139355644153,0.28070808610931097
ETH-USD,tightening_2022,garch11,fz0_0p025,304,-1.9256487617653015,0.17342008435393991
ETH-USD,tightening_2022,garch11,fz0_0p05,304,-2.145036195217108,0.12324281947278717
ETH-USD,tightening_2022,garch11,fz0_avg,304,-1.8922747708755212,0.19003119812434641
ETH-USD,tightening_2022,garch11,qlike_ex_near_zero,304,0.27618989932184834,0.038689508501273583
ETH-USD,tightening_2022,garch11_t,crps,304,0.024668780884307993,0.0013306373059676073
ETH-USD,tightening_2022,garch11_t,log_score,304,-1.7048909552385483,0.053076900597093413
ETH-USD,tightening_2022,garch11_t,pinball_0p01,304,0.0016494890029411856,0.00023641524037878658
ETH-USD,tightening_2022,garch11_t,pinball_0p025,304,0.0033600843546546769,0.0003869145381472611
ETH-USD,tightening_2022,garch11_t,pinball_0p05,304,0.0055653000098351627,0.00050950155768520724
ETH-USD,tightening_2022,garch11_t,pinball_avg,304,0.0035249577891436753,0.00036688741953456799
ETH-USD,tightening_2022,garch11_t,qlike,304,0.27096938510882806,0.03573484607605177
ETH-USD,tightening_2022,garch11_t,fz0_0p01,304,-1.7600805915459679,0.17692569256844232
ETH-USD,tightening_2022,garch11_t,fz0_0p025,304,-1.9723559360689962,0.14346973762300294
ETH-USD,tightening_2022,garch11_t,fz0_0p05,304,-2.1609026278769057,0.11608114635969362
ETH-USD,tightening_2022,garch11_t,fz0_avg,304,-1.9644463851639566,0.14188603842653602
ETH-USD,tightening_2022,garch11_t,qlike_ex_near_zero,304,0.27096938510882806,0.03573484607605177
ETH-USD,tightening_2022,gjr,crps,304,0.024757873553274124,0.0013038619932425842
ETH-USD,tightening_2022,gjr,log_score,304,-1.6734764309641068,0.059023389635441736
ETH-USD,tightening_2022,gjr,pinball_0p01,304,0.0017119901763380865,0.00029970359546516471
ETH-USD,tightening_2022,gjr,pinball_0p025,304,0.0032851268809660742,0.0003953860019314053
ETH-USD,tightening_2022,gjr,pinball_0p05,304,0.005415481248031255,0.00048533806808587378
ETH-USD,tightening_2022,gjr,pinball_avg,304,0.0034708661017784723,0.00038623588330006484
ETH-USD,tightening_2022,gjr,qlike,304,0.28833156327851106,0.047302548202867972
ETH-USD,tightening_2022,gjr,fz0_0p01,304,-1.6206013951248905,0.30846564402128579
ETH-USD,tightening_2022,gjr,fz0_0p025,304,-1.9582851408585729,0.18277347955154571
ETH-USD,tightening_2022,gjr,fz0_0p05,304,-2.175771464744455,0.12777875061154623
ETH-USD,tightening_2022,gjr,fz0_avg,304,-1.9182193335759725,0.20382323501908622
ETH-USD,tightening_2022,gjr,qlike_ex_near_zero,304,0.28833156327851106,0.047302548202867972
ETH-USD,tightening_2022,har,crps,304,0.024747375366606223,0.0012863782910755772
ETH-USD,tightening_2022,har,log_score,304,-1.6921935833030233,0.055190805761762614
ETH-USD,tightening_2022,har,pinball_0p01,304,0.0016831799568648533,0.00027461875638593318
ETH-USD,tightening_2022,har,pinball_0p025,304,0.0032827677523077467,0.0003767038921798654
ETH-USD,tightening_2022,har,pinball_0p05,304,0.0054623342994385852,0.00046563766642928028
ETH-USD,tightening_2022,har,pinball_avg,304,0.0034760940028703952,0.00036632937754451207
ETH-USD,tightening_2022,har,qlike,304,0.19136194269539675,0.015171792441587183
ETH-USD,tightening_2022,har,fz0_0p01,304,-1.691291143543866,0.26044981573538789
ETH-USD,tightening_2022,har,fz0_0p025,304,-1.9824969398953314,0.16487384587487022
ETH-USD,tightening_2022,har,fz0_0p05,304,-2.175899882516517,0.12029477268804568
ETH-USD,tightening_2022,har,fz0_avg,304,-1.9498959886519047,0.17921196406635437
ETH-USD,tightening_2022,har,qlike_ex_near_zero,304,0.19136194269539675,0.015171792441587183
ETH-USD,tightening_2022,lgbm,crps,304,0.024890266693288234,0.0012846704571946469
ETH-USD,tightening_2022,lgbm,log_score,304,-1.6714295159161587,0.057191152073885539
ETH-USD,tightening_2022,lgbm,pinball_0p01,304,0.0017845765660424414,0.00028779763875047754
ETH-USD,tightening_2022,lgbm,pinball_0p025,304,0.0033702992360215953,0.00039093172188279238
ETH-USD,tightening_2022,lgbm,pinball_0p05,304,0.0055388077553747061,0.00048374315861112702
ETH-USD,tightening_2022,lgbm,pinball_avg,304,0.0035645611858129136,0.00038127139138314657
ETH-USD,tightening_2022,lgbm,qlike,304,0.22084750742631212,0.016559736854445471
ETH-USD,tightening_2022,lgbm,fz0_0p01,304,-1.5414375645418275,0.30939532398688818
ETH-USD,tightening_2022,lgbm,fz0_0p025,304,-1.9191820338414463,0.1870740437982514
ETH-USD,tightening_2022,lgbm,fz0_0p05,304,-2.1463494955382183,0.13160374381856199
ETH-USD,tightening_2022,lgbm,fz0_avg,304,-1.8689896979738307,0.20717497618013939
ETH-USD,tightening_2022,lgbm,qlike_ex_near_zero,304,0.22084750742631212,0.016559736854445471
ETH-USD,tightening_2022,moirai,crps,304,0.024531119768122236,0.0013321026676997505
ETH-USD,tightening_2022,moirai,log_score,304,-1.7066104593512426,0.062619881302392627
ETH-USD,tightening_2022,moirai,pinball_0p01,304,0.0017209962404847413,0.0003170152490075125
ETH-USD,tightening_2022,moirai,pinball_0p025,304,0.0032764205203781828,0.00041451365710633168
ETH-USD,tightening_2022,moirai,pinball_0p05,304,0.0054267800112601239,0.00050329096810723347
ETH-USD,tightening_2022,moirai,pinball_avg,304,0.0034747322573743492,0.00040444733296884987
ETH-USD,tightening_2022,moirai,qlike,304,0.1672497012006002,0.020001065157038419
ETH-USD,tightening_2022,moirai,fz0_0p01,304,-1.6131558528350387,0.32519445704285938
ETH-USD,tightening_2022,moirai,fz0_0p025,304,-1.9564721210473228,0.19634759818095765
ETH-USD,tightening_2022,moirai,fz0_0p05,304,-2.1678268802568312,0.14100872430453565
ETH-USD,tightening_2022,moirai,fz0_avg,304,-1.9124849513797311,0.21735811598241653
ETH-USD,tightening_2022,moirai,qlike_ex_near_zero,304,0.1672497012006002,0.020001065157038419
ETH-USD,tightening_2022,naive,crps,304,0.025068392471606839,0.0012291204058524101
ETH-USD,tightening_2022,naive,log_score,304,-1.6536599730971351,0.043749254494805975
ETH-USD,tightening_2022,naive,pinball_0p01,304,0.0016154345404451253,0.00022090147418869996
ETH-USD,tightening_2022,naive,pinball_0p025,304,0.0033332106913722872,0.00032658501746313576
ETH-USD,tightening_2022,naive,pinball_0p05,304,0.0055244092460307271,0.00042750164411408379
ETH-USD,tightening_2022,naive,pinball_avg,304,0.0034910181592827127,0.00031837404813529795
ETH-USD,tightening_2022,naive,qlike,304,0.37621238030500359,0.050774218803134638
ETH-USD,tightening_2022,naive,fz0_0p01,304,-1.7866354028977778,0.17065533387159598
ETH-USD,tightening_2022,naive,fz0_0p025,304,-1.9861313524552076,0.1190113858156516
ETH-USD,tightening_2022,naive,fz0_0p05,304,-2.1759171487895173,0.091660609307536514
ETH-USD,tightening_2022,naive,fz0_avg,304,-1.9828946347141676,0.12469522360891011
ETH-USD,tightening_2022,naive,qlike_ex_near_zero,304,0.37621238030500359,0.050774218803134638
ETH-USD,tightening_2022,patchtst,crps,304,0.024798662113919189,0.0013304844239008641
ETH-USD,tightening_2022,patchtst,log_score,304,-1.6685149131920642,0.066236318729086571
ETH-USD,tightening_2022,patchtst,pinball_0p01,304,0.001833091323668644,0.00032499228727629034
ETH-USD,tightening_2022,patchtst,pinball_0p025,304,0.0034192717370494937,0.0004166246198710103
ETH-USD,tightening_2022,patchtst,pinball_0p05,304,0.0055698029492633506,0.00049589987371699302
ETH-USD,tightening_2022,patchtst,pinball_avg,304,0.0036073886699938304,0.00040627504908957474
ETH-USD,tightening_2022,patchtst,qlike,304,0.35068087013188848,0.078139661237647165
ETH-USD,tightening_2022,patchtst,fz0_0p01,304,-1.4585118204134988,0.34153565468184865
ETH-USD,tightening_2022,patchtst,fz0_0p025,304,-1.8525995901529964,0.20681778325564917
ETH-USD,tightening_2022,patchtst,fz0_0p05,304,-2.1078597744581553,0.1465068438910293
ETH-USD,tightening_2022,patchtst,fz0_avg,304,-1.8063237283415503,0.22874372802142895
ETH-USD,tightening_2022,patchtst,qlike_ex_near_zero,304,0.35068087013188848,0.078139661237647165
ETH-USD,tightening_2022,timesfm,crps,304,0.024557958111594565,0.0013315039482261516
ETH-USD,tightening_2022,timesfm,log_score,304,-1.7027184519949083,0.062480613767792549
ETH-USD,tightening_2022,timesfm,pinball_0p01,304,0.0017202953590874852,0.00032471604875518675
ETH-USD,tightening_2022,timesfm,pinball_0p025,304,0.0032698496417874344,0.00041863026992410674
ETH-USD,tightening_2022,timesfm,pinball_0p05,304,0.0054200244706974297,0.00050261834711778236
ETH-USD,tightening_2022,timesfm,pinball_avg,304,0.0034700564905241161,0.00040862542807415595
ETH-USD,tightening_2022,timesfm,qlike,304,0.17692760552019882,0.021940673078766213
ETH-USD,tightening_2022,timesfm,fz0_0p01,304,-1.6190972002943476,0.3286433470470248
ETH-USD,tightening_2022,timesfm,fz0_0p025,304,-1.9612254422419697,0.19598601475518829
ETH-USD,tightening_2022,timesfm,fz0_0p05,304,-2.1677143273700534,0.13975281226524647
ETH-USD,tightening_2022,timesfm,fz0_avg,304,-1.9160123233021238,0.21814814626827184
ETH-USD,tightening_2022,timesfm,qlike_ex_near_zero,304,0.17692760552019882,0.021940673078766213
ETH-USD,spike_2024_08,autoarima,crps,31,0.024522370057266898,0.0048260818158139315
ETH-USD,spike_2024_08,autoarima,log_score,31,-1.6592672736758596,0.21316221100233756
ETH-USD,spike_2024_08,autoarima,pinball_0p01,31,0.0013946637656549663,0.00032751754193082811
ETH-USD,spike_2024_08,autoarima,pinball_0p025,31,0.0035919259700894148,0.00095154758002606371
ETH-USD,spike_2024_08,autoarima,pinball_0p05,31,0.0062267394813627199,0.0015516951706997645
ETH-USD,spike_2024_08,autoarima,pinball_avg,31,0.003737776405702367,0.00091297616777548851
ETH-USD,spike_2024_08,autoarima,qlike,31,0.53567964143568025,0.27844837714234044
ETH-USD,spike_2024_08,autoarima,fz0_0p01,31,-1.8105026153464483,0.39347095791465841
ETH-USD,spike_2024_08,autoarima,fz0_0p025,31,-1.6897893968705646,0.49843446170525796
ETH-USD,spike_2024_08,autoarima,fz0_0p05,31,-1.8227736909600136,0.47874630698986093
ETH-USD,spike_2024_08,autoarima,fz0_avg,31,-1.7743552343923423,0.43647767838160539
ETH-USD,spike_2024_08,autoarima,qlike_ex_near_zero,31,0.53567964143568025,0.27844837714234044
ETH-USD,spike_2024_08,autoets,crps,31,0.024536869109323161,0.0046208224890045869
ETH-USD,spike_2024_08,autoets,log_score,31,-1.6502291698669445,0.19812609042461268
ETH-USD,spike_2024_08,autoets,pinball_0p01,31,0.0017911635461446095,0.00052345716551077735
ETH-USD,spike_2024_08,autoets,pinball_0p025,31,0.0038897243531362783,0.0010226628646811343
ETH-USD,spike_2024_08,autoets,pinball_0p05,31,0.0065477411597668709,0.0015555722452915107
ETH-USD,spike_2024_08,autoets,pinball_avg,31,0.0040762096863492534,0.0010128212129521578
ETH-USD,spike_2024_08,autoets,qlike,31,0.62237065801378788,0.31734531025270468
ETH-USD,spike_2024_08,autoets,fz0_0p01,31,-1.3526182387061141,0.64835121293997489
ETH-USD,spike_2024_08,autoets,fz0_0p025,31,-1.5063680739436904,0.56536883216202527
ETH-USD,spike_2024_08,autoets,fz0_0p05,31,-1.7033675306013805,0.49856659805412773
ETH-USD,spike_2024_08,autoets,fz0_avg,31,-1.5207846144170616,0.55741254910104499
ETH-USD,spike_2024_08,autoets,qlike_ex_near_zero,31,0.62237065801378788,0.31734531025270468
ETH-USD,spike_2024_08,chronos,crps,31,0.024281761778174246,0.0052224700509886594
ETH-USD,spike_2024_08,chronos,log_score,31,-1.5772095789671881,0.30582750521234869
ETH-USD,spike_2024_08,chronos,pinball_0p01,31,0.0022047957182806713,0.00077997835419603401
ETH-USD,spike_2024_08,chronos,pinball_0p025,31,0.0043876710585332591,0.0014544333291432448
ETH-USD,spike_2024_08,chronos,pinball_0p05,31,0.0065241526041519299,0.0020041517779163746
ETH-USD,spike_2024_08,chronos,pinball_avg,31,0.0043722064603219533,0.0013944345635553057
ETH-USD,spike_2024_08,chronos,qlike,31,0.5666203441982568,0.33663268247364575
ETH-USD,spike_2024_08,chronos,fz0_0p01,31,-0.68703946326654441,1.0502774561924229
ETH-USD,spike_2024_08,chronos,fz0_0p025,31,-1.0867629479406089,0.8663492491213074
ETH-USD,spike_2024_08,chronos,fz0_0p05,31,-1.5880747122600467,0.69634756326672587
ETH-USD,spike_2024_08,chronos,fz0_avg,31,-1.1206257078223998,0.85620403742098083
ETH-USD,spike_2024_08,chronos,qlike_ex_near_zero,31,0.5666203441982568,0.33663268247364575
ETH-USD,spike_2024_08,ewma,crps,31,0.025007737139978652,0.004890567100900532
ETH-USD,spike_2024_08,ewma,log_score,31,-1.500722297765483,0.26679923264600325
ETH-USD,spike_2024_08,ewma,pinball_0p01,31,0.0024220011377066473,0.00100165086160733
ETH-USD,spike_2024_08,ewma,pinball_0p025,31,0.0048154275862073012,0.0016301166304094992
ETH-USD,spike_2024_08,ewma,pinball_0p05,31,0.0072254849125597785,0.0020784518239365273
ETH-USD,spike_2024_08,ewma,pinball_avg,31,0.0048209712121579087,0.001565753919034691
ETH-USD,spike_2024_08,ewma,qlike,31,0.85713803595503335,0.5068596304961569
ETH-USD,spike_2024_08,ewma,fz0_0p01,31,-0.46825333401048208,1.2438034355648222
ETH-USD,spike_2024_08,ewma,fz0_0p025,31,-0.85892543467684224,0.96884900865734558
ETH-USD,spike_2024_08,ewma,fz0_0p05,31,-1.3569492602283098,0.73973696962740354
ETH-USD,spike_2024_08,ewma,fz0_avg,31,-0.89470934297187799,0.98178485502480239
ETH-USD,spike_2024_08,ewma,qlike_ex_near_zero,31,0.85713803595503335,0.5068596304961569
ETH-USD,spike_2024_08,garch11,crps,31,0.024609556076345386,0.005262886817349266
ETH-USD,spike_2024_08,garch11,log_score,31,-1.4169624642052854,0.37724926814162513
ETH-USD,spike_2024_08,garch11,pinball_0p01,31,0.0031112055352944591,0.001466118045138419
ETH-USD,spike_2024_08,garch11,pinball_0p025,31,0.0051404847139113015,0.0020720561869189778
ETH-USD,spike_2024_08,garch11,pinball_0p05,31,0.007140767783424388,0.0025064659953033543
ETH-USD,spike_2024_08,garch11,pinball_avg,31,0.0051308193442100502,0.002014812974097298
ETH-USD,spike_2024_08,garch11,qlike,31,1.0033220067591637,0.71251435055188672
ETH-USD,spike_2024_08,garch11,fz0_0p01,31,0.6153254380998755,1.9673378323110484
ETH-USD,spike_2024_08,garch11,fz0_0p025,31,-0.49343749068812648,1.3178281533985854
ETH-USD,spike_2024_08,garch11,fz0_0p05,31,-1.2523096760810151,0.95312802441296374
ETH-USD,spike_2024_08,garch11,fz0_avg,31,-0.37680724288975537,1.4101257468880126
ETH-USD,spike_2024_08,garch11,qlike_ex_near_zero,31,1.0033220067591637,0.71251435055188672
ETH-USD,spike_2024_08,garch11_t,crps,31,0.024517186878579719,0.0054464874917224031
ETH-USD,spike_2024_08,garch11_t,log_score,31,-1.6669738657336413,0.29691164745469234
ETH-USD,spike_2024_08,garch11_t,pinball_0p01,31,0.0014936900616236842,0.00045669421881475511
ETH-USD,spike_2024_08,garch11_t,pinball_0p025,31,0.004584244572584658,0.0017361300184373669
ETH-USD,spike_2024_08,garch11_t,pinball_0p05,31,0.0073199981894215178,0.0025808271992997607
ETH-USD,spike_2024_08,garch11_t,pinball_avg,31,0.0044659776078766191,0.0015700219069681109
ETH-USD,spike_2024_08,garch11_t,qlike,31,0.86300089871564722,0.52766093992434737
ETH-USD,spike_2024_08,garch11_t,fz0_0p01,31,-1.7929393952620498,0.36761964024194277
ETH-USD,spike_2024_08,garch11_t,fz0_0p025,31,-1.2964998455142289,0.79682736336326376
ETH-USD,spike_2024_08,garch11_t,fz0_0p05,31,-1.4681003953699576,0.79017147885573635
ETH-USD,spike_2024_08,garch11_t,fz0_avg,31,-1.519179878715412,0.63988999848558414
ETH-USD,spike_2024_08,garch11_t,qlike_ex_near_zero,31,0.86300089871564722,0.52766093992434737
ETH-USD,spike_2024_08,gjr,crps,31,0.024072155461737396,0.0052942540425119696
ETH-USD,spike_2024_08,gjr,log_score,31,-1.6522649299223982,0.3037485812641757
ETH-USD,spike_2024_08,gjr,pinball_0p01,31,0.0015837626086490878,0.00049259074855857548
ETH-USD,spike_2024_08,gjr,pinball_0p025,31,0.0033530344737301983,0.0009393322656098403
ETH-USD,spike_2024_08,gjr,pinball_0p05,31,0.0058841129357604096,0.0015741776823731987
ETH-USD,spike_2024_08,gjr,pinball_avg,31,0.0036069700060465653,0.00096652565751312422
ETH-USD,spike_2024_08,gjr,qlike,31,0.50372068332631204,0.1715063944253262
ETH-USD,spike_2024_08,gjr,fz0_0p01,31,-1.4556567356196888,0.68674149565801768
ETH-USD,spike_2024_08,gjr,fz0_0p025,31,-1.6524831990092388,0.62978442714596483
ETH-USD,spike_2024_08,gjr,fz0_0p05,31,-1.8326769079223288,0.56611287858404391
ETH-USD,spike_2024_08,gjr,fz0_avg,31,-1.6469389475170855,0.6154051314174388
ETH-USD,spike_2024_08,gjr,qlike_ex_near_zero,31,0.50372068332631204,0.1715063944253262
ETH-USD,spike_2024_08,har,crps,31,0.024546734674328774,0.0048789826483304367
ETH-USD,spike_2024_08,har,log_score,31,-1.6486642983364175,0.22597274681100604
ETH-USD,spike_2024_08,har,pinball_0p01,31,0.0015286881435705502,0.0004094651048581974
ETH-USD,spike_2024_08,har,pinball_0p025,31,0.003960824213888485,0.001175180081277261
ETH-USD,spike_2024_08,har,pinball_0p05,31,0.0065187522840430261,0.0017655994812978107
ETH-USD,spike_2024_08,har,pinball_avg,31,0.0040027548805006878,0.0011087714572802559
ETH-USD,spike_2024_08,har,qlike,31,0.59427334764820328,0.34145153313219129
ETH-USD,spike_2024_08,har,fz0_0p01,31,-1.7056017841657873,0.44349946411715735
ETH-USD,spike_2024_08,har,fz0_0p025,31,-1.4944055205144404,0.61567693338134932
ETH-USD,spike_2024_08,har,fz0_0p05,31,-1.7174399571624619,0.55529848657729908
ETH-USD,spike_2024_08,har,fz0_avg,31,-1.6391490872808969,0.53039926145855332
ETH-USD,spike_2024_08,har,qlike_ex_near_zero,31,0.59427334764820328,0.34145153313219129
ETH-USD,spike_2024_08,lgbm,crps,31,0.02424614821015459,0.0048163636848782025
ETH-USD,spike_2024_08,lgbm,log_score,31,-1.6725796132793975,0.22492443944542159
ETH-USD,spike_2024_08,lgbm,pinball_0p01,31,0.0014444925391763066,0.00036468402689354218
ETH-USD,spike_2024_08,lgbm,pinball_0p025,31,0.0035734522459240727,0.0011358142941507677
ETH-USD,spike_2024_08,lgbm,pinball_0p05,31,0.0059968043773405933,0.0017005939688727431
ETH-USD,spike_2024_08,lgbm,pinball_avg,31,0.0036715830541469911,0.0010474515676050101
ETH-USD,spike_2024_08,lgbm,qlike,31,0.53320558366721371,0.29101904544839013
ETH-USD,spike_2024_08,lgbm,fz0_0p01,31,-1.7321431146418835,0.45228823660492723
ETH-USD,spike_2024_08,lgbm,fz0_0p025,31,-1.6668222828952362,0.61005886437126422
ETH-USD,spike_2024_08,lgbm,fz0_0p05,31,-1.8668544895454176,0.54263801730508987
ETH-USD,spike_2024_08,lgbm,fz0_avg,31,-1.7552732956941792,0.52062865808874159
ETH-USD,spike_2024_08,lgbm,qlike_ex_near_zero,31,0.53320558366721371,0.29101904544839013
ETH-USD,spike_2024_08,moirai,crps,31,0.024080328528541986,0.0052395002727621534
ETH-USD,spike_2024_08,moirai,log_score,31,-1.6414123897664636,0.29518239379200495
ETH-USD,spike_2024_08,moirai,pinball_0p01,31,0.0020199104590384932,0.00075341076631754516
ETH-USD,spike_2024_08,moirai,pinball_0p025,31,0.0042536928443889692,0.0013772063834778469
ETH-USD,spike_2024_08,moirai,pinball_0p05,31,0.0064421908839512616,0.0019420061086305909
ETH-USD,spike_2024_08,moirai,pinball_avg,31,0.0042385980624595754,0.0013178426013743326
ETH-USD,spike_2024_08,moirai,qlike,31,0.46167933234673647,0.27753531993254954
ETH-USD,spike_2024_08,moirai,fz0_0p01,31,-0.78471821111289386,1.1113772119292233
ETH-USD,spike_2024_08,moirai,fz0_0p025,31,-1.1301409924828021,0.87112421456644162
ETH-USD,spike_2024_08,moirai,fz0_0p05,31,-1.6117278851837353,0.69683705554590791
ETH-USD,spike_2024_08,moirai,fz0_avg,31,-1.1755290295931438,0.87099601442475849
ETH-USD,spike_2024_08,moirai,qlike_ex_near_zero,31,0.46167933234673647,0.27753531993254954
ETH-USD,spike_2024_08,naive,crps,31,0.02450743483196427,0.0054950790625752644
ETH-USD,spike_2024_08,naive,log_score,31,-1.3113831360423456,0.48746986671770309
ETH-USD,spike_2024_08,naive,pinball_0p01,31,0.0032410087789415923,0.0017350188761304805
ETH-USD,spike_2024_08,naive,pinball_0p025,31,0.0051442289423290159,0.0023087889099141943
ETH-USD,spike_2024_08,naive,pinball_0p05,31,0.0071208534295652548,0.0026993971048460482
ETH-USD,spike_2024_08,naive,pinball_avg,31,0.0051686970502786206,0.0022476028827620371
ETH-USD,spike_2024_08,naive,qlike,31,1.3133936003890947,0.91924369567174824
ETH-USD,spike_2024_08,naive,fz0_0p01,31,0.91882857884305369,2.4726863552646208
ETH-USD,spike_2024_08,naive,fz0_0p025,31,-0.4146725929646265,1.5560262294911149
ETH-USD,spike_2024_08,naive,fz0_0p05,31,-1.2114736470652858,1.0819313079912727
ETH-USD,spike_2024_08,naive,fz0_avg,31,-0.2357725537289532,1.7023851581478304
ETH-USD,spike_2024_08,naive,qlike_ex_near_zero,31,1.3133936003890947,0.91924369567174824
ETH-USD,spike_2024_08,patchtst,crps,31,0.024441077270900349,0.0051569829304115014
ETH-USD,spike_2024_08,patchtst,log_score,31,-1.5149810483485897,0.34833556490894507
ETH-USD,spike_2024_08,patchtst,pinball_0p01,31,0.0017580760180668828,0.00094827294021934357
ETH-USD,spike_2024_08,patchtst,pinball_0p025,31,0.0039109229343528007,0.0016096961725297872
ETH-USD,spike_2024_08,patchtst,pinball_0p05,31,0.0062171671044248525,0.0021124183532387573
ETH-USD,spike_2024_08,patchtst,pinball_avg,31,0.003962055352281512,0.001543073760543485
ETH-USD,spike_2024_08,patchtst,qlike,31,0.92206800788843313,0.60217147597447718
ETH-USD,spike_2024_08,patchtst,fz0_0p01,31,-1.3113621719854787,1.157978957851499
ETH-USD,spike_2024_08,patchtst,fz0_0p025,31,-1.4293115148088538,0.93732451844657338
ETH-USD,spike_2024_08,patchtst,fz0_0p05,31,-1.7448228940906965,0.73751762746133032
ETH-USD,spike_2024_08,patchtst,fz0_avg,31,-1.4951655269616759,0.93056956455797191
ETH-USD,spike_2024_08,patchtst,qlike_ex_near_zero,31,0.92206800788843313,0.60217147597447718
ETH-USD,spike_2024_08,timesfm,crps,31,0.024083379928554961,0.0051889399206025109
ETH-USD,spike_2024_08,timesfm,log_score,31,-1.6216667614041762,0.29390988826608028
ETH-USD,spike_2024_08,timesfm,pinball_0p01,31,0.0024551294207660517,0.00089832752234805812
ETH-USD,spike_2024_08,timesfm,pinball_0p025,31,0.0046094593309872469,0.0015594584722854942
ETH-USD,spike_2024_08,timesfm,pinball_0p05,31,0.0067255017462509795,0.0020886095068961353
ETH-USD,spike_2024_08,timesfm,pinball_avg,31,0.0045966968326680924,0.0014988881056833925
ETH-USD,spike_2024_08,timesfm,qlike,31,0.52699610769190552,0.32956376185237768
ETH-USD,spike_2024_08,timesfm,fz0_0p01,31,-0.24619913918152794,1.2726490664050465
ETH-USD,spike_2024_08,timesfm,fz0_0p025,31,-0.88588423475199518,0.9730734939418223
ETH-USD,spike_2024_08,timesfm,fz0_0p05,31,-1.4743626779593413,0.75559409908345798
ETH-USD,spike_2024_08,timesfm,fz0_avg,31,-0.86881535063095494,0.98878649958279297
ETH-USD,spike_2024_08,timesfm,qlike_ex_near_zero,31,0.52699610769190552,0.32956376185237768
ETH-USD,calm,autoarima,crps,2366,0.02057819871326964,0.00051062532088107628
ETH-USD,calm,autoarima,log_score,2366,-1.8448864426573575,0.040797953331349675
ETH-USD,calm,autoarima,pinball_0p01,2366,0.001447349225577187,0.00011452196478340763
ETH-USD,calm,autoarima,pinball_0p025,2366,0.0027922251562075423,0.00015076390767958703
ETH-USD,calm,autoarima,pinball_0p05,2366,0.0045079773644555073,0.00018665276087634307
ETH-USD,calm,autoarima,pinball_avg,2366,0.0029158505820800788,0.00014894192539308389
ETH-USD,calm,autoarima,qlike,2366,0.31143707469959286,0.036480183769650294
ETH-USD,calm,autoarima,fz0_0p01,2366,-1.9038871094437322,0.12151604134501093
ETH-USD,calm,autoarima,fz0_0p025,2366,-2.2251228599391255,0.070844483073812789
ETH-USD,calm,autoarima,fz0_0p05,2366,-2.465778315828878,0.049794732035442539
ETH-USD,calm,autoarima,fz0_avg,2366,-2.198262761737245,0.079650871907342047
ETH-USD,calm,autoarima,qlike_ex_near_zero,2366,0.31143707469959286,0.036480183769650294
ETH-USD,calm,autoets,crps,2366,0.020708399131563693,0.00051208947047648955
ETH-USD,calm,autoets,log_score,2366,-1.8220007742479818,0.041800081466210816
ETH-USD,calm,autoets,pinball_0p01,2366,0.0015117876636720404,0.00011802710115952016
ETH-USD,calm,autoets,pinball_0p025,2366,0.0028824551961250744,0.00015364850756851721
ETH-USD,calm,autoets,pinball_0p05,2366,0.0046088184109520534,0.00018903894039038691
ETH-USD,calm,autoets,pinball_avg,2366,0.0030010204235830559,0.00015168285513416231
ETH-USD,calm,autoets,qlike,2366,0.33659155686100728,0.036824508498987454
ETH-USD,calm,autoets,fz0_0p01,2366,-1.7917464690791076,0.13256252753309053
ETH-USD,calm,autoets,fz0_0p025,2366,-2.1627922839834426,0.0768746676415243
ETH-USD,calm,autoets,fz0_0p05,2366,-2.4263204009689083,0.053326380959494157
ETH-USD,calm,autoets,fz0_avg,2366,-2.1269530513438197,0.086657660504584968
ETH-USD,calm,autoets,qlike_ex_near_zero,2366,0.33659155686100728,0.036824508498987454
ETH-USD,calm,chronos,crps,2366,0.020421270391703064,0.00051609905645886049
ETH-USD,calm,chronos,log_score,2366,-1.8731212435134217,0.035333646640112785
ETH-USD,calm,chronos,pinball_0p01,2366,0.0014419068151489696,0.00012360025430788345
ETH-USD,calm,chronos,pinball_0p025,2366,0.0027219288333395399,0.00015743869068826586
ETH-USD,calm,chronos,pinball_0p05,2366,0.0044050178674337609,0.00019138807635181297
ETH-USD,calm,chronos,pinball_avg,2366,0.0028562845053074237,0.00015571301452049072
ETH-USD,calm,chronos,qlike,2366,0.29242636556469287,0.027577515080924667
ETH-USD,calm,chronos,fz0_0p01,2366,-1.902962408028535,0.12586901038727491
ETH-USD,calm,chronos,fz0_0p025,2366,-2.246294139639196,0.073835441245376221
ETH-USD,calm,chronos,fz0_0p05,2366,-2.4842172891206209,0.052297261326444876
ETH-USD,calm,chronos,fz0_avg,2366,-2.211157945596117,0.082982207249175363
ETH-USD,calm,chronos,qlike_ex_near_zero,2366,0.29242636556469287,0.027577515080924667
ETH-USD,calm,ewma,crps,2366,0.020694133729605827,0.00051571107824028694
ETH-USD,calm,ewma,log_score,2366,-1.8243834130351899,0.038373270988293594
ETH-USD,calm,ewma,pinball_0p01,2366,0.0015488266980700324,0.00014116303133966318
ETH-USD,calm,ewma,pinball_0p025,2366,0.0028846066563025562,0.00017280556177672217
ETH-USD,calm,ewma,pinball_0p05,2366,0.0046083625001048364,0.00020401310416139109
ETH-USD,calm,ewma,pinball_avg,2366,0.0030139319514924747,0.00017096017520850713
ETH-USD,calm,ewma,qlike,2366,0.39018091237192015,0.039951795669502674
ETH-USD,calm,ewma,fz0_0p01,2366,-1.7729183209363253,0.14817066935275713
ETH-USD,calm,ewma,fz0_0p025,2366,-2.1602419771193517,0.082925457834681596
ETH-USD,calm,ewma,fz0_0p05,2366,-2.4203111225311225,0.056514088367905155
ETH-USD,calm,ewma,fz0_avg,2366,-2.1178238068622668,0.094891346138580052
ETH-USD,calm,ewma,qlike_ex_near_zero,2366,0.39018091237192015,0.039951795669502674
ETH-USD,calm,garch11,crps,2366,0.020808789535803156,0.00050377412898578149
ETH-USD,calm,garch11,log_score,2366,-1.8481205481423197,0.027676951216460473
ETH-USD,calm,garch11,pinball_0p01,2366,0.0014695719153801714,0.0001220000969803292
ETH-USD,calm,garch11,pinball_0p025,2366,0.002852358484464156,0.00015621308503540986
ETH-USD,calm,garch11,pinball_0p05,2366,0.0046457095867908716,0.00019003341773196763
ETH-USD,calm,garch11,pinball_avg,2366,0.0029892133288783999,0.00015436283553329781
ETH-USD,calm,garch11,qlike,2366,0.3856461207137728,0.022915177148029223
ETH-USD,calm,garch11,fz0_0p01,2366,-1.9452092930569198,0.10100662447127555
ETH-USD,calm,garch11,fz0_0p025,2366,-2.2202444969727386,0.060610290766602924
ETH-USD,calm,garch11,fz0_0p05,2366,-2.4333152301410621,0.043458111789301437
ETH-USD,calm,garch11,fz0_avg,2366,-2.1995896733902405,0.067369872953119678
ETH-USD,calm,garch11,qlike_ex_near_zero,2366,0.3856461207137728,0.022915177148029223
ETH-USD,calm,garch11_t,crps,2366,0.020501798149593537,0.00053035053509449754
ETH-USD,calm,garch11_t,log_score,2366,-1.9293896299853799,0.024525007891258555
ETH-USD,calm,garch11_t,pinball_0p01,2366,0.0014785767223062421,0.00010037589078530311
ETH-USD,calm,garch11_t,pinball_0p025,2366,0.0028533277095263215,0.00015880718837809018
ETH-USD,calm,garch11_t,pinball_0p05,2366,0.0045804828086501315,0.00020769569032007623
ETH-USD,calm,garch11_t,pinball_avg,2366,0.0029707957468275651,0.00015205747327890596
ETH-USD,calm,garch11_t,qlike,2366,0.42839479968563648,0.024287345611168406
ETH-USD,calm,garch11_t,fz0_0p01,2366,-1.9527419031770947,0.055367029242129759
ETH-USD,calm,garch11_t,fz0_0p025,2366,-2.2189398431962393,0.048724547287117941
ETH-USD,calm,garch11_t,fz0_0p05,2366,-2.4390670713388993,0.042630664426561861
ETH-USD,calm,garch11_t,fz0_avg,2366,-2.2035829392374109,0.047425857754054737
ETH-USD,calm,garch11_t,qlike_ex_near_zero,2366,0.42839479968563648,0.024287345611168406
ETH-USD,calm,gjr,crps,2366,0.020865280181277406,0.0005066486420509435
ETH-USD,calm,gjr,log_score,2366,-1.834615866825299,0.029755335732067498
ETH-USD,calm,gjr,pinball_0p01,2366,0.0014788799773828491,0.00011986471587197956
ETH-USD,calm,gjr,pinball_0p025,2366,0.0028494094067751212,0.00015464799386843064
ETH-USD,calm,gjr,pinball_0p05,2366,0.0046381088326139033,0.00018887933051491541
ETH-USD,calm,gjr,pinball_avg,2366,0.0029887994055906248,0.00015277140064502709
ETH-USD,calm,gjr,qlike,2366,0.40056303125481291,0.02243599206162324
ETH-USD,calm,gjr,fz0_0p01,2366,-1.9162002072150217,0.10735009484257177
ETH-USD,calm,gjr,fz0_0p025,2366,-2.2140047485279655,0.063271284874496042
ETH-USD,calm,gjr,fz0_0p05,2366,-2.4311736630710215,0.044784545623835617
ETH-USD,calm,gjr,fz0_avg,2366,-2.1871262062713361,0.070890233334758107
ETH-USD,calm,gjr,qlike_ex_near_zero,2366,0.40056303125481291,0.02243599206162324
ETH-USD,calm,har,crps,2366,0.020561909464446259,0.00051187760652627375
ETH-USD,calm,har,log_score,2366,-1.8557983323071128,0.035152249859975442
ETH-USD,calm,har,pinball_0p01,2366,0.0014601464062005828,0.00011736210916879392
ETH-USD,calm,har,pinball_0p025,2366,0.0028030820712116409,0.0001536097846023948
ETH-USD,calm,har,pinball_0p05,2366,0.0045094836195828381,0.00018927143626212665
ETH-USD,calm,har,pinball_avg,2366,0.0029242373656650205,0.00015176413963842949
ETH-USD,calm,har,qlike,2366,0.30449029696642516,0.032301155890289486
ETH-USD,calm,har,fz0_0p01,2366,-1.8974922368656351,0.11971504009053616
ETH-USD,calm,har,fz0_0p025,2366,-2.2180818077078555,0.070512583072662935
ETH-USD,calm,har,fz0_0p05,2366,-2.4607335198703684,0.049920133511491105
ETH-USD,calm,har,fz0_avg,2366,-2.1921025214812864,0.079013662745591323
ETH-USD,calm,har,qlike_ex_near_zero,2366,0.30449029696642516,0.032301155890289486
ETH-USD,calm,lgbm,crps,2366,0.020691468082271038,0.00051406951221849313
ETH-USD,calm,lgbm,log_score,2366,-1.8523464119318243,0.032844522636737976
ETH-USD,calm,lgbm,pinball_0p01,2366,0.0014991553327750097,0.00012492767729515385
ETH-USD,calm,lgbm,pinball_0p025,2366,0.0028549194777378662,0.00015736779052042673
ETH-USD,calm,lgbm,pinball_0p05,2366,0.0046225104905967878,0.00019019546689174544
ETH-USD,calm,lgbm,pinball_avg,2366,0.0029921951003698878,0.00015562992252983238
ETH-USD,calm,lgbm,qlike,2366,0.33190745937955163,0.030162611904055021
ETH-USD,calm,lgbm,fz0_0p01,2366,-1.8666601695511129,0.12417937931173989
ETH-USD,calm,lgbm,fz0_0p025,2366,-2.2019412719786238,0.071807247165406915
ETH-USD,calm,lgbm,fz0_0p05,2366,-2.4371348894446032,0.050236942844519315
ETH-USD,calm,lgbm,fz0_avg,2366,-2.1685787769914464,0.081070027274886367
ETH-USD,calm,lgbm,qlike_ex_near_zero,2366,0.33190745937955163,0.030162611904055021
ETH-USD,calm,moirai,crps,2366,0.020365679752382418,0.00051955329809415176
ETH-USD,calm,moirai,log_score,2366,-1.8776191099204302,0.037393117592893252
ETH-USD,calm,moirai,pinball_0p01,2366,0.0014239158279707412,0.00012335133723992571
ETH-USD,calm,moirai,pinball_0p025,2366,0.0026937686457882567,0.00015792635886103384
ETH-USD,calm,moirai,pinball_0p05,2366,0.0043814049501670104,0.00019233047389618477
ETH-USD,calm,moirai,pinball_avg,2366,0.0028330298079753359,0.00015600217857196066
ETH-USD,calm,moirai,qlike,2366,0.26705797933973768,0.02758033698653365
ETH-USD,calm,moirai,fz0_0p01,2366,-1.9249603394628754,0.12848522738083057
ETH-USD,calm,moirai,fz0_0p025,2366,-2.2678199000701693,0.075299315352983995
ETH-USD,calm,moirai,fz0_0p05,2366,-2.4988500039137191,0.053191320803486222
ETH-USD,calm,moirai,fz0_avg,2366,-2.2305434144822547,0.084574486122032097
ETH-USD,calm,moirai,qlike_ex_near_zero,2366,0.26705797933973768,0.02758033698653365
ETH-USD,calm,naive,crps,2366,0.021113105081516648,0.00050030820231152635
ETH-USD,calm,naive,log_score,2366,-1.8140984436069194,0.027061525121775658
ETH-USD,calm,naive,pinball_0p01,2366,0.0015490712262294598,0.0001339233258409434
ETH-USD,calm,naive,pinball_0p025,2366,0.002971265930983953,0.00016390395556236995
ETH-USD,calm,naive,pinball_0p05,2366,0.0048062890365668512,0.00019276360499350756
ETH-USD,calm,naive,pinball_avg,2366,0.0031088753979267541,0.00016194698645229439
ETH-USD,calm,naive,qlike,2366,0.51047614015898124,0.030247129015887105
ETH-USD,calm,naive,fz0_0p01,2366,-1.8535963920840055,0.11183261080149251
ETH-USD,calm,naive,fz0_0p025,2366,-2.1512265186159119,0.064844041247723555
ETH-USD,calm,naive,fz0_0p05,2366,-2.3746945023601054,0.045134984352086495
ETH-USD,calm,naive,fz0_avg,2366,-2.1265058043533411,0.073091092009994446
ETH-USD,calm,naive,qlike_ex_near_zero,2366,0.51047614015898124,0.030247129015887105
ETH-USD,calm,patchtst,crps,2366,0.020797579982821748,0.00052690489514067536
ETH-USD,calm,patchtst,log_score,2366,-1.7775091928627345,0.040149332390564792
ETH-USD,calm,patchtst,pinball_0p01,2366,0.0016885506085538653,0.00015689059443078833
ETH-USD,calm,patchtst,pinball_0p025,2366,0.0030054771042194025,0.00018790079830569923
ETH-USD,calm,patchtst,pinball_0p05,2366,0.0047039896134118278,0.00021603536489113486
ETH-USD,calm,patchtst,pinball_avg,2366,0.0031326724420616993,0.0001854431229376114
ETH-USD,calm,patchtst,qlike,2366,0.58705435953602114,0.05920491286330691
ETH-USD,calm,patchtst,fz0_0p01,2366,-1.4892869358384333,0.19240870643177641
ETH-USD,calm,patchtst,fz0_0p025,2366,-2.0293941135519558,0.10438680228573995
ETH-USD,calm,patchtst,fz0_0p05,2366,-2.3478699024668699,0.068344239176622426
ETH-USD,calm,patchtst,fz0_avg,2366,-1.9555169839524194,0.12088346970834775
ETH-USD,calm,patchtst,qlike_ex_near_zero,2366,0.58705435953602114,0.05920491286330691
ETH-USD,calm,timesfm,crps,2366,0.020395022288947739,0.00051848526037207303
ETH-USD,calm,timesfm,log_score,2366,-1.8793445582798105,0.034906483735061319
ETH-USD,calm,timesfm,pinball_0p01,2366,0.0014432196607887706,0.00012777908343461668
ETH-USD,calm,timesfm,pinball_0p025,2366,0.0027228637208114134,0.00016183049937429063
ETH-USD,calm,timesfm,pinball_0p05,2366,0.0044123076663726678,0.00019597807170041863
ETH-USD,calm,timesfm,pinball_avg,2366,0.0028594636826576171,0.00016005826211958112
ETH-USD,calm,timesfm,qlike,2366,0.27096951818248649,0.023606124123432146
ETH-USD,calm,timesfm,fz0_0p01,2366,-1.922045296344886,0.12581259186076094
ETH-USD,calm,timesfm,fz0_0p025,2366,-2.2585749107504935,0.073918028468123537
ETH-USD,calm,timesfm,fz0_0p05,2366,-2.4901471595573468,0.052397023197535135
ETH-USD,calm,timesfm,fz0_avg,2366,-2.2235891222175757,0.082981581420622175
ETH-USD,calm,timesfm,qlike_ex_near_zero,2366,0.27096951818248649,0.023606124123432146
HSI,gfc,autoarima,crps,143,0.020774906124833081,0.0019242919433015016
HSI,gfc,autoarima,log_score,143,-1.875617371381876,0.10053781307686646
HSI,gfc,autoarima,pinball_0p01,143,0.0011430781210011406,0.00028981816507918958
HSI,gfc,autoarima,pinball_0p025,143,0.0022805979065868925,0.00042430879921909989
HSI,gfc,autoarima,pinball_0p05,143,0.0038638685195789627,0.00063951706812482992
HSI,gfc,autoarima,pinball_avg,143,0.0024291815157223323,0.00044561811202075167
HSI,gfc,autoarima,qlike,143,0.58416339933651362,0.076781849707491079
HSI,gfc,autoarima,fz0_0p01,143,-2.1839631498679122,0.2838835105567622
HSI,gfc,autoarima,fz0_0p025,143,-2.3991431929263358,0.20250665561991846
HSI,gfc,autoarima,fz0_0p05,143,-2.5524884227222699,0.17353084951329076
HSI,gfc,autoarima,fz0_avg,143,-2.3785315885055063,0.2168327330250169
HSI,gfc,autoarima,qlike_ex_near_zero,143,0.58416339933651362,0.076781849707491079
HSI,gfc,autoets,crps,143,0.020665170607289906,0.0018753542326922154
HSI,gfc,autoets,log_score,143,-1.8970591364417022,0.088580013105487715
HSI,gfc,autoets,pinball_0p01,143,0.0010549949101511997,0.00023163539716522502
HSI,gfc,autoets,pinball_0p025,143,0.002198676371332847,0.00037415867370763995
HSI,gfc,autoets,pinball_0p05,143,0.0037428714391626447,0.00054643033405302774
HSI,gfc,autoets,pinball_avg,143,0.0023321809068822304,0.00037904991433177729
HSI,gfc,autoets,qlike,143,0.56745605424312162,0.074702411944341393
HSI,gfc,autoets,fz0_0p01,143,-2.2916683726125644,0.21291311409464714
HSI,gfc,autoets,fz0_0p025,143,-2.4541765688695873,0.16993609949344068
HSI,gfc,autoets,fz0_0p05,143,-2.5974114813987379,0.14527631720804746
HSI,gfc,autoets,fz0_avg,143,-2.4477521409602963,0.17271239295201168
HSI,gfc,autoets,qlike_ex_near_zero,143,0.56745605424312162,0.074702411944341393
HSI,gfc,chronos,crps,143,0.020738978900989899,0.0019353358231444574
HSI,gfc,chronos,log_score,143,-1.8494717879076548,0.11625353474252184
HSI,gfc,chronos,pinball_0p01,143,0.0014819561030685361,0.00045437061161755641
HSI,gfc,chronos,pinball_0p025,143,0.002618842505075714,0.00056952943486133145
HSI,gfc,chronos,pinball_0p05,143,0.0041456929442447695,0.00074094645921586556
HSI,gfc,chronos,pinball_avg,143,0.0027488305174630059,0.00058406318987245978
HSI,gfc,chronos,qlike,143,0.69657857869117146,0.10651006381391685
HSI,gfc,chronos,fz0_0p01,143,-1.6119308668367174,0.56323185491187233
HSI,gfc,chronos,fz0_0p025,143,-2.0908041782488662,0.33352399207228167
HSI,gfc,chronos,fz0_0p05,143,-2.3611890233342443,0.24692325116239294
HSI,gfc,chronos,fz0_avg,143,-2.0213080228066094,0.37852954568069497
HSI,gfc,chronos,qlike_ex_near_zero,143,0.69657857869117146,0.10651006381391685
HSI,gfc,ewma,crps,143,0.020676437312797578,0.001894116510880158
HSI,gfc,ewma,log_score,143,-1.8842944874333047,0.092388175595776972
HSI,gfc,ewma,pinball_0p01,143,0.0011162597587971899,0.0001986897245272447
HSI,gfc,ewma,pinball_0p025,143,0.0022752378677748167,0.0003521323778401472
HSI,gfc,ewma,pinball_0p05,143,0.0038709527108827173,0.00059444848676941907
HSI,gfc,ewma,pinball_avg,143,0.0024208167791515745,0.00037694982757782909
HSI,gfc,ewma,qlike,143,0.61178896919399961,0.093213975303182969
HSI,gfc,ewma,fz0_0p01,143,-2.1834578331033612,0.20849800396860327
HSI,gfc,ewma,fz0_0p025,143,-2.3905672526926565,0.1720352427487766
HSI,gfc,ewma,fz0_0p05,143,-2.5494136885374235,0.15812632546560415
HSI,gfc,ewma,fz0_avg,143,-2.3744795914444801,0.17793641153493636
HSI,gfc,ewma,qlike_ex_near_zero,143,0.61178896919399961,0.093213975303182969
HSI,gfc,garch11,crps,143,0.020549300870017391,0.0018573280378407849
HSI,gfc,garch11,log_score,143,-1.9116645139449897,0.084178038402558539
HSI,gfc,garch11,pinball_0p01,143,0.00091895426597525596,0.00010499233535950158
HSI,gfc,garch11,pinball_0p025,143,0.0020606425034837218,0.00028183706958322374
HSI,gfc,garch11,pinball_0p05,143,0.003631021785542859,0.0005009565634258961
HSI,gfc,garch11,pinball_avg,143,0.0022035395183339457,0.00029373286147026589
HSI,gfc,garch11,qlike,143,0.57928644300918986,0.086471501717062832
HSI,gfc,garch11,fz0_0p01,143,-2.4283502030174247,0.10843570241670002
HSI,gfc,garch11,fz0_0p025,143,-2.5343254464510148,0.13029032772362986
HSI,gfc,garch11,fz0_0p05,143,-2.6436999860000063,0.12767230519896577
HSI,gfc,garch11,fz0_avg,143,-2.5354585451561489,0.12081329239920982
HSI,gfc,garch11,qlike_ex_near_zero,143,0.57928644300918986,0.086471501717062832
HSI,gfc,garch11_t,crps,143,0.020579895869388149,0.0018739428730018249
HSI,gfc,garch11_t,log_score,143,-1.9099280775988938,0.083116825966193048
HSI,gfc,garch11_t,pinball_0p01,143,0.00085663084604829971,7.3395506035381727e-05
HSI,gfc,garch11_t,pinball_0p025,143,0.0020665856203250219,0.00027379853725373533
HSI,gfc,garch11_t,pinball_0p05,143,0.0036419323135567709,0.00051470006482102961
HSI,gfc,garch11_t,pinball_avg,143,0.002188382926643364,0.00027983259965640221
HSI,gfc,garch11_t,qlike,143,0.57894249611444992,0.08650042222252298
HSI,gfc,garch11_t,fz0_0p01,143,-2.4844853230520858,0.06927953219643343
HSI,gfc,garch11_t,fz0_0p025,143,-2.5346918932117051,0.1189839177634569
HSI,gfc,garch11_t,fz0_0p05,143,-2.6442475475084595,0.12656105393850575
HSI,gfc,garch11_t,fz0_avg,143,-2.5544749212574169,0.099513833613681241
HSI,gfc,garch11_t,qlike_ex_near_zero,143,0.57894249611444992,0.08650042222252298
HSI,gfc,gjr,crps,143,0.02042298081569157,0.00176971749356941
HSI,gfc,gjr,log_score,143,-1.9254991287698915,0.075884507703670404
HSI,gfc,gjr,pinball_0p01,143,0.00076328785065455762,6.0994439150867457e-05
HSI,gfc,gjr,pinball_0p025,143,0.0020037874261472368,0.00021895355388122211
HSI,gfc,gjr,pinball_0p05,143,0.0035986347531072717,0.00042839329037408145
HSI,gfc,gjr,pinball_avg,143,0.0021219033433030219,0.00022839201446728745
HSI,gfc,gjr,qlike,143,0.49887346212598227,0.063949105339380044
HSI,gfc,gjr,fz0_0p01,143,-2.5884377137276164,0.065349124619044449
HSI,gfc,gjr,fz0_0p025,143,-2.5274659136168873,0.11667397293392505
HSI,gfc,gjr,fz0_0p05,143,-2.6210730502042878,0.12298131833244129
HSI,gfc,gjr,fz0_avg,143,-2.5789922258495972,0.094334524804367131
HSI,gfc,gjr,qlike_ex_near_zero,143,0.49887346212598227,0.063949105339380044
HSI,gfc,har,crps,143,0.020628552731011478,0.0019426688463345262
HSI,gfc,har,log_score,143,-1.8926443595708491,0.11071267692057488
HSI,gfc,har,pinball_0p01,143,0.001164993618160149,0.00037723483053332988
HSI,gfc,har,pinball_0p025,143,0.0023458552850544444,0.00055855621748112695
HSI,gfc,har,pinball_0p05,143,0.0038700773140551018,0.00076695857501474804
HSI,gfc,har,pinball_avg,143,0.0024603087390898987,0.00056080160197527278
HSI,gfc,har,qlike,143,0.58086032557870559,0.080549660126032346
HSI,gfc,har,fz0_0p01,143,-2.132935435480225,0.4105173665009047
HSI,gfc,har,fz0_0p025,143,-2.3482236429472736,0.28077664283616938
HSI,gfc,har,fz0_0p05,143,-2.5314478176202631,0.21984874913970809
HSI,gfc,har,fz0_avg,143,-2.3375356320159209,0.29920587702203394
HSI,gfc,har,qlike_ex_near_zero,143,0.58086032557870559,0.080549660126032346
HSI,gfc,lgbm,crps,143,0.020861354599345391,0.0019057403470977797
HSI,gfc,lgbm,log_score,143,-1.8569340201710292,0.10662605986255964
HSI,gfc,lgbm,pinball_0p01,143,0.0011735934964369925,0.00031203089839961249
HSI,gfc,lgbm,pinball_0p025,143,0.0022797369581080062,0.00044283747337084037
HSI,gfc,lgbm,pinball_0p05,143,0.003901496078102066,0.00065524898621140604
HSI,gfc,lgbm,pinball_avg,143,0.0024516088442156883,0.00046294981165090159
HSI,gfc,lgbm,qlike,143,0.63508341706335669,0.054493336280308065
HSI,gfc,lgbm,fz0_0p01,143,-2.1259894783256192,0.30541423240560517
HSI,gfc,lgbm,fz0_0p025,143,-2.3804326313738282,0.19790345743693363
HSI,gfc,lgbm,fz0_0p05,143,-2.529806711724194,0.16526500189702886
HSI,gfc,lgbm,fz0_avg,143,-2.3454096071412134,0.22024031819744241
HSI,gfc,lgbm,qlike_ex_near_zero,143,0.63508341706335669,0.054493336280308065
HSI,gfc,moirai,crps,143,0.020697924400397756,0.0019357571070756495
HSI,gfc,moirai,log_score,143,-1.8816420650007601,0.10551040455463687
HSI,gfc,moirai,pinball_0p01,143,0.0013434620761985244,0.00038568653566987721
HSI,gfc,moirai,pinball_0p025,143,0.0025144202726927714,0.000525877296144871
HSI,gfc,moirai,pinball_0p05,143,0.004190456044662583,0.00075468601469804765
HSI,gfc,moirai,pinball_avg,143,0.0026827794645179594,0.00054935455192260511
HSI,gfc,moirai,qlike,143,0.65480923877835517,0.10236052612592607
HSI,gfc,moirai,fz0_0p01,143,-1.8530673876195907,0.44272219967486209
HSI,gfc,moirai,fz0_0p025,143,-2.1926193227776798,0.2863068332097683
HSI,gfc,moirai,fz0_0p05,143,-2.385090955193268,0.23060423645841824
HSI,gfc,moirai,fz0_avg,143,-2.1435925551968462,0.31655000866414451
HSI,gfc,moirai,qlike_ex_near_zero,143,0.65480923877835517,0.10236052612592607
HSI,gfc,naive,crps,143,0.021485903791266435,0.0022141655340366709
HSI,gfc,naive,log_score,143,-1.3544584876637875,0.3502233122958216
HSI,gfc,naive,pinball_0p01,143,0.0021786530294275182,0.00097390233332224504
HSI,gfc,naive,pinball_0p025,143,0.0034809056104111386,0.001118310639149979
HSI,gfc,naive,pinball_0p05,143,0.0051766952148058565,0.0012387062978041128
HSI,gfc,naive,pinball_avg,143,0.0036120846182148372,0.0011063744169203379
HSI,gfc,naive,qlike,143,1.2703564313834361,0.2496970937506871
HSI,gfc,naive,fz0_0p01,143,0.10142983812348556,1.7347696154741783
HSI,gfc,naive,fz0_0p025,143,-1.0919072541514381,0.92221177540577381
HSI,gfc,naive,fz0_0p05,143,-1.6699553238931062,0.59203095474093814
HSI,gfc,naive,fz0_avg,143,-0.88681091330701967,1.0780636774867141
HSI,gfc,naive,qlike_ex_near_zero,143,1.2703564313834361,0.2496970937506871
HSI,gfc,patchtst,crps,143,0.021162861504009364,0.002114415656508628
HSI,gfc,patchtst,log_score,143,-1.5880129877320577,0.25604205165441402
HSI,gfc,patchtst,pinball_0p01,143,0.0018088644083585209,0.0007882312609724867
HSI,gfc,patchtst,pinball_0p025,143,0.0029421915115962955,0.00094663684331989411
HSI,gfc,patchtst,pinball_0p05,143,0.0045132011536516492,0.0010922215566681105
HSI,gfc,patchtst,pinball_avg,143,0.0030880856912021549,0.00093968216644400133
HSI,gfc,patchtst,qlike,143,1.0343799910570848,0.25198933055330919
HSI,gfc,patchtst,fz0_0p01,143,-0.92101789505755538,1.1883325352511496
HSI,gfc,patchtst,fz0_0p025,143,-1.7430569924386534,0.66246877000254256
HSI,gfc,patchtst,fz0_0p05,143,-2.122931943539772,0.44404229661905592
HSI,gfc,patchtst,fz0_avg,143,-1.5956689436786604,0.7622660596941413
HSI,gfc,patchtst,qlike_ex_near_zero,143,1.0343799910570848,0.25198933055330919
HSI,gfc,timesfm,crps,143,0.020833121554140594,0.001961365995069065
HSI,gfc,timesfm,log_score,143,-1.8248954093155865,0.11743163406613022
HSI,gfc,timesfm,pinball_0p01,143,0.0013881481065404289,0.00043370801055302996
HSI,gfc,timesfm,pinball_0p025,143,0.0025940803251773784,0.00065742771973021372
HSI,gfc,timesfm,pinball_0p05,143,0.0042890065664494209,0.00085291816144507479
HSI,gfc,timesfm,pinball_avg,143,0.0027570783327224087,0.00064509302305601457
HSI,gfc,timesfm,qlike,143,0.69124646523393785,0.10719028601935547
HSI,gfc,timesfm,fz0_0p01,143,-1.782007580643429,0.49725915089886125
HSI,gfc,timesfm,fz0_0p025,143,-2.1471069573716468,0.35126780990549655
HSI,gfc,timesfm,fz0_0p05,143,-2.3279156581615128,0.26672288240727493
HSI,gfc,timesfm,fz0_avg,143,-2.0856767320588627,0.36934222294798569
HSI,gfc,timesfm,qlike_ex_near_zero,143,0.69124646523393785,0.10719028601935547
HSI,covid,autoarima,crps,61,0.010633572035759273,0.0016552504883341737
HSI,covid,autoarima,log_score,61,-2.5346723058638641,0.19010066945651402
HSI,covid,autoarima,pinball_0p01,61,0.00072196092462305315,0.00025952213091205804
HSI,covid,autoarima,pinball_0p025,61,0.001625489504779183,0.00037552113373248746
HSI,covid,autoarima,pinball_0p05,61,0.0026546611929857775,0.00053007152313746869
HSI,covid,autoarima,pinball_avg,61,0.0016673705407960046,0.00037473343753983659
HSI,covid,autoarima,qlike,61,1.057191431043516,0.50197470038002667
HSI,covid,autoarima,fz0_0p01,61,-2.2033096224499125,0.86107490409135545
HSI,covid,autoarima,fz0_0p025,61,-2.4188714216208678,0.55606938617335511
HSI,covid,autoarima,fz0_0p05,61,-2.7145872172626202,0.43570666724056262
HSI,covid,autoarima,fz0_avg,61,-2.4455894204444664,0.60610832917916702
HSI,covid,autoarima,qlike_ex_near_zero,61,1.057191431043516,0.50197470038002667
HSI,covid,autoets,crps,61,0.010759417417452339,0.0016489851366928618
HSI,covid,autoets,log_score,61,-2.4954504420939325,0.19042278190920889
HSI,covid,autoets,pinball_0p01,61,0.00077629671676125267,0.00026010461426157768
HSI,covid,autoets,pinball_0p025,61,0.0017199172051487346,0.00037862643570411321
HSI,covid,autoets,pinball_0p05,61,0.002784626179354135,0.00052842389536026052
HSI,covid,autoets,pinball_avg,61,0.0017602800337547071,0.00037656485349853657
HSI,covid,autoets,qlike,61,1.132010364087398,0.51138944509487372
HSI,covid,autoets,fz0_0p01,61,-2.0879016540294919,0.86562799420363479
HSI,covid,autoets,fz0_0p025,61,-2.322494596980234,0.55943380191017544
HSI,covid,autoets,fz0_0p05,61,-2.6342941484097659,0.43540649286950206
HSI,covid,autoets,fz0_avg,61,-2.3482301331398303,0.60915115972276179
HSI,covid,autoets,qlike_ex_near_zero,61,1.132010364087398,0.51138944509487372
HSI,covid,chronos,crps,61,0.010448681143703401,0.0016447012441134121
HSI,covid,chronos,log_score,61,-2.5701886261388949,0.18546195830405338
HSI,covid,chronos,pinball_0p01,61,0.0008643670903137774,0.00025825956889392415
HSI,covid,chronos,pinball_0p025,61,0.0016577111484322887,0.0004178564731576992
HSI,covid,chronos,pinball_0p05,61,0.0026018128447553878,0.00058548622044826974
HSI,covid,chronos,pinball_avg,61,0.001707963694500485,0.00041581239320669414
HSI,covid,chronos,qlike,61,0.86881826613800317,0.32814917776754193
HSI,covid,chronos,fz0_0p01,61,-1.9960707940605784,0.76507201451318885
HSI,covid,chronos,fz0_0p025,61,-2.4350521107293099,0.54689775646556227
HSI,covid,chronos,fz0_0p05,61,-2.7613672152672781,0.43765188734720034
HSI,covid,chronos,fz0_avg,61,-2.3974967066857218,0.57816239551087401
HSI,covid,chronos,qlike_ex_near_zero,61,0.86881826613800317,0.32814917776754193
HSI,covid,ewma,crps,61,0.010729089766653033,0.0015819221350404573
HSI,covid,ewma,log_score,61,-2.5257024243626498,0.15882679003005779
HSI,covid,ewma,pinball_0p01,61,0.00062369219972508762,0.00019771567735905491
HSI,covid,ewma,pinball_0p025,61,0.0015080659892580358,0.00027568277671891224
HSI,covid,ewma,pinball_0p05,61,0.0026596887061241603,0.0004347636445119158
HSI,covid,ewma,pinball_avg,61,0.0015971489650357616,0.00028840514446065604
HSI,covid,ewma,qlike,61,0.91850242602754417,0.31809739034025225
HSI,covid,ewma,fz0_0p01,61,-2.594279773795467,0.59011585497312102
HSI,covid,ewma,fz0_0p025,61,-2.6244446814456457,0.38542947624512081
HSI,covid,ewma,fz0_0p05,61,-2.7706347859161844,0.33517260981615676
HSI,covid,ewma,fz0_avg,61,-2.6631197470524324,0.42217502592377132
HSI,covid,ewma,qlike_ex_near_zero,61,0.91850242602754417,0.31809739034025225
HSI,covid,garch11,crps,61,0.010970725638951781,0.0018662997195068088
HSI,covid,garch11,log_score,61,-2.3352231131914447,0.26131752704286249
HSI,covid,garch11,pinball_0p01,61,0.0013147723705066762,0.00038525893950555184
HSI,covid,garch11,pinball_0p025,61,0.0021481420090065438,0.00052389014908144505
HSI,covid,garch11,pinball_0p05,61,0.0031149306004432495,0.00066568491558188184
HSI,covid,garch11,pinball_avg,61,0.0021926149933188233,0.00052291372391233813
HSI,covid,garch11,qlike,61,1.4480831048864562,0.71064499673926618
HSI,covid,garch11,fz0_0p01,61,-0.58525685311815934,1.1577248447765962
HSI,covid,garch11,fz0_0p025,61,-1.6583329735698984,0.73117967482789603
HSI,covid,garch11,fz0_0p05,61,-2.2697778342390538,0.54226352296708691
HSI,covid,garch11,fz0_avg,61,-1.5044558869757041,0.80752121160659118
HSI,covid,garch11,qlike_ex_near_zero,61,1.4480831048864562,0.71064499673926618
HSI,covid,garch11_t,crps,61,0.010995810683885037,0.0018804423837122787
HSI,covid,garch11_t,log_score,61,-2.4082008458274804,0.23599110154794911
HSI,covid,garch11_t,pinball_0p01,61,0.0011925027638840756,0.00032711775582366308
HSI,covid,garch11_t,pinball_0p025,61,0.0021328625304021542,0.00051413098243298838
HSI,covid,garch11_t,pinball_0p05,61,0.0031906154878217777,0.00068447553029931751
HSI,covid,garch11_t,pinball_avg,61,0.0021719935940360023,0.00050619113453533352
HSI,covid,garch11_t,qlike,61,1.4950752292856333,0.72735827104102291
HSI,covid,garch11_t,fz0_0p01,61,-1.2170305388512164,0.87385183664289323
HSI,covid,garch11_t,fz0_0p025,61,-1.8118583680189853,0.66410111072572731
HSI,covid,garch11_t,fz0_0p05,61,-2.2608245999310368,0.53431798244538931
HSI,covid,garch11_t,fz0_avg,61,-1.7632378356004128,0.68726518072477794
HSI,covid,garch11_t,qlike_ex_near_zero,61,1.4950752292856333,0.72735827104102291
HSI,covid,gjr,crps,61,0.010693638227405508,0.0016939434600333992
HSI,covid,gjr,log_score,61,-2.5276163903585656,0.18756410063290704
HSI,covid,gjr,pinball_0p01,61,0.0007559369563322235,0.00022383483030460351
HSI,covid,gjr,pinball_0p025,61,0.0016751995521879334,0.00036289090794378769
HSI,covid,gjr,pinball_0p05,61,0.0027125566208866794,0.00052802363243752994
HSI,covid,gjr,pinball_avg,61,0.0017145643764689459,0.00036353510062581097
HSI,covid,gjr,qlike,61,0.94939713439689799,0.39427753661586334
HSI,covid,gjr,fz0_0p01,61,-2.2792756549068631,0.67148302005736304
HSI,covid,gjr,fz0_0p025,61,-2.4431709601674809,0.47031696437326492
HSI,covid,gjr,fz0_0p05,61,-2.7154685276505153,0.39253050515707771
HSI,covid,gjr,fz0_avg,61,-2.479305047574953,0.5005317066746825
HSI,covid,gjr,qlike_ex_near_zero,61,0.94939713439689799,0.39427753661586334
HSI,covid,har,crps,61,0.010729208107549687,0.0017116487520686188
HSI,covid,har,log_score,61,-2.4944881024610734,0.2094380223740675
HSI,covid,har,pinball_0p01,61,0.00082745412084995692,0.00029595996869549956
HSI,covid,har,pinball_0p025,61,0.001614321899384856,0.00040337452743982664
HSI,covid,har,pinball_0p05,61,0.002668143923052983,0.00054755303672088544
HSI,covid,har,pinball_avg,61,0.0017033066477625985,0.00040775968985280303
HSI,covid,har,qlike,61,1.0796264719398438,0.43936409000346388
HSI,covid,har,fz0_0p01,61,-1.9196633051894525,1.0040755102792369
HSI,covid,har,fz0_0p025,61,-2.4039708542075244,0.59641559431803581
HSI,covid,har,fz0_0p05,61,-2.6917471584612582,0.45274108709463068
HSI,covid,har,fz0_avg,61,-2.3384604392860782,0.67655460554519964
HSI,covid,har,qlike_ex_near_zero,61,1.0796264719398438,0.43936409000346388
HSI,covid,lgbm,crps,61,0.011074728150123279,0.0019909798719796243
HSI,covid,lgbm,log_score,61,-2.125282583881801,0.39368470823355911
HSI,covid,lgbm,pinball_0p01,61,0.0015284681578501597,0.00049644369320542194
HSI,covid,lgbm,pinball_0p025,61,0.0022884806441735928,0.00063585303065515238
HSI,covid,lgbm,pinball_0p05,61,0.003181904899543557,0.00075136524610533505
HSI,covid,lgbm,pinball_avg,61,0.0023329512338557692,0.00062576579030041129
HSI,covid,lgbm,qlike,61,2.0377044866486509,1.0665055810971864
HSI,covid,lgbm,fz0_0p01,61,0.49059097722944883,1.6998566569254494
HSI,covid,lgbm,fz0_0p025,61,-1.2068577798069948,1.0115175152897649
HSI,covid,lgbm,fz0_0p05,61,-2.0477644062243119,0.69140931831123453
HSI,covid,lgbm,fz0_avg,61,-0.92134373626728616,1.1310980942609918
HSI,covid,lgbm,qlike_ex_near_zero,61,2.0377044866486509,1.0665055810971864
HSI,covid,moirai,crps,61,0.010524486456704703,0.0017126684439884899
HSI,covid,moirai,log_score,61,-2.4971070258889125,0.22006424190940987
HSI,covid,moirai,pinball_0p01,61,0.0010781145683174417,0.00036850809051552599
HSI,covid,moirai,pinball_0p025,61,0.0018902717868670346,0.00053590961331377259
HSI,covid,moirai,pinball_0p05,61,0.0028152460601333111,0.00069183809748316191
HSI,covid,moirai,pinball_avg,61,0.001927877471772596,0.00052729109500020751
HSI,covid,moirai,qlike,61,0.90861377932545495,0.3057207397716078
HSI,covid,moirai,fz0_0p01,61,-1.2247188647155876,1.1434914950329145
HSI,covid,moirai,fz0_0p025,61,-1.9798831355717601,0.76310445094519441
HSI,covid,moirai,fz0_0p05,61,-2.4835915864408724,0.56093521481206521
HSI,covid,moirai,fz0_avg,61,-1.8960645289094065,0.81498410790410547
HSI,covid,moirai,qlike_ex_near_zero,61,0.90861377932545495,0.3057207397716078
HSI,covid,naive,crps,61,0.011120626813133746,0.0020025507649555222
HSI,covid,naive,log_score,61,-2.1101389859091468,0.43227192583084156
HSI,covid,naive,pinball_0p01,61,0.0015871145742983235,0.00052806428499776428
HSI,covid,naive,pinball_0p025,61,0.0023489391822185614,0.00067148128643273173
HSI,covid,naive,pinball_0p05,61,0.0032474056599063861,0.00079930649940483948
HSI,covid,naive,pinball_avg,61,0.0023944864721410896,0.00066319454085533619
HSI,covid,naive,qlike,61,2.0193910652055194,1.0163963891018413
HSI,covid,naive,fz0_0p01,61,0.72908419613658504,1.7481470521260218
HSI,covid,naive,fz0_0p025,61,-1.0757159007686272,1.0345146225917126
HSI,covid,naive,fz0_0p05,61,-1.9533250004267411,0.71641951230695555
HSI,covid,naive,fz0_avg,61,-0.76665223501959456,1.1616460751849462
HSI,covid,naive,qlike_ex_near_zero,61,2.0193910652055194,1.0163963891018413
HSI,covid,patchtst,crps,61,0.011497444518855602,0.0021618083995155525
HSI,covid,patchtst,log_score,61,-1.3224936019458986,0.83519363736994168
HSI,covid,patchtst,pinball_0p01,61,0.0023710906781134926,0.00077113019328504224
HSI,covid,patchtst,pinball_0p025,61,0.0031207583245067916,0.00088478334602626015
HSI,covid,patchtst,pinball_0p05,61,0.0039298283951141018,0.00096343485806739751
HSI,covid,patchtst,pinball_avg,61,0.0031405591325781284,0.0008717678257774285
HSI,covid,patchtst,qlike,61,3.771624679877954,1.9576016525625382
HSI,covid,patchtst,fz0_0p01,61,5.3552307507159149,3.3744781699045423
HSI,covid,patchtst,fz0_0p025,61,1.1749112003334092,1.7980012416494933
HSI,covid,patchtst,fz0_0p05,61,-0.67665144364775698,1.1377339562015314
HSI,covid,patchtst,fz0_avg,61,1.9511635024671894,2.1008062000597807
HSI,covid,patchtst,qlike_ex_near_zero,61,3.771624679877954,1.9576016525625382
HSI,covid,timesfm,crps,61,0.010502130262378902,0.0017002268169085503
HSI,covid,timesfm,log_score,61,-2.5002759968379888,0.21804754530617054
HSI,covid,timesfm,pinball_0p01,61,0.00099162821461226637,0.00036399269985049043
HSI,covid,timesfm,pinball_0p025,61,0.0017448224203117772,0.00050124684167221316
HSI,covid,timesfm,pinball_0p05,61,0.0026390464279083159,0.00063455992348800127
HSI,covid,timesfm,pinball_avg,61,0.001791832354277453,0.00049247906813236183
HSI,covid,timesfm,qlike,61,1.1150268921718012,0.56595347679213892
HSI,covid,timesfm,fz0_0p01,61,-1.2054997482578405,1.3269251728627296
HSI,covid,timesfm,fz0_0p025,61,-2.046563072309536,0.80650177894371544
HSI,covid,timesfm,fz0_0p05,61,-2.5597392056953243,0.56835777743884031
HSI,covid,timesfm,fz0_avg,61,-1.9372673420875663,0.8924617832207048
HSI,covid,timesfm,qlike_ex_near_zero,61,1.1150268921718012,0.56595347679213892
HSI,tightening_2022,autoarima,crps,204,0.010300110138069283,0.00078425227341698354
HSI,tightening_2022,autoarima,log_score,204,-2.5959513010471236,0.063405142599584755
HSI,tightening_2022,autoarima,pinball_0p01,204,0.0004754101897186651,8.0129921959592659e-05
HSI,tightening_2022,autoarima,pinball_0p025,204,0.0010559464115260846,0.00012868766162972407
HSI,tightening_2022,autoarima,pinball_0p05,204,0.0019561744182124961,0.00020021204487717829
HSI,tightening_2022,autoarima,pinball_avg,204,0.001162510339819082,0.00013043735532905474
HSI,tightening_2022,autoarima,qlike,204,0.3482027446284009,0.038022658068589295
HSI,tightening_2022,autoarima,fz0_0p01,204,-3.0541268566555204,0.14865130768365681
HSI,tightening_2022,autoarima,fz0_0p025,204,-3.1481706055653764,0.11775950741199781
HSI,tightening_2022,autoarima,fz0_0p05,204,-3.2093902802084679,0.11180935730238298
HSI,tightening_2022,autoarima,fz0_avg,204,-3.1372292474764549,0.11960775507263981
HSI,tightening_2022,autoarima,qlike_ex_near_zero,204,0.3482027446284009,0.038022658068589295
HSI,tightening_2022,autoets,crps,204,0.01031815396346405,0.00080127969861085863
HSI,tightening_2022,autoets,log_score,204,-2.5876304196785673,0.067644506716931063
HSI,tightening_2022,autoets,pinball_0p01,204,0.00050536609928461573,0.00010720360154730136
HSI,tightening_2022,autoets,pinball_0p025,204,0.0010918070147912697,0.00015271894696865506
HSI,tightening_2022,autoets,pinball_0p05,204,0.0019729964820168538,0.00022344697564583122
HSI,tightening_2022,autoets,pinball_avg,204,0.0011900565320309131,0.00015365095333257902
HSI,tightening_2022,autoets,qlike,204,0.34934987758660624,0.037822289728600668
HSI,tightening_2022,autoets,fz0_0p01,204,-2.9711504544434426,0.22023369746359217
HSI,tightening_2022,autoets,fz0_0p025,204,-3.1081989093898836,0.14751541046721592
HSI,tightening_2022,autoets,fz0_0p05,204,-3.1959974238635973,0.12462579686709599
HSI,tightening_2022,autoets,fz0_avg,204,-3.091782262565641,0.15715298361552935
HSI,tightening_2022,autoets,qlike_ex_near_zero,204,0.34934987758660624,0.037822289728600668
HSI,tightening_2022,chronos,crps,204,0.01034266683947588,0.00079346251864037347
HSI,tightening_2022,chronos,log_score,204,-2.5535325449052606,0.079004414303799467
HSI,tightening_2022,chronos,pinball_0p01,204,0.00053833232424293522,0.00014620635557909689
HSI,tightening_2022,chronos,pinball_0p025,204,0.0011777672634020683,0.00018950136638055688
HSI,tightening_2022,chronos,pinball_0p05,204,0.0020146822003708469,0.00024882831719253074
HSI,tightening_2022,chronos,pinball_avg,204,0.0012435939293386168,0.00018761711338604307
HSI,tightening_2022,chronos,qlike,204,0.38263509729063605,0.052927416268621463
HSI,tightening_2022,chronos,fz0_0p01,204,-2.8396077697178046,0.36631700084318181
HSI,tightening_2022,chronos,fz0_0p025,204,-2.9617359340840341,0.22345997000434772
HSI,tightening_2022,chronos,fz0_0p05,204,-3.1207964272031461,0.16870209622201265
HSI,tightening_2022,chronos,fz0_avg,204,-2.9740467103349957,0.24418753375693569
HSI,tightening_2022,chronos,qlike_ex_near_zero,204,0.38263509729063605,0.052927416268621463
HSI,tightening_2022,ewma,crps,204,0.010440464893229936,0.00084266548506350383
HSI,tightening_2022,ewma,log_score,204,-2.5218135998047795,0.08863583235964001
HSI,tightening_2022,ewma,pinball_0p01,204,0.00066097195324052861,0.00016224400863297332
HSI,tightening_2022,ewma,pinball_0p025,204,0.0012648031229526471,0.00023758892067143807
HSI,tightening_2022,ewma,pinball_0p05,204,0.0020695622957467383,0.00030332132933836702
HSI,tightening_2022,ewma,pinball_avg,204,0.001331779123979971,0.00023246518050192035
HSI,tightening_2022,ewma,qlike,204,0.40770573971649543,0.054043449807894134
HSI,tightening_2022,ewma,fz0_0p01,204,-2.6325421175510337,0.34665372049577653
HSI,tightening_2022,ewma,fz0_0p025,204,-2.9238238215892225,0.23685664653164926
HSI,tightening_2022,ewma,fz0_0p05,204,-3.1277148570551372,0.17732108647153283
HSI,tightening_2022,ewma,fz0_avg,204,-2.8946935987317977,0.2512190255656262
HSI,tightening_2022,ewma,qlike_ex_near_zero,204,0.40770573971649543,0.054043449807894134
HSI,tightening_2022,garch11,crps,204,0.01045020852343418,0.00086587836422516874
HSI,tightening_2022,garch11,log_score,204,-2.5009417396104379,0.10268222333611877
HSI,tightening_2022,garch11,pinball_0p01,204,0.00070486164663147285,0.00019731179273836151
HSI,tightening_2022,garch11,pinball_0p025,204,0.0013600416032542293,0.00026806686637271529
HSI,tightening_2022,garch11,pinball_0p05,204,0.0021548521890056927,0.00033078084557432261
HSI,tightening_2022,garch11,pinball_avg,204,0.0014065851462971314,0.00026350477037150884
HSI,tightening_2022,garch11,qlike,204,0.39756586280829836,0.061003336690563563
HSI,tightening_2022,garch11,fz0_0p01,204,-2.488766246413634,0.44635667745535279
HSI,tightening_2022,garch11,fz0_0p025,204,-2.7854154734951959,0.28556590163446549
HSI,tightening_2022,garch11,fz0_0p05,204,-3.0389536654707352,0.20779069894153576
HSI,tightening_2022,garch11,fz0_avg,204,-2.7710451284598556,0.31010338595267573
HSI,tightening_2022,garch11,qlike_ex_near_zero,204,0.39756586280829836,0.061003336690563563
HSI,tightening_2022,garch11_t,crps,204,0.010434922976763903,0.00086083268332437794
HSI,tightening_2022,garch11_t,log_score,204,-2.5450377020840826,0.081946953464180614
HSI,tightening_2022,garch11_t,pinball_0p01,204,0.00062687312580900244,0.00015317324930473258
HSI,tightening_2022,garch11_t,pinball_0p025,204,0.0013260835538273323,0.00025181501995485739
HSI,tightening_2022,garch11_t,pinball_0p05,204,0.0021557400394679013,0.00033098826655459903
HSI,tightening_2022,garch11_t,pinball_avg,204,0.0013695655730347456,0.00024239206733672042
HSI,tightening_2022,garch11_t,qlike,204,0.38984970711860839,0.057023087667915591
HSI,tightening_2022,garch11_t,fz0_0p01,204,-2.7419900740071577,0.29340809106566856
HSI,tightening_2022,garch11_t,fz0_0p025,204,-2.8711184186433929,0.2409291616045007
HSI,tightening_2022,garch11_t,fz0_0p05,204,-3.0627709241862102,0.19507036651031584
HSI,tightening_2022,garch11_t,fz0_avg,204,-2.8919598056122537,0.2386664695854028
HSI,tightening_2022,garch11_t,qlike_ex_near_zero,204,0.38984970711860839,0.057023087667915591
HSI,tightening_2022,gjr,crps,204,0.010400463520891539,0.00084408763246951977
HSI,tightening_2022,gjr,log_score,204,-2.5397976062748229,0.086173198874104406
HSI,tightening_2022,gjr,pinball_0p01,204,0.00063859425217798361,0.00015798163001102229
HSI,tightening_2022,gjr,pinball_0p025,204,0.0012896696980874221,0.00023449234093376672
HSI,tightening_2022,gjr,pinball_0p05,204,0.002090314130169915,0.00030201112813221494
HSI,tightening_2022,gjr,pinball_avg,204,0.0013395260268117739,0.00022875960683341176
HSI,tightening_2022,gjr,qlike,204,0.362414552363371,0.048266745066032041
HSI,tightening_2022,gjr,fz0_0p01,204,-2.654615071120733,0.34902323837642785
HSI,tightening_2022,gjr,fz0_0p025,204,-2.8766470757309235,0.24217916453297991
HSI,tightening_2022,gjr,fz0_0p05,204,-3.0942011930302464,0.18437846372732888
HSI,tightening_2022,gjr,fz0_avg,204,-2.8751544466273011,0.25428191875138312
HSI,tightening_2022,gjr,qlike_ex_near_zero,204,0.362414552363371,0.048266745066032041
HSI,tightening_2022,har,crps,204,0.010371851052250136,0.00084868405938289546
HSI,tightening_2022,har,log_score,204,-2.5531400172368768,0.087118724402944631
HSI,tightening_2022,har,pinball_0p01,204,0.00053155957869229593,0.00012422662974982066
HSI,tightening_2022,har,pinball_0p025,204,0.0011895060529626166,0.00020014458142223138
HSI,tightening_2022,har,pinball_0p05,204,0.0020296405879422063,0.0002779068702642377
HSI,tightening_2022,har,pinball_avg,204,0.0012502354065323728,0.00019587903774816317
HSI,tightening_2022,har,qlike,204,0.36832381284064647,0.053234793938363126
HSI,tightening_2022,har,fz0_0p01,204,-2.9412723740297646,0.25282242860470794
HSI,tightening_2022,har,fz0_0p025,204,-3.0151702877545414,0.19064851030974916
HSI,tightening_2022,har,fz0_0p05,204,-3.1501739321561115,0.15798007362629185
HSI,tightening_2022,har,fz0_avg,204,-3.0355388646468056,0.19289460762613975
HSI,tightening_2022,har,qlike_ex_near_zero,204,0.36832381284064647,0.053234793938363126
HSI,tightening_2022,lgbm,crps,204,0.010466881957499837,0.00089495840686709682
HSI,tightening_2022,lgbm,log_score,204,-2.4776293331335721,0.15670890304682172
HSI,tightening_2022,lgbm,pinball_0p01,204,0.00067251391418961368,0.00018743277739857975
HSI,tightening_2022,lgbm,pinball_0p025,204,0.0013408685061347115,0.00026367229824902829
HSI,tightening_2022,lgbm,pinball_0p05,204,0.0021317001073830732,0.00032800817400404427
HSI,tightening_2022,lgbm,pinball_avg,204,0.0013816941759024661,0.00025786692395956591
HSI,tightening_2022,lgbm,qlike,204,0.50056047269552428,0.13315494624765586
HSI,tightening_2022,lgbm,fz0_0p01,204,-2.5672204259622027,0.42120176948679616
HSI,tightening_2022,lgbm,fz0_0p025,204,-2.7941442911229748,0.28308976721825707
HSI,tightening_2022,lgbm,fz0_0p05,204,-3.045996433368424,0.20918802645272092
HSI,tightening_2022,lgbm,fz0_avg,204,-2.8024537168178676,0.30027407533262135
HSI,tightening_2022,lgbm,qlike_ex_near_zero,204,0.50056047269552428,0.13315494624765586
HSI,tightening_2022,moirai,crps,204,0.010318322777115137,0.00078957591789067345
HSI,tightening_2022,moirai,log_score,204,-2.573833730657118,0.072912559130438481
HSI,tightening_2022,moirai,pinball_0p01,204,0.00050416263634713747,0.00012542754877951695
HSI,tightening_2022,moirai,pinball_0p025,204,0.0011631573717251153,0.00017232523562773011
HSI,tightening_2022,moirai,pinball_0p05,204,0.0019844675007787758,0.00023939751547425052
HSI,tightening_2022,moirai,pinball_avg,204,0.0012172625029503426,0.00017144829767044294
HSI,tightening_2022,moirai,qlike,204,0.35274391255947818,0.046554952777422151
HSI,tightening_2022,moirai,fz0_0p01,204,-2.9549752156232807,0.28156445452347001
HSI,tightening_2022,moirai,fz0_0p025,204,-3.0077651868063984,0.18486923077949821
HSI,tightening_2022,moirai,fz0_0p05,204,-3.163588394535704,0.14959429562576795
HSI,tightening_2022,moirai,fz0_avg,204,-3.042109598988461,0.19611467665580151
HSI,tightening_2022,moirai,qlike_ex_near_zero,204,0.35274391255947818,0.046554952777422151
HSI,tightening_2022,naive,crps,204,0.010439996689606325,0.00091884563689988098
HSI,tightening_2022,naive,log_score,204,-2.4255124002052622,0.20458791985767419
HSI,tightening_2022,naive,pinball_0p01,204,0.00077386070660209608,0.00026814906735387576
HSI,tightening_2022,naive,pinball_0p025,204,0.0013895958827268944,0.0003254561512739239
HSI,tightening_2022,naive,pinball_0p05,204,0.0021604441165681294,0.00037347489625609212
HSI,tightening_2022,naive,pinball_avg,204,0.00144130023529904,0.0003205422501288304
HSI,tightening_2022,naive,qlike,204,0.55996362005732525,0.17675414542828841
HSI,tightening_2022,naive,fz0_0p01,204,-2.1928072223705342,0.71117752994547878
HSI,tightening_2022,naive,fz0_0p025,204,-2.6777345111146942,0.40228418830698143
HSI,tightening_2022,naive,fz0_0p05,204,-2.9885876247529031,0.27039271998077685
HSI,tightening_2022,naive,fz0_avg,204,-2.6197097860793774,0.45833164859701186
HSI,tightening_2022,naive,qlike_ex_near_zero,204,0.55996362005732525,0.17675414542828841
HSI,tightening_2022,patchtst,crps,204,0.010418973453988633,0.00084784573612484333
HSI,tightening_2022,patchtst,log_score,204,-2.5417489175480865,0.089090902687160162
HSI,tightening_2022,patchtst,pinball_0p01,204,0.00058239582484069139,9.7297287388534086e-05
HSI,tightening_2022,patchtst,pinball_0p025,204,0.0012063191960175893,0.00017000974145999848
HSI,tightening_2022,patchtst,pinball_0p05,204,0.0020285708324604239,0.00024651132761739977
HSI,tightening_2022,patchtst,pinball_avg,204,0.0012724286177729018,0.00016740514773946262
HSI,tightening_2022,patchtst,qlike,204,0.47802131082843075,0.063279183670696695
HSI,tightening_2022,patchtst,fz0_0p01,204,-2.804893140150253,0.20127714627033716
HSI,tightening_2022,patchtst,fz0_0p025,204,-2.9943726919964209,0.15951949856087305
HSI,tightening_2022,patchtst,fz0_0p05,204,-3.1578418627666798,0.13598879769141678
HSI,tightening_2022,patchtst,fz0_avg,204,-2.9857025649711177,0.16169975461963182
HSI,tightening_2022,patchtst,qlike_ex_near_zero,204,0.47802131082843075,0.063279183670696695
HSI,tightening_2022,timesfm,crps,204,0.01030794865826472,0.00078487515319834527
HSI,tightening_2022,timesfm,log_score,204,-2.5756631599342934,0.073243182375573354
HSI,tightening_2022,timesfm,pinball_0p01,204,0.00051746859164228788,0.00012218279724563862
HSI,tightening_2022,timesfm,pinball_0p025,204,0.0011674336869696351,0.00017150609865219639
HSI,tightening_2022,timesfm,pinball_0p05,204,0.0019940375675634851,0.00023898140152058483
HSI,tightening_2022,timesfm,pinball_avg,204,0.0012263132820584694,0.00017097319986866203
HSI,tightening_2022,timesfm,qlike,204,0.36118062234311649,0.048618303863872815
HSI,tightening_2022,timesfm,fz0_0p01,204,-2.9309415658591482,0.27137848228989547
HSI,tightening_2022,timesfm,fz0_0p025,204,-3.0045425870399773,0.18314525771470683
HSI,tightening_2022,timesfm,fz0_0p05,204,-3.1559683127078562,0.1499023549324574
HSI,tightening_2022,timesfm,fz0_avg,204,-3.0304841552023274,0.19339825841028568
HSI,tightening_2022,timesfm,qlike_ex_near_zero,204,0.36118062234311649,0.048618303863872815
HSI,spike_2024_08,autoarima,crps,22,0.0055961577476083789,0.00062736094461167543
HSI,spike_2024_08,autoarima,log_score,22,-3.1828895219215125,0.10518930604249006
HSI,spike_2024_08,autoarima,pinball_0p01,22,0.00026901827676795864,3.0385918066469839e-05
HSI,spike_2024_08,autoarima,pinball_0p025,22,0.00066843167667421984,5.5816265134462835e-05
HSI,spike_2024_08,autoarima,pinball_0p05,22,0.0012086965404514238,0.00014207813997676189
HSI,spike_2024_08,autoarima,pinball_avg,22,0.00071538216463120079,6.4231280611986666e-05
HSI,spike_2024_08,autoarima,qlike,22,0.44258239285994683,0.086999529425497837
HSI,spike_2024_08,autoarima,fz0_0p01,22,-3.6749438554443832,0.076809230259446484
HSI,spike_2024_08,autoarima,fz0_0p025,22,-3.6713855136377038,0.15012097007320219
HSI,spike_2024_08,autoarima,fz0_0p05,22,-3.7719316889061489,0.21154435354142273
HSI,spike_2024_08,autoarima,fz0_avg,22,-3.7060870193294111,0.11817749219187355
HSI,spike_2024_08,autoarima,qlike_ex_near_zero,22,0.44258239285994683,0.086999529425497837
HSI,spike_2024_08,autoets,crps,22,0.0055944768357976873,0.00062818588769415859
HSI,spike_2024_08,autoets,log_score,22,-3.1833015310572943,0.10525468114611408
HSI,spike_2024_08,autoets,pinball_0p01,22,0.00026870182274993073,3.0137498252970376e-05
HSI,spike_2024_08,autoets,pinball_0p025,22,0.00066735281325451209,5.5289122394048312e-05
HSI,spike_2024_08,autoets,pinball_0p05,22,0.0012072317545105049,0.0001415288594989562
HSI,spike_2024_08,autoets,pinball_avg,22,0.00071442879683831584,6.3810568266835932e-05
HSI,spike_2024_08,autoets,qlike,22,0.44110474888042078,0.086988351122951862
HSI,spike_2024_08,autoets,fz0_0p01,22,-3.6756605156938935,0.071220790773212708
HSI,spike_2024_08,autoets,fz0_0p025,22,-3.672914810713154,0.14899602976796861
HSI,spike_2024_08,autoets,fz0_0p05,22,-3.7731088554931915,0.21085754403585624
HSI,spike_2024_08,autoets,fz0_avg,22,-3.7072280606334131,0.11731437688102637
HSI,spike_2024_08,autoets,qlike_ex_near_zero,22,0.44110474888042078,0.086988351122951862
HSI,spike_2024_08,chronos,crps,22,0.005610797916898628,0.00063678590712644651
HSI,spike_2024_08,chronos,log_score,22,-3.1736948141471752,0.11009707953301388
HSI,spike_2024_08,chronos,pinball_0p01,22,0.00027129466040365867,3.0247633746775185e-05
HSI,spike_2024_08,chronos,pinball_0p025,22,0.00069189655377006724,6.6694700988891359e-05
HSI,spike_2024_08,chronos,pinball_0p05,22,0.0012324127016047801,0.00015078965084902005
HSI,spike_2024_08,chronos,pinball_avg,22,0.00073186797192616876,6.9884192372995867e-05
HSI,spike_2024_08,chronos,qlike,22,0.44005296715245557,0.087225740987027595
HSI,spike_2024_08,chronos,fz0_0p01,22,-3.6666006627149623,0.03491179031701
HSI,spike_2024_08,chronos,fz0_0p025,22,-3.6254102673271444,0.18124726057413709
HSI,spike_2024_08,chronos,fz0_0p05,22,-3.7422631038055596,0.2276677625118291
HSI,spike_2024_08,chronos,fz0_avg,22,-3.678091344615888,0.13212773783533369
HSI,spike_2024_08,chronos,qlike_ex_near_zero,22,0.44005296715245557,0.087225740987027595
HSI,spike_2024_08,ewma,crps,22,0.0056137692120473964,0.00057133778639972767
HSI,spike_2024_08,ewma,log_score,22,-3.1730074533783186,0.073949802542152804
HSI,spike_2024_08,ewma,pinball_0p01,22,0.00029658716122385611,2.2747462027362249e-05
HSI,spike_2024_08,ewma,pinball_0p025,22,0.00063122114446938161,5.7177426059690991e-05
HSI,spike_2024_08,ewma,pinball_0p05,22,0.0010728057000063578,0.00011524070558058487
HSI,spike_2024_08,ewma,pinball_avg,22,0.0006668713352331986,6.5004694234677208e-05
HSI,spike_2024_08,ewma,qlike,22,0.37177438010886305,0.066506879245456327
HSI,spike_2024_08,ewma,fz0_0p01,22,-3.5701126037455335,0.15346515096677621
HSI,spike_2024_08,ewma,fz0_0p025,22,-3.7356627340671618,0.15346515096677671
HSI,spike_2024_08,ewma,fz0_0p05,22,-3.9018083853255972,0.15346515096677657
HSI,spike_2024_08,ewma,fz0_avg,22,-3.7358612410460963,0.15346515096677579
HSI,spike_2024_08,ewma,qlike_ex_near_zero,22,0.37177438010886305,0.066506879245456327
HSI,spike_2024_08,garch11,crps,22,0.0057219696075688047,0.00052825551459306428
HSI,spike_2024_08,garch11,log_score,22,-3.1164201730379615,0.058029028510642441
HSI,spike_2024_08,garch11,pinball_0p01,22,0.00033696748911832991,2.3303397107333894e-05
HSI,spike_2024_08,garch11,pinball_0p025,22,0.00071627290009913466,5.874976733568569e-05
HSI,spike_2024_08,garch11,pinball_0p05,22,0.0012155610667678744,0.00011845853402736401
HSI,spike_2024_08,garch11,pinball_avg,22,0.00075626715199511314,6.6821013090216441e-05
HSI,spike_2024_08,garch11,qlike,22,0.44126608270880624,0.08942011863211756
HSI,spike_2024_08,garch11,fz0_0p01,22,-3.4328211575497103,0.052304992513453059
HSI,spike_2024_08,garch11,fz0_0p025,22,-3.5983712878713381,0.052304992513454676
HSI,spike_2024_08,garch11,fz0_0p05,22,-3.764516939129773,0.052304992513455911
HSI,spike_2024_08,garch11,fz0_avg,22,-3.5985697948502735,0.052304992513456008
HSI,spike_2024_08,garch11,qlike_ex_near_zero,22,0.44126608270880624,0.08942011863211756
HSI,spike_2024_08,garch11_t,crps,22,0.0056999474285971572,0.00053867773005987073
HSI,spike_2024_08,garch11_t,log_score,22,-3.1213584132147152,0.064415249124439217
HSI,spike_2024_08,garch11_t,pinball_0p01,22,0.00035714175439181291,2.3381122360642064e-05
HSI,spike_2024_08,garch11_t,pinball_0p025,22,0.00073606803005164942,5.9224924769426496e-05
HSI,spike_2024_08,garch11_t,pinball_0p05,22,0.0012224067061295479,0.00011965108662569072
HSI,spike_2024_08,garch11_t,pinball_avg,22,0.0007718721635243367,6.7401972702045958e-05
HSI,spike_2024_08,garch11_t,qlike,22,0.45367794265130229,0.09260718458939779
HSI,spike_2024_08,garch11_t,fz0_0p01,22,-3.3652085847516657,0.040910593037781599
HSI,spike_2024_08,garch11_t,fz0_0p025,22,-3.5615946675371877,0.042953054971659251
HSI,spike_2024_08,garch11_t,fz0_0p05,22,-3.7490498635210825,0.044317031705482797
HSI,spike_2024_08,garch11_t,fz0_avg,22,-3.5586177052699783,0.042737833462403965
HSI,spike_2024_08,garch11_t,qlike_ex_near_zero,22,0.45367794265130229,0.09260718458939779
HSI,spike_2024_08,gjr,crps,22,0.0056814396528236076,0.00054027584139568045
HSI,spike_2024_08,gjr,log_score,22,-3.1382266356360629,0.063952980662907596
HSI,spike_2024_08,gjr,pinball_0p01,22,0.00032335157446109619,2.4707695937398756e-05
HSI,spike_2024_08,gjr,pinball_0p025,22,0.0006875941471893276,6.1063101416152475e-05
HSI,spike_2024_08,gjr,pinball_0p05,22,0.0011674251304830947,0.00012139924527260394
HSI,spike_2024_08,gjr,pinball_avg,22,0.00072612361737783946,6.89870050949539e-05
HSI,spike_2024_08,gjr,qlike,22,0.40700655426115395,0.077019485098107049
HSI,spike_2024_08,gjr,fz0_0p01,22,-3.4792582747876826,0.19875327134145598
HSI,spike_2024_08,gjr,fz0_0p025,22,-3.6448084051093108,0.19875327134145532
HSI,spike_2024_08,gjr,fz0_0p05,22,-3.8109540563677466,0.19875327134145573
HSI,spike_2024_08,gjr,fz0_avg,22,-3.6450069120882462,0.19875327134145629
HSI,spike_2024_08,gjr,qlike_ex_near_zero,22,0.40700655426115395,0.077019485098107049
HSI,spike_2024_08,har,crps,22,0.0056023084391804232,0.00062182202746893604
HSI,spike_2024_08,har,log_score,22,-3.1759778434419697,0.097891272356445624
HSI,spike_2024_08,har,pinball_0p01,22,0.00027938101633110578,3.0208952864234588e-05
HSI,spike_2024_08,har,pinball_0p025,22,0.00064393754853909926,3.8334271761831445e-05
HSI,spike_2024_08,har,pinball_0p05,22,0.0012064579619097083,0.00011251532384426286
HSI,spike_2024_08,har,pinball_avg,22,0.00070992550892663773,4.7732511498859974e-05
HSI,spike_2024_08,har,qlike,22,0.42565410616044785,0.088150356010972319
HSI,spike_2024_08,har,fz0_0p01,22,-3.6330171702634235,0.034556999933815155
HSI,spike_2024_08,har,fz0_0p025,22,-3.7161202627377801,0.067451621680705717
HSI,spike_2024_08,har,fz0_0p05,22,-3.7791144440459692,0.16278424394583227
HSI,spike_2024_08,har,fz0_avg,22,-3.7094172923490585,0.073551977648983469
HSI,spike_2024_08,har,qlike_ex_near_zero,22,0.42565410616044785,0.088150356010972319
HSI,spike_2024_08,lgbm,crps,22,0.0055674068117994449,0.00061634881232428018
HSI,spike_2024_08,lgbm,log_score,22,-3.2119298209186167,0.096830904842833285
HSI,spike_2024_08,lgbm,pinball_0p01,22,0.00025048732976898949,2.6548211578925953e-05
HSI,spike_2024_08,lgbm,pinball_0p025,22,0.00058052420008157675,3.770601055220344e-05
HSI,spike_2024_08,lgbm,pinball_0p05,22,0.0011021663088521033,0.00011760455917493411
HSI,spike_2024_08,lgbm,pinball_avg,22,0.00064439261290088969,4.9263833764743254e-05
HSI,spike_2024_08,lgbm,qlike,22,0.4956581292908368,0.081524701671600308
HSI,spike_2024_08,lgbm,fz0_0p01,22,-3.7525270032158971,0.037751353232254196
HSI,spike_2024_08,lgbm,fz0_0p025,22,-3.8401537751096559,0.080495674495711642
HSI,spike_2024_08,lgbm,fz0_0p05,22,-3.9011877628941067,0.17679207337659231
HSI,spike_2024_08,lgbm,fz0_avg,22,-3.831289513739887,0.088475113298589439
HSI,spike_2024_08,lgbm,qlike_ex_near_zero,22,0.4956581292908368,0.081524701671600308
HSI,spike_2024_08,moirai,crps,22,0.0055719116933471155,0.00062207782217615839
HSI,spike_2024_08,moirai,log_score,22,-3.192921224206577,0.096366737356914214
HSI,spike_2024_08,moirai,pinball_0p01,22,0.00027367136254141992,2.7994770506441619e-05
HSI,spike_2024_08,moirai,pinball_0p025,22,0.00061066692911953288,4.4121572764795316e-05
HSI,spike_2024_08,moirai,pinball_0p05,22,0.0011684437936862265,0.00010326070294894059
HSI,spike_2024_08,moirai,pinball_avg,22,0.00068426069511572649,4.3769553789126028e-05
HSI,spike_2024_08,moirai,qlike,22,0.40753785970903228,0.077692184524317309
HSI,spike_2024_08,moirai,fz0_0p01,22,-3.6546334521058372,0.025265467781098512
HSI,spike_2024_08,moirai,fz0_0p025,22,-3.7745840448726282,0.040491279943514487
HSI,spike_2024_08,moirai,fz0_0p05,22,-3.8216115263458623,0.14944139076875532
HSI,spike_2024_08,moirai,fz0_avg,22,-3.7502763411081093,0.061458214417653811
HSI,spike_2024_08,moirai,qlike_ex_near_zero,22,0.40753785970903228,0.077692184524317309
HSI,spike_2024_08,naive,crps,22,0.0059168049149613345,0.00047806465905366212
HSI,spike_2024_08,naive,log_score,22,-3.0393254812416686,0.043308540829843145
HSI,spike_2024_08,naive,pinball_0p01,22,0.00038377237443714773,2.4910762910542456e-05
HSI,spike_2024_08,naive,pinball_0p025,22,0.00081485648958404093,6.2323978155332224e-05
HSI,spike_2024_08,naive,pinball_0p05,22,0.0013810289794450518,0.00012472961142625792
HSI,spike_2024_08,naive,pinball_avg,22,0.00085988594782208006,7.0654686189640256e-05
HSI,spike_2024_08,naive,qlike,22,0.56528000657718958,0.11792337535059536
HSI,spike_2024_08,naive,fz0_0p01,22,-3.2956263092718174,0.0056650717087641011
HSI,spike_2024_08,naive,fz0_0p025,22,-3.4611764395934457,0.0056650717087641011
HSI,spike_2024_08,naive,fz0_0p05,22,-3.627322090851882,0.0056650717087585933
HSI,spike_2024_08,naive,fz0_avg,22,-3.4613749465723811,0.0056650717087658444
HSI,spike_2024_08,naive,qlike_ex_near_zero,22,0.56528000657718958,0.11792337535059536
HSI,spike_2024_08,patchtst,crps,22,0.005588128822140468,0.00062338997611390966
HSI,spike_2024_08,patchtst,log_score,22,-3.1828159656411255,0.096538789686193255
HSI,spike_2024_08,patchtst,pinball_0p01,22,0.00027500571678932211,2.7783023268358734e-05
HSI,spike_2024_08,patchtst,pinball_0p025,22,0.00062223591697489744,3.7547847088414521e-05
HSI,spike_2024_08,patchtst,pinball_0p05,22,0.0011805114457067055,0.00010447299407463227
HSI,spike_2024_08,patchtst,pinball_avg,22,0.00069258435982364158,4.2795882119365244e-05
HSI,spike_2024_08,patchtst,qlike,22,0.40388380995685014,0.079286644513917287
HSI,spike_2024_08,patchtst,fz0_0p01,22,-3.6473400858130578,0.0092547047166877672
HSI,spike_2024_08,patchtst,fz0_0p025,22,-3.7523062882872464,0.048009916172876553
HSI,spike_2024_08,patchtst,fz0_0p05,22,-3.8058267817725024,0.15392888802201965
HSI,spike_2024_08,patchtst,fz0_avg,22,-3.735157718624269,0.063977738632866821
HSI,spike_2024_08,patchtst,qlike_ex_near_zero,22,0.40388380995685014,0.079286644513917287
HSI,spike_2024_08,timesfm,crps,22,0.0056201148564724458,0.00060417269516315375
HSI,spike_2024_08,timesfm,log_score,22,-3.1705552509185155,0.086878277816575658
HSI,spike_2024_08,timesfm,pinball_0p01,22,0.00028528004690307323,2.7784814620187008e-05
HSI,spike_2024_08,timesfm,pinball_0p025,22,0.00060740534172003063,6.8324879162570901e-05
HSI,spike_2024_08,timesfm,pinball_0p05,22,0.0011794804274222323,8.3676320506105573e-05
HSI,spike_2024_08,timesfm,pinball_avg,22,0.00069072193868177862,4.0810164953667672e-05
HSI,spike_2024_08,timesfm,qlike,22,0.40275885598429079,0.076516217086569735
HSI,spike_2024_08,timesfm,fz0_0p01,22,-3.6089997228433215,0.012557065962218391
HSI,spike_2024_08,timesfm,fz0_0p025,22,-3.7745498531649493,0.012557065962218398
HSI,spike_2024_08,timesfm,fz0_0p05,22,-3.8090350989468962,0.11594537482664118
HSI,spike_2024_08,timesfm,fz0_avg,22,-3.7308615583183884,0.034788044768692045
HSI,spike_2024_08,timesfm,qlike_ex_near_zero,22,0.40275885598429079,0.076516217086569735
HSI,calm,autoarima,crps,4398,0.0071793987933196877,0.00012067364076415625
HSI,calm,autoarima,log_score,4398,-2.953811800652633,0.020579552225911919
HSI,calm,autoarima,pinball_0p01,4398,0.00046179704678605627,3.4292975041446559e-05
HSI,calm,autoarima,pinball_0p025,4398,0.00088855638844971411,4.0125157421505173e-05
HSI,calm,autoarima,pinball_0p05,4398,0.0014618829084211331,4.632624682051159e-05
HSI,calm,autoarima,pinball_avg,4398,0.00093741211455230112,3.9699531048456356e-05
HSI,calm,autoarima,qlike,4385,0.41563787979288691,0.015684240600871008
HSI,calm,autoarima,fz0_0p01,4398,-3.0459661210498967,0.097117121911372631
HSI,calm,autoarima,fz0_0p025,4398,-3.3506419526368618,0.054167003765064531
HSI,calm,autoarima,fz0_0p05,4398,-3.561164699853864,0.037173979672469278
HSI,calm,autoarima,fz0_avg,4398,-3.3192575911802074,0.06193848290856268
HSI,calm,autoarima,qlike_ex_near_zero,4385,0.41563787979288691,0.015684240600871008
HSI,calm,autoets,crps,4398,0.0071835487753872601,0.00012056829270811042
HSI,calm,autoets,log_score,4398,-2.9525946562725314,0.019773007747339477
HSI,calm,autoets,pinball_0p01,4398,0.00046176312834338195,3.4242643701619041e-05
HSI,calm,autoets,pinball_0p025,4398,0.00088956973173841291,4.0085013243238754e-05
HSI,calm,autoets,pinball_0p05,4398,0.0014653874892851908,4.6114274929324375e-05
HSI,calm,autoets,pinball_avg,4398,0.00093890678312232847,3.9602407496185834e-05
HSI,calm,autoets,qlike,4385,0.41683505486131356,0.016341006129517246
HSI,calm,autoets,fz0_0p01,4398,-3.0469232557153778,0.095383331435486537
HSI,calm,autoets,fz0_0p025,4398,-3.3500881668982219,0.053502033023826959
HSI,calm,autoets,fz0_0p05,4398,-3.5579192308722498,0.036755752908518034
HSI,calm,autoets,fz0_avg,4398,-3.3183102178286163,0.061005892135532702
HSI,calm,autoets,qlike_ex_near_zero,4385,0.41683505486131356,0.016341006129517246
HSI,calm,chronos,crps,4398,0.0071811003032059223,0.00012050950094306028
HSI,calm,chronos,log_score,4398,-2.9531149924750562,0.020606358549264937
HSI,calm,chronos,pinball_0p01,4398,0.0004687424359899095,3.4822470153273192e-05
HSI,calm,chronos,pinball_0p025,4398,0.00089540181202078448,4.0458112264924846e-05
HSI,calm,chronos,pinball_0p05,4398,0.0014772631434250031,4.6790435585590937e-05
HSI,calm,chronos,pinball_avg,4398,0.0009471357971452323,4.0124523394641833e-05
HSI,calm,chronos,qlike,4385,0.41380521077770399,0.013962489227042935
HSI,calm,chronos,fz0_0p01,4398,-3.0130148091389413,0.10093823762488606
HSI,calm,chronos,fz0_0p025,4398,-3.3340688358247426,0.056229626112728935
HSI,calm,chronos,fz0_0p05,4398,-3.5446003510683015,0.038554055107360395
HSI,calm,chronos,fz0_avg,4398,-3.2972279986773279,0.064338003760726029
HSI,calm,chronos,qlike_ex_near_zero,4385,0.41380521077770399,0.013962489227042935
HSI,calm,ewma,crps,4398,0.0072026290890621885,0.0001202928277441208
HSI,calm,ewma,log_score,4398,-2.9521488453375739,0.018962908917316827
HSI,calm,ewma,pinball_0p01,4398,0.00046136903909719011,3.2745814730662857e-05
HSI,calm,ewma,pinball_0p025,4398,0.00089784234387610743,3.9017677863240788e-05
HSI,calm,ewma,pinball_0p05,4398,0.001481883312529588,4.5728334589788845e-05
HSI,calm,ewma,pinball_avg,4398,0.00094703156516762839,3.8606932156136923e-05
HSI,calm,ewma,qlike,4385,0.41828308836718242,0.014565848439607869
HSI,calm,ewma,fz0_0p01,4398,-3.0571381246964364,0.090735196806910043
HSI,calm,ewma,fz0_0p025,4398,-3.3442919711333703,0.051184332200516824
HSI,calm,ewma,fz0_0p05,4398,-3.5514864714443766,0.035475609587914451
HSI,calm,ewma,fz0_avg,4398,-3.3176388557580609,0.058277650797029991
HSI,calm,ewma,qlike_ex_near_zero,4385,0.41828308836718242,0.014565848439607869
HSI,calm,garch11,crps,4398,0.0072106109021561103,0.00012076484629743386
HSI,calm,garch11,log_score,4398,-2.9431021322415627,0.020899022396925763
HSI,calm,garch11,pinball_0p01,4398,0.0004712381629933621,3.4494952753323662e-05
HSI,calm,garch11,pinball_0p025,4398,0.00091330680193037184,4.0544758757925037e-05
HSI,calm,garch11,pinball_0p05,4398,0.0014959638695890912,4.7101992469136918e-05
HSI,calm,garch11,pinball_avg,4398,0.00096016961150427503,4.0156725453945553e-05
HSI,calm,garch11,qlike,4385,0.45780241787523263,0.025316536773686702
HSI,calm,garch11,fz0_0p01,4398,-3.0137556610425742,0.10444908362153553
HSI,calm,garch11,fz0_0p025,4398,-3.315586666999581,0.056699082313326439
HSI,calm,garch11,fz0_0p05,4398,-3.5328536473774519,0.038221146221344669
HSI,calm,garch11,fz0_avg,4398,-3.2873986584732022,0.065628165562893304
HSI,calm,garch11,qlike_ex_near_zero,4385,0.45780241787523263,0.025316536773686702
HSI,calm,garch11_t,crps,4398,0.0071931841627429459,0.00012146312571789688
HSI,calm,garch11_t,log_score,4398,-2.967947739906371,0.015948189549752009
HSI,calm,garch11_t,pinball_0p01,4398,0.0004601372009837656,3.2508977043241947e-05
HSI,calm,garch11_t,pinball_0p025,4398,0.00090877575922301401,3.9727850836901714e-05
HSI,calm,garch11_t,pinball_0p05,4398,0.0014887541311183422,4.7423916050126714e-05
HSI,calm,garch11_t,pinball_avg,4398,0.00095255569710837396,3.9055316683980707e-05
HSI,calm,garch11_t,qlike,4385,0.45655153708587032,0.025436441687039176
HSI,calm,garch11_t,fz0_0p01,4398,-3.0783014707409957,0.090003790801563552
HSI,calm,garch11_t,fz0_0p025,4398,-3.3330904097038094,0.052105029572592811
HSI,calm,garch11_t,fz0_0p05,4398,-3.5404726143191096,0.0370670220241993
HSI,calm,garch11_t,fz0_avg,4398,-3.3172881649213055,0.058482252449555044
HSI,calm,garch11_t,qlike_ex_near_zero,4385,0.45655153708587032,0.025436441687039176
HSI,calm,gjr,crps,4398,0.0071950268374618891,0.00012117795388128914
HSI,calm,gjr,log_score,4398,-2.9379624747566977,0.02301519589534802
HSI,calm,gjr,pinball_0p01,4398,0.00046512938671168437,3.4341976799634249e-05
HSI,calm,gjr,pinball_0p025,4398,0.00090047416028314533,4.0198232466015252e-05
HSI,calm,gjr,pinball_0p05,4398,0.0014775781228370652,4.6739140044619768e-05
HSI,calm,gjr,pinball_avg,4398,0.00094772722327729811,3.9809509141010085e-05
HSI,calm,gjr,qlike,4385,0.45943073219224595,0.027889710558985391
HSI,calm,gjr,fz0_0p01,4398,-3.0130413727135976,0.10702862568500965
HSI,calm,gjr,fz0_0p025,4398,-3.3219812437418752,0.057999345541599648
HSI,calm,gjr,fz0_0p05,4398,-3.541053281581994,0.039150356304124355
HSI,calm,gjr,fz0_avg,4398,-3.2920252993458226,0.06716256668300756
HSI,calm,gjr,qlike_ex_near_zero,4385,0.45943073219224595,0.027889710558985391
HSI,calm,har,crps,4398,0.0071769351804523368,0.0001208396324376435
HSI,calm,har,log_score,4398,-2.9582703213394566,0.020191667258524129
HSI,calm,har,pinball_0p01,4398,0.00046153799885088328,3.4319500172360291e-05
HSI,calm,har,pinball_0p025,4398,0.00088632574500176393,4.0290998826560546e-05
HSI,calm,har,pinball_0p05,4398,0.0014585127502591,4.6694830093761757e-05
HSI,calm,har,pinball_avg,4398,0.00093545883137058253,3.9881075169610709e-05
HSI,calm,har,qlike,4385,0.41360644096409926,0.014593597511099827
HSI,calm,har,fz0_0p01,4398,-3.0552849868425582,0.096147763256237626
HSI,calm,har,fz0_0p025,4398,-3.3554882929574124,0.053822230878063683
HSI,calm,har,fz0_0p05,4398,-3.5668583071814393,0.037019705620878342
HSI,calm,har,fz0_avg,4398,-3.3258771956604698,0.061457647345704199
HSI,calm,har,qlike_ex_near_zero,4385,0.41360644096409926,0.014593597511099827
HSI,calm,lgbm,crps,4398,0.0072429726673227997,0.00012115978261585623
HSI,calm,lgbm,log_score,4398,-2.9321601286625008,0.020146650808659503
HSI,calm,lgbm,pinball_0p01,4398,0.00046532479933276809,3.3478505926292058e-05
HSI,calm,lgbm,pinball_0p025,4398,0.0009020900135365467,3.8599284373319652e-05
HSI,calm,lgbm,pinball_0p05,4398,0.0014986486456401585,4.4709483997935488e-05
HSI,calm,lgbm,pinball_avg,4398,0.00095535448616982451,3.8352007628769146e-05
HSI,calm,lgbm,qlike,4385,0.48427901475589002,0.019325146626787543
HSI,calm,lgbm,fz0_0p01,4398,-3.0392235755628638,0.096011072846075698
HSI,calm,lgbm,fz0_0p025,4398,-3.3383519542355402,0.052701503378112413
HSI,calm,lgbm,fz0_0p05,4398,-3.5370926334458224,0.036127309306143426
HSI,calm,lgbm,fz0_avg,4398,-3.3048893877480752,0.060755422759489627
HSI,calm,lgbm,qlike_ex_near_zero,4385,0.48427901475589002,0.019325146626787543
HSI,calm,moirai,crps,4398,0.0071651232435056911,0.00011974300913312558
HSI,calm,moirai,log_score,4398,-2.9586578901432641,0.02057287737369308
HSI,calm,moirai,pinball_0p01,4398,0.00046419723639582703,3.4685159201323386e-05
HSI,calm,moirai,pinball_0p025,4398,0.00088877665679700641,4.0448140155674931e-05
HSI,calm,moirai,pinball_0p05,4398,0.0014604084700878058,4.6592069720400084e-05
HSI,calm,moirai,pinball_avg,4398,0.00093779412109354647,3.9987863283437786e-05
HSI,calm,moirai,qlike,4385,0.40331227780587753,0.013691447243365823
HSI,calm,moirai,fz0_0p01,4398,-3.0234186644971062,0.101304567916347
HSI,calm,moirai,fz0_0p025,4398,-3.3431503580675952,0.05666216521982715
HSI,calm,moirai,fz0_0p05,4398,-3.5583941819580729,0.038892961252427062
HSI,calm,moirai,fz0_avg,4398,-3.3083210681742581,0.064700530160075279
HSI,calm,moirai,qlike_ex_near_zero,4385,0.40331227780587753,0.013691447243365823
HSI,calm,naive,crps,4398,0.0073932326786744045,0.00012453989214614728
HSI,calm,naive,log_score,4398,-2.8548217807480234,0.024451786942552074
HSI,calm,naive,pinball_0p01,4398,0.00055327215680402479,4.1252281138076948e-05
HSI,calm,naive,pinball_0p025,4398,0.0010272101360187032,4.713696897799994e-05
HSI,calm,naive,pinball_0p05,4398,0.0016410024360489573,5.2939151784753497e-05
HSI,calm,naive,pinball_avg,4398,0.0010738282429572283,4.6692739815039186e-05
HSI,calm,naive,qlike,4385,0.66218861983929744,0.029652544359868097
HSI,calm,naive,fz0_0p01,4398,-2.7555785388415655,0.11997214999177765
HSI,calm,naive,fz0_0p025,4398,-3.1426467186416307,0.064825601975384242
HSI,calm,naive,fz0_0p05,4398,-3.4016823931184725,0.042900961624194323
HSI,calm,naive,fz0_avg,4398,-3.099969216867223,0.075259044166510428
HSI,calm,naive,qlike_ex_near_zero,4385,0.66218861983929744,0.029652544359868097
HSI,calm,patchtst,crps,4398,0.0072872117642723199,0.00012538328153236566
HSI,calm,patchtst,log_score,4398,-2.8731182159404445,0.027019481210571506
HSI,calm,patchtst,pinball_0p01,4398,0.00052052407155099892,3.7943367428264821e-05
HSI,calm,patchtst,pinball_0p025,4398,0.0009656977871552267,4.4061848830648589e-05
HSI,calm,patchtst,pinball_0p05,4398,0.0015554270225833873,5.0023592115021719e-05
HSI,calm,patchtst,pinball_avg,4398,0.0010138829604298711,4.3522010984035222e-05
HSI,calm,patchtst,qlike,4385,0.56006125000681861,0.034335791301703847
HSI,calm,patchtst,fz0_0p01,4398,-2.7668308673672724,0.13149123513811029
HSI,calm,patchtst,fz0_0p025,4398,-3.1858226348081811,0.070978827718895535
HSI,calm,patchtst,fz0_0p05,4398,-3.4457935836967004,0.046844259721415461
HSI,calm,patchtst,fz0_avg,4398,-3.1328156952907178,0.082318490772923594
HSI,calm,patchtst,qlike_ex_near_zero,4385,0.56006125000681861,0.034335791301703847
HSI,calm,timesfm,crps,4398,0.0071800584269543404,0.00011985139575121106
HSI,calm,timesfm,log_score,4398,-2.9520106755793147,0.020964903925697019
HSI,calm,timesfm,pinball_0p01,4398,0.00046946866768686501,3.4995157706774038e-05
HSI,calm,timesfm,pinball_0p025,4398,0.00090311159833473002,4.0645316327624212e-05
HSI,calm,timesfm,pinball_0p05,4398,0.0014784815339881699,4.6785034595133223e-05
HSI,calm,timesfm,pinball_avg,4398,0.00095035393333658827,4.0213087427383078e-05
HSI,calm,timesfm,qlike,4385,0.42085760842937975,0.01412448075209324
HSI,calm,timesfm,fz0_0p01,4398,-3.0085155122132248,0.10353263997582587
HSI,calm,timesfm,fz0_0p025,4398,-3.3225785581448259,0.057152734120698358
HSI,calm,timesfm,fz0_0p05,4398,-3.5422944975735446,0.038862706417920237
HSI,calm,timesfm,fz0_avg,4398,-3.2911295226438648,0.065589952936158893
HSI,calm,timesfm,qlike_ex_near_zero,4385,0.42085760842937975,0.01412448075209324
HSI,gfc_wide,autoarima,crps,491,0.014712626505914013,0.00081611829991802358
HSI,gfc_wide,autoarima,log_score,491,-2.2525159976018037,0.053966912491603444
HSI,gfc_wide,autoarima,pinball_0p01,491,0.00083130280200238802,0.00011174876570740006
HSI,gfc_wide,autoarima,pinball_0p025,491,0.0016976919334658722,0.00017061826892039511
HSI,gfc_wide,autoarima,pinball_0p05,491,0.0028516206621618323,0.00024911361299398725
HSI,gfc_wide,autoarima,pinball_avg,491,0.0017935384658766974,0.00017491102076960027
HSI,gfc_wide,autoarima,qlike,491,0.5180825068879249,0.046353073492384454
HSI,gfc_wide,autoarima,fz0_0p01,491,-2.4820398095489962,0.16083025957437877
HSI,gfc_wide,autoarima,fz0_0p025,491,-2.6847073523562699,0.11691782412379105
HSI,gfc_wide,autoarima,fz0_0p05,491,-2.8688200524076706,0.094451313016552463
HSI,gfc_wide,autoarima,fz0_avg,491,-2.6785224047709786,0.12175106396157302
HSI,gfc_wide,autoarima,qlike_ex_near_zero,491,0.5180825068879249,0.046353073492384454
HSI,gfc_wide,autoets,crps,491,0.014679854253705415,0.0008022539640198692
HSI,gfc_wide,autoets,log_score,491,-2.2598876652933741,0.051852515827727305
HSI,gfc_wide,autoets,pinball_0p01,491,0.00080556924162622392,9.9014369475709628e-05
HSI,gfc_wide,autoets,pinball_0p025,491,0.0016746143544962477,0.00016008181552904242
HSI,gfc_wide,autoets,pinball_0p05,491,0.0028167075375052503,0.00022776287387027682
HSI,gfc_wide,autoets,pinball_avg,491,0.0017656303778759075,0.00016020682556681584
HSI,gfc_wide,autoets,qlike,491,0.51161483347916314,0.045933376305205845
HSI,gfc_wide,autoets,fz0_0p01,491,-2.5142669011220722,0.14969835093827241
HSI,gfc_wide,autoets,fz0_0p025,491,-2.7000397643639449,0.11195944515011649
HSI,gfc_wide,autoets,fz0_0p05,491,-2.8819278523259184,0.089949676171066459
HSI,gfc_wide,autoets,fz0_avg,491,-2.6987448392706455,0.1148098188284927
HSI,gfc_wide,autoets,qlike_ex_near_zero,491,0.51161483347916314,0.045933376305205845
HSI,gfc_wide,chronos,crps,491,0.014720524469683709,0.00080759486409129214
HSI,gfc_wide,chronos,log_score,491,-2.2440151297800597,0.054834615206036059
HSI,gfc_wide,chronos,pinball_0p01,491,0.00092729334107648578,0.00015081980487404155
HSI,gfc_wide,chronos,pinball_0p025,491,0.0017734486900604139,0.00019658877421778134
HSI,gfc_wide,chronos,pinball_0p05,491,0.0029383466032052064,0.00026465033652075615
HSI,gfc_wide,chronos,pinball_avg,491,0.0018796962114473687,0.00020178405685617707
HSI,gfc_wide,chronos,qlike,491,0.5511541858891259,0.046835438793546721
HSI,gfc_wide,chronos,fz0_0p01,491,-2.2940354102509395,0.21932627357682516
HSI,gfc_wide,chronos,fz0_0p025,491,-2.6023955043665832,0.13909887324605796
HSI,gfc_wide,chronos,fz0_0p05,491,-2.8115385039039613,0.1071353972322539
HSI,gfc_wide,chronos,fz0_avg,491,-2.5693231395071612,0.15283914796726933
HSI,gfc_wide,chronos,qlike_ex_near_zero,491,0.5511541858891259,0.046835438793546721
HSI,gfc_wide,ewma,crps,491,0.014705865545273557,0.00081120390218830587
HSI,gfc_wide,ewma,log_score,491,-2.2560321595620159,0.051549483864203868
HSI,gfc_wide,ewma,pinball_0p01,491,0.000832078261667175,9.8040078649663337e-05
HSI,gfc_wide,ewma,pinball_0p025,491,0.0016953138164512041,0.00016118606860694894
HSI,gfc_wide,ewma,pinball_0p05,491,0.0028715359591144404,0.00024473327899636563
HSI,gfc_wide,ewma,pinball_avg,491,0.0017996426790776066,0.00016595546506679605
HSI,gfc_wide,ewma,qlike,491,0.51605234633473285,0.042940922533865569
HSI,gfc_wide,ewma,fz0_0p01,491,-2.4686103291772024,0.15573620204847713
HSI,gfc_wide,ewma,fz0_0p025,491,-2.694898660517365,0.1145007140679484
HSI,gfc_wide,ewma,fz0_0p05,491,-2.8717417638110407,0.092610869969130274
HSI,gfc_wide,ewma,fz0_avg,491,-2.6784169178352029,0.11931502156327971
HSI,gfc_wide,ewma,qlike_ex_near_zero,491,0.51605234633473285,0.042940922533865569
HSI,gfc_wide,garch11,crps,491,0.014680535795431224,0.00079728702242531338
HSI,gfc_wide,garch11,log_score,491,-2.2552881024101894,0.051040929599207932
HSI,gfc_wide,garch11,pinball_0p01,491,0.00078048336971687365,8.5113786026120666e-05
HSI,gfc_wide,garch11,pinball_0p025,491,0.001662481459161892,0.00014986279479110924
HSI,gfc_wide,garch11,pinball_0p05,491,0.0028203412755636913,0.00022663518332859868
HSI,gfc_wide,garch11,pinball_avg,491,0.0017544353681474855,0.00015114255932708757
HSI,gfc_wide,garch11,qlike,491,0.51663112299581637,0.044636767981967633
HSI,gfc_wide,garch11,fz0_0p01,491,-2.5135160068325804,0.15803428998320393
HSI,gfc_wide,garch11,fz0_0p025,491,-2.6943311288951741,0.11700636318571624
HSI,gfc_wide,garch11,fz0_0p05,491,-2.8792266244739655,0.094090977545318519
HSI,gfc_wide,garch11,fz0_avg,491,-2.695691253400573,0.12021359726671231
HSI,gfc_wide,garch11,qlike_ex_near_zero,491,0.51663112299581637,0.044636767981967633
HSI,gfc_wide,garch11_t,crps,491,0.014695356305726166,0.00079923919106782127
HSI,gfc_wide,garch11_t,log_score,491,-2.2589121657252256,0.048418374844768408
HSI,gfc_wide,garch11_t,pinball_0p01,491,0.0007368038126767208,6.2567318934196028e-05
HSI,gfc_wide,garch11_t,pinball_0p025,491,0.0016527755906592253,0.00014299002832240398
HSI,gfc_wide,garch11_t,pinball_0p05,491,0.0028254115894663988,0.00023019741757580804
HSI,gfc_wide,garch11_t,pinball_avg,491,0.0017383303309341149,0.0001416285984407702
HSI,gfc_wide,garch11_t,qlike,491,0.51803339594018138,0.044715675266703246
HSI,gfc_wide,garch11_t,fz0_0p01,491,-2.623487614591764,0.099359321135047599
HSI,gfc_wide,garch11_t,fz0_0p025,491,-2.7256163500118169,0.10048055835586696
HSI,gfc_wide,garch11_t,fz0_0p05,491,-2.8870445836641085,0.090559265410410428
HSI,gfc_wide,garch11_t,fz0_avg,491,-2.7453828494225632,0.09347384863369719
HSI,gfc_wide,garch11_t,qlike_ex_near_zero,491,0.51803339594018138,0.044715675266703246
HSI,gfc_wide,gjr,crps,491,0.014630538408035718,0.0007693082514018412
HSI,gfc_wide,gjr,log_score,491,-2.2424091283080188,0.05310432034964814
HSI,gfc_wide,gjr,pinball_0p01,491,0.00070079353392372989,6.4207694477500481e-05
HSI,gfc_wide,gjr,pinball_0p025,491,0.001582981729714001,0.00012860333648124147
HSI,gfc_wide,gjr,pinball_0p05,491,0.0027477316356673727,0.0002066257760122487
HSI,gfc_wide,gjr,pinball_avg,491,0.0016771689664350346,0.00012914639430518875
HSI,gfc_wide,gjr,qlike,491,0.55151295434416636,0.064779565289812491
HSI,gfc_wide,gjr,fz0_0p01,491,-2.6128288081215385,0.14081093783280643
HSI,gfc_wide,gjr,fz0_0p025,491,-2.7527788384690619,0.10914501238972243
HSI,gfc_wide,gjr,fz0_0p05,491,-2.9107348719753388,0.09167216737028451
HSI,gfc_wide,gjr,fz0_avg,491,-2.7587808395219797,0.11014601294078792
HSI,gfc_wide,gjr,qlike_ex_near_zero,491,0.55151295434416636,0.064779565289812491
HSI,gfc_wide,har,crps,491,0.014685766850692811,0.00081300849651653106
HSI,gfc_wide,har,log_score,491,-2.2498930370987296,0.056682909436433955
HSI,gfc_wide,har,pinball_0p01,491,0.00084718995556418652,0.00013501908725707139
HSI,gfc_wide,har,pinball_0p025,491,0.0017063746343826062,0.00020408898283873832
HSI,gfc_wide,har,pinball_0p05,491,0.0028798317200807314,0.00028010984972179245
HSI,gfc_wide,har,pinball_avg,491,0.0018111321033425084,0.00020368909656277246
HSI,gfc_wide,har,qlike,491,0.52511866268120022,0.048803390066178433
HSI,gfc_wide,har,fz0_0p01,491,-2.4088408530084737,0.20301460898043319
HSI,gfc_wide,har,fz0_0p025,491,-2.6586074813053231,0.14140513249959585
HSI,gfc_wide,har,fz0_0p05,491,-2.8424917262138494,0.10985881264804095
HSI,gfc_wide,har,fz0_avg,491,-2.6366466868425489,0.14884753284076066
HSI,gfc_wide,har,qlike_ex_near_zero,491,0.52511866268120022,0.048803390066178433
HSI,gfc_wide,lgbm,crps,491,0.014911500024776264,0.00081490597990609994
HSI,gfc_wide,lgbm,log_score,491,-2.208537127210219,0.053438754525582867
HSI,gfc_wide,lgbm,pinball_0p01,491,0.00084204590009320909,0.00010646945639909695
HSI,gfc_wide,lgbm,pinball_0p025,491,0.0017379111174535787,0.00015533911763492678
HSI,gfc_wide,lgbm,pinball_0p05,491,0.0029575033367263553,0.00023029758787736308
HSI,gfc_wide,lgbm,pinball_avg,491,0.001845820118091048,0.0001618466810298291
HSI,gfc_wide,lgbm,qlike,491,0.64244641964532145,0.061928322152146685
HSI,gfc_wide,lgbm,fz0_0p01,491,-2.4902576461465062,0.13766672938060404
HSI,gfc_wide,lgbm,fz0_0p025,491,-2.6632922432401576,0.099334382207241931
HSI,gfc_wide,lgbm,fz0_0p05,491,-2.8331265845108629,0.082289152634973425
HSI,gfc_wide,lgbm,fz0_avg,491,-2.662225491299175,0.10474543980729535
HSI,gfc_wide,lgbm,qlike_ex_near_zero,491,0.64244641964532145,0.061928322152146685
HSI,gfc_wide,moirai,crps,491,0.014651818887619617,0.00080478183687734386
HSI,gfc_wide,moirai,log_score,491,-2.2663859330856173,0.052630138653978878
HSI,gfc_wide,moirai,pinball_0p01,491,0.00086012239178211972,0.00012815730209825093
HSI,gfc_wide,moirai,pinball_0p025,491,0.0017203003053553139,0.00018300355278864314
HSI,gfc_wide,moirai,pinball_0p05,491,0.002895215227367407,0.00026350528016091728
HSI,gfc_wide,moirai,pinball_avg,491,0.0018252126415016137,0.00018892222676008722
HSI,gfc_wide,moirai,qlike,491,0.52595546461697507,0.046029635802815091
HSI,gfc_wide,moirai,fz0_0p01,491,-2.4050425749895896,0.19155203357325706
HSI,gfc_wide,moirai,fz0_0p025,491,-2.6549744632175369,0.13193773509861545
HSI,gfc_wide,moirai,fz0_0p05,491,-2.8453618865366437,0.1059211553477703
HSI,gfc_wide,moirai,fz0_avg,491,-2.6351263082479237,0.14042041055012244
HSI,gfc_wide,moirai,qlike_ex_near_zero,491,0.52595546461697507,0.046029635802815091
HSI,gfc_wide,naive,crps,491,0.015212391356889022,0.00091689962415487383
HSI,gfc_wide,naive,log_score,491,-1.8437591799953161,0.1607757394726001
HSI,gfc_wide,naive,pinball_0p01,491,0.0015082989469736589,0.00034859670926981964
HSI,gfc_wide,naive,pinball_0p025,491,0.0024556465825033083,0.00040431550856493645
HSI,gfc_wide,naive,pinball_0p05,491,0.0036517341700187892,0.00045327717572398363
HSI,gfc_wide,naive,pinball_avg,491,0.0025385598998319187,0.0004003865501299941
HSI,gfc_wide,naive,qlike,491,1.1990100321791959,0.18027335025607225
HSI,gfc_wide,naive,fz0_0p01,491,-0.56111382881238603,0.76020467851966667
HSI,gfc_wide,naive,fz0_0p025,491,-1.6401024158705335,0.41116366935647564
HSI,gfc_wide,naive,fz0_0p05,491,-2.2032312900061393,0.2677003807458056
HSI,gfc_wide,naive,fz0_avg,491,-1.4681491782296863,0.47751602351529376
HSI,gfc_wide,naive,qlike_ex_near_zero,491,1.1990100321791959,0.18027335025607225
HSI,gfc_wide,patchtst,crps,491,0.015027296554579779,0.00087598323094885877
HSI,gfc_wide,patchtst,log_score,491,-2.114972727977078,0.091755834759600988
HSI,gfc_wide,patchtst,pinball_0p01,491,0.0011136280629447106,0.0002444098917011237
HSI,gfc_wide,patchtst,pinball_0p025,491,0.0020076468104689694,0.00030575308945053929
HSI,gfc_wide,patchtst,pinball_0p05,491,0.00319693403250528,0.00036455498712026721
HSI,gfc_wide,patchtst,pinball_avg,491,0.0021060696353063196,0.00030341855861982863
HSI,gfc_wide,patchtst,qlike,491,0.78339156661940501,0.097648509946055159
HSI,gfc_wide,patchtst,fz0_0p01,491,-1.8455064209234484,0.39861908580775451
HSI,gfc_wide,patchtst,fz0_0p025,491,-2.3462035037100817,0.23479559464375208
HSI,gfc_wide,patchtst,fz0_0p05,491,-2.647256912416954,0.16225228791982502
HSI,gfc_wide,patchtst,fz0_avg,491,-2.2796556123501612,0.26385831741185983
HSI,gfc_wide,patchtst,qlike_ex_near_zero,491,0.78339156661940501,0.097648509946055159
HSI,gfc_wide,timesfm,crps,491,0.014706464189031328,0.00081412282800035678
HSI,gfc_wide,timesfm,log_score,491,-2.24097177617598,0.056078459778872304
HSI,gfc_wide,timesfm,pinball_0p01,491,0.00089656550476827383,0.00014064437724901845
HSI,gfc_wide,timesfm,pinball_0p025,491,0.0017894908493849193,0.00021546635180747257
HSI,gfc_wide,timesfm,pinball_0p05,491,0.0029968556384586168,0.00028824843923444028
HSI,gfc_wide,timesfm,pinball_avg,491,0.00189430399753727,0.00021317208419620803
HSI,gfc_wide,timesfm,qlike,491,0.5635939842460872,0.051187505249951103
HSI,gfc_wide,timesfm,fz0_0p01,491,-2.3334942142921391,0.20006059326555625
HSI,gfc_wide,timesfm,fz0_0p025,491,-2.5858853433323201,0.14414964043835088
HSI,gfc_wide,timesfm,fz0_0p05,491,-2.7785204515225019,0.11328974224820444
HSI,gfc_wide,timesfm,fz0_avg,491,-2.565966669715654,0.1500757247714779
HSI,gfc_wide,timesfm,qlike_ex_near_zero,491,0.5635939842460872,0.051187505249951103
KOSPI,gfc,autoarima,crps,145,0.016974920148682536,0.0013526843016621283
KOSPI,gfc,autoarima,log_score,145,-2.0869205382320479,0.072710604475870952
KOSPI,gfc,autoarima,pinball_0p01,145,0.0010356322438176315,0.00014381129066075546
KOSPI,gfc,autoarima,pinball_0p025,145,0.0022175325656883568,0.00025379426330495147
KOSPI,gfc,autoarima,pinball_0p05,145,0.0037149837230635446,0.00037824142315448197
KOSPI,gfc,autoarima,pinball_avg,145,0.0023227161775231774,0.00025108770011989098
KOSPI,gfc,autoarima,qlike,145,0.39515842800948997,0.067219500243958757
KOSPI,gfc,autoarima,fz0_0p01,145,-2.1295659148264021,0.25848722112618921
KOSPI,gfc,autoarima,fz0_0p025,145,-2.3452873745904523,0.18594227219840737
KOSPI,gfc,autoarima,fz0_0p05,145,-2.5543890615534321,0.14561492452201735
KOSPI,gfc,autoarima,fz0_avg,145,-2.3430807836567622,0.19252079427625976
KOSPI,gfc,autoarima,qlike_ex_near_zero,145,0.39515842800948997,0.067219500243958757
KOSPI,gfc,autoets,crps,145,0.016985035855898504,0.0013571940294348117
KOSPI,gfc,autoets,log_score,145,-2.0841883660388891,0.073667958637062422
KOSPI,gfc,autoets,pinball_0p01,145,0.0010616718166962173,0.00015606638010411402
KOSPI,gfc,autoets,pinball_0p025,145,0.0022586487856216266,0.00027033704939516509
KOSPI,gfc,autoets,pinball_0p05,145,0.0037405453262670165,0.00039191635769501181
KOSPI,gfc,autoets,pinball_avg,145,0.0023536219761949536,0.00026565296324153808
KOSPI,gfc,autoets,qlike,145,0.3986890556271605,0.067785864461926831
KOSPI,gfc,autoets,fz0_0p01,145,-2.1000292550060884,0.26954849877944342
KOSPI,gfc,autoets,fz0_0p025,145,-2.3222956007815734,0.19402862524693132
KOSPI,gfc,autoets,fz0_0p05,145,-2.5434308308650362,0.15078171738032017
KOSPI,gfc,autoets,fz0_avg,145,-2.321918562217566,0.2007135373715685
KOSPI,gfc,autoets,qlike_ex_near_zero,145,0.3986890556271605,0.067785864461926831
KOSPI,gfc,chronos,crps,145,0.016874027624566364,0.0014219453504382034
KOSPI,gfc,chronos,log_score,145,-2.0672521350398956,0.094421191001161198
KOSPI,gfc,chronos,pinball_0p01,145,0.0013307102263646398,0.00029174424392761972
KOSPI,gfc,chronos,pinball_0p025,145,0.0024645198115753964,0.00040878121278296094
KOSPI,gfc,chronos,pinball_0p05,145,0.0040393904361413109,0.00054643453242910259
KOSPI,gfc,chronos,pinball_avg,145,0.0026115401580271156,0.00040725651000791149
KOSPI,gfc,chronos,qlike,145,0.47604950561954751,0.11148428279594796
KOSPI,gfc,chronos,fz0_0p01,145,-1.591316866453669,0.524964343211761
KOSPI,gfc,chronos,fz0_0p025,145,-2.0939169103919451,0.32201809419615246
KOSPI,gfc,chronos,fz0_0p05,145,-2.3776028135024561,0.23215149521864312
KOSPI,gfc,chronos,fz0_avg,145,-2.0209455301160233,0.35535528746120415
KOSPI,gfc,chronos,qlike_ex_near_zero,145,0.47604950561954751,0.11148428279594796
KOSPI,gfc,ewma,crps,145,0.017051749005459058,0.0014294921761077372
KOSPI,gfc,ewma,log_score,145,-2.0322396821071669,0.087998282051685486
KOSPI,gfc,ewma,pinball_0p01,145,0.0013172924908087026,0.00026373717175901998
KOSPI,gfc,ewma,pinball_0p025,145,0.0025016468132508661,0.00040143748983393403
KOSPI,gfc,ewma,pinball_0p05,145,0.0040166858943462115,0.0005390375447047491
KOSPI,gfc,ewma,pinball_avg,145,0.0026118750661352605,0.00039518411099130738
KOSPI,gfc,ewma,qlike,145,0.44331801578017044,0.080563034217066135
KOSPI,gfc,ewma,fz0_0p01,145,-1.6477698652637609,0.40109445237850161
KOSPI,gfc,ewma,fz0_0p025,145,-2.0932319985962078,0.26965231554890029
KOSPI,gfc,ewma,fz0_0p05,145,-2.38379012081199,0.20330345766369645
KOSPI,gfc,ewma,fz0_avg,145,-2.0415973282239861,0.28711548251796015
KOSPI,gfc,ewma,qlike_ex_near_zero,145,0.44331801578017044,0.080563034217066135
KOSPI,gfc,garch11,crps,145,0.017014860778570048,0.0014169129612841298
KOSPI,gfc,garch11,log_score,145,-2.0416723000108079,0.083774743529763454
KOSPI,gfc,garch11,pinball_0p01,145,0.0012375829761045575,0.00021289222639001213
KOSPI,gfc,garch11,pinball_0p025,145,0.0024258282668890769,0.00033950639855918544
KOSPI,gfc,garch11,pinball_0p05,145,0.0039926944492410348,0.00047566233678375883
KOSPI,gfc,garch11,pinball_avg,145,0.0025520352307448896,0.00033448384734097349
KOSPI,gfc,garch11,qlike,145,0.38383330896893703,0.069001615168735889
KOSPI,gfc,garch11,fz0_0p01,145,-1.6974757973130103,0.34203176044189892
KOSPI,gfc,garch11,fz0_0p025,145,-2.1094725130991914,0.24193035037580535
KOSPI,gfc,garch11,fz0_0p05,145,-2.3756424621170362,0.18712588352748438
KOSPI,gfc,garch11,fz0_avg,145,-2.0608635908430797,0.25264595574577564
KOSPI,gfc,garch11,qlike_ex_near_zero,145,0.38383330896893703,0.069001615168735889
KOSPI,gfc,garch11_t,crps,145,0.016972404965655608,0.0014462502151927395
KOSPI,gfc,garch11_t,log_score,145,-2.0720418484575474,0.084692842576032337
KOSPI,gfc,garch11_t,pinball_0p01,145,0.0011322128452853895,0.00016971294034155549
KOSPI,gfc,garch11_t,pinball_0p025,145,0.002413748605950298,0.00033873246276995247
KOSPI,gfc,garch11_t,pinball_0p05,145,0.0040201941298245629,0.00051217304345978448
KOSPI,gfc,garch11_t,pinball_avg,145,0.0025220518603534165,0.00032660872359083828
KOSPI,gfc,garch11_t,qlike,145,0.39623708835575716,0.073224112231699223
KOSPI,gfc,garch11_t,fz0_0p01,145,-1.971276286249201,0.24322224453919453
KOSPI,gfc,garch11_t,fz0_0p025,145,-2.182549024558444,0.21938529506556875
KOSPI,gfc,garch11_t,fz0_0p05,145,-2.3940480935797166,0.18749137261147253
KOSPI,gfc,garch11_t,fz0_avg,145,-2.1826244681291209,0.20996216107802376
KOSPI,gfc,garch11_t,qlike_ex_near_zero,145,0.39623708835575716,0.073224112231699223
KOSPI,gfc,gjr,crps,145,0.016871395768095973,0.0014128723124168952
KOSPI,gfc,gjr,log_score,145,-2.0456057324297983,0.097981134992939797
KOSPI,gfc,gjr,pinball_0p01,145,0.0013282279727136626,0.00028404480325685985
KOSPI,gfc,gjr,pinball_0p025,145,0.0024421727726278712,0.00037873387482339685
KOSPI,gfc,gjr,pinball_0p05,145,0.0039364560016504494,0.00047359015706427524
KOSPI,gfc,gjr,pinball_avg,145,0.0025689522489973277,0.00037176368602520268
KOSPI,gfc,gjr,qlike,145,0.38751088434779346,0.11520155278590218
KOSPI,gfc,gjr,fz0_0p01,145,-1.3561629585949855,0.58423041795852071
KOSPI,gfc,gjr,fz0_0p025,145,-1.9365588416393091,0.34959497138378842
KOSPI,gfc,gjr,fz0_0p05,145,-2.3099241005031805,0.24522648183381293
KOSPI,gfc,gjr,fz0_avg,145,-1.8675486335791585,0.38817906011524211
KOSPI,gfc,gjr,qlike_ex_near_zero,145,0.38751088434779346,0.11520155278590218
KOSPI,gfc,har,crps,145,0.01683486917880905,0.0014056295565926737
KOSPI,gfc,har,log_score,145,-2.0944713537125286,0.085901119939085738
KOSPI,gfc,har,pinball_0p01,145,0.0011972546451576114,0.00022778986077183049
KOSPI,gfc,har,pinball_0p025,145,0.0022890199753734827,0.00035395583759932744
KOSPI,gfc,har,pinball_0p05,145,0.0037048475594906524,0.00048897108503368142
KOSPI,gfc,har,pinball_avg,145,0.0023970407266739155,0.00035278667859089372
KOSPI,gfc,har,qlike,145,0.41939188459544946,0.094146641653661864
KOSPI,gfc,har,fz0_0p01,145,-1.8737334715312366,0.4048228840391121
KOSPI,gfc,har,fz0_0p025,145,-2.2723956804281165,0.26170964392064283
KOSPI,gfc,har,fz0_0p05,145,-2.536725122282327,0.19368058271396027
KOSPI,gfc,har,fz0_avg,145,-2.2276180914138934,0.28383440330092863
KOSPI,gfc,har,qlike_ex_near_zero,145,0.41939188459544946,0.094146641653661864
KOSPI,gfc,lgbm,crps,145,0.017516722434386026,0.0013988960788101834
KOSPI,gfc,lgbm,log_score,145,-1.9826265565359218,0.086862294321298092
KOSPI,gfc,lgbm,pinball_0p01,145,0.0012902791623201975,0.00032138661981545997
KOSPI,gfc,lgbm,pinball_0p025,145,0.002638841147344939,0.00044581827317362956
KOSPI,gfc,lgbm,pinball_0p05,145,0.0044097641245038777,0.00058729535493861826
KOSPI,gfc,lgbm,pinball_avg,145,0.0027796281447230045,0.00044034413296164382
KOSPI,gfc,lgbm,qlike,145,0.62895039446900791,0.083555069538021109
KOSPI,gfc,lgbm,fz0_0p01,145,-1.8924032060369105,0.45377832549878455
KOSPI,gfc,lgbm,fz0_0p025,145,-2.1312363927797917,0.28433422475832132
KOSPI,gfc,lgbm,fz0_0p05,145,-2.3302965065614045,0.21333043874216281
KOSPI,gfc,lgbm,fz0_avg,145,-2.117978701792703,0.31022117825437401
KOSPI,gfc,lgbm,qlike_ex_near_zero,145,0.62895039446900791,0.083555069538021109
KOSPI,gfc,moirai,crps,145,0.01689423500881717,0.0014446772124792979
KOSPI,gfc,moirai,log_score,145,-2.0653600390758355,0.096359860327914951
KOSPI,gfc,moirai,pinball_0p01,145,0.0013176118313781538,0.00029863961864427628
KOSPI,gfc,moirai,pinball_0p025,145,0.0025217093510169738,0.00042212876039811082
KOSPI,gfc,moirai,pinball_0p05,145,0.0041038078393018651,0.00056986675719241449
KOSPI,gfc,moirai,pinball_avg,145,0.0026477096738989981,0.0004216226824776488
KOSPI,gfc,moirai,qlike,145,0.46753889209863309,0.10131636188512418
KOSPI,gfc,moirai,fz0_0p01,145,-1.6555356614363168,0.50086634208834535
KOSPI,gfc,moirai,fz0_0p025,145,-2.0854760312419449,0.31659434580628149
KOSPI,gfc,moirai,fz0_0p05,145,-2.3627263007564032,0.23358778696788032
KOSPI,gfc,moirai,fz0_avg,145,-2.0345793311448883,0.34516427272059258
KOSPI,gfc,moirai,qlike_ex_near_zero,145,0.46753889209863309,0.10131636188512418
KOSPI,gfc,naive,crps,145,0.017682099245153515,0.0017467803321686724
KOSPI,gfc,naive,log_score,145,-1.3844028311792027,0.32972343728534631
KOSPI,gfc,naive,pinball_0p01,145,0.0028529383374842556,0.00098289873687505713
KOSPI,gfc,naive,pinball_0p025,145,0.0038785589871979239,0.0010774417677156488
KOSPI,gfc,naive,pinball_0p05,145,0.0051455947168102404,0.0011343474319055378
KOSPI,gfc,naive,pinball_avg,145,0.0039590306804974731,0.0010631277495838098
KOSPI,gfc,naive,qlike,145,1.8958956586600273,0.62611859716310247
KOSPI,gfc,naive,fz0_0p01,145,2.5445606841956243,2.3220263646820265
KOSPI,gfc,naive,fz0_0p025,145,-0.12603707993222157,1.1861684461800803
KOSPI,gfc,naive,fz0_0p05,145,-1.2876483945589441,0.7330380943634659
KOSPI,gfc,naive,fz0_avg,145,0.37695840323481933,1.4123644777249202
KOSPI,gfc,naive,qlike_ex_near_zero,145,1.8958956586600273,0.62611859716310247
KOSPI,gfc,patchtst,crps,145,0.017178573720006925,0.0014850619782305796
KOSPI,gfc,patchtst,log_score,145,-1.8646904370718764,0.15754683016300722
KOSPI,gfc,patchtst,pinball_0p01,145,0.0014412659783693573,0.00039049860173416084
KOSPI,gfc,patchtst,pinball_0p025,145,0.0025247957054464107,0.00050091479314015282
KOSPI,gfc,patchtst,pinball_0p05,145,0.0040525216236590783,0.00062891490752748714
KOSPI,gfc,patchtst,pinball_avg,145,0.0026728611024916149,0.00049515073096615119
KOSPI,gfc,patchtst,qlike,145,0.83255289942809607,0.28298727574263433
KOSPI,gfc,patchtst,fz0_0p01,145,-0.99130978011265869,0.92861664565733304
KOSPI,gfc,patchtst,fz0_0p025,145,-1.8516746575557794,0.48752361849448611
KOSPI,gfc,patchtst,fz0_0p05,145,-2.2507726848874516,0.31560595069197817
KOSPI,gfc,patchtst,fz0_avg,145,-1.6979190408519633,0.57193833555542728
KOSPI,gfc,patchtst,qlike_ex_near_zero,145,0.83255289942809607,0.28298727574263433
KOSPI,gfc,timesfm,crps,145,0.016903076830538134,0.0014508401368526381
KOSPI,gfc,timesfm,log_score,145,-2.0565354846544639,0.10124827334340698
KOSPI,gfc,timesfm,pinball_0p01,145,0.0013880470833458596,0.0003261090034351925
KOSPI,gfc,timesfm,pinball_0p025,145,0.0025192059669265892,0.0004628150183943082
KOSPI,gfc,timesfm,pinball_0p05,145,0.0041240768475584817,0.00060162404319802907
KOSPI,gfc,timesfm,pinball_avg,145,0.0026771099659436436,0.00045582344216125309
KOSPI,gfc,timesfm,qlike,145,0.49611034091868289,0.11893135574560094
KOSPI,gfc,timesfm,fz0_0p01,145,-1.5148430259200079,0.56739754224730743
KOSPI,gfc,timesfm,fz0_0p025,145,-2.0558990522550062,0.35012744892672953
KOSPI,gfc,timesfm,fz0_0p05,145,-2.3401431243612558,0.25087302459066024
KOSPI,gfc,timesfm,fz0_avg,145,-1.9702950675120898,0.38482287322276404
KOSPI,gfc,timesfm,qlike_ex_near_zero,145,0.49611034091868289,0.11893135574560094
KOSPI,covid,autoarima,crps,62,0.015084638639299732,0.0038094981997815525
KOSPI,covid,autoarima,log_score,62,-2.1125236229993209,0.29084058159931481
KOSPI,covid,autoarima,pinball_0p01,62,0.0013542993553767313,0.00047150913056427435
KOSPI,covid,autoarima,pinball_0p025,62,0.002378301124016614,0.00072389240499007019
KOSPI,covid,autoarima,pinball_0p05,62,0.0036677709367962819,0.00097204293252676859
KOSPI,covid,autoarima,pinball_avg,62,0.0024667904720632092,0.00071435921024696342
KOSPI,covid,autoarima,qlike,62,0.79134424875585785,0.2798195802349398
KOSPI,covid,autoarima,fz0_0p01,62,-1.0955104461067373,0.98301013069642573
KOSPI,covid,autoarima,fz0_0p025,62,-1.8313622420117632,0.67837379765269601
KOSPI,covid,autoarima,fz0_0p05,62,-2.2832619445065685,0.52497248034388933
KOSPI,covid,autoarima,fz0_avg,62,-1.7367115442083565,0.72076564684920263
KOSPI,covid,autoarima,qlike_ex_near_zero,62,0.79134424875585785,0.2798195802349398
KOSPI,covid,autoets,crps,62,0.014722536544935435,0.0034934483093105079
KOSPI,covid,autoets,log_score,62,-2.2909130684205308,0.20117791695203707
KOSPI,covid,autoets,pinball_0p01,62,0.0010163851614988478,0.0003471888325772346
KOSPI,covid,autoets,pinball_0p025,62,0.0020337454844806704,0.00052101318009207479
KOSPI,covid,autoets,pinball_0p05,62,0.0031974213248791945,0.00067436560122902014
KOSPI,covid,autoets,pinball_avg,62,0.0020825173236195711,0.00050953464594011592
KOSPI,covid,autoets,qlike,62,0.60606540290958055,0.17810304731505255
KOSPI,covid,autoets,fz0_0p01,62,-2.0865500618443313,0.62480634900782672
KOSPI,covid,autoets,fz0_0p025,62,-2.3456359587836051,0.43813702528710041
KOSPI,covid,autoets,fz0_0p05,62,-2.6513368652891276,0.33776026125272379
KOSPI,covid,autoets,fz0_avg,62,-2.361174295305688,0.45781247643233547
KOSPI,covid,autoets,qlike_ex_near_zero,62,0.60606540290958055,0.17810304731505255
KOSPI,covid,chronos,crps,62,0.014752251389976536,0.0033242142386329747
KOSPI,covid,chronos,log_score,62,-2.1970640908867658,0.23896545518207599
KOSPI,covid,chronos,pinball_0p01,62,0.0015135528801461747,0.00063025323525828551
KOSPI,covid,chronos,pinball_0p025,62,0.0024560745837934085,0.00076809054454956302
KOSPI,covid,chronos,pinball_0p05,62,0.0035986221537828828,0.00089602217537371848
KOSPI,covid,chronos,pinball_avg,62,0.0025227498725741548,0.00076036310563007295
KOSPI,covid,chronos,qlike,62,0.8789392650026987,0.28654695345522702
KOSPI,covid,chronos,fz0_0p01,62,-0.81358461106630731,1.2476432821650933
KOSPI,covid,chronos,fz0_0p025,62,-1.7689410735525024,0.73990327391183053
KOSPI,covid,chronos,fz0_0p05,62,-2.2992153156822561,0.52435754505976473
KOSPI,covid,chronos,fz0_avg,62,-1.6272470001003554,0.83021249333982827
KOSPI,covid,chronos,qlike_ex_near_zero,62,0.8789392650026987,0.28654695345522702
KOSPI,covid,ewma,crps,62,0.015183669758468818,0.0035392449252706457
KOSPI,covid,ewma,log_score,62,-2.1438724368754283,0.21716303173473145
KOSPI,covid,ewma,pinball_0p01,62,0.0013344433146938515,0.00048793566700249512
KOSPI,covid,ewma,pinball_0p025,62,0.0024368090518427192,0.00070195681418888775
KOSPI,covid,ewma,pinball_0p05,62,0.0037482833879527427,0.00091978251439964718
KOSPI,covid,ewma,pinball_avg,62,0.0025065119181631053,0.00069875370970187266
KOSPI,covid,ewma,qlike,62,0.7591776277256167,0.1811998165503893
KOSPI,covid,ewma,fz0_0p01,62,-1.2884663867728159,0.97931160054747368
KOSPI,covid,ewma,fz0_0p025,62,-1.8815737498082696,0.63090778784102486
KOSPI,covid,ewma,fz0_0p05,62,-2.3028850591063601,0.46781156059831031
KOSPI,covid,ewma,fz0_avg,62,-1.8243083985624817,0.68553391276969955
KOSPI,covid,ewma,qlike_ex_near_zero,62,0.7591776277256167,0.1811998165503893
KOSPI,covid,garch11,crps,62,0.015040275922453094,0.0036087101333713476
KOSPI,covid,garch11,log_score,62,-2.0728913822861239,0.26474409582491548
KOSPI,covid,garch11,pinball_0p01,62,0.0016428110297337481,0.0006383490379345525
KOSPI,covid,garch11,pinball_0p025,62,0.0026512782789926536,0.00087077693306890922
KOSPI,covid,garch11,pinball_0p05,62,0.0038290452809710122,0.0010787986818812164
KOSPI,covid,garch11,pinball_avg,62,0.0027077115298991378,0.00085624451478576928
KOSPI,covid,garch11,qlike,62,0.79202457532852855,0.2302510791658508
KOSPI,covid,garch11,fz0_0p01,62,-0.044850067297889838,1.5314539236801128
KOSPI,covid,garch11,fz0_0p025,62,-1.3432542937085286,0.9170053336484062
KOSPI,covid,garch11,fz0_0p05,62,-2.033211885917229,0.64717501795519161
KOSPI,covid,garch11,fz0_avg,62,-1.1404387489745489,1.0239285541442431
KOSPI,covid,garch11,qlike_ex_near_zero,62,0.79202457532852855,0.2302510791658508
KOSPI,covid,garch11_t,crps,62,0.015261047572451083,0.0037858888640194929
KOSPI,covid,garch11_t,log_score,62,-2.1282470126495969,0.25111807251208701
KOSPI,covid,garch11_t,pinball_0p01,62,0.0014617051994768797,0.00052874291463006983
KOSPI,covid,garch11_t,pinball_0p025,62,0.0026762519734795293,0.00088577794665940302
KOSPI,covid,garch11_t,pinball_0p05,62,0.0041043803936507677,0.0011731937245379276
KOSPI,covid,garch11_t,pinball_avg,62,0.002747445855535725,0.00084980934428273501
KOSPI,covid,garch11_t,qlike,62,0.84456548703416845,0.24867993170717112
KOSPI,covid,garch11_t,fz0_0p01,62,-1.0166407894978382,1.0256805463460239
KOSPI,covid,garch11_t,fz0_0p025,62,-1.5445995926739686,0.80534314528378936
KOSPI,covid,garch11_t,fz0_0p05,62,-1.9739162241171422,0.64582348665558598
KOSPI,covid,garch11_t,fz0_avg,62,-1.5117188687629826,0.81301762704948288
KOSPI,covid,garch11_t,qlike_ex_near_zero,62,0.84456548703416845,0.24867993170717112
KOSPI,covid,gjr,crps,62,0.01443158519592402,0.0031437617928941255
KOSPI,covid,gjr,log_score,62,-2.2992751443235901,0.19387548785792111
KOSPI,covid,gjr,pinball_0p01,62,0.00097068215968137777,0.00031160807375206132
KOSPI,covid,gjr,pinball_0p025,62,0.0018328785616887151,0.00049491346120781937
KOSPI,covid,gjr,pinball_0p05,62,0.0030163369659307617,0.00071522103616732374
KOSPI,covid,gjr,pinball_avg,62,0.0019399658957669516,0.00049515750748519306
KOSPI,covid,gjr,qlike,62,0.48175484958958043,0.11433530919831165
KOSPI,covid,gjr,fz0_0p01,62,-1.7842869217867263,0.97305626593257177
KOSPI,covid,gjr,fz0_0p025,62,-2.3748189039805974,0.59764547801925316
KOSPI,covid,gjr,fz0_0p05,62,-2.6692107739585884,0.44038089238218431
KOSPI,covid,gjr,fz0_avg,62,-2.2761055332419708,0.65986864479214846
KOSPI,covid,gjr,qlike_ex_near_zero,62,0.48175484958958043,0.11433530919831165
KOSPI,covid,har,crps,62,0.015134847163947789,0.0038259917406645123
KOSPI,covid,har,log_score,62,-2.0914748003708064,0.28210445958188374
KOSPI,covid,har,pinball_0p01,62,0.0014694647009633331,0.00052055749808481758
KOSPI,covid,har,pinball_0p025,62,0.0024947959881571622,0.00068650225046175449
KOSPI,covid,har,pinball_0p05,62,0.0038529382839235758,0.00094821301131048851
KOSPI,covid,har,pinball_avg,62,0.0026057329910146899,0.00070551535997593099
KOSPI,covid,har,qlike,62,0.92643158524941438,0.32343925237384091
KOSPI,covid,har,fz0_0p01,62,-0.61932830192982313,1.2063875517846405
KOSPI,covid,har,fz0_0p025,62,-1.601929724736634,0.73519539404413847
KOSPI,covid,har,fz0_0p05,62,-2.0965651358481501,0.55471608162096331
KOSPI,covid,har,fz0_avg,62,-1.439274387504869,0.8207195315325041
KOSPI,covid,har,qlike_ex_near_zero,62,0.92643158524941438,0.32343925237384091
KOSPI,covid,lgbm,crps,62,0.016171526796679832,0.0044417472207068974
KOSPI,covid,lgbm,log_score,62,-1.2644594084997374,0.92804488365915538
KOSPI,covid,lgbm,pinball_0p01,62,0.0026322078947747401,0.0011986815096223017
KOSPI,covid,lgbm,pinball_0p025,62,0.0037784656249641854,0.001360650789111894
KOSPI,covid,lgbm,pinball_0p05,62,0.005081781413310899,0.0015116182583068724
KOSPI,covid,lgbm,pinball_avg,62,0.0038308183110166085,0.0013500952440611553
KOSPI,covid,lgbm,qlike,62,2.0924349622442495,0.61439015698903299
KOSPI,covid,lgbm,fz0_0p01,62,3.0270434222408968,3.2524213977192473
KOSPI,covid,lgbm,fz0_0p025,62,0.34014679602257131,1.7104516374406675
KOSPI,covid,lgbm,fz0_0p05,62,-0.93181613881370906,1.1000567856259453
KOSPI,covid,lgbm,fz0_avg,62,0.81179135981658657,2.0106023309552103
KOSPI,covid,lgbm,qlike_ex_near_zero,62,2.0924349622442495,0.61439015698903299
KOSPI,covid,moirai,crps,62,0.014766427904061612,0.0034232158016041406
KOSPI,covid,moirai,log_score,62,-2.2395497337777406,0.21813974620760346
KOSPI,covid,moirai,pinball_0p01,62,0.0012120538118110462,0.0004070850594866128
KOSPI,covid,moirai,pinball_0p025,62,0.0021516940454194052,0.00058714729964460936
KOSPI,covid,moirai,pinball_0p05,62,0.0032892242824525959,0.00074345215190002123
KOSPI,covid,moirai,pinball_avg,62,0.0022176573798943495,0.00057620157578809074
KOSPI,covid,moirai,qlike,62,0.90246314547610251,0.31446179139670444
KOSPI,covid,moirai,fz0_0p01,62,-1.5647784402616156,0.78132965937666476
KOSPI,covid,moirai,fz0_0p025,62,-2.1442658216211608,0.54613029603362251
KOSPI,covid,moirai,fz0_0p05,62,-2.5228595062987957,0.42027829075536705
KOSPI,covid,moirai,fz0_avg,62,-2.0773012560605242,0.57688654422288776
KOSPI,covid,moirai,qlike_ex_near_zero,62,0.90246314547610251,0.31446179139670444
KOSPI,covid,naive,crps,62,0.01653765576643032,0.0046048673304987563
KOSPI,covid,naive,log_score,62,0.020676038683506846,1.7090150848537018
KOSPI,covid,naive,pinball_0p01,62,0.0040254733446619482,0.0016152791740516341
KOSPI,covid,naive,pinball_0p025,62,0.0050273360925273307,0.0017890848814792486
KOSPI,covid,naive,pinball_0p05,62,0.0060054363593921708,0.0019265057742233031
KOSPI,covid,naive,pinball_avg,62,0.0050194152655271499,0.0017738505539627617
KOSPI,covid,naive,qlike,62,4.0779698899704799,1.4386600524788569
KOSPI,covid,naive,fz0_0p01,62,10.768307558497659,6.2068416049686537
KOSPI,covid,naive,fz0_0p025,62,4.041563601851589,3.2037405896411055
KOSPI,covid,naive,fz0_0p05,62,1.1026265496498528,2.0016992969513536
KOSPI,covid,naive,fz0_avg,62,5.3041659033330335,3.8033529266870056
KOSPI,covid,naive,qlike_ex_near_zero,62,4.0779698899704799,1.4386600524788569
KOSPI,covid,patchtst,crps,62,0.016459695457827984,0.0046819608945149237
KOSPI,covid,patchtst,log_score,62,-0.11001025684369647,1.8086014658348575
KOSPI,covid,patchtst,pinball_0p01,62,0.0036709215254883487,0.0015085551226774836
KOSPI,covid,patchtst,pinball_0p025,62,0.0047349447107237434,0.0016820701638848039
KOSPI,covid,patchtst,pinball_0p05,62,0.0058159218052537638,0.0018248759525727669
KOSPI,covid,patchtst,pinball_avg,62,0.004740596013821952,0.0016695968641620518
KOSPI,covid,patchtst,qlike,62,3.8880691578660471,1.3428194683752079
KOSPI,covid,patchtst,fz0_0p01,62,8.3855998006472792,5.3713467234938266
KOSPI,covid,patchtst,fz0_0p025,62,2.9461729690299103,2.7723888843358044
KOSPI,covid,patchtst,fz0_0p05,62,0.5247689258649475,1.7399380756963754
KOSPI,covid,patchtst,fz0_avg,62,3.9521805651807127,3.2922776245292664
KOSPI,covid,patchtst,qlike_ex_near_zero,62,3.8880691578660471,1.3428194683752079
KOSPI,covid,timesfm,crps,62,0.014966726470800691,0.0035694484817686513
KOSPI,covid,timesfm,log_score,62,-2.1142060850565083,0.2830430878311071
KOSPI,covid,timesfm,pinball_0p01,62,0.0016363934620770391,0.00068513265619151841
KOSPI,covid,timesfm,pinball_0p025,62,0.0025279206631788221,0.00081539943002613858
KOSPI,covid,timesfm,pinball_0p05,62,0.0036378898934888138,0.00094336582539919088
KOSPI,covid,timesfm,pinball_avg,62,0.0026007346729148917,0.00080944771732560986
KOSPI,covid,timesfm,qlike,62,0.9278455066586061,0.31495258015155747
KOSPI,covid,timesfm,fz0_0p01,62,-0.30877364496825777,1.4754788996483892
KOSPI,covid,timesfm,fz0_0p025,62,-1.5532537044701398,0.85314805082309464
KOSPI,covid,timesfm,fz0_0p05,62,-2.162531791625347,0.59856156020609752
KOSPI,covid,timesfm,fz0_avg,62,-1.3415197136879151,0.96749877318281596
KOSPI,covid,timesfm,qlike_ex_near_zero,62,0.9278455066586061,0.31495258015155747
KOSPI,tightening_2022,autoarima,crps,203,0.0066486508984841272,0.00035123778994927717
KOSPI,tightening_2022,autoarima,log_score,203,-3.0240743388909923,0.061770239535283301
KOSPI,tightening_2022,autoarima,pinball_0p01,203,0.00039329413425443128,7.6630570970405602e-05
KOSPI,tightening_2022,autoarima,pinball_0p025,203,0.00078521034116867258,0.00010676867525399388
KOSPI,tightening_2022,autoarima,pinball_0p05,203,0.0012959377083106931,0.00013434266773558226
KOSPI,tightening_2022,autoarima,pinball_avg,203,0.00082481406124459912,0.00010404567087029595
KOSPI,tightening_2022,autoarima,qlike,203,0.33513856205369907,0.042969347866138798
KOSPI,tightening_2022,autoarima,fz0_0p01,203,-3.130928869319221,0.29399631771752938
KOSPI,tightening_2022,autoarima,fz0_0p025,203,-3.3790358960881051,0.19109456923265122
KOSPI,tightening_2022,autoarima,fz0_0p05,203,-3.5748221933536115,0.14238474776312041
KOSPI,tightening_2022,autoarima,fz0_avg,203,-3.3615956529203119,0.2054231753138511
KOSPI,tightening_2022,autoarima,qlike_ex_near_zero,203,0.33513856205369907,0.042969347866138798
KOSPI,tightening_2022,autoets,crps,203,0.0066463172150059077,0.00035114351492080174
KOSPI,tightening_2022,autoets,log_score,203,-3.0241573986126786,0.061725886636042733
KOSPI,tightening_2022,autoets,pinball_0p01,203,0.00039428349792038103,7.6576733526421197e-05
KOSPI,tightening_2022,autoets,pinball_0p025,203,0.00078954001273627496,0.0001070581514510986
KOSPI,tightening_2022,autoets,pinball_0p05,203,0.0012972499503694258,0.00013469157775571132
KOSPI,tightening_2022,autoets,pinball_avg,203,0.0008270244870086941,0.00010420707407954474
KOSPI,tightening_2022,autoets,qlike,203,0.33734644183848289,0.043696889352616682
KOSPI,tightening_2022,autoets,fz0_0p01,203,-3.1196197267370795,0.29664103816386767
KOSPI,tightening_2022,autoets,fz0_0p025,203,-3.3657896689291529,0.19329080791371506
KOSPI,tightening_2022,autoets,fz0_0p05,203,-3.5716154357251999,0.14366251387504611
KOSPI,tightening_2022,autoets,fz0_avg,203,-3.3523416104638111,0.20737171690535794
KOSPI,tightening_2022,autoets,qlike_ex_near_zero,203,0.33734644183848289,0.043696889352616682
KOSPI,tightening_2022,chronos,crps,203,0.0066848364693561941,0.00036084553487192051
KOSPI,tightening_2022,chronos,log_score,203,-2.9871566648453425,0.071723972482547318
KOSPI,tightening_2022,chronos,pinball_0p01,203,0.00047105457394008415,0.00010075634044861237
KOSPI,tightening_2022,chronos,pinball_0p025,203,0.00087614193328728945,0.00013156526933816076
KOSPI,tightening_2022,chronos,pinball_0p05,203,0.0014002248728325563,0.00015926894645973801
KOSPI,tightening_2022,chronos,pinball_avg,203,0.00091580712668664331,0.00012870465190347979
KOSPI,tightening_2022,chronos,qlike,203,0.36275997188754727,0.042995258558526685
KOSPI,tightening_2022,chronos,fz0_0p01,203,-2.7590549486475808,0.41273423707970408
KOSPI,tightening_2022,chronos,fz0_0p025,203,-3.1678524411920916,0.25566834881045014
KOSPI,tightening_2022,chronos,fz0_0p05,203,-3.4390055222863221,0.18232573212129433
KOSPI,tightening_2022,chronos,fz0_avg,203,-3.1219709707086647,0.28028234904402144
KOSPI,tightening_2022,chronos,qlike_ex_near_zero,203,0.36275997188754727,0.042995258558526685
KOSPI,tightening_2022,ewma,crps,203,0.0067000817118842452,0.00034553780375161218
KOSPI,tightening_2022,ewma,log_score,203,-2.9969149498237155,0.059449946261056777
KOSPI,tightening_2022,ewma,pinball_0p01,203,0.00040744150533380782,7.9511834816555014e-05
KOSPI,tightening_2022,ewma,pinball_0p025,203,0.00082180942535412861,0.00011120404267566587
KOSPI,tightening_2022,ewma,pinball_0p05,203,0.0013586160528939286,0.00014153167949707877
KOSPI,tightening_2022,ewma,pinball_avg,203,0.00086262232786062164,0.00010846947195263323
KOSPI,tightening_2022,ewma,qlike,203,0.33713036109484246,0.034489863693280019
KOSPI,tightening_2022,ewma,fz0_0p01,203,-3.0712838908813391,0.30043813032367667
KOSPI,tightening_2022,ewma,fz0_0p025,203,-3.3159845070495213,0.19651371572657433
KOSPI,tightening_2022,ewma,fz0_0p05,203,-3.5200653155329791,0.14625182555710575
KOSPI,tightening_2022,ewma,fz0_avg,203,-3.3024445711546133,0.21037745672925667
KOSPI,tightening_2022,ewma,qlike_ex_near_zero,203,0.33713036109484246,0.034489863693280019
KOSPI,tightening_2022,garch11,crps,203,0.0066938509245780091,0.00035225479878073641
KOSPI,tightening_2022,garch11,log_score,203,-3.0113602269006305,0.060640448682044469
KOSPI,tightening_2022,garch11,pinball_0p01,203,0.00035763210917373768,6.2385647941880847e-05
KOSPI,tightening_2022,garch11,pinball_0p025,203,0.00077156482733603397,9.6141821982188139e-05
KOSPI,tightening_2022,garch11,pinball_0p05,203,0.0013287894881483238,0.000134651095819034
KOSPI,tightening_2022,garch11,pinball_avg,203,0.00081932880821936527,9.4607351507958737e-05
KOSPI,tightening_2022,garch11,qlike,203,0.32478919156813879,0.032474320803697575
KOSPI,tightening_2022,garch11,fz0_0p01,203,-3.2727076158930899,0.23731035901148498
KOSPI,tightening_2022,garch11,fz0_0p025,203,-3.4292649840231451,0.1651150363876128
KOSPI,tightening_2022,garch11,fz0_0p05,203,-3.5742863534068028,0.13337400096580568
KOSPI,tightening_2022,garch11,fz0_avg,203,-3.4254196511076787,0.17309290222412191
KOSPI,tightening_2022,garch11,qlike_ex_near_zero,203,0.32478919156813879,0.032474320803697575
KOSPI,tightening_2022,garch11_t,crps,203,0.006692347125219056,0.00035311622651245278
KOSPI,tightening_2022,garch11_t,log_score,203,-3.0111522807324573,0.060116857522574056
KOSPI,tightening_2022,garch11_t,pinball_0p01,203,0.00035247672527289199,6.0282194566834225e-05
KOSPI,tightening_2022,garch11_t,pinball_0p025,203,0.00077084585837693109,9.5427714496247926e-05
KOSPI,tightening_2022,garch11_t,pinball_0p05,203,0.0013286208865838742,0.00013531481271175096
KOSPI,tightening_2022,garch11_t,pinball_avg,203,0.00081731449007789924,9.3448937598280215e-05
KOSPI,tightening_2022,garch11_t,qlike,203,0.32183697763234276,0.032448489330238715
KOSPI,tightening_2022,garch11_t,fz0_0p01,203,-3.2925857799668732,0.22574505568944117
KOSPI,tightening_2022,garch11_t,fz0_0p025,203,-3.4328384086140562,0.1617690391956936
KOSPI,tightening_2022,garch11_t,fz0_0p05,203,-3.5754616046422592,0.13290568923490206
KOSPI,tightening_2022,garch11_t,fz0_avg,203,-3.4336285977410625,0.16730122617897467
KOSPI,tightening_2022,garch11_t,qlike_ex_near_zero,203,0.32183697763234276,0.032448489330238715
KOSPI,tightening_2022,gjr,crps,203,0.0066677107583383429,0.00035478015193232871
KOSPI,tightening_2022,gjr,log_score,203,-3.0381485960314252,0.057870104362758842
KOSPI,tightening_2022,gjr,pinball_0p01,203,0.00032384765201808399,4.3626540254387781e-05
KOSPI,tightening_2022,gjr,pinball_0p025,203,0.00069415661159092702,7.4653892307990726e-05
KOSPI,tightening_2022,gjr,pinball_0p05,203,0.0012561250635908991,0.0001157375202146969
KOSPI,tightening_2022,gjr,pinball_avg,203,0.00075804310906663693,7.5181137342080509e-05
KOSPI,tightening_2022,gjr,qlike,203,0.34443706259338541,0.035752983423895782
KOSPI,tightening_2022,gjr,fz0_0p01,203,-3.4151771275733269,0.14692354340259481
KOSPI,tightening_2022,gjr,fz0_0p025,203,-3.5662807939798968,0.11994033259635514
KOSPI,tightening_2022,gjr,fz0_0p05,203,-3.6679890552245245,0.1074507507029747
KOSPI,tightening_2022,gjr,fz0_avg,203,-3.5498156589259158,0.12084710523075617
KOSPI,tightening_2022,gjr,qlike_ex_near_zero,203,0.34443706259338541,0.035752983423895782
KOSPI,tightening_2022,har,crps,203,0.0066622734977894275,0.0003576655374575514
KOSPI,tightening_2022,har,log_score,203,-3.015692079894329,0.065489176733638188
KOSPI,tightening_2022,har,pinball_0p01,203,0.00040192233790086162,8.4659272166207896e-05
KOSPI,tightening_2022,har,pinball_0p025,203,0.00079592463960954907,0.000113824190271804
KOSPI,tightening_2022,har,pinball_0p05,203,0.0013281791574398791,0.00014316837787085559
KOSPI,tightening_2022,har,pinball_avg,203,0.00084200871165009659,0.00011170054940563656
KOSPI,tightening_2022,har,qlike,203,0.33688267659353949,0.041213308972836989
KOSPI,tightening_2022,har,fz0_0p01,203,-3.0849328246929262,0.32675001869495701
KOSPI,tightening_2022,har,fz0_0p025,203,-3.3541131516383369,0.20697552274363171
KOSPI,tightening_2022,har,fz0_0p05,203,-3.5484284305917622,0.15333009413559559
KOSPI,tightening_2022,har,fz0_avg,203,-3.3291581356410083,0.22506840476676054
KOSPI,tightening_2022,har,qlike_ex_near_zero,203,0.33688267659353949,0.041213308972836989
KOSPI,tightening_2022,lgbm,crps,203,0.006688483470396165,0.00036703512410194751
KOSPI,tightening_2022,lgbm,log_score,203,-2.9772114008106172,0.082215929268992793
KOSPI,tightening_2022,lgbm,pinball_0p01,203,0.00048062526413662087,0.00011565880216054418
KOSPI,tightening_2022,lgbm,pinball_0p025,203,0.00086111731579715937,0.00014442394624057447
KOSPI,tightening_2022,lgbm,pinball_0p05,203,0.0013771279604430466,0.00017021375478619134
KOSPI,tightening_2022,lgbm,pinball_avg,203,0.00090629018012560879,0.00014171360056633778
KOSPI,tightening_2022,lgbm,qlike,203,0.38612092819610766,0.044149809094111252
KOSPI,tightening_2022,lgbm,fz0_0p01,203,-2.619563237361008,0.52707568847726904
KOSPI,tightening_2022,lgbm,fz0_0p025,203,-3.1304170361589296,0.31029443676325213
KOSPI,tightening_2022,lgbm,fz0_0p05,203,-3.4236168243810705,0.21608501429898119
KOSPI,tightening_2022,lgbm,fz0_avg,203,-3.0578656993003359,0.34785652669427342
KOSPI,tightening_2022,lgbm,qlike_ex_near_zero,203,0.38612092819610766,0.044149809094111252
KOSPI,tightening_2022,moirai,crps,203,0.0066901197007558835,0.0003644755989187719
KOSPI,tightening_2022,moirai,log_score,203,-2.9948265205035662,0.071477473640122746
KOSPI,tightening_2022,moirai,pinball_0p01,203,0.0004358732185167735,9.8082263002505151e-05
KOSPI,tightening_2022,moirai,pinball_0p025,203,0.00085296706485394258,0.00012696903450884641
KOSPI,tightening_2022,moirai,pinball_0p05,203,0.001377884395699198,0.00015539189717502324
KOSPI,tightening_2022,moirai,pinball_avg,203,0.00088890822635663807,0.00012450792054606325
KOSPI,tightening_2022,moirai,qlike,203,0.35025611431084119,0.040535140751498479
KOSPI,tightening_2022,moirai,fz0_0p01,203,-2.9216614943081285,0.39589797381493902
KOSPI,tightening_2022,moirai,fz0_0p025,203,-3.2396991831114024,0.24201576169530015
KOSPI,tightening_2022,moirai,fz0_0p05,203,-3.4835771943204339,0.17351528696471344
KOSPI,tightening_2022,moirai,fz0_avg,203,-3.2149792905799872,0.26633717846578825
KOSPI,tightening_2022,moirai,qlike_ex_near_zero,203,0.35025611431084119,0.040535140751498479
KOSPI,tightening_2022,naive,crps,203,0.0067025135308021472,0.00033706783478554335
KOSPI,tightening_2022,naive,log_score,203,-3.0017357528937088,0.050562553680589033
KOSPI,tightening_2022,naive,pinball_0p01,203,0.00035876128636895516,5.1818288958388363e-05
KOSPI,tightening_2022,naive,pinball_0p025,203,0.00076749134508336762,8.4691971425540139e-05
KOSPI,tightening_2022,naive,pinball_0p05,203,0.0013241814518695381,0.00011769830156294906
KOSPI,tightening_2022,naive,pinball_avg,203,0.00081681136110728716,8.2181114785633084e-05
KOSPI,tightening_2022,naive,qlike,203,0.4000650755952721,0.036945896873967196
KOSPI,tightening_2022,naive,fz0_0p01,203,-3.271411074391299,0.18333713174716471
KOSPI,tightening_2022,naive,fz0_0p025,203,-3.4281111279633474,0.13775274874961685
KOSPI,tightening_2022,naive,fz0_0p05,203,-3.5723650398344207,0.11132311617634762
KOSPI,tightening_2022,naive,fz0_avg,203,-3.423962414063022,0.14010839819115606
KOSPI,tightening_2022,naive,qlike_ex_near_zero,203,0.4000650755952721,0.036945896873967196
KOSPI,tightening_2022,patchtst,crps,203,0.0067302687981919537,0.00036092534820339814
KOSPI,tightening_2022,patchtst,log_score,203,-2.966478835194815,0.074636950811323585
KOSPI,tightening_2022,patchtst,pinball_0p01,203,0.00044622728494455812,9.714591330479638e-05
KOSPI,tightening_2022,patchtst,pinball_0p025,203,0.00085579032715058076,0.00012847200894658273
KOSPI,tightening_2022,patchtst,pinball_0p05,203,0.0013869128525816146,0.00016158503590467461
KOSPI,tightening_2022,patchtst,pinball_avg,203,0.00089631015489225125,0.00012696428899913457
KOSPI,tightening_2022,patchtst,qlike,203,0.43928379561895958,0.047103249184783876
KOSPI,tightening_2022,patchtst,fz0_0p01,203,-2.8507333303569786,0.41592420689100812
KOSPI,tightening_2022,patchtst,fz0_0p025,203,-3.2154675656448242,0.2531057634655266
KOSPI,tightening_2022,patchtst,fz0_0p05,203,-3.4640077450591793,0.18543443938518164
KOSPI,tightening_2022,patchtst,fz0_avg,203,-3.1767362136869934,0.28078507613640014
KOSPI,tightening_2022,patchtst,qlike_ex_near_zero,203,0.43928379561895958,0.047103249184783876
KOSPI,tightening_2022,timesfm,crps,203,0.0066916349038978768,0.00036268761090400175
KOSPI,tightening_2022,timesfm,log_score,203,-2.9841922603385034,0.072282132959927581
KOSPI,tightening_2022,timesfm,pinball_0p01,203,0.0004519248594888439,9.8707872853291112e-05
KOSPI,tightening_2022,timesfm,pinball_0p025,203,0.0008429870272449383,0.00012785180184978973
KOSPI,tightening_2022,timesfm,pinball_0p05,203,0.001370220064313315,0.00015750128319897856
KOSPI,tightening_2022,timesfm,pinball_avg,203,0.00088837731701569916,0.00012617188936427795
KOSPI,tightening_2022,timesfm,qlike,203,0.3635095972380088,0.04808560129467955
KOSPI,tightening_2022,timesfm,fz0_0p01,203,-2.8438040232649056,0.40236076704760482
KOSPI,tightening_2022,timesfm,fz0_0p025,203,-3.2339059441635034,0.2457280346648445
KOSPI,tightening_2022,timesfm,fz0_0p05,203,-3.4812356991300955,0.17801229575008293
KOSPI,tightening_2022,timesfm,fz0_avg,203,-3.1863152221861681,0.27228201728833545
KOSPI,tightening_2022,timesfm,qlike_ex_near_zero,203,0.3635095972380088,0.04808560129467955
KOSPI,spike_2024_08,autoarima,crps,21,0.011083339746902529,0.0065941176355754152
KOSPI,spike_2024_08,autoarima,log_score,21,-1.1922955022922348,1.9857450385993596
KOSPI,spike_2024_08,autoarima,pinball_0p01,21,0.0041058993731339852,0.0036285466643601388
KOSPI,spike_2024_08,autoarima,pinball_0p025,21,0.0047751786202927093,0.0039332288533431058
KOSPI,spike_2024_08,autoarima,pinball_0p05,21,0.0054726865287465509,0.0041380757507458593
KOSPI,spike_2024_08,autoarima,pinball_avg,21,0.0047845881740577485,0.0038977499357963057
KOSPI,spike_2024_08,autoarima,qlike,21,1.6753965628212795,1.4912710894892112
KOSPI,spike_2024_08,autoarima,fz0_0p01,21,9.6882397956405715,12.796597900745409
KOSPI,spike_2024_08,autoarima,fz0_0p025,21,2.9318200364816969,6.4719117424953181
KOSPI,spike_2024_08,autoarima,fz0_0p05,21,0.18692474107087512,3.9778436467502525
KOSPI,spike_2024_08,autoarima,fz0_avg,21,4.2689948577310481,7.7456787533567786
KOSPI,spike_2024_08,autoarima,qlike_ex_near_zero,21,1.6753965628212795,1.4912710894892112
KOSPI,spike_2024_08,autoets,crps,21,0.011259612021451046,0.0066046496415165488
KOSPI,spike_2024_08,autoets,log_score,21,-1.0196500861653708,2.0839231749123157
KOSPI,spike_2024_08,autoets,pinball_0p01,21,0.0041790253474639138,0.0036736699414827972
KOSPI,spike_2024_08,autoets,pinball_0p025,21,0.004864721567674743,0.0039632046420006988
KOSPI,spike_2024_08,autoets,pinball_0p05,21,0.005586904665497423,0.0041509384616881233
KOSPI,spike_2024_08,autoets,pinball_avg,21,0.0048768838602120269,0.0039273860940625622
KOSPI,spike_2024_08,autoets,qlike,21,1.8667076905182374,1.6374245751166454
KOSPI,spike_2024_08,autoets,fz0_0p01,21,10.295550074908956,13.290746855091053
KOSPI,spike_2024_08,autoets,fz0_0p025,21,3.249059669989633,6.6843818946741633
KOSPI,spike_2024_08,autoets,fz0_0p05,21,0.3987954585286293,4.087600794218198
KOSPI,spike_2024_08,autoets,fz0_avg,21,4.6478017344757401,8.0182319266338826
KOSPI,spike_2024_08,autoets,qlike_ex_near_zero,21,1.8667076905182374,1.6374245751166454
KOSPI,spike_2024_08,chronos,crps,21,0.010841962483909237,0.0062290997099688078
KOSPI,spike_2024_08,chronos,log_score,21,-1.0161761179027158,2.1903746205835044
KOSPI,spike_2024_08,chronos,pinball_0p01,21,0.0042785823913193705,0.0038314268800939632
KOSPI,spike_2024_08,chronos,pinball_0p025,21,0.0049195934947493811,0.0041256329693562244
KOSPI,spike_2024_08,chronos,pinball_0p05,21,0.0055923842455276648,0.0043296905143185198
KOSPI,spike_2024_08,chronos,pinball_avg,21,0.0049301867105321379,0.0040930747219167282
KOSPI,spike_2024_08,chronos,qlike,21,1.5418675700526101,1.1093934467198279
KOSPI,spike_2024_08,chronos,fz0_0p01,21,11.261682745906835,14.548988119158057
KOSPI,spike_2024_08,chronos,fz0_0p025,21,3.6233385964649227,7.3003220458295237
KOSPI,spike_2024_08,chronos,fz0_0p05,21,0.55808197390662961,4.4671316559435201
KOSPI,spike_2024_08,chronos,fz0_avg,21,5.1477011054261297,8.7693952577045735
KOSPI,spike_2024_08,chronos,qlike_ex_near_zero,21,1.5418675700526101,1.1093934467198279
KOSPI,spike_2024_08,ewma,crps,21,0.011849204448273986,0.0058876388043135938
KOSPI,spike_2024_08,ewma,log_score,21,-1.2409647271718829,1.6122820426449944
KOSPI,spike_2024_08,ewma,pinball_0p01,21,0.0042097938607744039,0.0035826289206517242
KOSPI,spike_2024_08,ewma,pinball_0p025,21,0.0050778644356400159,0.0038753573753037541
KOSPI,spike_2024_08,ewma,pinball_0p05,21,0.0060276466862758185,0.0040582059405983792
KOSPI,spike_2024_08,ewma,pinball_avg,21,0.0051051016608967444,0.0038375973788069722
KOSPI,spike_2024_08,ewma,qlike,21,1.5527979018205589,0.72310906283965326
KOSPI,spike_2024_08,ewma,fz0_0p01,21,9.0706305420028599,12.097877745736554
KOSPI,spike_2024_08,ewma,fz0_0p025,21,2.8865642009489476,6.1397016805502638
KOSPI,spike_2024_08,ewma,fz0_0p05,21,0.34957777237721099,3.769097755356793
KOSPI,spike_2024_08,ewma,fz0_avg,21,4.1022575051096721,7.3347759603244667
KOSPI,spike_2024_08,ewma,qlike_ex_near_zero,21,1.5527979018205589,0.72310906283965326
KOSPI,spike_2024_08,garch11,crps,21,0.010950514297313769,0.0060876161607235696
KOSPI,spike_2024_08,garch11,log_score,21,-1.6772015979367529,1.5136760941169201
KOSPI,spike_2024_08,garch11,pinball_0p01,21,0.0039422638983721871,0.0034508877931200893
KOSPI,spike_2024_08,garch11,pinball_0p025,21,0.0046984482234302388,0.0038016398939238784
KOSPI,spike_2024_08,garch11,pinball_0p05,21,0.0054938005865135513,0.004054833219366975
KOSPI,spike_2024_08,garch11,pinball_avg,21,0.0047115042361053246,0.003766223293128861
KOSPI,spike_2024_08,garch11,qlike,21,1.1016299783521626,0.6751362461052568
KOSPI,spike_2024_08,garch11,fz0_0p01,21,7.5867327698943523,10.917135288742042
KOSPI,spike_2024_08,garch11,fz0_0p025,21,2.0224649925162907,5.6501617574808662
KOSPI,spike_2024_08,garch11,fz0_0p05,21,-0.28937799676404646,3.5344129118619483
KOSPI,spike_2024_08,garch11,fz0_avg,21,3.1066065885488672,6.697766138368614
KOSPI,spike_2024_08,garch11,qlike_ex_near_zero,21,1.1016299783521626,0.6751362461052568
KOSPI,spike_2024_08,garch11_t,crps,21,0.011124699286421749,0.0061859547331585534
KOSPI,spike_2024_08,garch11_t,log_score,21,-2.2720253196514513,0.94729161122143501
KOSPI,spike_2024_08,garch11_t,pinball_0p01,21,0.0039779597305747332,0.0033955391721804938
KOSPI,spike_2024_08,garch11_t,pinball_0p025,21,0.0048370179085929377,0.0038158097404374139
KOSPI,spike_2024_08,garch11_t,pinball_0p05,21,0.0056736797508868319,0.004087616644101396
KOSPI,spike_2024_08,garch11_t,pinball_avg,21,0.0048295524633515004,0.0037634453743838076
KOSPI,spike_2024_08,garch11_t,qlike,21,1.3296046817416225,0.79831273341663445
KOSPI,spike_2024_08,garch11_t,fz0_0p01,21,7.209067472349985,10.142864527652391
KOSPI,spike_2024_08,garch11_t,fz0_0p025,21,2.2038599365366771,5.5546829312857948
KOSPI,spike_2024_08,garch11_t,fz0_0p05,21,-0.031780921506244925,3.5773115396151902
KOSPI,spike_2024_08,garch11_t,fz0_avg,21,3.1270488291268057,6.4214107223456915
KOSPI,spike_2024_08,garch11_t,qlike_ex_near_zero,21,1.3296046817416225,0.79831273341663445
KOSPI,spike_2024_08,gjr,crps,21,0.012176399259389938,0.0056249158119183922
KOSPI,spike_2024_08,gjr,log_score,21,-1.5624888612886345,1.202802069539
KOSPI,spike_2024_08,gjr,pinball_0p01,21,0.0039373206397438623,0.0032383431153922833
KOSPI,spike_2024_08,gjr,pinball_0p025,21,0.0049360889868529552,0.0035827449633271699
KOSPI,spike_2024_08,gjr,pinball_0p05,21,0.0060314509459851173,0.0038113788153295853
KOSPI,spike_2024_08,gjr,pinball_avg,21,0.0049682868575273119,0.0035425748833584577
KOSPI,spike_2024_08,gjr,qlike,21,1.4202802780417882,0.43108127180732314
KOSPI,spike_2024_08,gjr,fz0_0p01,21,6.5867428556013987,9.5001262017413968
KOSPI,spike_2024_08,gjr,fz0_0p025,21,1.823322708904215,4.9568309104859276
KOSPI,spike_2024_08,gjr,fz0_0p05,21,-0.19761029689613699,3.1203083495810398
KOSPI,spike_2024_08,gjr,fz0_avg,21,2.7374850892031568,5.8515247740535177
KOSPI,spike_2024_08,gjr,qlike_ex_near_zero,21,1.4202802780417882,0.43108127180732314
KOSPI,spike_2024_08,har,crps,21,0.011099328008338544,0.0065385945859352517
KOSPI,spike_2024_08,har,log_score,21,-1.0969958184943971,2.0695383037241477
KOSPI,spike_2024_08,har,pinball_0p01,21,0.0042034866448103078,0.003734831126481561
KOSPI,spike_2024_08,har,pinball_0p025,21,0.0048638434559829455,0.004025256992655022
KOSPI,spike_2024_08,har,pinball_0p05,21,0.0055561137421051947,0.0042168352132606413
KOSPI,spike_2024_08,har,pinball_avg,21,0.0048744812809661487,0.0039904603540862026
KOSPI,spike_2024_08,har,qlike,21,1.6462427021744799,1.3769783891470115
KOSPI,spike_2024_08,har,fz0_0p01,21,10.442910795263817,13.638020689698671
KOSPI,spike_2024_08,har,fz0_0p025,21,3.2837281457042118,6.86272715181072
KOSPI,spike_2024_08,har,fz0_0p05,21,0.39252818345781132,4.2010692227394619
KOSPI,spike_2024_08,har,fz0_avg,21,4.7063890414752789,8.231610958227952
KOSPI,spike_2024_08,har,qlike_ex_near_zero,21,1.6462427021744799,1.3769783891470115
KOSPI,spike_2024_08,lgbm,crps,21,0.011069524472847782,0.00680506154540829
KOSPI,spike_2024_08,lgbm,log_score,21,-0.91110741077873603,2.3384157653319804
KOSPI,spike_2024_08,lgbm,pinball_0p01,21,0.0041111142495515417,0.0036794104225233485
KOSPI,spike_2024_08,lgbm,pinball_0p025,21,0.0047083503435847562,0.003980628967441769
KOSPI,spike_2024_08,lgbm,pinball_0p05,21,0.0053169837091089087,0.0041860442672479467
KOSPI,spike_2024_08,lgbm,pinball_avg,21,0.0047121494340817355,0.0039461234091656182
KOSPI,spike_2024_08,lgbm,qlike,21,2.3339632143815137,2.2813605676406206
KOSPI,spike_2024_08,lgbm,fz0_0p01,21,10.556504011440902,13.711768125392483
KOSPI,spike_2024_08,lgbm,fz0_0p025,21,3.2193352427283668,6.8869511273756769
KOSPI,spike_2024_08,lgbm,fz0_0p05,21,0.26348136006214418,4.2168339458194763
KOSPI,spike_2024_08,lgbm,fz0_avg,21,4.6797735380771375,8.2679169627510856
KOSPI,spike_2024_08,lgbm,qlike_ex_near_zero,21,2.3339632143815137,2.2813605676406206
KOSPI,spike_2024_08,moirai,crps,21,0.01073550357446694,0.0061804763816786642
KOSPI,spike_2024_08,moirai,log_score,21,-1.5165961543762683,1.7751880113585128
KOSPI,spike_2024_08,moirai,pinball_0p01,21,0.0040846900390926659,0.0036700465276290036
KOSPI,spike_2024_08,moirai,pinball_0p025,21,0.0047497906683611592,0.0040003379392510568
KOSPI,spike_2024_08,moirai,pinball_0p05,21,0.0054408634613272071,0.0042390235533569598
KOSPI,spike_2024_08,moirai,pinball_avg,21,0.0047584480562603438,0.0039672890015730721
KOSPI,spike_2024_08,moirai,qlike,21,1.2213891037249431,0.83568501930167793
KOSPI,spike_2024_08,moirai,fz0_0p01,21,9.0300195652753938,12.662666008823297
KOSPI,spike_2024_08,moirai,fz0_0p025,21,2.5896690665355502,6.4655290516605159
KOSPI,spike_2024_08,moirai,fz0_0p05,21,-0.040413248472423745,4.0091036702730625
KOSPI,spike_2024_08,moirai,fz0_avg,21,3.8597584611128402,7.7103626484433549
KOSPI,spike_2024_08,moirai,qlike_ex_near_zero,21,1.2213891037249431,0.83568501930167793
KOSPI,spike_2024_08,naive,crps,21,0.011159921794959301,0.0067332151657894844
KOSPI,spike_2024_08,naive,log_score,21,-0.89328201490129389,2.2868410202334668
KOSPI,spike_2024_08,naive,pinball_0p01,21,0.0041211684128977417,0.0036725113383215312
KOSPI,spike_2024_08,naive,pinball_0p025,21,0.0047364301835516225,0.0039723467867866435
KOSPI,spike_2024_08,naive,pinball_0p05,21,0.0053679765668293699,0.0041751724567092993
KOSPI,spike_2024_08,naive,pinball_avg,21,0.0047418583877595778,0.0039375504306676228
KOSPI,spike_2024_08,naive,qlike,21,2.1810524993679161,2.1375147674764294
KOSPI,spike_2024_08,naive,fz0_0p01,21,10.554881315292793,13.63503770425209
KOSPI,spike_2024_08,naive,fz0_0p025,21,3.2578290799975074,6.8473944958993789
KOSPI,spike_2024_08,naive,fz0_0p05,21,0.31654763236960098,4.1905520733095925
KOSPI,spike_2024_08,naive,fz0_avg,21,4.7097526758866319,8.2204603970364101
KOSPI,spike_2024_08,naive,qlike_ex_near_zero,21,2.1810524993679161,2.1375147674764294
KOSPI,spike_2024_08,patchtst,crps,21,0.012423328389226333,0.0069309017182679596
KOSPI,spike_2024_08,patchtst,log_score,21,2.4841117086316227,5.1433160181795792
KOSPI,spike_2024_08,patchtst,pinball_0p01,21,0.004957560342379836,0.0044319960536769549
KOSPI,spike_2024_08,patchtst,pinball_0p025,21,0.0055581697055451925,0.0045736678354297965
KOSPI,spike_2024_08,patchtst,pinball_0p05,21,0.0062213542232764096,0.004616361013293417
KOSPI,spike_2024_08,patchtst,pinball_avg,21,0.0055790280904004803,0.004540354051356406
KOSPI,spike_2024_08,patchtst,qlike,21,6.1646541925892491,6.1818707000157032
KOSPI,spike_2024_08,patchtst,fz0_0p01,21,21.871145773256192,24.63581230354502
KOSPI,spike_2024_08,patchtst,fz0_0p025,21,8.5203272271473587,11.812434701997793
KOSPI,spike_2024_08,patchtst,fz0_0p05,21,3.3799994316228155,6.9535132051482984
KOSPI,spike_2024_08,patchtst,fz0_avg,21,11.257157477342124,14.466274304413252
KOSPI,spike_2024_08,patchtst,qlike_ex_near_zero,21,6.1646541925892491,6.1818707000157032
KOSPI,spike_2024_08,timesfm,crps,21,0.010862070108171669,0.0062325310640624042
KOSPI,spike_2024_08,timesfm,log_score,21,-1.0632897547845075,2.133698273939058
KOSPI,spike_2024_08,timesfm,pinball_0p01,21,0.0042324059130471516,0.0037713805129600646
KOSPI,spike_2024_08,timesfm,pinball_0p025,21,0.0048845777284451984,0.0040719816602296371
KOSPI,spike_2024_08,timesfm,pinball_0p05,21,0.005568436600388982,0.0042816617462321698
KOSPI,spike_2024_08,timesfm,pinball_avg,21,0.004895140080627111,0.0040389216080116567
KOSPI,spike_2024_08,timesfm,qlike,21,1.498285265691133,1.0866732987407774
KOSPI,spike_2024_08,timesfm,fz0_0p01,21,10.868446169665761,14.065378166924642
KOSPI,spike_2024_08,timesfm,fz0_0p025,21,3.4491980128261011,7.073802110095488
KOSPI,spike_2024_08,timesfm,fz0_0p05,21,0.46352857907457579,4.3365403613959517
KOSPI,spike_2024_08,timesfm,fz0_avg,21,4.9270575871888136,8.4886531407574406
KOSPI,spike_2024_08,timesfm,qlike_ex_near_zero,21,1.498285265691133,1.0866732987407774
KOSPI,calm,autoarima,crps,4406,0.0061679998913475387,0.0001720451040837206
KOSPI,calm,autoarima,log_score,4406,-3.1710492035038857,0.019894710311075332
KOSPI,calm,autoarima,pinball_0p01,4406,0.00039914921675474958,2.7213639149812871e-05
KOSPI,calm,autoarima,pinball_0p025,4406,0.00079803338378357357,3.6251492610550247e-05
KOSPI,calm,autoarima,pinball_0p05,4406,0.0013338175657349777,4.6165671720867835e-05
KOSPI,calm,autoarima,pinball_avg,4406,0.00084366672209110032,3.5997951997088469e-05
KOSPI,calm,autoarima,qlike,4406,0.41138850035721714,0.016088046145240117
KOSPI,calm,autoarima,fz0_0p01,4406,-3.2682439987508265,0.07823353940682623
KOSPI,calm,autoarima,fz0_0p025,4406,-3.5291992730844468,0.048159391627057527
KOSPI,calm,autoarima,fz0_0p05,4406,-3.7224484428506708,0.035685257873167668
KOSPI,calm,autoarima,fz0_avg,4406,-3.5066305715619812,0.053003419821912749
KOSPI,calm,autoarima,qlike_ex_near_zero,4406,0.41138850035721714,0.016088046145240117
KOSPI,calm,autoets,crps,4406,0.0061685830370921194,0.00017299000899917923
KOSPI,calm,autoets,log_score,4406,-3.1703764881369731,0.020043063459624678
KOSPI,calm,autoets,pinball_0p01,4406,0.00039624881336208507,2.7740771420397571e-05
KOSPI,calm,autoets,pinball_0p025,4406,0.00079573393593894968,3.6437543427160202e-05
KOSPI,calm,autoets,pinball_0p05,4406,0.0013291387614769933,4.6050496475045958e-05
KOSPI,calm,autoets,pinball_avg,4406,0.00084037383692600934,3.6186550801978357e-05
KOSPI,calm,autoets,qlike,4406,0.41448584595684912,0.016674731167078457
KOSPI,calm,autoets,fz0_0p01,4406,-3.2708902879786659,0.078343053832624035
KOSPI,calm,autoets,fz0_0p025,4406,-3.5255290047967591,0.048327508227772542
KOSPI,calm,autoets,fz0_0p05,4406,-3.720653189603699,0.035813004355376619
KOSPI,calm,autoets,fz0_avg,4406,-3.5056908274597083,0.053131933303050223
KOSPI,calm,autoets,qlike_ex_near_zero,4406,0.41448584595684912,0.016674731167078457
KOSPI,calm,chronos,crps,4406,0.0061759287704855172,0.00017156766573773419
KOSPI,calm,chronos,log_score,4406,-3.1617661823645804,0.020976375424547163
KOSPI,calm,chronos,pinball_0p01,4406,0.0004154892600072699,3.0966245031967035e-05
KOSPI,calm,chronos,pinball_0p025,4406,0.00080986215393155094,3.9608171369764453e-05
KOSPI,calm,chronos,pinball_0p05,4406,0.0013453456377927446,4.9232130338539345e-05
KOSPI,calm,chronos,pinball_avg,4406,0.00085689901724385527,3.939671052176334e-05
KOSPI,calm,chronos,qlike,4406,0.41431246122151227,0.014998857219648696
KOSPI,calm,chronos,fz0_0p01,4406,-3.2026389033400555,0.088737617535717628
KOSPI,calm,chronos,fz0_0p025,4406,-3.4987913649573383,0.053049177202428272
KOSPI,calm,chronos,fz0_0p05,4406,-3.7048284126917612,0.038677617755618766
KOSPI,calm,chronos,fz0_avg,4406,-3.4687528936630518,0.059129205330011994
KOSPI,calm,chronos,qlike_ex_near_zero,4406,0.41431246122151227,0.014998857219648696
KOSPI,calm,ewma,crps,4406,0.0062008694863443193,0.00017196771489653957
KOSPI,calm,ewma,log_score,4406,-3.1557819761523982,0.019623733450631283
KOSPI,calm,ewma,pinball_0p01,4406,0.00041816922148332856,2.7162792423264073e-05
KOSPI,calm,ewma,pinball_0p025,4406,0.00083202511718184964,3.6584460667301676e-05
KOSPI,calm,ewma,pinball_0p05,4406,0.0013747964932021503,4.7092716974367201e-05
KOSPI,calm,ewma,pinball_avg,4406,0.00087499694395577624,3.6356367682080802e-05
KOSPI,calm,ewma,qlike,4406,0.41824195048709878,0.014625438353523675
KOSPI,calm,ewma,fz0_0p01,4406,-3.1807155118056549,0.082196728589155235
KOSPI,calm,ewma,fz0_0p025,4406,-3.4567654729457793,0.050385737871498686
KOSPI,calm,ewma,fz0_0p05,4406,-3.6741513661133394,0.03713380770354853
KOSPI,calm,ewma,fz0_avg,4406,-3.4372107836215915,0.055459174525708643
KOSPI,calm,ewma,qlike_ex_near_zero,4406,0.41824195048709878,0.014625438353523675
KOSPI,calm,garch11,crps,4406,0.006205923278696986,0.00017342151496760631
KOSPI,calm,garch11,log_score,4406,-3.1527880946313829,0.020180432040368609
KOSPI,calm,garch11,pinball_0p01,4406,0.00043030921339792924,2.9653050138862319e-05
KOSPI,calm,garch11,pinball_0p025,4406,0.00084706125180844104,4.009758161859128e-05
KOSPI,calm,garch11,pinball_0p05,4406,0.0013869394309998927,5.1030019063189379e-05
KOSPI,calm,garch11,pinball_avg,4406,0.00088810329873542117,3.966016812759855e-05
KOSPI,calm,garch11,qlike,4406,0.42483949233467744,0.016894651646978658
KOSPI,calm,garch11,fz0_0p01,4406,-3.1815900487615258,0.086537726667130527
KOSPI,calm,garch11,fz0_0p025,4406,-3.4627806961221035,0.051986270064966159
KOSPI,calm,garch11,fz0_0p05,4406,-3.6768982318144956,0.037958481195446571
KOSPI,calm,garch11,fz0_avg,4406,-3.4404229922327079,0.057773583757992526
KOSPI,calm,garch11,qlike_ex_near_zero,4406,0.42483949233467744,0.016894651646978658
KOSPI,calm,garch11_t,crps,4406,0.0062001200974512094,0.00017167682249761963
KOSPI,calm,garch11_t,log_score,4406,-3.1738272495551576,0.019435234474191456
KOSPI,calm,garch11_t,pinball_0p01,4406,0.00040446289798841243,2.5520885781542325e-05
KOSPI,calm,garch11_t,pinball_0p025,4406,0.0008387247814087115,3.9856205026460293e-05
KOSPI,calm,garch11_t,pinball_0p05,4406,0.0013888152680668743,5.3116872985235456e-05
KOSPI,calm,garch11_t,pinball_avg,4406,0.00087733431582133264,3.865234366100768e-05
KOSPI,calm,garch11_t,qlike,4406,0.4237207806078418,0.015753022895782325
KOSPI,calm,garch11_t,fz0_0p01,4406,-3.3205867898910419,0.058256551595117764
KOSPI,calm,garch11_t,fz0_0p025,4406,-3.5079047949609996,0.043875685487970016
KOSPI,calm,garch11_t,fz0_0p05,4406,-3.6902175138531952,0.036006911358433924
KOSPI,calm,garch11_t,fz0_avg,4406,-3.5062363662350786,0.04479268060052078
KOSPI,calm,garch11_t,qlike_ex_near_zero,4406,0.4237207806078418,0.015753022895782325
KOSPI,calm,gjr,crps,4406,0.0061737956648562726,0.00017173822180590055
KOSPI,calm,gjr,log_score,4406,-3.1632932076647626,0.02055245778759485
KOSPI,calm,gjr,pinball_0p01,4406,0.00041220802598651178,2.7925761785049319e-05
KOSPI,calm,gjr,pinball_0p025,4406,0.00080928053211943055,3.8129298040936874e-05
KOSPI,calm,gjr,pinball_0p05,4406,0.0013542730652130524,4.9465728463630869e-05
KOSPI,calm,gjr,pinball_avg,4406,0.00085858720777299831,3.7830637474521455e-05
KOSPI,calm,gjr,qlike,4406,0.40969378611414264,0.015055254400418295
KOSPI,calm,gjr,fz0_0p01,4406,-3.2325692593418451,0.087019476888169509
KOSPI,calm,gjr,fz0_0p025,4406,-3.5176958157819533,0.052045252604649629
KOSPI,calm,gjr,fz0_0p05,4406,-3.7107834294843074,0.0378837667596848
KOSPI,calm,gjr,fz0_avg,4406,-3.4870161682027021,0.057963757060460357
KOSPI,calm,gjr,qlike_ex_near_zero,4406,0.40969378611414264,0.015055254400418295
KOSPI,calm,har,crps,4406,0.0061706120898229666,0.00017176825087702053
KOSPI,calm,har,log_score,4406,-3.1671833186136471,0.021294525591125421
KOSPI,calm,har,pinball_0p01,4406,0.00041802414079957254,3.4149278738130499e-05
KOSPI,calm,har,pinball_0p025,4406,0.00081211494781286797,4.2138091246542374e-05
KOSPI,calm,har,pinball_0p05,4406,0.001340330442520221,5.1045465936929708e-05
KOSPI,calm,har,pinball_avg,4406,0.00085682317704422058,4.1896191340472018e-05
KOSPI,calm,har,qlike,4406,0.40863065040742347,0.015051473185673169
KOSPI,calm,har,fz0_0p01,4406,-3.2234635576787669,0.091649308168504293
KOSPI,calm,har,fz0_0p025,4406,-3.5094271727932904,0.053577815054437081
KOSPI,calm,har,fz0_0p05,4406,-3.715251706730768,0.038346651899552393
KOSPI,calm,har,fz0_avg,4406,-3.482714145734275,0.060198732382888982
KOSPI,calm,har,qlike_ex_near_zero,4406,0.40863065040742347,0.015051473185673169
KOSPI,calm,lgbm,crps,4406,0.0062355878719545692,0.0001732011929655351
KOSPI,calm,lgbm,log_score,4406,-3.1389801861256847,0.02076028758441625
KOSPI,calm,lgbm,pinball_0p01,4406,0.00041324527667263979,2.8091284761676271e-05
KOSPI,calm,lgbm,pinball_0p025,4406,0.0008229362857827664,3.6443280382778338e-05
KOSPI,calm,lgbm,pinball_0p05,4406,0.0013689368425271694,4.604641238888999e-05
KOSPI,calm,lgbm,pinball_avg,4406,0.00086837280166085864,3.6259075065388421e-05
KOSPI,calm,lgbm,qlike,4406,0.48622433066817144,0.021305072292753899
KOSPI,calm,lgbm,fz0_0p01,4406,-3.1911833111276753,0.086667168921489277
KOSPI,calm,lgbm,fz0_0p025,4406,-3.4719608591068369,0.051424964877979235
KOSPI,calm,lgbm,fz0_0p05,4406,-3.6817382069256879,0.037010996953028202
KOSPI,calm,lgbm,fz0_avg,4406,-3.4482941257200661,0.05739748606177749
KOSPI,calm,lgbm,qlike_ex_near_zero,4406,0.48622433066817144,0.021305072292753899
KOSPI,calm,moirai,crps,4406,0.0061656365537401904,0.00017075532822315458
KOSPI,calm,moirai,log_score,4406,-3.1680742812696354,0.020952078914194459
KOSPI,calm,moirai,pinball_0p01,4406,0.00041011506314611346,3.1144803242024982e-05
KOSPI,calm,moirai,pinball_0p025,4406,0.0008049584800467229,3.964265895801772e-05
KOSPI,calm,moirai,pinball_0p05,4406,0.0013356772694262352,4.894951596057519e-05
KOSPI,calm,moirai,pinball_avg,4406,0.00085025027087302387,3.9361672366983417e-05
KOSPI,calm,moirai,qlike,4406,0.40206740103651062,0.014252385050381287
KOSPI,calm,moirai,fz0_0p01,4406,-3.2297296866778256,0.088133048647491288
KOSPI,calm,moirai,fz0_0p025,4406,-3.5112012820752834,0.052596792778840322
KOSPI,calm,moirai,fz0_0p05,4406,-3.7160522246873233,0.038174929497369635
KOSPI,calm,moirai,fz0_avg,4406,-3.4856610644801442,0.058587762296123419
KOSPI,calm,moirai,qlike_ex_near_zero,4406,0.40206740103651062,0.014252385050381287
KOSPI,calm,naive,crps,4406,0.006400027936888323,0.00018062781880200533
KOSPI,calm,naive,log_score,4406,-3.0420175569454839,0.030514410697904278
KOSPI,calm,naive,pinball_0p01,4406,0.00054127121904267621,4.9400254017100832e-05
KOSPI,calm,naive,pinball_0p025,4406,0.00097611781290719369,5.8435264048231026e-05
KOSPI,calm,naive,pinball_0p05,4406,0.0015320603440085333,6.7097292530433482e-05
KOSPI,calm,naive,pinball_avg,4406,0.001016483125319468,5.7933793336307945e-05
KOSPI,calm,naive,qlike,4406,0.65486275369125069,0.033949354931769309
KOSPI,calm,naive,fz0_0p01,4406,-2.8507033998453544,0.13672507764385158
KOSPI,calm,naive,fz0_0p025,4406,-3.2667158955111373,0.075204067468391908
KOSPI,calm,naive,fz0_0p05,4406,-3.5392138776587285,0.050597970879305919
KOSPI,calm,naive,fz0_avg,4406,-3.2188777243384066,0.086781997029256985
KOSPI,calm,naive,qlike_ex_near_zero,4406,0.65486275369125069,0.033949354931769309
KOSPI,calm,patchtst,crps,4406,0.0062556229888078496,0.00017673515868237469
KOSPI,calm,patchtst,log_score,4406,-3.0972542430329519,0.026208774109016373
KOSPI,calm,patchtst,pinball_0p01,4406,0.00047303300514593298,3.3097827109303233e-05
KOSPI,calm,patchtst,pinball_0p025,4406,0.00088158360308348465,4.2332749222769139e-05
KOSPI,calm,patchtst,pinball_0p05,4406,0.0014143407458629277,5.2587594723371851e-05
KOSPI,calm,patchtst,pinball_avg,4406,0.00092298578469744838,4.2141143937441842e-05
KOSPI,calm,patchtst,qlike,4406,0.58228566322318787,0.050436717339665912
KOSPI,calm,patchtst,fz0_0p01,4406,-2.8826473188918613,0.12726638888237632
KOSPI,calm,patchtst,fz0_0p025,4406,-3.3170462852341873,0.072737909499726
KOSPI,calm,patchtst,fz0_0p05,4406,-3.5973406068437113,0.050406259402849159
KOSPI,calm,patchtst,fz0_avg,4406,-3.2656780703232529,0.082675796558425718
KOSPI,calm,patchtst,qlike_ex_near_zero,4406,0.58228566322318787,0.050436717339665912
KOSPI,calm,timesfm,crps,4406,0.0061776108316867169,0.00017130135590692495
KOSPI,calm,timesfm,log_score,4406,-3.1634926286247937,0.020893849322329603
KOSPI,calm,timesfm,pinball_0p01,4406,0.00041815488065634012,3.2558470271301822e-05
KOSPI,calm,timesfm,pinball_0p025,4406,0.00081365142885804411,4.1080031207534007e-05
KOSPI,calm,timesfm,pinball_0p05,4406,0.0013481719111415021,5.0526696367434491e-05
KOSPI,calm,timesfm,pinball_avg,4406,0.00085999274021862865,4.0841677091970196e-05
KOSPI,calm,timesfm,qlike,4406,0.41701262198102151,0.014628934526044949
KOSPI,calm,timesfm,fz0_0p01,4406,-3.2112721324953664,0.089177211015589494
KOSPI,calm,timesfm,fz0_0p025,4406,-3.5033243368931299,0.052821104252629453
KOSPI,calm,timesfm,fz0_0p05,4406,-3.7076420291903904,0.038263482149539424
KOSPI,calm,timesfm,fz0_avg,4406,-3.474079499526296,0.05910724882986345
KOSPI,calm,timesfm,qlike_ex_near_zero,4406,0.41701262198102151,0.014628934526044949
KOSPI,gfc_wide,autoarima,crps,494,0.011279686263396508,0.00056074916297973109
KOSPI,gfc_wide,autoarima,log_score,494,-2.5382992056674412,0.043642190398327944
KOSPI,gfc_wide,autoarima,pinball_0p01,494,0.00067821814159065269,6.8174882253927251e-05
KOSPI,gfc_wide,autoarima,pinball_0p025,494,0.0014018620357635326,0.00011145631014933452
KOSPI,gfc_wide,autoarima,pinball_0p05,494,0.0023461939232402528,0.00016019883351515272
KOSPI,gfc_wide,autoarima,pinball_avg,494,0.0014754247001981461,0.00011057901160347853
KOSPI,gfc_wide,autoarima,qlike,494,0.42198288710735243,0.043903080159818163
KOSPI,gfc_wide,autoarima,fz0_0p01,494,-2.6903255299642779,0.14384663027292813
KOSPI,gfc_wide,autoarima,fz0_0p025,494,-2.921321021934927,0.10200034438996843
KOSPI,gfc_wide,autoarima,fz0_0p05,494,-3.1139328839260845,0.080047991614450045
KOSPI,gfc_wide,autoarima,fz0_avg,494,-2.9085264786084299,0.10687601760089371
KOSPI,gfc_wide,autoarima,qlike_ex_near_zero,494,0.42198288710735243,0.043903080159818163
KOSPI,gfc_wide,autoets,crps,494,0.011282449003548056,0.00056192716930688084
KOSPI,gfc_wide,autoets,log_score,494,-2.5376224964783822,0.043823752677530282
KOSPI,gfc_wide,autoets,pinball_0p01,494,0.00068622377252591977,7.0762943277358469e-05
KOSPI,gfc_wide,autoets,pinball_0p025,494,0.0014148539342151985,0.00011528260209316696
KOSPI,gfc_wide,autoets,pinball_0p05,494,0.00235428942011241,0.0001633034506854148
KOSPI,gfc_wide,autoets,pinball_avg,494,0.0014851223756178428,0.00011387695876275775
KOSPI,gfc_wide,autoets,qlike,494,0.42300935227390285,0.043912648420044706
KOSPI,gfc_wide,autoets,fz0_0p01,494,-2.6800752431794077,0.14616911989000267
KOSPI,gfc_wide,autoets,fz0_0p025,494,-2.9135049902015444,0.10371993520487591
KOSPI,gfc_wide,autoets,fz0_0p05,494,-3.109979847625699,0.081106672165573893
KOSPI,gfc_wide,autoets,fz0_avg,494,-2.9011866936688837,0.10859058130233666
KOSPI,gfc_wide,autoets,qlike_ex_near_zero,494,0.42300935227390285,0.043912648420044706
KOSPI,gfc_wide,chronos,crps,494,0.011249715555384713,0.00057975982665696923
KOSPI,gfc_wide,chronos,log_score,494,-2.5220428769847949,0.051396510190297798
KOSPI,gfc_wide,chronos,pinball_0p01,494,0.00078475200018824796,0.0001146968626220039
KOSPI,gfc_wide,chronos,pinball_0p025,494,0.001494339365138476,0.00015797060063932908
KOSPI,gfc_wide,chronos,pinball_0p05,494,0.0024873741612731607,0.00020924375060285682
KOSPI,gfc_wide,chronos,pinball_avg,494,0.0015888218421999617,0.00015741347626883456
KOSPI,gfc_wide,chronos,qlike,494,0.45141147882508675,0.049872187639074875
KOSPI,gfc_wide,chronos,fz0_0p01,494,-2.4661508450008989,0.24288011556757222
KOSPI,gfc_wide,chronos,fz0_0p025,494,-2.8144529894632697,0.15047808323265929
KOSPI,gfc_wide,chronos,fz0_0p05,494,-3.0230359263066449,0.10993236294326784
KOSPI,gfc_wide,chronos,fz0_avg,494,-2.7678799202569375,0.16537179758906001
KOSPI,gfc_wide,chronos,qlike_ex_near_zero,494,0.45141147882508675,0.049872187639074875
KOSPI,gfc_wide,ewma,crps,494,0.011332270785321646,0.00058027498326179879
KOSPI,gfc_wide,ewma,log_score,494,-2.5112994836160962,0.048532929038630782
KOSPI,gfc_wide,ewma,pinball_0p01,494,0.00077171736906951767,0.00010570724608335296
KOSPI,gfc_wide,ewma,pinball_0p025,494,0.0015277375925662768,0.000155047928868585
KOSPI,gfc_wide,ewma,pinball_0p05,494,0.0025286057348799054,0.00020815095170200186
KOSPI,gfc_wide,ewma,pinball_avg,494,0.0016093535655052331,0.00015358748456883938
KOSPI,gfc_wide,ewma,qlike,494,0.43171464861293857,0.040232719124115468
KOSPI,gfc_wide,ewma,fz0_0p01,494,-2.5292864210067911,0.2064215020878819
KOSPI,gfc_wide,ewma,fz0_0p025,494,-2.7962528479536748,0.13602829558278953
KOSPI,gfc_wide,ewma,fz0_0p05,494,-2.9963875932415975,0.1047145176531981
KOSPI,gfc_wide,ewma,fz0_avg,494,-2.7739756207340212,0.14635052016467062
KOSPI,gfc_wide,ewma,qlike_ex_near_zero,494,0.43171464861293857,0.040232719124115468
KOSPI,gfc_wide,garch11,crps,494,0.011320445432572334,0.0005786207600377097
KOSPI,gfc_wide,garch11,log_score,494,-2.5144141961421997,0.048685371006065029
KOSPI,gfc_wide,garch11,pinball_0p01,494,0.00074672708379299379,9.6326556575441048e-05
KOSPI,gfc_wide,garch11,pinball_0p025,494,0.0015092200568809719,0.00014260585361925397
KOSPI,gfc_wide,garch11,pinball_0p05,494,0.0025306803074894419,0.00019575359035655735
KOSPI,gfc_wide,garch11,pinball_avg,494,0.0015955424827211358,0.00014152754988524822
KOSPI,gfc_wide,garch11,qlike,494,0.41310485582853285,0.039511519454585371
KOSPI,gfc_wide,garch11,fz0_0p01,494,-2.5481896417725496,0.2056309759553063
KOSPI,gfc_wide,garch11,fz0_0p025,494,-2.7969876168822791,0.13632818890046286
KOSPI,gfc_wide,garch11,fz0_0p05,494,-2.9873655749732615,0.10548755125665434
KOSPI,gfc_wide,garch11,fz0_avg,494,-2.7775142778760302,0.14609648710635911
KOSPI,gfc_wide,garch11,qlike_ex_near_zero,494,0.41310485582853285,0.039511519454585371
KOSPI,gfc_wide,garch11_t,crps,494,0.011303664885209086,0.00058633023552769449
KOSPI,gfc_wide,garch11_t,log_score,494,-2.5242617780322347,0.047135786283809461
KOSPI,gfc_wide,garch11_t,pinball_0p01,494,0.00070880118780184309,8.0928546279541861e-05
KOSPI,gfc_wide,garch11_t,pinball_0p025,494,0.001502694893737276,0.00013996993597993387
KOSPI,gfc_wide,garch11_t,pinball_0p05,494,0.0025400424390705032,0.00020475841723748925
KOSPI,gfc_wide,garch11_t,pinball_avg,494,0.0015838461735365409,0.0001369646359031566
KOSPI,gfc_wide,garch11_t,qlike,494,0.41724078906187179,0.039820665802107635
KOSPI,gfc_wide,garch11_t,fz0_0p01,494,-2.658554559415077,0.15472939438722155
KOSPI,gfc_wide,garch11_t,fz0_0p025,494,-2.830816764731535,0.12174221838499999
KOSPI,gfc_wide,garch11_t,fz0_0p05,494,-2.9960326745335153,0.10291663177509859
KOSPI,gfc_wide,garch11_t,fz0_avg,494,-2.8284679995600426,0.12270166628521527
KOSPI,gfc_wide,garch11_t,qlike_ex_near_zero,494,0.41724078906187179,0.039820665802107635
KOSPI,gfc_wide,gjr,crps,494,0.011223620704405343,0.00057927128959899769
KOSPI,gfc_wide,gjr,log_score,494,-2.5301629577225762,0.05232516254960301
KOSPI,gfc_wide,gjr,pinball_0p01,494,0.00074539905240500828,0.00010554696866500455
KOSPI,gfc_wide,gjr,pinball_0p025,494,0.0014482432495283174,0.0001480623204140694
KOSPI,gfc_wide,gjr,pinball_0p05,494,0.0024662295773881138,0.00019320844065647431
KOSPI,gfc_wide,gjr,pinball_avg,494,0.0015532906264404797,0.00014605959668914919
KOSPI,gfc_wide,gjr,qlike,494,0.41638716266665882,0.051153187835279314
KOSPI,gfc_wide,gjr,fz0_0p01,494,-2.5063553197750839,0.23611202795061956
KOSPI,gfc_wide,gjr,fz0_0p025,494,-2.8218509298222765,0.15429929004109991
KOSPI,gfc_wide,gjr,fz0_0p05,494,-3.0080596878162402,0.11598922586149844
KOSPI,gfc_wide,gjr,fz0_avg,494,-2.7787553124712003,0.16587221444464068
KOSPI,gfc_wide,gjr,qlike_ex_near_zero,494,0.41638716266665882,0.051153187835279314
KOSPI,gfc_wide,har,crps,494,0.011229159884809835,0.00057373656017756355
KOSPI,gfc_wide,har,log_score,494,-2.5406242990576446,0.047705081210709273
KOSPI,gfc_wide,har,pinball_0p01,494,0.00072356554646785319,9.5576346155667899e-05
KOSPI,gfc_wide,har,pinball_0p025,494,0.0014074432730169855,0.00014015513374507273
KOSPI,gfc_wide,har,pinball_0p05,494,0.0023355534583744788,0.00018880222903791869
KOSPI,gfc_wide,har,pinball_avg,494,0.0014888540926197725,0.00013930643299671206
KOSPI,gfc_wide,har,qlike,494,0.41547223004837169,0.039705884529817964
KOSPI,gfc_wide,har,fz0_0p01,494,-2.6232292220812488,0.19668340726673331
KOSPI,gfc_wide,har,fz0_0p025,494,-2.9212996817953569,0.12627937086502508
KOSPI,gfc_wide,har,fz0_0p05,494,-3.1187860268644552,0.094193897355421344
KOSPI,gfc_wide,har,fz0_avg,494,-2.8877716435803529,0.13712921405052425
KOSPI,gfc_wide,har,qlike_ex_near_zero,494,0.41547223004837169,0.039705884529817964
KOSPI,gfc_wide,lgbm,crps,494,0.011508003409552135,0.00058275410809974226
KOSPI,gfc_wide,lgbm,log_score,494,-2.4838936794092259,0.051071290550853014
KOSPI,gfc_wide,lgbm,pinball_0p01,494,0.0007720222481760622,0.00012004929221161088
KOSPI,gfc_wide,lgbm,pinball_0p025,494,0.0015701774326300154,0.00016808319532036684
KOSPI,gfc_wide,lgbm,pinball_0p05,494,0.002621079352690057,0.00022821045669953519
KOSPI,gfc_wide,lgbm,pinball_avg,494,0.0016544263444987113,0.0001678484930941893
KOSPI,gfc_wide,lgbm,qlike,494,0.51969003581387985,0.03726434661715692
KOSPI,gfc_wide,lgbm,fz0_0p01,494,-2.581020529544189,0.21905343271330696
KOSPI,gfc_wide,lgbm,fz0_0p025,494,-2.8152207553043476,0.13825258758766484
KOSPI,gfc_wide,lgbm,fz0_0p05,494,-3.007524656548739,0.10655503837380853
KOSPI,gfc_wide,lgbm,fz0_avg,494,-2.8012553137990919,0.15160664835991147
KOSPI,gfc_wide,lgbm,qlike_ex_near_zero,494,0.51969003581387985,0.03726434661715692
KOSPI,gfc_wide,moirai,crps,494,0.011261611643492823,0.00058548984249924725
KOSPI,gfc_wide,moirai,log_score,494,-2.5206936879549153,0.05186258004497598
KOSPI,gfc_wide,moirai,pinball_0p01,494,0.00078413155557708497,0.0001161100449123711
KOSPI,gfc_wide,moirai,pinball_0p025,494,0.0015163225076661613,0.00016162618510810189
KOSPI,gfc_wide,moirai,pinball_0p05,494,0.0025146430582978956,0.0002155562766209714
KOSPI,gfc_wide,moirai,pinball_avg,494,0.0016050323738470472,0.00016109347853980596
KOSPI,gfc_wide,moirai,qlike,494,0.43408058086332646,0.04484265732122892
KOSPI,gfc_wide,moirai,fz0_0p01,494,-2.4729003489953327,0.24133076454601329
KOSPI,gfc_wide,moirai,fz0_0p025,494,-2.8053671789267338,0.15071834918721772
KOSPI,gfc_wide,moirai,fz0_0p05,494,-3.0154715210014706,0.11103585816825992
KOSPI,gfc_wide,moirai,fz0_avg,494,-2.7645796829745124,0.16507278647008769
KOSPI,gfc_wide,moirai,qlike_ex_near_zero,494,0.43408058086332646,0.04484265732122892
KOSPI,gfc_wide,naive,crps,494,0.011583059938866521,0.00066741527342579804
KOSPI,gfc_wide,naive,log_score,494,-2.2470438271676856,0.12198716696569549
KOSPI,gfc_wide,naive,pinball_0p01,494,0.0013597036688116515,0.00031972191561998556
KOSPI,gfc_wide,naive,pinball_0p025,494,0.0020803574411856307,0.00035892777592514915
KOSPI,gfc_wide,naive,pinball_0p05,494,0.0029810120132918731,0.00038816396061057477
KOSPI,gfc_wide,naive,pinball_avg,494,0.0021403577077630511,0.0003545863416977074
KOSPI,gfc_wide,naive,qlike,494,0.99141418837381312,0.19693093809877846
KOSPI,gfc_wide,naive,fz0_0p01,494,-0.76235374747267082,0.79446878134331689
KOSPI,gfc_wide,naive,fz0_0p025,494,-1.9364986091704441,0.41892812674686997
KOSPI,gfc_wide,naive,fz0_0p05,494,-2.5193829658799949,0.26708951418362847
KOSPI,gfc_wide,naive,fz0_avg,494,-1.7394117741743702,0.49223319663176157
KOSPI,gfc_wide,naive,qlike_ex_near_zero,494,0.99141418837381312,0.19693093809877846
KOSPI,gfc_wide,patchtst,crps,494,0.011453161885354146,0.00059196580845215761
KOSPI,gfc_wide,patchtst,log_score,494,-2.4160595031628205,0.068131091998006349
KOSPI,gfc_wide,patchtst,pinball_0p01,494,0.00087592172638650823,0.00014742382718741805
KOSPI,gfc_wide,patchtst,pinball_0p025,494,0.0015858263190922407,0.00018757660231613656
KOSPI,gfc_wide,patchtst,pinball_0p05,494,0.0025865965595583814,0.00023668286291212757
KOSPI,gfc_wide,patchtst,pinball_avg,494,0.0016827815350123768,0.00018684785194251016
KOSPI,gfc_wide,patchtst,qlike,494,0.62467217689558152,0.089026272911282331
KOSPI,gfc_wide,patchtst,fz0_0p01,494,-2.0809423868211483,0.38460492039853633
KOSPI,gfc_wide,patchtst,fz0_0p025,494,-2.6217881629004571,0.21036918969095936
KOSPI,gfc_wide,patchtst,fz0_0p05,494,-2.8981244539882378,0.1428909241880377
KOSPI,gfc_wide,patchtst,fz0_avg,494,-2.5336183345699479,0.24393793518974205
KOSPI,gfc_wide,patchtst,qlike_ex_near_zero,494,0.62467217689558152,0.089026272911282331
KOSPI,gfc_wide,timesfm,crps,494,0.011248801453151807,0.00058785593809956328
KOSPI,gfc_wide,timesfm,log_score,494,-2.5191873287504545,0.053969722033397907
KOSPI,gfc_wide,timesfm,pinball_0p01,494,0.00082142333230556799,0.00012531295219570107
KOSPI,gfc_wide,timesfm,pinball_0p025,494,0.0015151235889855233,0.00017335941031989218
KOSPI,gfc_wide,timesfm,pinball_0p05,494,0.0025069306473856903,0.0002248469363783158
KOSPI,gfc_wide,timesfm,pinball_avg,494,0.0016144925228922604,0.00017148549854776918
KOSPI,gfc_wide,timesfm,qlike,494,0.45507293305640234,0.05377636212206597
KOSPI,gfc_wide,timesfm,fz0_0p01,494,-2.3643533824448215,0.26874003560357784
KOSPI,gfc_wide,timesfm,fz0_0p025,494,-2.782886347211937,0.16444910892583317
KOSPI,gfc_wide,timesfm,fz0_0p05,494,-3.0085804525753197,0.11825480595642653
KOSPI,gfc_wide,timesfm,fz0_avg,494,-2.7186067274106929,0.18164624555199485
KOSPI,gfc_wide,timesfm,qlike_ex_near_zero,494,0.45507293305640234,0.05377636212206597
NDX,gfc,autoarima,crps,146,0.018907489575983889,0.0014228028314439919
NDX,gfc,autoarima,log_score,146,-1.947166466632114,0.11800690955311446
NDX,gfc,autoarima,pinball_0p01,146,0.0011710526757484358,0.00041582097467172198
NDX,gfc,autoarima,pinball_0p025,146,0.0022759752413006205,0.00048396376271916822
NDX,gfc,autoarima,pinball_0p05,146,0.0037939983226591531,0.00055894197743770833
NDX,gfc,autoarima,pinball_avg,146,0.0024136754132360696,0.00047710751925616161
NDX,gfc,autoarima,qlike,146,0.38793108927480591,0.049082586392945375
NDX,gfc,autoarima,fz0_0p01,146,-1.8483139551322485,0.73532940799916913
NDX,gfc,autoarima,fz0_0p025,146,-2.2266596572240061,0.38572794566322394
NDX,gfc,autoarima,fz0_0p05,146,-2.4436690777732277,0.25015302074609652
NDX,gfc,autoarima,fz0_avg,146,-2.1728808967098274,0.45192481463523532
NDX,gfc,autoarima,qlike_ex_near_zero,146,0.38793108927480591,0.049082586392945375
NDX,gfc,autoets,crps,146,0.01886264142746346,0.0013984995088294223
NDX,gfc,autoets,log_score,146,-1.9721645869128905,0.10340565622802989
NDX,gfc,autoets,pinball_0p01,146,0.0011194462945852176,0.00038180897993918549
NDX,gfc,autoets,pinball_0p025,146,0.0021594788808595635,0.00045140112482640771
NDX,gfc,autoets,pinball_0p05,146,0.0036955016006080289,0.00052812236949614203
NDX,gfc,autoets,pinball_avg,146,0.0023248089253509363,0.00044547203452096327
NDX,gfc,autoets,qlike,146,0.37049345809011985,0.047130322090948001
NDX,gfc,autoets,fz0_0p01,146,-1.9970172085091276,0.61619181903306208
NDX,gfc,autoets,fz0_0p025,146,-2.3272081720485889,0.33204990296369186
NDX,gfc,autoets,fz0_0p05,146,-2.5047320888879567,0.22036461444365579
NDX,gfc,autoets,fz0_avg,146,-2.276319156481891,0.38445187740407405
NDX,gfc,autoets,qlike_ex_near_zero,146,0.37049345809011985,0.047130322090948001
NDX,gfc,chronos,crps,146,0.018978631956655501,0.0014460397024717193
NDX,gfc,chronos,log_score,146,-1.9125107840943201,0.12091759627557069
NDX,gfc,chronos,pinball_0p01,146,0.0013905320190472335,0.00043603230703370037
NDX,gfc,chronos,pinball_0p025,146,0.0025294763084393644,0.00052047161984071803
NDX,gfc,chronos,pinball_0p05,146,0.0039460627821065082,0.00060064534656382909
NDX,gfc,chronos,pinball_avg,146,0.0026220237031977026,0.00051237084218157519
NDX,gfc,chronos,qlike,146,0.44554608295953596,0.063385495214798124
NDX,gfc,chronos,fz0_0p01,146,-1.4490019311727678,0.74899211656846454
NDX,gfc,chronos,fz0_0p025,146,-1.95819189324575,0.414672432249379
NDX,gfc,chronos,fz0_0p05,146,-2.3082858141803877,0.27552183375598499
NDX,gfc,chronos,fz0_avg,146,-1.9051598795329683,0.47377290015711992
NDX,gfc,chronos,qlike_ex_near_zero,146,0.44554608295953596,0.063385495214798124
NDX,gfc,ewma,crps,146,0.018960288211141835,0.0013729365198132972
NDX,gfc,ewma,log_score,146,-1.9221758542717691,0.10467297453417149
NDX,gfc,ewma,pinball_0p01,146,0.0012399594347381967,0.00040454088344091005
NDX,gfc,ewma,pinball_0p025,146,0.0022395418412644772,0.00046223912279039138
NDX,gfc,ewma,pinball_0p05,146,0.0037212577558387605,0.00052838055765648258
NDX,gfc,ewma,pinball_avg,146,0.0024002530106138112,0.00045883490742495514
NDX,gfc,ewma,qlike,146,0.42632679366946502,0.05171513701099513
NDX,gfc,ewma,fz0_0p01,146,-1.6995706539409727,0.69509420374886877
NDX,gfc,ewma,fz0_0p025,146,-2.1780057418313992,0.36891519505356424
NDX,gfc,ewma,fz0_0p05,146,-2.4302277819324409,0.23798287847727875
NDX,gfc,ewma,fz0_avg,146,-2.1026013925682712,0.43078399980516296
NDX,gfc,ewma,qlike_ex_near_zero,146,0.42632679366946502,0.05171513701099513
NDX,gfc,garch11,crps,146,0.018973536282300672,0.0013808742734532605
NDX,gfc,garch11,log_score,146,-1.897916552944432,0.12282433110366058
NDX,gfc,garch11,pinball_0p01,146,0.0012786081675783677,0.00044543181911298028
NDX,gfc,garch11,pinball_0p025,146,0.0023171009219603782,0.00049703862976626355
NDX,gfc,garch11,pinball_0p05,146,0.0038137263544445327,0.00055552620800786926
NDX,gfc,garch11,pinball_avg,146,0.0024698118146610935,0.00049249604879658172
NDX,gfc,garch11,qlike,146,0.41945638652339906,0.06168882406913051
NDX,gfc,garch11,fz0_0p01,146,-1.5346924244668789,0.85524695731609768
NDX,gfc,garch11,fz0_0p025,146,-2.0651483817250735,0.44032116474353661
NDX,gfc,garch11,fz0_0p05,146,-2.3533810285863925,0.27735472555515844
NDX,gfc,garch11,fz0_avg,146,-1.9844072782594482,0.5205783431987614
NDX,gfc,garch11,qlike_ex_near_zero,146,0.41945638652339906,0.06168882406913051
NDX,gfc,garch11_t,crps,146,0.018997959875014792,0.0014086263309189063
NDX,gfc,garch11_t,log_score,146,-1.9455033842672529,0.089520274455843776
NDX,gfc,garch11_t,pinball_0p01,146,0.0012721017186002798,0.00041166099731720701
NDX,gfc,garch11_t,pinball_0p025,146,0.0022991369450632271,0.00048030961466410412
NDX,gfc,garch11_t,pinball_0p05,146,0.003823159039176096,0.00055392456088349201
NDX,gfc,garch11_t,pinball_avg,146,0.0024647992342798678,0.00047424688365587845
NDX,gfc,garch11_t,qlike,146,0.42035017844848105,0.057674330960960953
NDX,gfc,garch11_t,fz0_0p01,146,-1.7042567479482282,0.68207020516328742
NDX,gfc,garch11_t,fz0_0p025,146,-2.1470866869232843,0.3831474234498517
NDX,gfc,garch11_t,fz0_0p05,146,-2.3814735888960272,0.25545674699030274
NDX,gfc,garch11_t,fz0_avg,146,-2.0776056745891798,0.43650018284073183
NDX,gfc,garch11_t,qlike_ex_near_zero,146,0.42035017844848105,0.057674330960960953
NDX,gfc,gjr,crps,146,0.018845799285874182,0.0013668592494209503
NDX,gfc,gjr,log_score,146,-1.9448494825395177,0.10276054175313926
NDX,gfc,gjr,pinball_0p01,146,0.001204827962586814,0.00040686091699843892
NDX,gfc,gjr,pinball_0p025,146,0.0023102473598489454,0.00046925080666911214
NDX,gfc,gjr,pinball_0p05,146,0.0038430523162330333,0.00054805766183626528
NDX,gfc,gjr,pinball_avg,146,0.0024527092128895974,0.00046660989664787681
NDX,gfc,gjr,qlike,146,0.34422244093379017,0.047873542387381444
NDX,gfc,gjr,fz0_0p01,146,-1.7856341522245274,0.69577115101347431
NDX,gfc,gjr,fz0_0p025,146,-2.1625561897478729,0.37065479277266888
NDX,gfc,gjr,fz0_0p05,146,-2.4028075418497767,0.24429857651531647
NDX,gfc,gjr,fz0_avg,146,-2.1169992946073926,0.43202958323687152
NDX,gfc,gjr,qlike_ex_near_zero,146,0.34422244093379017,0.047873542387381444
NDX,gfc,har,crps,146,0.018959440699734223,0.0014432161215541201
NDX,gfc,har,log_score,146,-1.9260192446026199,0.12504372002005962
NDX,gfc,har,pinball_0p01,146,0.0012034818736199053,0.00042631196423649763
NDX,gfc,har,pinball_0p025,146,0.0023470770562018456,0.00049962258031107916
NDX,gfc,har,pinball_0p05,146,0.0038226828344905487,0.00057884212178121205
NDX,gfc,har,pinball_avg,146,0.0024577472547707663,0.00049251175561745408
NDX,gfc,har,qlike,146,0.39122513996769614,0.052005803127462107
NDX,gfc,har,fz0_0p01,146,-1.7711562786086992,0.76571442006682711
NDX,gfc,har,fz0_0p025,146,-2.1410324559754188,0.40538044609339968
NDX,gfc,har,fz0_0p05,146,-2.4035903570704038,0.26504537286040214
NDX,gfc,har,fz0_avg,146,-2.1052596972181741,0.47253040014275272
NDX,gfc,har,qlike_ex_near_zero,146,0.39122513996769614,0.052005803127462107
NDX,gfc,lgbm,crps,146,0.019663032136835092,0.0014621542856139897
NDX,gfc,lgbm,log_score,146,-1.7093071583974015,0.16861566621729604
NDX,gfc,lgbm,pinball_0p01,146,0.0015812565459257018,0.00049072176000415299
NDX,gfc,lgbm,pinball_0p025,146,0.0027396535215095936,0.00055470658730293748
NDX,gfc,lgbm,pinball_0p05,146,0.0043609276153603353,0.00063225843676049357
NDX,gfc,lgbm,pinball_avg,146,0.0028939458942652098,0.0005545650274533081
NDX,gfc,lgbm,qlike,146,0.89343285919637949,0.13287789918746359
NDX,gfc,lgbm,fz0_0p01,146,-1.153459208077726,0.90298682082889181
NDX,gfc,lgbm,fz0_0p025,146,-1.8507611751808284,0.4696502200594424
NDX,gfc,lgbm,fz0_0p05,146,-2.1752402990928412,0.30550460975475768
NDX,gfc,lgbm,fz0_avg,146,-1.7264868941171314,0.55613251472864877
NDX,gfc,lgbm,qlike_ex_near_zero,146,0.89343285919637949,0.13287789918746359
NDX,gfc,moirai,crps,146,0.019026945958093254,0.0014764105379493472
NDX,gfc,moirai,log_score,146,-1.8949998610809133,0.12750042988342439
NDX,gfc,moirai,pinball_0p01,146,0.0014666675508849282,0.00046540703541291065
NDX,gfc,moirai,pinball_0p025,146,0.0025973686139277694,0.00055444841254722829
NDX,gfc,moirai,pinball_0p05,146,0.0040064344774076626,0.00063486194790405345
NDX,gfc,moirai,pinball_avg,146,0.0026901568807401201,0.00054527267575414943
NDX,gfc,moirai,qlike,146,0.44978811810594677,0.067975108772563533
NDX,gfc,moirai,fz0_0p01,146,-1.3205342048170043,0.80329871832611632
NDX,gfc,moirai,fz0_0p025,146,-1.9036984800991859,0.44153644839623979
NDX,gfc,moirai,fz0_0p05,146,-2.2702569761605229,0.29168692124984058
NDX,gfc,moirai,fz0_avg,146,-1.8314965536922376,0.50648377517835508
NDX,gfc,moirai,qlike_ex_near_zero,146,0.44978811810594677,0.067975108772563533
NDX,gfc,naive,crps,146,0.020145392691508026,0.0017267994535942418
NDX,gfc,naive,log_score,146,-1.0556613607779264,0.3783442415911546
NDX,gfc,naive,pinball_0p01,146,0.0028466367443831706,0.00075152333047142717
NDX,gfc,naive,pinball_0p025,146,0.0040940859347601121,0.00085709182960999792
NDX,gfc,naive,pinball_0p05,146,0.0055367671115253659,0.00093747256819327212
NDX,gfc,naive,pinball_avg,146,0.0041591632635562164,0.00084420105569567858
NDX,gfc,naive,qlike,146,1.5536569255139481,0.376989444465617
NDX,gfc,naive,fz0_0p01,146,2.6760861922620829,1.898814941590383
NDX,gfc,naive,fz0_0p025,146,0.19052583995309763,0.98897104847508033
NDX,gfc,naive,fz0_0p05,146,-0.9792605376245006,0.62288736193523897
NDX,gfc,naive,fz0_avg,146,0.62911716486356006,1.1651374283071201
NDX,gfc,naive,qlike_ex_near_zero,146,1.5536569255139481,0.376989444465617
NDX,gfc,patchtst,crps,146,0.019428766655739168,0.0015636193288167358
NDX,gfc,patchtst,log_score,146,-1.6045172681489057,0.23336443302147483
NDX,gfc,patchtst,pinball_0p01,146,0.0017972047417903264,0.00056304941641095231
NDX,gfc,patchtst,pinball_0p025,146,0.0030441688120832135,0.00065925363267727586
NDX,gfc,patchtst,pinball_0p05,146,0.004538246312418291,0.00074798444376563517
NDX,gfc,patchtst,pinball_avg,146,0.0031265399554306103,0.00065087563423675695
NDX,gfc,patchtst,qlike,146,0.91352411962004365,0.22342550468981298
NDX,gfc,patchtst,fz0_0p01,146,-0.4862632286994002,1.1567843420561126
NDX,gfc,patchtst,fz0_0p025,146,-1.420789571017985,0.61864396030829516
NDX,gfc,patchtst,fz0_0p05,146,-1.9397277792812258,0.4015871930707321
NDX,gfc,patchtst,fz0_avg,146,-1.282260192999537,0.72062052902640461
NDX,gfc,patchtst,qlike_ex_near_zero,146,0.91352411962004365,0.22342550468981298
NDX,gfc,timesfm,crps,146,0.019098002080135023,0.0014852731663522552
NDX,gfc,timesfm,log_score,146,-1.856094202725654,0.14141623454086896
NDX,gfc,timesfm,pinball_0p01,146,0.0015109279549771894,0.00050034705256279477
NDX,gfc,timesfm,pinball_0p025,146,0.0026381516987375258,0.00057923843780085789
NDX,gfc,timesfm,pinball_0p05,146,0.0040088857180499366,0.00065190151788479752
NDX,gfc,timesfm,pinball_avg,146,0.0027193217905882171,0.00057052469974956243
NDX,gfc,timesfm,qlike,146,0.45357716407702547,0.07101786682683156
NDX,gfc,timesfm,fz0_0p01,146,-1.092076057457769,0.94425876968296751
NDX,gfc,timesfm,fz0_0p025,146,-1.7972846987648026,0.50254685251668263
NDX,gfc,timesfm,fz0_0p05,146,-2.2242205614981776,0.3242115863077859
NDX,gfc,timesfm,fz0_avg,146,-1.7045271059069165,0.58504808590928303
NDX,gfc,timesfm,qlike_ex_near_zero,146,0.45357716407702547,0.07101786682683156
NDX,covid,autoarima,crps,62,0.019933568060927956,0.0035411772202342505
NDX,covid,autoarima,log_score,62,-1.9933264190200022,0.20604603226309481
NDX,covid,autoarima,pinball_0p01,62,0.00089820718880814906,0.00020119640559431657
NDX,covid,autoarima,pinball_0p025,62,0.0024333049479324281,0.00050908344452982551
NDX,covid,autoarima,pinball_0p05,62,0.0042298682675322007,0.00089940281539267319
NDX,covid,autoarima,pinball_avg,62,0.0025204601347575931,0.00050152482882619706
NDX,covid,autoarima,qlike,62,0.61676856395754753,0.19213657439514054
NDX,covid,autoarima,fz0_0p01,62,-2.077243058135398,0.70827204221528617
NDX,covid,autoarima,fz0_0p025,62,-2.2438812178003062,0.46565808295666128
NDX,covid,autoarima,fz0_0p05,62,-2.4753427543272273,0.37633712834839378
NDX,covid,autoarima,fz0_avg,62,-2.2654890100876437,0.49949865256007198
NDX,covid,autoarima,qlike_ex_near_zero,62,0.61676856395754753,0.19213657439514054
NDX,covid,autoets,crps,62,0.01960215164316282,0.0033000734319761959
NDX,covid,autoets,log_score,62,-2.046035816300003,0.19024398380211693
NDX,covid,autoets,pinball_0p01,62,0.0010175034629935065,0.00020518371298318993
NDX,covid,autoets,pinball_0p025,62,0.0020015703362357713,0.00030107035380929893
NDX,covid,autoets,pinball_0p05,62,0.0035574314033037851,0.00047877555164845898
NDX,covid,autoets,pinball_avg,62,0.0021921684008443538,0.00031186607306275794
NDX,covid,autoets,qlike,62,0.58729227640174231,0.18118523571494616
NDX,covid,autoets,fz0_0p01,62,-1.9525928265155907,0.70624394896460807
NDX,covid,autoets,fz0_0p025,62,-2.3918432901815558,0.43736818390225501
NDX,covid,autoets,fz0_0p05,62,-2.6257517660924283,0.33885476376467288
NDX,covid,autoets,fz0_avg,62,-2.323395960929858,0.4875657989175734
NDX,covid,autoets,qlike_ex_near_zero,62,0.58729227640174231,0.18118523571494616
NDX,covid,chronos,crps,62,0.020006635469379638,0.0033617099731620016
NDX,covid,chronos,log_score,62,-1.9271669261320918,0.19736635884499745
NDX,covid,chronos,pinball_0p01,62,0.001380469967862314,0.00042450072005255303
NDX,covid,chronos,pinball_0p025,62,0.0025840603783280664,0.00063733004220120019
NDX,covid,chronos,pinball_0p05,62,0.0043622555477195396,0.00088810559887398386
NDX,covid,chronos,pinball_avg,62,0.002775595297969973,0.00063041764445968547
NDX,covid,chronos,qlike,62,0.72420494931525436,0.20146237726237712
NDX,covid,chronos,fz0_0p01,62,-1.3396222430880107,0.90712251339834427
NDX,covid,chronos,fz0_0p025,62,-1.9801474419260121,0.57834119274432583
NDX,covid,chronos,fz0_0p05,62,-2.3186381758235624,0.41895266130598419
NDX,covid,chronos,fz0_avg,62,-1.8794692869458616,0.62678739916355775
NDX,covid,chronos,qlike_ex_near_zero,62,0.72420494931525436,0.20146237726237712
NDX,covid,ewma,crps,62,0.020824377375883565,0.0039916030502252743
NDX,covid,ewma,log_score,62,-1.7548492477841844,0.25730803694980059
NDX,covid,ewma,pinball_0p01,62,0.0023308816800636503,0.00063747927709671074
NDX,covid,ewma,pinball_0p025,62,0.0038977170215664689,0.00095682925081810367
NDX,covid,ewma,pinball_0p05,62,0.0056824976916666405,0.0012477323035327589
NDX,covid,ewma,pinball_avg,62,0.0039703654644322531,0.00094382699922008779
NDX,covid,ewma,qlike,62,1.1547111857267385,0.28968740795199399
NDX,covid,ewma,fz0_0p01,62,0.14217874123207952,1.254267183753955
NDX,covid,ewma,fz0_0p025,62,-1.0642870487078933,0.77649978919811224
NDX,covid,ewma,fz0_0p05,62,-1.7062034289843873,0.58215469624850169
NDX,covid,ewma,fz0_avg,62,-0.87610391215340033,0.86805124955576196
NDX,covid,ewma,qlike_ex_near_zero,62,1.1547111857267385,0.28968740795199399
NDX,covid,garch11,crps,62,0.020010377341440459,0.0035374682718525086
NDX,covid,garch11,log_score,62,-1.9950955053898676,0.19870970555970888
NDX,covid,garch11,pinball_0p01,62,0.0010930617641366895,0.00020540156086864403
NDX,covid,garch11,pinball_0p025,62,0.0025004229473664179,0.00040597032438775924
NDX,covid,garch11,pinball_0p05,62,0.0044883264233664174,0.00078182904541102731
NDX,covid,garch11,pinball_avg,62,0.0026939370449565077,0.00042952376646568943
NDX,covid,garch11,qlike,62,0.67467257587518037,0.17953993228441847
NDX,covid,garch11,fz0_0p01,62,-1.824758478042845,0.66018346972452147
NDX,covid,garch11,fz0_0p025,62,-2.0902020967632153,0.45726870046139156
NDX,covid,garch11,fz0_0p05,62,-2.3128666911169939,0.38057528759110498
NDX,covid,garch11,fz0_avg,62,-2.075942421974351,0.48810364266726175
NDX,covid,garch11,qlike_ex_near_zero,62,0.67467257587518037,0.17953993228441847
NDX,covid,garch11_t,crps,62,0.020103924643726429,0.0036046810568774435
NDX,covid,garch11_t,log_score,62,-1.9873115437326068,0.1999664748599651
NDX,covid,garch11_t,pinball_0p01,62,0.0010365416956453703,0.00015694288875530435
NDX,covid,garch11_t,pinball_0p025,62,0.0024561296067136099,0.00036658297517728518
NDX,covid,garch11_t,pinball_0p05,62,0.0045799036920222682,0.00083334700239514562
NDX,covid,garch11_t,pinball_avg,62,0.0026908583314604155,0.00041975856073245916
NDX,covid,garch11_t,qlike,62,0.68802364874966815,0.17893468470131937
NDX,covid,garch11_t,fz0_0p01,62,-2.1141345707061445,0.42928977135575269
NDX,covid,garch11_t,fz0_0p025,62,-2.1901331214384046,0.38443399318422089
NDX,covid,garch11_t,fz0_0p05,62,-2.3213562666566667,0.37269502131755139
NDX,covid,garch11_t,fz0_avg,62,-2.2085413196004047,0.38414751106631306
NDX,covid,garch11_t,qlike_ex_near_zero,62,0.68802364874966815,0.17893468470131937
NDX,covid,gjr,crps,62,0.019716380791542872,0.0034904869383382215
NDX,covid,gjr,log_score,62,-2.0739263718642578,0.20692082628959463
NDX,covid,gjr,pinball_0p01,62,0.00092403565140793717,0.00015492731429288782
NDX,covid,gjr,pinball_0p025,62,0.0023883803989369736,0.00039490331098432108
NDX,covid,gjr,pinball_0p05,62,0.0044048790223780148,0.00085442738373110011
NDX,covid,gjr,pinball_avg,62,0.0025724316909076415,0.00044854122848548504
NDX,covid,gjr,qlike,62,0.54024007916505645,0.14868358331309056
NDX,covid,gjr,fz0_0p01,62,-2.2696909597783352,0.46364534755052211
NDX,covid,gjr,fz0_0p025,62,-2.2602768529576744,0.41611350416851817
NDX,covid,gjr,fz0_0p05,62,-2.4173449659868362,0.3765296483611974
NDX,covid,gjr,fz0_avg,62,-2.3157709262409485,0.4081473514058625
NDX,covid,gjr,qlike_ex_near_zero,62,0.54024007916505645,0.14868358331309056
NDX,covid,har,crps,62,0.019891087295722022,0.0035492999642805305
NDX,covid,har,log_score,62,-2.019010880127583,0.20612335247688301
NDX,covid,har,pinball_0p01,62,0.0010341767812322023,0.000226309438781616
NDX,covid,har,pinball_0p025,62,0.0025781771975323274,0.00054872602495400211
NDX,covid,har,pinball_0p05,62,0.0043006398997609959,0.00093116389972398817
NDX,covid,har,pinball_avg,62,0.0026376646261751756,0.00054126781624392543
NDX,covid,har,qlike,62,0.64832939332783945,0.2068428872804049
NDX,covid,har,fz0_0p01,62,-1.9062697015307171,0.75572865740336592
NDX,covid,har,fz0_0p025,62,-2.1395365168296627,0.49349055581547641
NDX,covid,har,fz0_0p05,62,-2.4501632106758167,0.37917724601807018
NDX,covid,har,fz0_avg,62,-2.1653231430120656,0.5263204174971472
NDX,covid,har,qlike_ex_near_zero,62,0.64832939332783945,0.2068428872804049
NDX,covid,lgbm,crps,62,0.021356614530197122,0.0043995511689296869
NDX,covid,lgbm,log_score,62,-1.5934786031709849,0.45761454597666895
NDX,covid,lgbm,pinball_0p01,62,0.0027450030590050198,0.0012193296012657105
NDX,covid,lgbm,pinball_0p025,62,0.0040099428940367585,0.0014265359572990339
NDX,covid,lgbm,pinball_0p05,62,0.0055314681008162307,0.0016457209305097437
NDX,covid,lgbm,pinball_avg,62,0.0040954713512860027,0.001426277542786857
NDX,covid,lgbm,qlike,62,1.3949146294712369,0.38670769661192722
NDX,covid,lgbm,fz0_0p01,62,0.59703477563917529,1.8364731481357515
NDX,covid,lgbm,fz0_0p025,62,-1.0076039111114004,1.0034965934081821
NDX,covid,lgbm,fz0_0p05,62,-1.7619550426576012,0.68101666598723531
NDX,covid,lgbm,fz0_avg,62,-0.7241747260432756,1.1684382214335181
NDX,covid,lgbm,qlike_ex_near_zero,62,1.3949146294712369,0.38670769661192722
NDX,covid,moirai,crps,62,0.020110871228450025,0.0034874978780991077
NDX,covid,moirai,log_score,62,-1.88456314744774,0.21986652243597862
NDX,covid,moirai,pinball_0p01,62,0.001449354060420674,0.00050664176708279686
NDX,covid,moirai,pinball_0p025,62,0.0026713275693888905,0.00071145702482187196
NDX,covid,moirai,pinball_0p05,62,0.0044519862687424899,0.00098237782846095152
NDX,covid,moirai,pinball_avg,62,0.0028575559661840185,0.00070899241293937885
NDX,covid,moirai,qlike,62,0.76172254645081561,0.22341046450075031
NDX,covid,moirai,fz0_0p01,62,-1.216221327242504,1.0046797006836781
NDX,covid,moirai,fz0_0p025,62,-1.9218302925245014,0.6294876263080269
NDX,covid,moirai,fz0_0p05,62,-2.2963187677279704,0.45415907873732148
NDX,covid,moirai,fz0_avg,62,-1.8114567958316585,0.68765085714822916
NDX,covid,moirai,qlike_ex_near_zero,62,0.76172254645081561,0.22341046450075031
NDX,covid,naive,crps,62,0.022603782042508579,0.0047601393553499839
NDX,covid,naive,log_score,62,0.18767418277849426,1.393681179225982
NDX,covid,naive,pinball_0p01,62,0.0045829553356556158,0.0019269893049403671
NDX,covid,naive,pinball_0p025,62,0.0060930559419976361,0.0020408815204410696
NDX,covid,naive,pinball_0p05,62,0.0076113246469285871,0.0021380258311764736
NDX,covid,naive,pinball_avg,62,0.0060957786415272788,0.00203096241898801
NDX,covid,naive,qlike,62,4.0701267777527557,1.9762929295025691
NDX,covid,naive,fz0_0p01,62,8.0988257931341963,5.1016733499532325
NDX,covid,naive,fz0_0p025,62,3.0433947398815202,2.4926099479285719
NDX,covid,naive,fz0_0p05,62,0.71880766872151758,1.5004613832802869
NDX,covid,naive,fz0_avg,62,3.9536760672457456,3.0250442293131563
NDX,covid,naive,qlike_ex_near_zero,62,4.0701267777527557,1.9762929295025691
NDX,covid,patchtst,crps,62,0.020439462181438595,0.0037142645122257819
NDX,covid,patchtst,log_score,62,-1.7007663370602468,0.25221438237746913
NDX,covid,patchtst,pinball_0p01,62,0.0016715152025988396,0.00054977740424391015
NDX,covid,patchtst,pinball_0p025,62,0.0031321293437240084,0.00082499065331201533
NDX,covid,patchtst,pinball_0p05,62,0.0047746773804959678,0.0011161063927740745
NDX,covid,patchtst,pinball_avg,62,0.0031927739756062719,0.00081650391180001364
NDX,covid,patchtst,qlike,62,0.98944583973638001,0.26454583466096043
NDX,covid,patchtst,fz0_0p01,62,-0.71576605010477579,1.1182434924768212
NDX,covid,patchtst,fz0_0p025,62,-1.4460031945133571,0.68200005228033045
NDX,covid,patchtst,fz0_0p05,62,-1.9805507049015467,0.48965378903353446
NDX,covid,patchtst,fz0_avg,62,-1.3807733165065597,0.75278028833414812
NDX,covid,patchtst,qlike_ex_near_zero,62,0.98944583973638001,0.26454583466096043
NDX,covid,timesfm,crps,62,0.02003706076020487,0.0034873309061247233
NDX,covid,timesfm,log_score,62,-1.9545396482539512,0.20536807018307163
NDX,covid,timesfm,pinball_0p01,62,0.0012773891606864859,0.00037163867019653757
NDX,covid,timesfm,pinball_0p025,62,0.002514379493996645,0.00059326956018411177
NDX,covid,timesfm,pinball_0p05,62,0.0043582462467026762,0.00089959788434126832
NDX,covid,timesfm,pinball_avg,62,0.0027166716337952692,0.00059598517823682541
NDX,covid,timesfm,qlike,62,0.67661078940535646,0.2026736594156392
NDX,covid,timesfm,fz0_0p01,62,-1.5265901330151068,0.84868082974234282
NDX,covid,timesfm,fz0_0p025,62,-2.065433373932946,0.55147627582015091
NDX,covid,timesfm,fz0_0p05,62,-2.3586100185093479,0.41247838999648062
NDX,covid,timesfm,fz0_avg,62,-1.9835445084858001,0.59477734749648081
NDX,covid,timesfm,qlike_ex_near_zero,62,0.67661078940535646,0.2026736594156392
NDX,tightening_2022,autoarima,crps,209,0.011889571427739566,0.0005190776779341994
NDX,tightening_2022,autoarima,log_score,209,-2.3976088873189445,0.065174825183395388
NDX,tightening_2022,autoarima,pinball_0p01,209,0.00067940408985657063,0.00014797369090545505
NDX,tightening_2022,autoarima,pinball_0p025,209,0.0013818056939179089,0.00018386540559222063
NDX,tightening_2022,autoarima,pinball_0p05,209,0.00237843250731385,0.00022948933757739988
NDX,tightening_2022,autoarima,pinball_avg,209,0.0014798807636961096,0.00018105051638044482
NDX,tightening_2022,autoarima,qlike,209,0.36108139701738406,0.038700500919090358
NDX,tightening_2022,autoarima,fz0_0p01,209,-2.3733645464644457,0.45954636975587976
NDX,tightening_2022,autoarima,fz0_0p025,209,-2.6989145592763495,0.25666088955599509
NDX,tightening_2022,autoarima,fz0_0p05,209,-2.891165170376695,0.17479543709757711
NDX,tightening_2022,autoarima,fz0_avg,209,-2.6544814253724969,0.29220887133810486
NDX,tightening_2022,autoarima,qlike_ex_near_zero,209,0.36108139701738406,0.038700500919090358
NDX,tightening_2022,autoets,crps,209,0.011868831821329969,0.00051488709868361716
NDX,tightening_2022,autoets,log_score,209,-2.3994228556135742,0.063559222398762522
NDX,tightening_2022,autoets,pinball_0p01,209,0.00069528756449812234,0.00014529191893554409
NDX,tightening_2022,autoets,pinball_0p025,209,0.0013848419525503621,0.00018147351792757485
NDX,tightening_2022,autoets,pinball_0p05,209,0.0023694643199762646,0.00022575555197959098
NDX,tightening_2022,autoets,pinball_avg,209,0.0014831979456749165,0.00017849901666807966
NDX,tightening_2022,autoets,qlike,209,0.35268980265274802,0.033445989388437528
NDX,tightening_2022,autoets,fz0_0p01,209,-2.3420151559143338,0.44106551013715428
NDX,tightening_2022,autoets,fz0_0p025,209,-2.6871915420043169,0.24941088872218983
NDX,tightening_2022,autoets,fz0_0p05,209,-2.8861694737969166,0.17202248638438414
NDX,tightening_2022,autoets,fz0_avg,209,-2.6384587239051891,0.28266657586404914
NDX,tightening_2022,autoets,qlike_ex_near_zero,209,0.35268980265274802,0.033445989388437528
NDX,tightening_2022,chronos,crps,209,0.011930933089805085,0.00054484962031717439
NDX,tightening_2022,chronos,log_score,209,-2.3868418885582217,0.068707285552326636
NDX,tightening_2022,chronos,pinball_0p01,209,0.00070569150097333751,0.00014247338133143063
NDX,tightening_2022,chronos,pinball_0p025,209,0.0014706874176603705,0.00019494571952554936
NDX,tightening_2022,chronos,pinball_0p05,209,0.0025044662530437625,0.00025246251435542713
NDX,tightening_2022,chronos,pinball_avg,209,0.00156028172389249,0.00019011917583178179
NDX,tightening_2022,chronos,qlike,209,0.38560593295897311,0.046211532891599995
NDX,tightening_2022,chronos,fz0_0p01,209,-2.3502635414852269,0.41790017147988434
NDX,tightening_2022,chronos,fz0_0p025,209,-2.6227924604401633,0.25315821592799959
NDX,tightening_2022,chronos,fz0_0p05,209,-2.8201026069813016,0.18300518648911462
NDX,tightening_2022,chronos,fz0_avg,209,-2.5977195363022307,0.27794873898775235
NDX,tightening_2022,chronos,qlike_ex_near_zero,209,0.38560593295897311,0.046211532891599995
NDX,tightening_2022,ewma,crps,209,0.011828693826349976,0.00050381755976926462
NDX,tightening_2022,ewma,log_score,209,-2.4417369658694121,0.046451974151834691
NDX,tightening_2022,ewma,pinball_0p01,209,0.0005752275468737018,8.9912103595308698e-05
NDX,tightening_2022,ewma,pinball_0p025,209,0.0012756298736454675,0.00013540859354697898
NDX,tightening_2022,ewma,pinball_0p05,209,0.0022682544863691862,0.00019364858615212156
NDX,tightening_2022,ewma,pinball_avg,209,0.0013730373022961186,0.00013364782995375801
NDX,tightening_2022,ewma,qlike,209,0.37255705374741083,0.039831096178451229
NDX,tightening_2022,ewma,fz0_0p01,209,-2.7785237503278837,0.20692133493639842
NDX,tightening_2022,ewma,fz0_0p025,209,-2.9016030687328525,0.14229867244433442
NDX,tightening_2022,ewma,fz0_0p05,209,-3.0178096349594381,0.11402915415079666
NDX,tightening_2022,ewma,fz0_avg,209,-2.8993121513400579,0.1485187887184985
NDX,tightening_2022,ewma,qlike_ex_near_zero,209,0.37255705374741083,0.039831096178451229
NDX,tightening_2022,garch11,crps,209,0.011884756350451579,0.00050778929263333426
NDX,tightening_2022,garch11,log_score,209,-2.4285592506036333,0.04892887464287083
NDX,tightening_2022,garch11,pinball_0p01,209,0.00058512931016845742,9.8737504294886449e-05
NDX,tightening_2022,garch11,pinball_0p025,209,0.0012783670494243729,0.00013893168148174299
NDX,tightening_2022,garch11,pinball_0p05,209,0.0022710793151658601,0.0001968327896888144
NDX,tightening_2022,garch11,pinball_avg,209,0.0013781918915862302,0.00013865607019776949
NDX,tightening_2022,garch11,qlike,209,0.33520417893833065,0.02940727918292969
NDX,tightening_2022,garch11,fz0_0p01,209,-2.7376555446120072,0.23805539820197449
NDX,tightening_2022,garch11,fz0_0p025,209,-2.8827870437175678,0.15566925774381257
NDX,tightening_2022,garch11,fz0_0p05,209,-3.010797170550314,0.12239365280444382
NDX,tightening_2022,garch11,fz0_avg,209,-2.8770799196266301,0.16644118867831972
NDX,tightening_2022,garch11,qlike_ex_near_zero,209,0.33520417893833065,0.02940727918292969
NDX,tightening_2022,garch11_t,crps,209,0.011912327798332361,0.00051331217438215556
NDX,tightening_2022,garch11_t,log_score,209,-2.4122905787749032,0.049371088857867645
NDX,tightening_2022,garch11_t,pinball_0p01,209,0.00059231124027454352,9.4384986804029464e-05
NDX,tightening_2022,garch11_t,pinball_0p025,209,0.0012475868014053429,0.0001349538881717007
NDX,tightening_2022,garch11_t,pinball_0p05,209,0.0022728420090055838,0.00019668439478548406
NDX,tightening_2022,garch11_t,pinball_avg,209,0.0013709133502284902,0.00013490249743820736
NDX,tightening_2022,garch11_t,qlike,209,0.33854609358094634,0.029451372400907491
NDX,tightening_2022,garch11_t,fz0_0p01,209,-2.7410767227422879,0.21945049071239803
NDX,tightening_2022,garch11_t,fz0_0p025,209,-2.916215324834615,0.14674070588111232
NDX,tightening_2022,garch11_t,fz0_0p05,209,-3.0154596264659301,0.11947033584981769
NDX,tightening_2022,garch11_t,fz0_avg,209,-2.8909172246809449,0.15549289468687968
NDX,tightening_2022,garch11_t,qlike_ex_near_zero,209,0.33854609358094634,0.029451372400907491
NDX,tightening_2022,gjr,crps,209,0.011889619842534484,0.00050479989378207472
NDX,tightening_2022,gjr,log_score,209,-2.4245761124985874,0.050481023339576374
NDX,tightening_2022,gjr,pinball_0p01,209,0.00061819588898258838,0.0001064052538542365
NDX,tightening_2022,gjr,pinball_0p025,209,0.0013040189896817381,0.000148220273051663
NDX,tightening_2022,gjr,pinball_0p05,209,0.0022916510885957744,0.00020336553706825424
NDX,tightening_2022,gjr,pinball_avg,209,0.0014046219890867001,0.00014723445467735224
NDX,tightening_2022,gjr,qlike,209,0.32646067719570226,0.02856901343290931
NDX,tightening_2022,gjr,fz0_0p01,209,-2.6621699191404176,0.26352375196170252
NDX,tightening_2022,gjr,fz0_0p025,209,-2.8547851432508433,0.16932883570716717
NDX,tightening_2022,gjr,fz0_0p05,209,-2.9962085280048019,0.1297010931063631
NDX,tightening_2022,gjr,fz0_avg,209,-2.8377211967986873,0.18270450119308315
NDX,tightening_2022,gjr,qlike_ex_near_zero,209,0.32646067719570226,0.02856901343290931
NDX,tightening_2022,har,crps,209,0.01190665805226543,0.00053068816554589619
NDX,tightening_2022,har,log_score,209,-2.3789071773062385,0.077076467495911655
NDX,tightening_2022,har,pinball_0p01,209,0.00067854425231475871,0.00016304074494543421
NDX,tightening_2022,har,pinball_0p025,209,0.0014142802430098978,0.00019861262387022303
NDX,tightening_2022,har,pinball_0p05,209,0.0024297889195859304,0.0002461242187752146
NDX,tightening_2022,har,pinball_avg,209,0.0015075378049701955,0.00019550463144852088
NDX,tightening_2022,har,qlike,209,0.36504148593414615,0.047030946673472018
NDX,tightening_2022,har,fz0_0p01,209,-2.3040038638083908,0.55580852058257202
NDX,tightening_2022,har,fz0_0p025,209,-2.636155531128582,0.30060074360759403
NDX,tightening_2022,har,fz0_0p05,209,-2.83523637989502,0.20177901987319991
NDX,tightening_2022,har,fz0_avg,209,-2.5917985916106643,0.34680831434963794
NDX,tightening_2022,har,qlike_ex_near_zero,209,0.36504148593414615,0.047030946673472018
NDX,tightening_2022,lgbm,crps,209,0.012053010790700673,0.00054585989125457057
NDX,tightening_2022,lgbm,log_score,209,-2.3031878958190939,0.082967201601673604
NDX,tightening_2022,lgbm,pinball_0p01,209,0.00090537966863990537,0.00018443966061079269
NDX,tightening_2022,lgbm,pinball_0p025,209,0.0017030882659223681,0.00023198626137792698
NDX,tightening_2022,lgbm,pinball_0p05,209,0.0027483949645503831,0.00028075077205219764
NDX,tightening_2022,lgbm,pinball_avg,209,0.0017856209663708856,0.00022748723186175252
NDX,tightening_2022,lgbm,qlike,209,0.42876840096458235,0.054444733398655978
NDX,tightening_2022,lgbm,fz0_0p01,209,-1.614189592698303,0.61293512167492337
NDX,tightening_2022,lgbm,fz0_0p025,209,-2.1744028711070906,0.34633949782098905
NDX,tightening_2022,lgbm,fz0_0p05,209,-2.5148797234076441,0.23684468702443204
NDX,tightening_2022,lgbm,fz0_avg,209,-2.1011573957376792,0.39235584863355327
NDX,tightening_2022,lgbm,qlike_ex_near_zero,209,0.42876840096458235,0.054444733398655978
NDX,tightening_2022,moirai,crps,209,0.011954357257684636,0.00053843792133103524
NDX,tightening_2022,moirai,log_score,209,-2.3807114005450969,0.065749093883140278
NDX,tightening_2022,moirai,pinball_0p01,209,0.00070317638429889795,0.00014123377107949487
NDX,tightening_2022,moirai,pinball_0p025,209,0.0014583594580652624,0.00018948051248942718
NDX,tightening_2022,moirai,pinball_0p05,209,0.0024935091309770951,0.00024677450033095739
NDX,tightening_2022,moirai,pinball_avg,209,0.0015516816577804185,0.00018574059220702102
NDX,tightening_2022,moirai,qlike,209,0.36655844724057879,0.041214580155354674
NDX,tightening_2022,moirai,fz0_0p01,209,-2.3141870107184368,0.41077741701982146
NDX,tightening_2022,moirai,fz0_0p025,209,-2.6112432678297379,0.25073279168523638
NDX,tightening_2022,moirai,fz0_0p05,209,-2.8122714909772109,0.18195609567665566
NDX,tightening_2022,moirai,fz0_avg,209,-2.5792339231751287,0.27481943609617654
NDX,tightening_2022,moirai,qlike_ex_near_zero,209,0.36655844724057879,0.041214580155354674
NDX,tightening_2022,naive,crps,209,0.012008201837379974,0.00056563575591385851
NDX,tightening_2022,naive,log_score,209,-2.3629109323739952,0.073849999156961763
NDX,tightening_2022,naive,pinball_0p01,209,0.00084505801773504486,0.00016478346394613799
NDX,tightening_2022,naive,pinball_0p025,209,0.0015873420595511314,0.00023588050349924406
NDX,tightening_2022,naive,pinball_0p05,209,0.0025217216503554468,0.00029743146340433668
NDX,tightening_2022,naive,pinball_avg,209,0.0016513739092138741,0.00022949352157170314
NDX,tightening_2022,naive,qlike,209,0.38968202098744709,0.042294156780896291
NDX,tightening_2022,naive,fz0_0p01,209,-2.0740788257640954,0.41523815586985735
NDX,tightening_2022,naive,fz0_0p025,209,-2.5073273043690789,0.27615082741117564
NDX,tightening_2022,naive,fz0_0p05,209,-2.8061574500859381,0.20236597612217411
NDX,tightening_2022,naive,fz0_avg,209,-2.4625211934063707,0.29386851998747116
NDX,tightening_2022,naive,qlike_ex_near_zero,209,0.38968202098744709,0.042294156780896291
NDX,tightening_2022,patchtst,crps,209,0.012050993379984963,0.00056048502292138354
NDX,tightening_2022,patchtst,log_score,209,-2.2982520406004889,0.082805743784119423
NDX,tightening_2022,patchtst,pinball_0p01,209,0.00095369080122250152,0.00017007248203966213
NDX,tightening_2022,patchtst,pinball_0p025,209,0.0017459515057270602,0.0002360713147745142
NDX,tightening_2022,patchtst,pinball_0p05,209,0.0027432889804892059,0.00028855052683666223
NDX,tightening_2022,patchtst,pinball_avg,209,0.0018143104291462554,0.00022872914364359783
NDX,tightening_2022,patchtst,qlike,209,0.60299947073699167,0.15363460776906449
NDX,tightening_2022,patchtst,fz0_0p01,209,-1.6128238126070316,0.47916977157970053
NDX,tightening_2022,patchtst,fz0_0p025,209,-2.1909082896618308,0.30783356896153119
NDX,tightening_2022,patchtst,fz0_0p05,209,-2.5653036684676742,0.21964692907047439
NDX,tightening_2022,patchtst,fz0_avg,209,-2.1230119235788458,0.33161146311357598
NDX,tightening_2022,patchtst,qlike_ex_near_zero,209,0.60299947073699167,0.15363460776906449
NDX,tightening_2022,timesfm,crps,209,0.011956891159635802,0.00054659238153721094
NDX,tightening_2022,timesfm,log_score,209,-2.3763490545571977,0.071506092079722666
NDX,tightening_2022,timesfm,pinball_0p01,209,0.00072976522060271259,0.00015178525006399762
NDX,tightening_2022,timesfm,pinball_0p025,209,0.0014739785123968586,0.00020484275117479484
NDX,tightening_2022,timesfm,pinball_0p05,209,0.0024896331838062903,0.00025929113252489956
NDX,tightening_2022,timesfm,pinball_avg,209,0.0015644589722686203,0.00019931459313244829
NDX,tightening_2022,timesfm,qlike,209,0.3674478177292903,0.044251906090420789
NDX,tightening_2022,timesfm,fz0_0p01,209,-2.2624391277210658,0.46129915805215255
NDX,tightening_2022,timesfm,fz0_0p025,209,-2.5998731091876803,0.2736043829761276
NDX,tightening_2022,timesfm,fz0_0p05,209,-2.8163631902824222,0.19294340161072651
NDX,tightening_2022,timesfm,fz0_avg,209,-2.5595584757303889,0.30288654298003648
NDX,tightening_2022,timesfm,qlike_ex_near_zero,209,0.3674478177292903,0.044251906090420789
NDX,spike_2024_08,autoarima,crps,22,0.00912807947533535,0.0012770487767889218
NDX,spike_2024_08,autoarima,log_score,22,-2.705031670763578,0.15764226245886356
NDX,spike_2024_08,autoarima,pinball_0p01,22,0.00036021314303423519,4.9378060101603348e-05
NDX,spike_2024_08,autoarima,pinball_0p025,22,0.00092725234160801796,0.00011657794035464332
NDX,spike_2024_08,autoarima,pinball_0p05,22,0.0019471258540495545,0.0003558827332761842
NDX,spike_2024_08,autoarima,pinball_avg,22,0.0010781971128972691,0.00014544877893526108
NDX,spike_2024_08,autoarima,qlike,22,1.1288997071663653,0.7028305499634856
NDX,spike_2024_08,autoarima,fz0_0p01,22,-3.3450539539370898,0.11151942113185537
NDX,spike_2024_08,autoarima,fz0_0p025,22,-3.2992987104132805,0.16119777055382234
NDX,spike_2024_08,autoarima,fz0_0p05,22,-3.1843583720972957,0.31086561244671318
NDX,spike_2024_08,autoarima,fz0_avg,22,-3.2762370121492221,0.16823776644034447
NDX,spike_2024_08,autoarima,qlike_ex_near_zero,22,1.1288997071663653,0.7028305499634856
NDX,spike_2024_08,autoets,crps,22,0.0091387966902543461,0.0012733851122944226
NDX,spike_2024_08,autoets,log_score,22,-2.7010747810524673,0.15673496321572153
NDX,spike_2024_08,autoets,pinball_0p01,22,0.00036672431834490206,5.5633249653284415e-05
NDX,spike_2024_08,autoets,pinball_0p025,22,0.00095319618121454718,0.00011393596402670044
NDX,spike_2024_08,autoets,pinball_0p05,22,0.0019822806703003407,0.00035670813523128566
NDX,spike_2024_08,autoets,pinball_avg,22,0.0011007337232865966,0.00014771514658415264
NDX,spike_2024_08,autoets,qlike,22,1.1495461890742471,0.69709080066857232
NDX,spike_2024_08,autoets,fz0_0p01,22,-3.3326995877834351,0.19784495872430979
NDX,spike_2024_08,autoets,fz0_0p025,22,-3.2686748728227339,0.15316110834756644
NDX,spike_2024_08,autoets,fz0_0p05,22,-3.1600620296890187,0.29573451183487542
NDX,spike_2024_08,autoets,fz0_avg,22,-3.2538121634317294,0.16275573245366126
NDX,spike_2024_08,autoets,qlike_ex_near_zero,22,1.1495461890742471,0.69709080066857232
NDX,spike_2024_08,chronos,crps,22,0.0088901393779600539,0.0011290360395886634
NDX,spike_2024_08,chronos,log_score,22,-2.7972147261808624,0.12012246457563559
NDX,spike_2024_08,chronos,pinball_0p01,22,0.00034221337837802174,3.5248575856018074e-05
NDX,spike_2024_08,chronos,pinball_0p025,22,0.00072274359002225217,8.2458480800304086e-05
NDX,spike_2024_08,chronos,pinball_0p05,22,0.0012170739763909062,0.00015802882353121132
NDX,spike_2024_08,chronos,pinball_avg,22,0.00076067698159706021,9.1498333344134587e-05
NDX,spike_2024_08,chronos,qlike,22,0.38810446109294311,0.18594723155065487
NDX,spike_2024_08,chronos,fz0_0p01,22,-3.4173470268857242,0.15191134077298751
NDX,spike_2024_08,chronos,fz0_0p025,22,-3.5828971572073525,0.15191134077298729
NDX,spike_2024_08,chronos,fz0_0p05,22,-3.7490428084657865,0.15191134077298785
NDX,spike_2024_08,chronos,fz0_avg,22,-3.583095664186287,0.15191134077298798
NDX,spike_2024_08,chronos,qlike_ex_near_zero,22,0.38810446109294311,0.18594723155065487
NDX,spike_2024_08,ewma,crps,22,0.0091030481059416572,0.0012010733897917308
NDX,spike_2024_08,ewma,log_score,22,-2.716460218725933,0.12264902787914322
NDX,spike_2024_08,ewma,pinball_0p01,22,0.00038202074240614047,3.5527070689681506e-05
NDX,spike_2024_08,ewma,pinball_0p025,22,0.00080658853071793012,8.7449406780948317e-05
NDX,spike_2024_08,ewma,pinball_0p05,22,0.0015351974450517234,0.00014129477206374684
NDX,spike_2024_08,ewma,pinball_avg,22,0.00090793557272526469,7.8857335390273883e-05
NDX,spike_2024_08,ewma,qlike,22,0.86949787028505165,0.44722846375086928
NDX,spike_2024_08,ewma,fz0_0p01,22,-3.2710030275122763,0.059873546799204223
NDX,spike_2024_08,ewma,fz0_0p025,22,-3.4365531578339055,0.059873546799203987
NDX,spike_2024_08,ewma,fz0_0p05,22,-3.4950876657918699,0.091385616736020359
NDX,spike_2024_08,ewma,fz0_avg,22,-3.4008812837126841,0.036603636440356448
NDX,spike_2024_08,ewma,qlike_ex_near_zero,22,0.86949787028505165,0.44722846375086928
NDX,spike_2024_08,garch11,crps,22,0.0092921194157989367,0.0013547738533133786
NDX,spike_2024_08,garch11,log_score,22,-2.6195025591067043,0.20031580123278306
NDX,spike_2024_08,garch11,pinball_0p01,22,0.00045098495709303615,8.7337018867212853e-05
NDX,spike_2024_08,garch11,pinball_0p025,22,0.0012159586726480135,0.00029201190068383194
NDX,spike_2024_08,garch11,pinball_0p05,22,0.0021927319585907171,0.00058367597110024728
NDX,spike_2024_08,garch11,pinball_avg,22,0.0012865585294439222,0.00031778120464364496
NDX,spike_2024_08,garch11,qlike,22,1.5353991158958558,1.05956764016167
NDX,spike_2024_08,garch11,fz0_0p01,22,-3.0386257832673991,0.32894965095542567
NDX,spike_2024_08,garch11,fz0_0p025,22,-2.8229267926280976,0.53192555572943512
NDX,spike_2024_08,garch11,fz0_0p05,22,-2.8984383616998177,0.57703565981027038
NDX,spike_2024_08,garch11,fz0_avg,22,-2.9199969791984386,0.48397275868875067
NDX,spike_2024_08,garch11,qlike_ex_near_zero,22,1.5353991158958558,1.05956764016167
NDX,spike_2024_08,garch11_t,crps,22,0.0095578836778097732,0.0015112092501706744
NDX,spike_2024_08,garch11_t,log_score,22,-2.3810823524354787,0.3450835871601392
NDX,spike_2024_08,garch11_t,pinball_0p01,22,0.0012028563050170899,0.00060697587472018793
NDX,spike_2024_08,garch11_t,pinball_0p025,22,0.0020173022695043627,0.00090792113962040368
NDX,spike_2024_08,garch11_t,pinball_0p05,22,0.0028364967546681444,0.001121695421411694
NDX,spike_2024_08,garch11_t,pinball_avg,22,0.002018885109729866,0.00087609219496244807
NDX,spike_2024_08,garch11_t,qlike,22,3.1517289660625156,2.4022299665524787
NDX,spike_2024_08,garch11_t,fz0_0p01,22,0.28928085837186474,2.6275694268569931
NDX,spike_2024_08,garch11_t,fz0_0p025,22,-0.95839224375037158,1.8513487482673374
NDX,spike_2024_08,garch11_t,fz0_0p05,22,-1.8412186670263737,1.3692552905349091
NDX,spike_2024_08,garch11_t,fz0_avg,22,-0.83677668413496031,1.9438002875975251
NDX,spike_2024_08,garch11_t,qlike_ex_near_zero,22,3.1517289660625156,2.4022299665524787
NDX,spike_2024_08,gjr,crps,22,0.0091557962397757278,0.0012751732376453237
NDX,spike_2024_08,gjr,log_score,22,-2.6911368772965827,0.15243436315897427
NDX,spike_2024_08,gjr,pinball_0p01,22,0.00035473290736964369,3.7399433831241905e-05
NDX,spike_2024_08,gjr,pinball_0p025,22,0.00090832346779845139,9.6510978997273666e-05
NDX,spike_2024_08,gjr,pinball_0p05,22,0.0019092557610500202,0.00031189314364247155
NDX,spike_2024_08,gjr,pinball_avg,22,0.0010574373787393719,0.00012028074851128253
NDX,spike_2024_08,gjr,qlike,22,1.1312198319619455,0.70864841216891561
NDX,spike_2024_08,gjr,fz0_0p01,22,-3.3470098132220638,0.025103585278381243
NDX,spike_2024_08,gjr,fz0_0p025,22,-3.31182657445239,0.15123752592296244
NDX,spike_2024_08,gjr,fz0_0p05,22,-3.2025889684625013,0.29770634808373925
NDX,spike_2024_08,gjr,fz0_avg,22,-3.287141785378985,0.14919872568700232
NDX,spike_2024_08,gjr,qlike_ex_near_zero,22,1.1312198319619455,0.70864841216891561
NDX,spike_2024_08,har,crps,22,0.0091388818199493616,0.001215119875509987
NDX,spike_2024_08,har,log_score,22,-2.7069548213513759,0.12823298412097872
NDX,spike_2024_08,har,pinball_0p01,22,0.00039322105855166527,4.5897394834295031e-05
NDX,spike_2024_08,har,pinball_0p025,22,0.00083017938798572158,0.00010772454761430927
NDX,spike_2024_08,har,pinball_0p05,22,0.0016930572593522411,0.00017580859295647616
NDX,spike_2024_08,har,pinball_avg,22,0.00097215256862987615,0.00010320531483708559
NDX,spike_2024_08,har,qlike,22,0.90191404175649936,0.48917296674992261
NDX,spike_2024_08,har,fz0_0p01,22,-3.2550590896928289,0.10615601194972643
NDX,spike_2024_08,har,fz0_0p025,22,-3.4206092200144567,0.10615601194972643
NDX,spike_2024_08,har,fz0_0p05,22,-3.3952688629474097,0.13177303366001059
NDX,spike_2024_08,har,fz0_avg,22,-3.3569790575515652,0.078980316344649776
NDX,spike_2024_08,har,qlike_ex_near_zero,22,0.90191404175649936,0.48917296674992261
NDX,spike_2024_08,lgbm,crps,22,0.0092713403719409532,0.0013812998734143965
NDX,spike_2024_08,lgbm,log_score,22,-2.6191200576076286,0.23354805365841824
NDX,spike_2024_08,lgbm,pinball_0p01,22,0.0004982978664465859,0.00015693395868837082
NDX,spike_2024_08,lgbm,pinball_0p025,22,0.0013661187660583829,0.0004965950994447703
NDX,spike_2024_08,lgbm,pinball_0p05,22,0.0022722494092669719,0.00076680989796858526
NDX,spike_2024_08,lgbm,pinball_avg,22,0.001378888680590647,0.00047146967570447118
NDX,spike_2024_08,lgbm,qlike,22,1.7002006885824876,1.2676640247286053
NDX,spike_2024_08,lgbm,fz0_0p01,22,-2.8572754738750294,0.59012528747068127
NDX,spike_2024_08,lgbm,fz0_0p025,22,-2.5349733753625516,0.88687409562261776
NDX,spike_2024_08,lgbm,fz0_0p05,22,-2.7744705586680127,0.80879114251158124
NDX,spike_2024_08,lgbm,fz0_avg,22,-2.7222398026351979,0.76330357613136401
NDX,spike_2024_08,lgbm,qlike_ex_near_zero,22,1.7002006885824876,1.2676640247286053
NDX,spike_2024_08,moirai,crps,22,0.0089831507949170893,0.0011609739216150233
NDX,spike_2024_08,moirai,log_score,22,-2.7701768955454704,0.13201938025528606
NDX,spike_2024_08,moirai,pinball_0p01,22,0.00032524621915822906,3.810646454960201e-05
NDX,spike_2024_08,moirai,pinball_0p025,22,0.00068700622098790104,8.7291871479210033e-05
NDX,spike_2024_08,moirai,pinball_0p05,22,0.0011773385726534804,0.00015913938526517055
NDX,spike_2024_08,moirai,pinball_avg,22,0.0007298636709332035,9.4113434741922934e-05
NDX,spike_2024_08,moirai,qlike,22,0.38845202298972253,0.2103482296148633
NDX,spike_2024_08,moirai,fz0_0p01,22,-3.481229661151616,0.20855366694445282
NDX,spike_2024_08,moirai,fz0_0p025,22,-3.6467797914732447,0.2085536669444531
NDX,spike_2024_08,moirai,fz0_0p05,22,-3.7933474568586831,0.15655255144098132
NDX,spike_2024_08,moirai,fz0_avg,22,-3.6404523031611817,0.19923472823304972
NDX,spike_2024_08,moirai,qlike_ex_near_zero,22,0.38845202298972253,0.2103482296148633
NDX,spike_2024_08,naive,crps,22,0.0091513298816617,0.0013086872293698191
NDX,spike_2024_08,naive,log_score,22,-2.6906984759619617,0.16973323761886433
NDX,spike_2024_08,naive,pinball_0p01,22,0.00031551392203710662,3.2493716656659915e-05
NDX,spike_2024_08,naive,pinball_0p025,22,0.00084458254113585756,0.00012895020768397507
NDX,spike_2024_08,naive,pinball_0p05,22,0.0017246066634982273,0.00033378732643198436
NDX,spike_2024_08,naive,pinball_avg,22,0.00096156770889039742,0.00014212290072211463
NDX,spike_2024_08,naive,qlike,22,1.1072729165060216,0.77972911071063444
NDX,spike_2024_08,naive,fz0_0p01,22,-3.4631367387743479,0.0026163388380553245
NDX,spike_2024_08,naive,fz0_0p025,22,-3.4000665584173348,0.21705228295593121
NDX,spike_2024_08,naive,fz0_0p05,22,-3.3560955666197163,0.35124436529915615
NDX,spike_2024_08,naive,fz0_avg,22,-3.4064329546037997,0.18446839393648048
NDX,spike_2024_08,naive,qlike_ex_near_zero,22,1.1072729165060216,0.77972911071063444
NDX,spike_2024_08,patchtst,crps,22,0.0096495188766861795,0.0015823015234279266
NDX,spike_2024_08,patchtst,log_score,22,-2.1408344509108459,0.52868788214257056
NDX,spike_2024_08,patchtst,pinball_0p01,22,0.0014861482060767642,0.00091513227046412476
NDX,spike_2024_08,patchtst,pinball_0p025,22,0.0021423796883270059,0.0011487846079190111
NDX,spike_2024_08,patchtst,pinball_0p05,22,0.002832909980862758,0.0013113995110801062
NDX,spike_2024_08,patchtst,pinball_avg,22,0.0021538126250888428,0.0011258040480154365
NDX,spike_2024_08,patchtst,qlike,22,4.0939909614908352,3.280697326524475
NDX,spike_2024_08,patchtst,fz0_0p01,22,2.5303311701705411,4.7463706808694281
NDX,spike_2024_08,patchtst,fz0_0p025,22,-0.16475432856101635,2.779949156427274
NDX,spike_2024_08,patchtst,fz0_0p05,22,-1.514072653605407,1.8727204935619219
NDX,spike_2024_08,patchtst,fz0_avg,22,0.28383472933470516,3.1291147954963061
NDX,spike_2024_08,patchtst,qlike_ex_near_zero,22,4.0939909614908352,3.280697326524475
NDX,spike_2024_08,timesfm,crps,22,0.0089700690500233455,0.0011631041122852623
NDX,spike_2024_08,timesfm,log_score,22,-2.7847357921870093,0.1288751688198288
NDX,spike_2024_08,timesfm,pinball_0p01,22,0.00033282997285864459,4.2458031115776384e-05
NDX,spike_2024_08,timesfm,pinball_0p025,22,0.00070297963180738718,9.6988471649845658e-05
NDX,spike_2024_08,timesfm,pinball_0p05,22,0.0012192547019405566,0.00017181549980798563
NDX,spike_2024_08,timesfm,pinball_avg,22,0.00075168810220219596,0.00010287919205730475
NDX,spike_2024_08,timesfm,qlike,22,0.43221618055469563,0.22863977561335164
NDX,spike_2024_08,timesfm,fz0_0p01,22,-3.4555546607982155,0.23405883329263585
NDX,spike_2024_08,timesfm,fz0_0p025,22,-3.6211047911198424,0.23405883329263627
NDX,spike_2024_08,timesfm,fz0_0p05,22,-3.7523639762107321,0.12037268275212661
NDX,spike_2024_08,timesfm,fz0_avg,22,-3.6096744760429313,0.19579633343288766
NDX,spike_2024_08,timesfm,qlike_ex_near_zero,22,0.43221618055469563,0.22863977561335164
NDX,calm,autoarima,crps,4503,0.0062680848014669702,0.0001049366045240911
NDX,calm,autoarima,log_score,4503,-3.1065655938422942,0.018076545067459742
NDX,calm,autoarima,pinball_0p01,4503,0.00040970192967354306,2.1692957006932503e-05
NDX,calm,autoarima,pinball_0p025,4503,0.00081306686461994442,2.8331987467985195e-05
NDX,calm,autoarima,pinball_0p05,4503,0.0013547341311688568,3.5075930548800652e-05
NDX,calm,autoarima,pinball_avg,4503,0.0008591676418207814,2.7886707278727858e-05
NDX,calm,autoarima,qlike,4503,0.45749650521955554,0.029086806726500096
NDX,calm,autoarima,fz0_0p01,4503,-3.1327427607239438,0.085849728872927411
NDX,calm,autoarima,fz0_0p025,4503,-3.432599259546786,0.051065341123964318
NDX,calm,autoarima,fz0_0p05,4503,-3.6501824547061754,0.036282925135635219
NDX,calm,autoarima,fz0_avg,4503,-3.4051748249923017,0.056889182654779887
NDX,calm,autoarima,qlike_ex_near_zero,4503,0.45749650521955554,0.029086806726500096
NDX,calm,autoets,crps,4503,0.0062617333568314136,0.00010427220006991988
NDX,calm,autoets,log_score,4503,-3.1120499399432324,0.017493282911051147
NDX,calm,autoets,pinball_0p01,4503,0.00039831712512225314,1.9461936264060735e-05
NDX,calm,autoets,pinball_0p025,4503,0.0008011881612605753,2.6183819716320192e-05
NDX,calm,autoets,pinball_0p05,4503,0.0013456407820290693,3.3286748383699439e-05
NDX,calm,autoets,pinball_avg,4503,0.00084838202280396581,2.5812660928396037e-05
NDX,calm,autoets,qlike,4503,0.44960245313069769,0.02479885211192466
NDX,calm,autoets,fz0_0p01,4503,-3.1811691790148648,0.079106995524928975
NDX,calm,autoets,fz0_0p025,4503,-3.4575125797060453,0.047505375364213551
NDX,calm,autoets,fz0_0p05,4503,-3.6642666560663084,0.034258985137318496
NDX,calm,autoets,fz0_avg,4503,-3.4343161382624063,0.052728529054184209
NDX,calm,autoets,qlike_ex_near_zero,4503,0.44960245313069769,0.02479885211192466
NDX,calm,chronos,crps,4503,0.0062872498179589792,0.00010516504301682198
NDX,calm,chronos,log_score,4503,-3.0999353545668757,0.017862072248932416
NDX,calm,chronos,pinball_0p01,4503,0.00040719883803291791,2.088971582998841e-05
NDX,calm,chronos,pinball_0p025,4503,0.00081934505920881046,2.8021922526703095e-05
NDX,calm,chronos,pinball_0p05,4503,0.0013662875847024346,3.5249882809997841e-05
NDX,calm,chronos,pinball_avg,4503,0.00086427716064805431,2.7547017214478119e-05
NDX,calm,chronos,qlike,4503,0.4551752570056522,0.025522061175115653
NDX,calm,chronos,fz0_0p01,4503,-3.1537396820649191,0.082172758860554015
NDX,calm,chronos,fz0_0p025,4503,-3.4291629959837748,0.049764062125214566
NDX,calm,chronos,fz0_0p05,4503,-3.6420176565283007,0.035870876485333721
NDX,calm,chronos,fz0_avg,4503,-3.4083067781923315,0.055034808743729915
NDX,calm,chronos,qlike_ex_near_zero,4503,0.4551752570056522,0.025522061175115653
NDX,calm,ewma,crps,4503,0.0063329421899155618,0.00010555844151137032
NDX,calm,ewma,log_score,4503,-3.0706973336925847,0.01898466322161926
NDX,calm,ewma,pinball_0p01,4503,0.00043525533201004956,2.2884047751608511e-05
NDX,calm,ewma,pinball_0p025,4503,0.00085036206497960071,2.9425353100062329e-05
NDX,calm,ewma,pinball_0p05,4503,0.0014025451501642168,3.5920937271350913e-05
NDX,calm,ewma,pinball_avg,4503,0.00089605418238462235,2.893990484783492e-05
NDX,calm,ewma,qlike,4503,0.48216614844588596,0.024195628542549176
NDX,calm,ewma,fz0_0p01,4503,-2.9973803669463921,0.099389544791857548
NDX,calm,ewma,fz0_0p025,4503,-3.3483808781108024,0.056655743690174641
NDX,calm,ewma,fz0_0p05,4503,-3.5882191180273355,0.039036718137802177
NDX,calm,ewma,fz0_avg,4503,-3.3113267876948433,0.064199233219447677
NDX,calm,ewma,qlike_ex_near_zero,4503,0.48216614844588596,0.024195628542549176
NDX,calm,garch11,crps,4503,0.0063272289441059972,0.00010553262987404752
NDX,calm,garch11,log_score,4503,-3.0789046280097456,0.017820911040429308
NDX,calm,garch11,pinball_0p01,4503,0.00043018553071017505,2.3543969634401547e-05
NDX,calm,garch11,pinball_0p025,4503,0.00084303384160640488,3.0122514702937633e-05
NDX,calm,garch11,pinball_0p05,4503,0.0013987569976301637,3.6701564545771134e-05
NDX,calm,garch11,pinball_avg,4503,0.00089065878998224792,2.9678650429377329e-05
NDX,calm,garch11,qlike,4503,0.46279130000003499,0.017957179956993828
NDX,calm,garch11,fz0_0p01,4503,-3.0706235307386081,0.087509379969756232
NDX,calm,garch11,fz0_0p025,4503,-3.3823137833637023,0.051762420874627527
NDX,calm,garch11,fz0_0p05,4503,-3.6038413869540502,0.036566420655477286
NDX,calm,garch11,fz0_avg,4503,-3.3522595670187867,0.05783341947583779
NDX,calm,garch11,qlike_ex_near_zero,4503,0.46279130000003499,0.017957179956993828
NDX,calm,garch11_t,crps,4503,0.0063097260469142562,0.00010659725168892351
NDX,calm,garch11_t,log_score,4503,-3.1041382019475252,0.016631433526834414
NDX,calm,garch11_t,pinball_0p01,4503,0.00041234103072194803,1.9775857152297477e-05
NDX,calm,garch11_t,pinball_0p025,4503,0.00083598379647331048,2.8643464675342611e-05
NDX,calm,garch11_t,pinball_0p05,4503,0.0013939350330166318,3.691376147756227e-05
NDX,calm,garch11_t,pinball_avg,4503,0.00088075328673729674,2.7796354720348577e-05
NDX,calm,garch11_t,qlike,4503,0.46503032093110203,0.017614973176315652
NDX,calm,garch11_t,fz0_0p01,4503,-3.2001074103759097,0.061171625174509719
NDX,calm,garch11_t,fz0_0p025,4503,-3.4203696293436914,0.043842491934457294
NDX,calm,garch11_t,fz0_0p05,4503,-3.6170818822878759,0.034465052749413236
NDX,calm,garch11_t,fz0_avg,4503,-3.4125196406691591,0.045369499188348594
NDX,calm,garch11_t,qlike_ex_near_zero,4503,0.46503032093110203,0.017614973176315652
NDX,calm,gjr,crps,4503,0.0062738522235047771,0.0001042476408153766
NDX,calm,gjr,log_score,4503,-3.101289147386141,0.018222170147577266
NDX,calm,gjr,pinball_0p01,4503,0.00041337046068287274,2.1608474651281374e-05
NDX,calm,gjr,pinball_0p025,4503,0.00082301563203098622,2.8217711354901383e-05
NDX,calm,gjr,pinball_0p05,4503,0.0013729521888101209,3.5129688856762717e-05
NDX,calm,gjr,pinball_avg,4503,0.0008697794271746599,2.7784844494717012e-05
NDX,calm,gjr,qlike,4503,0.42139369308789482,0.013842020517461029
NDX,calm,gjr,fz0_0p01,4503,-3.1092326954769969,0.091077764539817266
NDX,calm,gjr,fz0_0p025,4503,-3.4110562350841738,0.052662522639477453
NDX,calm,gjr,fz0_0p05,4503,-3.6270980279879326,0.036948028817382676
NDX,calm,gjr,fz0_avg,4503,-3.3824623195163674,0.059296355372557855
NDX,calm,gjr,qlike_ex_near_zero,4503,0.42139369308789482,0.013842020517461029
NDX,calm,har,crps,4503,0.0062717400366099412,0.000104917617332835
NDX,calm,har,log_score,4503,-3.1093104005427556,0.01743808369699076
NDX,calm,har,pinball_0p01,4503,0.00040077290316988798,2.0893414101697687e-05
NDX,calm,har,pinball_0p025,4503,0.00080773911735138146,2.7778603697033729e-05
NDX,calm,har,pinball_0p05,4503,0.0013527859629158517,3.4770610762440834e-05
NDX,calm,har,pinball_avg,4503,0.00085376599447904039,2.7337127608487815e-05
NDX,calm,har,qlike,4503,0.44636376641094511,0.02637166584906463
NDX,calm,har,fz0_0p01,4503,-3.193982863691514,0.078829131733317237
NDX,calm,har,fz0_0p025,4503,-3.4559897619355153,0.04792453302185317
NDX,calm,har,fz0_0p05,4503,-3.6595126180280722,0.034667498092611347
NDX,calm,har,fz0_avg,4503,-3.4364950812183674,0.052949269155687852
NDX,calm,har,qlike_ex_near_zero,4503,0.44636376641094511,0.02637166584906463
NDX,calm,lgbm,crps,4503,0.0063751803857465695,0.00010579754995240069
NDX,calm,lgbm,log_score,4503,-3.0598883360490827,0.018550821482108144
NDX,calm,lgbm,pinball_0p01,4503,0.00043258462780352717,2.206780959822736e-05
NDX,calm,lgbm,pinball_0p025,4503,0.00085027564416666668,2.8517316810819642e-05
NDX,calm,lgbm,pinball_0p05,4503,0.001409516727175256,3.5060356107860139e-05
NDX,calm,lgbm,pinball_avg,4503,0.00089745899971515003,2.8116337777467234e-05
NDX,calm,lgbm,qlike,4503,0.53948107169379467,0.029610454819867731
NDX,calm,lgbm,fz0_0p01,4503,-3.0679611470733605,0.084871387632274989
NDX,calm,lgbm,fz0_0p025,4503,-3.3826345030785556,0.049926521238986096
NDX,calm,lgbm,fz0_0p05,4503,-3.6035737327117019,0.035054959369434556
NDX,calm,lgbm,fz0_avg,4503,-3.3513897942878725,0.05590591197207502
NDX,calm,lgbm,qlike_ex_near_zero,4503,0.53948107169379467,0.029610454819867731
NDX,calm,moirai,crps,4503,0.006270288597492334,0.00010554735328140722
NDX,calm,moirai,log_score,4503,-3.1060062792175378,0.018428988027684157
NDX,calm,moirai,pinball_0p01,4503,0.00040472348926091928,2.0218455943680785e-05
NDX,calm,moirai,pinball_0p025,4503,0.00080985331023571074,2.7353905336450549e-05
NDX,calm,moirai,pinball_0p05,4503,0.0013518806690122579,3.4809978431513495e-05
NDX,calm,moirai,pinball_avg,4503,0.00085548582283629597,2.6905481252043883e-05
NDX,calm,moirai,qlike,4503,0.43769013981127808,0.02013567744114695
NDX,calm,moirai,fz0_0p01,4503,-3.1362583808366771,0.084783030571237428
NDX,calm,moirai,fz0_0p025,4503,-3.43516662744456,0.050828437707774822
NDX,calm,moirai,fz0_0p05,4503,-3.6526694027876876,0.036479131626213579
NDX,calm,moirai,fz0_avg,4503,-3.4080314703563084,0.056435163083589299
NDX,calm,moirai,qlike_ex_near_zero,4503,0.43769013981127808,0.02013567744114695
NDX,calm,naive,crps,4503,0.0065647611365071074,0.00010584972929503587
NDX,calm,naive,log_score,4503,-2.9647975733887257,0.023202448240473395
NDX,calm,naive,pinball_0p01,4503,0.000484262041543168,2.7252558132103566e-05
NDX,calm,naive,pinball_0p025,4503,0.00093483356072452826,3.3335304405760729e-05
NDX,calm,naive,pinball_0p05,4503,0.0015306286926324694,3.889125241366073e-05
NDX,calm,naive,pinball_avg,4503,0.00098324143163338869,3.2845269024970237e-05
NDX,calm,naive,qlike,4503,0.73426562992785283,0.051696594655805742
NDX,calm,naive,fz0_0p01,4503,-2.9004447478633364,0.10281854985535152
NDX,calm,naive,fz0_0p025,4503,-3.2440343818996773,0.057927785896472191
NDX,calm,naive,fz0_0p05,4503,-3.4786825145571107,0.039228042366356256
NDX,calm,naive,fz0_avg,4503,-3.2077205481067081,0.066023166273968786
NDX,calm,naive,qlike_ex_near_zero,4503,0.73426562992785283,0.051696594655805742
NDX,calm,patchtst,crps,4503,0.0064256411271038901,0.00011030027619535166
NDX,calm,patchtst,log_score,4503,-2.9922786548292173,0.025068093424711769
NDX,calm,patchtst,pinball_0p01,4503,0.00051061448506664598,2.8920241634571626e-05
NDX,calm,patchtst,pinball_0p025,4503,0.00093825693820256397,3.5109115421731003e-05
NDX,calm,patchtst,pinball_0p05,4503,0.0014945414776862981,4.1143784436837639e-05
NDX,calm,patchtst,pinball_avg,4503,0.00098113763365183584,3.4643433993407028e-05
NDX,calm,patchtst,qlike,4503,0.65560440125146391,0.038274088006673229
NDX,calm,patchtst,fz0_0p01,4503,-2.6536951403125224,0.12264249006882612
NDX,calm,patchtst,fz0_0p025,4503,-3.1507689478202319,0.069061146577019117
NDX,calm,patchtst,fz0_0p05,4503,-3.4614191200780602,0.046777313696491872
NDX,calm,patchtst,fz0_avg,4503,-3.0886277360702716,0.0787490483351692
NDX,calm,patchtst,qlike_ex_near_zero,4503,0.65560440125146391,0.038274088006673229
NDX,calm,timesfm,crps,4503,0.0062939291765920563,0.00010410585234070276
NDX,calm,timesfm,log_score,4503,-3.0991885394343393,0.017236401875149444
NDX,calm,timesfm,pinball_0p01,4503,0.0004008243743626865,1.9801989355059685e-05
NDX,calm,timesfm,pinball_0p025,4503,0.00081452330312335134,2.7042827655396763e-05
NDX,calm,timesfm,pinball_0p05,4503,0.0013655208677165963,3.4284898930486871e-05
NDX,calm,timesfm,pinball_avg,4503,0.00086028951506754447,2.6545712181232889e-05
NDX,calm,timesfm,qlike,4503,0.45111662030806965,0.020881267452683924
NDX,calm,timesfm,fz0_0p01,4503,-3.1886651949874651,0.075552986851994186
NDX,calm,timesfm,fz0_0p025,4503,-3.4427570479895953,0.046630115929549756
NDX,calm,timesfm,fz0_0p05,4503,-3.6446916485627519,0.034033398014383369
NDX,calm,timesfm,fz0_avg,4503,-3.4253712971799373,0.051163548052904767
NDX,calm,timesfm,qlike_ex_near_zero,4503,0.45111662030806965,0.020881267452683924
NDX,gfc_wide,autoarima,crps,504,0.011632585224904754,0.00060736166238701996
NDX,gfc_wide,autoarima,log_score,504,-2.496691821412286,0.056661776694051993
NDX,gfc_wide,autoarima,pinball_0p01,504,0.00068152874979657187,0.00012873033952369754
NDX,gfc_wide,autoarima,pinball_0p025,504,0.0013801867387673431,0.00015865235795370133
NDX,gfc_wide,autoarima,pinball_0p05,504,0.002351712042011228,0.00019501292876003036
NDX,gfc_wide,autoarima,pinball_avg,504,0.0014711425101917143,0.00015698528289937675
NDX,gfc_wide,autoarima,qlike,504,0.40420758417090363,0.036119220551281597
NDX,gfc_wide,autoarima,fz0_0p01,504,-2.6194437121981142,0.25323102077588566
NDX,gfc_wide,autoarima,fz0_0p025,504,-2.863464911610063,0.15035168586575945
NDX,gfc_wide,autoarima,fz0_0p05,504,-3.0374478880982081,0.10905236885789441
NDX,gfc_wide,autoarima,fz0_avg,504,-2.8401188373021284,0.1668186645903888
NDX,gfc_wide,autoarima,qlike_ex_near_zero,504,0.40420758417090363,0.036119220551281597
NDX,gfc_wide,autoets,crps,504,0.011598815412684116,0.00059943833548059262
NDX,gfc_wide,autoets,log_score,504,-2.5193333187306757,0.051681745527341894
NDX,gfc_wide,autoets,pinball_0p01,504,0.00064181131898326488,0.00011865256386736122
NDX,gfc_wide,autoets,pinball_0p025,504,0.0013173524296970936,0.00014763317038048542
NDX,gfc_wide,autoets,pinball_0p05,504,0.0022872238420929077,0.0001846169283410739
NDX,gfc_wide,autoets,pinball_avg,504,0.0014154625302577556,0.00014669122120406964
NDX,gfc_wide,autoets,qlike,504,0.38789440191444119,0.034155365925325164
NDX,gfc_wide,autoets,fz0_0p01,504,-2.7668248225728473,0.21615252677954447
NDX,gfc_wide,autoets,fz0_0p025,504,-2.9540341943545845,0.12999019977535287
NDX,gfc_wide,autoets,fz0_0p05,504,-3.0982228731610371,0.096475148161746321
NDX,gfc_wide,autoets,fz0_avg,504,-2.939693963362823,0.14345946607932772
NDX,gfc_wide,autoets,qlike_ex_near_zero,504,0.38789440191444119,0.034155365925325164
NDX,gfc_wide,chronos,crps,504,0.011644425697733237,0.00061433276102248807
NDX,gfc_wide,chronos,log_score,504,-2.4913631234577016,0.05784203445254963
NDX,gfc_wide,chronos,pinball_0p01,504,0.00073271148265874331,0.00013661625713966305
NDX,gfc_wide,chronos,pinball_0p025,504,0.0014313130059658524,0.00017046210101955315
NDX,gfc_wide,chronos,pinball_0p05,504,0.0023737789046275994,0.00020540379630561918
NDX,gfc_wide,chronos,pinball_avg,504,0.0015126011310840652,0.00016806030447173224
NDX,gfc_wide,chronos,qlike,504,0.38594450937671987,0.032808400279967474
NDX,gfc_wide,chronos,fz0_0p01,504,-2.5411528969481423,0.26279784520637162
NDX,gfc_wide,chronos,fz0_0p025,504,-2.8146650921267984,0.15796396568869406
NDX,gfc_wide,chronos,fz0_0p05,504,-3.0150556424799535,0.11336072124750472
NDX,gfc_wide,chronos,fz0_avg,504,-2.7902912105182978,0.17445266776375548
NDX,gfc_wide,chronos,qlike_ex_near_zero,504,0.38594450937671987,0.032808400279967474
NDX,gfc_wide,ewma,crps,504,0.011652204758740813,0.00059339194385580761
NDX,gfc_wide,ewma,log_score,504,-2.5061777220011239,0.051164322948519594
NDX,gfc_wide,ewma,pinball_0p01,504,0.00066453518933319849,0.00012334116136258715
NDX,gfc_wide,ewma,pinball_0p025,504,0.0013350445894432367,0.00014851859423988491
NDX,gfc_wide,ewma,pinball_0p05,504,0.002275832765642772,0.00018304892423749207
NDX,gfc_wide,ewma,pinball_avg,504,0.0014251375148064023,0.00014850137449876394
NDX,gfc_wide,ewma,qlike,504,0.40106527486389276,0.037998612562820513
NDX,gfc_wide,ewma,fz0_0p01,504,-2.7383174529713439,0.21996436724866228
NDX,gfc_wide,ewma,fz0_0p025,504,-2.9314062825471523,0.12891470641265759
NDX,gfc_wide,ewma,fz0_0p05,504,-3.0984707988241964,0.094379987219339712
NDX,gfc_wide,ewma,fz0_avg,504,-2.922731511447564,0.14394573481578427
NDX,gfc_wide,ewma,qlike_ex_near_zero,504,0.40106527486389276,0.037998612562820513
NDX,gfc_wide,garch11,crps,504,0.011677989754415781,0.00059837651028575676
NDX,gfc_wide,garch11,log_score,504,-2.4843815066539712,0.057417780392702358
NDX,gfc_wide,garch11,pinball_0p01,504,0.00070000419345650087,0.00013660472566318137
NDX,gfc_wide,garch11,pinball_0p025,504,0.0013768025081967667,0.00016213001340429346
NDX,gfc_wide,garch11,pinball_0p05,504,0.0023342865737757809,0.00019529952845710378
NDX,gfc_wide,garch11,pinball_avg,504,0.0014703644251430163,0.00016142612810881487
NDX,gfc_wide,garch11,qlike,504,0.42425524876784892,0.052444739024780654
NDX,gfc_wide,garch11,fz0_0p01,504,-2.5957557511231655,0.27538804607837791
NDX,gfc_wide,garch11,fz0_0p025,504,-2.8558151418058704,0.15902231293798047
NDX,gfc_wide,garch11,fz0_0p05,504,-3.0405353248133173,0.11292743514543885
NDX,gfc_wide,garch11,fz0_avg,504,-2.8307020725807845,0.17877110307779692
NDX,gfc_wide,garch11,qlike_ex_near_zero,504,0.42425524876784892,0.052444739024780654
NDX,gfc_wide,garch11_t,crps,504,0.011683160748547661,0.00060515808064910237
NDX,gfc_wide,garch11_t,log_score,504,-2.4997404810699364,0.050351378042647305
NDX,gfc_wide,garch11_t,pinball_0p01,504,0.00067867852147236144,0.00012525996983941997
NDX,gfc_wide,garch11_t,pinball_0p025,504,0.0013665398869030863,0.00015577126138601689
NDX,gfc_wide,garch11_t,pinball_0p05,504,0.0023341653461303523,0.00019446018800771945
NDX,gfc_wide,garch11_t,pinball_avg,504,0.0014597945848352667,0.00015461734364861419
NDX,gfc_wide,garch11_t,qlike,504,0.41933378385067388,0.04788106556061468
NDX,gfc_wide,garch11_t,fz0_0p01,504,-2.7268690414138748,0.21436919170566648
NDX,gfc_wide,garch11_t,fz0_0p025,504,-2.902407475073034,0.13668491069011432
NDX,gfc_wide,garch11_t,fz0_0p05,504,-3.0580431253712845,0.10466571024257626
NDX,gfc_wide,garch11_t,fz0_avg,504,-2.8957732139527312,0.14701774780813867
NDX,gfc_wide,garch11_t,qlike_ex_near_zero,504,0.41933378385067388,0.04788106556061468
NDX,gfc_wide,gjr,crps,504,0.011591670716189094,0.00059469122470278671
NDX,gfc_wide,gjr,log_score,504,-2.5151910487611437,0.052869559986933892
NDX,gfc_wide,gjr,pinball_0p01,504,0.00066021424913699305,0.00012567477679822052
NDX,gfc_wide,gjr,pinball_0p025,504,0.0013548366138170186,0.00015494273609795698
NDX,gfc_wide,gjr,pinball_0p05,504,0.0023318398929563478,0.00019320500385634277
NDX,gfc_wide,gjr,pinball_avg,504,0.0014489635853034532,0.00015426009953037315
NDX,gfc_wide,gjr,qlike,504,0.35310132444038567,0.037835815840681665
NDX,gfc_wide,gjr,fz0_0p01,504,-2.7189217204366138,0.233986221427184
NDX,gfc_wide,gjr,fz0_0p025,504,-2.9090525117498021,0.1421599396784016
NDX,gfc_wide,gjr,fz0_0p05,504,-3.0612861942892837,0.10503990634760466
NDX,gfc_wide,gjr,fz0_avg,504,-2.8964201421585662,0.1559249067066335
NDX,gfc_wide,gjr,qlike_ex_near_zero,504,0.35310132444038567,0.037835815840681665
NDX,gfc_wide,har,crps,504,0.011640073714810009,0.00061360845658526956
NDX,gfc_wide,har,log_score,504,-2.4934419274415167,0.058670719408500889
NDX,gfc_wide,har,pinball_0p01,504,0.0006616262373472134,0.00013280527692497161
NDX,gfc_wide,har,pinball_0p025,504,0.0013775747362054472,0.00016333468663010971
NDX,gfc_wide,har,pinball_0p05,504,0.0023480532028197689,0.00019955684503066974
NDX,gfc_wide,har,pinball_avg,504,0.0014624180587908097,0.00016140380783336947
NDX,gfc_wide,har,qlike,504,0.37902353264157385,0.038379012051417173
NDX,gfc_wide,har,fz0_0p01,504,-2.7002183556872392,0.26584957628000183
NDX,gfc_wide,har,fz0_0p025,504,-2.880988210432057,0.15403396404683839
NDX,gfc_wide,har,fz0_0p05,504,-3.043772578922801,0.11093905060187745
NDX,gfc_wide,har,fz0_avg,504,-2.8749930483473656,0.17227871381027265
NDX,gfc_wide,har,qlike_ex_near_zero,504,0.37902353264157385,0.038379012051417173
NDX,gfc_wide,lgbm,crps,504,0.011909813115503447,0.00062950357149156653
NDX,gfc_wide,lgbm,log_score,504,-2.4172456608923785,0.07021178678814427
NDX,gfc_wide,lgbm,pinball_0p01,504,0.00079459503051049186,0.00015264167208788853
NDX,gfc_wide,lgbm,pinball_0p025,504,0.0015213037827883204,0.00018097265611523764
NDX,gfc_wide,lgbm,pinball_0p05,504,0.002538824532445581,0.00022049882165935027
NDX,gfc_wide,lgbm,pinball_avg,504,0.0016182411152481312,0.0001819689282642257
NDX,gfc_wide,lgbm,qlike,504,0.59071211012646663,0.065844775050935181
NDX,gfc_wide,lgbm,fz0_0p01,504,-2.4624111602748329,0.3075699819674596
NDX,gfc_wide,lgbm,fz0_0p025,504,-2.771239509514865,0.17147467624376309
NDX,gfc_wide,lgbm,fz0_0p05,504,-2.9626511037059924,0.121521241691811
NDX,gfc_wide,lgbm,fz0_avg,504,-2.7321005911652301,0.19690332966561402
NDX,gfc_wide,lgbm,qlike_ex_near_zero,504,0.59071211012646663,0.065844775050935181
NDX,gfc_wide,moirai,crps,504,0.011657902252728251,0.00062108579853203992
NDX,gfc_wide,moirai,log_score,504,-2.4843603131913099,0.059424947700228235
NDX,gfc_wide,moirai,pinball_0p01,504,0.00075799059494965025,0.0001458157894793591
NDX,gfc_wide,moirai,pinball_0p025,504,0.0014559749157073609,0.00018040712071038382
NDX,gfc_wide,moirai,pinball_0p05,504,0.0024002928781815536,0.00021502067357316205
NDX,gfc_wide,moirai,pinball_avg,504,0.0015380861296128551,0.00017775838036407135
NDX,gfc_wide,moirai,qlike,504,0.38793415663331554,0.034070822152867636
NDX,gfc_wide,moirai,fz0_0p01,504,-2.4953605232849538,0.28397730580288999
NDX,gfc_wide,moirai,fz0_0p025,504,-2.7932846234362745,0.16720233669577161
NDX,gfc_wide,moirai,fz0_0p05,504,-2.9973399735404147,0.11861657668905221
NDX,gfc_wide,moirai,fz0_avg,504,-2.7619950400872146,0.18632527872950591
NDX,gfc_wide,moirai,qlike_ex_near_zero,504,0.38793415663331554,0.034070822152867636
NDX,gfc_wide,naive,crps,504,0.012111147866229579,0.0006977855489586868
NDX,gfc_wide,naive,log_score,504,-2.1761731329050487,0.13283646235561791
NDX,gfc_wide,naive,pinball_0p01,504,0.0012005241321033015,0.00023916261783333285
NDX,gfc_wide,naive,pinball_0p025,504,0.001984808533532082,0.00028237631414448103
NDX,gfc_wide,naive,pinball_0p05,504,0.0029679669751150146,0.00031918865120333657
NDX,gfc_wide,naive,pinball_avg,504,0.0020510998802501326,0.00027824668369934281
NDX,gfc_wide,naive,qlike,504,0.87075314947863114,0.15976950002015908
NDX,gfc_wide,naive,fz0_0p01,504,-1.1842382605859818,0.61744659417858527
NDX,gfc_wide,naive,fz0_0p025,504,-2.0361351098264611,0.33844935874422882
NDX,gfc_wide,naive,fz0_0p05,504,-2.5035880195062585,0.22251788052834748
NDX,gfc_wide,naive,fz0_avg,504,-1.9079871299729003,0.38965741998556247
NDX,gfc_wide,naive,qlike_ex_near_zero,504,0.87075314947863114,0.15976950002015908
NDX,gfc_wide,patchtst,crps,504,0.011918618455837499,0.0006365853696076012
NDX,gfc_wide,patchtst,log_score,504,-2.347094066494499,0.084910112665303156
NDX,gfc_wide,patchtst,pinball_0p01,504,0.00090340337723424514,0.00017454645184175098
NDX,gfc_wide,patchtst,pinball_0p025,504,0.0016653992032947698,0.0002114634113819233
NDX,gfc_wide,patchtst,pinball_0p05,504,0.0026413198871779561,0.00024956156865735192
NDX,gfc_wide,patchtst,pinball_avg,504,0.0017367074892356569,0.00020923507385052091
NDX,gfc_wide,patchtst,qlike,504,0.74835871704234569,0.14506691946101949
NDX,gfc_wide,patchtst,fz0_0p01,504,-2.0651283958391811,0.38797380690298033
NDX,gfc_wide,patchtst,fz0_0p025,504,-2.5265921487227834,0.21693053792857059
NDX,gfc_wide,patchtst,fz0_0p05,504,-2.820455780718194,0.14740397012975281
NDX,gfc_wide,patchtst,fz0_avg,504,-2.4707254417600533,0.24780163296558474
NDX,gfc_wide,patchtst,qlike_ex_near_zero,504,0.74835871704234569,0.14506691946101949
NDX,gfc_wide,timesfm,crps,504,0.01168086092114066,0.00062479729514149074
NDX,gfc_wide,timesfm,log_score,504,-2.4697447761712441,0.062843961295234799
NDX,gfc_wide,timesfm,pinball_0p01,504,0.00077022551919969618,0.00015555052238508456
NDX,gfc_wide,timesfm,pinball_0p025,504,0.0014665657585064597,0.00018760233331985353
NDX,gfc_wide,timesfm,pinball_0p05,504,0.0024002052300736206,0.00022000259460680952
NDX,gfc_wide,timesfm,pinball_avg,504,0.0015456655025932588,0.00018488997237908015
NDX,gfc_wide,timesfm,qlike,504,0.39320730054221414,0.03592695563906894
NDX,gfc_wide,timesfm,fz0_0p01,504,-2.4198081787826289,0.31949610125372191
NDX,gfc_wide,timesfm,fz0_0p025,504,-2.7579302456158175,0.18288178503195135
NDX,gfc_wide,timesfm,fz0_0p05,504,-2.9799926248996806,0.12696249108427179
NDX,gfc_wide,timesfm,fz0_avg,504,-2.7192436830993749,0.2061333267354741
NDX,gfc_wide,timesfm,qlike_ex_near_zero,504,0.39320730054221414,0.03592695563906894
NKX,gfc,autoarima,crps,140,0.020278870824167568,0.0020510426141824522
NKX,gfc,autoarima,log_score,140,-1.617069500588961,0.19970723603976914
NKX,gfc,autoarima,pinball_0p01,140,0.0026394467940679717,0.00068950981952974348
NKX,gfc,autoarima,pinball_0p025,140,0.0040943349673149224,0.00083498683666272545
NKX,gfc,autoarima,pinball_0p05,140,0.0057305963873904619,0.00094799042986158514
NKX,gfc,autoarima,pinball_avg,140,0.0041547927162577849,0.00081877090240763074
NKX,gfc,autoarima,qlike,140,0.35528117036641443,0.065379819586031687
NKX,gfc,autoarima,fz0_0p01,140,0.71121227786448393,1.1180363822627579
NKX,gfc,autoarima,fz0_0p025,140,-0.70461898925633593,0.63624615719050259
NKX,gfc,autoarima,fz0_0p05,140,-1.4849351270030644,0.42487635003467505
NKX,gfc,autoarima,fz0_avg,140,-0.49278061279830537,0.72133655349422343
NKX,gfc,autoarima,qlike_ex_near_zero,140,0.35528117036641443,0.065379819586031687
NKX,gfc,autoets,crps,140,0.020277701795194881,0.0020505864814461513
NKX,gfc,autoets,log_score,140,-1.6186631376077254,0.19916494472852281
NKX,gfc,autoets,pinball_0p01,140,0.0026347252906480326,0.00068823998735195876
NKX,gfc,autoets,pinball_0p025,140,0.0040898244804979831,0.00083402255496178032
NKX,gfc,autoets,pinball_0p05,140,0.0057283152382324367,0.00094717723182323379
NKX,gfc,autoets,pinball_avg,140,0.0041509550031261517,0.00081775444613588601
NKX,gfc,autoets,qlike,140,0.35508335425863657,0.06534297712776109
NKX,gfc,autoets,fz0_0p01,140,0.69679511159084162,1.1141787249991699
NKX,gfc,autoets,fz0_0p025,140,-0.71161144079403815,0.63458841502010788
NKX,gfc,autoets,fz0_0p05,140,-1.4880975274354775,0.42395669881191106
NKX,gfc,autoets,fz0_avg,140,-0.5009712855462245,0.71918102392557937
NKX,gfc,autoets,qlike_ex_near_zero,140,0.35508335425863657,0.06534297712776109
NKX,gfc,chronos,crps,140,0.020420515715622933,0.0020583885321660855
NKX,gfc,chronos,log_score,140,-1.488464780967117,0.20727757180246817
NKX,gfc,chronos,pinball_0p01,140,0.0031200134453055377,0.00073125905502076231
NKX,gfc,chronos,pinball_0p025,140,0.0045758060167427573,0.00087232497718029713
NKX,gfc,chronos,pinball_0p05,140,0.0060874880150133311,0.00099636772648968217
NKX,gfc,chronos,pinball_avg,140,0.0045944358256872087,0.00086234599820480477
NKX,gfc,chronos,qlike,140,0.44847269770030157,0.11787909102328492
NKX,gfc,chronos,fz0_0p01,140,2.0099263911794423,1.3080920036217649
NKX,gfc,chronos,fz0_0p025,140,-0.049610817122606121,0.72824915212337604
NKX,gfc,chronos,fz0_0p05,140,-1.1406138829560941,0.48771504651792152
NKX,gfc,chronos,fz0_avg,140,0.27323389703358092,0.83697785937804481
NKX,gfc,chronos,qlike_ex_near_zero,140,0.44847269770030157,0.11787909102328492
NKX,gfc,ewma,crps,140,0.019458298878647001,0.0017629800372939296
NKX,gfc,ewma,log_score,140,-1.9313390304940055,0.11177744104147606
NKX,gfc,ewma,pinball_0p01,140,0.0014051744605134571,0.00037258066568293961
NKX,gfc,ewma,pinball_0p025,140,0.002598388125797239,0.000494546383164022
NKX,gfc,ewma,pinball_0p05,140,0.0042167124054245369,0.00061054899415591778
NKX,gfc,ewma,pinball_avg,140,0.0027400916639117442,0.00048339352856879695
NKX,gfc,ewma,qlike,140,0.63117335065493407,0.086131912183885731
NKX,gfc,ewma,fz0_0p01,140,-1.6168752905193233,0.59442630662432083
NKX,gfc,ewma,fz0_0p025,140,-2.088766298793002,0.34376828321041891
NKX,gfc,ewma,fz0_0p05,140,-2.3454339209791084,0.23440856240461194
NKX,gfc,ewma,fz0_avg,140,-2.0170251700971447,0.38680239463888977
NKX,gfc,ewma,qlike_ex_near_zero,140,0.63117335065493407,0.086131912183885731
NKX,gfc,garch11,crps,140,0.019280265530545928,0.0017500720641783301
NKX,gfc,garch11,log_score,140,-1.9743040724255483,0.1005991748155511
NKX,gfc,garch11,pinball_0p01,140,0.0012019328362567092,0.00031523957195027201
NKX,gfc,garch11,pinball_0p025,140,0.002404797630811382,0.0004237631757294771
NKX,gfc,garch11,pinball_0p05,140,0.0042556162067214536,0.00054704845752500482
NKX,gfc,garch11,pinball_avg,140,0.0026207822245965153,0.00041697514035361484
NKX,gfc,garch11,qlike,140,0.55424802853483524,0.078687793992313085
NKX,gfc,garch11,fz0_0p01,140,-1.9354571187355243,0.48889096349515049
NKX,gfc,garch11,fz0_0p025,140,-2.2114951384178823,0.29277229047304415
NKX,gfc,garch11,fz0_0p05,140,-2.3364601365259272,0.20908789186615509
NKX,gfc,garch11,fz0_avg,140,-2.1611374645597783,0.32396234517858119
NKX,gfc,garch11,qlike_ex_near_zero,140,0.55424802853483524,0.078687793992313085
NKX,gfc,garch11_t,crps,140,0.019329165686475941,0.0017773615969172497
NKX,gfc,garch11_t,log_score,140,-1.9812748826578364,0.094910065164337379
NKX,gfc,garch11_t,pinball_0p01,140,0.0012072438400587185,0.00028779792660524979
NKX,gfc,garch11_t,pinball_0p025,140,0.0024190450019437662,0.00043923249625858513
NKX,gfc,garch11_t,pinball_0p05,140,0.0042820810104886821,0.00058077095212530014
NKX,gfc,garch11_t,pinball_avg,140,0.0026361232841637223,0.00042330470499677173
NKX,gfc,garch11_t,qlike,140,0.565746123127704,0.079435731528152836
NKX,gfc,garch11_t,fz0_0p01,140,-2.0115859716116185,0.39039420300842564
NKX,gfc,garch11_t,fz0_0p025,140,-2.2636943583670983,0.27579982166465478
NKX,gfc,garch11_t,fz0_0p05,140,-2.3521242308775689,0.2090977641918369
NKX,gfc,garch11_t,fz0_avg,140,-2.2091348536187621,0.28598508508807802
NKX,gfc,garch11_t,qlike_ex_near_zero,140,0.565746123127704,0.079435731528152836
NKX,gfc,gjr,crps,140,0.019191190436373556,0.0017138945607011004
NKX,gfc,gjr,log_score,140,-1.9837031523383692,0.090335831232521896
NKX,gfc,gjr,pinball_0p01,140,0.0011376198379995275,0.0002493792049775107
NKX,gfc,gjr,pinball_0p025,140,0.0024548931001083553,0.00037927088652134892
NKX,gfc,gjr,pinball_0p05,140,0.0041942089959228091,0.00052884677331821754
NKX,gfc,gjr,pinball_avg,140,0.0025955739780102309,0.00036877765318526779
NKX,gfc,gjr,qlike,140,0.52600939206085018,0.076339700052648479
NKX,gfc,gjr,fz0_0p01,140,-1.8848214600450632,0.44871706809275264
NKX,gfc,gjr,fz0_0p025,140,-2.1278375449176834,0.28620327755551794
NKX,gfc,gjr,fz0_0p05,140,-2.3248562366915673,0.21079345537615735
NKX,gfc,gjr,fz0_avg,140,-2.1125050805514376,0.3075657690085527
NKX,gfc,gjr,qlike_ex_near_zero,140,0.52600939206085018,0.076339700052648479
NKX,gfc,har,crps,140,0.020222325068995618,0.0020274429161991165
NKX,gfc,har,log_score,140,-1.5992193466511995,0.2037217692681822
NKX,gfc,har,pinball_0p01,140,0.0027722189292407771,0.00070723577474488138
NKX,gfc,har,pinball_0p025,140,0.0041968998894066287,0.00084704387694893015
NKX,gfc,har,pinball_0p05,140,0.0057627976217587131,0.0009599184801058233
NKX,gfc,har,pinball_avg,140,0.0042439721468020396,0.00083321897210643749
NKX,gfc,har,qlike,140,0.37471502686040237,0.073791179051275496
NKX,gfc,har,fz0_0p01,140,1.0549686929189046,1.1946815172432594
NKX,gfc,har,fz0_0p025,140,-0.55351542966067058,0.66952004902701534
NKX,gfc,har,fz0_0p05,140,-1.4133399492384597,0.44634966915360019
NKX,gfc,har,fz0_avg,140,-0.30396222866007544,0.76517562930543603
NKX,gfc,har,qlike_ex_near_zero,140,0.37471502686040237,0.073791179051275496
NKX,gfc,lgbm,crps,140,0.020634187844808603,0.0021367493032677415
NKX,gfc,lgbm,log_score,140,-1.2369595136546467,0.35726193717838983
NKX,gfc,lgbm,pinball_0p01,140,0.0031903584768789208,0.00093152613479512635
NKX,gfc,lgbm,pinball_0p025,140,0.0045007686417473276,0.0010330640921656024
NKX,gfc,lgbm,pinball_0p05,140,0.006054077489606363,0.0011016039092019612
NKX,gfc,lgbm,pinball_avg,140,0.0045817348694108702,0.0010181735608861648
NKX,gfc,lgbm,qlike,140,0.53526648153895129,0.11043808105289873
NKX,gfc,lgbm,fz0_0p01,140,2.4396491700454166,1.9117895868281307
NKX,gfc,lgbm,fz0_0p025,140,0.0248544429155215,0.98483780005066102
NKX,gfc,lgbm,fz0_0p05,140,-1.0795128278000776,0.61226346359754791
NKX,gfc,lgbm,fz0_avg,140,0.46166359505362065,1.1663879394364123
NKX,gfc,lgbm,qlike_ex_near_zero,140,0.53526648153895129,0.11043808105289873
NKX,gfc,moirai,crps,140,0.020467216328149108,0.0020724621071864851
NKX,gfc,moirai,log_score,140,-1.4661492486844561,0.22019664213074105
NKX,gfc,moirai,pinball_0p01,140,0.0031355724220457509,0.00073151367217044131
NKX,gfc,moirai,pinball_0p025,140,0.0046049971661594174,0.00086804099260376474
NKX,gfc,moirai,pinball_0p05,140,0.0061392806508163197,0.0009883605033481149
NKX,gfc,moirai,pinball_avg,140,0.0046266167463404964,0.00085748731668004361
NKX,gfc,moirai,qlike,140,0.42404924930925902,0.10536757200849871
NKX,gfc,moirai,fz0_0p01,140,2.0467267204075505,1.3313921103542317
NKX,gfc,moirai,fz0_0p025,140,-0.018438853950521507,0.73242488126648697
NKX,gfc,moirai,fz0_0p05,140,-1.1076117607497684,0.4867922096957521
NKX,gfc,moirai,fz0_avg,140,0.30689203523575354,0.84504447515645043
NKX,gfc,moirai,qlike_ex_near_zero,140,0.42404924930925902,0.10536757200849871
NKX,gfc,naive,crps,140,0.020751786493132241,0.0021936655763849671
NKX,gfc,naive,log_score,140,-0.94624577209334981,0.47502452970576275
NKX,gfc,naive,pinball_0p01,140,0.0035325154502565052,0.00099849213895207632
NKX,gfc,naive,pinball_0p025,140,0.004822895944477862,0.0010976745072864183
NKX,gfc,naive,pinball_0p05,140,0.006298090338376027,0.0011756126571751265
NKX,gfc,naive,pinball_avg,140,0.0048845005777034649,0.0010865235329971627
NKX,gfc,naive,qlike,140,0.54361862582126563,0.11715456181402388
NKX,gfc,naive,fz0_0p01,140,3.8361941550724974,2.306020355275257
NKX,gfc,naive,fz0_0p025,140,0.68654348449771752,1.1699801164010608
NKX,gfc,naive,fz0_0p05,140,-0.71116669936245647,0.7270592903300892
NKX,gfc,naive,fz0_avg,140,1.2705236467359196,1.3975684661559993
NKX,gfc,naive,qlike_ex_near_zero,140,0.54361862582126563,0.11715456181402388
NKX,gfc,patchtst,crps,140,0.020904393792553957,0.0021964058775357457
NKX,gfc,patchtst,log_score,140,-0.67171253617599413,0.56533754013220205
NKX,gfc,patchtst,pinball_0p01,140,0.0035425652127678677,0.0010928539471745122
NKX,gfc,patchtst,pinball_0p025,140,0.0048224756580264099,0.0011641347397723868
NKX,gfc,patchtst,pinball_0p05,140,0.0064026907141263058,0.001214087827438527
NKX,gfc,patchtst,pinball_avg,140,0.0049225771949735278,0.001152423282710837
NKX,gfc,patchtst,qlike,140,0.69180915229098472,0.18017185661150098
NKX,gfc,patchtst,fz0_0p01,140,4.6926413438907684,2.8259364334211114
NKX,gfc,patchtst,fz0_0p025,140,1.0852398279415869,1.3968373707565269
NKX,gfc,patchtst,fz0_0p05,140,-0.4295065732115948,0.84700802431764999
NKX,gfc,patchtst,fz0_avg,140,1.7827915328735875,1.6866657228520552
NKX,gfc,patchtst,qlike_ex_near_zero,140,0.69180915229098472,0.18017185661150098
NKX,gfc,timesfm,crps,140,0.020579442891578592,0.0021067662775974346
NKX,gfc,timesfm,log_score,140,-1.4044872430969435,0.24023814671478164
NKX,gfc,timesfm,pinball_0p01,140,0.0033674419946976672,0.00078515129743029696
NKX,gfc,timesfm,pinball_0p025,140,0.0047816597732819712,0.00092498301008602695
NKX,gfc,timesfm,pinball_0p05,140,0.0062779119904835283,0.0010371101351141295
NKX,gfc,timesfm,pinball_avg,140,0.0048090045861543885,0.00091295916080175003
NKX,gfc,timesfm,qlike,140,0.45159755368656096,0.12074161948208892
NKX,gfc,timesfm,fz0_0p01,140,2.5784469738385831,1.4199075514891766
NKX,gfc,timesfm,fz0_0p025,140,0.20555528290497063,0.78458831411825825
NKX,gfc,timesfm,fz0_0p05,140,-0.98443258995175309,0.51742597595477258
NKX,gfc,timesfm,fz0_avg,140,0.59985655559726714,0.90363946373772241
NKX,gfc,timesfm,qlike_ex_near_zero,140,0.45159755368656096,0.12074161948208892
NKX,covid,autoarima,crps,60,0.013959463148457559,0.0024298227071550575
NKX,covid,autoarima,log_score,60,-2.287754136424196,0.18027644397867254
NKX,covid,autoarima,pinball_0p01,60,0.00087933602666504039,0.00022843037800042117
NKX,covid,autoarima,pinball_0p025,60,0.0017335023806027896,0.00034916159186553988
NKX,covid,autoarima,pinball_0p05,60,0.0026815868084269219,0.0004730613329069385
NKX,covid,autoarima,pinball_avg,60,0.0017648084052315838,0.00034019773759478113
NKX,covid,autoarima,qlike,60,0.43546294312725031,0.074572272335605844
NKX,covid,autoarima,fz0_0p01,60,-1.8454185038717532,0.76217848987060433
NKX,covid,autoarima,fz0_0p025,60,-2.346458131531,0.50717495208314334
NKX,covid,autoarima,fz0_0p05,60,-2.748754701591726,0.37520194172044935
NKX,covid,autoarima,fz0_avg,60,-2.3135437789981594,0.54149001276469289
NKX,covid,autoarima,qlike_ex_near_zero,60,0.43546294312725031,0.074572272335605844
NKX,covid,autoets,crps,60,0.013801781393895866,0.0023365582246509978
NKX,covid,autoets,log_score,60,-2.3597656741175972,0.15256964232613118
NKX,covid,autoets,pinball_0p01,60,0.00066976264747289438,0.00011146350335762044
NKX,covid,autoets,pinball_0p025,60,0.0015745001482668347,0.00023213882583835349
NKX,covid,autoets,pinball_0p05,60,0.0026678574339090333,0.00037690889405473413
NKX,covid,autoets,pinball_avg,60,0.0016373734098829207,0.00022976494923633234
NKX,covid,autoets,qlike,60,0.42983390814864003,0.053331060550536859
NKX,covid,autoets,fz0_0p01,60,-2.5551254499913023,0.35489503841362408
NKX,covid,autoets,fz0_0p025,60,-2.6338926656340482,0.30384284868550476
NKX,covid,autoets,fz0_0p05,60,-2.8467482201065888,0.25905338277548512
NKX,covid,autoets,fz0_avg,60,-2.6785887785773133,0.29575341480455114
NKX,covid,autoets,qlike_ex_near_zero,60,0.42983390814864003,0.053331060550536859
NKX,covid,chronos,crps,60,0.01425348396554512,0.0026546512437402286
NKX,covid,chronos,log_score,60,-2.1631626159579036,0.25623052039416977
NKX,covid,chronos,pinball_0p01,60,0.00092187410999876546,0.00023995060454422903
NKX,covid,chronos,pinball_0p025,60,0.0020074110767615695,0.00043967675880590516
NKX,covid,chronos,pinball_0p05,60,0.003250924648973824,0.00067225450337336432
NKX,covid,chronos,pinball_avg,60,0.0020600699452447196,0.00043216206260595757
NKX,covid,chronos,qlike,60,0.46714224589120273,0.090322520081580759
NKX,covid,chronos,fz0_0p01,60,-1.8694712826328976,0.6891463912147433
NKX,covid,chronos,fz0_0p025,60,-2.1496915429704786,0.52766732034360198
NKX,covid,chronos,fz0_0p05,60,-2.4818448257893353,0.44045820042631101
NKX,covid,chronos,fz0_avg,60,-2.1670025504642378,0.53570272902027505
NKX,covid,chronos,qlike_ex_near_zero,60,0.46714224589120273,0.090322520081580759
NKX,covid,ewma,crps,60,0.014109127632045521,0.0025712353642326582
NKX,covid,ewma,log_score,60,-2.1787109065625789,0.21624882245169044
NKX,covid,ewma,pinball_0p01,60,0.0012552644750762011,0.00033466376693011194
NKX,covid,ewma,pinball_0p025,60,0.0022558014463370224,0.00051836552435958897
NKX,covid,ewma,pinball_0p05,60,0.0034176346054832973,0.0007079919218204643
NKX,covid,ewma,pinball_avg,60,0.0023095668422988399,0.00051181615933993719
NKX,covid,ewma,qlike,60,0.67120242583705647,0.11400879379335954
NKX,covid,ewma,fz0_0p01,60,-0.98716258529959344,0.99395335463562295
NKX,covid,ewma,fz0_0p025,60,-1.7736807466496523,0.65612841367099639
NKX,covid,ewma,fz0_0p05,60,-2.2629402735100483,0.50496038275300315
NKX,covid,ewma,fz0_avg,60,-1.6745945351530978,0.7089148722191293
NKX,covid,ewma,qlike_ex_near_zero,60,0.67120242583705647,0.11400879379335954
NKX,covid,garch11,crps,60,0.014104131120461914,0.0025746747378069348
NKX,covid,garch11,log_score,60,-2.1367810559780831,0.2591147658136625
NKX,covid,garch11,pinball_0p01,60,0.0010609795405368098,0.00032903205530934325
NKX,covid,garch11,pinball_0p025,60,0.0020709531086390907,0.00053815281430805747
NKX,covid,garch11,pinball_0p05,60,0.0032618482644131397,0.00073109937343813298
NKX,covid,garch11,pinball_avg,60,0.0021312603045296804,0.00051831416420292358
NKX,covid,garch11,qlike,60,0.49992039581829167,0.10482600882652776
NKX,covid,garch11,fz0_0p01,60,-1.3441395531137688,1.0761147683928491
NKX,covid,garch11,fz0_0p025,60,-1.9171916180501729,0.71469048947617797
NKX,covid,garch11,fz0_0p05,60,-2.3514704034424478,0.54081144593067154
NKX,covid,garch11,fz0_avg,60,-1.8709338582021298,0.76023378271896058
NKX,covid,garch11,qlike_ex_near_zero,60,0.49992039581829167,0.10482600882652776
NKX,covid,garch11_t,crps,60,0.014212863222644671,0.0025634777793595229
NKX,covid,garch11_t,log_score,60,-2.210880133224947,0.20827680654183814
NKX,covid,garch11_t,pinball_0p01,60,0.00080751379237390493,0.00020267535205726741
NKX,covid,garch11_t,pinball_0p025,60,0.0018596194498471004,0.00042145438959587442
NKX,covid,garch11_t,pinball_0p05,60,0.0031883699514531727,0.0007221788524701823
NKX,covid,garch11_t,pinball_avg,60,0.001951834397891393,0.00042302985906806967
NKX,covid,garch11_t,qlike,60,0.44760456798163595,0.090983660149716511
NKX,covid,garch11_t,fz0_0p01,60,-2.225682467479523,0.54674730218539302
NKX,covid,garch11_t,fz0_0p025,60,-2.3160888019626995,0.50791355471776267
NKX,covid,garch11_t,fz0_0p05,60,-2.5012225159418069,0.4769927278484008
NKX,covid,garch11_t,fz0_avg,60,-2.34766459512801,0.49172764410731551
NKX,covid,garch11_t,qlike_ex_near_zero,60,0.44760456798163595,0.090983660149716511
NKX,covid,gjr,crps,60,0.014157835933548997,0.0026772888811793811
NKX,covid,gjr,log_score,60,-2.1946329510698539,0.26923309040662147
NKX,covid,gjr,pinball_0p01,60,0.00079980265901069753,0.00021983819143951607
NKX,covid,gjr,pinball_0p025,60,0.00164636033148919,0.00036059847917242966
NKX,covid,gjr,pinball_0p05,60,0.0028275746066680546,0.00051347301761099846
NKX,covid,gjr,pinball_avg,60,0.001757912532389314,0.0003515075843191969
NKX,covid,gjr,qlike,60,0.33033228182920671,0.079095254030279991
NKX,covid,gjr,fz0_0p01,60,-2.0109935614223717,0.83429271092780199
NKX,covid,gjr,fz0_0p025,60,-2.4217251736317666,0.52113205955767383
NKX,covid,gjr,fz0_0p05,60,-2.693598736349895,0.3846803363524729
NKX,covid,gjr,fz0_avg,60,-2.3754391571346778,0.56827645265433313
NKX,covid,gjr,qlike_ex_near_zero,60,0.33033228182920671,0.079095254030279991
NKX,covid,har,crps,60,0.014244725862266468,0.0027405686629583875
NKX,covid,har,log_score,60,-2.1283709097796413,0.29335310089927336
NKX,covid,har,pinball_0p01,60,0.0012639127476724132,0.00037865826754728693
NKX,covid,har,pinball_0p025,60,0.0023721946007780725,0.00059315536323605977
NKX,covid,har,pinball_0p05,60,0.0035223534308119688,0.00079239490684897967
NKX,covid,har,pinball_avg,60,0.0023861535930874839,0.00057970702104534217
NKX,covid,har,qlike,60,0.57226401522903114,0.13311692386458313
NKX,covid,har,fz0_0p01,60,-1.0681960436620936,0.96820970865771649
NKX,covid,har,fz0_0p025,60,-1.7033826221452235,0.68155133278015567
NKX,covid,har,fz0_0p05,60,-2.2427628333669052,0.5253263365394667
NKX,covid,har,fz0_avg,60,-1.6714471663914077,0.71667904259141935
NKX,covid,har,qlike_ex_near_zero,60,0.57226401522903114,0.13311692386458313
NKX,covid,lgbm,crps,60,0.014525403903820264,0.0029398147093563321
NKX,covid,lgbm,log_score,60,-1.9133377145707777,0.46665124443130862
NKX,covid,lgbm,pinball_0p01,60,0.0016229878513790133,0.00055110275582948042
NKX,covid,lgbm,pinball_0p025,60,0.0026850949068178099,0.00074881857439517156
NKX,covid,lgbm,pinball_0p05,60,0.0038617462667066018,0.00092872739582146183
NKX,covid,lgbm,pinball_avg,60,0.0027232763416344744,0.00073962541544360545
NKX,covid,lgbm,qlike,60,0.90277031376285233,0.22219433369609717
NKX,covid,lgbm,fz0_0p01,60,-0.24380531157698207,1.3456403427778303
NKX,covid,lgbm,fz0_0p025,60,-1.3254926704544343,0.86874437721841169
NKX,covid,lgbm,fz0_0p05,60,-1.9782047077118015,0.64267600760904264
NKX,covid,lgbm,fz0_avg,60,-1.1825008965810722,0.94925749599491804
NKX,covid,lgbm,qlike_ex_near_zero,60,0.90277031376285233,0.22219433369609717
NKX,covid,moirai,crps,60,0.014282171229922275,0.0027064276654133845
NKX,covid,moirai,log_score,60,-2.1378049614543837,0.282848333306772
NKX,covid,moirai,pinball_0p01,60,0.0010155275487660795,0.00026357722961362691
NKX,covid,moirai,pinball_0p025,60,0.0021562977913191918,0.00047754213203199668
NKX,covid,moirai,pinball_0p05,60,0.0033695572777610694,0.00070294182031635955
NKX,covid,moirai,pinball_avg,60,0.0021804608726154469,0.00046682114469240868
NKX,covid,moirai,qlike,60,0.46727272327071001,0.094214648533969436
NKX,covid,moirai,fz0_0p01,60,-1.6194297059069263,0.77128244838882887
NKX,covid,moirai,fz0_0p025,60,-1.96633043940671,0.57114632822852351
NKX,covid,moirai,fz0_0p05,60,-2.3790224423248065,0.46183431113757051
NKX,covid,moirai,fz0_avg,60,-1.9882608625461475,0.58669337360206286
NKX,covid,moirai,qlike_ex_near_zero,60,0.46727272327071001,0.094214648533969436
NKX,covid,naive,crps,60,0.015091469191200481,0.0030851459619397358
NKX,covid,naive,log_score,60,-1.0429056367556018,0.92722320954484994
NKX,covid,naive,pinball_0p01,60,0.002624549550752692,0.0010452048602997937
NKX,covid,naive,pinball_0p025,60,0.003514443993792428,0.0012367487228999296
NKX,covid,naive,pinball_0p05,60,0.0045278805906821349,0.0014063134033967444
NKX,covid,naive,pinball_avg,60,0.0035556247117424179,0.0012273682779232395
NKX,covid,naive,qlike,60,1.9133663398222212,0.68085644565444636
NKX,covid,naive,fz0_0p01,60,4.357347311802175,3.6488994713197105
NKX,covid,naive,fz0_0p025,60,0.8168141471896383,2.023884171928799
NKX,covid,naive,fz0_0p05,60,-0.74580256206507889,1.3547337578041971
NKX,covid,naive,fz0_avg,60,1.4761196323089114,2.3400537564719812
NKX,covid,naive,qlike_ex_near_zero,60,1.9133663398222212,0.68085644565444636
NKX,covid,patchtst,crps,60,0.015100491385838698,0.003022628474478099
NKX,covid,patchtst,log_score,60,-0.81119332178337789,0.76725218486912472
NKX,covid,patchtst,pinball_0p01,60,0.0028503536796490674,0.00098742927253437566
NKX,covid,patchtst,pinball_0p025,60,0.0036955260014077769,0.0011436551420284289
NKX,covid,patchtst,pinball_0p05,60,0.0046741801479490801,0.0013015646295595317
NKX,covid,patchtst,pinball_avg,60,0.0037400199430019754,0.0011410817733649419
NKX,covid,patchtst,qlike,60,2.486781346819686,0.71793581666207384
NKX,covid,patchtst,fz0_0p01,60,6.9420440450193155,4.3020057554798834
NKX,covid,patchtst,fz0_0p025,60,2.0207566103860417,2.2499942092637282
NKX,covid,patchtst,fz0_0p05,60,-0.051952263473308578,1.4361487712990815
NKX,covid,patchtst,fz0_avg,60,2.9702827973106838,2.6586383974207402
NKX,covid,patchtst,qlike_ex_near_zero,60,2.486781346819686,0.71793581666207384
NKX,covid,timesfm,crps,60,0.014268304819023529,0.0026926985222951809
NKX,covid,timesfm,log_score,60,-2.1596685796837756,0.27937003036404939
NKX,covid,timesfm,pinball_0p01,60,0.00096680886241099645,0.0002614179329732939
NKX,covid,timesfm,pinball_0p025,60,0.0020793332763874932,0.00047325683142161279
NKX,covid,timesfm,pinball_0p05,60,0.003291834331953881,0.00070524297330276143
NKX,covid,timesfm,pinball_avg,60,0.0021126588235841231,0.00046483697342706334
NKX,covid,timesfm,qlike,60,0.46683151193485167,0.089749707917086655
NKX,covid,timesfm,fz0_0p01,60,-1.8179054924924463,0.70986133549162611
NKX,covid,timesfm,fz0_0p025,60,-2.1036514122804522,0.5499740168885825
NKX,covid,timesfm,fz0_0p05,60,-2.4685493629705544,0.4571275206196288
NKX,covid,timesfm,fz0_avg,60,-2.1300354225811509,0.55789401261607929
NKX,covid,timesfm,qlike_ex_near_zero,60,0.46683151193485167,0.089749707917086655
NKX,tightening_2022,autoarima,crps,202,0.0075576965804995157,0.00037266023124877423
NKX,tightening_2022,autoarima,log_score,202,-2.8621881484878768,0.061847803410331824
NKX,tightening_2022,autoarima,pinball_0p01,202,0.00043679074953870725,6.6516506178572891e-05
NKX,tightening_2022,autoarima,pinball_0p025,202,0.00088044183653241618,9.9243524948652999e-05
NKX,tightening_2022,autoarima,pinball_0p05,202,0.0014679702428680563,0.00013002505487187807
NKX,tightening_2022,autoarima,pinball_avg,202,0.00092840094297972655,9.6274165695843487e-05
NKX,tightening_2022,autoarima,qlike,202,0.40536936285281716,0.042742266710799719
NKX,tightening_2022,autoarima,fz0_0p01,202,-2.9444747617967511,0.2820950529829358
NKX,tightening_2022,autoarima,fz0_0p025,202,-3.2328918663755535,0.19320860260982933
NKX,tightening_2022,autoarima,fz0_0p05,202,-3.4584893284130862,0.14453885464345517
NKX,tightening_2022,autoarima,fz0_avg,202,-3.2119519855284637,0.20369461621576077
NKX,tightening_2022,autoarima,qlike_ex_near_zero,202,0.40536936285281716,0.042742266710799719
NKX,tightening_2022,autoets,crps,202,0.0075538226436130144,0.00036816444295347325
NKX,tightening_2022,autoets,log_score,202,-2.8717867389505698,0.05675956499869278
NKX,tightening_2022,autoets,pinball_0p01,202,0.00043093150106519336,6.0026078941263741e-05
NKX,tightening_2022,autoets,pinball_0p025,202,0.00088333376941844295,9.394108742216948e-05
NKX,tightening_2022,autoets,pinball_0p05,202,0.0014734906683246762,0.00012598567073803503
NKX,tightening_2022,autoets,pinball_avg,202,0.00092925197960277072,9.1121578361734221e-05
NKX,tightening_2022,autoets,qlike,202,0.4069016543028785,0.043239056862660649
NKX,tightening_2022,autoets,fz0_0p01,202,-2.9880978379686378,0.24517005997646987
NKX,tightening_2022,autoets,fz0_0p025,202,-3.240209269966428,0.17716077510024647
NKX,tightening_2022,autoets,fz0_0p05,202,-3.4596212394383303,0.13590203924478081
NKX,tightening_2022,autoets,fz0_avg,202,-3.2293094491244658,0.18336023388858805
NKX,tightening_2022,autoets,qlike_ex_near_zero,202,0.4069016543028785,0.043239056862660649
NKX,tightening_2022,chronos,crps,202,0.0075901665280300483,0.00038439152718846171
NKX,tightening_2022,chronos,log_score,202,-2.8578633866055791,0.062626481566316256
NKX,tightening_2022,chronos,pinball_0p01,202,0.00037086694543586509,3.845288021612473e-05
NKX,tightening_2022,chronos,pinball_0p025,202,0.00085994033991555795,7.9394145008346157e-05
NKX,tightening_2022,chronos,pinball_0p05,202,0.0015169798579312398,0.00012214570339432091
NKX,tightening_2022,chronos,pinball_avg,202,0.0009159290477608877,7.7158519764583162e-05
NKX,tightening_2022,chronos,qlike,202,0.410372283260377,0.041416384558541387
NKX,tightening_2022,chronos,fz0_0p01,202,-3.2548216476846084,0.14166491503596934
NKX,tightening_2022,chronos,fz0_0p025,202,-3.3231036797554649,0.13626299386669918
NKX,tightening_2022,chronos,fz0_0p05,202,-3.443207257280088,0.1227443124862122
NKX,tightening_2022,chronos,fz0_avg,202,-3.3403775282400536,0.12844229821500008
NKX,tightening_2022,chronos,qlike_ex_near_zero,202,0.410372283260377,0.041416384558541387
NKX,tightening_2022,ewma,crps,202,0.0075797827547703766,0.00036356534550912179
NKX,tightening_2022,ewma,log_score,202,-2.8762199315234431,0.050054158940396908
NKX,tightening_2022,ewma,pinball_0p01,202,0.00037742338907277936,3.1172803154300796e-05
NKX,tightening_2022,ewma,pinball_0p025,202,0.00086861587042271632,7.2211649759431145e-05
NKX,tightening_2022,ewma,pinball_0p05,202,0.0014989476707421413,0.00011117984940373531
NKX,tightening_2022,ewma,pinball_avg,202,0.00091499564341254562,6.9301831142415599e-05
NKX,tightening_2022,ewma,qlike,202,0.42653564526532828,0.044395148593779306
NKX,tightening_2022,ewma,fz0_0p01,202,-3.2348671201176256,0.1148368404080899
NKX,tightening_2022,ewma,fz0_0p025,202,-3.3091483454939032,0.12040311541988578
NKX,tightening_2022,ewma,fz0_0p05,202,-3.4658733176149217,0.10709398750916274
NKX,tightening_2022,ewma,fz0_avg,202,-3.3366295944088162,0.11048829101743855
NKX,tightening_2022,ewma,qlike_ex_near_zero,202,0.42653564526532828,0.044395148593779306
NKX,tightening_2022,garch11,crps,202,0.0075828382281787638,0.00036675764284100867
NKX,tightening_2022,garch11,log_score,202,-2.8803847164166618,0.050180455840029288
NKX,tightening_2022,garch11,pinball_0p01,202,0.00035204090297681731,2.2732870115940079e-05
NKX,tightening_2022,garch11,pinball_0p025,202,0.00084412525361651336,6.5486879940094466e-05
NKX,tightening_2022,garch11,pinball_0p05,202,0.0014850156158538073,0.00010877774943211818
NKX,tightening_2022,garch11,pinball_avg,202,0.00089372725748237947,6.3826451059071965e-05
NKX,tightening_2022,garch11,qlike,202,0.42533057741167901,0.041519853771480965
NKX,tightening_2022,garch11,fz0_0p01,202,-3.3323932288243476,0.075631369709122542
NKX,tightening_2022,garch11,fz0_0p025,202,-3.3582800311958585,0.10395609203248815
NKX,tightening_2022,garch11,fz0_0p05,202,-3.4874249821591827,0.10134978443636622
NKX,tightening_2022,garch11,fz0_avg,202,-3.3926994140597957,0.090944508280933048
NKX,tightening_2022,garch11,qlike_ex_near_zero,202,0.42533057741167901,0.041519853771480965
NKX,tightening_2022,garch11_t,crps,202,0.0075905177278291986,0.00037250161926439407
NKX,tightening_2022,garch11_t,log_score,202,-2.8737652451267026,0.051852063158869949
NKX,tightening_2022,garch11_t,pinball_0p01,202,0.00033144071659775581,1.2864378279136094e-05
NKX,tightening_2022,garch11_t,pinball_0p025,202,0.00082960733427093526,6.1113855706499185e-05
NKX,tightening_2022,garch11_t,pinball_0p05,202,0.0014879544485569822,0.000111164891226651
NKX,tightening_2022,garch11_t,pinball_avg,202,0.00088300083314189108,5.8050375681530936e-05
NKX,tightening_2022,garch11_t,qlike,202,0.42872821608325662,0.041667749721057058
NKX,tightening_2022,garch11_t,fz0_0p01,202,-3.3948765478282894,0.031701628504891687
NKX,tightening_2022,garch11_t,fz0_0p025,202,-3.3877689733048659,0.089046143574396691
NKX,tightening_2022,garch11_t,fz0_0p05,202,-3.4912920056585945,0.098898714542317287
NKX,tightening_2022,garch11_t,fz0_avg,202,-3.4246458422639168,0.068867335812727165
NKX,tightening_2022,garch11_t,qlike_ex_near_zero,202,0.42872821608325662,0.041667749721057058
NKX,tightening_2022,gjr,crps,202,0.007544366868633314,0.00036580761119825829
NKX,tightening_2022,gjr,log_score,202,-2.8929796445007661,0.050612097100864874
NKX,tightening_2022,gjr,pinball_0p01,202,0.00036674392507644887,3.4190435293523465e-05
NKX,tightening_2022,gjr,pinball_0p025,202,0.00084273795321455989,7.0112634593842436e-05
NKX,tightening_2022,gjr,pinball_0p05,202,0.0014752021298461173,0.00011022870931181842
NKX,tightening_2022,gjr,pinball_avg,202,0.00089489466937904202,6.8881107174924961e-05
NKX,tightening_2022,gjr,qlike,202,0.40394994649588584,0.039946358622022234
NKX,tightening_2022,gjr,fz0_0p01,202,-3.2672505916303987,0.1279632871430309
NKX,tightening_2022,gjr,fz0_0p025,202,-3.3487485584742998,0.12060672369004195
NKX,tightening_2022,gjr,fz0_0p05,202,-3.4905221943834102,0.10816299012491654
NKX,tightening_2022,gjr,fz0_avg,202,-3.3688404481627026,0.11471934385939166
NKX,tightening_2022,gjr,qlike_ex_near_zero,202,0.40394994649588584,0.039946358622022234
NKX,tightening_2022,har,crps,202,0.0075870468279179695,0.00038915576144100896
NKX,tightening_2022,har,log_score,202,-2.8414085283672352,0.070360540945136593
NKX,tightening_2022,har,pinball_0p01,202,0.00042572225818149557,6.4474947057584908e-05
NKX,tightening_2022,har,pinball_0p025,202,0.00090181336115137574,0.00010152101951330774
NKX,tightening_2022,har,pinball_0p05,202,0.0014893565717396372,0.0001387429698425936
NKX,tightening_2022,har,pinball_avg,202,0.00093896406369083617,9.8759727997189259e-05
NKX,tightening_2022,har,qlike,202,0.38014677000003905,0.04092316836806887
NKX,tightening_2022,har,fz0_0p01,202,-2.9978427504994669,0.27070018445475408
NKX,tightening_2022,har,fz0_0p025,202,-3.2155270698571918,0.19501382637686912
NKX,tightening_2022,har,fz0_0p05,202,-3.444441784018569,0.15248548858602928
NKX,tightening_2022,har,fz0_avg,202,-3.2192705347917427,0.20165152041532119
NKX,tightening_2022,har,qlike_ex_near_zero,202,0.38014677000003905,0.04092316836806887
NKX,tightening_2022,lgbm,crps,202,0.0075818959048311223,0.00036940050349761283
NKX,tightening_2022,lgbm,log_score,202,-2.8572393712732969,0.057399327629469934
NKX,tightening_2022,lgbm,pinball_0p01,202,0.00039308731116863646,4.5803329079105405e-05
NKX,tightening_2022,lgbm,pinball_0p025,202,0.00087878543131749993,8.4352226864915845e-05
NKX,tightening_2022,lgbm,pinball_0p05,202,0.0014723391674937888,0.00012176045334246905
NKX,tightening_2022,lgbm,pinball_avg,202,0.00091473730332664179,8.1532101306020909e-05
NKX,tightening_2022,lgbm,qlike,202,0.42778318897968842,0.04139453374146148
NKX,tightening_2022,lgbm,fz0_0p01,202,-3.1687645681815737,0.18238442283437642
NKX,tightening_2022,lgbm,fz0_0p025,202,-3.281413701871903,0.14930618218136704
NKX,tightening_2022,lgbm,fz0_0p05,202,-3.4785552543014711,0.1232250273560401
NKX,tightening_2022,lgbm,fz0_avg,202,-3.3095778414516488,0.14695308927296699
NKX,tightening_2022,lgbm,qlike_ex_near_zero,202,0.42778318897968842,0.04139453374146148
NKX,tightening_2022,moirai,crps,202,0.0075831210530513532,0.00038105969845357281
NKX,tightening_2022,moirai,log_score,202,-2.8580885715402218,0.059979916921799672
NKX,tightening_2022,moirai,pinball_0p01,202,0.00043247317631472248,5.5278892984796874e-05
NKX,tightening_2022,moirai,pinball_0p025,202,0.00092075384327680338,9.6046634305919416e-05
NKX,tightening_2022,moirai,pinball_0p05,202,0.0015218769765211143,0.00013485828753499076
NKX,tightening_2022,moirai,pinball_avg,202,0.00095836799870421352,9.3358306048764615e-05
NKX,tightening_2022,moirai,qlike,202,0.39900577908076218,0.04175010058538698
NKX,tightening_2022,moirai,fz0_0p01,202,-3.011706504895427,0.21475342316756793
NKX,tightening_2022,moirai,fz0_0p025,202,-3.1959886815822762,0.17302599503181237
NKX,tightening_2022,moirai,fz0_0p05,202,-3.4179533740896288,0.14072753765819077
NKX,tightening_2022,moirai,fz0_avg,202,-3.2085495201891101,0.17282919134403432
NKX,tightening_2022,moirai,qlike_ex_near_zero,202,0.39900577908076218,0.04175010058538698
NKX,tightening_2022,naive,crps,202,0.0075322993574731146,0.00036823852852713206
NKX,tightening_2022,naive,log_score,202,-2.9015453609888242,0.049284216680786572
NKX,tightening_2022,naive,pinball_0p01,202,0.00031023271048395267,1.2824137532514499e-05
NKX,tightening_2022,naive,pinball_0p025,202,0.00077869696852947586,4.7049147720348428e-05
NKX,tightening_2022,naive,pinball_0p05,202,0.0013982848039754054,9.1976886498888418e-05
NKX,tightening_2022,naive,pinball_avg,202,0.00082907149432961144,4.7639042385556052e-05
NKX,tightening_2022,naive,qlike,202,0.40855642192513086,0.043209621502478195
NKX,tightening_2022,naive,fz0_0p01,202,-3.4630200416878445,0.039013103629069748
NKX,tightening_2022,naive,fz0_0p025,202,-3.4586624178513024,0.075579346021266425
NKX,tightening_2022,naive,fz0_0p05,202,-3.5680842364122283,0.084142946992808956
NKX,tightening_2022,naive,fz0_avg,202,-3.496588898650459,0.06165666117667961
NKX,tightening_2022,naive,qlike_ex_near_zero,202,0.40855642192513086,0.043209621502478195
NKX,tightening_2022,patchtst,crps,202,0.0075555870716698019,0.00036817177772768356
NKX,tightening_2022,patchtst,log_score,202,-2.8737453117319181,0.057613694127910023
NKX,tightening_2022,patchtst,pinball_0p01,202,0.00038255569365554763,5.1545425793647637e-05
NKX,tightening_2022,patchtst,pinball_0p025,202,0.00083948055842978785,8.0755721290929553e-05
NKX,tightening_2022,patchtst,pinball_0p05,202,0.0014715457653762889,0.00011232182205000674
NKX,tightening_2022,patchtst,pinball_avg,202,0.00089786067248720806,7.8429285000622905e-05
NKX,tightening_2022,patchtst,qlike,202,0.4509525931868939,0.042246870929333553
NKX,tightening_2022,patchtst,fz0_0p01,202,-3.187678175860214,0.21161410765368074
NKX,tightening_2022,patchtst,fz0_0p025,202,-3.3334709545974048,0.14936481768427792
NKX,tightening_2022,patchtst,fz0_0p05,202,-3.4770962695584884,0.11822948706779211
NKX,tightening_2022,patchtst,fz0_avg,202,-3.3327484666720348,0.15445305940236517
NKX,tightening_2022,patchtst,qlike_ex_near_zero,202,0.4509525931868939,0.042246870929333553
NKX,tightening_2022,timesfm,crps,202,0.0075815363282577984,0.00038427381522792729
NKX,tightening_2022,timesfm,log_score,202,-2.859152359404765,0.065406750997580851
NKX,tightening_2022,timesfm,pinball_0p01,202,0.00037739739331762659,3.9448865691611961e-05
NKX,tightening_2022,timesfm,pinball_0p025,202,0.0008553460054837699,8.1670355185603445e-05
NKX,tightening_2022,timesfm,pinball_0p05,202,0.0014728380177940462,0.00012186740562476785
NKX,tightening_2022,timesfm,pinball_avg,202,0.00090186047219848104,7.8787131299140861e-05
NKX,tightening_2022,timesfm,qlike,202,0.39779717251057117,0.043288420848189436
NKX,tightening_2022,timesfm,fz0_0p01,202,-3.239544913714056,0.14220601851338088
NKX,tightening_2022,timesfm,fz0_0p025,202,-3.3292340396653883,0.13912368542906267
NKX,tightening_2022,timesfm,fz0_0p05,202,-3.4853403279917461,0.12233825284353136
NKX,tightening_2022,timesfm,fz0_avg,202,-3.3513730937903969,0.13068491218535519
NKX,tightening_2022,timesfm,qlike_ex_near_zero,202,0.39779717251057117,0.043288420848189436
NKX,spike_2024_08,autoarima,crps,21,0.019921731382427137,0.015636042830093264
NKX,spike_2024_08,autoarima,log_score,21,0.85005468355267855,4.0561060394288324
NKX,spike_2024_08,autoarima,pinball_0p01,21,0.0066037013065763754,0.0060317345898975279
NKX,spike_2024_08,autoarima,pinball_0p025,21,0.0075652790850667924,0.0064672543224309261
NKX,spike_2024_08,autoarima,pinball_0p05,21,0.008695089079062043,0.0068341991985601059
NKX,spike_2024_08,autoarima,pinball_avg,21,0.0076213564902350723,0.0064379531661205198
NKX,spike_2024_08,autoarima,qlike,21,0.94810208734268575,0.33009268824585536
NKX,spike_2024_08,autoarima,fz0_0p01,21,14.070096938268732,17.042128119724421
NKX,spike_2024_08,autoarima,fz0_0p025,21,5.1852069767919913,8.4544202141743856
NKX,spike_2024_08,autoarima,fz0_0p05,21,1.7331598837964481,5.1675032996956745
NKX,spike_2024_08,autoarima,fz0_avg,21,6.9961545996190546,10.214866650660404
NKX,spike_2024_08,autoarima,qlike_ex_near_zero,21,0.94810208734268575,0.33009268824585536
NKX,spike_2024_08,autoets,crps,21,0.019956962998200812,0.015675511781585338
NKX,spike_2024_08,autoets,log_score,21,1.1013220025012873,4.3575553767499198
NKX,spike_2024_08,autoets,pinball_0p01,21,0.0066772844362877207,0.0061210803483910288
NKX,spike_2024_08,autoets,pinball_0p025,21,0.0076393582981221734,0.0065531452227740343
NKX,spike_2024_08,autoets,pinball_0p05,21,0.0087405015134255377,0.0069078355223185445
NKX,spike_2024_08,autoets,pinball_avg,21,0.0076857147492784758,0.0065208487929535579
NKX,spike_2024_08,autoets,qlike,21,1.0193118266707006,0.38349220534978656
NKX,spike_2024_08,autoets,fz0_0p01,21,14.810887899244706,17.812591808929046
NKX,spike_2024_08,autoets,fz0_0p025,21,5.5471232288959031,8.8216778437935197
NKX,spike_2024_08,autoets,fz0_0p05,21,1.9281009376315359,5.3757817646184396
NKX,spike_2024_08,autoets,fz0_avg,21,7.4287040219240446,10.663226122638321
NKX,spike_2024_08,autoets,qlike_ex_near_zero,21,1.0193118266707006,0.38349220534978656
NKX,spike_2024_08,chronos,crps,21,0.019715483528843097,0.015463153643878447
NKX,spike_2024_08,chronos,log_score,21,0.41865219882738186,3.2204922196277947
NKX,spike_2024_08,chronos,pinball_0p01,21,0.0066760527637814938,0.0061778710846398851
NKX,spike_2024_08,chronos,pinball_0p025,21,0.0077115134740079819,0.0066701104616412963
NKX,spike_2024_08,chronos,pinball_0p05,21,0.0087710204416202794,0.0070531237483817556
NKX,spike_2024_08,chronos,pinball_avg,21,0.0077195288931365836,0.0066253075865677826
NKX,spike_2024_08,chronos,qlike,21,0.62903411617877536,0.26918574379834681
NKX,spike_2024_08,chronos,fz0_0p01,21,14.577365065097808,17.922825136494048
NKX,spike_2024_08,chronos,fz0_0p025,21,5.5520624730710528,8.9994679309825241
NKX,spike_2024_08,chronos,fz0_0p05,21,1.8906900311885404,5.5168632617603794
NKX,spike_2024_08,chronos,fz0_avg,21,7.3400391897858031,10.803354854497051
NKX,spike_2024_08,chronos,qlike_ex_near_zero,21,0.62903411617877536,0.26918574379834681
NKX,spike_2024_08,ewma,crps,21,0.021244175863436715,0.014094524852415637
NKX,spike_2024_08,ewma,log_score,21,-0.78537775944456356,1.605432956658166
NKX,spike_2024_08,ewma,pinball_0p01,21,0.0060988143740782078,0.0051426702230895982
NKX,spike_2024_08,ewma,pinball_0p025,21,0.0075502180979517093,0.0056411979443568893
NKX,spike_2024_08,ewma,pinball_0p05,21,0.009321253683139883,0.0060574508436171794
NKX,spike_2024_08,ewma,pinball_avg,21,0.0076567620517232638,0.0056097522886626684
NKX,spike_2024_08,ewma,qlike,21,1.2269532800028466,0.24905068323879709
NKX,spike_2024_08,ewma,fz0_0p01,21,8.2711049707873574,10.98978729044466
NKX,spike_2024_08,ewma,fz0_0p025,21,2.7937665896288943,5.677141829651621
NKX,spike_2024_08,ewma,fz0_0p05,21,0.62947256579814748,3.5558683011422598
NKX,spike_2024_08,ewma,fz0_avg,21,3.8981147087381309,6.7247059545426815
NKX,spike_2024_08,ewma,qlike_ex_near_zero,21,1.2269532800028466,0.24905068323879709
NKX,spike_2024_08,garch11,crps,21,0.019725781722301695,0.015509104028196039
NKX,spike_2024_08,garch11,log_score,21,-0.043169288576390255,2.8379606012969583
NKX,spike_2024_08,garch11,pinball_0p01,21,0.0065852167231483438,0.0060056716862445913
NKX,spike_2024_08,garch11,pinball_0p025,21,0.007667326192981703,0.0064762396407438009
NKX,spike_2024_08,garch11,pinball_0p05,21,0.0088838125306052139,0.0068632497971568215
NKX,spike_2024_08,garch11,pinball_avg,21,0.0077121184822450872,0.0064414647115128652
NKX,spike_2024_08,garch11,qlike,21,0.66005280361206597,0.18214970396815242
NKX,spike_2024_08,garch11,fz0_0p01,21,13.020995615531799,16.337230088114048
NKX,spike_2024_08,garch11,fz0_0p025,21,4.8275112717047861,8.2099021194382633
NKX,spike_2024_08,garch11,fz0_0p05,21,1.5720778169616014,5.0656142229742249
NKX,spike_2024_08,garch11,fz0_avg,21,6.4735282347327283,9.8635431338385295
NKX,spike_2024_08,garch11,qlike_ex_near_zero,21,0.66005280361206597,0.18214970396815242
NKX,spike_2024_08,garch11_t,crps,21,0.019675349126768799,0.015530715220552535
NKX,spike_2024_08,garch11_t,log_score,21,-1.0065211038784545,2.2328964108689129
NKX,spike_2024_08,garch11_t,pinball_0p01,21,0.0065622029560759203,0.0059580958989885798
NKX,spike_2024_08,garch11_t,pinball_0p025,21,0.0076679414102368811,0.0064691738474109365
NKX,spike_2024_08,garch11_t,pinball_0p05,21,0.0088807376318871412,0.0068855327020211719
NKX,spike_2024_08,garch11_t,pinball_avg,21,0.0077036273327333133,0.0064302132004920272
NKX,spike_2024_08,garch11_t,qlike,21,0.67703630982436969,0.18573505398627829
NKX,spike_2024_08,garch11_t,fz0_0p01,21,12.507887352607431,15.731351995910558
NKX,spike_2024_08,garch11_t,fz0_0p025,21,4.7095318007948199,8.0567462583126002
NKX,spike_2024_08,garch11_t,fz0_0p05,21,1.5504297461161261,5.0359899117177953
NKX,spike_2024_08,garch11_t,fz0_avg,21,6.2559496331727962,9.6001455381865366
NKX,spike_2024_08,garch11_t,qlike_ex_near_zero,21,0.67703630982436969,0.18573505398627829
NKX,spike_2024_08,gjr,crps,21,0.019483207754951579,0.014712138005291871
NKX,spike_2024_08,gjr,log_score,21,-1.1373138725014795,1.6920148726493511
NKX,spike_2024_08,gjr,pinball_0p01,21,0.0058486189560757948,0.0051958170993121212
NKX,spike_2024_08,gjr,pinball_0p025,21,0.0070696084187974002,0.0057699467697986543
NKX,spike_2024_08,gjr,pinball_0p05,21,0.0085466261364423538,0.0063009594679764788
NKX,spike_2024_08,gjr,pinball_avg,21,0.0071549511704385197,0.0057483937316419572
NKX,spike_2024_08,gjr,qlike,21,0.61848035294951897,0.086847334629722647
NKX,spike_2024_08,gjr,fz0_0p01,21,7.778246316010005,11.173220135225444
NKX,spike_2024_08,gjr,fz0_0p025,21,2.3913923839150724,5.8406296781613456
NKX,spike_2024_08,gjr,fz0_0p05,21,0.26801294893599703,3.7093170849747428
NKX,spike_2024_08,gjr,fz0_avg,21,3.479217216287025,6.8994913381308969
NKX,spike_2024_08,gjr,qlike_ex_near_zero,21,0.61848035294951897,0.086847334629722647
NKX,spike_2024_08,har,crps,21,0.019835072768107091,0.015787486019732469
NKX,spike_2024_08,har,log_score,21,1.3963460157726764,4.6119854612450553
NKX,spike_2024_08,har,pinball_0p01,21,0.0067686017077310959,0.0063015975844210349
NKX,spike_2024_08,har,pinball_0p025,21,0.0076549565299861566,0.0067319129116398049
NKX,spike_2024_08,har,pinball_0p05,21,0.0086415984379541559,0.0070860321049204134
NKX,spike_2024_08,har,pinball_avg,21,0.0076883855585571387,0.0066996168829618445
NKX,spike_2024_08,har,qlike,21,0.94064615878490154,0.47228882885805928
NKX,spike_2024_08,har,fz0_0p01,21,16.158915140049583,19.402787357214066
NKX,spike_2024_08,har,fz0_0p025,21,6.0936848278250899,9.5821467258883644
NKX,spike_2024_08,har,fz0_0p05,21,2.1597866922890527,5.8246578233468735
NKX,spike_2024_08,har,fz0_avg,21,8.137462220054573,11.596023588496191
NKX,spike_2024_08,har,qlike_ex_near_zero,21,0.94064615878490154,0.47228882885805928
NKX,spike_2024_08,lgbm,crps,21,0.020144417021768158,0.015760033369501075
NKX,spike_2024_08,lgbm,log_score,21,2.9472999968795097,6.4610566765693642
NKX,spike_2024_08,lgbm,pinball_0p01,21,0.0069449828385308773,0.0065156807587993864
NKX,spike_2024_08,lgbm,pinball_0p025,21,0.0077639693854571132,0.0069129220531103765
NKX,spike_2024_08,lgbm,pinball_0p05,21,0.0086755364451346073,0.0072360245861057678
NKX,spike_2024_08,lgbm,pinball_avg,21,0.0077948295563741981,0.0068818573997469394
NKX,spike_2024_08,lgbm,qlike,21,1.7038069261300006,0.83655200132239771
NKX,spike_2024_08,lgbm,fz0_0p01,21,18.683638319402711,21.928476539737634
NKX,spike_2024_08,lgbm,fz0_0p025,21,7.1913733749754174,10.725831293305346
NKX,spike_2024_08,lgbm,fz0_0p05,21,2.7370942671487319,6.4649831902166097
NKX,spike_2024_08,lgbm,fz0_avg,21,9.5373686538422842,13.033258321850774
NKX,spike_2024_08,lgbm,qlike_ex_near_zero,21,1.7038069261300006,0.83655200132239771
NKX,spike_2024_08,moirai,crps,21,0.019584140327200086,0.01537086061200311
NKX,spike_2024_08,moirai,log_score,21,-0.19875738952769831,2.6931934015254728
NKX,spike_2024_08,moirai,pinball_0p01,21,0.0062436332672179779,0.0057302321227866012
NKX,spike_2024_08,moirai,pinball_0p025,21,0.0071777000806863686,0.0062297144107474082
NKX,spike_2024_08,moirai,pinball_0p05,21,0.0083013563730681764,0.0066826255349919303
NKX,spike_2024_08,moirai,pinball_avg,21,0.0072408965736575053,0.0062064543149567249
NKX,spike_2024_08,moirai,qlike,21,0.4851241550890662,0.17703797942519395
NKX,spike_2024_08,moirai,fz0_0p01,21,11.150253754466013,14.443638257901547
NKX,spike_2024_08,moirai,fz0_0p025,21,3.7244719238755333,7.2931423746095545
NKX,spike_2024_08,moirai,fz0_0p05,21,0.8432761296969945,4.5523641109136692
NKX,spike_2024_08,moirai,fz0_avg,21,5.2393339360128479,8.755543741793419
NKX,spike_2024_08,moirai,qlike_ex_near_zero,21,0.4851241550890662,0.17703797942519395
NKX,spike_2024_08,naive,crps,21,0.020128064780911475,0.015845176896637919
NKX,spike_2024_08,naive,log_score,21,2.7616575271570039,6.0856729493683179
NKX,spike_2024_08,naive,pinball_0p01,21,0.0070482438828651951,0.0066125043761429136
NKX,spike_2024_08,naive,pinball_0p025,21,0.0079424691356785419,0.0070264716691766848
NKX,spike_2024_08,naive,pinball_0p05,21,0.0088492859971451045,0.0073308068456858083
NKX,spike_2024_08,naive,pinball_avg,21,0.00794666633856295,0.0069834328899461432
NKX,spike_2024_08,naive,qlike,21,1.4559051602209852,0.74900301458729557
NKX,spike_2024_08,naive,fz0_0p01,21,19.570217840707787,22.843358366478693
NKX,spike_2024_08,naive,fz0_0p025,21,7.7548189843988977,11.204218204695065
NKX,spike_2024_08,naive,fz0_0p05,21,3.0799368222468657,6.7379337968158346
NKX,spike_2024_08,naive,fz0_avg,21,10.134991215784513,13.587874978606612
NKX,spike_2024_08,naive,qlike_ex_near_zero,21,1.4559051602209852,0.74900301458729557
NKX,spike_2024_08,patchtst,crps,21,0.020522769382212046,0.015648380913639792
NKX,spike_2024_08,patchtst,log_score,21,3.5907233984057818,7.1020713980606178
NKX,spike_2024_08,patchtst,pinball_0p01,21,0.0070828558542629398,0.0066096310972273723
NKX,spike_2024_08,patchtst,pinball_0p025,21,0.0080063915946099809,0.0070101660066863207
NKX,spike_2024_08,patchtst,pinball_0p05,21,0.0089515528906530945,0.0072971335695443161
NKX,spike_2024_08,patchtst,pinball_avg,21,0.0080136001131753364,0.0069661281419126746
NKX,spike_2024_08,patchtst,qlike,21,2.1312829670270061,1.0184399408496445
NKX,spike_2024_08,patchtst,fz0_0p01,21,19.983011156542677,23.104613093996946
NKX,spike_2024_08,patchtst,fz0_0p025,21,7.97483287283697,11.300339179871132
NKX,spike_2024_08,patchtst,fz0_0p05,21,3.2299230825934235,6.7773860202145491
NKX,spike_2024_08,patchtst,fz0_avg,21,10.395922370657688,13.72027528811501
NKX,spike_2024_08,patchtst,qlike_ex_near_zero,21,2.1312829670270061,1.0184399408496445
NKX,spike_2024_08,timesfm,crps,21,0.019662127657991305,0.015588741874813532
NKX,spike_2024_08,timesfm,log_score,21,0.26113408651449987,3.1799295061118182
NKX,spike_2024_08,timesfm,pinball_0p01,21,0.0065535630680018291,0.0060789088312839272
NKX,spike_2024_08,timesfm,pinball_0p025,21,0.0075479589776878946,0.0065723037480373767
NKX,spike_2024_08,timesfm,pinball_0p05,21,0.0086028853455604216,0.0069721166898736508
NKX,spike_2024_08,timesfm,pinball_avg,21,0.0075681357970833795,0.0065332194206261318
NKX,spike_2024_08,timesfm,qlike,21,0.57177734953890114,0.24280136879227751
NKX,spike_2024_08,timesfm,fz0_0p01,21,13.48293472622872,16.964741758053119
NKX,spike_2024_08,timesfm,fz0_0p025,21,4.9595190081796359,8.5424566747938417
NKX,spike_2024_08,timesfm,fz0_0p05,21,1.5354081723392103,5.2667985408491562
NKX,spike_2024_08,timesfm,fz0_avg,21,6.6592873022491901,10.248925555999989
NKX,spike_2024_08,timesfm,qlike_ex_near_zero,21,0.57177734953890114,0.24280136879227751
NKX,calm,autoarima,crps,4351,0.0071981602610336516,0.0001482800195614781
NKX,calm,autoarima,log_score,4351,-2.9039094268374699,0.034696444598175114
NKX,calm,autoarima,pinball_0p01,4351,0.00054489069671941265,4.5515193978400441e-05
NKX,calm,autoarima,pinball_0p025,4351,0.00099886214811860906,5.2639626619365556e-05
NKX,calm,autoarima,pinball_0p05,4351,0.0016081806261629987,6.0736159634068343e-05
NKX,calm,autoarima,pinball_avg,4351,0.0010506444903336733,5.2350887734768683e-05
NKX,calm,autoarima,qlike,4350,0.46682031029088344,0.023546672608941385
NKX,calm,autoarima,fz0_0p01,4351,-2.667831574444135,0.17462352696370462
NKX,calm,autoarima,fz0_0p025,4351,-3.1456472299590006,0.091027972009546529
NKX,calm,autoarima,fz0_0p05,4351,-3.4252667509318577,0.058814032948610838
NKX,calm,autoarima,fz0_avg,4351,-3.0795818517783311,0.107304446798377
NKX,calm,autoarima,qlike_ex_near_zero,4349,0.463938568598109,0.02282050577468674
NKX,calm,autoets,crps,4351,0.0070727553840973139,0.00013256567496172935
NKX,calm,autoets,log_score,4351,-2.9215560442187041,0.032478700065841623
NKX,calm,autoets,pinball_0p01,4351,0.00052022971698054545,4.3884631822770069e-05
NKX,calm,autoets,pinball_0p025,4351,0.00095860643833921841,5.0080956986066158e-05
NKX,calm,autoets,pinball_0p05,4351,0.0015478129881669727,5.6747527388588879e-05
NKX,calm,autoets,pinball_avg,4351,0.0010088830478289122,4.9703504100310108e-05
NKX,calm,autoets,qlike,4350,0.44670921157989918,0.021149914407043436
NKX,calm,autoets,fz0_0p01,4351,-2.7297482601167169,0.16538599533006509
NKX,calm,autoets,fz0_0p025,4351,-3.1834584579079142,0.086752665446820129
NKX,calm,autoets,fz0_0p05,4351,-3.4545116811092336,0.056416049321092579
NKX,calm,autoets,fz0_avg,4351,-3.1225727997112878,0.10201169043463659
NKX,calm,autoets,qlike_ex_near_zero,4349,0.44382315135047529,0.020410398800689396
NKX,calm,chronos,crps,4351,0.0070736982565195077,0.00013081956079718401
NKX,calm,chronos,log_score,4351,-2.934067427892364,0.026030552417297306
NKX,calm,chronos,pinball_0p01,4351,0.00052707234058975514,4.2760968095186464e-05
NKX,calm,chronos,pinball_0p025,4351,0.00097395265344808301,4.9729589499297973e-05
NKX,calm,chronos,pinball_0p05,4351,0.0015614053722637861,5.6902338934432656e-05
NKX,calm,chronos,pinball_avg,4351,0.0010208101221005413,4.928867806261824e-05
NKX,calm,chronos,qlike,4350,0.42935696818617136,0.014567892240971199
NKX,calm,chronos,fz0_0p01,4351,-2.7511228195947885,0.14385318502428893
NKX,calm,chronos,fz0_0p025,4351,-3.1805974014994769,0.078009277013453435
NKX,calm,chronos,fz0_0p05,4351,-3.4517629727564021,0.052196584567078687
NKX,calm,chronos,fz0_avg,4351,-3.1278277312835563,0.090433355854127637
NKX,calm,chronos,qlike_ex_near_zero,4349,0.42637909853023104,0.014215371266718868
NKX,calm,ewma,crps,4372,0.0070819042802495258,0.00012720495455692811
NKX,calm,ewma,log_score,4372,-2.9564921918874965,0.020404900135316411
NKX,calm,ewma,pinball_0p01,4372,0.00047991216321971447,3.6168194839490865e-05
NKX,calm,ewma,pinball_0p025,4372,0.00092412583661849327,4.2890272948566917e-05
NKX,calm,ewma,pinball_0p05,4372,0.0015257804538769955,5.0258611406329969e-05
NKX,calm,ewma,pinball_avg,4372,0.00097660615123840101,4.2609673164060361e-05
NKX,calm,ewma,qlike,4371,0.47117895270187315,0.011703339723865367
NKX,calm,ewma,fz0_0p01,4372,-2.9711096170521558,0.10622274992750448
NKX,calm,ewma,fz0_0p025,4372,-3.2972607078086646,0.059369396482246831
NKX,calm,ewma,fz0_0p05,4372,-3.5156420962550108,0.040783533573980638
NKX,calm,ewma,fz0_avg,4372,-3.2613374737052769,0.068018852812808117
NKX,calm,ewma,qlike_ex_near_zero,4370,0.46830524065501355,0.01139510068689443
NKX,calm,garch11,crps,4372,0.0070751033748074734,0.00012648876532705939
NKX,calm,garch11,log_score,4372,-2.9615305122425446,0.019411540020568802
NKX,calm,garch11,pinball_0p01,4372,0.00048140163169964936,3.6035542915908055e-05
NKX,calm,garch11,pinball_0p025,4372,0.00092712979363067122,4.2928960498154217e-05
NKX,calm,garch11,pinball_0p05,4372,0.0015273024713653386,4.9969641207914878e-05
NKX,calm,garch11,pinball_avg,4372,0.00097861129889855293,4.2507934634785484e-05
NKX,calm,garch11,qlike,4371,0.46528681595761046,0.011083175719302729
NKX,calm,garch11,fz0_0p01,4372,-2.9914785916504245,0.1014391963795563
NKX,calm,garch11,fz0_0p025,4372,-3.3023363824405436,0.056894290496283625
NKX,calm,garch11,fz0_0p05,4372,-3.5165414550564513,0.03890859653924942
NKX,calm,garch11,fz0_avg,4372,-3.270118809715806,0.065007469593791625
NKX,calm,garch11,qlike_ex_near_zero,4370,0.46233571381085242,0.010734799046619921
NKX,calm,garch11_t,crps,4372,0.0070618802515481308,0.00012836492385093399
NKX,calm,garch11_t,log_score,4372,-2.9822250936349026,0.018138425791414156
NKX,calm,garch11_t,pinball_0p01,4372,0.00047554395035005368,3.4573520926320447e-05
NKX,calm,garch11_t,pinball_0p025,4372,0.00093232928044122967,4.3141804804921822e-05
NKX,calm,garch11_t,pinball_0p05,4372,0.0015348047095415217,5.1645248178136392e-05
NKX,calm,garch11_t,pinball_avg,4372,0.00098089264677760145,4.2429953601448704e-05
NKX,calm,garch11_t,qlike,4371,0.48222828486849267,0.014175497457598552
NKX,calm,garch11_t,fz0_0p01,4372,-3.0536898635549159,0.089677554273022653
NKX,calm,garch11_t,fz0_0p025,4372,-3.3053043411918122,0.054937878783314291
NKX,calm,garch11_t,fz0_0p05,4372,-3.5095579354843878,0.040135682028956357
NKX,calm,garch11_t,fz0_avg,4372,-3.2895173800770383,0.060365820695310608
NKX,calm,garch11_t,qlike_ex_near_zero,4370,0.47928122865434064,0.013934807192908192
NKX,calm,gjr,crps,4372,0.0070423061998538651,0.0001249936009333328
NKX,calm,gjr,log_score,4372,-2.9790884190225402,0.01816234249715622
NKX,calm,gjr,pinball_0p01,4372,0.00046156485956153016,3.2413176405312527e-05
NKX,calm,gjr,pinball_0p025,4372,0.00090278325909193421,3.9845973211555095e-05
NKX,calm,gjr,pinball_0p05,4372,0.001491846488180256,4.760055627868172e-05
NKX,calm,gjr,pinball_avg,4372,0.00095206486894457349,3.9463963126604028e-05
NKX,calm,gjr,qlike,4371,0.44277996926200863,0.010902511572985685
NKX,calm,gjr,fz0_0p01,4372,-3.0701135879288319,0.087174357970443248
NKX,calm,gjr,fz0_0p025,4372,-3.3532418224904115,0.050726706558461898
NKX,calm,gjr,fz0_0p05,4372,-3.5597483655770592,0.035785536468450174
NKX,calm,gjr,fz0_avg,4372,-3.3277012586654342,0.057068497762652243
NKX,calm,gjr,qlike_ex_near_zero,4370,0.43980728968552546,0.010549126684162125
NKX,calm,har,crps,4351,0.0070679578790102063,0.00013268398489976169
NKX,calm,har,log_score,4351,-2.9320256841336785,0.028617106734386513
NKX,calm,har,pinball_0p01,4351,0.00052540119765745127,4.4258411932990243e-05
NKX,calm,har,pinball_0p025,4351,0.00096426246192056171,5.0781404124635761e-05
NKX,calm,har,pinball_0p05,4351,0.0015492939696345471,5.7580365831948645e-05
NKX,calm,har,pinball_avg,4351,0.0010129858764041867,5.0340894298385545e-05
NKX,calm,har,qlike,4350,0.42503495911911654,0.016949387780351734
NKX,calm,har,fz0_0p01,4351,-2.7456750510683547,0.15708252627052743
NKX,calm,har,fz0_0p025,4351,-3.1940565074912413,0.083222208803707093
NKX,calm,har,fz0_0p05,4351,-3.4629962031501815,0.05456941855309539
NKX,calm,har,fz0_avg,4351,-3.1342425872365931,0.097418513378673549
NKX,calm,har,qlike_ex_near_zero,4349,0.42212439574426175,0.016428988932917613
NKX,calm,lgbm,crps,4351,0.0071058852481537755,0.0001340192401921258
NKX,calm,lgbm,log_score,4351,-2.9042260512326452,0.033864078305497924
NKX,calm,lgbm,pinball_0p01,4351,0.00053602727711235965,4.6061889821646398e-05
NKX,calm,lgbm,pinball_0p025,4351,0.00098528968346183496,5.1876073676343112e-05
NKX,calm,lgbm,pinball_0p05,4351,0.0015729832271395869,5.7884517973548795e-05
NKX,calm,lgbm,pinball_avg,4351,0.0010314333959045936,5.1474175170485615e-05
NKX,calm,lgbm,qlike,4350,0.48100149113986884,0.020815197704678448
NKX,calm,lgbm,fz0_0p01,4351,-2.701090070974479,0.17469487007055526
NKX,calm,lgbm,fz0_0p025,4351,-3.1516616179940717,0.090215422062285819
NKX,calm,lgbm,fz0_0p05,4351,-3.4340299285196698,0.05779432529287587
NKX,calm,lgbm,fz0_avg,4351,-3.0955938724960732,0.10680861106970242
NKX,calm,lgbm,qlike_ex_near_zero,4349,0.47806201971056667,0.020641942683296041
NKX,calm,moirai,crps,4351,0.0070620975251195215,0.00013080706407570325
NKX,calm,moirai,log_score,4351,-2.9439450151317677,0.024619428836676501
NKX,calm,moirai,pinball_0p01,4351,0.00051887012636918253,4.1565465985561118e-05
NKX,calm,moirai,pinball_0p025,4351,0.00096242187530718901,4.8742201182772456e-05
NKX,calm,moirai,pinball_0p05,4351,0.0015452435948838034,5.6107962687166214e-05
NKX,calm,moirai,pinball_avg,4351,0.0010088451988533916,4.8293200678524328e-05
NKX,calm,moirai,qlike,4350,0.41819349573027281,0.013323006897215717
NKX,calm,moirai,fz0_0p01,4351,-2.7973496008837242,0.13499893043556932
NKX,calm,moirai,fz0_0p025,4351,-3.2097313022501388,0.074218103364295088
NKX,calm,moirai,fz0_0p05,4351,-3.4743336853488911,0.05014671115334763
NKX,calm,moirai,fz0_avg,4351,-3.1604715294942514,0.085546024588029887
NKX,calm,moirai,qlike_ex_near_zero,4349,0.41535476938272753,0.013045919402783266
NKX,calm,naive,crps,4372,0.0072417369201925709,0.00012804297977666483
NKX,calm,naive,log_score,4372,-2.8833877519961888,0.022587930138526571
NKX,calm,naive,pinball_0p01,4372,0.00053414020700439941,3.9268260213662647e-05
NKX,calm,naive,pinball_0p025,4372,0.0010067323322976891,4.5521005162451596e-05
NKX,calm,naive,pinball_0p05,4372,0.0016377460509765073,5.1944455546950784e-05
NKX,calm,naive,pinball_avg,4372,0.0010595395300928654,4.5187279590263118e-05
NKX,calm,naive,qlike,4371,0.62994491700492949,0.015338110017298833
NKX,calm,naive,fz0_0p01,4372,-2.8386995118300549,0.11240561651806777
NKX,calm,naive,fz0_0p025,4372,-3.1903623600661382,0.060835418217490125
NKX,calm,naive,fz0_0p05,4372,-3.4185219328633458,0.040417477009158889
NKX,calm,naive,fz0_avg,4372,-3.1491946015865131,0.070690525312756269
NKX,calm,naive,qlike_ex_near_zero,4370,0.62691882784865771,0.015198553799471291
NKX,calm,patchtst,crps,4351,0.0071681249833252568,0.00013872455212134743
NKX,calm,patchtst,log_score,4351,-2.7652920196782707,0.075653091200173675
NKX,calm,patchtst,pinball_0p01,4351,0.00060924640479943304,5.2685386756959088e-05
NKX,calm,patchtst,pinball_0p025,4351,0.0010518418177688797,5.8562800231327288e-05
NKX,calm,patchtst,pinball_0p05,4351,0.00163037951078318,6.4064241920646034e-05
NKX,calm,patchtst,pinball_avg,4351,0.0010971559111171642,5.8030598346413274e-05
NKX,calm,patchtst,qlike,4350,0.62128136697656611,0.052175545342291157
NKX,calm,patchtst,fz0_0p01,4351,-2.1907617130941182,0.26795892007799921
NKX,calm,patchtst,fz0_0p025,4351,-2.9069185640492679,0.13390125467752731
NKX,calm,patchtst,fz0_0p05,4351,-3.2950394676670594,0.082333705529551188
NKX,calm,patchtst,fz0_avg,4351,-2.7975732482701483,0.16087388258117985
NKX,calm,patchtst,qlike_ex_near_zero,4349,0.61848340343128771,0.052183860779037611
NKX,calm,timesfm,crps,4351,0.0070794087438832334,0.00013117907211600082
NKX,calm,timesfm,log_score,4351,-2.9314950172273768,0.026929639871749199
NKX,calm,timesfm,pinball_0p01,4351,0.00052651602236738961,4.3162256368247294e-05
NKX,calm,timesfm,pinball_0p025,4351,0.00097393424529390376,4.9926973692702858e-05
NKX,calm,timesfm,pinball_0p05,4351,0.0015629559693723788,5.6988855056505842e-05
NKX,calm,timesfm,pinball_avg,4351,0.0010211354123445572,4.9507550263737169e-05
NKX,calm,timesfm,qlike,4350,0.44466307439706726,0.015386845926043035
NKX,calm,timesfm,fz0_0p01,4351,-2.7472607853624216,0.14959013222126605
NKX,calm,timesfm,fz0_0p025,4351,-3.1805517732816151,0.080036805628097049
NKX,calm,timesfm,fz0_0p05,4351,-3.4502856925908887,0.05292367751173193
NKX,calm,timesfm,fz0_avg,4351,-3.1260327504116421,0.093315931189668758
NKX,calm,timesfm,qlike_ex_near_zero,4349,0.44176344792419753,0.015153798153465289
NKX,gfc_wide,autoarima,crps,489,0.013430085016815948,0.00098001383736236029
NKX,gfc_wide,autoarima,log_score,489,-2.2731620848712684,0.087520998844394848
NKX,gfc_wide,autoarima,pinball_0p01,489,0.0013502614469295801,0.00023192692747049692
NKX,gfc_wide,autoarima,pinball_0p025,489,0.0023042919516208563,0.00029551022674660838
NKX,gfc_wide,autoarima,pinball_0p05,489,0.0035099219819459118,0.0003559850747916481
NKX,gfc_wide,autoarima,pinball_avg,489,0.0023881584601654492,0.00029186660774408932
NKX,gfc_wide,autoarima,qlike,489,0.48300723161723758,0.096980621487241514
NKX,gfc_wide,autoarima,fz0_0p01,489,-1.3826357770966755,0.4508632453402252
NKX,gfc_wide,autoarima,fz0_0p025,489,-2.1151714796722669,0.26404243724211968
NKX,gfc_wide,autoarima,fz0_0p05,489,-2.5147019392480199,0.18244608809906332
NKX,gfc_wide,autoarima,fz0_avg,489,-2.004169732005654,0.29638251695344359
NKX,gfc_wide,autoarima,qlike_ex_near_zero,489,0.48300723161723758,0.096980621487241514
NKX,gfc_wide,autoets,crps,489,0.012366021159837941,0.00087525234148717998
NKX,gfc_wide,autoets,log_score,489,-2.3642511507219699,0.083375870156813206
NKX,gfc_wide,autoets,pinball_0p01,489,0.0012128025022792534,0.0002260531091158092
NKX,gfc_wide,autoets,pinball_0p025,489,0.0020386888927187478,0.00028339556119064667
NKX,gfc_wide,autoets,pinball_0p05,489,0.0030717001399238205,0.00033300729194811344
NKX,gfc_wide,autoets,pinball_avg,489,0.002107730511640607,0.00027861100382873329
NKX,gfc_wide,autoets,qlike,489,0.32126229736546014,0.023761105221716074
NKX,gfc_wide,autoets,fz0_0p01,489,-1.5480571515733828,0.42880702041832064
NKX,gfc_wide,autoets,fz0_0p025,489,-2.2405392490126683,0.25356810816049286
NKX,gfc_wide,autoets,fz0_0p05,489,-2.6305295045914248,0.17659370644306144
NKX,gfc_wide,autoets,fz0_avg,489,-2.1397086350591588,0.2836634790638109
NKX,gfc_wide,autoets,qlike_ex_near_zero,489,0.32126229736546014,0.023761105221716074
NKX,gfc_wide,chronos,crps,489,0.012465954179344783,0.0008686001579694024
NKX,gfc_wide,chronos,log_score,489,-2.287476312016854,0.090180248401954918
NKX,gfc_wide,chronos,pinball_0p01,489,0.0013927855053861391,0.00024504017800855193
NKX,gfc_wide,chronos,pinball_0p025,489,0.0022353964669252517,0.00030191886004156545
NKX,gfc_wide,chronos,pinball_0p05,489,0.0032158507812381221,0.00035346248432198163
NKX,gfc_wide,chronos,pinball_avg,489,0.0022813442511831709,0.00029839611621482426
NKX,gfc_wide,chronos,qlike,489,0.34210340027214681,0.037665428845866898
NKX,gfc_wide,chronos,fz0_0p01,489,-1.0306963256105721,0.49765211208970705
NKX,gfc_wide,chronos,fz0_0p025,489,-1.9484822018896211,0.2897248441593665
NKX,gfc_wide,chronos,fz0_0p05,489,-2.4770850618069957,0.20069409788006251
NKX,gfc_wide,chronos,fz0_avg,489,-1.8187545297690628,0.32677737721717304
NKX,gfc_wide,chronos,qlike_ex_near_zero,489,0.34210340027214681,0.037665428845866898
NKX,gfc_wide,ewma,crps,489,0.012097515459255012,0.00079631065841536969
NKX,gfc_wide,ewma,log_score,489,-2.4761540143635603,0.058539818731944714
NKX,gfc_wide,ewma,pinball_0p01,489,0.00081023163407679022,0.00013052190332284267
NKX,gfc_wide,ewma,pinball_0p025,489,0.0015403624991839973,0.00017726420724925389
NKX,gfc_wide,ewma,pinball_0p05,489,0.0025503875868547353,0.00022551059351757596
NKX,gfc_wide,ewma,pinball_avg,489,0.0016336605733718406,0.00017502944396577817
NKX,gfc_wide,ewma,qlike,489,0.47726928148056952,0.029157046471001698
NKX,gfc_wide,ewma,fz0_0p01,489,-2.3782995841676713,0.28111543601630151
NKX,gfc_wide,ewma,fz0_0p025,489,-2.749824051759139,0.16662359014843478
NKX,gfc_wide,ewma,fz0_0p05,489,-2.9647563333392597,0.11959773831621046
NKX,gfc_wide,ewma,fz0_avg,489,-2.6976266564220235,0.18654761842574208
NKX,gfc_wide,ewma,qlike_ex_near_zero,489,0.47726928148056952,0.029157046471001698
NKX,gfc_wide,garch11,crps,489,0.012049821309648778,0.00078265606623574482
NKX,gfc_wide,garch11,log_score,489,-2.4938674504081924,0.055143641551799898
NKX,gfc_wide,garch11,pinball_0p01,489,0.0007246976465068363,0.00011342666123672178
NKX,gfc_wide,garch11,pinball_0p025,489,0.0014736815328618045,0.00015776787781085049
NKX,gfc_wide,garch11,pinball_0p05,489,0.0025574196834633484,0.00021038512797016249
NKX,gfc_wide,garch11,pinball_avg,489,0.0015852662876106628,0.00015681726132292168
NKX,gfc_wide,garch11,qlike,489,0.43150034077568705,0.026928106385524342
NKX,gfc_wide,garch11,fz0_0p01,489,-2.5868886127955015,0.23887132954331972
NKX,gfc_wide,garch11,fz0_0p025,489,-2.8250576936507268,0.14710772628350174
NKX,gfc_wide,garch11,fz0_0p05,489,-2.9796288934946835,0.10968388080659369
NKX,gfc_wide,garch11,fz0_avg,489,-2.7971917333136376,0.16161057450052752
NKX,gfc_wide,garch11,qlike_ex_near_zero,489,0.43150034077568705,0.026928106385524342
NKX,gfc_wide,garch11_t,crps,489,0.012060949557279276,0.00078228271001239862
NKX,gfc_wide,garch11_t,log_score,489,-2.497865168658906,0.052860407329259985
NKX,gfc_wide,garch11_t,pinball_0p01,489,0.00073510755077540297,0.00010475477787491083
NKX,gfc_wide,garch11_t,pinball_0p025,489,0.0014749617111677687,0.00016089481978999389
NKX,gfc_wide,garch11_t,pinball_0p05,489,0.0025637665165266065,0.0002194447183155152
NKX,gfc_wide,garch11_t,pinball_avg,489,0.0015912785928232595,0.00015766815624138346
NKX,gfc_wide,garch11_t,qlike,489,0.44426943301356764,0.027201768791178367
NKX,gfc_wide,garch11_t,fz0_0p01,489,-2.603761173691796,0.20450716993037091
NKX,gfc_wide,garch11_t,fz0_0p025,489,-2.8469674573345065,0.13924146861868955
NKX,gfc_wide,garch11_t,fz0_0p05,489,-2.9865739565925864,0.10887205142537641
NKX,gfc_wide,garch11_t,fz0_avg,489,-2.8124341958729628,0.147275140623607
NKX,gfc_wide,garch11_t,qlike_ex_near_zero,489,0.44426943301356764,0.027201768791178367
NKX,gfc_wide,gjr,crps,489,0.011994745045254279,0.00076260742432419037
NKX,gfc_wide,gjr,log_score,489,-2.5160524037270884,0.050495510843789226
NKX,gfc_wide,gjr,pinball_0p01,489,0.00065988093140505817,8.5646013116697208e-05
NKX,gfc_wide,gjr,pinball_0p025,489,0.001423952338764902,0.00013786562193736658
NKX,gfc_wide,gjr,pinball_0p05,489,0.0024725680679614499,0.00019984808293285048
NKX,gfc_wide,gjr,pinball_avg,489,0.0015188004460438033,0.00013629004840282177
NKX,gfc_wide,gjr,qlike,489,0.38500993298009839,0.026613164087010078
NKX,gfc_wide,gjr,fz0_0p01,489,-2.7267377998502007,0.17274486533918984
NKX,gfc_wide,gjr,fz0_0p025,489,-2.9053220901657939,0.12091231430912519
NKX,gfc_wide,gjr,fz0_0p05,489,-3.0472231463545212,0.096808488667349396
NKX,gfc_wide,gjr,fz0_avg,489,-2.8930943454568383,0.12648105737861276
NKX,gfc_wide,gjr,qlike_ex_near_zero,489,0.38500993298009839,0.026613164087010078
NKX,gfc_wide,har,crps,489,0.012371406180604495,0.00084821676061348685
NKX,gfc_wide,har,log_score,489,-2.348914906695998,0.085621616584187696
NKX,gfc_wide,har,pinball_0p01,489,0.0012563603563772766,0.00023342308501662164
NKX,gfc_wide,har,pinball_0p025,489,0.0020824388223390001,0.00028931336304011406
NKX,gfc_wide,har,pinball_0p05,489,0.003096939825572602,0.00033768550088595435
NKX,gfc_wide,har,pinball_avg,489,0.0021452463347629595,0.00028473762228333025
NKX,gfc_wide,har,qlike,489,0.30933340332993875,0.025452206087314126
NKX,gfc_wide,har,fz0_0p01,489,-1.4603576501468094,0.45136238855210953
NKX,gfc_wide,har,fz0_0p025,489,-2.1923927787880895,0.26463849664246991
NKX,gfc_wide,har,fz0_0p05,489,-2.602285840958817,0.18337812328890643
NKX,gfc_wide,har,fz0_avg,489,-2.0850120899645721,0.2968861710536122
NKX,gfc_wide,har,qlike_ex_near_zero,489,0.30933340332993875,0.025452206087314126
NKX,gfc_wide,lgbm,crps,489,0.012489821713266598,0.00093571446750787641
NKX,gfc_wide,lgbm,log_score,489,-2.2462537749109677,0.14033077043980402
NKX,gfc_wide,lgbm,pinball_0p01,489,0.0014038374724623483,0.00029888155405866036
NKX,gfc_wide,lgbm,pinball_0p025,489,0.0021946453500535168,0.00034293241282534927
NKX,gfc_wide,lgbm,pinball_0p05,489,0.0031656889543443495,0.00037928580614988159
NKX,gfc_wide,lgbm,pinball_avg,489,0.0022547239256200716,0.00033864820035963328
NKX,gfc_wide,lgbm,qlike,489,0.37693933662529205,0.035376104915083584
NKX,gfc_wide,lgbm,fz0_0p01,489,-1.0086564707139773,0.64540499976509724
NKX,gfc_wide,lgbm,fz0_0p025,489,-2.0068066174810926,0.34799047237459096
NKX,gfc_wide,lgbm,fz0_0p05,489,-2.5288738980316525,0.22620099832298715
NKX,gfc_wide,lgbm,fz0_avg,489,-1.8481123287422407,0.40429830228371455
NKX,gfc_wide,lgbm,qlike_ex_near_zero,489,0.37693933662529205,0.035376104915083584
NKX,gfc_wide,moirai,crps,489,0.012446767675063067,0.00087945885203177354
NKX,gfc_wide,moirai,log_score,489,-2.3083926343507684,0.090508295997834193
NKX,gfc_wide,moirai,pinball_0p01,489,0.0013487147323725996,0.00024186707117871623
NKX,gfc_wide,moirai,pinball_0p025,489,0.0021867768874128677,0.0002978308622492675
NKX,gfc_wide,moirai,pinball_0p05,489,0.0031856454117069905,0.00034896510748357094
NKX,gfc_wide,moirai,pinball_avg,489,0.0022403790104974859,0.00029414628399543363
NKX,gfc_wide,moirai,qlike,489,0.33001679252208005,0.033756536618374147
NKX,gfc_wide,moirai,fz0_0p01,489,-1.2178947359525665,0.48127911289298647
NKX,gfc_wide,moirai,fz0_0p025,489,-2.0574928265277377,0.27890465622152322
NKX,gfc_wide,moirai,fz0_0p05,489,-2.5327809303587934,0.19314297453578677
NKX,gfc_wide,moirai,fz0_avg,489,-1.9360561642796992,0.31494371277045047
NKX,gfc_wide,moirai,qlike_ex_near_zero,489,0.33001679252208005,0.033756536618374147
NKX,gfc_wide,naive,crps,489,0.012582193409052934,0.00094873368399891176
NKX,gfc_wide,naive,log_score,489,-2.1283289886963059,0.17987388647451014
NKX,gfc_wide,naive,pinball_0p01,489,0.0015515575698796498,0.00032285657209749313
NKX,gfc_wide,naive,pinball_0p025,489,0.0023275145260520736,0.00036546613521417558
NKX,gfc_wide,naive,pinball_0p05,489,0.0032848264818448746,0.00040269389602638013
NKX,gfc_wide,naive,pinball_avg,489,0.0023879661925921992,0.000362146723728501
NKX,gfc_wide,naive,qlike,489,0.43631452941615895,0.03966438857320153
NKX,gfc_wide,naive,fz0_0p01,489,-0.42279312128736063,0.77903028338910119
NKX,gfc_wide,naive,fz0_0p025,489,-1.7450272591733789,0.40890166744175205
NKX,gfc_wide,naive,fz0_0p05,489,-2.3742400293337091,0.26209208605930967
NKX,gfc_wide,naive,fz0_avg,489,-1.5140201365981498,0.48159293064903735
NKX,gfc_wide,naive,qlike_ex_near_zero,489,0.43631452941615895,0.03966438857320153
NKX,gfc_wide,patchtst,crps,489,0.012602066581863022,0.0009587425070711668
NKX,gfc_wide,patchtst,log_score,489,-1.9807686207255211,0.21725986709761186
NKX,gfc_wide,patchtst,pinball_0p01,489,0.0015914257345763698,0.00035860394947829512
NKX,gfc_wide,patchtst,pinball_0p025,489,0.002356229791172405,0.00039217531406444636
NKX,gfc_wide,patchtst,pinball_0p05,489,0.0033338699729138269,0.00042097769497357907
NKX,gfc_wide,patchtst,pinball_avg,489,0.0024271751662208671,0.00038850729973366558
NKX,gfc_wide,patchtst,qlike,489,0.48246532869863817,0.061811540506747788
NKX,gfc_wide,patchtst,fz0_0p01,489,0.37170615841551452,1.0648601985093367
NKX,gfc_wide,patchtst,fz0_0p025,489,-1.3627278366669857,0.54280886327583078
NKX,gfc_wide,patchtst,fz0_0p05,489,-2.1420965319963607,0.33765490165198442
NKX,gfc_wide,patchtst,fz0_avg,489,-1.0443727367492772,0.64668492171915548
NKX,gfc_wide,patchtst,qlike_ex_near_zero,489,0.48246532869863817,0.061811540506747788
NKX,gfc_wide,timesfm,crps,489,0.012495464343285835,0.00089702233100692459
NKX,gfc_wide,timesfm,log_score,489,-2.2748240081003548,0.097954500229526245
NKX,gfc_wide,timesfm,pinball_0p01,489,0.0014349519772957511,0.0002617812046346186
NKX,gfc_wide,timesfm,pinball_0p025,489,0.002260363549333691,0.00031702051567984968
NKX,gfc_wide,timesfm,pinball_0p05,489,0.0032488879475199191,0.00036515106891053882
NKX,gfc_wide,timesfm,pinball_avg,489,0.0023147344913831201,0.00031327718556000534
NKX,gfc_wide,timesfm,qlike,489,0.33961020576577133,0.038070732370645156
NKX,gfc_wide,timesfm,fz0_0p01,489,-0.96869856858200265,0.5290286880283116
NKX,gfc_wide,timesfm,fz0_0p025,489,-1.9373487450510312,0.30255479382904549
NKX,gfc_wide,timesfm,fz0_0p05,489,-2.4622089467782304,0.20709331018838814
NKX,gfc_wide,timesfm,fz0_avg,489,-1.7894187534704211,0.34380105674954775
NKX,gfc_wide,timesfm,qlike_ex_near_zero,489,0.33961020576577133,0.038070732370645156
SPY,gfc,autoarima,crps,146,0.019040969090998661,0.0013902897291518028
SPY,gfc,autoarima,log_score,146,-1.9711575709335425,0.081625888360824433
SPY,gfc,autoarima,pinball_0p01,146,0.0012184642218554952,0.00027109033040650726
SPY,gfc,autoarima,pinball_0p025,146,0.0022529087551759032,0.00036820545162628918
SPY,gfc,autoarima,pinball_0p05,146,0.0038143634183643335,0.00045737473723063274
SPY,gfc,autoarima,pinball_avg,146,0.0024285787984652438,0.00036103178241616738
SPY,gfc,autoarima,qlike,146,0.51153392314751178,0.088529989106205478
SPY,gfc,autoarima,fz0_0p01,146,-1.8402820021674275,0.41784170013844801
SPY,gfc,autoarima,fz0_0p025,146,-2.2405994695354234,0.26152645033934802
SPY,gfc,autoarima,fz0_0p05,146,-2.4425193918369041,0.1846506612725497
SPY,gfc,autoarima,fz0_avg,146,-2.1744669545132518,0.28558188312365973
SPY,gfc,autoarima,qlike_ex_near_zero,146,0.51153392314751178,0.088529989106205478
SPY,gfc,autoets,crps,146,0.019013819183653153,0.0013820063783380248
SPY,gfc,autoets,log_score,146,-1.9932267741559861,0.07403345675628982
SPY,gfc,autoets,pinball_0p01,146,0.0011148811873390866,0.00019868166576458108
SPY,gfc,autoets,pinball_0p025,146,0.0021828816194597988,0.00031346913158420634
SPY,gfc,autoets,pinball_0p05,146,0.0036123630031593638,0.00042014191942740104
SPY,gfc,autoets,pinball_avg,146,0.0023033752699860833,0.00030816631811207836
SPY,gfc,autoets,qlike,146,0.48959998022778589,0.082939426968449026
SPY,gfc,autoets,fz0_0p01,146,-2.0805539515757379,0.26531205488020354
SPY,gfc,autoets,fz0_0p025,146,-2.3472050465413603,0.19634007972794396
SPY,gfc,autoets,fz0_0p05,146,-2.5392555451360974,0.14880919968867357
SPY,gfc,autoets,fz0_avg,146,-2.3223381810843979,0.20181183077005424
SPY,gfc,autoets,qlike_ex_near_zero,146,0.48959998022778589,0.082939426968449026
SPY,gfc,chronos,crps,146,0.019130003366504906,0.0014218451260829875
SPY,gfc,chronos,log_score,146,-1.9117478415245057,0.098473862348932684
SPY,gfc,chronos,pinball_0p01,146,0.001429374837146599,0.00034804838565198707
SPY,gfc,chronos,pinball_0p025,146,0.0024877269857270187,0.00043531244488468094
SPY,gfc,chronos,pinball_0p05,146,0.0040295840850980633,0.0005164011905096212
SPY,gfc,chronos,pinball_avg,146,0.002648895302657227,0.00042701080609318419
SPY,gfc,chronos,qlike,146,0.65398744077875426,0.13028809685888681
SPY,gfc,chronos,fz0_0p01,146,-1.1749410463003227,0.6766883406327403
SPY,gfc,chronos,fz0_0p025,146,-1.8669599855245307,0.38852975401208351
SPY,gfc,chronos,fz0_0p05,146,-2.2258893558186643,0.25925746365823688
SPY,gfc,chronos,fz0_avg,146,-1.755930129214506,0.4382198178550496
SPY,gfc,chronos,qlike_ex_near_zero,146,0.65398744077875426,0.13028809685888681
SPY,gfc,ewma,crps,146,0.01926733640873507,0.0013919221975960707
SPY,gfc,ewma,log_score,146,-1.9060121719783463,0.089994726703429243
SPY,gfc,ewma,pinball_0p01,146,0.0011085387163647189,0.00024104442434469617
SPY,gfc,ewma,pinball_0p025,146,0.0023008539196418213,0.00031696959420154643
SPY,gfc,ewma,pinball_0p05,146,0.0039796203883332992,0.00041626960769149189
SPY,gfc,ewma,pinball_avg,146,0.0024630043414466136,0.00031108321375598939
SPY,gfc,ewma,qlike,146,0.67752729001491907,0.15136017704942498
SPY,gfc,ewma,fz0_0p01,146,-1.8103311324345028,0.47732046470163775
SPY,gfc,ewma,fz0_0p025,146,-2.1177695115410771,0.28096907044075303
SPY,gfc,ewma,fz0_0p05,146,-2.3193633067226149,0.19520115396108936
SPY,gfc,ewma,fz0_avg,146,-2.082487983566065,0.31176192324545071
SPY,gfc,ewma,qlike_ex_near_zero,146,0.67752729001491907,0.15136017704942498
SPY,gfc,garch11,crps,146,0.019279032261346998,0.0014169287149118259
SPY,gfc,garch11,log_score,146,-1.8834133824173513,0.09930144683805861
SPY,gfc,garch11,pinball_0p01,146,0.0011852406527974614,0.00026063734545573366
SPY,gfc,garch11,pinball_0p025,146,0.0024329657058729747,0.00034208026308867013
SPY,gfc,garch11,pinball_0p05,146,0.0040763332600079229,0.00044620586895804585
SPY,gfc,garch11,pinball_avg,146,0.0025648465395594531,0.00033644751769330264
SPY,gfc,garch11,qlike,146,0.93324709548404727,0.36463466814547046
SPY,gfc,garch11,fz0_0p01,146,-1.6104723566874803,0.54532662042863944
SPY,gfc,garch11,fz0_0p025,146,-1.9813095610438769,0.3185201978026499
SPY,gfc,garch11,fz0_0p05,146,-2.249327334606964,0.22005406872767366
SPY,gfc,garch11,fz0_avg,146,-1.947036417446107,0.35497186677393661
SPY,gfc,garch11,qlike_ex_near_zero,146,0.93324709548404727,0.36463466814547046
SPY,gfc,garch11_t,crps,146,0.019253833592658132,0.0014422340754778173
SPY,gfc,garch11_t,log_score,146,-1.939631025002005,0.082566762350419709
SPY,gfc,garch11_t,pinball_0p01,146,0.0010712291262655997,0.00018786851968626098
SPY,gfc,garch11_t,pinball_0p025,146,0.0022960848085022646,0.00030266468339149266
SPY,gfc,garch11_t,pinball_0p05,146,0.0040708745069187851,0.00044282939769340262
SPY,gfc,garch11_t,pinball_avg,146,0.0024793961472288832,0.00029593578880998249
SPY,gfc,garch11_t,qlike,146,0.70001822129183733,0.175467355873275
SPY,gfc,garch11_t,fz0_0p01,146,-2.092137704108084,0.28142245229944579
SPY,gfc,garch11_t,fz0_0p025,146,-2.1788042616066221,0.23178932359918605
SPY,gfc,garch11_t,fz0_0p05,146,-2.3055479827790686,0.19114831951407879
SPY,gfc,garch11_t,fz0_avg,146,-2.1921633161645913,0.22575841606546757
SPY,gfc,garch11_t,qlike_ex_near_zero,146,0.70001822129183733,0.175467355873275
SPY,gfc,gjr,crps,146,0.019119350576658718,0.0013995680729148021
SPY,gfc,gjr,log_score,146,-1.9333846796362437,0.087283303329009868
SPY,gfc,gjr,pinball_0p01,146,0.0012133849326347345,0.0002443485762501423
SPY,gfc,gjr,pinball_0p025,146,0.0024198163612305823,0.00035937778032796552
SPY,gfc,gjr,pinball_0p05,146,0.0039445602388877687,0.00047773826352243918
SPY,gfc,gjr,pinball_avg,146,0.0025259205109176949,0.00035130171681989537
SPY,gfc,gjr,qlike,146,0.70494327380063704,0.21819647330719788
SPY,gfc,gjr,fz0_0p01,146,-1.6735088569679124,0.4681017951785873
SPY,gfc,gjr,fz0_0p025,146,-2.028783677320777,0.29456525820987778
SPY,gfc,gjr,fz0_0p05,146,-2.3147461637232452,0.21098725611862285
SPY,gfc,gjr,fz0_avg,146,-2.0056795660039781,0.31895202198227007
SPY,gfc,gjr,qlike_ex_near_zero,146,0.70494327380063704,0.21819647330719788
SPY,gfc,har,crps,146,0.018989191158830881,0.0013907069947314062
SPY,gfc,har,log_score,146,-1.9785453513235356,0.081722614902061258
SPY,gfc,har,pinball_0p01,146,0.0011872090513836574,0.00025513911711790428
SPY,gfc,har,pinball_0p025,146,0.0021997538082315004,0.00035568382356021528
SPY,gfc,har,pinball_0p05,146,0.0036470383576281389,0.00045199711939636822
SPY,gfc,har,pinball_avg,146,0.0023446670724144325,0.00035040357675715609
SPY,gfc,har,qlike,146,0.5099646088706381,0.095847947992766594
SPY,gfc,har,fz0_0p01,146,-1.8561349971719752,0.39619790604528582
SPY,gfc,har,fz0_0p025,146,-2.2586182042406469,0.25529871989070513
SPY,gfc,har,fz0_0p05,146,-2.4871248587146244,0.18263592653253163
SPY,gfc,har,fz0_avg,146,-2.2006260200424155,0.27622157607466896
SPY,gfc,har,qlike_ex_near_zero,146,0.5099646088706381,0.095847947992766594
SPY,gfc,lgbm,crps,146,0.020767918697382152,0.0012840945066024186
SPY,gfc,lgbm,log_score,146,-1.682525775691585,0.12241030115674824
SPY,gfc,lgbm,pinball_0p01,146,0.0015717154186247896,0.00034511132540731199
SPY,gfc,lgbm,pinball_0p025,146,0.0029280062230681502,0.000417003637779681
SPY,gfc,lgbm,pinball_0p05,146,0.0047746349779687908,0.0004773086017477698
SPY,gfc,lgbm,pinball_avg,146,0.00309145220655391,0.00040789501665885688
SPY,gfc,lgbm,qlike,146,1.0684260615742505,0.21741589176807291
SPY,gfc,lgbm,fz0_0p01,146,-1.4569938633952522,0.55268170150614548
SPY,gfc,lgbm,fz0_0p025,146,-1.9157284551200313,0.30811682295956844
SPY,gfc,lgbm,fz0_0p05,146,-2.1593668582098684,0.20296510843092011
SPY,gfc,lgbm,fz0_avg,146,-1.8440297255750506,0.35153033039608889
SPY,gfc,lgbm,qlike_ex_near_zero,146,1.0684260615742505,0.21741589176807291
SPY,gfc,moirai,crps,146,0.019215778143091784,0.0014680383179579573
SPY,gfc,moirai,log_score,146,-1.8395295611411648,0.13711532214735919
SPY,gfc,moirai,pinball_0p01,146,0.0014825202836095095,0.00045837425777570654
SPY,gfc,moirai,pinball_0p025,146,0.002646270048785343,0.00051858173199501609
SPY,gfc,moirai,pinball_0p05,146,0.0042698788183199747,0.00059687069795130699
SPY,gfc,moirai,pinball_avg,146,0.0027995563835716089,0.00051440941005653556
SPY,gfc,moirai,qlike,146,0.70209890740575254,0.12903959287411179
SPY,gfc,moirai,fz0_0p01,146,-0.79644106998434938,1.0362439567115094
SPY,gfc,moirai,fz0_0p025,146,-1.6437614337316369,0.53964096361349889
SPY,gfc,moirai,fz0_0p05,146,-2.0635066198700915,0.34304501892337047
SPY,gfc,moirai,fz0_avg,146,-1.5012363745286925,0.63518659165143199
SPY,gfc,moirai,qlike_ex_near_zero,146,0.70209890740575254,0.12903959287411179
SPY,gfc,naive,crps,146,0.020722525618346744,0.0017788114218028424
SPY,gfc,naive,log_score,146,-0.51631321155785614,0.48434851015007124
SPY,gfc,naive,pinball_0p01,146,0.0035499947368071252,0.00083478502421294079
SPY,gfc,naive,pinball_0p025,146,0.0048585218553562261,0.00092640940468300889
SPY,gfc,naive,pinball_0p05,146,0.0063748849647807136,0.0010051036895976416
SPY,gfc,naive,pinball_avg,146,0.0049278005189813557,0.00091748310668504347
SPY,gfc,naive,qlike,146,3.6948442564007324,1.1230595177653535
SPY,gfc,naive,fz0_0p01,146,5.3283927711730676,2.2879530534803285
SPY,gfc,naive,fz0_0p025,146,1.5407763855934453,1.1703231553368787
SPY,gfc,naive,fz0_0p05,146,-0.11169906724249815,0.73774598328403407
SPY,gfc,naive,fz0_avg,146,2.2524900298413377,1.393718224284699
SPY,gfc,naive,qlike_ex_near_zero,146,3.6948442564007324,1.1230595177653535
SPY,gfc,patchtst,crps,146,0.019481631369572393,0.0014462365029498069
SPY,gfc,patchtst,log_score,146,-1.82462429768306,0.10757756649515941
SPY,gfc,patchtst,pinball_0p01,146,0.0014213750227328494,0.00030927998446353595
SPY,gfc,patchtst,pinball_0p025,146,0.0026529510200450279,0.00042992750712954417
SPY,gfc,patchtst,pinball_0p05,146,0.0040895814445751346,0.00053250727390646597
SPY,gfc,patchtst,pinball_avg,146,0.0027213024957843373,0.00041929346565712614
SPY,gfc,patchtst,qlike,146,1.077104764051426,0.43517394867397857
SPY,gfc,patchtst,fz0_0p01,146,-1.348915181475195,0.5623225506049363
SPY,gfc,patchtst,fz0_0p025,146,-1.8609581795818817,0.3397778272170483
SPY,gfc,patchtst,fz0_0p05,146,-2.234295462339972,0.23488381187736365
SPY,gfc,patchtst,fz0_avg,146,-1.8147229411323493,0.37442356035747826
SPY,gfc,patchtst,qlike_ex_near_zero,146,1.077104764051426,0.43517394867397857
SPY,gfc,timesfm,crps,146,0.0191212258837389,0.0014642228786933009
SPY,gfc,timesfm,log_score,146,-1.9049238864887679,0.11299019752833432
SPY,gfc,timesfm,pinball_0p01,146,0.0013528354627723985,0.00039627131631775857
SPY,gfc,timesfm,pinball_0p025,146,0.0023375160287136053,0.0004675186645994389
SPY,gfc,timesfm,pinball_0p05,146,0.0039980240735048795,0.00055339556290167691
SPY,gfc,timesfm,pinball_avg,146,0.0025627918549969617,0.0004624105229357687
SPY,gfc,timesfm,qlike,146,0.64446035284675784,0.12853165023357138
SPY,gfc,timesfm,fz0_0p01,146,-1.238225789148933,0.78871330685635765
SPY,gfc,timesfm,fz0_0p025,146,-1.9778808140421373,0.43025645176250088
SPY,gfc,timesfm,fz0_0p05,146,-2.2608841261348287,0.28201566917074011
SPY,gfc,timesfm,fz0_avg,146,-1.8256635764419664,0.49675038338461758
SPY,gfc,timesfm,qlike_ex_near_zero,146,0.64446035284675784,0.12853165023357138
SPY,covid,autoarima,crps,62,0.019135404704435116,0.00336865126306029
SPY,covid,autoarima,log_score,62,-2.0860952759534261,0.23959563201130801
SPY,covid,autoarima,pinball_0p01,62,0.0012305240163987428,0.0002932268289054123
SPY,covid,autoarima,pinball_0p025,62,0.0025181879440291659,0.00055183378014324357
SPY,covid,autoarima,pinball_0p05,62,0.0042544447965071827,0.00088863730307059039
SPY,covid,autoarima,pinball_avg,62,0.0026677189189783642,0.00056013822377472299
SPY,covid,autoarima,qlike,62,0.92799965003587104,0.38882055308453373
SPY,covid,autoarima,fz0_0p01,62,-1.4199756962307102,0.99404868632249488
SPY,covid,autoarima,fz0_0p025,62,-1.9906995658336306,0.60398141409949146
SPY,covid,autoarima,fz0_0p05,62,-2.3389854330193347,0.46835174728631718
SPY,covid,autoarima,fz0_avg,62,-1.9165535650278918,0.67800970190311327
SPY,covid,autoarima,qlike_ex_near_zero,62,0.92799965003587104,0.38882055308453373
SPY,covid,autoets,crps,62,0.018860836269270792,0.0032604872541449757
SPY,covid,autoets,log_score,62,-2.1247331390272617,0.23075981607489163
SPY,covid,autoets,pinball_0p01,62,0.0010908582999555752,0.00021797797044439661
SPY,covid,autoets,pinball_0p025,62,0.0022005091718982251,0.0003208721611290393
SPY,covid,autoets,pinball_0p05,62,0.0038542621229995062,0.00054024192079628222
SPY,covid,autoets,pinball_avg,62,0.0023818765316177691,0.00034182073076362832
SPY,covid,autoets,qlike,62,0.84731966947154869,0.38877331944896826
SPY,covid,autoets,fz0_0p01,62,-1.5782103109679202,0.98625373002444794
SPY,covid,autoets,fz0_0p025,62,-2.1410232340840505,0.57689653939780228
SPY,covid,autoets,fz0_0p05,62,-2.4369170716673305,0.43725620133123372
SPY,covid,autoets,fz0_avg,62,-2.0520502055730998,0.65856640797716359
SPY,covid,autoets,qlike_ex_near_zero,62,0.84731966947154869,0.38877331944896826
SPY,covid,chronos,crps,62,0.019206467608224653,0.0032656193512748078
SPY,covid,chronos,log_score,62,-2.0819232010451052,0.20741657122628943
SPY,covid,chronos,pinball_0p01,62,0.0014607983483586389,0.00037804506563459658
SPY,covid,chronos,pinball_0p025,62,0.0027120773733753218,0.00063782491662125562
SPY,covid,chronos,pinball_0p05,62,0.0042022729802433413,0.00085742358716262078
SPY,covid,chronos,pinball_avg,62,0.0027917162339924331,0.00061895504810521916
SPY,covid,chronos,qlike,62,0.85450478780642158,0.25916480139228881
SPY,covid,chronos,fz0_0p01,62,-1.26739101459222,0.8106969040775398
SPY,covid,chronos,fz0_0p025,62,-1.9169227111394893,0.54894633680134131
SPY,covid,chronos,fz0_0p05,62,-2.3371257758993891,0.40723777372471315
SPY,covid,chronos,fz0_avg,62,-1.8404798338770327,0.58357265468321617
SPY,covid,chronos,qlike_ex_near_zero,62,0.85450478780642158,0.25916480139228881
SPY,covid,ewma,crps,62,0.019999159359765067,0.0037242645800676329
SPY,covid,ewma,log_score,62,-1.7655292258186819,0.30212592569667124
SPY,covid,ewma,pinball_0p01,62,0.0024473621339175674,0.00069465261887086485
SPY,covid,ewma,pinball_0p025,62,0.0039521480232009723,0.00096865872972084772
SPY,covid,ewma,pinball_0p05,62,0.0055597309420497495,0.0012186707498441196
SPY,covid,ewma,pinball_avg,62,0.0039864136997227618,0.00094980521995640115
SPY,covid,ewma,qlike,62,1.5427678146366079,0.59123081523587939
SPY,covid,ewma,fz0_0p01,62,1.2220978794044306,1.9721298286892808
SPY,covid,ewma,fz0_0p025,62,-0.56903069147214691,1.1284371740535801
SPY,covid,ewma,fz0_0p05,62,-1.5132484616678199,0.75292630803625715
SPY,covid,ewma,fz0_avg,62,-0.28672709124517859,1.2801970106021525
SPY,covid,ewma,qlike_ex_near_zero,62,1.5427678146366079,0.59123081523587939
SPY,covid,garch11,crps,62,0.01903825203657188,0.0033267720200116043
SPY,covid,garch11,log_score,62,-2.0465148353222919,0.25185084982686151
SPY,covid,garch11,pinball_0p01,62,0.0013152143757486181,0.00035299493139027266
SPY,covid,garch11,pinball_0p025,62,0.0025395606177635848,0.00052917841654488837
SPY,covid,garch11,pinball_0p05,62,0.0041986438431612641,0.00080153966414660987
SPY,covid,garch11,pinball_avg,62,0.002684472945557822,0.0005397245419122269
SPY,covid,garch11,qlike,62,1.0158153030944339,0.52868732357135939
SPY,covid,garch11,fz0_0p01,62,-0.91961428045130034,1.348481750075063
SPY,covid,garch11,fz0_0p025,62,-1.7873934297104335,0.73904521589127203
SPY,covid,garch11,fz0_0p05,62,-2.2339505407225113,0.53449594847747084
SPY,covid,garch11,fz0_avg,62,-1.6469860836280819,0.86485542869180698
SPY,covid,garch11,qlike_ex_near_zero,62,1.0158153030944339,0.52868732357135939
SPY,covid,garch11_t,crps,62,0.019211159016008044,0.0034228797735752253
SPY,covid,garch11_t,log_score,62,-2.08351597722455,0.23213961340615127
SPY,covid,garch11_t,pinball_0p01,62,0.0011579994153718485,0.00023575101871232265
SPY,covid,garch11_t,pinball_0p025,62,0.0025110579698056829,0.00047804780152551935
SPY,covid,garch11_t,pinball_0p05,62,0.0043587249744340296,0.0008508634942980685
SPY,covid,garch11_t,pinball_avg,62,0.002675927453203854,0.00049480076852936546
SPY,covid,garch11_t,qlike,62,1.0234672113793124,0.53906507971972939
SPY,covid,garch11_t,fz0_0p01,62,-1.5525742101499214,0.95773407186145632
SPY,covid,garch11_t,fz0_0p025,62,-1.9316566290850974,0.63328999180914358
SPY,covid,garch11_t,fz0_0p05,62,-2.2279395962761384,0.52620995726105158
SPY,covid,garch11_t,fz0_avg,62,-1.9040568118370518,0.69223457651464082
SPY,covid,garch11_t,qlike_ex_near_zero,62,1.0234672113793124,0.53906507971972939
SPY,covid,gjr,crps,62,0.018718888253976097,0.0032913301232420692
SPY,covid,gjr,log_score,62,-2.1606678892591757,0.23949781590480573
SPY,covid,gjr,pinball_0p01,62,0.0011008508338786278,0.00025989419825275009
SPY,covid,gjr,pinball_0p025,62,0.0021314994318304857,0.00042760497078783201
SPY,covid,gjr,pinball_0p05,62,0.0036054666899983301,0.00062402555687439897
SPY,covid,gjr,pinball_avg,62,0.0022792723185691478,0.00042354253417875549
SPY,covid,gjr,qlike,62,0.82734265718438393,0.40990140496356492
SPY,covid,gjr,fz0_0p01,62,-1.6304411468405033,1.0327727431026197
SPY,covid,gjr,fz0_0p025,62,-2.2656847342808666,0.58641239846967141
SPY,covid,gjr,fz0_0p05,62,-2.5819269041134132,0.41625768107110223
SPY,covid,gjr,fz0_avg,62,-2.1593509284115946,0.67011425317019113
SPY,covid,gjr,qlike_ex_near_zero,62,0.82734265718438393,0.40990140496356492
SPY,covid,har,crps,62,0.019146444622681009,0.0034474550178970401
SPY,covid,har,log_score,62,-2.0858698080267302,0.24152345177020335
SPY,covid,har,pinball_0p01,62,0.0013936634339026964,0.00037118279622404168
SPY,covid,har,pinball_0p025,62,0.0027024554887584806,0.00061306626576923139
SPY,covid,har,pinball_0p05,62,0.0043778717018665321,0.00091488856531482803
SPY,covid,har,pinball_avg,62,0.0028246635415092366,0.00061300400527841215
SPY,covid,har,qlike,62,0.96358660747547309,0.4303345470567177
SPY,covid,har,fz0_0p01,62,-1.1447250740854458,1.1240108432711877
SPY,covid,har,fz0_0p025,62,-1.8460017187084352,0.65736002264536253
SPY,covid,har,fz0_0p05,62,-2.294074186530707,0.46197216353041509
SPY,covid,har,fz0_avg,62,-1.7616003264415292,0.73675625683756463
SPY,covid,har,qlike_ex_near_zero,62,0.96358660747547309,0.4303345470567177
SPY,covid,lgbm,crps,62,0.021379886113856165,0.0044129771132240068
SPY,covid,lgbm,log_score,62,-1.214675420132252,0.55528370837616903
SPY,covid,lgbm,pinball_0p01,62,0.0035791357109062369,0.001395151870923381
SPY,covid,lgbm,pinball_0p025,62,0.0050438166901351214,0.0016072999938313885
SPY,covid,lgbm,pinball_0p05,62,0.0066828167026354527,0.0017831503625440868
SPY,covid,lgbm,pinball_avg,62,0.0051019230345589386,0.0015906373139269699
SPY,covid,lgbm,qlike,62,2.8945488127502577,1.0550832206079244
SPY,covid,lgbm,fz0_0p01,62,3.2856114660799922,2.7186510869141811
SPY,covid,lgbm,fz0_0p025,62,0.48322304093168628,1.4539300542993967
SPY,covid,lgbm,fz0_0p05,62,-0.81864637083131186,0.94643322998139545
SPY,covid,lgbm,fz0_avg,62,0.98339604539345526,1.700460432072852
SPY,covid,lgbm,qlike_ex_near_zero,62,2.8945488127502577,1.0550832206079244
SPY,covid,moirai,crps,62,0.019343617508887568,0.0032978538561038535
SPY,covid,moirai,log_score,62,-1.9234817851336656,0.27128229327493547
SPY,covid,moirai,pinball_0p01,62,0.0018350709085803794,0.00059145796047800918
SPY,covid,moirai,pinball_0p025,62,0.0030440854169875397,0.00081038901893867518
SPY,covid,moirai,pinball_0p05,62,0.0044197644935777894,0.0010063188065269392
SPY,covid,moirai,pinball_avg,62,0.0030996402730485697,0.00079604187404213711
SPY,covid,moirai,qlike,62,1.3453571480523847,0.53681937295424775
SPY,covid,moirai,fz0_0p01,62,-0.095654182283231137,1.4962067581259817
SPY,covid,moirai,fz0_0p025,62,-1.3537126555210304,0.8532961788357506
SPY,covid,moirai,fz0_0p05,62,-2.0624218043355005,0.57984292223949718
SPY,covid,moirai,fz0_avg,62,-1.1705962140465875,0.96894646793019334
SPY,covid,moirai,qlike_ex_near_zero,62,1.3453571480523847,0.53681937295424775
SPY,covid,naive,crps,62,0.022421675636595563,0.0047116407476344409
SPY,covid,naive,log_score,62,1.4565763784890535,1.6985494142629307
SPY,covid,naive,pinball_0p01,62,0.0059592236192752357,0.0020827451032847406
SPY,covid,naive,pinball_0p025,62,0.0070763318278119118,0.0021927016244057919
SPY,covid,naive,pinball_0p05,62,0.0083331688471089144,0.0022607972664449795
SPY,covid,naive,pinball_avg,62,0.0071229080980653543,0.0021764997500938071
SPY,covid,naive,qlike,62,8.4775474909445521,3.635514452728299
SPY,covid,naive,fz0_0p01,62,15.72161315085412,7.0137183204044611
SPY,covid,naive,fz0_0p025,62,6.315602687491217,3.4103398504973246
SPY,covid,naive,fz0_0p05,62,2.5241966311383495,2.0302416637283036
SPY,covid,naive,fz0_avg,62,8.1871374898278955,4.1474294844697237
SPY,covid,naive,qlike_ex_near_zero,62,8.4775474909445521,3.635514452728299
SPY,covid,patchtst,crps,62,0.020603635105987738,0.0041309883444105066
SPY,covid,patchtst,log_score,62,-1.3990661923494105,0.43624695497782939
SPY,covid,patchtst,pinball_0p01,62,0.0034051777364808469,0.0011914825193033907
SPY,covid,patchtst,pinball_0p025,62,0.0046460669804135281,0.0013973996682626443
SPY,covid,patchtst,pinball_0p05,62,0.0062156258201451365,0.0016122669363969563
SPY,covid,patchtst,pinball_avg,62,0.0047556235123465034,0.0013948027968432211
SPY,covid,patchtst,qlike,62,2.4958949244195616,0.89037470355213411
SPY,covid,patchtst,fz0_0p01,62,4.0713264158599456,3.0513759573426658
SPY,covid,patchtst,fz0_0p025,62,0.67714414854604521,1.6048113894363536
SPY,covid,patchtst,fz0_0p05,62,-0.76362644814429548,1.0198478373148063
SPY,covid,patchtst,fz0_avg,62,1.3282813720872324,1.8878905235542147
SPY,covid,patchtst,qlike_ex_near_zero,62,2.4958949244195616,0.89037470355213411
SPY,covid,timesfm,crps,62,0.019321576728093981,0.003323566748732883
SPY,covid,timesfm,log_score,62,-1.9595893500313923,0.27586886737301647
SPY,covid,timesfm,pinball_0p01,62,0.0016488659008677988,0.00046504998673878827
SPY,covid,timesfm,pinball_0p025,62,0.0028966392804202715,0.00069166140889295085
SPY,covid,timesfm,pinball_0p05,62,0.0044479588850780908,0.0009189751450560731
SPY,covid,timesfm,pinball_avg,62,0.002997821355455386,0.00067925173645906839
SPY,covid,timesfm,qlike,62,1.3688194433221172,0.6626227405288474
SPY,covid,timesfm,fz0_0p01,62,-0.17395843442285516,1.6857749860735098
SPY,covid,timesfm,fz0_0p025,62,-1.4093213064798571,0.91177173351992802
SPY,covid,timesfm,fz0_0p05,62,-2.0645060562023287,0.60018063855759274
SPY,covid,timesfm,fz0_avg,62,-1.2159285990350137,1.056589474619174
SPY,covid,timesfm,qlike_ex_near_zero,62,1.3688194433221172,0.6626227405288474
SPY,tightening_2022,autoarima,crps,209,0.0087040068065158335,0.00041398575103856713
SPY,tightening_2022,autoarima,log_score,209,-2.738036057852387,0.05877237452941475
SPY,tightening_2022,autoarima,pinball_0p01,209,0.00050646833118477854,0.00010231718120200227
SPY,tightening_2022,autoarima,pinball_0p025,209,0.0010347034225742402,0.00012913973597362524
SPY,tightening_2022,autoarima,pinball_0p05,209,0.0017742952981294276,0.00016948770926005752
SPY,tightening_2022,autoarima,pinball_avg,209,0.0011051556839628154,0.0001287655695312115
SPY,tightening_2022,autoarima,qlike,209,0.32364982268744913,0.027457197605730094
SPY,tightening_2022,autoarima,fz0_0p01,209,-2.7770107111647979,0.36598417340292511
SPY,tightening_2022,autoarima,fz0_0p025,209,-3.0639465859180981,0.21121485658847239
SPY,tightening_2022,autoarima,fz0_0p05,209,-3.2524128205259384,0.15006322519821005
SPY,tightening_2022,autoarima,fz0_avg,209,-3.0311233725362778,0.23802764695429765
SPY,tightening_2022,autoarima,qlike_ex_near_zero,209,0.32364982268744913,0.027457197605730094
SPY,tightening_2022,autoets,crps,209,0.0087060711672541386,0.00040851266671669534
SPY,tightening_2022,autoets,log_score,209,-2.7322686462259882,0.059524283700871448
SPY,tightening_2022,autoets,pinball_0p01,209,0.00053292221095066451,0.00010514888853175215
SPY,tightening_2022,autoets,pinball_0p025,209,0.0010574552925264153,0.00013136194239572545
SPY,tightening_2022,autoets,pinball_0p05,209,0.0017878141674315957,0.00016771817667293837
SPY,tightening_2022,autoets,pinball_avg,209,0.0011260638903028918,0.00013062191589032873
SPY,tightening_2022,autoets,qlike,209,0.33423619626825563,0.028567597472034648
SPY,tightening_2022,autoets,fz0_0p01,209,-2.6928999316273687,0.38424018452334996
SPY,tightening_2022,autoets,fz0_0p025,209,-3.0187436625793511,0.22077581339467953
SPY,tightening_2022,autoets,fz0_0p05,209,-3.2328482886229208,0.1544363175192979
SPY,tightening_2022,autoets,fz0_avg,209,-2.9814972942765463,0.24925629267544835
SPY,tightening_2022,autoets,qlike_ex_near_zero,209,0.33423619626825563,0.028567597472034648
SPY,tightening_2022,chronos,crps,209,0.0087488051169610816,0.00043820218900462321
SPY,tightening_2022,chronos,log_score,209,-2.7231881308160788,0.070225288660462501
SPY,tightening_2022,chronos,pinball_0p01,209,0.00051840129950119732,0.00010988161479843634
SPY,tightening_2022,chronos,pinball_0p025,209,0.001092991093258507,0.00015279225080107073
SPY,tightening_2022,chronos,pinball_0p05,209,0.0018790275274265171,0.00019996873021798761
SPY,tightening_2022,chronos,pinball_avg,209,0.0011634733067287404,0.00014907423889571258
SPY,tightening_2022,chronos,qlike,209,0.37531370196934938,0.050127764371186163
SPY,tightening_2022,chronos,fz0_0p01,209,-2.7744625687535587,0.39826329590068005
SPY,tightening_2022,chronos,fz0_0p025,209,-3.0083110816416423,0.2432655520372827
SPY,tightening_2022,chronos,fz0_0p05,209,-3.18174029539166,0.17927974856053364
SPY,tightening_2022,chronos,fz0_avg,209,-2.9881713152622873,0.26624772422829268
SPY,tightening_2022,chronos,qlike_ex_near_zero,209,0.37531370196934938,0.050127764371186163
SPY,tightening_2022,ewma,crps,209,0.0087223485955215847,0.00041470156584874689
SPY,tightening_2022,ewma,log_score,209,-2.7443296909678785,0.052096414355477003
SPY,tightening_2022,ewma,pinball_0p01,209,0.00044734431894192546,7.5441779786529752e-05
SPY,tightening_2022,ewma,pinball_0p025,209,0.0010044322683127769,0.00011294150594884597
SPY,tightening_2022,ewma,pinball_0p05,209,0.0017738214331755472,0.00015718945384763676
SPY,tightening_2022,ewma,pinball_avg,209,0.0010751993401434165,0.0001108971611247958
SPY,tightening_2022,ewma,qlike,209,0.38091923115872062,0.065212131741113524
SPY,tightening_2022,ewma,fz0_0p01,209,-3.0495979220828873,0.22466745808493066
SPY,tightening_2022,ewma,fz0_0p025,209,-3.1568227795075958,0.15426816850681366
SPY,tightening_2022,ewma,fz0_0p05,209,-3.275995129589246,0.12304109731001101
SPY,tightening_2022,ewma,fz0_avg,209,-3.1608052770599095,0.16107231129320593
SPY,tightening_2022,ewma,qlike_ex_near_zero,209,0.38091923115872062,0.065212131741113524
SPY,tightening_2022,garch11,crps,209,0.0087741823470052598,0.00042445605096836893
SPY,tightening_2022,garch11,log_score,209,-2.7225981415351552,0.056974908790160879
SPY,tightening_2022,garch11,pinball_0p01,209,0.00046860449502428373,8.3957438404371409e-05
SPY,tightening_2022,garch11,pinball_0p025,209,0.00099745472748179686,0.00012100586158516474
SPY,tightening_2022,garch11,pinball_0p05,209,0.0017512261188200361,0.00016652895563991566
SPY,tightening_2022,garch11,pinball_avg,209,0.0010724284471087056,0.00011904731967760063
SPY,tightening_2022,garch11,qlike,209,0.31844862035571309,0.038542867200577875
SPY,tightening_2022,garch11,fz0_0p01,209,-2.9376853789876778,0.2706877090915949
SPY,tightening_2022,garch11,fz0_0p025,209,-3.132169160408675,0.18134592207952857
SPY,tightening_2022,garch11,fz0_0p05,209,-3.2732558501500559,0.14160199014930686
SPY,tightening_2022,garch11,fz0_avg,209,-3.1143701298488029,0.19211028024045612
SPY,tightening_2022,garch11,qlike_ex_near_zero,209,0.31844862035571309,0.038542867200577875
SPY,tightening_2022,garch11_t,crps,209,0.0087940789969085161,0.00042772533935593105
SPY,tightening_2022,garch11_t,log_score,209,-2.7101090061986515,0.055174973595245029
SPY,tightening_2022,garch11_t,pinball_0p01,209,0.000456187690796438,7.1218795437448759e-05
SPY,tightening_2022,garch11_t,pinball_0p025,209,0.00098298103071718722,0.00011319882302561874
SPY,tightening_2022,garch11_t,pinball_0p05,209,0.0017618486535394419,0.00016425584032648424
SPY,tightening_2022,garch11_t,pinball_avg,209,0.0010670057916843557,0.00011071584705253961
SPY,tightening_2022,garch11_t,qlike,209,0.31933250879070396,0.037076807948484607
SPY,tightening_2022,garch11_t,fz0_0p01,209,-3.0260706379653337,0.19948329740823209
SPY,tightening_2022,garch11_t,fz0_0p025,209,-3.1682394632477564,0.15687721109426719
SPY,tightening_2022,garch11_t,fz0_0p05,209,-3.2745766877719582,0.1331902303633607
SPY,tightening_2022,garch11_t,fz0_avg,209,-3.1562955963283486,0.15634188017615808
SPY,tightening_2022,garch11_t,qlike_ex_near_zero,209,0.31933250879070396,0.037076807948484607
SPY,tightening_2022,gjr,crps,209,0.0088015221703023547,0.00042231717724645478
SPY,tightening_2022,gjr,log_score,209,-2.7093946097474357,0.059950314416724888
SPY,tightening_2022,gjr,pinball_0p01,209,0.00049672660480449301,9.5263731652748382e-05
SPY,tightening_2022,gjr,pinball_0p025,209,0.0010092121775608625,0.00013007212181757909
SPY,tightening_2022,gjr,pinball_0p05,209,0.0017688257393545577,0.00016818711264443903
SPY,tightening_2022,gjr,pinball_avg,209,0.0010915881739066379,0.0001269928351401819
SPY,tightening_2022,gjr,qlike,209,0.29377881168849251,0.029953864998797101
SPY,tightening_2022,gjr,fz0_0p01,209,-2.8234563766284966,0.33394441466952357
SPY,tightening_2022,gjr,fz0_0p025,209,-3.0925022951358159,0.2081682823673611
SPY,tightening_2022,gjr,fz0_0p05,209,-3.2506982749773834,0.15358985165661163
SPY,tightening_2022,gjr,fz0_avg,209,-3.0555523155805648,0.22688913707511554
SPY,tightening_2022,gjr,qlike_ex_near_zero,209,0.29377881168849251,0.029953864998797101
SPY,tightening_2022,har,crps,209,0.0087006006262795536,0.00042629321966133248
SPY,tightening_2022,har,log_score,209,-2.7262378435957131,0.070134722758957671
SPY,tightening_2022,har,pinball_0p01,209,0.00050283605181306685,0.00011682324015094464
SPY,tightening_2022,har,pinball_0p025,209,0.0010636843439405352,0.00014738168017271029
SPY,tightening_2022,har,pinball_0p05,209,0.0018074621959067844,0.0001910692251497216
SPY,tightening_2022,har,pinball_avg,209,0.0011246608638867954,0.00014589650708514098
SPY,tightening_2022,har,qlike,209,0.33287452295930209,0.037998479754274811
SPY,tightening_2022,har,fz0_0p01,209,-2.7454992991148299,0.46240798756465845
SPY,tightening_2022,har,fz0_0p025,209,-3.0064167933027632,0.25825787229140401
SPY,tightening_2022,har,fz0_0p05,209,-3.2128723307724254,0.1815943610071126
SPY,tightening_2022,har,fz0_avg,209,-2.9882628077300062,0.29414781184500211
SPY,tightening_2022,har,qlike_ex_near_zero,209,0.33287452295930209,0.037998479754274811
SPY,tightening_2022,lgbm,crps,209,0.0087662267892839856,0.00043396874160652583
SPY,tightening_2022,lgbm,log_score,209,-2.6882074254553334,0.069555012153587933
SPY,tightening_2022,lgbm,pinball_0p01,209,0.0006233727567852578,0.00011046383467817443
SPY,tightening_2022,lgbm,pinball_0p025,209,0.0012166010971997191,0.00016146438400019975
SPY,tightening_2022,lgbm,pinball_0p05,209,0.0020082778635788878,0.00020843134568601001
SPY,tightening_2022,lgbm,pinball_avg,209,0.0012827505725212882,0.00015660432656878497
SPY,tightening_2022,lgbm,qlike,209,0.3990517965945129,0.050783064024079803
SPY,tightening_2022,lgbm,fz0_0p01,209,-2.3580400369658503,0.415997574412174
SPY,tightening_2022,lgbm,fz0_0p025,209,-2.7512009999222582,0.26745647255260002
SPY,tightening_2022,lgbm,fz0_0p05,209,-3.0005009909408944,0.1970462243357804
SPY,tightening_2022,lgbm,fz0_avg,209,-2.7032473426096675,0.28752875255081256
SPY,tightening_2022,lgbm,qlike_ex_near_zero,209,0.3990517965945129,0.050783064024079803
SPY,tightening_2022,moirai,crps,209,0.0087565132770596465,0.0004331840550901586
SPY,tightening_2022,moirai,log_score,209,-2.7139903175179843,0.070044266962297347
SPY,tightening_2022,moirai,pinball_0p01,209,0.00050084683226227905,0.00011497806553523134
SPY,tightening_2022,moirai,pinball_0p025,209,0.0010820743003971524,0.0001501478764923413
SPY,tightening_2022,moirai,pinball_0p05,209,0.0018945312738574678,0.0001943292240936062
SPY,tightening_2022,moirai,pinball_avg,209,0.0011591508021722998,0.00014681127144289358
SPY,tightening_2022,moirai,qlike,209,0.36133998149994717,0.047569039381600953
SPY,tightening_2022,moirai,fz0_0p01,209,-2.73943861527425,0.44323908789292599
SPY,tightening_2022,moirai,fz0_0p025,209,-2.9718065308090491,0.25827059162844784
SPY,tightening_2022,moirai,fz0_0p05,209,-3.1315534712456672,0.18559996128836997
SPY,tightening_2022,moirai,fz0_avg,209,-2.9475995391096554,0.28763506976982134
SPY,tightening_2022,moirai,qlike_ex_near_zero,209,0.36133998149994717,0.047569039381600953
SPY,tightening_2022,naive,crps,209,0.008855683511325577,0.000462159519625544
SPY,tightening_2022,naive,log_score,209,-2.621465729037622,0.089530494060829788
SPY,tightening_2022,naive,pinball_0p01,209,0.00079491038098241534,0.00016249473560363701
SPY,tightening_2022,naive,pinball_0p025,209,0.0013439443399334385,0.00021698168927215919
SPY,tightening_2022,naive,pinball_0p05,209,0.0020172395407640621,0.00025984218069358069
SPY,tightening_2022,naive,pinball_avg,209,0.0013853647538933052,0.00021171050007210587
SPY,tightening_2022,naive,qlike,209,0.4850635436364818,0.057381381791223644
SPY,tightening_2022,naive,fz0_0p01,209,-1.7800101472465031,0.56989372145460826
SPY,tightening_2022,naive,fz0_0p025,209,-2.5271819907433692,0.35624668147069893
SPY,tightening_2022,naive,fz0_0p05,209,-2.9636667128037901,0.25030754088277929
SPY,tightening_2022,naive,fz0_avg,209,-2.4236196169312212,0.38955271604705105
SPY,tightening_2022,naive,qlike_ex_near_zero,209,0.4850635436364818,0.057381381791223644
SPY,tightening_2022,patchtst,crps,209,0.0089117086661848911,0.00044356317654575442
SPY,tightening_2022,patchtst,log_score,209,-2.5800036713309531,0.084695039993809951
SPY,tightening_2022,patchtst,pinball_0p01,209,0.00077984331144712179,0.00014459352300274668
SPY,tightening_2022,patchtst,pinball_0p025,209,0.001401913852842317,0.00020073399259719888
SPY,tightening_2022,patchtst,pinball_0p05,209,0.0021270653829518742,0.00024481367484930971
SPY,tightening_2022,patchtst,pinball_avg,209,0.0014362741824137707,0.00019479153919920242
SPY,tightening_2022,patchtst,qlike,209,0.79320653637885286,0.25812241527465601
SPY,tightening_2022,patchtst,fz0_0p01,209,-1.7146980771269045,0.56454485319272729
SPY,tightening_2022,patchtst,fz0_0p025,209,-2.3913114614344906,0.35970424997365208
SPY,tightening_2022,patchtst,fz0_0p05,209,-2.8324101089249454,0.25363398998033237
SPY,tightening_2022,patchtst,fz0_avg,209,-2.3128065491621133,0.38964670155008707
SPY,tightening_2022,patchtst,qlike_ex_near_zero,209,0.79320653637885286,0.25812241527465601
SPY,tightening_2022,timesfm,crps,209,0.0087169247592586672,0.00043567613461417156
SPY,tightening_2022,timesfm,log_score,209,-2.7269768884167984,0.071297917021841045
SPY,tightening_2022,timesfm,pinball_0p01,209,0.00050809326857535178,0.00011656322306894696
SPY,tightening_2022,timesfm,pinball_0p025,209,0.0010882890658701189,0.00015351286385485098
SPY,tightening_2022,timesfm,pinball_0p05,209,0.0018807339126689078,0.00019880001636612732
SPY,tightening_2022,timesfm,pinball_avg,209,0.0011590387490381261,0.00015031658763645222
SPY,tightening_2022,timesfm,qlike,209,0.33168375161369384,0.0371350764599351
SPY,tightening_2022,timesfm,fz0_0p01,209,-2.7419663705804829,0.45033969433776466
SPY,tightening_2022,timesfm,fz0_0p025,209,-2.9742041825217393,0.26076164422358711
SPY,tightening_2022,timesfm,fz0_0p05,209,-3.1515659711245609,0.18729102821044641
SPY,tightening_2022,timesfm,fz0_avg,209,-2.9559121747422612,0.29150661520170668
SPY,tightening_2022,timesfm,qlike_ex_near_zero,209,0.33168375161369384,0.0371350764599351
SPY,spike_2024_08,autoarima,crps,22,0.0065078115062542317,0.0013151309535303665
SPY,spike_2024_08,autoarima,log_score,22,-3.081331563025584,0.22156222684178867
SPY,spike_2024_08,autoarima,pinball_0p01,22,0.00031218393096410355,4.0320603741871703e-05
SPY,spike_2024_08,autoarima,pinball_0p025,22,0.00082536311899498733,0.00020682216260226318
SPY,spike_2024_08,autoarima,pinball_0p05,22,0.0014091010988630135,0.00034919229728615225
SPY,spike_2024_08,autoarima,pinball_avg,22,0.00084888271627403501,0.00019631780929256108
SPY,spike_2024_08,autoarima,qlike,22,0.77959258910999618,0.39090122522400944
SPY,spike_2024_08,autoarima,fz0_0p01,22,-3.5329536222609068,0.15575718301786895
SPY,spike_2024_08,autoarima,fz0_0p025,22,-3.4762071677739597,0.35163956759975318
SPY,spike_2024_08,autoarima,fz0_0p05,22,-3.64655354550549,0.34768401777827218
SPY,spike_2024_08,autoarima,fz0_avg,22,-3.5519047785134528,0.28220666566624092
SPY,spike_2024_08,autoarima,qlike_ex_near_zero,22,0.77959258910999618,0.39090122522400944
SPY,spike_2024_08,autoets,crps,22,0.0064966897941010071,0.0013082320064661227
SPY,spike_2024_08,autoets,log_score,22,-3.092840868465434,0.21475209692505806
SPY,spike_2024_08,autoets,pinball_0p01,22,0.00028663141673246399,4.3351021047486696e-05
SPY,spike_2024_08,autoets,pinball_0p025,22,0.00078132142761139407,0.00015472541246300687
SPY,spike_2024_08,autoets,pinball_0p05,22,0.0013902618834291569,0.00030813186835407323
SPY,spike_2024_08,autoets,pinball_avg,22,0.0008194049092576719,0.00015815035420769019
SPY,spike_2024_08,autoets,qlike,22,0.74354437367809567,0.32811898468920642
SPY,spike_2024_08,autoets,fz0_0p01,22,-3.6158602687841661,0.57081358457536113
SPY,spike_2024_08,autoets,fz0_0p025,22,-3.5554050573326355,0.25904304466414402
SPY,spike_2024_08,autoets,fz0_0p05,22,-3.680605693065377,0.29489529086827593
SPY,spike_2024_08,autoets,fz0_avg,22,-3.617290339727393,0.20788420008960115
SPY,spike_2024_08,autoets,qlike_ex_near_zero,22,0.74354437367809567,0.32811898468920642
SPY,spike_2024_08,chronos,crps,22,0.0063514969567683936,0.0011884117730091392
SPY,spike_2024_08,chronos,log_score,22,-3.1559108904333502,0.16612327375168698
SPY,spike_2024_08,chronos,pinball_0p01,22,0.00026778182607477892,2.9060270287319476e-05
SPY,spike_2024_08,chronos,pinball_0p025,22,0.00056815390241775701,6.7692617088232443e-05
SPY,spike_2024_08,chronos,pinball_0p05,22,0.0010689880275727955,0.00014611279657665319
SPY,spike_2024_08,chronos,pinball_avg,22,0.00063497458535511048,7.6768756430565803e-05
SPY,spike_2024_08,chronos,qlike,22,0.44250129372045599,0.16750496101632084
SPY,spike_2024_08,chronos,fz0_0p01,22,-3.6923270864858364,0.15948356782891215
SPY,spike_2024_08,chronos,fz0_0p025,22,-3.8578772168074646,0.1594835678289124
SPY,spike_2024_08,chronos,fz0_0p05,22,-3.9613331684562394,0.19161298962644108
SPY,spike_2024_08,chronos,fz0_avg,22,-3.8371791572498477,0.20678743942733849
SPY,spike_2024_08,chronos,qlike_ex_near_zero,22,0.44250129372045599,0.16750496101632084
SPY,spike_2024_08,ewma,crps,22,0.0067074606396279541,0.0013642718417979762
SPY,spike_2024_08,ewma,log_score,22,-2.9464842745230655,0.26952344276310269
SPY,spike_2024_08,ewma,pinball_0p01,22,0.00055370868412376467,0.00024669292823312574
SPY,spike_2024_08,ewma,pinball_0p025,22,0.0010600112388817013,0.00040132738871398178
SPY,spike_2024_08,ewma,pinball_0p05,22,0.0017332361940359294,0.00060254299424207535
SPY,spike_2024_08,ewma,pinball_avg,22,0.0011156520390137987,0.00041437164249262835
SPY,spike_2024_08,ewma,qlike,22,1.1965809951323421,0.69930493905993496
SPY,spike_2024_08,ewma,fz0_0p01,22,-2.5859815165763838,0.99553631845997581
SPY,spike_2024_08,ewma,fz0_0p025,22,-2.9761328117894674,0.77857690979175487
SPY,spike_2024_08,ewma,fz0_0p05,22,-3.22614901801128,0.72322461787419023
SPY,spike_2024_08,ewma,fz0_avg,22,-2.9294211154590442,0.82348673694217078
SPY,spike_2024_08,ewma,qlike_ex_near_zero,22,1.1965809951323421,0.69930493905993496
SPY,spike_2024_08,garch11,crps,22,0.006716132718659654,0.0014022097129808844
SPY,spike_2024_08,garch11,log_score,22,-2.9126768646428816,0.31294308917147445
SPY,spike_2024_08,garch11,pinball_0p01,22,0.00061767927913298733,0.00032873744246166351
SPY,spike_2024_08,garch11,pinball_0p025,22,0.0011348770955647554,0.00051547394205266181
SPY,spike_2024_08,garch11,pinball_0p05,22,0.0018082284311589066,0.00072125607227559445
SPY,spike_2024_08,garch11,pinball_avg,22,0.0011869282686188835,0.00051534710395019425
SPY,spike_2024_08,garch11,qlike,22,1.3645784510665449,0.88693771487821516
SPY,spike_2024_08,garch11,fz0_0p01,22,-2.2281895179780542,1.4205427168821909
SPY,spike_2024_08,garch11,fz0_0p025,22,-2.7590052883366725,1.0784420569066182
SPY,spike_2024_08,garch11,fz0_0p05,22,-3.0783486523847006,0.92739143354098796
SPY,spike_2024_08,garch11,fz0_avg,22,-2.6885144862331423,1.1209852700073797
SPY,spike_2024_08,garch11,qlike_ex_near_zero,22,1.3645784510665449,0.88693771487821516
SPY,spike_2024_08,garch11_t,crps,22,0.006719505354629441,0.0014187721410773714
SPY,spike_2024_08,garch11_t,log_score,22,-2.9212923464183489,0.30987002621070386
SPY,spike_2024_08,garch11_t,pinball_0p01,22,0.00061195988714896022,0.00032149041703710414
SPY,spike_2024_08,garch11_t,pinball_0p025,22,0.0011443509359390978,0.00053011886170658987
SPY,spike_2024_08,garch11_t,pinball_0p05,22,0.001826769150673127,0.00075728326540132113
SPY,spike_2024_08,garch11_t,pinball_avg,22,0.0011943599912537283,0.00052864153110991337
SPY,spike_2024_08,garch11_t,qlike,22,1.4128376537185305,0.93875440461384907
SPY,spike_2024_08,garch11_t,fz0_0p01,22,-2.2959157383111104,1.3450127258338131
SPY,spike_2024_08,garch11_t,fz0_0p025,22,-2.7535063872462398,1.0915330289731868
SPY,spike_2024_08,garch11_t,fz0_0p05,22,-3.0551119274976286,0.96839340983980493
SPY,spike_2024_08,garch11_t,fz0_avg,22,-2.7015113510183264,1.1117725724159839
SPY,spike_2024_08,garch11_t,qlike_ex_near_zero,22,1.4128376537185305,0.93875440461384907
SPY,spike_2024_08,gjr,crps,22,0.0066211347246615615,0.001336166961673427
SPY,spike_2024_08,gjr,log_score,22,-3.0093375968313878,0.23644979938563757
SPY,spike_2024_08,gjr,pinball_0p01,22,0.00042877856071430565,0.00012734409340861834
SPY,spike_2024_08,gjr,pinball_0p025,22,0.00092686505999525423,0.00028008359265172461
SPY,spike_2024_08,gjr,pinball_0p05,22,0.0016066649319044753,0.00047520849207401139
SPY,spike_2024_08,gjr,pinball_avg,22,0.00098743618420467859,0.00029215311206141952
SPY,spike_2024_08,gjr,qlike,22,0.97140985392256873,0.51242939788802333
SPY,spike_2024_08,gjr,fz0_0p01,22,-3.119029030642436,0.48457826269731386
SPY,spike_2024_08,gjr,fz0_0p025,22,-3.2747829573558991,0.49385336804509572
SPY,spike_2024_08,gjr,fz0_0p05,22,-3.4166558998737684,0.52545143347063084
SPY,spike_2024_08,gjr,fz0_avg,22,-3.2701559626240351,0.49599590297222979
SPY,spike_2024_08,gjr,qlike_ex_near_zero,22,0.97140985392256873,0.51242939788802333
SPY,spike_2024_08,har,crps,22,0.0065867475777432183,0.0013166977560414973
SPY,spike_2024_08,har,log_score,22,-3.0466146708741082,0.21807384260042487
SPY,spike_2024_08,har,pinball_0p01,22,0.00032581902966633604,4.2928505066601524e-05
SPY,spike_2024_08,har,pinball_0p025,22,0.00086038753140992724,0.00020773345843915525
SPY,spike_2024_08,har,pinball_0p05,22,0.0014709517869634008,0.00035343548298278282
SPY,spike_2024_08,har,pinball_avg,22,0.00088571944934655474,0.00019773024334631949
SPY,spike_2024_08,har,qlike,22,0.79164837737445348,0.38341604281710601
SPY,spike_2024_08,har,fz0_0p01,22,-3.4871627556031495,0.15336416261604183
SPY,spike_2024_08,har,fz0_0p025,22,-3.421961078577779,0.34765384984143638
SPY,spike_2024_08,har,fz0_0p05,22,-3.5896328602114922,0.34622884998171471
SPY,spike_2024_08,har,fz0_avg,22,-3.4995855647974734,0.27738388630453303
SPY,spike_2024_08,har,qlike_ex_near_zero,22,0.79164837737445348,0.38341604281710601
SPY,spike_2024_08,lgbm,crps,22,0.0065430020587266859,0.0013781629623113288
SPY,spike_2024_08,lgbm,log_score,22,-3.0327428163148409,0.28308444772318514
SPY,spike_2024_08,lgbm,pinball_0p01,22,0.00055314293086018435,0.00028927923532644055
SPY,spike_2024_08,lgbm,pinball_0p025,22,0.00097381788938995923,0.00041775294672772212
SPY,spike_2024_08,lgbm,pinball_0p05,22,0.0015426910481806057,0.00057999798673327198
SPY,spike_2024_08,lgbm,pinball_avg,22,0.0010232172894769165,0.00042787770771101589
SPY,spike_2024_08,lgbm,qlike,22,1.103923528369724,0.76146484986038976
SPY,spike_2024_08,lgbm,fz0_0p01,22,-2.5684773603068884,1.2046710709732091
SPY,spike_2024_08,lgbm,fz0_0p025,22,-3.1295303063708628,0.82951413606802071
SPY,spike_2024_08,lgbm,fz0_0p05,22,-3.4431366798874152,0.69473484269498176
SPY,spike_2024_08,lgbm,fz0_avg,22,-3.0470481155217226,0.90656461604372041
SPY,spike_2024_08,lgbm,qlike_ex_near_zero,22,1.103923528369724,0.76146484986038976
SPY,spike_2024_08,moirai,crps,22,0.0064081936437441062,0.0012414499643284484
SPY,spike_2024_08,moirai,log_score,22,-3.1433040732640833,0.18595266239849681
SPY,spike_2024_08,moirai,pinball_0p01,22,0.00025125755161193653,3.1140885887027632e-05
SPY,spike_2024_08,moirai,pinball_0p025,22,0.0005333493669705604,7.1729099628885251e-05
SPY,spike_2024_08,moirai,pinball_0p05,22,0.0011102071973589907,0.00021654420208445769
SPY,spike_2024_08,moirai,pinball_avg,22,0.00063160470531382917,9.7867135035058849e-05
SPY,spike_2024_08,moirai,qlike,22,0.4738652488261989,0.21893036035779856
SPY,spike_2024_08,moirai,fz0_0p01,22,-3.768309042917902,0.2275715922834852
SPY,spike_2024_08,moirai,fz0_0p025,22,-3.9338591732395312,0.22757159228348492
SPY,spike_2024_08,moirai,fz0_0p05,22,-3.9682864540617975,0.24105597456953826
SPY,spike_2024_08,moirai,fz0_avg,22,-3.8901515567397436,0.23061669889743247
SPY,spike_2024_08,moirai,qlike_ex_near_zero,22,0.4738652488261989,0.21893036035779856
SPY,spike_2024_08,naive,crps,22,0.0066275721074885796,0.0013489838160880923
SPY,spike_2024_08,naive,log_score,22,-2.9797146974808446,0.26116800888536035
SPY,spike_2024_08,naive,pinball_0p01,22,0.00054196722633475104,0.00026594546398760058
SPY,spike_2024_08,naive,pinball_0p025,22,0.00097652844513139078,0.00039289682791173624
SPY,spike_2024_08,naive,pinball_0p05,22,0.0015930499328403334,0.00057700146129649227
SPY,spike_2024_08,naive,pinball_avg,22,0.0010371818681021584,0.00040999623729273774
SPY,spike_2024_08,naive,qlike,22,1.1470384688996953,0.75272790661850453
SPY,spike_2024_08,naive,fz0_0p01,22,-2.6156463501545533,1.089372978773421
SPY,spike_2024_08,naive,fz0_0p025,22,-3.1201224683369859,0.76732350830702023
SPY,spike_2024_08,naive,fz0_0p05,22,-3.378873435941399,0.6883888061291541
SPY,spike_2024_08,naive,fz0_avg,22,-3.0382140848109795,0.84310264971761484
SPY,spike_2024_08,naive,qlike_ex_near_zero,22,1.1470384688996953,0.75272790661850453
SPY,spike_2024_08,patchtst,crps,22,0.0066588023475601058,0.0013618144646107948
SPY,spike_2024_08,patchtst,log_score,22,-2.9593023029779002,0.27048118520116882
SPY,spike_2024_08,patchtst,pinball_0p01,22,0.00055015583693063502,0.00027943883115800382
SPY,spike_2024_08,patchtst,pinball_0p025,22,0.00097608046566244463,0.00040454829273863896
SPY,spike_2024_08,patchtst,pinball_0p05,22,0.0016379533403052217,0.00059840753670386312
SPY,spike_2024_08,patchtst,pinball_avg,22,0.0010547298809661003,0.00042317759223257191
SPY,spike_2024_08,patchtst,qlike,22,1.2149066998119447,0.78283287358152753
SPY,spike_2024_08,patchtst,fz0_0p01,22,-2.572304744298,1.156424198079693
SPY,spike_2024_08,patchtst,fz0_0p025,22,-3.1146693831548955,0.7983728439161627
SPY,spike_2024_08,patchtst,fz0_0p05,22,-3.3203962175655266,0.72487949512865135
SPY,spike_2024_08,patchtst,fz0_avg,22,-3.0024567816728056,0.88385789295352979
SPY,spike_2024_08,patchtst,qlike_ex_near_zero,22,1.2149066998119447,0.78283287358152753
SPY,spike_2024_08,timesfm,crps,22,0.0064215172694504002,0.0012514218405762884
SPY,spike_2024_08,timesfm,log_score,22,-3.1373683980913061,0.18822196241108979
SPY,spike_2024_08,timesfm,pinball_0p01,22,0.00025926487363779252,3.27405738780239e-05
SPY,spike_2024_08,timesfm,pinball_0p025,22,0.00058001944640867118,7.5388121667935686e-05
SPY,spike_2024_08,timesfm,pinball_0p05,22,0.0011729498742454065,0.00023664697859719492
SPY,spike_2024_08,timesfm,pinball_avg,22,0.00067074473143062334,0.00010870575671653792
SPY,spike_2024_08,timesfm,qlike,22,0.51579737266611414,0.2395757939908566
SPY,spike_2024_08,timesfm,fz0_0p01,22,-3.7287517326188055,0.24329136936659682
SPY,spike_2024_08,timesfm,fz0_0p025,22,-3.859716733585127,0.23559547036641365
SPY,spike_2024_08,timesfm,fz0_0p05,22,-3.9019714693310816,0.24581916038977877
SPY,spike_2024_08,timesfm,fz0_avg,22,-3.8301466451783384,0.20307948131945064
SPY,spike_2024_08,timesfm,qlike_ex_near_zero,22,0.51579737266611414,0.2395757939908566
SPY,calm,autoarima,crps,4465,0.0050254437347010865,9.7712768695867758e-05
SPY,calm,autoarima,log_score,4465,-3.3411487986572497,0.020144100874768121
SPY,calm,autoarima,pinball_0p01,4465,0.00034793971694910904,2.0916852477019345e-05
SPY,calm,autoarima,pinball_0p025,4465,0.00067695096595281291,2.6628398183041033e-05
SPY,calm,autoarima,pinball_0p05,4465,0.0011143097521002026,3.2607190064193457e-05
SPY,calm,autoarima,pinball_avg,4465,0.00071306681166737474,2.6340591195697406e-05
SPY,calm,autoarima,qlike,4465,0.45409454935687127,0.020096126596443047
SPY,calm,autoarima,fz0_0p01,4465,-3.31130090179514,0.10054417001628523
SPY,calm,autoarima,fz0_0p025,4465,-3.6395886673857381,0.057150715127258403
SPY,calm,autoarima,fz0_0p05,4465,-3.8705715249321919,0.039480039697811033
SPY,calm,autoarima,fz0_avg,4465,-3.6071536980376906,0.064954725086282222
SPY,calm,autoarima,qlike_ex_near_zero,4465,0.45409454935687127,0.020096126596443047
SPY,calm,autoets,crps,4465,0.0050243181091502017,9.768037006315735e-05
SPY,calm,autoets,log_score,4465,-3.3417011503654384,0.019805142349582205
SPY,calm,autoets,pinball_0p01,4465,0.00034479813103686024,1.9922610984373816e-05
SPY,calm,autoets,pinball_0p025,4465,0.00067176261313571311,2.5644944642787719e-05
SPY,calm,autoets,pinball_0p05,4465,0.0011103785017364887,3.1558540538763914e-05
SPY,calm,autoets,pinball_avg,4465,0.00070897974863635385,2.535650749194238e-05
SPY,calm,autoets,qlike,4465,0.44826102125381057,0.019185712914576134
SPY,calm,autoets,fz0_0p01,4465,-3.321747344879284,0.097876788766514039
SPY,calm,autoets,fz0_0p025,4465,-3.6488573521854204,0.05558459901963398
SPY,calm,autoets,fz0_0p05,4465,-3.8750728763243725,0.038472702032742438
SPY,calm,autoets,fz0_avg,4465,-3.615225857796359,0.063173270750765273
SPY,calm,autoets,qlike_ex_near_zero,4465,0.44826102125381057,0.019185712914576134
SPY,calm,chronos,crps,4465,0.0050418770202423566,9.753449462333554e-05
SPY,calm,chronos,log_score,4465,-3.3257021114747647,0.02089972491258198
SPY,calm,chronos,pinball_0p01,4465,0.00035074921213798114,2.248414610808118e-05
SPY,calm,chronos,pinball_0p025,4465,0.0006804643513296857,2.8278405260974595e-05
SPY,calm,chronos,pinball_0p05,4465,0.0011240903634092381,3.4111937684835444e-05
SPY,calm,chronos,pinball_avg,4465,0.0007184346422923017,2.7908136987677171e-05
SPY,calm,chronos,qlike,4465,0.4734926599905428,0.021475379816039523
SPY,calm,chronos,fz0_0p01,4465,-3.2877135611006274,0.1108694823875223
SPY,calm,chronos,fz0_0p025,4465,-3.6248528260185395,0.061716417721124635
SPY,calm,chronos,fz0_0p05,4465,-3.8508676506230484,0.041962037358099537
SPY,calm,chronos,fz0_avg,4465,-3.5878113459140715,0.070707089674533277
SPY,calm,chronos,qlike_ex_near_zero,4465,0.4734926599905428,0.021475379816039523
SPY,calm,ewma,crps,4465,0.005074281837119274,9.8506791790304459e-05
SPY,calm,ewma,log_score,4465,-3.2910466932784748,0.023684950736648343
SPY,calm,ewma,pinball_0p01,4465,0.00037796616325579731,2.3916998279239684e-05
SPY,calm,ewma,pinball_0p025,4465,0.00071113244969610301,2.9161401649234529e-05
SPY,calm,ewma,pinball_0p05,4465,0.0011571976244149006,3.4437387929147107e-05
SPY,calm,ewma,pinball_avg,4465,0.00074876541245560014,2.8804055707133741e-05
SPY,calm,ewma,qlike,4465,0.50624889319352961,0.0262179198840293
SPY,calm,ewma,fz0_0p01,4465,-3.0539276797915691,0.13529864666688685
SPY,calm,ewma,fz0_0p025,4465,-3.5013948972763353,0.072834976696682971
SPY,calm,ewma,fz0_0p05,4465,-3.7729286572135612,0.04805805995140721
SPY,calm,ewma,fz0_avg,4465,-3.4427504114271548,0.084655419641678289
SPY,calm,ewma,qlike_ex_near_zero,4465,0.50624889319352961,0.0262179198840293
SPY,calm,garch11,crps,4465,0.0050579055120199001,9.7488504191911311e-05
SPY,calm,garch11,log_score,4465,-3.3126522190686734,0.020315987696899959
SPY,calm,garch11,pinball_0p01,4465,0.00035939793296593814,2.2906180037422315e-05
SPY,calm,garch11,pinball_0p025,4465,0.00069281968798910526,2.8274177128281552e-05
SPY,calm,garch11,pinball_0p05,4465,0.0011389073664527123,3.3767991428588407e-05
SPY,calm,garch11,pinball_avg,4465,0.00073037499580258524,2.7919702956743902e-05
SPY,calm,garch11,qlike,4465,0.47729242307673031,0.019083664689109353
SPY,calm,garch11,fz0_0p01,4465,-3.2233845249936777,0.10912133716336332
SPY,calm,garch11,fz0_0p025,4465,-3.5786679730106647,0.060898043315247057
SPY,calm,garch11,fz0_0p05,4465,-3.8162532377821647,0.041487170528850696
SPY,calm,garch11,fz0_avg,4465,-3.5394352452621693,0.069685228116268164
SPY,calm,garch11,qlike_ex_near_zero,4465,0.47729242307673031,0.019083664689109353
SPY,calm,garch11_t,crps,4465,0.0050417101399014373,9.7772533413681631e-05
SPY,calm,garch11_t,log_score,4465,-3.3462349332945811,0.018159441799733538
SPY,calm,garch11_t,pinball_0p01,4465,0.00034336306859851837,1.9404951727845641e-05
SPY,calm,garch11_t,pinball_0p025,4465,0.00068480802360356622,2.7026372904121968e-05
SPY,calm,garch11_t,pinball_0p05,4465,0.0011365871760528395,3.4352641533509874e-05
SPY,calm,garch11_t,pinball_avg,4465,0.00072158608941830813,2.6363944487478734e-05
SPY,calm,garch11_t,qlike,4465,0.46893549016057612,0.018426394513656245
SPY,calm,garch11_t,fz0_0p01,4465,-3.3683213391447833,0.080310392915798737
SPY,calm,garch11_t,fz0_0p025,4465,-3.6238246869578385,0.05234662127290917
SPY,calm,garch11_t,fz0_0p05,4465,-3.8312907264960772,0.039709515046027315
SPY,calm,garch11_t,fz0_avg,4465,-3.6078122508662331,0.056192192330102156
SPY,calm,garch11_t,qlike_ex_near_zero,4465,0.46893549016057612,0.018426394513656245
SPY,calm,gjr,crps,4465,0.005011073386007636,9.6847170501345535e-05
SPY,calm,gjr,log_score,4465,-3.335220980110404,0.021574153755050143
SPY,calm,gjr,pinball_0p01,4465,0.00034342018162578851,2.0565834376627706e-05
SPY,calm,gjr,pinball_0p025,4465,0.00067568092425202161,2.6049323567514881e-05
SPY,calm,gjr,pinball_0p05,4465,0.0011191965909768287,3.2103765858296758e-05
SPY,calm,gjr,pinball_avg,4465,0.0007127658989515462,2.5771462485203225e-05
SPY,calm,gjr,qlike,4465,0.44245711788606523,0.024984121658202709
SPY,calm,gjr,fz0_0p01,4465,-3.2660266561064231,0.11371764148927907
SPY,calm,gjr,fz0_0p025,4465,-3.6094794623473527,0.062166369195035751
SPY,calm,gjr,fz0_0p05,4465,-3.8414873258104154,0.042182744119657785
SPY,calm,gjr,fz0_avg,4465,-3.5723311480880637,0.071734247010285496
SPY,calm,gjr,qlike_ex_near_zero,4465,0.44245711788606523,0.024984121658202709
SPY,calm,har,crps,4465,0.0050396511840002751,9.782470666142987e-05
SPY,calm,har,log_score,4465,-3.3357194226446918,0.019717043930949276
SPY,calm,har,pinball_0p01,4465,0.00034491973969765112,2.1254052173825864e-05
SPY,calm,har,pinball_0p025,4465,0.00067611934645448477,2.705450936719206e-05
SPY,calm,har,pinball_0p05,4465,0.0011172512381825669,3.3026287804705752e-05
SPY,calm,har,pinball_avg,4465,0.00071276344144490075,2.6728606633472045e-05
SPY,calm,har,qlike,4465,0.45827662894844251,0.02005711200942871
SPY,calm,har,fz0_0p01,4465,-3.3421145298908845,0.096135781741606058
SPY,calm,har,fz0_0p025,4465,-3.6474124767895288,0.055178445999785115
SPY,calm,har,fz0_0p05,4465,-3.8682996264357752,0.038371557125224026
SPY,calm,har,fz0_avg,4465,-3.619275544372063,0.062465007281622763
SPY,calm,har,qlike_ex_near_zero,4465,0.45827662894844251,0.02005711200942871
SPY,calm,lgbm,crps,4465,0.0052099091080009263,0.00010356418120658286
SPY,calm,lgbm,log_score,4465,-3.2636944152061136,0.022318211288314571
SPY,calm,lgbm,pinball_0p01,4465,0.00037838242796788224,2.2633882752737825e-05
SPY,calm,lgbm,pinball_0p025,4465,0.00073655835487769473,2.7992742303139887e-05
SPY,calm,lgbm,pinball_0p05,4465,0.0012053300583280521,3.4337377083067957e-05
SPY,calm,lgbm,pinball_avg,4465,0.00077342361372454305,2.7816151004024513e-05
SPY,calm,lgbm,qlike,4465,0.59101357826666312,0.023743893390976774
SPY,calm,lgbm,fz0_0p01,4465,-3.2247063819573816,0.10689260281978291
SPY,calm,lgbm,fz0_0p025,4465,-3.554416985016323,0.058838679018532292
SPY,calm,lgbm,fz0_0p05,4465,-3.7885375933750862,0.039629677853351079
SPY,calm,lgbm,fz0_avg,4465,-3.5225536534495969,0.067736021376336095
SPY,calm,lgbm,qlike_ex_near_zero,4465,0.59101357826666312,0.023743893390976774
SPY,calm,moirai,crps,4465,0.0050196403196617091,9.7625632571492665e-05
SPY,calm,moirai,log_score,4465,-3.3375046508123467,0.020897339961719889
SPY,calm,moirai,pinball_0p01,4465,0.00035113557001061421,2.1521274287698375e-05
SPY,calm,moirai,pinball_0p025,4465,0.00067802553619860317,2.761019839124669e-05
SPY,calm,moirai,pinball_0p05,4465,0.0011104593745571881,3.3804270902739698e-05
SPY,calm,moirai,pinball_avg,4465,0.00071320682692213502,2.728150320792702e-05
SPY,calm,moirai,qlike,4465,0.45723266298156662,0.022092078047641742
SPY,calm,moirai,fz0_0p01,4465,-3.2701276719911085,0.10876162555366285
SPY,calm,moirai,fz0_0p025,4465,-3.623541017565334,0.061164031517340393
SPY,calm,moirai,fz0_0p05,4465,-3.8639319888731394,0.041971492330604009
SPY,calm,moirai,fz0_avg,4465,-3.5858668928098605,0.069806232479454403
SPY,calm,moirai,qlike_ex_near_zero,4465,0.45723266298156662,0.022092078047641742
SPY,calm,naive,crps,4465,0.00535154447523206,9.9351144712281578e-05
SPY,calm,naive,log_score,4465,-3.140706567862054,0.030300027714184542
SPY,calm,naive,pinball_0p01,4465,0.00043645299890819448,2.9720510107662762e-05
SPY,calm,naive,pinball_0p025,4465,0.00081351474859474629,3.4298273643023506e-05
SPY,calm,naive,pinball_0p05,4465,0.001305554916579693,3.886776795332534e-05
SPY,calm,naive,pinball_avg,4465,0.0008518408880275446,3.4010911341917168e-05
SPY,calm,naive,qlike,4465,0.84209438001787962,0.047015101538032407
SPY,calm,naive,fz0_0p01,4465,-2.9058743716863491,0.14305682709382883
SPY,calm,naive,fz0_0p025,4465,-3.3414637604919952,0.075746128939024521
SPY,calm,naive,fz0_0p05,4465,-3.618302578701742,0.048863336568892281
SPY,calm,naive,fz0_avg,4465,-3.2885469036266954,0.08864701060710474
SPY,calm,naive,qlike_ex_near_zero,4465,0.84209438001787962,0.047015101538032407
SPY,calm,patchtst,crps,4465,0.0051825194446121457,0.00010270966040202774
SPY,calm,patchtst,log_score,4465,-3.1770497358549665,0.032517560620223818
SPY,calm,patchtst,pinball_0p01,4465,0.00045965316893682338,3.0602828003390389e-05
SPY,calm,patchtst,pinball_0p025,4465,0.00079792953263422238,3.5504424004059955e-05
SPY,calm,patchtst,pinball_0p05,4465,0.001237519471199123,4.0003835972657509e-05
SPY,calm,patchtst,pinball_avg,4465,0.00083170072425672295,3.5092285884905378e-05
SPY,calm,patchtst,qlike,4465,0.78990060564224018,0.050400534050961621
SPY,calm,patchtst,fz0_0p01,4465,-2.5507817582480508,0.17607245378283837
SPY,calm,patchtst,fz0_0p025,4465,-3.2401384818083119,0.093156566769699758
SPY,calm,patchtst,fz0_0p05,4465,-3.6190267207369935,0.060033457071345948
SPY,calm,patchtst,fz0_avg,4465,-3.1366489869311192,0.10915004438584981
SPY,calm,patchtst,qlike_ex_near_zero,4465,0.78990060564224018,0.050400534050961621
SPY,calm,timesfm,crps,4465,0.0050521581603932579,9.6728469864334438e-05
SPY,calm,timesfm,log_score,4465,-3.3235347930025787,0.020085506746172599
SPY,calm,timesfm,pinball_0p01,4465,0.0003483174794870473,2.1428890634977412e-05
SPY,calm,timesfm,pinball_0p025,4465,0.0006823701061724678,2.7318912031008114e-05
SPY,calm,timesfm,pinball_0p05,4465,0.001130352934985028,3.3352939258530506e-05
SPY,calm,timesfm,pinball_avg,4465,0.00072034684021484764,2.696360655216541e-05
SPY,calm,timesfm,qlike,4465,0.47163091750027025,0.019644930626184557
SPY,calm,timesfm,fz0_0p01,4465,-3.3043766808577502,0.10435935171131719
SPY,calm,timesfm,fz0_0p025,4465,-3.6243523706457834,0.058635542390064188
SPY,calm,timesfm,fz0_0p05,4465,-3.8457843430744751,0.040234157059908571
SPY,calm,timesfm,fz0_avg,4465,-3.5915044648593359,0.066918207647437306
SPY,calm,timesfm,qlike_ex_near_zero,4465,0.47163091750027025,0.019644930626184557
SPY,gfc_wide,autoarima,crps,504,0.010734894037786089,0.00066659294484270237
SPY,gfc_wide,autoarima,log_score,504,-2.6312848049827648,0.050959811584331612
SPY,gfc_wide,autoarima,pinball_0p01,504,0.0006552376488032271,8.709494931348587e-05
SPY,gfc_wide,autoarima,pinball_0p025,504,0.0012992082313738309,0.00012500661458234852
SPY,gfc_wide,autoarima,pinball_0p05,504,0.0021923917369084354,0.00017025670982962228
SPY,gfc_wide,autoarima,pinball_avg,504,0.0013822792056951646,0.00012526692115326005
SPY,gfc_wide,autoarima,qlike,504,0.44114992062854846,0.047138921492586847
SPY,gfc_wide,autoarima,fz0_0p01,504,-2.7137666578460067,0.16490273785709722
SPY,gfc_wide,autoarima,fz0_0p025,504,-2.9529435531518509,0.11489756194198511
SPY,gfc_wide,autoarima,fz0_0p05,504,-3.1516176810011323,0.090418518930523731
SPY,gfc_wide,autoarima,fz0_avg,504,-2.9394426306663299,0.12128052644238373
SPY,gfc_wide,autoarima,qlike_ex_near_zero,504,0.44114992062854846,0.047138921492586847
SPY,gfc_wide,autoets,crps,504,0.010712505272078555,0.00067129965905977332
SPY,gfc_wide,autoets,log_score,504,-2.6506099531467751,0.049631541404810985
SPY,gfc_wide,autoets,pinball_0p01,504,0.00060369260316263525,6.6492032148398621e-05
SPY,gfc_wide,autoets,pinball_0p025,504,0.0012442484598002756,0.00010978769195002976
SPY,gfc_wide,autoets,pinball_0p05,504,0.0021165380497560628,0.000157250959111484
SPY,gfc_wide,autoets,pinball_avg,504,0.0013214930375729913,0.00010991410620844723
SPY,gfc_wide,autoets,qlike,504,0.40440962021610266,0.040984830100666718
SPY,gfc_wide,autoets,fz0_0p01,504,-2.8834052673024897,0.11589084660060427
SPY,gfc_wide,autoets,fz0_0p025,504,-3.0600315713523907,0.091612516673475405
SPY,gfc_wide,autoets,fz0_0p05,504,-3.2128862093233699,0.077126822384325402
SPY,gfc_wide,autoets,fz0_avg,504,-3.0521076826594165,0.093073317992812515
SPY,gfc_wide,autoets,qlike_ex_near_zero,504,0.40440962021610266,0.040984830100666718
SPY,gfc_wide,chronos,crps,504,0.010730829967312406,0.00067068400514322802
SPY,gfc_wide,chronos,log_score,504,-2.618502413056468,0.058358499025165551
SPY,gfc_wide,chronos,pinball_0p01,504,0.00071767284553104062,0.00011207382061565421
SPY,gfc_wide,chronos,pinball_0p025,504,0.0013577612886129717,0.00014730607841515806
SPY,gfc_wide,chronos,pinball_0p05,504,0.0022484934064784081,0.0001884474965217627
SPY,gfc_wide,chronos,pinball_avg,504,0.0014413091802074735,0.00014653252140493461
SPY,gfc_wide,chronos,qlike,504,0.47090702740248652,0.060763193542509995
SPY,gfc_wide,chronos,fz0_0p01,504,-2.4662150168089756,0.25833612458137006
SPY,gfc_wide,chronos,fz0_0p025,504,-2.8385243196411212,0.15952239332386442
SPY,gfc_wide,chronos,fz0_0p05,504,-3.0819013625551031,0.11510662817719849
SPY,gfc_wide,chronos,fz0_avg,504,-2.7955468996684001,0.17508731141265341
SPY,gfc_wide,chronos,qlike_ex_near_zero,504,0.47090702740248652,0.060763193542509995
SPY,gfc_wide,ewma,crps,504,0.010800112899439013,0.00066830354025873443
SPY,gfc_wide,ewma,log_score,504,-2.612735490175135,0.054111157071589408
SPY,gfc_wide,ewma,pinball_0p01,504,0.00060903845417970741,7.8404869113838234e-05
SPY,gfc_wide,ewma,pinball_0p025,504,0.0012897634085952403,0.00011318450711292973
SPY,gfc_wide,ewma,pinball_0p05,504,0.0022400907922155212,0.00016211906029969569
SPY,gfc_wide,ewma,pinball_avg,504,0.0013796308849968227,0.0001134787539945396
SPY,gfc_wide,ewma,qlike,504,0.52118388978050456,0.064354573225624073
SPY,gfc_wide,ewma,fz0_0p01,504,-2.739661783751639,0.18114545179762923
SPY,gfc_wide,ewma,fz0_0p025,504,-2.9411654965498406,0.12071101339839517
SPY,gfc_wide,ewma,fz0_0p05,504,-3.1065766293353985,0.094369644512674683
SPY,gfc_wide,ewma,fz0_avg,504,-2.9291346365456259,0.12874318559469608
SPY,gfc_wide,ewma,qlike_ex_near_zero,504,0.52118388978050456,0.064354573225624073
SPY,gfc_wide,garch11,crps,504,0.010807410777620832,0.00067260985026832234
SPY,gfc_wide,garch11,log_score,504,-2.589513145652572,0.059417807757899295
SPY,gfc_wide,garch11,pinball_0p01,504,0.00066583559178165714,8.7599206425525706e-05
SPY,gfc_wide,garch11,pinball_0p025,504,0.0013770708340782398,0.00012512639968823523
SPY,gfc_wide,garch11,pinball_0p05,504,0.0023036020094683203,0.00017408351839660912
SPY,gfc_wide,garch11,pinball_avg,504,0.0014488361451094058,0.00012464175860633824
SPY,gfc_wide,garch11,qlike,504,0.65886389821522284,0.12513028386972005
SPY,gfc_wide,garch11,fz0_0p01,504,-2.5009888340270252,0.23304893918675468
SPY,gfc_wide,garch11,fz0_0p025,504,-2.78294438786472,0.15230122922551753
SPY,gfc_wide,garch11,fz0_0p05,504,-3.025448418540559,0.11379109507018201
SPY,gfc_wide,garch11,fz0_avg,504,-2.7697938801441015,0.16307300874717057
SPY,gfc_wide,garch11,qlike_ex_near_zero,504,0.65886389821522284,0.12513028386972005
SPY,gfc_wide,garch11_t,crps,504,0.010796520745565195,0.00066887226872987021
SPY,gfc_wide,garch11_t,log_score,504,-2.6212360898086446,0.054083594938903495
SPY,gfc_wide,garch11_t,pinball_0p01,504,0.00059205848591541794,6.2694496228853669e-05
SPY,gfc_wide,garch11_t,pinball_0p025,504,0.001300942260964157,0.00011071237058681413
SPY,gfc_wide,garch11_t,pinball_0p05,504,0.00229760601248098,0.00017220997191671206
SPY,gfc_wide,garch11_t,pinball_avg,504,0.0013968689197868518,0.00011061269881365773
SPY,gfc_wide,garch11_t,qlike,504,0.54140955591270312,0.073488089103220203
SPY,gfc_wide,garch11_t,fz0_0p01,504,-2.8726996920418038,0.11419810050038204
SPY,gfc_wide,garch11_t,fz0_0p025,504,-2.948561321169993,0.108984933067935
SPY,gfc_wide,garch11_t,fz0_0p05,504,-3.0734727919394174,0.098560662291405587
SPY,gfc_wide,garch11_t,fz0_avg,504,-2.9649112683837378,0.10257979543975908
SPY,gfc_wide,garch11_t,qlike_ex_near_zero,504,0.54140955591270312,0.073488089103220203
SPY,gfc_wide,gjr,crps,504,0.010718330444217905,0.00066171562911603932
SPY,gfc_wide,gjr,log_score,504,-2.6217999579657643,0.057699361028042691
SPY,gfc_wide,gjr,pinball_0p01,504,0.00065883822782150463,8.3662001087704592e-05
SPY,gfc_wide,gjr,pinball_0p025,504,0.0013633228329454367,0.00012906707552743317
SPY,gfc_wide,gjr,pinball_0p05,504,0.0022534577978985961,0.00017945592505924518
SPY,gfc_wide,gjr,pinball_avg,504,0.0014252062862218457,0.00012760806899690316
SPY,gfc_wide,gjr,qlike,504,0.53823967113430471,0.093387705369533114
SPY,gfc_wide,gjr,fz0_0p01,504,-2.5857003680099351,0.2176032666642134
SPY,gfc_wide,gjr,fz0_0p025,504,-2.8234709744356441,0.14459494300120748
SPY,gfc_wide,gjr,fz0_0p05,504,-3.0608831140416566,0.10984886020795934
SPY,gfc_wide,gjr,fz0_avg,504,-2.8233514854957451,0.15377233639032534
SPY,gfc_wide,gjr,qlike_ex_near_zero,504,0.53823967113430471,0.093387705369533114
SPY,gfc_wide,har,crps,504,0.010721684393804798,0.00066246360876632757
SPY,gfc_wide,har,log_score,504,-2.6383064150765327,0.052370681423916911
SPY,gfc_wide,har,pinball_0p01,504,0.00064004809822999417,8.3860104490548836e-05
SPY,gfc_wide,har,pinball_0p025,504,0.0012716684259927561,0.00012266969206242657
SPY,gfc_wide,har,pinball_0p05,504,0.0021399581930529152,0.00016746584435771989
SPY,gfc_wide,har,pinball_avg,504,0.0013505582390918886,0.00012273692359605592
SPY,gfc_wide,har,qlike,504,0.44307885183151247,0.052313816919362162
SPY,gfc_wide,har,fz0_0p01,504,-2.7366394838155368,0.16953255304610154
SPY,gfc_wide,har,fz0_0p025,504,-2.9796857649820212,0.11725349384105398
SPY,gfc_wide,har,fz0_0p05,504,-3.171394571207335,0.091899770376253839
SPY,gfc_wide,har,fz0_avg,504,-2.9625732733349643,0.12407660064983518
SPY,gfc_wide,har,qlike_ex_near_zero,504,0.44307885183151247,0.052313816919362162
SPY,gfc_wide,lgbm,crps,504,0.011405923874450491,0.00073036890974954589
SPY,gfc_wide,lgbm,log_score,504,-2.511506744908186,0.067837387540600813
SPY,gfc_wide,lgbm,pinball_0p01,504,0.00078541381979314786,0.00011022113167591472
SPY,gfc_wide,lgbm,pinball_0p025,504,0.0015458571450672307,0.00014581207529966572
SPY,gfc_wide,lgbm,pinball_0p05,504,0.0025558619542251342,0.00018937176092047894
SPY,gfc_wide,lgbm,pinball_avg,504,0.0016290443063618377,0.00014554682948016558
SPY,gfc_wide,lgbm,qlike,504,0.70332209826290992,0.092614518378074842
SPY,gfc_wide,lgbm,fz0_0p01,504,-2.5676752750113607,0.19879631119715968
SPY,gfc_wide,lgbm,fz0_0p025,504,-2.8245005186981844,0.12655771011231912
SPY,gfc_wide,lgbm,fz0_0p05,504,-3.0274782148014081,0.095580974712345099
SPY,gfc_wide,lgbm,fz0_avg,504,-2.8065513361703176,0.13735760472133074
SPY,gfc_wide,lgbm,qlike_ex_near_zero,504,0.70332209826290992,0.092614518378074842
SPY,gfc_wide,moirai,crps,504,0.010756999248785027,0.00067574707704781754
SPY,gfc_wide,moirai,log_score,504,-2.6021948124318448,0.065070534579232814
SPY,gfc_wide,moirai,pinball_0p01,504,0.00072560560676487049,0.00014101759334942321
SPY,gfc_wide,moirai,pinball_0p025,504,0.001402526720013306,0.00016929915999244896
SPY,gfc_wide,moirai,pinball_0p05,504,0.0023118425798694113,0.00021048756610214347
SPY,gfc_wide,moirai,pinball_avg,504,0.0014799916355491959,0.00016949238250692515
SPY,gfc_wide,moirai,qlike,504,0.4771920351702611,0.058802318438151806
SPY,gfc_wide,moirai,fz0_0p01,504,-2.4076900494192741,0.3356336874189158
SPY,gfc_wide,moirai,fz0_0p025,504,-2.7855378885454072,0.18936519740233457
SPY,gfc_wide,moirai,fz0_0p05,504,-3.0469064416770135,0.13117037715787089
SPY,gfc_wide,moirai,fz0_avg,504,-2.7467114598805646,0.21554173970459942
SPY,gfc_wide,moirai,qlike_ex_near_zero,504,0.4771920351702611,0.058802318438151806
SPY,gfc_wide,naive,crps,504,0.011322583985650791,0.00078424942902906216
SPY,gfc_wide,naive,log_score,504,-2.0928528086362994,0.1698578689326371
SPY,gfc_wide,naive,pinball_0p01,504,0.0014569835489530603,0.0002693844511683213
SPY,gfc_wide,naive,pinball_0p025,504,0.0021727639896739967,0.00030979562563556714
SPY,gfc_wide,naive,pinball_0p05,504,0.0030622173074340659,0.00034907985706205649
SPY,gfc_wide,naive,pinball_avg,504,0.0022306549486870411,0.00030751871727139696
SPY,gfc_wide,naive,qlike,504,1.7627819984548043,0.36986934819731604
SPY,gfc_wide,naive,fz0_0p01,504,0.076703487481205951,0.7695428567890964
SPY,gfc_wide,naive,fz0_0p025,504,-1.499114614521327,0.41167991281070782
SPY,gfc_wide,naive,fz0_0p05,504,-2.2413891283544181,0.26850278897739127
SPY,gfc_wide,naive,fz0_avg,504,-1.2212667517981797,0.48082154350035167
SPY,gfc_wide,naive,qlike_ex_near_zero,504,1.7627819984548043,0.36986934819731604
SPY,gfc_wide,patchtst,crps,504,0.010966639304787874,0.00067771716643648936
SPY,gfc_wide,patchtst,log_score,504,-2.5128900672674681,0.063816208512577202
SPY,gfc_wide,patchtst,pinball_0p01,504,0.00079719312618712723,0.00010746017129618193
SPY,gfc_wide,patchtst,pinball_0p025,504,0.0015041348816766361,0.00015075505418638157
SPY,gfc_wide,patchtst,pinball_0p05,504,0.0023691974441097515,0.00019173081183702367
SPY,gfc_wide,patchtst,pinball_avg,504,0.0015568418173245049,0.00014804576062171654
SPY,gfc_wide,patchtst,qlike,504,0.92585967674467606,0.17906177747424365
SPY,gfc_wide,patchtst,fz0_0p01,504,-2.0689783482787738,0.33042542834292377
SPY,gfc_wide,patchtst,fz0_0p025,504,-2.579500746756517,0.19249457418753085
SPY,gfc_wide,patchtst,fz0_0p05,504,-2.9157192816705035,0.13185890337530173
SPY,gfc_wide,patchtst,fz0_avg,504,-2.5213994589019313,0.21582626322420559
SPY,gfc_wide,patchtst,qlike_ex_near_zero,504,0.92585967674467606,0.17906177747424365
SPY,gfc_wide,timesfm,crps,504,0.010726077699384952,0.0006723172953584138
SPY,gfc_wide,timesfm,log_score,504,-2.6197049403870394,0.059738637645589399
SPY,gfc_wide,timesfm,pinball_0p01,504,0.00068754401013245033,0.0001230100816242515
SPY,gfc_wide,timesfm,pinball_0p025,504,0.0012984426082658994,0.00015226987417142905
SPY,gfc_wide,timesfm,pinball_0p05,504,0.0022237838654897597,0.00019506941224844493
SPY,gfc_wide,timesfm,pinball_avg,504,0.001403256827962703,0.00015292538460984825
SPY,gfc_wide,timesfm,qlike,504,0.4612419543067664,0.055908625221503291
SPY,gfc_wide,timesfm,fz0_0p01,504,-2.5413237716053576,0.26881879456432611
SPY,gfc_wide,timesfm,fz0_0p025,504,-2.8980882730702144,0.16019629133132096
SPY,gfc_wide,timesfm,fz0_0p05,504,-3.1084283120460952,0.11504267177308937
SPY,gfc_wide,timesfm,fz0_avg,504,-2.8492801189072221,0.1786475941415942
SPY,gfc_wide,timesfm,qlike_ex_near_zero,504,0.4612419543067664,0.055908625221503291
TWSE,gfc,autoarima,crps,141,0.013705076416020668,0.00075186367540044257
TWSE,gfc,autoarima,log_score,141,-2.2224492845986923,0.083012403438446458
TWSE,gfc,autoarima,pinball_0p01,141,0.0008648994784550897,0.00014922409596405289
TWSE,gfc,autoarima,pinball_0p025,141,0.0017309986028438871,0.00023045424803640944
TWSE,gfc,autoarima,pinball_0p05,141,0.0028114435351831038,0.00030253725509665834
TWSE,gfc,autoarima,pinball_avg,141,0.0018024472054940269,0.00022309431830453701
TWSE,gfc,autoarima,qlike,141,0.61128597666784101,0.11827430480035908
TWSE,gfc,autoarima,fz0_0p01,141,-1.9758659478581946,0.55536635077334362
TWSE,gfc,autoarima,fz0_0p025,141,-2.3692537116997219,0.33119525993879551
TWSE,gfc,autoarima,fz0_0p05,141,-2.6608283896645273,0.22915010323566137
TWSE,gfc,autoarima,fz0_avg,141,-2.3353160164074809,0.36666535846918863
TWSE,gfc,autoarima,qlike_ex_near_zero,141,0.61128597666784101,0.11827430480035908
TWSE,gfc,autoets,crps,141,0.013662206121640274,0.00075202224595084929
TWSE,gfc,autoets,log_score,141,-2.2728560171862022,0.062395177423755999
TWSE,gfc,autoets,pinball_0p01,141,0.00071400856743824236,6.9863063776035714e-05
TWSE,gfc,autoets,pinball_0p025,141,0.0015863680113399668,0.00016724911827460567
TWSE,gfc,autoets,pinball_0p05,141,0.0026683233336220152,0.00025689085352144787
TWSE,gfc,autoets,pinball_avg,141,0.0016562333041334081,0.00016241321947121971
TWSE,gfc,autoets,qlike,141,0.5285830300175165,0.072722446112285996
TWSE,gfc,autoets,fz0_0p01,141,-2.5669125898079055,0.15137065709166875
TWSE,gfc,autoets,fz0_0p025,141,-2.6581074896801886,0.16473884621618257
TWSE,gfc,autoets,fz0_0p05,141,-2.8357606675185236,0.14430869657841222
TWSE,gfc,autoets,fz0_avg,141,-2.6869269156688724,0.15057107050746782
TWSE,gfc,autoets,qlike_ex_near_zero,141,0.5285830300175165,0.072722446112285996
TWSE,gfc,chronos,crps,141,0.013662022877130109,0.00077463943489984035
TWSE,gfc,chronos,log_score,141,-2.2629930512080736,0.065523114265339091
TWSE,gfc,chronos,pinball_0p01,141,0.00064874346575923112,8.324911070287417e-05
TWSE,gfc,chronos,pinball_0p025,141,0.0015905655825849457,0.00018615294307516359
TWSE,gfc,chronos,pinball_0p05,141,0.0028467315896285855,0.0002812448767511271
TWSE,gfc,chronos,pinball_avg,141,0.0016953468793242542,0.0001773031043202011
TWSE,gfc,chronos,qlike,141,0.58069327052645359,0.093042558537034109
TWSE,gfc,chronos,fz0_0p01,141,-2.6573016737424191,0.18016619832705255
TWSE,gfc,chronos,fz0_0p025,141,-2.6306400793259206,0.18408922919279649
TWSE,gfc,chronos,fz0_0p05,141,-2.7315630111258233,0.15941682188341613
TWSE,gfc,chronos,fz0_avg,141,-2.6731682547313875,0.16950913555562222
TWSE,gfc,chronos,qlike_ex_near_zero,141,0.58069327052645359,0.093042558537034109
TWSE,gfc,ewma,crps,141,0.013534555029468735,0.00077029174776711731
TWSE,gfc,ewma,log_score,141,-2.3037144113942363,0.05962129236746376
TWSE,gfc,ewma,pinball_0p01,141,0.00056086170049364351,3.4103970052762464e-05
TWSE,gfc,ewma,pinball_0p025,141,0.0013238099450123802,0.00010847879379941171
TWSE,gfc,ewma,pinball_0p05,141,0.0024933736905186957,0.00020364587375307241
TWSE,gfc,ewma,pinball_avg,141,0.0014593484453415736,0.00010916484057760963
TWSE,gfc,ewma,qlike,141,0.50108963842362586,0.074752198564342773
TWSE,gfc,ewma,fz0_0p01,141,-2.8537483082211526,0.056907333809947246
TWSE,gfc,ewma,fz0_0p025,141,-2.9095658578484369,0.087577896677726641
TWSE,gfc,ewma,fz0_0p05,141,-2.95943046209779,0.097968006299169352
TWSE,gfc,ewma,fz0_avg,141,-2.9075815427224598,0.076328318831526992
TWSE,gfc,ewma,qlike_ex_near_zero,141,0.50108963842362586,0.074752198564342773
TWSE,gfc,garch11,crps,141,0.013620499073090974,0.00076883529754484634
TWSE,gfc,garch11,log_score,141,-2.2807877698723962,0.060575124151180201
TWSE,gfc,garch11,pinball_0p01,141,0.00062542904204073151,6.6993280336845941e-05
TWSE,gfc,garch11,pinball_0p025,141,0.001395974860141791,0.00013572527079922921
TWSE,gfc,garch11,pinball_0p05,141,0.0025808214607015603,0.00021465370607203662
TWSE,gfc,garch11,pinball_avg,141,0.0015340751209613611,0.00013286603899877641
TWSE,gfc,garch11,qlike,141,0.48301322214512454,0.072555271114247255
TWSE,gfc,garch11,fz0_0p01,141,-2.7207698373760816,0.13165789968580355
TWSE,gfc,garch11,fz0_0p025,141,-2.8251262389364813,0.11847527540760024
TWSE,gfc,garch11,fz0_0p05,141,-2.8980256344492368,0.10891213975961363
TWSE,gfc,garch11,fz0_avg,141,-2.8146405702539332,0.11470075742512821
TWSE,gfc,garch11,qlike_ex_near_zero,141,0.48301322214512454,0.072555271114247255
TWSE,gfc,garch11_t,crps,141,0.013579657435624051,0.00078944203062997827
TWSE,gfc,garch11_t,log_score,141,-2.2820383086263347,0.063263529519946057
TWSE,gfc,garch11_t,pinball_0p01,141,0.00060416036497307072,3.5242107481379475e-05
TWSE,gfc,garch11_t,pinball_0p025,141,0.0013435186115257547,0.00011717958599484317
TWSE,gfc,garch11_t,pinball_0p05,141,0.0025648948439932727,0.00021619959087461907
TWSE,gfc,garch11_t,pinball_avg,141,0.0015041912734973658,0.00011429773590856502
TWSE,gfc,garch11_t,qlike,141,0.48813284696801446,0.072577189488114632
TWSE,gfc,garch11_t,fz0_0p01,141,-2.7719383484171027,0.054689982201499197
TWSE,gfc,garch11_t,fz0_0p025,141,-2.8787136738852834,0.090415989746351746
TWSE,gfc,garch11_t,fz0_0p05,141,-2.9214871601337395,0.10218784666262248
TWSE,gfc,garch11_t,fz0_avg,141,-2.8573797274787083,0.077478317085711831
TWSE,gfc,garch11_t,qlike_ex_near_zero,141,0.48813284696801446,0.072577189488114632
TWSE,gfc,gjr,crps,141,0.013613513981760512,0.00077633551999221613
TWSE,gfc,gjr,log_score,141,-2.2658799152257592,0.067156531240336451
TWSE,gfc,gjr,pinball_0p01,141,0.00074875455763549282,0.00013378721519773334
TWSE,gfc,gjr,pinball_0p025,141,0.0015470289097771004,0.00019759077122219427
TWSE,gfc,gjr,pinball_0p05,141,0.0027151827551139861,0.00026362084185380298
TWSE,gfc,gjr,pinball_avg,141,0.0016703220741755265,0.00019234463187825125
TWSE,gfc,gjr,qlike,141,0.47308243584476622,0.068108520868578645
TWSE,gfc,gjr,fz0_0p01,141,-2.3886888128492605,0.32674341748428676
TWSE,gfc,gjr,fz0_0p025,141,-2.6321194874901819,0.21595239108141145
TWSE,gfc,gjr,fz0_0p05,141,-2.7798115758321877,0.16240114024121949
TWSE,gfc,gjr,fz0_avg,141,-2.6002066253905429,0.23042072051077864
TWSE,gfc,gjr,qlike_ex_near_zero,141,0.47308243584476622,0.068108520868578645
TWSE,gfc,har,crps,141,0.013641567518414837,0.00078063178962340871
TWSE,gfc,har,log_score,141,-2.2631627266850103,0.070162528097524532
TWSE,gfc,har,pinball_0p01,141,0.00068768933860888757,8.766593453903998e-05
TWSE,gfc,har,pinball_0p025,141,0.0015687455863255882,0.00018170615286759937
TWSE,gfc,har,pinball_0p05,141,0.0027584163400173741,0.00028223280913525602
TWSE,gfc,har,pinball_avg,141,0.0016716170883172832,0.00017944554222393532
TWSE,gfc,har,qlike,141,0.57264094622958539,0.092327696985276625
TWSE,gfc,har,fz0_0p01,141,-2.583059436490863,0.19203209412006078
TWSE,gfc,har,fz0_0p025,141,-2.6642082131735751,0.17957821884799938
TWSE,gfc,har,fz0_0p05,141,-2.7883725668841222,0.15772441209833898
TWSE,gfc,har,fz0_avg,141,-2.6785467388495201,0.1729316704770277
TWSE,gfc,har,qlike_ex_near_zero,141,0.57264094622958539,0.092327696985276625
TWSE,gfc,lgbm,crps,141,0.013828272440055689,0.00071506944003221328
TWSE,gfc,lgbm,log_score,141,-2.2536716793500942,0.048088651454476543
TWSE,gfc,lgbm,pinball_0p01,141,0.00066243324992904136,2.8941228933618122e-05
TWSE,gfc,lgbm,pinball_0p025,141,0.0015110558004828977,0.00010473054146682577
TWSE,gfc,lgbm,pinball_0p05,141,0.0026914530179181764,0.00020457810926745567
TWSE,gfc,lgbm,pinball_avg,141,0.0016216473561100385,0.00010870877686414119
TWSE,gfc,lgbm,qlike,141,0.67182078034397452,0.08469548365592923
TWSE,gfc,lgbm,fz0_0p01,141,-2.6816926379730832,0.044068136304177538
TWSE,gfc,lgbm,fz0_0p025,141,-2.7585307821769041,0.085312091269624885
TWSE,gfc,lgbm,fz0_0p05,141,-2.8604851008319367,0.098569596837954923
TWSE,gfc,lgbm,fz0_avg,141,-2.7669028403273082,0.073598720237530862
TWSE,gfc,lgbm,qlike_ex_near_zero,141,0.67182078034397452,0.08469548365592923
TWSE,gfc,moirai,crps,141,0.013647345903999027,0.00077028645863930038
TWSE,gfc,moirai,log_score,141,-2.2758968799982942,0.062108702461182837
TWSE,gfc,moirai,pinball_0p01,141,0.00065052871874252854,7.1816176465281289e-05
TWSE,gfc,moirai,pinball_0p025,141,0.0015673806835884744,0.00016366107233384606
TWSE,gfc,moirai,pinball_0p05,141,0.0028641706647422605,0.00026655640272134839
TWSE,gfc,moirai,pinball_avg,141,0.0016940266890244212,0.00015929760504942072
TWSE,gfc,moirai,qlike,141,0.5589678348069973,0.09513108211306609
TWSE,gfc,moirai,fz0_0p01,141,-2.6590421316146542,0.14895277121154873
TWSE,gfc,moirai,fz0_0p025,141,-2.66544846186508,0.15539291854665357
TWSE,gfc,moirai,fz0_0p05,141,-2.7373160718236034,0.14588343615343788
TWSE,gfc,moirai,fz0_avg,141,-2.6872688884344451,0.14167505006544873
TWSE,gfc,moirai,qlike_ex_near_zero,141,0.5589678348069973,0.09513108211306609
TWSE,gfc,naive,crps,141,0.01383089937442822,0.00090665834541182693
TWSE,gfc,naive,log_score,141,-2.0693932197908227,0.12844627582879706
TWSE,gfc,naive,pinball_0p01,141,0.001158804884439662,0.00027610605206657894
TWSE,gfc,naive,pinball_0p025,141,0.0021950642493552244,0.0003698552614399516
TWSE,gfc,naive,pinball_0p05,141,0.0034965243259334525,0.00044105814473311653
TWSE,gfc,naive,pinball_avg,141,0.002283464486576113,0.00035797353066126806
TWSE,gfc,naive,qlike,141,1.2776876756889088,0.29112418468096779
TWSE,gfc,naive,fz0_0p01,141,-1.3744948298703112,0.68475007687722189
TWSE,gfc,naive,fz0_0p025,141,-1.8682315640504774,0.43180763064757083
TWSE,gfc,naive,fz0_0p05,141,-2.2172840157215079,0.30781933873675804
TWSE,gfc,naive,fz0_avg,141,-1.8200034698807654,0.46911180825028703
TWSE,gfc,naive,qlike_ex_near_zero,141,1.2776876756889088,0.29112418468096779
TWSE,gfc,patchtst,crps,141,0.013803433505126077,0.00082640414569268468
TWSE,gfc,patchtst,log_score,141,-2.134457428864343,0.11318814299180513
TWSE,gfc,patchtst,pinball_0p01,141,0.00095928919820428349,0.00024147205646068829
TWSE,gfc,patchtst,pinball_0p025,141,0.0018992113925570876,0.00031502410152102039
TWSE,gfc,patchtst,pinball_0p05,141,0.0031073887654968213,0.00037693656239335831
TWSE,gfc,patchtst,pinball_avg,141,0.0019886297854193975,0.00030558967282919757
TWSE,gfc,patchtst,qlike,141,0.94227935761402537,0.23022614775836373
TWSE,gfc,patchtst,fz0_0p01,141,-1.7624509376578477,0.66596581647878117
TWSE,gfc,patchtst,fz0_0p025,141,-2.1756973983681749,0.40269992014109107
TWSE,gfc,patchtst,fz0_0p05,141,-2.4688038310795961,0.27640547336233701
TWSE,gfc,patchtst,fz0_avg,141,-2.1356507223685393,0.44413207920278375
TWSE,gfc,patchtst,qlike_ex_near_zero,141,0.94227935761402537,0.23022614775836373
TWSE,gfc,timesfm,crps,141,0.013646660049599003,0.00077890499780816505
TWSE,gfc,timesfm,log_score,141,-2.260845514190597,0.069400924804848649
TWSE,gfc,timesfm,pinball_0p01,141,0.00068937163485145302,0.00011201930310432771
TWSE,gfc,timesfm,pinball_0p025,141,0.0015846237492104199,0.00021179275647015172
TWSE,gfc,timesfm,pinball_0p05,141,0.0028538025327906301,0.00029209270753020151
TWSE,gfc,timesfm,pinball_avg,141,0.0017092659722841676,0.00019932074402565021
TWSE,gfc,timesfm,qlike,141,0.60171856869233475,0.10062396499632677
TWSE,gfc,timesfm,fz0_0p01,141,-2.5425542580676561,0.26057111923823517
TWSE,gfc,timesfm,fz0_0p025,141,-2.6297511176533024,0.22189303387216308
TWSE,gfc,timesfm,fz0_0p05,141,-2.7266886875878811,0.17420502663552812
TWSE,gfc,timesfm,fz0_avg,141,-2.6329980211029462,0.21474368722068729
TWSE,gfc,timesfm,qlike_ex_near_zero,141,0.60171856869233475,0.10062396499632677
TWSE,covid,autoarima,crps,61,0.011333584155124614,0.0027161725616185856
TWSE,covid,autoarima,log_score,61,-2.1939290851467041,0.39856775430343411
TWSE,covid,autoarima,pinball_0p01,61,0.0014876631964185058,0.00057259913550890143
TWSE,covid,autoarima,pinball_0p025,61,0.0022882698817206842,0.00074380696114181139
TWSE,covid,autoarima,pinball_0p05,61,0.0031788721559456549,0.00090830445643557919
TWSE,covid,autoarima,pinball_avg,61,0.002318268411361615,0.00073348481909796866
TWSE,covid,autoarima,qlike,61,0.99789826981726282,0.37282506242867969
TWSE,covid,autoarima,fz0_0p01,61,0.29898468832235947,1.8620360538993417
TWSE,covid,autoarima,fz0_0p025,61,-1.3008315815285276,1.1488411535904475
TWSE,covid,autoarima,fz0_0p05,61,-2.1345098358766026,0.82537749030567409
TWSE,covid,autoarima,fz0_avg,61,-1.0454522430275899,1.2689966481826289
TWSE,covid,autoarima,qlike_ex_near_zero,61,0.99789826981726282,0.37282506242867969
TWSE,covid,autoets,crps,61,0.011240037490644318,0.0026171481254093527
TWSE,covid,autoets,log_score,61,-2.3133041353375079,0.33749185089453632
TWSE,covid,autoets,pinball_0p01,61,0.0013654946429645116,0.00051826903586344787
TWSE,covid,autoets,pinball_0p025,61,0.002144751024350116,0.00069942877068808614
TWSE,covid,autoets,pinball_0p05,61,0.0031197013215064958,0.00086421789096387432
TWSE,covid,autoets,pinball_avg,61,0.0022099823296070414,0.00068796330415708655
TWSE,covid,autoets,qlike,61,1.0178732609040422,0.37839831989530448
TWSE,covid,autoets,fz0_0p01,61,-0.21642481804159217,1.7154337789646492
TWSE,covid,autoets,fz0_0p025,61,-1.5648352697440213,1.0932674788722676
TWSE,covid,autoets,fz0_0p05,61,-2.2385368536784118,0.79717217849469235
TWSE,covid,autoets,fz0_avg,61,-1.3399323138213417,1.192820205573772
TWSE,covid,autoets,qlike_ex_near_zero,61,1.0178732609040422,0.37839831989530448
TWSE,covid,chronos,crps,61,0.011175282822812879,0.0025510404967531773
TWSE,covid,chronos,log_score,61,-2.2051687793921144,0.3528813983560361
TWSE,covid,chronos,pinball_0p01,61,0.0015088701533943827,0.00060552864677884373
TWSE,covid,chronos,pinball_0p025,61,0.0022569342167949699,0.00072983878014633134
TWSE,covid,chronos,pinball_0p05,61,0.0031400557299382319,0.00084406773832542792
TWSE,covid,chronos,pinball_avg,61,0.0023019533667091954,0.00072092004361776045
TWSE,covid,chronos,qlike,61,0.9873661323502867,0.32712913481400507
TWSE,covid,chronos,fz0_0p01,61,0.85800783953662207,2.1655436810368536
TWSE,covid,chronos,fz0_0p025,61,-1.0119553314437073,1.2435827621037456
TWSE,covid,chronos,fz0_0p05,61,-1.9424261677876815,0.84941727867272454
TWSE,covid,chronos,fz0_avg,61,-0.69879121989825488,1.411500758314209
TWSE,covid,chronos,qlike_ex_near_zero,61,0.9873661323502867,0.32712913481400507
TWSE,covid,ewma,crps,61,0.011021966172688899,0.0024141018466423683
TWSE,covid,ewma,log_score,61,-2.5001531426973091,0.20577129190854415
TWSE,covid,ewma,pinball_0p01,61,0.00092723604873559077,0.00027708863199037837
TWSE,covid,ewma,pinball_0p025,61,0.0017736997567277262,0.00040246631315692019
TWSE,covid,ewma,pinball_0p05,61,0.0027207281810750529,0.00052434479873291319
TWSE,covid,ewma,pinball_avg,61,0.0018072213288461236,0.00039649934681922723
TWSE,covid,ewma,qlike,61,0.95602570766796824,0.16345398530221872
TWSE,covid,ewma,fz0_0p01,61,-1.9305002899973325,0.73320185950014971
TWSE,covid,ewma,fz0_0p025,61,-2.3656836219714963,0.48941926714562012
TWSE,covid,ewma,fz0_0p05,61,-2.7448714480275438,0.37127533665767637
TWSE,covid,ewma,fz0_avg,61,-2.3470184533321237,0.52466123603505188
TWSE,covid,ewma,qlike_ex_near_zero,61,0.95602570766796824,0.16345398530221872
TWSE,covid,garch11,crps,61,0.010970734506930422,0.0023999353442523096
TWSE,covid,garch11,log_score,61,-2.4202499560662214,0.27244665609713314
TWSE,covid,garch11,pinball_0p01,61,0.0011991601893327477,0.00039635969256311384
TWSE,covid,garch11,pinball_0p025,61,0.0020645148401953694,0.00059066569922220269
TWSE,covid,garch11,pinball_0p05,61,0.0030498939432340882,0.00077720343425635946
TWSE,covid,garch11,pinball_avg,61,0.0021045229909207345,0.00058175527166757287
TWSE,covid,garch11,qlike,61,0.88154110482085635,0.29981715381773927
TWSE,covid,garch11,fz0_0p01,61,-0.71291414708812628,1.4005624586511289
TWSE,covid,garch11,fz0_0p025,61,-1.7078124643954806,0.93536718304568855
TWSE,covid,garch11,fz0_0p05,61,-2.306375733324022,0.71330830446449733
TWSE,covid,garch11,fz0_avg,61,-1.5757007816025426,1.0039947127352027
TWSE,covid,garch11,qlike_ex_near_zero,61,0.88154110482085635,0.29981715381773927
TWSE,covid,garch11_t,crps,61,0.01106491000913401,0.0024561718404026273
TWSE,covid,garch11_t,log_score,61,-2.4747932944296331,0.23487195224016585
TWSE,covid,garch11_t,pinball_0p01,61,0.00087018381928573622,0.00027398541551441533
TWSE,covid,garch11_t,pinball_0p025,61,0.0018533269489945379,0.00048524758374622975
TWSE,covid,garch11_t,pinball_0p05,61,0.0029332640489571162,0.00075618042546356495
TWSE,covid,garch11_t,pinball_avg,61,0.0018855916057457971,0.00049140690107800529
TWSE,covid,garch11_t,qlike,61,0.7052876463273331,0.20144512269015422
TWSE,covid,garch11_t,fz0_0p01,61,-2.1266810233622255,0.73751122645057576
TWSE,covid,garch11_t,fz0_0p025,61,-2.2749686161320226,0.62296477005914719
TWSE,covid,garch11_t,fz0_0p05,61,-2.5456311036894608,0.59895337473866805
TWSE,covid,garch11_t,fz0_avg,61,-2.3157602477279031,0.6365178449083686
TWSE,covid,garch11_t,qlike_ex_near_zero,61,0.7052876463273331,0.20144512269015422
TWSE,covid,gjr,crps,61,0.010554779918069248,0.0020499299595307763
TWSE,covid,gjr,log_score,61,-2.5754182482942714,0.16593187187920241
TWSE,covid,gjr,pinball_0p01,61,0.00073712111225425177,0.00021603390925454608
TWSE,covid,gjr,pinball_0p025,61,0.0014165083214736603,0.00031932907518471005
TWSE,covid,gjr,pinball_0p05,61,0.0022670163130950249,0.0004597388306116133
TWSE,covid,gjr,pinball_avg,61,0.0014735485822743122,0.00032023216804277392
TWSE,covid,gjr,qlike,61,0.49793704006047163,0.090929648303135255
TWSE,covid,gjr,fz0_0p01,61,-2.0591808173516317,0.84731506092789999
TWSE,covid,gjr,fz0_0p025,61,-2.6122693518171562,0.54348894118653923
TWSE,covid,gjr,fz0_0p05,61,-2.9615373836739449,0.41381654176177085
TWSE,covid,gjr,fz0_avg,61,-2.5443291842809113,0.59297844815413869
TWSE,covid,gjr,qlike_ex_near_zero,61,0.49793704006047163,0.090929648303135255
TWSE,covid,har,crps,61,0.011203485182531918,0.0026440739504398412
TWSE,covid,har,log_score,61,-2.2441989717112691,0.38288491145514364
TWSE,covid,har,pinball_0p01,61,0.001391025279408931,0.00060073955240578451
TWSE,covid,har,pinball_0p025,61,0.0021662959770925249,0.00075958281718807987
TWSE,covid,har,pinball_0p05,61,0.0031464067387016923,0.00091703691214218143
TWSE,covid,har,pinball_avg,61,0.0022345759984010493,0.00075075106333985335
TWSE,covid,har,qlike,61,1.1447271536264656,0.56926713351414027
TWSE,covid,har,fz0_0p01,61,0.46249891416936029,2.5227150517262715
TWSE,covid,har,fz0_0p025,61,-1.2586904259123388,1.4425384345174121
TWSE,covid,har,fz0_0p05,61,-2.0401800660708145,0.98963050212932835
TWSE,covid,har,fz0_avg,61,-0.94545719260459749,1.6414985949278211
TWSE,covid,har,qlike_ex_near_zero,61,1.1447271536264656,0.56926713351414027
TWSE,covid,lgbm,crps,61,0.011651299507246715,0.0030736465202832594
TWSE,covid,lgbm,log_score,61,-1.5859853726853672,0.77865755518338819
TWSE,covid,lgbm,pinball_0p01,61,0.0022578073688822972,0.0009501756586677674
TWSE,covid,lgbm,pinball_0p025,61,0.0030115228084014066,0.001120255080482398
TWSE,covid,lgbm,pinball_0p05,61,0.0038194069469567639,0.0012685838495485676
TWSE,covid,lgbm,pinball_avg,61,0.0030295790414134886,0.0011056510898071765
TWSE,covid,lgbm,qlike,61,1.7246357612577035,0.75547783130260215
TWSE,covid,lgbm,fz0_0p01,61,4.4881798320169626,4.0148594116793523
TWSE,covid,lgbm,fz0_0p025,61,0.73738309256084067,2.2310833812119841
TWSE,covid,lgbm,fz0_0p05,61,-0.9440649078229103,1.4927227573677628
TWSE,covid,lgbm,fz0_avg,61,1.4271660055849646,2.5670043955132797
TWSE,covid,lgbm,qlike_ex_near_zero,61,1.7246357612577035,0.75547783130260215
TWSE,covid,moirai,crps,61,0.011212173866818078,0.0025753962857816481
TWSE,covid,moirai,log_score,61,-2.0572035211492254,0.3952676721570107
TWSE,covid,moirai,pinball_0p01,61,0.0016458353792631638,0.00065593153344986621
TWSE,covid,moirai,pinball_0p025,61,0.002418065185983248,0.00078027117975359354
TWSE,covid,moirai,pinball_0p05,61,0.0032533143259791081,0.00088360904713041832
TWSE,covid,moirai,pinball_avg,61,0.0024390716304085072,0.00076702885080035812
TWSE,covid,moirai,qlike,61,1.0390280379900521,0.32529727956757676
TWSE,covid,moirai,fz0_0p01,61,1.8657360561881382,2.574083366451708
TWSE,covid,moirai,fz0_0p025,61,-0.50287186267192097,1.4452356110416147
TWSE,covid,moirai,fz0_0p05,61,-1.6446840607866986,0.95731924897259912
TWSE,covid,moirai,fz0_avg,61,-0.093939955756827204,1.6506331619697405
TWSE,covid,moirai,qlike_ex_near_zero,61,1.0390280379900521,0.32529727956757676
TWSE,covid,naive,crps,61,0.011659766675234157,0.0031517477546519823
TWSE,covid,naive,log_score,61,-1.422883366025623,1.0743382880666326
TWSE,covid,naive,pinball_0p01,61,0.0023288225967317555,0.00093723035670805496
TWSE,covid,naive,pinball_0p025,61,0.0030725389751450724,0.0011045311595274804
TWSE,covid,naive,pinball_0p05,61,0.0038459111507277233,0.0012353951200414625
TWSE,covid,naive,pinball_avg,61,0.0030824242408681837,0.0010906222788955864
TWSE,covid,naive,qlike,61,1.6880219687372917,0.65781879639911178
TWSE,covid,naive,fz0_0p01,61,4.811902475983616,3.9207303178523585
TWSE,covid,naive,fz0_0p025,61,0.89384215986503479,2.1541262965601948
TWSE,covid,naive,fz0_0p05,61,-0.88370256660527058,1.4081345534733214
TWSE,covid,naive,fz0_avg,61,1.6073473564144596,2.4909651080029476
TWSE,covid,naive,qlike_ex_near_zero,61,1.6880219687372917,0.65781879639911178
TWSE,covid,patchtst,crps,61,0.012066337114611397,0.0031339738370490186
TWSE,covid,patchtst,log_score,61,0.88662023296161008,2.031060380354643
TWSE,covid,patchtst,pinball_0p01,61,0.0033106154954905998,0.0016618207394888879
TWSE,covid,patchtst,pinball_0p025,61,0.0040984452998476155,0.0017403757957008316
TWSE,covid,patchtst,pinball_0p05,61,0.0049059431492914189,0.0017756843454909653
TWSE,covid,patchtst,pinball_avg,61,0.0041050013148765446,0.001724246836574204
TWSE,covid,patchtst,qlike,61,5.549500545153883,3.3325600844108179
TWSE,covid,patchtst,fz0_0p01,61,19.736269431074962,15.225740733281549
TWSE,covid,patchtst,fz0_0p025,61,8.377074757435846,7.5663616983305158
TWSE,covid,patchtst,fz0_0p05,61,3.6598033764911708,4.5523585225848544
TWSE,covid,patchtst,fz0_avg,61,10.591049188333994,9.1224617535558536
TWSE,covid,patchtst,qlike_ex_near_zero,61,5.549500545153883,3.3325600844108179
TWSE,covid,timesfm,crps,61,0.011222181769427669,0.0026074786493168879
TWSE,covid,timesfm,log_score,61,-2.08956934196648,0.40321758802406571
TWSE,covid,timesfm,pinball_0p01,61,0.0016410875021951328,0.00067659722007956679
TWSE,covid,timesfm,pinball_0p025,61,0.002421748311832513,0.0007925016977351955
TWSE,covid,timesfm,pinball_0p05,61,0.0032818116547304235,0.00089689731957949916
TWSE,covid,timesfm,pinball_avg,61,0.0024482158229193569,0.00078254934282367299
TWSE,covid,timesfm,qlike,61,1.1040350105468228,0.42620268134303363
TWSE,covid,timesfm,fz0_0p01,61,1.8588741410649254,2.6933464303177241
TWSE,covid,timesfm,fz0_0p025,61,-0.47837315934887786,1.4810874098365756
TWSE,covid,timesfm,fz0_0p05,61,-1.6166215785857878,0.97775983988439175
TWSE,covid,timesfm,fz0_avg,61,-0.078706865623246344,1.7100432426575392
TWSE,covid,timesfm,qlike_ex_near_zero,61,1.1040350105468228,0.42620268134303363
TWSE,tightening_2022,autoarima,crps,202,0.0072722969636173735,0.00043848733293564796
TWSE,tightening_2022,autoarima,log_score,202,-2.8525768789335588,0.094174089600432803
TWSE,tightening_2022,autoarima,pinball_0p01,202,0.00059639621646076881,0.00013901831100481367
TWSE,tightening_2022,autoarima,pinball_0p025,202,0.0010945785926173535,0.00018037960332104594
TWSE,tightening_2022,autoarima,pinball_0p05,202,0.0017554176015254414,0.00021613847949307201
TWSE,tightening_2022,autoarima,pinball_avg,202,0.0011487974702011881,0.00017605131157868306
TWSE,tightening_2022,autoarima,qlike,188,0.39225427906698379,0.03693496494169303
TWSE,tightening_2022,autoarima,fz0_0p01,202,-2.2328742859287214,0.56360155343927831
TWSE,tightening_2022,autoarima,fz0_0p025,202,-2.7528859378324229,0.34954417224507328
TWSE,tightening_2022,autoarima,fz0_0p05,202,-3.0565765655246118,0.24942148521585145
TWSE,tightening_2022,autoarima,fz0_avg,202,-2.6807789297619187,0.38332285727398202
TWSE,tightening_2022,autoarima,qlike_ex_near_zero,188,0.39225427906698379,0.03693496494169303
TWSE,tightening_2022,autoets,crps,202,0.0072730613942234906,0.00043326335254145347
TWSE,tightening_2022,autoets,log_score,202,-2.8589072531013331,0.088130974077468505
TWSE,tightening_2022,autoets,pinball_0p01,202,0.00058291364809688172,0.00013025757512260072
TWSE,tightening_2022,autoets,pinball_0p025,202,0.0010899975750768252,0.00017298978403199652
TWSE,tightening_2022,autoets,pinball_0p05,202,0.0017460160301413653,0.00021069605269716609
TWSE,tightening_2022,autoets,pinball_avg,202,0.0011396424177716909,0.0001689971146353544
TWSE,tightening_2022,autoets,qlike,188,0.40671465197853918,0.035860274152491448
TWSE,tightening_2022,autoets,fz0_0p01,202,-2.3085253699552655,0.51441294573261431
TWSE,tightening_2022,autoets,fz0_0p025,202,-2.7696749030586281,0.32912027683529466
TWSE,tightening_2022,autoets,fz0_0p05,202,-3.0737197209656135,0.23910934373350953
TWSE,tightening_2022,autoets,fz0_avg,202,-2.7173066646598354,0.35683111124978589
TWSE,tightening_2022,autoets,qlike_ex_near_zero,188,0.40671465197853918,0.035860274152491448
TWSE,tightening_2022,chronos,crps,202,0.007381601328365032,0.00045697812094328536
TWSE,tightening_2022,chronos,log_score,202,-2.6965327718984433,0.13062223565790076
TWSE,tightening_2022,chronos,pinball_0p01,202,0.00081915911001744618,0.00019200693883255672
TWSE,tightening_2022,chronos,pinball_0p025,202,0.0013552027905570695,0.00023078370097492107
TWSE,tightening_2022,chronos,pinball_0p05,202,0.0019954101008926219,0.00025812373380666612
TWSE,tightening_2022,chronos,pinball_avg,202,0.0013899240004890462,0.00022486347089487095
TWSE,tightening_2022,chronos,qlike,188,0.38975134773531189,0.040366900303212112
TWSE,tightening_2022,chronos,fz0_0p01,202,-0.88486740422692411,0.93548261775896691
TWSE,tightening_2022,chronos,fz0_0p025,202,-1.9754976392002688,0.53107728572905377
TWSE,tightening_2022,chronos,fz0_0p05,202,-2.5870637834075163,0.35265890366622171
TWSE,tightening_2022,chronos,fz0_avg,202,-1.8158096089449025,0.602151974203611
TWSE,tightening_2022,chronos,qlike_ex_near_zero,188,0.38975134773531189,0.040366900303212112
TWSE,tightening_2022,ewma,crps,202,0.0072123622276929564,0.00038951256669120043
TWSE,tightening_2022,ewma,log_score,202,-2.9182216299966242,0.059120174520209325
TWSE,tightening_2022,ewma,pinball_0p01,202,0.00042123550828265441,8.4258046726160693e-05
TWSE,tightening_2022,ewma,pinball_0p025,202,0.00090253869334174603,0.00011485971877784145
TWSE,tightening_2022,ewma,pinball_0p05,202,0.0015559258743358723,0.00014892581876859993
TWSE,tightening_2022,ewma,pinball_avg,202,0.00095990002532009094,0.00011217969059112558
TWSE,tightening_2022,ewma,qlike,188,0.53374362968836786,0.046860580731938967
TWSE,tightening_2022,ewma,fz0_0p01,202,-3.0051522743805839,0.29867198967573871
TWSE,tightening_2022,ewma,fz0_0p025,202,-3.1646485968780373,0.19910406091783195
TWSE,tightening_2022,ewma,fz0_0p05,202,-3.3223860992318794,0.15462987110276852
TWSE,tightening_2022,ewma,fz0_avg,202,-3.1640623234968333,0.21091493273734516
TWSE,tightening_2022,ewma,qlike_ex_near_zero,188,0.53374362968836786,0.046860580731938967
TWSE,tightening_2022,garch11,crps,202,0.0072017219241174938,0.00039925625306267163
TWSE,tightening_2022,garch11,log_score,202,-2.9283573705203274,0.061717517679856629
TWSE,tightening_2022,garch11,pinball_0p01,202,0.0004140881924349952,7.8855353882602709e-05
TWSE,tightening_2022,garch11,pinball_0p025,202,0.00090175656431221607,0.00011548727405167153
TWSE,tightening_2022,garch11,pinball_0p05,202,0.0015645342799451318,0.0001532212615171598
TWSE,tightening_2022,garch11,pinball_avg,202,0.00096012634556411427,0.00011183146595501087
TWSE,tightening_2022,garch11,qlike,188,0.47647040358080917,0.042931826615476391
TWSE,tightening_2022,garch11,fz0_0p01,202,-3.074735884956711,0.25676324211719187
TWSE,tightening_2022,garch11,fz0_0p025,202,-3.1951773739462652,0.18837497254676688
TWSE,tightening_2022,garch11,fz0_0p05,202,-3.3349151782168618,0.15152625579506096
TWSE,tightening_2022,garch11,fz0_avg,202,-3.2016094790399459,0.19169471331128188
TWSE,tightening_2022,garch11,qlike_ex_near_zero,188,0.47647040358080917,0.042931826615476391
TWSE,tightening_2022,garch11_t,crps,202,0.0072148335657221153,0.00040807151409274171
TWSE,tightening_2022,garch11_t,log_score,202,-2.9233243394366863,0.062532740094174435
TWSE,tightening_2022,garch11_t,pinball_0p01,202,0.00037801410282942903,6.7038935920355408e-05
TWSE,tightening_2022,garch11_t,pinball_0p025,202,0.00088967552632669028,0.00011238655635100391
TWSE,tightening_2022,garch11_t,pinball_0p05,202,0.0015933338344753891,0.00016027617826932088
TWSE,tightening_2022,garch11_t,pinball_avg,202,0.00095367448787716939,0.00010772000642428475
TWSE,tightening_2022,garch11_t,qlike,188,0.4695157821210697,0.042557690416999326
TWSE,tightening_2022,garch11_t,fz0_0p01,202,-3.2397915465231857,0.18951840652985613
TWSE,tightening_2022,garch11_t,fz0_0p025,202,-3.2464265969081985,0.16851005156721524
TWSE,tightening_2022,garch11_t,fz0_0p05,202,-3.3297627578715132,0.15081594597679945
TWSE,tightening_2022,garch11_t,fz0_avg,202,-3.2719936337676323,0.15958369119272639
TWSE,tightening_2022,garch11_t,qlike_ex_near_zero,188,0.4695157821210697,0.042557690416999326
TWSE,tightening_2022,gjr,crps,202,0.0071514386047364783,0.00039534997738828844
TWSE,tightening_2022,gjr,log_score,202,-2.9554005744513203,0.06064946269872442
TWSE,tightening_2022,gjr,pinball_0p01,202,0.0004067925411309783,7.6356979075549718e-05
TWSE,tightening_2022,gjr,pinball_0p025,202,0.00083935729265843535,0.00010949532672072118
TWSE,tightening_2022,gjr,pinball_0p05,202,0.0014524187706399616,0.00013962616603675835
TWSE,tightening_2022,gjr,pinball_avg,202,0.00089952286814312513,0.00010619226446900086
TWSE,tightening_2022,gjr,qlike,188,0.50982105691341839,0.043038567968468937
TWSE,tightening_2022,gjr,fz0_0p01,202,-3.1299935019944263,0.24069581643687291
TWSE,tightening_2022,gjr,fz0_0p025,202,-3.3094929233366113,0.17206088917578899
TWSE,tightening_2022,gjr,fz0_0p05,202,-3.4501961204175253,0.13545731151451287
TWSE,tightening_2022,gjr,fz0_avg,202,-3.2965608485828541,0.17813610963249915
TWSE,tightening_2022,gjr,qlike_ex_near_zero,188,0.50982105691341839,0.043038567968468937
TWSE,tightening_2022,har,crps,202,0.0073081654317031456,0.00044631275283603373
TWSE,tightening_2022,har,log_score,202,-2.8103576462734878,0.10514576187932635
TWSE,tightening_2022,har,pinball_0p01,202,0.00065909076085125069,0.00015561898798715273
TWSE,tightening_2022,har,pinball_0p025,202,0.0011559100907044401,0.00019574152328926677
TWSE,tightening_2022,har,pinball_0p05,202,0.0018126438885218677,0.00022947522243046392
TWSE,tightening_2022,har,pinball_avg,202,0.0012092149133591861,0.00019128498306571442
TWSE,tightening_2022,har,qlike,188,0.38697304733052729,0.038652818880983715
TWSE,tightening_2022,har,fz0_0p01,202,-1.8822133551885984,0.67009039469850373
TWSE,tightening_2022,har,fz0_0p025,202,-2.575754531323847,0.39988740689542851
TWSE,tightening_2022,har,fz0_0p05,202,-2.9478033659393272,0.27819209340172396
TWSE,tightening_2022,har,fz0_avg,202,-2.4685904174839242,0.44529399336822539
TWSE,tightening_2022,har,qlike_ex_near_zero,188,0.38697304733052729,0.038652818880983715
TWSE,tightening_2022,lgbm,crps,202,0.0072780310794336332,0.00044124023749451719
TWSE,tightening_2022,lgbm,log_score,202,-2.8109708727913438,0.1047164789459062
TWSE,tightening_2022,lgbm,pinball_0p01,202,0.00067191965082729677,0.00015264934355896246
TWSE,tightening_2022,lgbm,pinball_0p025,202,0.0011752805371510874,0.00019460765180694584
TWSE,tightening_2022,lgbm,pinball_0p05,202,0.0018050345552442816,0.00023040328594850292
TWSE,tightening_2022,lgbm,pinball_avg,202,0.001217411581074222,0.00019084962885890312
TWSE,tightening_2022,lgbm,qlike,188,0.42040799599525802,0.04304045033667795
TWSE,tightening_2022,lgbm,fz0_0p01,202,-1.7852359382914924,0.6674391556878283
TWSE,tightening_2022,lgbm,fz0_0p025,202,-2.5051423202167911,0.40444254543546498
TWSE,tightening_2022,lgbm,fz0_0p05,202,-2.9253842086832038,0.28591512299992444
TWSE,tightening_2022,lgbm,fz0_avg,202,-2.4052541557304958,0.44959525495940555
TWSE,tightening_2022,lgbm,qlike_ex_near_zero,188,0.42040799599525802,0.04304045033667795
TWSE,tightening_2022,moirai,crps,202,0.007389417759499077,0.00045688851714210889
TWSE,tightening_2022,moirai,log_score,202,-2.6844652361536889,0.13152804082494607
TWSE,tightening_2022,moirai,pinball_0p01,202,0.00082802684423188269,0.00019249370026925446
TWSE,tightening_2022,moirai,pinball_0p025,202,0.0013637888465783113,0.00023137169329502557
TWSE,tightening_2022,moirai,pinball_0p05,202,0.0019956898826977631,0.00025858861563639632
TWSE,tightening_2022,moirai,pinball_avg,202,0.0013958351911693193,0.00022553246010281064
TWSE,tightening_2022,moirai,qlike,188,0.40912287794372698,0.044276149060343814
TWSE,tightening_2022,moirai,fz0_0p01,202,-0.82557244278872,0.9417506958785089
TWSE,tightening_2022,moirai,fz0_0p025,202,-1.9454567875701338,0.53497562788266462
TWSE,tightening_2022,moirai,fz0_0p05,202,-2.5704775280260157,0.35524193961810779
TWSE,tightening_2022,moirai,fz0_avg,202,-1.7805022527949566,0.60666401159951178
TWSE,tightening_2022,moirai,qlike_ex_near_zero,188,0.40912287794372698,0.044276149060343814
TWSE,tightening_2022,naive,crps,202,0.0072430282329055146,0.00042033442794328521
TWSE,tightening_2022,naive,log_score,202,-2.9030025641241846,0.074604208626430552
TWSE,tightening_2022,naive,pinball_0p01,202,0.00043067693903260911,0.00010331366227487899
TWSE,tightening_2022,naive,pinball_0p025,202,0.00095050597182755054,0.00014291425651280986
TWSE,tightening_2022,naive,pinball_0p05,202,0.0015847821631415635,0.00018140624207408574
TWSE,tightening_2022,naive,pinball_avg,202,0.00098865502466724108,0.00013892783776765449
TWSE,tightening_2022,naive,qlike,188,0.47328435396981633,0.03734510755870047
TWSE,tightening_2022,naive,fz0_0p01,202,-3.0055502281934641,0.36585277021512991
TWSE,tightening_2022,naive,fz0_0p025,202,-3.1119685307888143,0.24258958532747635
TWSE,tightening_2022,naive,fz0_0p05,202,-3.3082737862620388,0.18365875497315651
TWSE,tightening_2022,naive,fz0_avg,202,-3.1419308484147721,0.25706377087000748
TWSE,tightening_2022,naive,qlike_ex_near_zero,188,0.47328435396981633,0.03734510755870047
TWSE,tightening_2022,patchtst,crps,202,0.0074755008451481298,0.00044841528358955838
TWSE,tightening_2022,patchtst,log_score,202,-2.5381057553538793,0.15418258319233311
TWSE,tightening_2022,patchtst,pinball_0p01,202,0.00094537762715447002,0.00021104469037148149
TWSE,tightening_2022,patchtst,pinball_0p025,202,0.0014570830647252766,0.00024735121521725931
TWSE,tightening_2022,patchtst,pinball_0p05,202,0.0020719072490697522,0.00027876677825121142
TWSE,tightening_2022,patchtst,pinball_avg,202,0.0014914559803164997,0.00024411337988177365
TWSE,tightening_2022,patchtst,qlike,188,0.58914240902482728,0.059223167343063224
TWSE,tightening_2022,patchtst,fz0_0p01,202,0.21473668232390006,1.196842658043523
TWSE,tightening_2022,patchtst,fz0_0p025,202,-1.4763041422219363,0.64972850879996347
TWSE,tightening_2022,patchtst,fz0_0p05,202,-2.3106712850922961,0.4282573781073315
TWSE,tightening_2022,patchtst,fz0_avg,202,-1.1907462483301101,0.75514918463869463
TWSE,tightening_2022,patchtst,qlike_ex_near_zero,188,0.58914240902482728,0.059223167343063224
TWSE,tightening_2022,timesfm,crps,202,0.0073406677826020157,0.00044785904146971806
TWSE,tightening_2022,timesfm,log_score,202,-2.7660280802382986,0.11153611614130941
TWSE,tightening_2022,timesfm,pinball_0p01,202,0.00069043106651375298,0.0001652074738589633
TWSE,tightening_2022,timesfm,pinball_0p025,202,0.0012367138863529574,0.00020791197800228777
TWSE,tightening_2022,timesfm,pinball_0p05,202,0.0018996984274349453,0.00023980521091834152
TWSE,tightening_2022,timesfm,pinball_avg,202,0.0012756144601005521,0.00020203652010489164
TWSE,tightening_2022,timesfm,qlike,188,0.41291025350909633,0.045382180257541142
TWSE,tightening_2022,timesfm,fz0_0p01,202,-1.6883165732415277,0.73672128836689343
TWSE,tightening_2022,timesfm,fz0_0p025,202,-2.3671984988294801,0.44264616360847614
TWSE,tightening_2022,timesfm,fz0_0p05,202,-2.8060221050426786,0.30425721505235237
TWSE,tightening_2022,timesfm,fz0_avg,202,-2.2871790590378951,0.49025174699743129
TWSE,tightening_2022,timesfm,qlike_ex_near_zero,188,0.41291025350909633,0.045382180257541142
TWSE,spike_2024_08,autoarima,crps,22,0.012898212294214791,0.0065950093121253358
TWSE,spike_2024_08,autoarima,log_score,22,-2.0569560130146729,0.9265148969317496
TWSE,spike_2024_08,autoarima,pinball_0p01,22,0.0030217941327265203,0.0024968616984461459
TWSE,spike_2024_08,autoarima,pinball_0p025,22,0.0039682052675865795,0.0029948728023846652
TWSE,spike_2024_08,autoarima,pinball_0p05,22,0.0049618346755914804,0.0033848504326949953
TWSE,spike_2024_08,autoarima,pinball_avg,22,0.0039839446919681934,0.002951622068045231
TWSE,spike_2024_08,autoarima,qlike,22,0.80547965003958799,0.2466123399920892
TWSE,spike_2024_08,autoarima,fz0_0p01,22,2.8007353884046791,5.8870700888978797
TWSE,spike_2024_08,autoarima,fz0_0p025,22,-0.11399280106447775,3.3067476787620467
TWSE,spike_2024_08,autoarima,fz0_0p05,22,-1.4549927790292214,2.1884389567508453
TWSE,spike_2024_08,autoarima,fz0_avg,22,0.41058326943699336,3.7867093641104925
TWSE,spike_2024_08,autoarima,qlike_ex_near_zero,22,0.80547965003958799,0.2466123399920892
TWSE,spike_2024_08,autoets,crps,22,0.013003055237749972,0.0067462293713778949
TWSE,spike_2024_08,autoets,log_score,22,-1.9103946988589753,1.0658043637947547
TWSE,spike_2024_08,autoets,pinball_0p01,22,0.0032588653459006025,0.0027460047640933648
TWSE,spike_2024_08,autoets,pinball_0p025,22,0.0041618874356446249,0.0032056738715218699
TWSE,spike_2024_08,autoets,pinball_0p05,22,0.005115912948136573,0.003555424397645049
TWSE,spike_2024_08,autoets,pinball_avg,22,0.0041788885765606009,0.0031636192046597981
TWSE,spike_2024_08,autoets,qlike,22,0.89878877650382316,0.32707004622580343
TWSE,spike_2024_08,autoets,fz0_0p01,22,3.8872144581227861,6.9895174848198485
TWSE,spike_2024_08,autoets,fz0_0p025,22,0.37449337621346523,3.8098861290628299
TWSE,spike_2024_08,autoets,fz0_0p05,22,-1.183729074287053,2.4686608538623815
TWSE,spike_2024_08,autoets,fz0_avg,22,1.0259929200163986,4.4174301867843218
TWSE,spike_2024_08,autoets,qlike_ex_near_zero,22,0.89878877650382316,0.32707004622580343
TWSE,spike_2024_08,chronos,crps,22,0.012682641220108835,0.0067218208169237802
TWSE,spike_2024_08,chronos,log_score,22,-2.0875781629063703,1.0474528036589128
TWSE,spike_2024_08,chronos,pinball_0p01,22,0.0031587384399670683,0.002757024392062323
TWSE,spike_2024_08,chronos,pinball_0p025,22,0.0039838759304078866,0.0032463527885130219
TWSE,spike_2024_08,chronos,pinball_0p05,22,0.0048355262624495254,0.0036319464750281904
TWSE,spike_2024_08,chronos,pinball_avg,22,0.0039927135442748259,0.0032063707378984447
TWSE,spike_2024_08,chronos,qlike,22,0.58732692218157323,0.32213314646418267
TWSE,spike_2024_08,chronos,fz0_0p01,22,3.3763939343848532,6.8864333179942125
TWSE,spike_2024_08,chronos,fz0_0p025,22,0.0014453269830728597,3.8108708570414742
TWSE,spike_2024_08,chronos,fz0_0p05,22,-1.50673091404198,2.5035932602689659
TWSE,spike_2024_08,chronos,fz0_avg,22,0.62370278244198185,4.3950866767167076
TWSE,spike_2024_08,chronos,qlike_ex_near_zero,22,0.58732692218157323,0.32213314646418267
TWSE,spike_2024_08,ewma,crps,22,0.01361969349142658,0.0058699815596673184
TWSE,spike_2024_08,ewma,log_score,22,-1.9512481887221347,0.72386819497775856
TWSE,spike_2024_08,ewma,pinball_0p01,22,0.0030184360522708233,0.0023248778230385262
TWSE,spike_2024_08,ewma,pinball_0p025,22,0.0041870556186511931,0.002831635234354743
TWSE,spike_2024_08,ewma,pinball_0p05,22,0.0054555652609747608,0.0032133160243469983
TWSE,spike_2024_08,ewma,pinball_avg,22,0.0042203523106322579,0.0027851217892827492
TWSE,spike_2024_08,ewma,qlike,22,1.1711792000788428,0.13473795052032253
TWSE,spike_2024_08,ewma,fz0_0p01,22,2.3076859475439688,5.0777953993392426
TWSE,spike_2024_08,ewma,fz0_0p025,22,-0.12763288853441848,2.92590192378551
TWSE,spike_2024_08,ewma,fz0_0p05,22,-1.294486172756077,1.9524316108772857
TWSE,spike_2024_08,ewma,fz0_avg,22,0.29518896208449075,3.3150472499673125
TWSE,spike_2024_08,ewma,qlike_ex_near_zero,22,1.1711792000788428,0.13473795052032253
TWSE,spike_2024_08,garch11,crps,22,0.013751457854129023,0.0063277307058200441
TWSE,spike_2024_08,garch11,log_score,22,-1.5914280703438708,1.1067743683221718
TWSE,spike_2024_08,garch11,pinball_0p01,22,0.0036704924397781714,0.0030060017628840701
TWSE,spike_2024_08,garch11,pinball_0p025,22,0.0047191404748139461,0.0033928815215333971
TWSE,spike_2024_08,garch11,pinball_0p05,22,0.0058779392730160121,0.0036573972722975306
TWSE,spike_2024_08,garch11,pinball_avg,22,0.0047558573958693777,0.0033495839843807581
TWSE,spike_2024_08,garch11,qlike,22,1.337923246970157,0.18860211964083201
TWSE,spike_2024_08,garch11,fz0_0p01,22,5.3509178136041804,8.2229371385728172
TWSE,spike_2024_08,garch11,fz0_0p025,22,1.2321276533787724,4.3471783235264567
TWSE,spike_2024_08,garch11,fz0_0p05,22,-0.54625096516929761,2.7418444817656376
TWSE,spike_2024_08,garch11,fz0_avg,22,2.0122648339378859,5.1029223084292967
TWSE,spike_2024_08,garch11,qlike_ex_near_zero,22,1.337923246970157,0.18860211964083201
TWSE,spike_2024_08,garch11_t,crps,22,0.013716271567232012,0.0066070157061528002
TWSE,spike_2024_08,garch11_t,log_score,22,-2.0783166138979201,0.79484014253520496
TWSE,spike_2024_08,garch11_t,pinball_0p01,22,0.0036307926761675242,0.0028842932654121875
TWSE,spike_2024_08,garch11_t,pinball_0p025,22,0.0048111251998467922,0.0034594453701202073
TWSE,spike_2024_08,garch11_t,pinball_0p05,22,0.0059416322787514053,0.0038117085781103539
TWSE,spike_2024_08,garch11_t,pinball_avg,22,0.0047945167182552413,0.0033816679586955879
TWSE,spike_2024_08,garch11_t,qlike,22,1.4438775809463964,0.22818401769051172
TWSE,spike_2024_08,garch11_t,fz0_0p01,22,4.3007657319105137,6.9633991130443285
TWSE,spike_2024_08,garch11_t,fz0_0p025,22,1.1450630777092892,4.1835661601641005
TWSE,spike_2024_08,garch11_t,fz0_0p05,22,-0.46210713658920394,2.8217265099488813
TWSE,spike_2024_08,garch11_t,fz0_avg,22,1.6612405576768672,4.6533622933054373
TWSE,spike_2024_08,garch11_t,qlike_ex_near_zero,22,1.4438775809463964,0.22818401769051172
TWSE,spike_2024_08,gjr,crps,22,0.013843187649227451,0.0058071387776628784
TWSE,spike_2024_08,gjr,log_score,22,-1.8964665297398116,0.73422803439647466
TWSE,spike_2024_08,gjr,pinball_0p01,22,0.0031405692277930806,0.0024004452224887026
TWSE,spike_2024_08,gjr,pinball_0p025,22,0.0043701354159830881,0.0028904443502259245
TWSE,spike_2024_08,gjr,pinball_0p05,22,0.0057213617636864243,0.003250838842848415
TWSE,spike_2024_08,gjr,pinball_avg,22,0.0044106888024875316,0.0028437055408181704
TWSE,spike_2024_08,gjr,qlike,22,1.3136029924576904,0.1474846687413599
TWSE,spike_2024_08,gjr,fz0_0p01,22,2.5716563989691115,5.3531698140778827
TWSE,spike_2024_08,gjr,fz0_0p025,22,0.041343380944391779,3.0519546808719475
TWSE,spike_2024_08,gjr,fz0_0p05,22,-1.1600167867866891,2.0469263291653315
TWSE,spike_2024_08,gjr,fz0_avg,22,0.48432766437560448,3.4730939495640536
TWSE,spike_2024_08,gjr,qlike_ex_near_zero,22,1.3136029924576904,0.1474846687413599
TWSE,spike_2024_08,har,crps,22,0.013015621900546366,0.0069242705383934537
TWSE,spike_2024_08,har,log_score,22,-1.669379699141176,1.3241784338480489
TWSE,spike_2024_08,har,pinball_0p01,22,0.0035459560710474998,0.0030605575469648755
TWSE,spike_2024_08,har,pinball_0p025,22,0.0043754378832011132,0.0034724207444006296
TWSE,spike_2024_08,har,pinball_0p05,22,0.0052555110206624631,0.0037781034121952008
TWSE,spike_2024_08,har,pinball_avg,22,0.0043923016583036923,0.0034324802879838736
TWSE,spike_2024_08,har,qlike,22,0.95878304216537802,0.47838226369393039
TWSE,spike_2024_08,har,fz0_0p01,22,5.6450832076278852,8.7723391468329375
TWSE,spike_2024_08,har,fz0_0p025,22,1.1392326578997138,4.620364445015186
TWSE,spike_2024_08,har,fz0_0p05,22,-0.77974665321739389,2.9248890596743542
TWSE,spike_2024_08,har,fz0_avg,22,2.0015230707700686,5.4348476987891345
TWSE,spike_2024_08,har,qlike_ex_near_zero,22,0.95878304216537802,0.47838226369393039
TWSE,spike_2024_08,lgbm,crps,22,0.01351795330386084,0.007461764837970947
TWSE,spike_2024_08,lgbm,log_score,22,-0.82131201030182277,2.072831521605297
TWSE,spike_2024_08,lgbm,pinball_0p01,22,0.0039995208386017049,0.0036327608763119692
TWSE,spike_2024_08,lgbm,pinball_0p025,22,0.0046626210820734657,0.0039635516288899037
TWSE,spike_2024_08,lgbm,pinball_0p05,22,0.0053716299611620937,0.0041929832489071752
TWSE,spike_2024_08,lgbm,pinball_avg,22,0.00467792396061242,0.0039271898493811169
TWSE,spike_2024_08,lgbm,qlike,22,1.3935942223621023,0.98842079676711714
TWSE,spike_2024_08,lgbm,fz0_0p01,22,9.4859958659946528,12.873925256376173
TWSE,spike_2024_08,lgbm,fz0_0p025,22,2.76597105220393,6.4970283819500292
TWSE,spike_2024_08,lgbm,fz0_0p05,22,0.048998562520415193,3.9866192399981522
TWSE,spike_2024_08,lgbm,fz0_avg,22,4.1003218269063337,7.7835361604594935
TWSE,spike_2024_08,lgbm,qlike_ex_near_zero,22,1.3935942223621023,0.98842079676711714
TWSE,spike_2024_08,moirai,crps,22,0.012794654843478288,0.0067552539724814861
TWSE,spike_2024_08,moirai,log_score,22,-2.0197575035883832,1.0840465585064245
TWSE,spike_2024_08,moirai,pinball_0p01,22,0.0032220396104289746,0.0028559183390258341
TWSE,spike_2024_08,moirai,pinball_0p025,22,0.0040179163526700363,0.0033366177231149196
TWSE,spike_2024_08,moirai,pinball_0p05,22,0.0048527754491934924,0.0037116752605073668
TWSE,spike_2024_08,moirai,pinball_avg,22,0.0040309104707641685,0.0032966850722841393
TWSE,spike_2024_08,moirai,qlike,22,0.57633731577519542,0.33819921840533945
TWSE,spike_2024_08,moirai,fz0_0p01,22,3.6534209806403153,7.3015134608051753
TWSE,spike_2024_08,moirai,fz0_0p025,22,0.10062415902505489,4.0119964872725316
TWSE,spike_2024_08,moirai,fz0_0p05,22,-1.4595534031978354,2.6206622812662772
TWSE,spike_2024_08,moirai,fz0_avg,22,0.76483057882251204,4.6406937377112527
TWSE,spike_2024_08,moirai,qlike_ex_near_zero,22,0.57633731577519542,0.33819921840533945
TWSE,spike_2024_08,naive,crps,22,0.013713597892464733,0.0075370892977180614
TWSE,spike_2024_08,naive,log_score,22,-0.48755286870686115,2.2856428142999969
TWSE,spike_2024_08,naive,pinball_0p01,22,0.004146798059835098,0.0038354800258436723
TWSE,spike_2024_08,naive,pinball_0p025,22,0.0047701880797808884,0.004138888863023632
TWSE,spike_2024_08,naive,pinball_0p05,22,0.0055147045983187405,0.0043297215684243188
TWSE,spike_2024_08,naive,pinball_avg,22,0.0048105635793115756,0.0040991233422250821
TWSE,spike_2024_08,naive,qlike,22,1.4700480927499058,1.0498590686674236
TWSE,spike_2024_08,naive,fz0_0p01,22,10.713002087060755,14.379227737115146
TWSE,spike_2024_08,naive,fz0_0p025,22,3.3030201562161392,7.1937643079937867
TWSE,spike_2024_08,naive,fz0_0p05,22,0.40205536046105111,4.3694219987606555
TWSE,spike_2024_08,naive,fz0_avg,22,4.8060258679126457,8.6463326080868192
TWSE,spike_2024_08,naive,qlike_ex_near_zero,22,1.4700480927499058,1.0498590686674236
TWSE,spike_2024_08,patchtst,crps,22,0.01406911716143357,0.0072902624379757126
TWSE,spike_2024_08,patchtst,log_score,22,-0.2100356020169101,2.5262173108152339
TWSE,spike_2024_08,patchtst,pinball_0p01,22,0.0043904508032860659,0.0039055080501764483
TWSE,spike_2024_08,patchtst,pinball_0p025,22,0.005159593343049035,0.0041517544503473832
TWSE,spike_2024_08,patchtst,pinball_0p05,22,0.0060152293736255051,0.0042875070846013861
TWSE,spike_2024_08,patchtst,pinball_avg,22,0.0051884245066535347,0.0041142955545362073
TWSE,spike_2024_08,patchtst,qlike,22,2.2289569973731758,1.2705378365273268
TWSE,spike_2024_08,patchtst,fz0_0p01,22,12.273717619980358,15.414025483459168
TWSE,spike_2024_08,patchtst,fz0_0p025,22,4.2431160745097598,7.6055872723002844
TWSE,spike_2024_08,patchtst,fz0_0p05,22,1.0437618023395601,4.5705827556654315
TWSE,spike_2024_08,patchtst,fz0_avg,22,5.8535318322765599,9.1964640274055345
TWSE,spike_2024_08,patchtst,qlike_ex_near_zero,22,2.2289569973731758,1.2705378365273268
TWSE,spike_2024_08,timesfm,crps,22,0.012834457529827824,0.0068025434091786097
TWSE,spike_2024_08,timesfm,log_score,22,-1.890933696141162,1.1693641126832803
TWSE,spike_2024_08,timesfm,pinball_0p01,22,0.0033613318220559727,0.0029962370969737668
TWSE,spike_2024_08,timesfm,pinball_0p025,22,0.0041348571716524696,0.0034514337639996681
TWSE,spike_2024_08,timesfm,pinball_0p05,22,0.004934672023865657,0.0038041340203347393
TWSE,spike_2024_08,timesfm,pinball_avg,22,0.0041436203391913666,0.0034130660940992264
TWSE,spike_2024_08,timesfm,qlike,22,0.65804112522359193,0.40771386431807172
TWSE,spike_2024_08,timesfm,fz0_0p01,22,4.4032759708892293,8.0478021409422471
TWSE,spike_2024_08,timesfm,fz0_0p025,22,0.43878041946581431,4.3468368538219808
TWSE,spike_2024_08,timesfm,fz0_0p05,22,-1.2835502813785142,2.8082843090383904
TWSE,spike_2024_08,timesfm,fz0_avg,22,1.1861687029921781,5.0639889832700318
TWSE,spike_2024_08,timesfm,qlike_ex_near_zero,22,0.65804112522359193,0.40771386431807172
TWSE,calm,autoarima,crps,4375,0.0057321179500044641,0.00011754275054895025
TWSE,calm,autoarima,log_score,4375,-3.1457147627012931,0.030718636164342755
TWSE,calm,autoarima,pinball_0p01,4375,0.00047011189516651128,3.7586056058301117e-05
TWSE,calm,autoarima,pinball_0p025,4375,0.00083556819485753047,4.3795694985815509e-05
TWSE,calm,autoarima,pinball_0p05,4375,0.0013084857308887329,4.9558559327606057e-05
TWSE,calm,autoarima,pinball_avg,4375,0.00087138860697092476,4.327439723450561e-05
TWSE,calm,autoarima,qlike,4309,0.53630175027258609,0.021622275045410616
TWSE,calm,autoarima,fz0_0p01,4375,-2.7856591550239789,0.1690977782817682
TWSE,calm,autoarima,fz0_0p025,4375,-3.3267200433695003,0.089827863449192566
TWSE,calm,autoarima,fz0_0p05,4375,-3.6472140128347537,0.058616667697484755
TWSE,calm,autoarima,fz0_avg,4375,-3.2531977370760776,0.10505109529229484
TWSE,calm,autoarima,qlike_ex_near_zero,4307,0.53103233917126469,0.021382324436805909
TWSE,calm,autoets,crps,4375,0.005725744229896375,0.00011726170853554618
TWSE,calm,autoets,log_score,4375,-3.1538708923623973,0.029996391193653171
TWSE,calm,autoets,pinball_0p01,4375,0.00045971795825340068,3.6769608024783232e-05
TWSE,calm,autoets,pinball_0p025,4375,0.00082496267400379054,4.2829664309204149e-05
TWSE,calm,autoets,pinball_0p05,4375,0.001297660912613946,4.8745465810055731e-05
TWSE,calm,autoets,pinball_avg,4375,0.00086078051495704566,4.2364366067962845e-05
TWSE,calm,autoets,qlike,4309,0.53398587504924799,0.022141638706464392
TWSE,calm,autoets,fz0_0p01,4375,-2.8295680018354465,0.16479034432346995
TWSE,calm,autoets,fz0_0p025,4375,-3.3500224355015034,0.087569732546290316
TWSE,calm,autoets,fz0_0p05,4375,-3.6626088923563054,0.057317583497066282
TWSE,calm,autoets,fz0_avg,4375,-3.2807331098977515,0.10242145293803749
TWSE,calm,autoets,qlike_ex_near_zero,4307,0.52873448512189336,0.021903160034337815
TWSE,calm,chronos,crps,4375,0.005740557738224572,0.00011722023673980265
TWSE,calm,chronos,log_score,4375,-3.1170302765526667,0.036196979092569741
TWSE,calm,chronos,pinball_0p01,4375,0.00047921048754859122,3.701019787770302e-05
TWSE,calm,chronos,pinball_0p025,4375,0.00084136788536997252,4.3795425079715822e-05
TWSE,calm,chronos,pinball_0p05,4375,0.0013134904571335264,5.0124919682774757e-05
TWSE,calm,chronos,pinball_avg,4375,0.00087802294335069661,4.3252102281665713e-05
TWSE,calm,chronos,qlike,4309,0.54144995419025299,0.022987659004699321
TWSE,calm,chronos,fz0_0p01,4375,-2.6959402740037923,0.18341339977147333
TWSE,calm,chronos,fz0_0p025,4375,-3.2914390044514712,0.096666521693542687
TWSE,calm,chronos,fz0_0p05,4375,-3.6294301771898345,0.062795381024050065
TWSE,calm,chronos,fz0_avg,4375,-3.2056031518816996,0.11342571665758441
TWSE,calm,chronos,qlike_ex_near_zero,4307,0.53620661401261438,0.022731744623000923
TWSE,calm,ewma,crps,4375,0.0057527200091576315,0.00011345241288111124
TWSE,calm,ewma,log_score,4375,-3.1703968231104405,0.023153871455180157
TWSE,calm,ewma,pinball_0p01,4375,0.00043857297414507627,3.0018760470508088e-05
TWSE,calm,ewma,pinball_0p025,4375,0.00081494284213779681,3.5899039704854391e-05
TWSE,calm,ewma,pinball_0p05,4375,0.001305846340660023,4.2059560659537004e-05
TWSE,calm,ewma,pinball_avg,4375,0.00085312071898096533,3.5504216379899225e-05
TWSE,calm,ewma,qlike,4309,0.56023086323338123,0.016392281868848061
TWSE,calm,ewma,fz0_0p01,4375,-2.9865472930417107,0.12765882539244947
TWSE,calm,ewma,fz0_0p025,4375,-3.4089252829582124,0.069730565992308632
TWSE,calm,ewma,fz0_0p05,4375,-3.6804330776320477,0.046705025697691596
TWSE,calm,ewma,fz0_avg,4375,-3.3586352178773238,0.080585577049695004
TWSE,calm,ewma,qlike_ex_near_zero,4307,0.55485989423292403,0.01596145723923274
TWSE,calm,garch11,crps,4375,0.0057521863856600658,0.00011379236305929858
TWSE,calm,garch11,log_score,4375,-3.1743577752325054,0.021270428280233025
TWSE,calm,garch11,pinball_0p01,4375,0.00043487956985796777,2.9987762588003517e-05
TWSE,calm,garch11,pinball_0p025,4375,0.00080968460592439645,3.6136242442376912e-05
TWSE,calm,garch11,pinball_0p05,4375,0.0013060046647574346,4.2389594519213736e-05
TWSE,calm,garch11,pinball_avg,4375,0.00085018961351326623,3.5697416445436201e-05
TWSE,calm,garch11,qlike,4309,0.56925075855398799,0.016008026638439411
TWSE,calm,garch11,fz0_0p01,4375,-3.039287238733468,0.11519282717336009
TWSE,calm,garch11,fz0_0p025,4375,-3.4339525934293915,0.064124263683365726
TWSE,calm,garch11,fz0_0p05,4375,-3.6884594281504404,0.043567661808445172
TWSE,calm,garch11,fz0_avg,4375,-3.3872330867710998,0.073522733540211077
TWSE,calm,garch11,qlike_ex_near_zero,4307,0.5637138019159964,0.015489760745216435
TWSE,calm,garch11_t,crps,4375,0.0057343393656005184,0.00011359687281723464
TWSE,calm,garch11_t,log_score,4375,-3.2119986840315233,0.017371359209812653
TWSE,calm,garch11_t,pinball_0p01,4375,0.0004178212969104375,2.7539851286501809e-05
TWSE,calm,garch11_t,pinball_0p025,4375,0.00080982927232951763,3.6045299826534156e-05
TWSE,calm,garch11_t,pinball_0p05,4375,0.0013064176602391798,4.3974957103542325e-05
TWSE,calm,garch11_t,pinball_avg,4375,0.00084468940982637838,3.5131018442320709e-05
TWSE,calm,garch11_t,qlike,4309,0.57237941966760308,0.017647951557981625
TWSE,calm,garch11_t,fz0_0p01,4375,-3.1661598125528378,0.095121719198866944
TWSE,calm,garch11_t,fz0_0p025,4375,-3.4544134379546532,0.060753610425206182
TWSE,calm,garch11_t,fz0_0p05,4375,-3.690226632015619,0.04471341717012714
TWSE,calm,garch11_t,fz0_avg,4375,-3.43693329417437,0.065722707912915262
TWSE,calm,garch11_t,qlike_ex_near_zero,4307,0.56683940404464317,0.017188714883627984
TWSE,calm,gjr,crps,4375,0.0057211135625000057,0.00011203710103840076
TWSE,calm,gjr,log_score,4375,-3.1915692885066824,0.020697251046351374
TWSE,calm,gjr,pinball_0p01,4375,0.0004185315928550214,2.8348093369112352e-05
TWSE,calm,gjr,pinball_0p025,4375,0.00078903482351909253,3.4677150748509284e-05
TWSE,calm,gjr,pinball_0p05,4375,0.0012776420909988298,4.1357106920698184e-05
TWSE,calm,gjr,pinball_avg,4375,0.00082840283579098124,3.4289869058391091e-05
TWSE,calm,gjr,qlike,4309,0.54432843035164757,0.016074635934213665
TWSE,calm,gjr,fz0_0p01,4375,-3.1085957169642602,0.10620494106164886
TWSE,calm,gjr,fz0_0p025,4375,-3.4744465273133773,0.060605217521775473
TWSE,calm,gjr,fz0_0p05,4375,-3.7212622224170224,0.042158139497739451
TWSE,calm,gjr,fz0_avg,4375,-3.4347681555648868,0.068805671837907187
TWSE,calm,gjr,qlike_ex_near_zero,4307,0.53884874559406659,0.015598114917745201
TWSE,calm,har,crps,4375,0.0057317718943822584,0.00011635572863959767
TWSE,calm,har,log_score,4375,-3.1566966273400907,0.029067247220454801
TWSE,calm,har,pinball_0p01,4375,0.00045758846591294184,3.4206752572848241e-05
TWSE,calm,har,pinball_0p025,4375,0.00082706602089987894,4.1001459975519333e-05
TWSE,calm,har,pinball_0p05,4375,0.0013090182420998266,4.7707254036935065e-05
TWSE,calm,har,pinball_avg,4375,0.00086455757630421578,4.0576602949801658e-05
TWSE,calm,har,qlike,4309,0.52655810857786622,0.019417582478947239
TWSE,calm,har,fz0_0p01,4375,-2.8805661299739391,0.15343338300160853
TWSE,calm,har,fz0_0p025,4375,-3.3691984543973632,0.082613028677604047
TWSE,calm,har,fz0_0p05,4375,-3.6645704474923324,0.054845725463795687
TWSE,calm,har,fz0_avg,4375,-3.3047783439545446,0.096057272763082582
TWSE,calm,har,qlike_ex_near_zero,4307,0.52119780146197836,0.019085277086941518
TWSE,calm,lgbm,crps,4375,0.0057652012846801043,0.00011745659831790453
TWSE,calm,lgbm,log_score,4375,-3.1377428049536764,0.030313839185465444
TWSE,calm,lgbm,pinball_0p01,4375,0.00044703987152090751,3.5777344681370454e-05
TWSE,calm,lgbm,pinball_0p025,4375,0.00081865827894650196,4.192756670876758e-05
TWSE,calm,lgbm,pinball_0p05,4375,0.0013124072078164715,4.7675724806566355e-05
TWSE,calm,lgbm,pinball_avg,4375,0.00085936845276129374,4.1373320780236688e-05
TWSE,calm,lgbm,qlike,4309,0.58192891561381954,0.020781789668567221
TWSE,calm,lgbm,fz0_0p01,4375,-2.9074879121619954,0.16241379484727503
TWSE,calm,lgbm,fz0_0p025,4375,-3.3762318771547206,0.086056831150808852
TWSE,calm,lgbm,fz0_0p05,4375,-3.6576561076639171,0.056108382132752335
TWSE,calm,lgbm,fz0_avg,4375,-3.3137919656602111,0.10067656914401772
TWSE,calm,lgbm,qlike_ex_near_zero,4307,0.57657162320633448,0.020470560724553836
TWSE,calm,moirai,crps,4375,0.0057348523390856748,0.00011655469692814946
TWSE,calm,moirai,log_score,4375,-3.129516163533705,0.034140698546568662
TWSE,calm,moirai,pinball_0p01,4375,0.00047068565290283654,3.6142837570447739e-05
TWSE,calm,moirai,pinball_0p025,4375,0.00083281698197443927,4.2032252305004851e-05
TWSE,calm,moirai,pinball_0p05,4375,0.001302525124406626,4.8636875123938904e-05
TWSE,calm,moirai,pinball_avg,4375,0.00086867591976130061,4.1842168390168993e-05
TWSE,calm,moirai,qlike,4309,0.52536380251126724,0.021999806173672021
TWSE,calm,moirai,fz0_0p01,4375,-2.7616279559913983,0.17651651041467897
TWSE,calm,moirai,fz0_0p025,4375,-3.3214722152110672,0.092687520808233878
TWSE,calm,moirai,fz0_0p05,4375,-3.6496854365023061,0.060552770371156722
TWSE,calm,moirai,fz0_avg,4375,-3.2442618692349234,0.10898068024677555
TWSE,calm,moirai,qlike_ex_near_zero,4307,0.52014214055959784,0.02173106443628714
TWSE,calm,naive,crps,4375,0.0058568588739679271,0.00011711089815399441
TWSE,calm,naive,log_score,4375,-3.1005563703081607,0.027080468032808423
TWSE,calm,naive,pinball_0p01,4375,0.00047760088986892302,3.7065516093529537e-05
TWSE,calm,naive,pinball_0p025,4375,0.00086760849512053937,4.3095621451437294e-05
TWSE,calm,naive,pinball_0p05,4375,0.0013726993838953394,4.8758864355785083e-05
TWSE,calm,naive,pinball_avg,4375,0.00090596958962826729,4.260460184100037e-05
TWSE,calm,naive,qlike,4309,0.74110882183222282,0.02458986808131957
TWSE,calm,naive,fz0_0p01,4375,-2.8695440765654583,0.14495184006076509
TWSE,calm,naive,fz0_0p025,4375,-3.3211358205688017,0.077509333625382135
TWSE,calm,naive,fz0_0p05,4375,-3.6037877927889781,0.050675127479426096
TWSE,calm,naive,fz0_avg,4375,-3.2648225633077459,0.090474770342317212
TWSE,calm,naive,qlike_ex_near_zero,4307,0.73547095083097136,0.024246092966063504
TWSE,calm,patchtst,crps,4375,0.005805013223053857,0.00012077890173110605
TWSE,calm,patchtst,log_score,4375,-3.023718429082066,0.050788505210055665
TWSE,calm,patchtst,pinball_0p01,4375,0.00051267298697746497,4.2597516053118944e-05
TWSE,calm,patchtst,pinball_0p025,4375,0.000879622560938845,4.822443267781099e-05
TWSE,calm,patchtst,pinball_0p05,4375,0.001353170058165453,5.3342267776510457e-05
TWSE,calm,patchtst,pinball_avg,4375,0.00091515520202725426,4.7683481596417541e-05
TWSE,calm,patchtst,qlike,4309,0.68359353244069998,0.037141509143328727
TWSE,calm,patchtst,fz0_0p01,4375,-2.366945911659168,0.23590379588001079
TWSE,calm,patchtst,fz0_0p025,4375,-3.1171515544961839,0.12015279842620744
TWSE,calm,patchtst,fz0_0p05,4375,-3.5227843840713886,0.075283816682387483
TWSE,calm,patchtst,fz0_avg,4375,-3.0022939500755803,0.14304903806805083
TWSE,calm,patchtst,qlike_ex_near_zero,4307,0.67853732751196605,0.037071677438057386
TWSE,calm,timesfm,crps,4375,0.0057489061366379204,0.00011675629227792157
TWSE,calm,timesfm,log_score,4375,-3.1267615814804253,0.034242159528847814
TWSE,calm,timesfm,pinball_0p01,4375,0.00047479295812013372,3.615701985580799e-05
TWSE,calm,timesfm,pinball_0p025,4375,0.0008403109139987823,4.258296827029989e-05
TWSE,calm,timesfm,pinball_0p05,4375,0.0013125766074396584,4.9140451391681656e-05
TWSE,calm,timesfm,pinball_avg,4375,0.00087589349318619152,4.223156182395089e-05
TWSE,calm,timesfm,qlike,4309,0.54269821673191987,0.021211364195308943
TWSE,calm,timesfm,fz0_0p01,4375,-2.7482442552166666,0.17829535422923823
TWSE,calm,timesfm,fz0_0p025,4375,-3.3101311360134504,0.093552789751019202
TWSE,calm,timesfm,fz0_0p05,4375,-3.6390757781307488,0.060859788007460454
TWSE,calm,timesfm,fz0_avg,4375,-3.2324837231202888,0.11003170354360273
TWSE,calm,timesfm,qlike_ex_near_zero,4307,0.53728417854020882,0.020921179687060944
TWSE,gfc_wide,autoarima,crps,493,0.01087406751586234,0.00040787174835134983
TWSE,gfc_wide,autoarima,log_score,493,-2.5039145174816695,0.049834358364391457
TWSE,gfc_wide,autoarima,pinball_0p01,493,0.00074088229236450305,8.456778972686705e-05
TWSE,gfc_wide,autoarima,pinball_0p025,493,0.0014745577432343576,0.00012088002344121794
TWSE,gfc_wide,autoarima,pinball_0p05,493,0.0023954485464310273,0.00015441253518266393
TWSE,gfc_wide,autoarima,pinball_avg,493,0.0015369628606766294,0.00011784120145860866
TWSE,gfc_wide,autoarima,qlike,493,0.56255826664264719,0.056455590786189849
TWSE,gfc_wide,autoarima,fz0_0p01,493,-2.293741252372242,0.27834464494387184
TWSE,gfc_wide,autoarima,fz0_0p025,493,-2.6418080041050174,0.17099635661460741
TWSE,gfc_wide,autoarima,fz0_0p05,493,-2.9107290476389762,0.12382821274348667
TWSE,gfc_wide,autoarima,fz0_avg,493,-2.6154261013720785,0.18809826815210948
TWSE,gfc_wide,autoarima,qlike_ex_near_zero,493,0.56255826664264719,0.056455590786189849
TWSE,gfc_wide,autoets,crps,493,0.010850700886669264,0.00040503235807173941
TWSE,gfc_wide,autoets,log_score,493,-2.5301728894852182,0.043885148047220324
TWSE,gfc_wide,autoets,pinball_0p01,493,0.00066771000322265767,6.7471098344599599e-05
TWSE,gfc_wide,autoets,pinball_0p025,493,0.0013983122660356029,0.00010260494242768703
TWSE,gfc_wide,autoets,pinball_0p05,493,0.0023105874456698962,0.00013872957437034651
TWSE,gfc_wide,autoets,pinball_avg,493,0.0014588699049760522,0.000100318929189317
TWSE,gfc_wide,autoets,qlike,493,0.52585496024646794,0.04610229819280267
TWSE,gfc_wide,autoets,fz0_0p01,493,-2.5674141098330341,0.19831837305941902
TWSE,gfc_wide,autoets,fz0_0p025,493,-2.7818563238642215,0.13132454945844682
TWSE,gfc_wide,autoets,fz0_0p05,493,-3.0032286624039179,0.10092375164421814
TWSE,gfc_wide,autoets,fz0_avg,493,-2.7841663653670574,0.13992850089722433
TWSE,gfc_wide,autoets,qlike_ex_near_zero,493,0.52585496024646794,0.04610229819280267
TWSE,gfc_wide,chronos,crps,493,0.010854306213833573,0.00041499801347476511
TWSE,gfc_wide,chronos,log_score,493,-2.510558007548402,0.049158678271339885
TWSE,gfc_wide,chronos,pinball_0p01,493,0.00068092758299402676,8.3317200596679623e-05
TWSE,gfc_wide,chronos,pinball_0p025,493,0.0014079455979931904,0.00011779566258833147
TWSE,gfc_wide,chronos,pinball_0p05,493,0.0023829017002506125,0.00015346997484142226
TWSE,gfc_wide,chronos,pinball_avg,493,0.0014905916270792768,0.00011458703537480152
TWSE,gfc_wide,chronos,qlike,493,0.58113665456120966,0.059758829085220844
TWSE,gfc_wide,chronos,fz0_0p01,493,-2.4279648563989311,0.26027403471200017
TWSE,gfc_wide,chronos,fz0_0p025,493,-2.7194626407389686,0.16147949620482197
TWSE,gfc_wide,chronos,fz0_0p05,493,-2.9262082655845041,0.11928392564068284
TWSE,gfc_wide,chronos,fz0_avg,493,-2.6912119209074681,0.17650149759255476
TWSE,gfc_wide,chronos,qlike_ex_near_zero,493,0.58113665456120966,0.059758829085220844
TWSE,gfc_wide,ewma,crps,493,0.010848807711891353,0.00040831966595237487
TWSE,gfc_wide,ewma,log_score,493,-2.5166980110708987,0.045790876264060587
TWSE,gfc_wide,ewma,pinball_0p01,493,0.00064405116287535413,7.2140687783206063e-05
TWSE,gfc_wide,ewma,pinball_0p025,493,0.0013565195196307155,0.00010248573834179466
TWSE,gfc_wide,ewma,pinball_0p05,493,0.0022933515325827191,0.00013724415570548308
TWSE,gfc_wide,ewma,pinball_avg,493,0.0014313074050295962,0.00010063307215521831
TWSE,gfc_wide,ewma,qlike,493,0.54150414965636162,0.051252522009945393
TWSE,gfc_wide,ewma,fz0_0p01,493,-2.5783723844392359,0.22169699286871106
TWSE,gfc_wide,ewma,fz0_0p025,493,-2.8011304558440315,0.13988871027856642
TWSE,gfc_wide,ewma,fz0_0p05,493,-3.0049755378453193,0.10562462089689199
TWSE,gfc_wide,ewma,fz0_avg,493,-2.7948261260428624,0.15250305450756593
TWSE,gfc_wide,ewma,qlike_ex_near_zero,493,0.54150414965636162,0.051252522009945393
TWSE,gfc_wide,garch11,crps,493,0.010882466794191791,0.00041439042808513461
TWSE,gfc_wide,garch11,log_score,493,-2.500088750711702,0.050135336008994141
TWSE,gfc_wide,garch11,pinball_0p01,493,0.00072289254718142782,9.2165647620377582e-05
TWSE,gfc_wide,garch11,pinball_0p025,493,0.0014126780490730758,0.00012291657783321421
TWSE,gfc_wide,garch11,pinball_0p05,493,0.0023512673415296489,0.00015395106385063384
TWSE,gfc_wide,garch11,pinball_avg,493,0.0014956126459280512,0.00012040106070934861
TWSE,gfc_wide,garch11,qlike,493,0.54501650627848841,0.059168531958545476
TWSE,gfc_wide,garch11,fz0_0p01,493,-2.3322167287115803,0.27453577442513444
TWSE,gfc_wide,garch11,fz0_0p025,493,-2.7009226287063957,0.16793075920710815
TWSE,gfc_wide,garch11,fz0_0p05,493,-2.941078933867912,0.12215202855261974
TWSE,gfc_wide,garch11,fz0_avg,493,-2.6580727637619623,0.18566502215713188
TWSE,gfc_wide,garch11,qlike_ex_near_zero,493,0.54501650627848841,0.059168531958545476
TWSE,gfc_wide,garch11_t,crps,493,0.010880519023812874,0.00042169240076693585
TWSE,gfc_wide,garch11_t,log_score,493,-2.5130357989379442,0.045079796323634319
TWSE,gfc_wide,garch11_t,pinball_0p01,493,0.00066739207576518172,7.5216657566673726e-05
TWSE,gfc_wide,garch11_t,pinball_0p025,493,0.0014061526741291311,0.00012002855481767375
TWSE,gfc_wide,garch11_t,pinball_0p05,493,0.0023699286504099523,0.00016036133285507066
TWSE,gfc_wide,garch11_t,pinball_avg,493,0.0014811578001014214,0.00011472415203226462
TWSE,gfc_wide,garch11_t,qlike,493,0.55623193746179023,0.058059221112257205
TWSE,gfc_wide,garch11_t,fz0_0p01,493,-2.5892437457967632,0.18630406413344694
TWSE,gfc_wide,garch11_t,fz0_0p025,493,-2.7568359093595096,0.14695276591950157
TWSE,gfc_wide,garch11_t,fz0_0p05,493,-2.9461222031616487,0.12015283001383747
TWSE,gfc_wide,garch11_t,fz0_avg,493,-2.7640672861059739,0.14742277391286071
TWSE,gfc_wide,garch11_t,qlike_ex_near_zero,493,0.55623193746179023,0.058059221112257205
TWSE,gfc_wide,gjr,crps,493,0.010869885577575889,0.00042286708723597881
TWSE,gfc_wide,gjr,log_score,493,-2.5021474178804848,0.053042865946404075
TWSE,gfc_wide,gjr,pinball_0p01,493,0.00070705686635696692,9.2004792873426699e-05
TWSE,gfc_wide,gjr,pinball_0p025,493,0.0014121533804893084,0.00012602279646203941
TWSE,gfc_wide,gjr,pinball_0p05,493,0.0023561711739947615,0.00015820336549203254
TWSE,gfc_wide,gjr,pinball_avg,493,0.0014917938069470124,0.00012281741904910317
TWSE,gfc_wide,gjr,qlike,493,0.54776397347251382,0.066162485337294019
TWSE,gfc_wide,gjr,fz0_0p01,493,-2.4059674087598504,0.26064863217243139
TWSE,gfc_wide,gjr,fz0_0p025,493,-2.7104164090093534,0.16769662715766467
TWSE,gfc_wide,gjr,fz0_0p05,493,-2.9433412770491314,0.12416257550388189
TWSE,gfc_wide,gjr,fz0_avg,493,-2.6865750316061114,0.18111070722832695
TWSE,gfc_wide,gjr,qlike_ex_near_zero,493,0.54776397347251382,0.066162485337294019
TWSE,gfc_wide,har,crps,493,0.010872170448211014,0.00041517100318750884
TWSE,gfc_wide,har,log_score,493,-2.5019547419281887,0.051249422865348407
TWSE,gfc_wide,har,pinball_0p01,493,0.00070879996662008028,8.6096224561982599e-05
TWSE,gfc_wide,har,pinball_0p025,493,0.0014376663994068999,0.00012252667554751669
TWSE,gfc_wide,har,pinball_0p05,493,0.0023839869666633291,0.00015792606307409593
TWSE,gfc_wide,har,pinball_avg,493,0.0015101511108967698,0.00011958732127610855
TWSE,gfc_wide,har,qlike,493,0.58029349036910594,0.061923431236266986
TWSE,gfc_wide,har,fz0_0p01,493,-2.3873960208439873,0.26971881561028133
TWSE,gfc_wide,har,fz0_0p025,493,-2.6905734544293463,0.1698353475838649
TWSE,gfc_wide,har,fz0_0p05,493,-2.9255192834641441,0.12514706881628299
TWSE,gfc_wide,har,fz0_avg,493,-2.6678295862458259,0.18527490270347202
TWSE,gfc_wide,har,qlike_ex_near_zero,493,0.58029349036910594,0.061923431236266986
TWSE,gfc_wide,lgbm,crps,493,0.010956297833270574,0.00039662669915217541
TWSE,gfc_wide,lgbm,log_score,493,-2.5025249381042642,0.045172374658677489
TWSE,gfc_wide,lgbm,pinball_0p01,493,0.00066512475954166796,7.9220790783438017e-05
TWSE,gfc_wide,lgbm,pinball_0p025,493,0.0013704431752100167,0.00010705468996620659
TWSE,gfc_wide,lgbm,pinball_0p05,493,0.0023139014489822183,0.00013874347983057253
TWSE,gfc_wide,lgbm,pinball_avg,493,0.0014498231279113012,0.00010539133298192867
TWSE,gfc_wide,lgbm,qlike,493,0.62478653289921882,0.053922948050188928
TWSE,gfc_wide,lgbm,fz0_0p01,493,-2.5590963336604262,0.23806912906126418
TWSE,gfc_wide,lgbm,fz0_0p025,493,-2.8178951420584561,0.14526259614427064
TWSE,gfc_wide,lgbm,fz0_0p05,493,-3.0156615525948021,0.10529535494070205
TWSE,gfc_wide,lgbm,fz0_avg,493,-2.7975510094378944,0.16043846796369729
TWSE,gfc_wide,lgbm,qlike_ex_near_zero,493,0.62478653289921882,0.053922948050188928
TWSE,gfc_wide,moirai,crps,493,0.010866189135922674,0.00041613049814764311
TWSE,gfc_wide,moirai,log_score,493,-2.5068147219271473,0.050855038374686579
TWSE,gfc_wide,moirai,pinball_0p01,493,0.00072402760504785277,8.7771071539476813e-05
TWSE,gfc_wide,moirai,pinball_0p025,493,0.0014423773280137974,0.00012379440392007947
TWSE,gfc_wide,moirai,pinball_0p05,493,0.0023995012524359481,0.00016071736382638577
TWSE,gfc_wide,moirai,pinball_avg,493,0.0015219687284991998,0.0001210824674363297
TWSE,gfc_wide,moirai,qlike,493,0.56852739646310801,0.061451544251412159
TWSE,gfc_wide,moirai,fz0_0p01,493,-2.3174337266490035,0.27793781973323139
TWSE,gfc_wide,moirai,fz0_0p025,493,-2.6729732590034798,0.17267084798899585
TWSE,gfc_wide,moirai,fz0_0p05,493,-2.9161780868507381,0.12726243082792629
TWSE,gfc_wide,moirai,fz0_avg,493,-2.6355283575010739,0.18943873653095816
TWSE,gfc_wide,moirai,qlike_ex_near_zero,493,0.56852739646310801,0.061451544251412159
TWSE,gfc_wide,naive,crps,493,0.010998083098605126,0.0004531576942831474
TWSE,gfc_wide,naive,log_score,493,-2.3546220944580112,0.077262606243727008
TWSE,gfc_wide,naive,pinball_0p01,493,0.0010000676634840298,0.00015053334644629443
TWSE,gfc_wide,naive,pinball_0p025,493,0.0017304062069454134,0.00018486985359732379
TWSE,gfc_wide,naive,pinball_0p05,493,0.0026623098513083197,0.00021457660045237531
TWSE,gfc_wide,naive,pinball_avg,493,0.0017975945739125872,0.00018133095729604146
TWSE,gfc_wide,naive,qlike,493,0.95699599618019437,0.12375419812836937
TWSE,gfc_wide,naive,fz0_0p01,493,-1.3830252049785985,0.49083782630454031
TWSE,gfc_wide,naive,fz0_0p025,493,-2.185864040298596,0.27725585974189543
TWSE,gfc_wide,naive,fz0_0p05,493,-2.6264214519166402,0.18809299615193731
TWSE,gfc_wide,naive,fz0_avg,493,-2.0651035657312784,0.31630077471874668
TWSE,gfc_wide,naive,qlike_ex_near_zero,493,0.95699599618019437,0.12375419812836937
TWSE,gfc_wide,patchtst,crps,493,0.011075064590420744,0.00042036453038808979
TWSE,gfc_wide,patchtst,log_score,493,-2.3821820202543238,0.070745240784369084
TWSE,gfc_wide,patchtst,pinball_0p01,493,0.00085904275508337578,0.00012855227507373634
TWSE,gfc_wide,patchtst,pinball_0p025,493,0.0015894668469394963,0.00015658598681959261
TWSE,gfc_wide,patchtst,pinball_0p05,493,0.0025675650178875139,0.00018133658652863467
TWSE,gfc_wide,patchtst,pinball_avg,493,0.0016720248733034621,0.00015315192281753338
TWSE,gfc_wide,patchtst,qlike,493,0.85086579870814205,0.1080616001688413
TWSE,gfc_wide,patchtst,fz0_0p01,493,-1.8088209327938152,0.46328299683896673
TWSE,gfc_wide,patchtst,fz0_0p025,493,-2.4081436822630002,0.25507254609647967
TWSE,gfc_wide,patchtst,fz0_0p05,493,-2.7420745733340959,0.16877672118883785
TWSE,gfc_wide,patchtst,fz0_avg,493,-2.3196797294636369,0.29370669516374009
TWSE,gfc_wide,patchtst,qlike_ex_near_zero,493,0.85086579870814205,0.1080616001688413
TWSE,gfc_wide,timesfm,crps,493,0.010892073851766141,0.0004190030600661673
TWSE,gfc_wide,timesfm,log_score,493,-2.4894022806607792,0.053415011023905029
TWSE,gfc_wide,timesfm,pinball_0p01,493,0.00075768882937325254,9.5100210064228457e-05
TWSE,gfc_wide,timesfm,pinball_0p025,493,0.0014673325531725414,0.00013306171215537657
TWSE,gfc_wide,timesfm,pinball_0p05,493,0.0024033129612237264,0.00016780170165993984
TWSE,gfc_wide,timesfm,pinball_avg,493,0.0015427781145898401,0.00012942882551880878
TWSE,gfc_wide,timesfm,qlike,493,0.60403885443432748,0.064580536851582576
TWSE,gfc_wide,timesfm,fz0_0p01,493,-2.2097919654776126,0.29686292235743217
TWSE,gfc_wide,timesfm,fz0_0p025,493,-2.6264126146796909,0.18594139130895565
TWSE,gfc_wide,timesfm,fz0_0p05,493,-2.9011725757470193,0.13527329262787868
TWSE,gfc_wide,timesfm,fz0_avg,493,-2.5791257186347738,0.20333732729856907
TWSE,gfc_wide,timesfm,qlike_ex_near_zero,493,0.60403885443432748,0.064580536851582576
