asset,model,cost_bps,periods_per_year,n_periods,n_flat,annual_return,annual_vol,sharpe,gross_sharpe,max_drawdown,avg_leverage,annual_turnover,annual_cost_drag,ruined,sharpe_diff_vs_baseline,block_length,n_boot,n_boot_finite,ci_low,ci_high,seed,ci_excludes_zero
BTC-USD,autoarima,0,365,2791,0,0.10461729420282251,0.10395199274484192,1.009158407792712,1.009158407792712,0.19953302420722463,0.19611687549932674,12.760965853901656,0,False,0.085866953849768501,12,10000,10000,-0.13939731248974394,0.26309372359734123,1058368984,False
BTC-USD,autoets,0,365,2791,0,0.10252705290040787,0.10383158663112337,0.9919388636841947,0.9919388636841947,0.19415775153189008,0.19313911560841959,7.1851937654133504,0,False,0.068647409741251164,4,10000,10000,-0.17212910473529899,0.27440443504227696,373754596,False
BTC-USD,chronos,0,365,2791,0,0.11968503896848581,0.11057795558038692,1.07771108203718,1.07771108203718,0.18866607395946755,0.21117765015089002,11.199520490580737,0,False,0.15441962809423648,4,10000,10000,-0.033027217165890528,0.3203046679297713,2125415432,False
BTC-USD,ewma,0,365,2791,0,0.10477800424151029,0.11045179637223729,0.95746060573524139,0.95746060573524139,0.19976986170370992,0.19864331925217921,2.6008111493953843,0,False,0.034169151792297847,12,10000,10000,-0.13616134089253359,0.17679468355936981,2098214342,False
BTC-USD,garch11,0,365,2791,0,0.090046409376757897,0.098667854399263261,0.92329145394294354,0.92329145394294354,0.17489543949958763,0.17705775425671871,3.4227998540400559,0,False,0,0,0,0,0,0,0,False
BTC-USD,garch11_t,0,365,2791,0,0.084562439330487127,0.095366380375739329,0.89893132610024895,0.89893132610024895,0.17686241762583588,0.16698573087973581,2.5240798801699258,0,False,-0.02436012784269459,3,10000,10000,-0.14488097007060852,0.083611707371036209,56083513,False
BTC-USD,gjr,0,365,2791,0,0.10494255230335359,0.10115359636786708,1.0372185842898782,1.0372185842898782,0.17102010545545576,0.18016020340421229,3.4979346346577764,0,False,0.11392713034693469,46,10000,10000,0.013259938224226405,0.18310600066810495,745780364,True
BTC-USD,har,0,365,2791,0,0.099798644278759063,0.10286038790100036,0.97626805827755891,0.97626805827755891,0.18937412849785962,0.1919235592215158,10.745590424266478,0,False,0.052976604334615374,3,10000,10000,-0.12308305049854359,0.21113008488343299,408523017,False
BTC-USD,lgbm,0,365,2791,0,0.095645185294604307,0.1027205507017975,0.94059060573702136,0.94059060573702136,0.17682964705621496,0.19249475801215798,11.409706834121714,0,False,0.017299151794077816,4,10000,10000,-0.21664054818199022,0.23089299229019628,1207216748,False
BTC-USD,moirai,0,365,2791,0,0.11277740684853566,0.11076457849921693,1.0201358685539135,1.0201358685539135,0.20641584943512514,0.21570403248943473,14.57098325372406,0,False,0.096844414610969931,2,10000,10000,-0.073554860721092338,0.26376051507658782,111875991,False
BTC-USD,naive,0,365,2791,0,0.08734746579143926,0.095441032246972785,0.92525935741776655,0.92525935741776655,0.15682809681889409,0.16478218846652298,0.11448831341144973,0,False,0.0019679034748230073,28,10000,10000,-0.1341529717582752,0.12121950465541453,1528557106,False
BTC-USD,patchtst,0,365,2791,0,0.12056526539815904,0.11590666909019033,1.0401355366320897,1.0401355366320897,0.19381140823346876,0.19831024663538901,0.99941529856086331,0,False,0.11684408268914614,40,10000,10000,-0.15905567280030239,0.39309938025541619,8557381,False
BTC-USD,timesfm,0,365,2791,0,0.11098892123518822,0.10854743875342307,1.0240015626976522,1.0240015626976522,0.20030988156189355,0.21014376160078133,12.126343254238352,0,False,0.10071010875470865,4,10000,10000,-0.062006253987589736,0.25070596897393149,51397607,False
BTC-USD,autoarima,1,365,2791,0,0.10320924110549234,0.10394944341726194,0.99690702992898872,1.009158407792712,0.20023371048763794,0.19611687549932674,12.760965853901656,0.0012760965853901656,False,0.077077506680114261,12,10000,10000,-0.15270935373403263,0.25765915536690637,1842042399,False
BTC-USD,autoets,1,365,2791,0,0.10173564267709145,0.10382897371001028,0.9850436060989558,0.9919388636841947,0.19465958222707391,0.19313911560841959,7.1851937654133504,0.00071851937654133504,False,0.065214082850081345,4,10000,10000,-0.17816107116995639,0.26659334534738105,398706024,False
BTC-USD,chronos,1,365,2791,0,0.11843252932126003,0.11057458561470888,1.067615451169609,1.07771108203718,0.18920368456980496,0.21117765015089002,11.199520490580737,0.0011199520490580738,False,0.14778592792073453,4,10000,10000,-0.035893298092010452,0.31373280359342265,2009314242,False
BTC-USD,ewma,1,365,2791,0,0.10449080028504643,0.11045163766483385,0.95510727567741405,0.95746060573524139,0.19994963510278652,0.19864331925217921,2.6008111493953843,0.00026008111493953842,False,0.035277752428539588,12,10000,10000,-0.13318999153573327,0.17791773975022232,1758757512,False
BTC-USD,garch11,1,365,2791,0,0.089673536053693104,0.09866709478922292,0.91982952324887446,0.92329145394294354,0.174956565415746,0.17705775425671871,3.4227998540400559,0.00034227998540400559,False,0,0,0,0,0,0,0,False
BTC-USD,garch11_t,1,365,2791,0,0.084288814026663772,0.095366039515627513,0.89628781086709974,0.89893132610024895,0.17695265607363253,0.16698573087973581,2.5240798801699258,0.00025240798801699261,False,-0.023541712381774715,3,10000,10000,-0.13972509143736347,0.083934767388715414,235028103,False
BTC-USD,gjr,1,365,2791,0,0.10455625391991141,0.10115327562117857,1.033763819460034,1.0372185842898782,0.17110446302939242,0.18016020340421229,3.4979346346577764,0.00034979346346577768,False,0.11393429621115958,46,10000,10000,0.014622634510975879,0.18293121413275634,998432188,True
BTC-USD,har,1,365,2791,0,0.098618094623228902,0.10285747676034965,0.96584862137757332,0.97626805827755891,0.19000679035934054,0.1919235592215158,10.745590424266478,0.0010745590424266478,False,0.046019098128698865,3,10000,10000,-0.13137092691132946,0.20471854975741877,1793161531,False
BTC-USD,lgbm,1,365,2791,0,0.094396310728264154,0.1027185856085932,0.92950086644149188,0.94059060573702136,0.17739361222485883,0.19249475801215798,11.409706834121714,0.0011409706834121715,False,0.0096713431926174209,4,10000,10000,-0.22541351260775702,0.22196496232965554,1854890366,False
BTC-USD,moirai,1,365,2791,0,0.1111578261051831,0.11076283362580501,1.0069968193821004,1.0201358685539135,0.20709676067806215,0.21570403248943473,14.57098325372406,0.0014570983253724061,False,0.087167296133225936,2,10000,10000,-0.082780254871961736,0.25765408971453779,1516519040,False
BTC-USD,naive,1,365,2791,0,0.087335027422279277,0.095440955546727491,0.92514014377770692,0.92525935741776655,0.15683460781735792,0.16478218846652298,0.11448831341144973,1.1448831341144974e-05,False,0.0053106205288324659,28,10000,10000,-0.12874370429229079,0.12616586727558673,386795232,False
BTC-USD,patchtst,1,365,2791,0,0.12045318952900441,0.11590762064740621,1.0392647459302558,1.0401355366320897,0.19387836305362327,0.19831024663538901,0.99941529856086331,9.9941529856086331e-05,False,0.11943522268138129,40,10000,10000,-0.16034138213778112,0.40469648619243664,324673011,False
BTC-USD,timesfm,1,365,2791,0,0.10964328671021328,0.10854406690290912,1.0128615568020749,1.0240015626976522,0.20090315077734833,0.21014376160078133,12.126343254238352,0.0012126343254238354,False,0.093032033553200444,4,10000,10000,-0.070254374893254021,0.24319257829899571,1360727658,False
BTC-USD,autoarima,5,365,2791,0,0.097594847994392886,0.1039397490294936,0.94789092217604531,1.009158407792712,0.20303035915777512,0.19611687549932674,12.760965853901656,0.0063804829269508301,False,0.041910400237418877,12,10000,10000,-0.18656464795376307,0.21854715780547679,900538142,False
BTC-USD,autoets,5,365,2791,0,0.098575640116355334,0.10381872279754242,0.95745725333706255,0.9919388636841947,0.19666379729422778,0.19313911560841959,7.1851937654133504,0.0035925968827066755,False,0.051476731398436115,4,10000,10000,-0.18988691688691489,0.24991234902912118,1446236705,False
BTC-USD,chronos,5,365,2791,0,0.11343639274546935,0.11056155269444329,1.0272226207475799,1.07771108203718,0.19135058839026009,0.21117765015089002,11.199520490580737,0.0055997602452903684,False,0.12124209880895342,4,10000,10000,-0.055306549805026119,0.28641445228833046,1344155276,False
BTC-USD,ewma,5,365,2791,0,0.10334272265859945,0.11045105369267968,0.94569345236887425,0.95746060573524139,0.20066832887811148,0.19864331925217921,2.6008111493953843,0.0013004055746976923,False,0.039712930430247817,12,10000,10000,-0.13030889358994321,0.18145438379859316,864043735,False
BTC-USD,garch11,5,365,2791,0,0.088183305624600861,0.098664137532927895,0.90598052193862644,0.92329145394294354,0.17520102425707373,0.17705775425671871,3.4227998540400559,0.001711399927020028,False,0,0,0,0,0,0,0,False
BTC-USD,garch11_t,5,365,2791,0,0.08319499418650711,0.095364742910729175,0.88571294021656888,0.89893132610024895,0.17731351215981472,0.16698573087973581,2.5240798801699258,0.0012620399400849632,False,-0.020267581722057559,3,10000,10000,-0.13680635483541953,0.085842851903588369,527030021,False
BTC-USD,gjr,5,365,2791,0,0.10301239813658736,0.10115207001044935,1.0199437608397162,1.0372185842898782,0.17144180869810333,0.18016020340421229,3.4979346346577764,0.0017489673173288886,False,0.11396323890108973,46,10000,10000,0.013854566760588157,0.18442672311610112,1218340447,True
BTC-USD,har,5,365,2791,0,0.09390847900719268,0.1028461976005355,0.92416169168278528,0.97626805827755891,0.19253252781054486,0.1919235592215158,10.745590424266478,0.0053727952121332386,False,0.018181169744158843,3,10000,10000,-0.15641463102377523,0.17547604376855672,481920213,False
BTC-USD,lgbm,5,365,2791,0,0.08941494171618336,0.10271118163478488,0.88513373268791229,0.94059060573702136,0.17964562892184699,0.19249475801215798,11.409706834121714,0.0057048534170608565,False,-0.020846789250714148,4,10000,10000,-0.25377080402921687,0.19700465689548738,468885184,False
BTC-USD,moirai,5,365,2791,0,0.10470285471610263,0.11075685146030979,0.95442788840314974,1.0201358685539135,0.20981459594474738,0.21570403248943473,14.57098325372406,0.0072854916268620309,False,0.0484473664645233,2,10000,10000,-0.12891707982117956,0.21233926072179493,1201369789,False
BTC-USD,naive,5,365,2791,0,0.087285275175889687,0.09544065055858425,0.92466326973793989,0.92525935741776655,0.1568606513141122,0.16478218846652298,0.11448831341144973,5.7244156705724869e-05,False,0.018682747799313448,28,10000,10000,-0.11843622127233877,0.13633971942117681,246520554,False
BTC-USD,patchtst,5,365,2791,0,0.12000498603909837,0.11591151744071619,1.0357809168143088,1.0401355366320897,0.19414613102133016,0.19831024663538901,0.99941529856086331,0.00049970764928043167,False,0.1298003948756824,40,10000,10000,-0.14930393950245818,0.41840415758145283,413854407,False
BTC-USD,timesfm,5,365,2791,0,0.10427690903978015,0.10853119518749733,0.96828911818083385,1.0240015626976522,0.20327185291139693,0.21014376160078133,12.126343254238352,0.0060631716271191769,False,0.062308596242207415,4,10000,10000,-0.10118201425364824,0.20800926536030531,309721307,False
BTC-USD,autoarima,10,365,2791,0,0.09061678195698053,0.10392876287892937,0.88659827249847667,1.009158407792712,0.20651249253991943,0.19611687549932674,12.760965853901656,0.01276096585390166,False,-0.0020681848694341642,12,10000,10000,-0.22634987363236006,0.17339868384400622,129089131,False
BTC-USD,autoets,10,365,2791,0,0.094638293249341032,0.10380636100457177,0.92296263316436455,0.9919388636841947,0.19916208813088532,0.19313911560841959,7.1851937654133504,0.0071851937654133511,False,0.034296175796453721,4,10000,10000,-0.2076224233228445,0.24379752039689248,1590820850,False
BTC-USD,chronos,10,365,2791,0,0.10722238666133532,0.11054626745694589,0.9767093014648246,1.07771108203718,0.1940262736276589,0.21117765015089002,11.199520490580737,0.011199520490580737,False,0.088042844096913764,4,10000,10000,-0.098413998606155212,0.25191267434077741,1704449696,False
BTC-USD,ewma,10,365,2791,0,0.10190928516640163,0.11045043815823097,0.93392506566553035,0.95746060573524139,0.20156579716048628,0.19864331925217921,2.6008111493953843,0.0026008111493953847,False,0.045258608297619518,12,10000,10000,-0.11955122993030536,0.19007668447082296,1546797288,False
BTC-USD,garch11,10,365,2791,0,0.086323355853391348,0.098660623639796122,0.88866645736791083,0.92329145394294354,0.17550649698070864,0.17705775425671871,3.4227998540400559,0.0034227998540400559,False,0,0,0,0,0,0,0,False
BTC-USD,garch11_t,10,365,2791,0,0.081829251223791477,0.095363272539597602,0.87249257162211558,0.89893132610024895,0.17776436250969518,0.16698573087973581,2.5240798801699258,0.0025240798801699263,False,-0.016173885745795258,3,10000,10000,-0.1362146536101268,0.091087772249177607,1292944719,False
BTC-USD,gjr,10,365,2791,0,0.10108558490343444,0.10115073709814822,1.0026664984896863,1.0372185842898782,0.17186330043596132,0.18016020340421229,3.4979346346577764,0.0034979346346577771,False,0.11400004112177542,46,10000,10000,0.013046125228484695,0.18114646218439623,2074013193,True
BTC-USD,har,10,365,2791,0,0.088049671315764355,0.10283292102956501,0.87203319567026594,0.97626805827755891,0.19567868056676563,0.1919235592215158,10.745590424266478,0.010745590424266477,False,-0.016633261697644897,3,10000,10000,-0.1911163967979807,0.14604631056281009,494538562,False
BTC-USD,lgbm,10,365,2791,0,0.083219902205246665,0.1027029537458068,0.82965752263577264,0.94059060573702136,0.18245202039967279,0.19249475801215798,11.409706834121714,0.011409706834121713,False,-0.059008934732138196,4,10000,10000,-0.28765311257020049,0.16208573090541994,834464892,False
BTC-USD,moirai,10,365,2791,0,0.096686431188480304,0.11075161802459504,0.88869072970767204,1.0201358685539135,0.21319885517729054,0.21570403248943473,14.57098325372406,0.014570983253724062,False,2.4272339761211015e-05,2,10000,10000,-0.17428916180137047,0.16687450797994074,1660556413,False
BTC-USD,naive,10,365,2791,0,0.087223087635868612,0.095440273402323125,0.92406713340957569,0.92525935741776655,0.15689320456657518,0.16478218846652298,0.11448831341144973,0.00011448831341144974,False,0.035400676041664858,28,10000,10000,-0.10287151244847575,0.15424181539360499,1100760720,False
BTC-USD,patchtst,10,365,2791,0,0.11944495658699794,0.11591659218507339,1.031424646817714,1.0401355366320897,0.19448072555400642,0.19831024663538901,0.99941529856086331,0.00099941529856086334,False,0.14275818944980312,40,10000,10000,-0.12965844157914816,0.42013597517190909,47021884,False
BTC-USD,timesfm,10,365,2791,0,0.097605153498651065,0.10851649124111497,0.91254704721391899,1.0240015626976522,0.20622291149900362,0.21014376160078133,12.126343254238352,0.012126343254238354,False,0.02388058984600816,4,10000,10000,-0.13980726536080806,0.17754102184859244,914348914,False
CAC,autoarima,0,252,5038,0,0.0039399284981471716,0.1048493935063623,0.090016726417488688,0.090016726417488688,0.3179183348223088,0.64081566176841798,14.289016821369463,0,False,-0.085062658962192686,79,10000,10000,-0.17399983975187719,0.01284276744339689,1880734270,False
CAC,autoets,0,252,5038,0,0.0053723490893988757,0.10411772560194113,0.10360358591732395,0.10360358591732395,0.31816779503662251,0.64308982636712542,11.707904169002596,0,False,-0.071475799462357423,95,10000,10000,-0.15915221483802824,0.035665989601038832,1951508898,False
CAC,chronos,0,252,5038,0,0.0064917336710625939,0.10819878747720005,0.11398564605158261,0.11398564605158261,0.34897760183267934,0.65345834868879804,13.869869522563191,0,False,-0.061093739328098765,55,10000,10000,-0.149824390904507,0.024700869533484764,1901004884,False
CAC,ewma,0,252,5038,0,0.0069796303161400175,0.10531613545542316,0.11879781755039458,0.11879781755039458,0.31288295443755021,0.63101785814404521,5.1580181435738677,0,False,-0.056281567829286797,101,10000,10000,-0.1267567556668952,0.016436719405029873,1657777904,False
CAC,garch11,0,252,5038,0,0.012705445792577486,0.10167178916557891,0.17507938537968137,0.17507938537968137,0.31798751061207509,0.6035359003462385,8.384492893612661,0,False,0,0,0,0,0,0,0,False
CAC,garch11_t,0,252,5038,0,0.011039732800959268,0.10107759287627635,0.1592287905471915,0.1592287905471915,0.31837832524671283,0.60015105607144326,7.8732753069096564,0,False,-0.015850594832489878,127,10000,10000,-0.031335496214818848,-0.0017732456735593304,2070492380,True
CAC,gjr,0,252,5038,0,0.010082575905869806,0.1019793369204797,0.14942885876111553,0.14942885876111553,0.34071985663291338,0.62565879045677708,9.9697881011595975,0,False,-0.025650526618565844,42,10000,10000,-0.08691777910839546,0.033826235968881471,251583225,False
CAC,har,0,252,5038,0,0.0086975446294101921,0.10411241075227969,0.13531589637522451,0.13531589637522451,0.31758326157589389,0.63394037426579086,14.685124564298906,0,False,-0.039763489004456865,77,10000,10000,-0.1170860427056713,0.041144968433459543,1652664253,False
CAC,lgbm,0,252,5038,0,0.0020384015261944999,0.10085852053219259,0.070722716280245373,0.070722716280245373,0.27068935380630332,0.59083164474674554,16.449169743210259,0,False,-0.104356669099436,79,10000,10000,-0.22102110828401328,0.010561411469750556,1442652875,False
CAC,moirai,0,252,5038,0,0.0065941515769669667,0.10916063284262192,0.11488463270677107,0.11488463270677107,0.35795061146407414,0.66458907631740205,14.918004029666173,0,False,-0.060194752672910301,80,10000,10000,-0.14912141942970458,0.028972032259708798,678505751,False
CAC,naive,0,252,5038,0,0.0084035706019285339,0.10655598276604532,0.13195728785497013,0.13195728785497013,0.33942926522951467,0.53519326014139279,0.27498874888976438,0,False,-0.043122097524711245,108,10000,10000,-0.17837632531225464,0.096212885348378824,403115575,False
CAC,patchtst,0,252,5038,0,0.020115704239744625,0.12106650876062991,0.22515612216125211,0.22515612216125211,0.28542702543084353,0.66378804895864285,2.0674284143132358,0,False,0.050076736781570735,61,10000,10000,-0.083057603297189808,0.19216164438772035,152282111,False
CAC,timesfm,0,252,5038,0,0.007779666666999141,0.10606018705261362,0.12618671416261573,0.12618671416261573,0.33988498247097099,0.63815722085900695,14.516529617161,0,False,-0.048892671217065642,59,10000,10000,-0.136627092903432,0.031504091318576649,1929056159,False
CAC,autoarima,1,252,5038,0,0.0025065433915421043,0.10484803292727769,0.076389582756598837,0.090016726417488688,0.32023991676173813,0.64081566176841798,14.289016821369463,0.0014289016821369461,False,-0.090442808958473189,79,10000,10000,-0.17820230013051103,0.0021853486471522937,541110633,False
CAC,autoets,1,252,5038,0,0.0041960076053544348,0.1041171303626653,0.09235924270599187,0.10360358591732395,0.31910756283881692,0.64308982636712542,11.707904169002596,0.0011707904169002597,False,-0.074473149009080156,95,10000,10000,-0.16505760429546196,0.031377237975572514,1402660868,False
CAC,chronos,1,252,5038,0,0.00509662925942167,0.10819951688533602,0.10116608701617694,0.11398564605158261,0.3520382595893613,0.65345834868879804,13.869869522563191,0.0013869869522563191,False,-0.065666304698895089,55,10000,10000,-0.15417082221596234,0.017017813769119598,722747955,False
CAC,ewma,1,252,5038,0,0.0064603511344285547,0.10531623470749744,0.11390005789615124,0.11879781755039458,0.31412018781671991,0.63101785814404521,5.1580181435738677,0.00051580181435738684,False,-0.05293233381892079,101,10000,10000,-0.12380620444220265,0.020339506971497202,1810519452,False
CAC,garch11,1,252,5038,0,0.011856700183192848,0.10167201281373477,0.16683239171507203,0.17507938537968137,0.31972808730571056,0.6035359003462385,8.384492893612661,0.00083844928936126618,False,0,0,0,0,0,0,0,False
CAC,garch11_t,1,252,5038,0,0.010244034900736887,0.10107767829912379,0.15143932460657461,0.1592287905471915,0.31981821913078501,0.60015105607144326,7.8732753069096564,0.00078732753069096577,False,-0.015393067108497416,127,10000,10000,-0.031437274486192032,-0.0018660841958578556,498896672,True
CAC,gjr,1,252,5038,0,0.0090760359695833959,0.10197960405740451,0.13965221040777867,0.14942885876111553,0.34307035399135932,0.62565879045677708,9.9697881011595975,0.0009969788101159597,False,-0.027180181307293355,42,10000,10000,-0.088707256238086313,0.034988312497460441,14027918,False
CAC,har,1,252,5038,0,0.0072172305176669838,0.10411363614796733,0.12120940344803019,0.13531589637522451,0.31883815376238234,0.63394037426579086,14.685124564298906,0.0014685124564298904,False,-0.045622988267041836,77,10000,10000,-0.12418542292032547,0.034533592950791156,1820918686,False
CAC,lgbm,1,252,5038,0,0.00039126782840859242,0.10086042152970701,0.054412538382125418,0.070722716280245373,0.27452023649445179,0.59083164474674554,16.449169743210259,0.0016449169743210262,False,-0.1124198533329466,79,10000,10000,-0.22849312625274215,0.0011309746189261272,1374258371,False
CAC,moirai,1,252,5038,0,0.0050934611186659318,0.10916219272195236,0.10121708378778968,0.11488463270677107,0.36087161115517319,0.66458907631740205,14.918004029666173,0.0014918004029666177,False,-0.065615307927282346,80,10000,10000,-0.15378552055497585,0.025453687389280291,1980835515,False
CAC,naive,1,252,5038,0,0.0083758679491705568,0.10655572426253514,0.13169953761530018,0.13195728785497013,0.3394917311784289,0.53519326014139279,0.27498874888976438,2.7498874888976444e-05,False,-0.035132854099771849,108,10000,10000,-0.16866495389158759,0.10146976176541707,1808952194,False
CAC,patchtst,1,252,5038,0,0.01990498377544947,0.1210653206052732,0.22345063523942851,0.22515612216125211,0.28561453699749484,0.66378804895864285,2.0674284143132358,0.00020674284143132356,False,0.056618243524356487,61,10000,10000,-0.07536868713261427,0.19310365334492877,1626326723,False
CAC,timesfm,1,252,5038,0,0.0063174633366198663,0.10606323797571804,0.11249641038356045,0.12618671416261573,0.34271426918868086,0.63815722085900695,14.516529617161,0.0014516529617161003,False,-0.054335981331511574,59,10000,10000,-0.13791859231706341,0.02355192366058334,861383652,False
CAC,autoarima,5,252,5038,0,-0.0032067410958628306,0.10484354322855706,0.021877272447926494,0.090016726417488688,0.33167051725611429,0.64081566176841798,14.289016821369463,0.0071445084106847301,False,-0.11196688567742176,79,10000,10000,-0.19940866948372607,-0.021874322645900359,1293393919,True
CAC,autoets,5,252,5038,0,-0.00049573679754821853,0.10411544111920375,0.047380269366268796,0.10360358591732395,0.32285376200246996,0.64308982636712542,11.707904169002596,0.0058539520845012991,False,-0.086463888759079455,95,10000,10000,-0.17316977663559735,0.017601366764585298,877499879,False
CAC,chronos,5,252,5038,0,-0.00046466694958957611,0.10820348018930651,0.049889097114627058,0.11398564605158261,0.36413797727237895,0.65345834868879804,13.869869522563191,0.006934934761281597,False,-0.083955061010721199,55,10000,10000,-0.17434829299460383,0.0026134300352223167,1875481308,False
CAC,ewma,5,252,5038,0,0.004385874290304459,0.10531687741139063,0.094308891578329557,0.11879781755039458,0.31904692521343925,0.63101785814404521,5.1580181435738677,0.0025790090717869338,False,-0.039535266547018694,101,10000,10000,-0.11230018690306011,0.032712811240928216,492030648,False
CAC,garch11,5,252,5038,0,0.0084687485453103228,0.10167337970784784,0.13384415812534825,0.17507938537968137,0.3266461644317129,0.6035359003462385,8.384492893612661,0.0041922464468063308,False,0,0,0,0,0,0,0,False
CAC,garch11_t,5,252,5038,0,0.0070674323120873961,0.10107844751507684,0.12028108375766869,0.1592287905471915,0.32554750162566248,0.60015105607144326,7.8732753069096564,0.0039366376534548291,False,-0.013563074367679562,127,10000,10000,-0.029030957668728354,0.00011991409487529575,1150550145,False
CAC,gjr,5,252,5038,0,0.0050597747672020965,0.10198147159053644,0.1005453414501845,0.14942885876111553,0.35323789981396569,0.62565879045677708,9.9697881011595975,0.0049848940505797992,False,-0.033298816675163753,42,10000,10000,-0.095032535400574075,0.029855043724662893,1991924094,False
CAC,har,5,252,5038,0,0.0013174790007068893,0.10411951456360539,0.064786144373157745,0.13531589637522451,0.32383479969451134,0.63394037426579086,14.685124564298906,0.0073425622821494526,False,-0.069058013752190506,77,10000,10000,-0.14537203764927664,0.0089511530502854875,1658192535,False
CAC,lgbm,5,252,5038,0,-0.0061704442349814759,0.10086903570574028,-0.010821917072212577,0.070722716280245373,0.3080977001927091,0.59083164474674554,16.449169743210259,0.0082245848716051301,False,-0.14466607519756083,80,10000,10000,-0.25772093948468161,-0.032864967795722448,1653760865,True
CAC,moirai,5,252,5038,0,-0.00088714070051143512,0.1091692708808874,0.046550436348292243,0.11488463270677107,0.37242354432566871,0.66458907631740205,14.918004029666173,0.0074590020148330872,False,-0.087293721777056008,80,10000,10000,-0.1768805791461294,0.0016077767337603795,650143538,False
CAC,naive,5,252,5038,0,0.00826506181292741,0.10655471952780103,0.13066848824514699,0.13195728785497013,0.33974153624388537,0.53519326014139279,0.27498874888976438,0.00013749437444488221,False,-0.0031756698802012651,108,10000,10000,-0.13331656367931188,0.13322664273261073,299271078,False
CAC,patchtst,5,252,5038,0,0.01906246629881081,0.12106112973328538,0.21662734757858076,0.22515612216125211,0.28636412603766948,0.66378804895864285,2.0674284143132358,0.0010337142071566178,False,0.082783189453232514,61,10000,10000,-0.050680115583734454,0.217721343910316,1932410286,False
CAC,timesfm,5,252,5038,0,0.00048963496311538179,0.10607653211433889,0.057742476841710827,0.12618671416261573,0.3539109220980059,0.63815722085900695,14.516529617161,0.0072582648085805007,False,-0.076101681283637423,59,10000,10000,-0.16289591053668342,0.001126623134328269,2028934777,False
CAC,autoarima,10,252,5038,0,-0.010302983500503737,0.1048400747047932,-0.046268735163786136,0.090016726417488688,0.36085561735921856,0.64081566176841798,14.289016821369463,0.01428901682136946,False,-0.13887788071807117,79,10000,10000,-0.22310061079962232,-0.047830632659382144,1945487069,True
CAC,autoets,10,252,5038,0,-0.0063298860094503917,0.10411488597335984,-0.0088453676001832588,0.10360358591732395,0.33342574045738005,0.64308982636712542,11.707904169002596,0.011707904169002598,False,-0.1014545131544683,95,10000,10000,-0.18433225762831715,0.00044690722446915314,1033310643,False
CAC,chronos,10,252,5038,0,-0.0073734584909934675,0.1082107868418148,-0.014201549354068966,0.11398564605158261,0.3789460520190564,0.65345834868879804,13.869869522563191,0.013869869522563194,False,-0.106810694908354,55,10000,10000,-0.19752728591668689,-0.020770670261351404,1436282156,True
CAC,ewma,10,252,5038,0,0.0017987080373935704,0.10531823359662468,0.069819903451246237,0.11879781755039458,0.32515570351663237,0.63101785814404521,5.1580181435738677,0.0051580181435738675,False,-0.022789242103038801,101,10000,10000,-0.092064076658926047,0.049436137966606265,1408304427,False
CAC,garch11,10,252,5038,0,0.0042495850946853153,0.10167615096318905,0.092609145554285038,0.17507938537968137,0.33519508450506363,0.6035359003462385,8.384492893612661,0.0083844928936126616,False,0,0,0,0,0,0,0,False
CAC,garch11_t,10,252,5038,0,0.0031105686486601059,0.10108037094291666,0.08133317558602951,0.1592287905471915,0.33264142194783386,0.60015105607144326,7.8732753069096564,0.0078732753069096582,False,-0.011275969968255528,127,10000,10000,-0.027173320765613684,0.0025578298183204663,2068923329,False
CAC,gjr,10,252,5038,0,6.1647876827608528e-05,0.10198560362779278,0.051662858723788813,0.14942885876111553,0.36607772860397347,0.62565879045677708,9.9697881011595975,0.0099697881011595983,False,-0.040946286830496226,42,10000,10000,-0.1031680834051539,0.020385408477623268,1156408273,False
CAC,har,10,252,5038,0,-0.0060090564265580237,0.10412906012633898,-0.0057338496942564345,0.13531589637522451,0.33603128874272603,0.63394037426579086,14.685124564298906,0.014685124564298905,False,-0.098342995248541468,77,10000,10000,-0.17462260125181203,-0.020240530367449099,265802930,True
CAC,lgbm,10,252,5038,0,-0.014312557990567187,0.10088207583626402,-0.092347239427222644,0.070722716280245373,0.37952374644407028,0.59083164474674554,16.449169743210259,0.01644916974321026,False,-0.18495638498150768,80,10000,10000,-0.29521828557272772,-0.075420904571939909,208661304,True
CAC,moirai,10,252,5038,0,-0.0083132762177233754,0.10918000520286472,-0.021772528908438747,0.11488463270677107,0.38657077385799687,0.66458907631740205,14.918004029666173,0.014918004029666174,False,-0.11438167446272379,80,10000,10000,-0.20738900576213518,-0.023832465232043118,1400370585,True
CAC,naive,10,252,5038,0,0.0081265642079078049,0.10655352948935831,0.12937956919592541,0.13195728785497013,0.34005366047391516,0.53519326014139279,0.27498874888976438,0.00027498874888976443,False,0.036770423641640376,108,10000,10000,-0.096252797247376051,0.17034036563702637,1254510975,False
CAC,patchtst,10,252,5038,0,0.018010138907998741,0.12105715518306384,0.20809540075294772,0.22515612216125211,0.28730008435377796,0.66378804895864285,2.0674284143132358,0.0020674284143132357,False,0.11548625519866268,61,10000,10000,-0.017392922757023397,0.25299140174887269,567895957,False
CAC,timesfm,10,252,5038,0,-0.0067481579680239712,0.10609560249777415,-0.010680396574806839,0.12618671416261573,0.36763945934043374,0.63815722085900695,14.516529617161,0.014516529617161001,False,-0.10328954212909187,60,10000,10000,-0.1875656236138481,-0.025869718650710395,696374080,True
DAX,autoarima,0,252,4996,0,0.036711216989138373,0.10641105889317043,0.39212771048804251,0.39212771048804251,0.30198707955308368,0.6499500756707246,13.508267169471363,0,False,-0.021699056904950109,77,10000,10000,-0.11411627881486575,0.07310407303748738,44910770,False
DAX,autoets,0,252,4996,0,0.036746904406133263,0.10546535931854946,0.39501885055003477,0.39501885055003477,0.29850971897633527,0.64801729521764195,11.221604965897786,0,False,-0.01880791684295785,77,10000,10000,-0.11202037654599675,0.077294560705815751,16545909,False
DAX,chronos,0,252,4996,0,0.04339037717133043,0.10745876166249296,0.44910379078493651,0.44910379078493651,0.31990956962907258,0.64376229540869556,12.778243661892652,0,False,0.035277023391943885,56,10000,10000,-0.061881141527113631,0.12768896775327221,230469099,False
DAX,ewma,0,252,4996,0,0.039291398332222727,0.1049040607754301,0.41993395486125318,0.41993395486125318,0.27298862039611649,0.62294926809738549,5.15799686871026,0,False,0.0061071874682605554,120,10000,10000,-0.054426772755754249,0.067776772124545373,1698756862,False
DAX,garch11,0,252,4996,0,0.038505408402385921,0.10452330916910736,0.41382676739299262,0.41382676739299262,0.27606581437067645,0.60739721495106569,6.7864558166879698,0,False,0,0,0,0,0,0,0,False
DAX,garch11_t,0,252,4996,0,0.039260310678284505,0.10295569866015926,0.42560550940365799,0.42560550940365799,0.27899704428134597,0.60330611993802596,6.8494267825746009,0,False,0.011778742010665366,68,10000,10000,-0.012537679734193166,0.03892484110646291,1436337752,False
DAX,gjr,0,252,4996,0,0.041249141986746007,0.10334302596090747,0.44289710761888318,0.44289710761888318,0.27406409027122547,0.61815637137764845,8.2895121460820089,0,False,0.029070340225890556,54,10000,10000,-0.044997912041390024,0.10729961533452752,1660271488,False
DAX,har,0,252,4996,0,0.03931425753144957,0.10592636088717279,0.41710705655822028,0.41710705655822028,0.30438779290075579,0.63976980404050099,13.590904204268709,0,False,0.0032802891652276567,78,10000,10000,-0.087257648733125165,0.093251712663127581,2080813874,False
DAX,lgbm,0,252,4996,0,0.032709091231636123,0.10349219136579065,0.36286318314564309,0.36286318314564309,0.27664190572914915,0.59763551335502907,15.873489952087152,0,False,-0.050963584247349536,88,10000,10000,-0.16054376102902243,0.061100176990978902,1433088899,False
DAX,moirai,0,252,4996,0,0.044154031952573058,0.10908691794119026,0.45072908758243974,0.45072908758243974,0.3309244808814823,0.65771433861205508,13.898494743949289,0,False,0.036902320189447113,56,10000,10000,-0.063368760014083175,0.12911040370341295,148309123,False
DAX,naive,0,252,4996,0,0.034916323327875531,0.10735793442959748,0.373475070416671,0.373475070416671,0.30762707472036055,0.53040956164063846,0.2732737096074393,0,False,-0.040351696976321627,128,10000,10000,-0.17172897089748712,0.10694880572600875,884757738,False
DAX,patchtst,0,252,4996,0,0.032527607062161845,0.12469511416549943,0.31932594949561965,0.31932594949561965,0.36255868949130221,0.6827225985820905,2.6079295544689138,0,False,-0.094500817897372968,47,10000,10000,-0.27700143163268837,0.065154747142290442,1277387015,False
DAX,timesfm,0,252,4996,0,0.03507781758675832,0.10594801831552123,0.37848592107926138,0.37848592107926138,0.33720612165254904,0.62993103462053079,14.649979547328194,0,False,-0.035340846313731245,70,10000,10000,-0.14284465521735559,0.069769868362450693,1773744588,False
DAX,autoarima,1,252,4996,0,0.035311971791722963,0.10641044546876104,0.3794354774061463,0.39212771048804251,0.30343087815693459,0.6499500756707246,13.508267169471363,0.0013508267169471365,False,-0.027899593047135129,77,10000,10000,-0.11813350093658193,0.065875277728248194,1121482775,False
DAX,autoets,1,252,4996,0,0.035584242289063095,0.10546583216023205,0.38437704120781502,0.39501885055003477,0.29950574015578135,0.64801729521764195,11.221604965897786,0.0011221604965897787,False,-0.022958029245466416,77,10000,10000,-0.11578705376038893,0.073104357942751511,1946058460,False
DAX,chronos,1,252,4996,0,0.042057973895158529,0.10746031022886915,0.43720619035463704,0.44910379078493651,0.32139195867388237,0.64376229540869556,12.778243661892652,0.0012778243661892654,False,0.029871119901355603,56,10000,10000,-0.067812400299031322,0.12285626539057866,424809945,False
DAX,ewma,1,252,4996,0,0.038755484183185196,0.10490455729777538,0.41501512000073854,0.41993395486125318,0.27343702982628826,0.62294926809738549,5.15799686871026,0.00051579968687102604,False,0.0076800495474571018,120,10000,10000,-0.051248920767633259,0.069734307169786,1755182949,False
DAX,garch11,1,252,4996,0,0.037800990469234907,0.10452303436977059,0.40733507045328143,0.41382676739299262,0.27679227680447271,0.60739721495106569,6.7864558166879698,0.00067864558166879686,False,0,0,0,0,0,0,0,False
DAX,garch11_t,1,252,4996,0,0.038548837521174439,0.1029554768178233,0.41895362179063794,0.42560550940365799,0.27959596997699654,0.60330611993802596,6.8494267825746009,0.00068494267825746019,False,0.011618551337356509,68,10000,10000,-0.012752203831115647,0.038297123997777988,876234806,False
DAX,gjr,1,252,4996,0,0.040386443552007822,0.1033433002247265,0.43487459736947648,0.44289710761888318,0.27495979011190086,0.61815637137764845,8.2895121460820089,0.00082895121460820108,False,0.027539526916195045,54,10000,10000,-0.045226670594288032,0.10426752043557602,890480161,False
DAX,har,1,252,4996,0,0.037902810013853205,0.10592692868531949,0.40427436830876906,0.41710705655822028,0.3058859453083651,0.63976980404050099,13.590904204268709,0.0013590904204268707,False,-0.0030607021445123728,78,10000,10000,-0.093479832904795293,0.086725163509252898,933930449,False
DAX,lgbm,1,252,4996,0,0.031071447647154971,0.10349071310578595,0.3475302847487029,0.36286318314564309,0.28197314042265764,0.59763551335502907,15.873489952087152,0.0015873489952087151,False,-0.059804785704578534,88,10000,10000,-0.17016277549493888,0.05121044701539601,976214383,False
DAX,moirai,1,252,4996,0,0.042703782324647444,0.10908909129106116,0.43797960869377284,0.45072908758243974,0.3324414103669675,0.65771433861205508,13.898494743949289,0.001389849474394929,False,0.030644538240491404,56,10000,10000,-0.070031895116273724,0.12118741384152507,1819913970,False
DAX,naive,1,252,4996,0,0.034888060970393875,0.10735778654971885,0.37322104001618356,0.373475070416671,0.30766445591293656,0.53040956164063846,0.2732737096074393,2.7327370960743935e-05,False,-0.034114030437097875,128,10000,10000,-0.1646134459079848,0.11239708001852704,1370775559,False
DAX,patchtst,1,252,4996,0,0.032258618875574019,0.12469336396094781,0.31723895736187518,0.31932594949561965,0.36285907147791563,0.6827225985820905,2.6079295544689138,0.00026079295544689145,False,-0.090096113091406249,47,10000,10000,-0.26786953786573714,0.071173197628153786,1320634495,False
DAX,timesfm,1,252,4996,0,0.033562406000383849,0.10595083148301732,0.36464872246078034,0.37848592107926138,0.33862697848699319,0.62993103462053079,14.649979547328194,0.0014649979547328191,False,-0.042686347992501095,70,10000,10000,-0.14792966038764221,0.063455556700850374,109425721,False
DAX,autoarima,5,252,4996,0,0.02973368725292902,0.10640880782464612,0.32866256116019782,0.39212771048804251,0.30917638355228039,0.6499500756707246,13.508267169471363,0.0067541335847356825,False,-0.052704187605394248,77,10000,10000,-0.14541833926609354,0.040322376921583032,112811458,False
DAX,autoets,5,252,4996,0,0.030946509033979996,0.10546825134752176,0.34180904743670032,0.39501885055003477,0.30347575758374901,0.64801729521764195,11.221604965897786,0.0056108024829488925,False,-0.039557701328891748,77,10000,10000,-0.13343035770887007,0.056656718495128489,1991588913,False
DAX,chronos,5,252,4996,0,0.036745181612028555,0.10746744607252985,0.38961580380793159,0.44910379078493651,0.32728939288333048,0.64376229540869556,12.778243661892652,0.0063891218309463267,False,0.0082490550423395259,56,10000,10000,-0.090240669741303375,0.10222538777227522,817037964,False
DAX,ewma,5,252,4996,0,0.036614554466428695,0.10490676631882651,0.39533940605920326,0.41993395486125318,0.27522792426373854,0.62294926809738549,5.15799686871026,0.0025789984343551299,False,0.01397265729361119,120,10000,10000,-0.044882537774724063,0.075210655766095008,2012455551,False
DAX,garch11,5,252,4996,0,0.034988039322024767,0.10452226202559398,0.38136674876559207,0.41382676739299262,0.27969089070860587,0.60739721495106569,6.7864558166879698,0.0033932279083439851,False,0,0,0,0,0,0,0,False
DAX,garch11_t,5,252,4996,0,0.03570775713306662,0.10295492607872529,0.39234450182686609,0.42560550940365799,0.2819867379904345,0.60330611993802596,6.8494267825746009,0.0034247133912873014,False,0.01097775306127402,68,10000,10000,-0.012763504727682319,0.037729266054366349,1686935746,False
DAX,gjr,5,252,4996,0,0.036942703768121588,0.10334495294214514,0.40278281650513692,0.44289710761888318,0.27901189056936304,0.61815637137764845,8.2895121460820089,0.004144756073041005,False,0.021416067739544853,54,10000,10000,-0.050779685106927423,0.09508315353908213,1829670665,False
DAX,har,5,252,4996,0,0.032276001928691178,0.10592997394158808,0.35294241193766485,0.41710705655822028,0.31184648624711597,0.63976980404050099,13.590904204268709,0.0067954521021343535,False,-0.028424336827927221,78,10000,10000,-0.11674746820556425,0.061850311717288074,2106928581,False
DAX,lgbm,5,252,4996,0,0.024546603560120728,0.10348570190529306,0.28619181653490255,0.36286318314564309,0.30290861560900739,0.59763551335502907,15.873489952087152,0.0079367449760435749,False,-0.095174932230689513,88,10000,10000,-0.20070870934402818,0.013485248512501054,856069932,False
DAX,moirai,5,252,4996,0,0.036922732900334543,0.10909854635251728,0.38698407110228539,0.45072908758243974,0.33847494298646064,0.65771433861205508,13.898494743949289,0.0069492473719746433,False,0.00561732233669332,56,10000,10000,-0.093605651137248544,0.097879868296050526,1549828493,False
DAX,naive,5,252,4996,0,0.034775016432359251,0.10735722042521541,0.37220482337202199,0.373475070416671,0.30781396081531809,0.53040956164063846,0.2732737096074393,0.00013663685480371963,False,-0.0091619253935700806,128,10000,10000,-0.14059009049585874,0.13941599942211194,564061327,False
DAX,patchtst,5,252,4996,0,0.031183267961473859,0.12468711221343413,0.30888854723975784,0.31932594949561965,0.36405929887176169,0.6827225985820905,2.6079295544689138,0.0013039647772344573,False,-0.072478201525834229,47,10000,10000,-0.25309619912592435,0.086151474293669497,187441125,False
DAX,timesfm,5,252,4996,0,0.027522670531948012,0.10596351206942792,0.3093031071255371,0.37848592107926138,0.34428013136462066,0.62993103462053079,14.649979547328194,0.007324989773664096,False,-0.072063641640054965,70,10000,10000,-0.18116106334206442,0.030546240599855931,1383706138,False
DAX,autoarima,10,252,4996,0,0.022802712518009027,0.10640859694649267,0.26518964195257078,0.39212771048804251,0.31629192066530909,0.6499500756707246,13.508267169471363,0.013508267169471365,False,-0.083713710068068659,77,10000,10000,-0.17672022463957451,0.0084420006345479071,1491355731,False
DAX,autoets,10,252,4996,0,0.025178295044505417,0.1054724628538507,0.28859855190013417,0.39501885055003477,0.30856981359109215,0.64801729521764195,11.221604965897786,0.011221604965897785,False,-0.060304800120505264,77,10000,10000,-0.15546863604132197,0.030835068979350708,1530894302,False
DAX,chronos,10,252,4996,0,0.030141880535353494,0.10747848405775337,0.3301302010802627,0.44910379078493651,0.33458943075995751,0.64376229540869556,12.778243661892652,0.012778243661892653,False,-0.018773150940376737,56,10000,10000,-0.11689686156582245,0.074605988081755364,887341753,False
DAX,ewma,10,252,4996,0,0.033944517519570061,0.10491002916392754,0.37074415633748586,0.41993395486125318,0.27746038241455184,0.62294926809738549,5.15799686871026,0.0051579968687102597,False,0.021840804316846429,120,10000,10000,-0.037352864775237138,0.082937166525523118,1076424551,False
DAX,garch11,10,252,4996,0,0.03148244824868085,0.10452203202629248,0.34890335202063943,0.41382676739299262,0.28329793115090696,0.60739721495106569,6.7864558166879698,0.0067864558166879701,False,0,0,0,0,0,0,0,False
DAX,garch11_t,10,252,4996,0,0.032167210054386164,0.10295499508055853,0.35908005981414531,0.42560550940365799,0.28496412503905799,0.60330611993802596,6.8494267825746009,0.0068494267825746028,False,0.010176707793505879,68,10000,10000,-0.013644323797873477,0.036668199279020229,1308963376,False
DAX,gjr,10,252,4996,0,0.032653857714916912,0.1033482690220332,0.36266514668568262,0.44289710761888318,0.28490240474101491,0.61815637137764845,8.2895121460820089,0.00828951214608201,False,0.013761794665043181,54,10000,10000,-0.058057126204761188,0.08827252081525222,871172936,False
DAX,har,10,252,4996,0,0.025285011546039682,0.10593552201731735,0.28877686931398572,0.41710705655822028,0.3192255201063523,0.63976980404050099,13.590904204268709,0.013590904204268707,False,-0.060126482706653717,78,10000,10000,-0.15049092764695685,0.027622592839592491,1796332253,False
DAX,lgbm,10,252,4996,0,0.016448140859502969,0.10348146727158437,0.20950626821634682,0.36286318314564309,0.3282228961849194,0.59763551335502907,15.873489952087152,0.01587348995208715,False,-0.13939708380429261,87,10000,10000,-0.24136268949187981,-0.029474236549164451,824525665,True
DAX,moirai,10,252,4996,0,0.029741102580942647,0.10911207853555413,0.32324700180073196,0.45072908758243974,0.3459405167700802,0.65771433861205508,13.898494743949289,0.013898494743949287,False,-0.025656350219907476,56,10000,10000,-0.1272080084808703,0.065284001561747865,573400151,False
DAX,naive,10,252,4996,0,0.03463372176388213,0.10735656990910077,0.37093434006873038,0.373475070416671,0.30800079724828677,0.53040956164063846,0.2732737096074393,0.00027327370960743925,False,0.022030988048090949,128,10000,10000,-0.10887541835799762,0.16952240778455135,1552245900,False
DAX,patchtst,10,252,4996,0,0.029840432577274312,0.1246809831392493,0.29844532210927127,0.31932594949561965,0.36555666073999427,0.6827225985820905,2.6079295544689138,0.0026079295544689145,False,-0.050458029911368163,47,10000,10000,-0.2303330312421952,0.10762086693489409,1049737535,False
DAX,timesfm,10,252,4996,0,0.020022065813966705,0.10598257461009847,0.24013243540244533,0.37848592107926138,0.35127893630644902,0.62993103462053079,14.649979547328194,0.014649979547328192,False,-0.1087709166181941,70,10000,10000,-0.21469957903214773,-0.004772137590581543,684142257,True
DIA,autoarima,0,252,4904,0,0.074276424723900281,0.10166570840353889,0.7557461901522482,0.7557461901522482,0.27346566171107445,0.80484523813381115,20.163125670168906,0,False,0.070888302108942258,39,10000,10000,-0.023209831089476076,0.16853720760070129,295721483,False
DIA,autoets,0,252,4904,0,0.073064790280371827,0.10052551445744605,0.7519409857201661,0.7519409857201661,0.2646658451816164,0.80280864196469659,16.256654433061595,0,False,0.067083097676860159,89,10000,10000,-0.035675351204960314,0.17970645602125082,18095605,False
DIA,chronos,0,252,4904,0,0.072928515734520305,0.1052657737538307,0.72152089681137388,0.72152089681137388,0.30999067811701886,0.80102808521905289,18.058981340333379,0,False,0.03666300876806794,27,10000,10000,-0.058440927153247849,0.12861690531795039,1365197019,False
DIA,ewma,0,252,4904,0,0.068244780465401167,0.10570584873939876,0.67759303517258984,0.67759303517258984,0.25575678749583097,0.79932713476516604,6.7067107149003542,0,False,-0.0072648528707160986,142,10000,10000,-0.089087510239083442,0.087875755741809849,267316381,False
DIA,garch11,0,252,4904,0,0.067600133538228802,0.10333534248244702,0.68485788804330594,0.68485788804330594,0.27236658794307356,0.77835676039744406,11.838057471685945,0,False,0,0,0,0,0,0,0,False
DIA,garch11_t,0,252,4904,0,0.068141693964253847,0.10225712743518438,0.69595234950477636,0.69595234950477636,0.26440328008357084,0.7747090479738501,11.579640372846995,0,False,0.011094461461470417,134,10000,10000,-0.0051589791471435007,0.02776807235521124,1966409805,False
DIA,gjr,0,252,4904,0,0.068972989141683927,0.10375268895481798,0.69491061286736278,0.69491061286736278,0.28219007764769977,0.81015374026601217,13.490752077043361,0,False,0.010052724824056836,37,10000,10000,-0.048972911460641082,0.072577775242200368,1389248957,False
DIA,har,0,252,4904,0,0.070895774776288389,0.10156609311428644,0.72534412714147711,0.72534412714147711,0.28144405535454597,0.78808256405255828,20.801320954965163,0,False,0.040486239098171173,28,10000,10000,-0.047967430253014393,0.1292375093346311,767235626,False
DIA,lgbm,0,252,4904,0,0.065366541989452243,0.099116276650463991,0.68855152188751489,0.68855152188751489,0.23211699205411018,0.72281407484430771,20.983293448117514,0,False,0.0036936338442089545,58,10000,10000,-0.12816729190895007,0.15041683303753681,993414530,False
DIA,moirai,0,252,4904,0,0.075388402330505588,0.10712245866853132,0.73224292718201156,0.73224292718201156,0.31816490078678361,0.82507253216957732,19.807704804398245,0,False,0.04738503913870562,36,10000,10000,-0.046602751974668906,0.14436402053359493,564947972,False
DIA,naive,0,252,4904,0,0.05163731301091401,0.11214471793691018,0.50514010490437455,0.50514010490437455,0.32881036313570899,0.65234098013837583,0.37936353533439954,0,False,-0.17971778313893139,94,10000,10000,-0.36539378176038556,-0.0090057941841915311,228264368,True
DIA,patchtst,0,252,4904,0,0.069625542325289613,0.11993830124941526,0.62140495020411302,0.62140495020411302,0.26953070174291149,0.83846176653944748,3.1948519790564274,0,False,-0.063452937839192924,55,10000,10000,-0.21285833733039639,0.068911040471994228,911280717,False
DIA,timesfm,0,252,4904,0,0.071185785913433497,0.10343393810459457,0.71672958707124457,0.71672958707124457,0.30842109491986847,0.78583278991719996,20.76912413376342,0,False,0.031871699027938627,28,10000,10000,-0.064549744445591667,0.12668998576755491,1678901739,False
DIA,autoarima,1,252,4904,0,0.072113324269730938,0.10166359097604276,0.73592874803839892,0.7557461901522482,0.27454054560362684,0.80484523813381115,20.163125670168906,0.0020163125670168906,False,0.062538658078389986,39,10000,10000,-0.031095305550763095,0.15778269147445712,338527395,False
DIA,autoets,1,252,4904,0,0.071322329629675885,0.10052440381652097,0.73577744487649344,0.7519409857201661,0.26545314959449362,0.80280864196469659,16.256654433061595,0.0016256654433061592,False,0.062387354916484505,89,10000,10000,-0.042380783447445752,0.17702089728702317,1359790343,False
DIA,chronos,1,252,4904,0,0.070993167857090977,0.10526569244703071,0.70436583491514626,0.72152089681137388,0.31136551232436249,0.80102808521905289,18.058981340333379,0.0018058981340333376,False,0.03097574495513733,27,10000,10000,-0.064761466809978921,0.12292041511057995,893323542,False
DIA,ewma,1,252,4904,0,0.067528643136695932,0.10570673490711377,0.67124271574259731,0.67759303517258984,0.25623589311646833,0.79932713476516604,6.7067107149003542,0.00067067107149003553,False,-0.0021473742174116239,142,10000,10000,-0.077847484670575659,0.092513480440008511,1999033559,False
DIA,garch11,1,252,4904,0,0.066337145802629394,0.1033371588074965,0.67339008996000893,0.68485788804330594,0.27280481589897787,0.77835676039744406,11.838057471685945,0.0011838057471685944,False,0,0,0,0,0,0,0,False
DIA,garch11_t,1,252,4904,0,0.066905673609541694,0.10225858888821174,0.68461852266877565,0.69595234950477636,0.26487135100515635,0.7747090479738501,11.579640372846995,0.0011579640372846997,False,0.011228432708766722,134,10000,10000,-0.0053172416197534321,0.02790686167227233,1132240632,False
DIA,gjr,1,252,4904,0,0.067531956257467884,0.10375472704093244,0.68189442041145265,0.69491061286736278,0.28297476538783117,0.81015374026601217,13.490752077043361,0.0013490752077043361,False,0.0085043304514437201,37,10000,10000,-0.048046215624554925,0.069845580575472216,1431986307,False
DIA,har,1,252,4904,0,0.068671112478502216,0.10156543448149942,0.70486812198589088,0.72534412714147711,0.28266973862658029,0.78808256405255828,20.801320954965163,0.0020801320954965167,False,0.031478032025881952,28,10000,10000,-0.056979383443962445,0.11808487941255862,195758338,False
DIA,lgbm,1,252,4904,0,0.063134011197189865,0.099115274581439289,0.66738788815378391,0.68855152188751489,0.23323764517833478,0.72281407484430771,20.983293448117514,0.0020983293448117515,False,-0.006002201806225016,58,10000,10000,-0.13676203725661068,0.13468762407687904,1997526658,False
DIA,moirai,1,252,4904,0,0.073261239673379386,0.10712012341290889,0.71376777570745076,0.73224292718201156,0.31952542597374778,0.82507253216957732,19.807704804398245,0.0019807704804398253,False,0.040377685747441827,36,10000,10000,-0.052751771581334157,0.13837550692919967,1925770523,False
DIA,naive,1,252,4904,0,0.051597399414866185,0.11214491005948066,0.50480095975433015,0.50514010490437455,0.32885788137060346,0.65234098013837583,0.37936353533439954,3.7936353533439961e-05,False,-0.16858913020567878,94,10000,10000,-0.3561555959829808,0.0069105306808192974,2097533052,False
DIA,patchtst,1,252,4904,0,0.069283685879038437,0.11994035414930694,0.61873061359459025,0.62140495020411302,0.26979931338436947,0.83846176653944748,3.1948519790564274,0.00031948519790564266,False,-0.05465947636541868,55,10000,10000,-0.20265869535268935,0.076960004556505063,148474598,False
DIA,timesfm,1,252,4904,0,0.068964046398311885,0.10343253595806719,0.69665942796467151,0.71672958707124457,0.30977698630526951,0.78583278991719996,20.76912413376342,0.002076912413376342,False,0.023269338004662576,28,10000,10000,-0.071435573867245319,0.11702209590410863,2114727444,False
DIA,autoarima,5,252,4904,0,0.063504050012192836,0.10165667865749338,0.65664066386551179,0.7557461901522482,0.27882428442152141,0.80484523813381115,20.163125670168906,0.010081562835084453,False,0.029123347743059802,39,10000,10000,-0.068312377330026736,0.12372712907781834,963213762,False
DIA,autoets,5,252,4904,0,0.064380502195649836,0.1005210993704541,0.67111211115998404,0.7519409857201661,0.26859398988750272,0.80280864196469659,16.256654433061595,0.0081283272165307945,False,0.043594795037532053,89,10000,10000,-0.062657740381051291,0.15234455492025886,1021177900,False
DIA,chronos,5,252,4904,0,0.063286293508569624,0.10526708475250335,0.63573494952940601,0.72152089681137388,0.31683763878378468,0.80102808521905289,18.058981340333379,0.0090294906701666854,False,0.008217633406954028,27,10000,10000,-0.084935341934535641,0.10419809005808252,967434405,False
DIA,ewma,5,252,4904,0,0.0646688185364237,0.10571075815537591,0.64583957883478427,0.67759303517258984,0.25814925421100932,0.79932713476516604,6.7067107149003542,0.0033533553574501781,False,0.018322262712332282,142,10000,10000,-0.059901808274537331,0.1165241350711355,1799930954,False
DIA,garch11,5,252,4904,0,0.061299957924215942,0.10334534842423787,0.62751731612245198,0.68485788804330594,0.27455511335359772,0.77835676039744406,11.838057471685945,0.0059190287358429723,False,0,0,0,0,0,0,0,False
DIA,garch11_t,5,252,4904,0,0.061975713959884215,0.10226542837425812,0.63928024304016584,0.69595234950477636,0.26674068210214752,0.7747090479738501,11.579640372846995,0.0057898201864234984,False,0.011762926917713856,134,10000,10000,-0.0042443024440951393,0.027278655355342331,2021648257,False
DIA,gjr,5,252,4904,0,0.061786992367736548,0.10376428852795191,0.62982621050885834,0.69491061286736278,0.28610503143699961,0.81015374026601217,13.490752077043361,0.0067453760385216789,False,0.0023088943864063571,37,10000,10000,-0.05578674204373945,0.064550350194002362,1481270442,False
DIA,har,5,252,4904,0,0.059818210356039181,0.10156456581801886,0.62295061442033572,0.72534412714147711,0.28755170751028936,0.78808256405255828,20.801320954965163,0.010400660477482582,False,-0.0045667017021162604,28,10000,10000,-0.093747487057185844,0.081611724067631106,507243864,False
DIA,lgbm,5,252,4904,0,0.054250216242644367,0.099112929022481311,0.58271929784601439,0.68855152188751489,0.23770402962389447,0.72281407484430771,20.983293448117514,0.010491646724058758,False,-0.04479801827643759,56,10000,10000,-0.17281762875674583,0.093952962140773699,1808098254,False
DIA,moirai,5,252,4904,0,0.064794248431121249,0.10711225630020939,0.63985030908219531,0.73224292718201156,0.32494056498228829,0.82507253216957732,19.807704804398245,0.0099038524021991241,False,0.012332992959743327,36,10000,10000,-0.080576009846117819,0.10622150134407875,680411105,False
DIA,naive,5,252,4904,0,0.051437754133902613,0.11214572900049322,0.50344416429097172,0.50514010490437455,0.32904792116784176,0.65234098013837583,0.37936353533439954,0.0001896817676671998,False,-0.12407315183148027,94,10000,10000,-0.31510966624744424,0.045647041882268813,1269127786,False
DIA,patchtst,5,252,4904,0,0.067917190946347406,0.11994978811560482,0.60802798630740074,0.62140495020411302,0.27087285095642633,0.83846176653944748,3.1948519790564274,0.0015974259895282135,False,-0.019489329815051248,55,10000,10000,-0.16464114632893337,0.11212356593788804,2098488872,False
DIA,timesfm,5,252,4904,0,0.060122662439357599,0.10342902671182728,0.61636083898957506,0.71672958707124457,0.31517416049050906,0.78583278991719996,20.76912413376342,0.01038456206688171,False,-0.01115647713287693,28,10000,10000,-0.10524071088074666,0.080962351858420503,1378244146,False
DIA,autoarima,10,252,4904,0,0.052838854950795433,0.10165154293205282,0.55749617261407725,0.7557461901522482,0.28414358833674724,0.80484523813381115,20.163125670168906,0.020163125670168907,False,-0.012678928543973345,39,10000,10000,-0.10794142753345704,0.081688755784716169,219954267,False
DIA,autoets,10,252,4904,0,0.055765917249436914,0.10051952975900623,0.59025942660442243,0.7519409857201661,0.27250125767437061,0.80280864196469659,16.256654433061595,0.016256654433061589,False,0.020084325446371842,89,10000,10000,-0.081783324105829031,0.13187213954740243,530507415,False
DIA,chronos,10,252,4904,0,0.053729907208557526,0.10527268939203339,0.54992870873169497,0.72152089681137388,0.32361697513562115,0.80102808521905289,18.058981340333379,0.018058981340333371,False,-0.020246392426355619,27,10000,10000,-0.11769356302333228,0.072079329118822047,106621518,False
DIA,ewma,10,252,4904,0,0.061104645339770114,0.10571686390753478,0.61408212245782079,0.67759303517258984,0.2605340820246016,0.79932713476516604,6.7067107149003542,0.0067067107149003562,False,0.043907021299770199,142,10000,10000,-0.035053586448420389,0.14544039414363966,1846949561,False
DIA,garch11,10,252,4904,0,0.0550365619821791,0.10335766472681995,0.57017510115805059,0.68485788804330594,0.27673711443442317,0.77835676039744406,11.838057471685945,0.011838057471685945,False,0,0,0,0,0,0,0,False
DIA,garch11_t,10,252,4904,0,0.055844918794056619,0.10227621310267318,0.58260318711117287,0.69595234950477636,0.26907071650204706,0.7747090479738501,11.579640372846995,0.011579640372846997,False,0.012428085953122281,134,10000,10000,-0.0032867104647439495,0.027343664940219153,344269204,False
DIA,gjr,10,252,4904,0,0.054648725857330716,0.1037794101841554,0.56473719100143926,0.69491061286736278,0.28999884106461882,0.81015374026601217,13.490752077043361,0.013490752077043358,False,-0.0054379101566113253,37,10000,10000,-0.064498292847375585,0.056890589921464826,24134109,False
DIA,har,10,252,4904,0,0.048854314444426672,0.10156745320679433,0.52053139596346831,0.72534412714147711,0.29360771139927355,0.78808256405255828,20.801320954965163,0.020801320954965164,False,-0.049643705194582277,28,10000,10000,-0.13794929010197329,0.037767510955880434,957987495,False
DIA,lgbm,10,252,4904,0,0.043248996253835825,0.09911373834592721,0.47685992347927192,0.68855152188751489,0.24325067207749618,0.72281407484430771,20.983293448117514,0.020983293448117515,False,-0.093315177678778671,56,10000,10000,-0.22070953381212582,0.046028978761548441,316243712,False
DIA,moirai,10,252,4904,0,0.054303636513604481,0.1071057392696969,0.54742125209876358,0.73224292718201156,0.33164922321482893,0.82507253216957732,19.807704804398245,0.019807704804398248,False,-0.022753849059287012,36,10000,10000,-0.11723515151147149,0.072429464328734983,537120881,False
DIA,naive,10,252,4904,0,0.051238218006983471,0.11214686618877948,0.50174768997172181,0.50514010490437455,0.32928539636122123,0.65234098013837583,0.37936353533439954,0.00037936353533439961,False,-0.068427411186328779,94,10000,10000,-0.25855322100309425,0.10669028149056403,656451480,False
DIA,patchtst,10,252,4904,0,0.066211165085557022,0.119964330329886,0.59463843911135483,0.62140495020411302,0.27221272980104327,0.83846176653944748,3.1948519790564274,0.0031948519790564269,False,0.024463337953304243,55,10000,10000,-0.12479222712049025,0.1579757293077701,1556459603,False
DIA,timesfm,10,252,4904,0,0.049172780031703001,0.10342936397351883,0.51595637411788053,0.71672958707124457,0.32186163053604111,0.78583278991719996,20.76912413376342,0.02076912413376342,False,-0.054218727040170056,27,10000,10000,-0.14693297995345092,0.042508446588329411,1708861741,False
ETH-USD,autoarima,0,365,2791,0,0.092729179821406715,0.10704011025531041,0.88188451462594486,0.88188451462594486,0.17348863649947699,0.15119089862675864,8.770887507339987,0,False,0.025326767911113657,11,10000,10000,-0.20022433009909893,0.17846185844931672,1119945389,False
ETH-USD,autoets,0,365,2791,0,0.089407400717361085,0.1076173772861259,0.84942478416620937,0.84942478416620937,0.17288438977703946,0.15108024163378925,6.1345265353868443,0,False,-0.0071329625486218351,10,10000,10000,-0.24706011247119453,0.16636066331162247,1548125213,False
ETH-USD,chronos,0,365,2791,0,0.10209061328666236,0.11097956395927949,0.93138959955466971,0.93138959955466971,0.1681582028141031,0.15949844398915738,7.3065974973860373,0,False,0.074831852839838509,11,10000,10000,-0.10786835035889772,0.2258695400848649,604839819,False
ETH-USD,ewma,0,365,2791,0,0.097872480480965418,0.10880095753116967,0.91259322009179178,0.91259322009179178,0.17089403144265569,0.14855761784655647,1.9156714702783084,0,False,0.056035473376960576,12,10000,10000,-0.10884767018400732,0.18015721933219897,1025236518,False
ETH-USD,garch11,0,365,2791,0,0.082974154809482448,0.098755976216679392,0.8565577467148312,0.8565577467148312,0.15294025328252603,0.13336990664178269,1.9617855643334368,0,False,0,0,0,0,0,0,0,False
ETH-USD,garch11_t,0,365,2791,0,0.07999561657178722,0.092740574431869741,0.87619599160855044,0.87619599160855044,0.14977782782751703,0.12589910381920444,1.9686375933232088,0,False,0.019638244893719237,33,10000,10000,-0.06371500594098306,0.10806476209110528,2135989883,False
ETH-USD,gjr,0,365,2791,0,0.086343484487638955,0.10099219998261963,0.87055059031730253,0.87055059031730253,0.15105478258912752,0.13533977131341107,2.7441734632658865,0,False,0.013992843602471328,21,10000,10000,-0.062757497507003962,0.080831652435458201,371393537,False
ETH-USD,har,0,365,2791,0,0.092169380691708103,0.10612666871897428,0.88378291226282057,0.88378291226282057,0.16758080643923745,0.14983041342886996,7.9070595008317985,0,False,0.027225165547989372,11,10000,10000,-0.15794261023277939,0.16921022970597191,202568431,False
ETH-USD,lgbm,0,365,2791,0,0.089670425380898422,0.10376878763300321,0.87942638014631624,0.87942638014631624,0.15826050467667896,0.1474960660435774,7.3918208385844029,0,False,0.022868633431485041,3,10000,10000,-0.16945249269694376,0.20895767100165391,1746112485,False
ETH-USD,moirai,0,365,2791,0,0.10289354923680394,0.1127126676160512,0.92523447541223924,0.92523447541223924,0.17832719834319344,0.16379158047077175,9.5617947689565757,0,False,0.06867672869740804,3,10000,10000,-0.092603881833506568,0.22349961907313085,1296642104,False
ETH-USD,naive,0,365,2791,0,0.077237727120778255,0.096892026134965351,0.81636323776299735,0.81636323776299735,0.13560522611982662,0.12495272858599418,0.087465490618243671,0,False,-0.040194508951833852,45,10000,10000,-0.17738065891933869,0.094855931528453535,114498569,False
ETH-USD,patchtst,0,365,2791,0,0.11870410543856358,0.11852016263177098,1.0057565838816391,1.0057565838816391,0.16775287334907396,0.1591757879611683,0.83919332536604685,0,False,0.14919883716680793,48,10000,10000,-0.091396609533617085,0.36923294495780301,379231031,False
ETH-USD,timesfm,0,365,2791,0,0.10040688616099125,0.111219148277129,0.9158818612629781,0.9158818612629781,0.17572459058133649,0.15990937656083634,7.8069140109901456,0,False,0.0593241145481469,11,10000,10000,-0.097776475549761668,0.19126485845118846,1619271532,False
ETH-USD,autoarima,1,365,2791,0,0.091771409002313176,0.10703995861685454,0.87369173284183577,0.88188451462594486,0.17382634599217051,0.15119089862675864,8.770887507339987,0.00087708875073399866,False,0.01912058871074529,11,10000,10000,-0.20299457989926536,0.16960159631977739,801173897,False
ETH-USD,autoets,1,365,2791,0,0.088739532362789975,0.10761666208600876,0.84373007915534648,0.84942478416620937,0.17314872756956334,0.15108024163378925,6.1345265353868443,0.00061345265353868455,False,-0.010841064975743997,10,10000,10000,-0.2528288921556599,0.16520803104256659,722787796,False
ETH-USD,chronos,1,365,2791,0,0.10128593256822316,0.11097891375304372,0.92481128544323765,0.93138959955466971,0.16836961012853258,0.15949844398915738,7.3065974973860373,0.0007306597497386037,False,0.070240141312147175,11,10000,10000,-0.11357402503821409,0.2235369736074409,326547626,False
ETH-USD,ewma,1,365,2791,0,0.097662222774561824,0.10880105151069858,0.91083172137971424,0.91259322009179178,0.17097388438551997,0.14855761784655647,1.9156714702783084,0.0001915671470278309,False,0.056260577248623767,12,10000,10000,-0.10979595969209158,0.1781180194308403,2048753230,False
ETH-USD,garch11,1,365,2791,0,0.082761761442218029,0.09875598829417423,0.85457114413109048,0.8565577467148312,0.1530041728208601,0.13336990664178269,1.9617855643334368,0.00019617855643334369,False,0,0,0,0,0,0,0,False
ETH-USD,garch11_t,1,365,2791,0,0.079783022745333998,0.092741021646651031,0.87406904062581658,0.87619599160855044,0.14984228821476464,0.12589910381920444,1.9686375933232088,0.00019686375933232085,False,0.019497896494726108,33,10000,10000,-0.063413494964348976,0.10831652068788701,1350045105,False
ETH-USD,gjr,1,365,2791,0,0.086045385888898096,0.10099302575476299,0.86782628118112948,0.87055059031730253,0.15112160003627706,0.13533977131341107,2.7441734632658865,0.00027441734632658866,False,0.013255137050039001,21,10000,10000,-0.063505307263793734,0.080697920178279911,2061856010,False
ETH-USD,har,1,365,2791,0,0.091306323356984853,0.10612673467010081,0.87633178094308295,0.88378291226282057,0.16787485805095548,0.14983041342886996,7.9070595008317985,0.00079070595008317993,False,0.021760636811992473,11,10000,10000,-0.16125067128208076,0.16244587735655255,1269110033,False
ETH-USD,lgbm,1,365,2791,0,0.08886550320057407,0.10376818801990811,0.8723080639997236,0.87942638014631624,0.15848124082904158,0.1474960660435774,7.3918208385844029,0.00073918208385844017,False,0.017736919868633128,3,10000,10000,-0.17325464509422453,0.20707579542556201,1909182142,False
ETH-USD,moirai,1,365,2791,0,0.10183988998956628,0.11271158421150333,0.91675995098478757,0.92523447541223924,0.1786241783673459,0.16379158047077175,9.5617947689565757,0.00095617947689565766,False,0.062188806853697098,3,10000,10000,-0.10218896905267047,0.21772237855480198,1321785846,False
ETH-USD,naive,1,365,2791,0,0.077228308020321323,0.096892013418753975,0.81627307379895042,0.81636323776299735,0.13560811235040149,0.12495272858599418,0.087465490618243671,8.7465490618243681e-06,False,-0.038298070332140055,45,10000,10000,-0.17747046678012296,0.095278717227794268,1207737030,False
ETH-USD,patchtst,1,365,2791,0,0.11861023613990662,0.1185202994605228,1.005047364032067,1.0057565838816391,0.1677957111675632,0.1591757879611683,0.83919332536604685,8.3919332536604678e-05,False,0.15047621990097648,48,10000,10000,-0.093244751892826258,0.37259870402959677,65242741,False
ETH-USD,timesfm,1,365,2791,0,0.099548412523542629,0.11121866221866474,0.90886643585322069,0.9158818612629781,0.17597905746423559,0.15990937656083634,7.8069140109901456,0.00078069140109901459,False,0.054295291722130212,11,10000,10000,-0.1050548293268971,0.18450548039351183,34319534,False
ETH-USD,autoarima,5,365,2791,0,0.087948662670257027,0.10703958896001409,0.84091851247641602,0.88188451462594486,0.17517581445040042,0.15119089862675864,8.770887507339987,0.0043854437536699929,False,-0.0057059967500637798,11,10000,10000,-0.230759480889732,0.14791136226563589,1444127750,False
ETH-USD,autoets,5,365,2791,0,0.086072123475813278,0.10761393972536651,0.82094944606217213,0.84942478416620937,0.17420524020842587,0.15108024163378925,6.1345265353868443,0.0030672632676934223,False,-0.025675063164307677,10,10000,10000,-0.27082884759635806,0.14495834587936443,367128933,False
ETH-USD,chronos,5,365,2791,0,0.098073044217334759,0.11097648082161024,0.89849589884161718,0.93138959955466971,0.16921470642905001,0.15949844398915738,7.3065974973860373,0.0036532987486930187,False,0.051871389615137375,11,10000,10000,-0.1287220241324023,0.19919972895722901,1966546936,False
ETH-USD,ewma,5,365,2791,0,0.096821589932633678,0.10880145683844576,0.9037855126637836,0.91259322009179178,0.17129322017517989,0.14855761784655647,1.9156714702783084,0.00095783573513915428,False,0.057161003437303792,12,10000,10000,-0.1053455595586235,0.1770555994603871,1522232351,False
ETH-USD,garch11,5,365,2791,0,0.081912600440148031,0.098756063366279664,0.8466245092264798,0.8565577467148312,0.15325980333193334,0.13336990664178269,1.9617855643334368,0.00098089278216671846,False,0,0,0,0,0,0,0,False
ETH-USD,garch11_t,5,365,2791,0,0.078933062188410785,0.092742835506366084,0.86556120849363982,0.87619599160855044,0.1501000814731891,0.12589910381920444,1.9686375933232088,0.00098431879666160439,False,0.018936699267160018,33,10000,10000,-0.064168448408011725,0.10800197272929395,1531072668,False
ETH-USD,gjr,5,365,2791,0,0.084853798889068299,0.10099640295178057,0.85692886133776736,0.87055059031730253,0.15138881784030689,0.13533977131341107,2.7441734632658865,0.0013720867316329433,False,0.010304352111287551,21,10000,10000,-0.069350877124058324,0.077538738675329733,1919449668,False
ETH-USD,har,5,365,2791,0,0.087860867937006759,0.10612719018400099,0.84652581909526814,0.88378291226282057,0.16905003335961266,0.14983041342886996,7.9070595008317985,0.0039535297504158995,False,-9.8690131211665033e-05,11,10000,10000,-0.18267236129852404,0.14171838277256468,1256569181,False
ETH-USD,lgbm,5,365,2791,0,0.085651722189593604,0.10376594495095559,0.8438327131541753,0.87942638014631624,0.15936361094155871,0.1474960660435774,7.3918208385844029,0.0036959104192922014,False,-0.0027917960723045088,3,10000,10000,-0.19924172079006594,0.1829342291748679,1418829260,False
ETH-USD,moirai,5,365,2791,0,0.097635242282257728,0.11270757318313099,0.88285769713002604,0.92523447541223924,0.17981103246375463,0.16379158047077175,9.5617947689565757,0.0047808973844782878,False,0.036233187903546238,3,10000,10000,-0.1336440046845474,0.19411706827771139,1719522761,False
ETH-USD,naive,5,365,2791,0,0.077190632317259311,0.096891963721744995,0.81591240787192498,0.81636323776299735,0.13561965717981828,0.12495272858599418,0.087465490618243671,4.3732745309121833e-05,False,-0.030712101354554822,45,10000,10000,-0.16938395628287287,0.10277990291663659,519014975,False
ETH-USD,patchtst,5,365,2791,0,0.11823482944497266,0.11852090743139811,1.002209988104392,1.0057565838816391,0.16796704303550114,0.1591757879611683,0.83919332536604685,0.00041959666268302342,False,0.15558547887791219,48,10000,10000,-0.090723604931049986,0.37516129932393044,937595511,False
ETH-USD,timesfm,5,365,2791,0,0.096121170833955327,0.11121688988298248,0.88080275963223165,0.9158818612629781,0.17699614480053938,0.15990937656083634,7.8069140109901456,0.0039034570054950726,False,0.034178250405751842,11,10000,10000,-0.12669946998586376,0.15731640950010592,1886054244,False
ETH-USD,autoarima,10,365,2791,0,0.083188933802836429,0.10703965991059772,0.79994768520555082,0.88188451462594486,0.17685957275482533,0.15119089862675864,8.770887507339987,0.0087708875073399858,False,-0.036743037224089004,11,10000,10000,-0.26423691376220876,0.11878534281989625,615198238,False
ETH-USD,autoets,10,365,2791,0,0.082746989139238725,0.10761084828347244,0.79246973979585078,0.84942478416620937,0.17552399629224125,0.15108024163378925,6.1345265353868443,0.0061345265353868446,False,-0.044220982633789041,10,10000,10000,-0.29063123425324655,0.13619318769583991,866119201,False
ETH-USD,chronos,10,365,2791,0,0.094070029934669064,0.11097381743784802,0.8655970962808206,0.93138959955466971,0.17026987865067589,0.15949844398915738,7.3065974973860373,0.0073065974973860375,False,0.028906373851180778,11,10000,10000,-0.15251032038664952,0.18082174109136664,284116626,False
ETH-USD,ewma,10,365,2791,0,0.095771693784659107,0.10880202966916624,0.8949772812901633,0.91259322009179178,0.17169221900679821,0.14855761784655647,1.9156714702783084,0.0019156714702783086,False,0.058286558860523474,12,10000,10000,-0.11012692539796662,0.17849759408722782,1540377893,False
ETH-USD,garch11,10,365,2791,0,0.080852076643211701,0.098756217421064385,0.83669072242963982,0.8565577467148312,0.15357923430199316,0.13336990664178269,1.9617855643334368,0.0019617855643334369,False,0,0,0,0,0,0,0,False
ETH-USD,garch11_t,10,365,2791,0,0.077871544075682309,0.092745159079571468,0.85492636780457432,0.87619599160855044,0.15042221441926673,0.12589910381920444,1.9686375933232088,0.0019686375933232088,False,0.018235645374934495,33,10000,10000,-0.065745629538969563,0.10575009809611047,1329355270,False
ETH-USD,gjr,10,365,2791,0,0.083366130158966323,0.1010007911779907,0.84330671924090117,0.87055059031730253,0.15172272316004498,0.13533977131341107,2.7441734632658865,0.0027441734632658865,False,0.0066159968112613488,21,10000,10000,-0.073999248077728397,0.075485265250787692,364538340,False
ETH-USD,har,10,365,2791,0,0.083569250357547809,0.10612819091710532,0.80926543745062673,0.88378291226282057,0.17051668512695328,0.14983041342886996,7.9070595008317985,0.0079070595008317989,False,-0.027425284979013087,11,10000,10000,-0.21258934307643357,0.11525427494642559,382436948,False
ETH-USD,lgbm,10,365,2791,0,0.081647755950744028,0.10376349074584787,0.80823406998800595,0.87942638014631624,0.16046528207722732,0.1474960660435774,7.3918208385844029,0.0073918208385844028,False,-0.028456652441633867,3,10000,10000,-0.22915117243065405,0.15680646600199197,174976712,False
ETH-USD,moirai,10,365,2791,0,0.092401838009798398,0.11270328528726037,0.84047107308061686,0.92523447541223924,0.18129220443432026,0.16379158047077175,9.5617947689565757,0.0095617947689565757,False,0.0037803506509770379,3,10000,10000,-0.15913480230856883,0.16508971795882774,1579216032,False
ETH-USD,naive,10,365,2791,0,0.077143539260603911,0.096891904228119233,0.81546155282815525,0.81636323776299735,0.13563408800760102,0.12495272858599418,0.087465490618243671,8.7465490618243667e-05,False,-0.021229169601484577,45,10000,10000,-0.15883591809747144,0.11822541425664128,441526868,False
ETH-USD,patchtst,10,365,2791,0,0.11776572966508048,0.11852180386887529,0.99866215920244938,1.0057565838816391,0.16818116421263074,0.1591757879611683,0.83919332536604685,0.00083919332536604684,False,0.16197143677280956,48,10000,10000,-0.083438423956218727,0.3790931020070169,1442600369,False
ETH-USD,timesfm,10,365,2791,0,0.091852049230507493,0.1112150612490842,0.84571896526222001,0.9158818612629781,0.17826575031351111,0.15990937656083634,7.8069140109901456,0.0078069140109901453,False,0.0090282428325801911,11,10000,10000,-0.15060960611271518,0.13504518749051983,60791499,False
HSI,autoarima,0,252,4828,0,0.0090789290858748206,0.10808225952178187,0.13770564780440447,0.13770564780440447,0.41893367842531559,0.55039207771602305,8.7325046714373968,0,False,0.016775591149598798,137,10000,10000,-0.063703424610239659,0.10945425624940951,1077270759,False
HSI,autoets,0,252,4828,0,0.0096679023157095756,0.10793801357350392,0.14314729062021833,0.14314729062021833,0.42606811268698408,0.54948592959676079,5.7960549591111796,0,False,0.022217233965412655,140,10000,10000,-0.066375906397786039,0.12392194337166589,1953553507,False
HSI,chronos,0,252,4828,0,0.0054767024901432038,0.11058513235006098,0.10473976267398301,0.10473976267398301,0.41114851955275822,0.56211857406084853,10.325663524447981,0,False,-0.016190293980822668,55,10000,10000,-0.099983566065572627,0.067650034439362502,2127940200,False
HSI,ewma,0,252,4828,0,0.011808637875102335,0.10453163934941405,0.16461140893804493,0.16461140893804493,0.37447301701653513,0.5305169423569811,4.2364574178843384,0,False,0.043681352283239258,138,10000,10000,-0.018212245792949749,0.10631621958656799,650230202,False
HSI,garch11,0,252,4828,0,0.0071766327872717639,0.10340302986595284,0.12093005665480568,0.12093005665480568,0.39154946656489875,0.51318205550197971,3.6692275124203904,0,False,0,0,0,0,0,0,0,False
HSI,garch11_t,0,252,4828,0,0.0080355685208477468,0.10299770062722637,0.12927483296675912,0.12927483296675912,0.39241927144352062,0.51155050141846725,3.462619271090996,0,False,0.0083447763119534474,81,10000,10000,-0.0084143416997516322,0.027496111433149992,583784342,False
HSI,gjr,0,252,4828,0,0.012526874786516373,0.1072527981761985,0.16975192415516702,0.16975192415516702,0.39185733850578286,0.53266353951835088,4.4526011736665909,0,False,0.048821867500361341,55,10000,10000,-0.034573314900217061,0.13439553878790483,1905951499,False
HSI,har,0,252,4828,0,0.0098581671117907721,0.10813045433564397,0.14483564335466775,0.14483564335466775,0.40155741782284626,0.54525850641552176,7.2898942840491712,0,False,0.023905586699862078,94,10000,10000,-0.062327820075209608,0.10358862483186022,1024610292,False
HSI,lgbm,0,252,4828,0,0.016616580953701998,0.10513244992057688,0.20935650440914197,0.20935650440914197,0.40659968270421176,0.52259471984322114,13.772200379238758,0,False,0.088426447754336293,140,10000,10000,0.0034881896018355953,0.17924856296409494,451638218,True
HSI,moirai,0,252,4828,0,0.0062367942164107681,0.11128934292362362,0.11156647635052362,0.11156647635052362,0.42420151943074902,0.56846681819696299,10.455161806435079,0,False,-0.0093635803042820542,41,10000,10000,-0.091790374386062121,0.072057660026093026,550942984,False
HSI,naive,0,252,4828,0,0.010531032126760431,0.10762658315236875,0.15117689038029647,0.15117689038029647,0.32506747357011578,0.47490891313083999,0.23859802840996344,0,False,0.030246833725490793,145,10000,10000,-0.10751146204700267,0.16026572350960408,211423100,False
HSI,patchtst,0,252,4828,0,0.016667578874139943,0.11772375854721491,0.19931416584539716,0.19931416584539716,0.41054172773469022,0.56129988345914772,1.5588954704922562,0,False,0.078384109190591481,60,10000,10000,-0.036571926600727375,0.19845742646042788,344954210,False
HSI,timesfm,0,252,4828,0,0.0041097699376115848,0.10945288483374781,0.09226023893453493,0.09226023893453493,0.4065166274241605,0.55000059869337825,10.538247584484591,0,False,-0.028669817720270746,41,10000,10000,-0.10337036238761065,0.046153152218480237,72478977,False
HSI,autoarima,1,252,4828,0,0.0081981623300109163,0.10808206504462183,0.12962638242230873,0.13770564780440447,0.42137979749914967,0.55039207771602305,8.7325046714373968,0.00087325046714373993,False,0.012244561879581464,137,10000,10000,-0.066892215530132221,0.10495030140564889,1871832974,False
HSI,autoets,1,252,4828,0,0.0090828283559134526,0.10793838277389499,0.13777701981339108,0.14314729062021833,0.42812728427617575,0.54948592959676079,5.7960549591111796,0.00057960549591111802,False,0.020395199270663814,140,10000,10000,-0.067049749328203928,0.12202316275622928,914403193,False
HSI,chronos,1,252,4828,0,0.0044391923280111545,0.11058347898593533,0.095403890905922856,0.10473976267398301,0.41463012577849689,0.56211857406084853,10.325663524447981,0.0010325663524447981,False,-0.021977929636804408,55,10000,10000,-0.10604887048347458,0.062284288439951645,446744206,False
HSI,ewma,1,252,4828,0,0.011380160870222422,0.10453097850135691,0.16055962481882174,0.16461140893804493,0.37592953678136531,0.5305169423569811,4.2364574178843384,0.00042364574178843379,False,0.043177804276094481,138,10000,10000,-0.019183024155634675,0.10738131576287835,2064794013,False
HSI,garch11,1,252,4828,0,0.00680716956902927,0.10340282211169219,0.11738182054272726,0.12093005665480568,0.39278693170988055,0.51318205550197971,3.6692275124203904,0.000366922751242039,False,0,0,0,0,0,0,0,False
HSI,garch11_t,1,252,4828,0,0.0076866200716849686,0.10299740199500783,0.12591335670839965,0.12927483296675912,0.39367159345948055,0.51155050141846725,3.462619271090996,0.00034626192710909961,False,0.0085315361656723848,81,10000,10000,-0.0085814049963684729,0.027361187213265688,999114489,False
HSI,gjr,1,252,4828,0,0.012076075624667837,0.10725347420536141,0.1655993791871124,0.16975192415516702,0.39349465740641454,0.53266353951835088,4.4526011736665909,0.00044526011736665909,False,0.048217558644385136,55,10000,10000,-0.033790610975335811,0.13440687974535862,1459208595,False
HSI,har,1,252,4828,0,0.0091222241155624051,0.10813086792543754,0.13809335648565385,0.14483564335466775,0.40400848703639047,0.54525850641552176,7.2898942840491712,0.0007289894284049171,False,0.020711535942926587,94,10000,10000,-0.064525954780084216,0.1037775356537784,58500076,False
HSI,lgbm,1,252,4828,0,0.015217534402918176,0.10513204866094368,0.19625739667605624,0.20935650440914197,0.411108444277694,0.52259471984322114,13.772200379238758,0.0013772200379238758,False,0.078875576133328976,140,10000,10000,-0.0076465507273468895,0.16781383434978289,1391551587,False
HSI,moirai,1,252,4828,0,0.0051852881975527065,0.11128948218135419,0.10217177258656818,0.11156647635052362,0.42793488621112497,0.56846681819696299,10.455161806435079,0.0010455161806435078,False,-0.015210047956159087,41,10000,10000,-0.099825032185809737,0.065151959982817767,280426740,False
HSI,naive,1,252,4828,0,0.010506905669773525,0.10762672432680037,0.15095500176200069,0.15117689038029647,0.32513415541894952,0.47490891313083999,0.23859802840996344,2.3859802840996344e-05,False,0.033573181219273426,145,10000,10000,-0.10635051660974386,0.16222732676486143,253889279,False
HSI,patchtst,1,252,4828,0,0.016508957669194579,0.11772501607921049,0.19798785308545758,0.19931416584539716,0.4110748377666249,0.56129988345914772,1.5588954704922562,0.00015588954704922562,False,0.080606032542730313,60,10000,10000,-0.032454205498468384,0.20164376414982227,963735965,False
HSI,timesfm,1,252,4828,0,0.0030522900825467048,0.10945170101890682,0.082633019534570112,0.09226023893453493,0.41014136857809047,0.55000059869337825,10.538247584484591,0.0010538247584484588,False,-0.034748801008157151,41,10000,10000,-0.11062411182484523,0.041510777863131766,1061300116,False
HSI,autoarima,5,252,4828,0,0.0046826918978672971,0.10808178531052369,0.097308581623401252,0.13770564780440447,0.43106187048061195,0.55039207771602305,8.7325046714373968,0.0043662523357186987,False,-0.0058800268981184234,137,10000,10000,-0.08527887037671579,0.089584033983045208,100154964,False
HSI,autoets,5,252,4828,0,0.006745891280079741,0.10794000843756298,0.11629614357201971,0.14314729062021833,0.4362904519046481,0.54948592959676079,5.7960549591111796,0.0028980274795555902,False,0.013107535050500038,140,10000,10000,-0.071626164121084121,0.1172338224663861,1166061460,False
HSI,chronos,5,252,4828,0,0.00029975081684963101,0.11057734622469505,0.058057359618191584,0.10473976267398301,0.42835217830215677,0.56211857406084853,10.325663524447981,0.0051628317622239911,False,-0.045131248903328092,55,10000,10000,-0.13145899538749076,0.038578198227491887,1311766037,False
HSI,ewma,5,252,4828,0,0.0096680457108124784,0.10452846490002961,0.14435179677994273,0.16461140893804493,0.38172184075900173,0.5305169423569811,4.2364574178843384,0.0021182287089421695,False,0.04116318825842305,138,10000,10000,-0.019532884623868894,0.10406372630017571,1272247762,False
HSI,garch11,5,252,4828,0,0.0053306531071568575,0.10340211634439161,0.10318860852151968,0.12093005665480568,0.39771172530806731,0.51318205550197971,3.6692275124203904,0.0018346137562101953,False,0,0,0,0,0,0,0,False
HSI,garch11_t,5,252,4828,0,0.0062920179205572246,0.10299631447947519,0.11246713989273684,0.12927483296675912,0.39865516936448997,0.51155050141846725,3.462619271090996,0.0017313096355454981,False,0.0092785313712171608,81,10000,10000,-0.0074968506239655452,0.02873074607104683,311959898,False
HSI,gjr,5,252,4828,0,0.01027485863725941,0.10725634909629098,0.14898948555722188,0.16975192415516702,0.40000005323647581,0.53266353951835088,4.4526011736665909,0.0022263005868332956,False,0.045800877035702209,55,10000,10000,-0.035452224638185058,0.13377621670516932,1441395851,False
HSI,har,5,252,4828,0,0.0061837622843330387,0.10813277913786808,0.1111244608130382,0.14483564335466775,0.41371292397237247,0.54525850641552176,7.2898942840491712,0.0036449471420245847,False,0.0079358522915185248,94,10000,10000,-0.074767679875327744,0.090144973982756518,758658152,False
HSI,lgbm,5,252,4828,0,0.0096404366730749036,0.10513103208985052,0.14385916056446546,0.20935650440914197,0.42880389476154901,0.52259471984322114,13.772200379238758,0.0068861001896193801,False,0.040670552042945785,140,10000,10000,-0.046737772248803405,0.13557574873826658,1750894487,False
HSI,moirai,5,252,4828,0,0.00099015488943354768,0.11129042015168461,0.064592971545425676,0.11156647635052362,0.4426281588083365,0.56846681819696299,10.455161806435079,0.005227580903217538,False,-0.038595636976094,41,10000,10000,-0.12192560577488694,0.04202298278327133,780251378,False
HSI,naive,5,252,4828,0,0.010410402470294233,0.10762731721658167,0.15006741380094679,0.15117689038029647,0.32540081717431768,0.47490891313083999,0.23859802840996344,0.00011929901420498171,False,0.046878805279427116,145,10000,10000,-0.092654646673591717,0.17695688121814357,569844842,False
HSI,patchtst,5,252,4828,0,0.015874687193537351,0.11773031426767595,0.19268244666535495,0.19931416584539716,0.41320257014770834,0.56129988345914772,1.5588954704922562,0.00077944773524612804,False,0.089493838143835269,60,10000,10000,-0.023665736243590026,0.20907537658080891,226474559,False
HSI,timesfm,5,252,4828,0,-0.0011666140649290169,0.10944756814710659,0.044121816467432115,0.09226023893453493,0.42442064044541028,0.55000059869337825,10.538247584484591,0.005269123792242294,False,-0.059066792054087561,41,10000,10000,-0.13230407222020776,0.015313040288169898,1791677332,False
HSI,autoarima,10,252,4828,0,0.00030539758934899908,0.10808255653770663,0.056910505165812121,0.13770564780440447,0.4429372584224992,0.55039207771602305,8.7325046714373968,0.0087325046714373973,False,-0.028536082983620363,137,10000,10000,-0.11196347691983123,0.067243229775735408,722202031,False
HSI,autoets,10,252,4828,0,0.0038322628184446206,0.10794237544380852,0.089445680615861015,0.14314729062021833,0.44633095685390034,0.54948592959676079,5.7960549591111796,0.0057960549591111804,False,0.0039990924664285304,140,10000,10000,-0.082047782344525311,0.10751631015148397,710363107,False
HSI,chronos,10,252,4828,0,-0.0048507834610106437,0.11057076198275433,0.011368258395148387,0.10473976267398301,0.4450538656537526,0.56211857406084853,10.325663524447981,0.010325663524447982,False,-0.074078329754284092,55,10000,10000,-0.15912064284539565,0.0090272546034601657,1408651005,False
HSI,ewma,10,252,4828,0,0.0075319301338152567,0.10452561494509233,0.12409056881262844,0.16461140893804493,0.38888681247555146,0.5305169423569811,4.2364574178843384,0.004236457417884339,False,0.038643980663195951,138,10000,10000,-0.023211078598737882,0.10320725698284827,1728136750,False
HSI,garch11,10,252,4828,0,0.0034880108762762596,0.10340151595165287,0.085446588149432484,0.12093005665480568,0.40381169629800318,0.51318205550197971,3.6692275124203904,0.0036692275124203906,False,0,0,0,0,0,0,0,False
HSI,garch11_t,10,252,4828,0,0.0045514434201880949,0.10299519587118344,0.095658745926134159,0.12927483296675912,0.40482718169583309,0.51155050141846725,3.462619271090996,0.0034626192710909961,False,0.010212157776701675,81,10000,10000,-0.0072895253039681933,0.029763219543239287,2064702732,False
HSI,gjr,10,252,4828,0,0.0080277852017680562,0.10726032692571946,0.12822791130679409,0.16975192415516702,0.4080339476608299,0.53266353951835088,4.4526011736665909,0.0044526011736665911,False,0.042781323157361606,55,10000,10000,-0.037425403398508146,0.1271652651986997,1708088356,False
HSI,har,10,252,4828,0,0.0025226043750550264,0.10813574604632457,0.077414268102428949,0.14483564335466775,0.42562186998102924,0.54525850641552176,7.2898942840491712,0.0072898942840491695,False,-0.0080323200470035355,94,10000,10000,-0.093041163838179383,0.072132818974519161,1823306329,False
HSI,lgbm,10,252,4828,0,0.0027118197823823298,0.10513108545231957,0.078358953497522671,0.20935650440914197,0.45017820633487549,0.52259471984322114,13.772200379238758,0.01377220037923876,False,-0.0070876346519098132,140,10000,10000,-0.099862329415845635,0.092668726619707362,471801270,False
HSI,moirai,10,252,4828,0,-0.0042293414153866671,0.11129244970727298,0.017620225307975655,0.11156647635052362,0.46046585000953555,0.56846681819696299,10.455161806435079,0.010455161806435076,False,-0.067826362841456822,41,10000,10000,-0.15400164175818837,0.013863576575564023,1567309620,False
HSI,naive,10,252,4828,0,0.01028977938217146,0.1076281217600412,0.1489578548120099,0.15117689038029647,0.32573399672689718,0.47490891313083999,0.23859802840996344,0.00023859802840996342,False,0.06351126666257742,145,10000,10000,-0.074556452832829037,0.19448540453396113,1052289425,False
HSI,patchtst,10,252,4828,0,0.015082331186520026,0.11773754007011887,0.18605040713000451,0.19931416584539716,0.41585167364791542,0.56129988345914772,1.5588954704922562,0.0015588954704922561,False,0.10060381898057202,60,10000,10000,-0.015841153769062782,0.22111458131653955,1529558689,False
HSI,timesfm,10,252,4828,0,-0.0064155450532373814,0.1094437575498703,-0.0040212277748992572,0.09226023893453493,0.44178536240437571,0.55000059869337825,10.538247584484591,0.010538247584484588,False,-0.089467815924331742,41,10000,10000,-0.16391940710986372,-0.013596767653413585,1489471868,True
KOSPI,autoarima,0,252,4837,0,0.042788924550007712,0.10527866946571347,0.4507313521161429,0.4507313521161429,0.27328131964311864,0.67510832590707304,10.85420522468967,0,False,0.10395005476778446,75,10000,10000,0.0077979151312556009,0.19173735332939598,2037497451,True
KOSPI,autoets,0,252,4837,0,0.043049455129263059,0.10467306174035651,0.45512040833651179,0.45512040833651179,0.27186774108315692,0.67362583900554296,8.1230319669355122,0,False,0.10833911098815335,87,10000,10000,0.013051112891445598,0.19457451975369691,1496227938,True
KOSPI,chronos,0,252,4837,0,0.040802731163879891,0.10894936680478222,0.42167050582649956,0.42167050582649956,0.30648719669214219,0.69019183966891107,13.104429420991075,0,False,0.074889208478141123,27,10000,10000,-0.012275962184781292,0.16237720358309882,1070655043,False
KOSPI,ewma,0,252,4837,0,0.030254827545114438,0.10514161342989103,0.33616652931360613,0.33616652931360613,0.27250255628221776,0.66679189019194929,5.4273958514263585,0,False,-0.010614768034752309,154,10000,10000,-0.083345588434515255,0.050796345894037961,929237569,False
KOSPI,garch11,0,252,4837,0,0.03130010355813595,0.10472028748738363,0.34678129734835844,0.34678129734835844,0.28172973289192682,0.65036878209220805,7.455337305070425,0,False,0,0,0,0,0,0,0,False
KOSPI,garch11_t,0,252,4837,0,0.032780787993926364,0.10407890690273347,0.36205598526606392,0.36205598526606392,0.27882950434871867,0.64379487927881895,6.701922383190043,0,False,0.015274687917705476,37,10000,10000,0.00023260115351192719,0.030542175099662453,370556938,True
KOSPI,gjr,0,252,4837,0,0.04159583884773288,0.10596899605255926,0.43767400594332284,0.43767400594332284,0.25782786612250441,0.66959512570919621,8.9515816279939724,0,False,0.0908927085949644,47,10000,10000,0.029679071012600665,0.15408191250950992,1984694382,True
KOSPI,har,0,252,4837,0,0.041315778229387146,0.10640846244057457,0.43379738847812455,0.43379738847812455,0.27895533500812331,0.67033467224290766,10.282210667069222,0,False,0.087016091129766104,21,10000,10000,0.008798571630366063,0.16655515661333969,928339297,True
KOSPI,lgbm,0,252,4837,0,0.03564020997865569,0.10378405539123976,0.3894368676181012,0.3894368676181012,0.3046468713199697,0.64061068169498614,16.670868850115699,0,False,0.04265557026974276,63,10000,10000,-0.062805393118527023,0.13914142098701307,991267499,False
KOSPI,moirai,0,252,4837,0,0.042669251642570183,0.10893119911248,0.43816107055749842,0.43816107055749842,0.30517499040273244,0.69390828156587014,13.610584913558085,0,False,0.091379773209139981,28,10000,10000,-0.0030335776975962316,0.18279231085986872,592649134,False
KOSPI,naive,0,252,4837,0,0.038558386036368741,0.11188359174152136,0.39422520397391392,0.39422520397391392,0.34952540088800499,0.59221632212831876,0.29099858925056005,0,False,0.047443906625555476,124,10000,10000,-0.074070604012150862,0.17743367354066064,671598950,False
KOSPI,patchtst,0,252,4837,0,0.04226698167006715,0.1185111423996463,0.40874946101678167,0.40874946101678167,0.34621692641349266,0.69644207155786386,2.0078615492111771,0,False,0.061968163668423226,46,10000,10000,-0.07372295302834117,0.18583609307016599,1340362217,False
KOSPI,timesfm,0,252,4837,0,0.039235989199788213,0.1076446963045174,0.41147366950140729,0.41147366950140729,0.28847966859799001,0.67575074755234887,13.324183208077821,0,False,0.064692372153048849,20,10000,10000,-0.020860704239508247,0.14788530135600705,582671064,False
KOSPI,autoarima,1,252,4837,0,0.041657829514790912,0.10527866682078801,0.4404213874946703,0.4507313521161429,0.27434652442275076,0.67510832590707304,10.85420522468967,0.0010854205224689671,False,0.10075493769422222,75,10000,10000,0.005189154370729792,0.18931672550642367,1725279703,True
KOSPI,autoets,1,252,4837,0,0.042202575924391583,0.10467369245725087,0.44735732833285247,0.45512040833651179,0.27417797850086911,0.67362583900554296,8.1230319669355122,0.00081230319669355121,False,0.10769087853240439,87,10000,10000,0.013480774092323216,0.1943211235152357,1625484855,True
KOSPI,chronos,1,252,4837,0,0.039440010667473047,0.1089483166064832,0.40964645492553148,0.42167050582649956,0.30994252617710227,0.69019183966891107,13.104429420991075,0.0013104429420991075,False,0.0699800051250834,27,10000,10000,-0.017571036454067688,0.15447595352675922,1779183669,False
KOSPI,ewma,1,252,4837,0,0.02969583938972975,0.10514189004255262,0.33100367202769149,0.33616652931360613,0.27381509594000564,0.66679189019194929,5.4273958514263585,0.00054273958514263582,False,-0.0086627777727565913,154,10000,10000,-0.081276064232898348,0.053626161922104537,237070162,False
KOSPI,garch11,1,252,4837,0,0.030531743728603677,0.10471891893932354,0.33966644980044808,0.34678129734835844,0.28272552308664556,0.65036878209220805,7.455337305070425,0.00074553373050704238,False,0,0,0,0,0,0,0,False
KOSPI,garch11_t,1,252,4837,0,0.03208900298566042,0.10407822020178904,0.35561906106777275,0.36205598526606392,0.27998231004599794,0.64379487927881895,6.701922383190043,0.00067019223831900451,False,0.015952611267324668,37,10000,10000,0.00078510832434354483,0.031366679892842877,1693422028,True
KOSPI,gjr,1,252,4837,0,0.040663986574540179,0.10596902099220398,0.4292265458285458,0.43767400594332284,0.25878308794767313,0.66959512570919621,8.9515816279939724,0.00089515816279939729,False,0.089560096028097724,47,10000,10000,0.028211114000707933,0.15373640780324627,1737010714,True
KOSPI,har,1,252,4837,0,0.040245788342466282,0.10640830127927346,0.42413506755960012,0.43379738847812455,0.28046010609048078,0.67033467224290766,10.282210667069222,0.0010282210667069225,False,0.084468617759152043,21,10000,10000,0.0071487650914991629,0.16158753396700279,2051223739,True
KOSPI,lgbm,1,252,4837,0,0.033915172949456007,0.10378561045990443,0.37336823846333445,0.3894368676181012,0.30730927920851903,0.64061068169498614,16.670868850115699,0.0016670868850115705,False,0.033701788662886367,63,10000,10000,-0.072378297545407116,0.12608420491880995,325520123,False
KOSPI,moirai,1,252,4837,0,0.04125118348916712,0.10893205427544156,0.42566306710451968,0.43816107055749842,0.30768551767857344,0.69390828156587014,13.610584913558085,0.0013610584913558087,False,0.085996617304071599,28,10000,10000,-0.0074943919400147713,0.17613955428997738,1940646839,False
KOSPI,naive,1,252,4837,0,0.038528178608165708,0.11188348696277936,0.39396548242524787,0.39422520397391392,0.34957480614940939,0.59221632212831876,0.29099858925056005,2.9099858925056009e-05,False,0.054299032624799792,124,10000,10000,-0.063784071496963954,0.18846733769377141,2088569934,False
KOSPI,patchtst,1,252,4837,0,0.042057944342620557,0.11850966750081267,0.40706028835231145,0.40874946101678167,0.34657650142855323,0.69644207155786386,2.0078615492111771,0.00020078615492111768,False,0.067393838551863372,46,10000,10000,-0.063672607461421879,0.19140140806044798,741885327,False
KOSPI,timesfm,1,252,4837,0,0.037852758493172267,0.10764139537004722,0.39910797999494324,0.41147366950140729,0.29050782401067954,0.67575074755234887,13.324183208077821,0.0013324183208077822,False,0.059441530194495162,20,10000,10000,-0.025097734493333725,0.14275537654167381,541081526,False
KOSPI,autoarima,5,252,4837,0,0.037145602634831132,0.10527914883043678,0.39917965610275657,0.4507313521161429,0.28478850379815324,0.67510832590707304,10.85420522468967,0.0054271026123448359,False,0.087975492264718569,75,10000,10000,-0.0083726382717070856,0.17125623654042982,218141166,False
KOSPI,autoets,5,252,4837,0,0.038821871350156689,0.1046765002615523,0.41630481061891367,0.45512040833651179,0.28361006432781521,0.67362583900554296,8.1230319669355122,0.0040615159834677568,False,0.10510064678087566,87,10000,10000,0.0099055271830372979,0.1893219465863849,249631926,True
KOSPI,chronos,5,252,4837,0,0.034006801662623154,0.10894478509448105,0.36154571203563896,0.42167050582649956,0.32359287567353867,0.69019183966891107,13.104429420991075,0.0065522147104955372,False,0.050341548197600949,27,10000,10000,-0.037391871489089394,0.13741608448921988,85541750,False
KOSPI,ewma,5,252,4837,0,0.027462883163740681,0.10514320829451455,0.31035188935877805,0.33616652931360613,0.27904167716058503,0.66679189019194929,5.4273958514263585,0.002713697925713179,False,-0.00085227447925995126,154,10000,10000,-0.070603811131833422,0.058594301851232745,696073611,False
KOSPI,garch11,5,252,4837,0,0.027463964656235351,0.10471379334754792,0.31120416383803801,0.34678129734835844,0.28669497519782916,0.65036878209220805,7.455337305070425,0.0037276686525352129,False,0,0,0,0,0,0,0,False
KOSPI,garch11_t,5,252,4837,0,0.02932644502384929,0.10407575638197918,0.32986961792029434,0.36205598526606392,0.28457523341174884,0.64379487927881895,6.701922383190043,0.0033509611915950219,False,0.018665454082256339,37,10000,10000,0.0036801120589884753,0.034983549273789771,972777261,True
KOSPI,gjr,5,252,4837,0,0.036944817777869732,0.1059696308362385,0.39543484169418114,0.43767400594332284,0.26259177088871699,0.66959512570919621,8.9515816279939724,0.0044757908139969856,False,0.084230677856143132,47,10000,10000,0.022943413096031096,0.14778030022387464,1096398247,True
KOSPI,har,5,252,4837,0,0.035976724308980579,0.10640805874357938,0.38548403447529567,0.43379738847812455,0.28644796129756844,0.67033467224290766,10.282210667069222,0.0051411053335346114,False,0.074279870637257661,21,10000,10000,-0.0033986237758487537,0.15271905359895313,205390778,False
KOSPI,lgbm,5,252,4837,0,0.027043498704533819,0.1037927541810882,0.30909578677560157,0.3894368676181012,0.33293386409905623,0.64061068169498614,16.670868850115699,0.0083354344250578527,False,-0.0021083770624364395,63,10000,10000,-0.10710557248379483,0.088635731550648522,289228611,False
KOSPI,moirai,5,252,4837,0,0.035598018818704169,0.10893614861545829,0.37567069226871841,0.43816107055749842,0.31788759430747582,0.69390828156587014,13.610584913558085,0.0068052924567790444,False,0.064466528430680403,28,10000,10000,-0.028147603019937226,0.15410036772336036,1218522854,False
KOSPI,naive,5,252,4837,0,0.038407355768939944,0.11188308406215218,0.39292653442220837,0.39422520397391392,0.34977239002450222,0.59221632212831876,0.29099858925056005,0.00014549929462528003,False,0.081722370584170367,124,10000,10000,-0.041007027242151675,0.21643376014083221,1014003094,False
KOSPI,patchtst,5,252,4837,0,0.041222154054309845,0.11850424295476102,0.40030157252548443,0.40874946101678167,0.34801294518882708,0.69644207155786386,2.0078615492111771,0.0010039307746055885,False,0.089097408687446422,46,10000,10000,-0.04528192928070171,0.21167246966294492,37699176,False
KOSPI,timesfm,5,252,4837,0,0.032338055635241281,0.10762903651645564,0.34963489226247957,0.41147366950140729,0.29856303697301856,0.67575074755234887,13.324183208077821,0.0066620916040389094,False,0.038430728424441563,20,10000,10000,-0.046459214448986666,0.12098482556293404,236460164,False
KOSPI,autoarima,10,252,4837,0,0.031532566798995187,0.1052808596506653,0.34762436338397223,0.4507313521161429,0.29770292035534718,0.67510832590707304,10.85420522468967,0.010854205224689672,False,0.072004040467612218,75,10000,10000,-0.02608276744478456,0.15904995780555534,1090411322,False
KOSPI,autoets,10,252,4837,0,0.034611277446142896,0.10468065107982266,0.37748919429280448,0.45512040833651179,0.2952283311156586,0.67362583900554296,8.1230319669355122,0.0081230319669355136,False,0.10186887137644446,87,10000,10000,0.0082914380774783154,0.1872193633120551,866140688,True
KOSPI,chronos,10,252,4837,0,0.027254884224842346,0.10894187669995184,0.30141123123384567,0.42167050582649956,0.34027745017473099,0.69019183966891107,13.104429420991075,0.013104429420991074,False,0.02579090831748565,27,10000,10000,-0.061415368467166637,0.11156518205017235,422117178,False
KOSPI,ewma,10,252,4837,0,0.024678417861661694,0.10514533264653039,0.28453659966351524,0.33616652931360613,0.28861970155533456,0.66679189019194929,5.4273958514263585,0.005427395851426358,False,0.0089162767471552273,154,10000,10000,-0.061549073109431383,0.070013061064008827,1428314441,False
KOSPI,garch11,10,252,4837,0,0.023641945431325029,0.10470817080225009,0.27562032291636002,0.34678129734835844,0.29162608649251942,0.65036878209220805,7.455337305070425,0.0074553373050704258,False,0,0,0,0,0,0,0,False
KOSPI,garch11_t,10,252,4837,0,0.025883534712094702,0.10407331335709703,0.2976792782083692,0.36205598526606392,0.29027543044552417,0.64379487927881895,6.701922383190043,0.0067019223831900438,False,0.022058955292009186,37,10000,10000,0.0067552355831117603,0.038318550787789542,2132875834,True
KOSPI,gjr,10,252,4837,0,0.032314343397933598,0.10597154081152067,0.35319193335776039,0.43767400594332284,0.26732528092449659,0.66959512570919621,8.9515816279939724,0.0089515816279939712,False,0.077571610441400374,47,10000,10000,0.016358899027531001,0.14186676624623493,2099568744,True
KOSPI,har,10,252,4837,0,0.030664826667403444,0.10640866032209646,0.33716712853093239,0.43379738847812455,0.2938629986743595,0.67033467224290766,10.282210667069222,0.010282210667069223,False,0.061546805614572375,21,10000,10000,-0.016773862346672441,0.13895461896396319,1802180046,False
KOSPI,lgbm,10,252,4837,0,0.018517622502087105,0.10380376121129047,0.22876308443021387,0.3894368676181012,0.37109478503610749,0.64061068169498614,16.670868850115699,0.016670868850115705,False,-0.046857238486146147,63,10000,10000,-0.15163329991380423,0.045841637384156628,1613512599,False
KOSPI,moirai,10,252,4837,0,0.02857436439547878,0.10894278218707082,0.31318115089158549,0.43816107055749842,0.33650837311425241,0.69390828156587014,13.610584913558085,0.013610584913558089,False,0.037560827975225475,28,10000,10000,-0.055263653772900025,0.12915657909222339,218525964,False
KOSPI,naive,10,252,4837,0,0.038256342683313349,0.11188261691895811,0.39162771119416212,0.39422520397391392,0.35001928625548107,0.59221632212831876,0.29099858925056005,0.00029099858925056007,False,0.1160073882778021,124,10000,10000,-0.010146937043759669,0.25096694701744182,502044293,False
KOSPI,patchtst,10,252,4837,0,0.040178223598115625,0.11849853125112214,0.39184877264618079,0.40874946101678167,0.34980432994576849,0.69644207155786386,2.0078615492111771,0.0020078615492111771,False,0.11622844972982077,46,10000,10000,-0.015228481865740691,0.24419709140445517,1122462500,False
KOSPI,timesfm,10,252,4837,0,0.025485493735141418,0.10761548946997933,0.28777246784112492,0.41147366950140729,0.31149119247601131,0.67575074755234887,13.324183208077821,0.013324183208077819,False,0.012152144924764907,20,10000,10000,-0.071235210335212892,0.093597297279078201,1332878347,False
NDX,autoarima,0,252,4942,0,0.098174909746511441,0.10561805780581721,0.93972654775325426,0.93972654775325426,0.21638010786215178,0.6171308019567816,13.698412186751051,0,False,0.063338947908748944,52,10000,10000,-0.022537478659137772,0.15678179145288515,1152924738,False
NDX,autoets,0,252,4942,0,0.097416383858506483,0.10408516684929568,0.94537660661624534,0.94537660661624534,0.21198175820201937,0.61564795925740834,11.06108619409644,0,False,0.068989006771740025,55,10000,10000,-0.018173316853776489,0.15993750578061086,1762618430,False
NDX,chronos,0,252,4942,0,0.10119403267547677,0.10825715137904177,0.94479417610419991,0.94479417610419991,0.22432679336141881,0.61880025627227253,13.311436292230635,0,False,0.068406576259694596,27,10000,10000,-0.020080554038060798,0.16183375372866296,1524978341,False
NDX,ewma,0,252,4942,0,0.089480369931660197,0.10493991599581348,0.86936936045199109,0.86936936045199109,0.20365249035561872,0.59430301086080561,4.9449217471909854,0,False,-0.007018239392514225,123,10000,10000,-0.074125311250093889,0.051727576908578446,1360436766,False
NDX,garch11,0,252,4942,0,0.088418765363177387,0.10272200814777814,0.87638759984450532,0.87638759984450532,0.21272634218126185,0.5749028679711744,6.9364285635067162,0,False,0,0,0,0,0,0,0,False
NDX,garch11_t,0,252,4942,0,0.086823123931922597,0.10147770920566997,0.87141323729955888,0.87141323729955888,0.21054257743310734,0.56823271036958534,6.5735564073621404,0,False,-0.0049743625449464313,134,10000,10000,-0.033263391742408041,0.016660540110138566,1911391078,False
NDX,gjr,0,252,4942,0,0.085251846889422334,0.1028228471445426,0.84729773628852478,0.84729773628852478,0.21676941291040364,0.59367288719242572,7.9084600772051665,0,False,-0.029089863555980533,47,10000,10000,-0.081983365240603095,0.023294896675045643,1520268929,False
NDX,har,0,252,4942,0,0.096395409657150655,0.10497521581319907,0.92937853411355931,0.92937853411355931,0.21885308418889315,0.60530221718682065,13.259284682783608,0,False,0.052990934269053991,27,10000,10000,-0.024575239246528897,0.13547068053835834,612613346,False
NDX,lgbm,0,252,4942,0,0.086163454139680296,0.1025717729986825,0.85726838565910923,0.85726838565910923,0.23243338022714533,0.56635753885876461,16.04433041834173,0,False,-0.019119214185396083,77,10000,10000,-0.13990179687155649,0.10643484399766737,926432430,False
NDX,moirai,0,252,4942,0,0.10515275474169195,0.10956591120555056,0.96757704440603332,0.96757704440603332,0.23281961266705209,0.63355970876094714,14.455116414192885,0,False,0.091189444561527999,27,10000,10000,0.0099238922723326774,0.18235897412269994,1122341504,True
NDX,naive,0,252,4942,0,0.073578261778850074,0.10762546916828959,0.71361244396995405,0.71361244396995405,0.27991611256473181,0.5039497495267552,0.25731377229926544,0,False,-0.16277515587455127,116,10000,10000,-0.3110718878533284,-0.028032223506134008,151030764,True
NDX,patchtst,0,252,4942,0,0.097963827989232311,0.11754840996260869,0.85404022149042991,0.85404022149042991,0.22093982013401636,0.62685414006590445,2.0338620716517535,0,False,-0.022347378354075409,52,10000,10000,-0.13363939223413873,0.085149166452857125,1424753064,False
NDX,timesfm,0,252,4942,0,0.098767713100089249,0.10673273058180617,0.93607636800296679,0.93607636800296679,0.22812719447292762,0.60594195727106426,14.809822598099663,0,False,0.059688768158461469,72,10000,10000,-0.032411333852355402,0.15346848587311943,1352336449,False
NDX,autoarima,1,252,4942,0,0.096672183964548575,0.10561760986485455,0.92676071489249423,0.93972654775325426,0.21730753558431692,0.6171308019567816,13.698412186751051,0.0013698412186751053,False,0.057118692847937247,52,10000,10000,-0.029534908811366712,0.15133382222508118,386764401,False
NDX,autoets,1,252,4942,0,0.096203679706744261,0.10408455835463139,0.93475511405034462,0.94537660661624534,0.21240853935758608,0.61564795925740834,11.06108619409644,0.0011061086194096442,False,0.065113092005787632,55,10000,10000,-0.019749441355373744,0.15588905276905909,1513128006,False
NDX,chronos,1,252,4942,0,0.099729808115585961,0.1082561005176739,0.93250710151752902,0.94479417610419991,0.22533557462730991,0.61880025627227253,13.311436292230635,0.0013311436292230635,False,0.062865079472972041,27,10000,10000,-0.025896351814894653,0.15415922980347946,1006981864,False
NDX,ewma,1,252,4942,0,0.088942057289733034,0.1049388147994561,0.86466628819708402,0.86936936045199109,0.20393963529565229,0.59430301086080561,4.9449217471909854,0.00049449217471909859,False,-0.0049757338474729629,123,10000,10000,-0.069771486500841792,0.054007220252455239,877095141,False
NDX,garch11,1,252,4942,0,0.087664383004884883,0.10272117612885018,0.86964202204455698,0.87638759984450532,0.21298234369378011,0.5749028679711744,6.9364285635067162,0.00069364285635067175,False,0,0,0,0,0,0,0,False
NDX,garch11_t,1,252,4942,0,0.08610924713833179,0.10147682493389566,0.86494294149522699,0.87141323729955888,0.21080623685288746,0.56823271036958534,6.5735564073621404,0.00065735564073621407,False,-0.0046990805493299925,134,10000,10000,-0.034050744569879027,0.01647473399455416,1328117670,False
NDX,gjr,1,252,4942,0,0.084394270646439562,0.10282203262795678,0.83961304216737043,0.84729773628852478,0.21714489888005362,0.59367288719242572,7.9084600772051665,0.00079084600772051661,False,-0.030028979877186557,47,10000,10000,-0.082538902398476902,0.023107864078867668,37772835,False
NDX,har,1,252,4942,0,0.094943183537294029,0.10497471102057081,0.9167520709210506,0.92937853411355931,0.2197330350644362,0.60530221718682065,13.259284682783608,0.0013259284682783608,False,0.047110048876493615,27,10000,10000,-0.031083146815072214,0.12835118931221406,665168092,False
NDX,lgbm,1,252,4942,0,0.084422784650896032,0.10257105494265879,0.84163222518476755,0.85726838565910923,0.23361502265071787,0.56635753885876461,16.04433041834173,0.0016044330418341728,False,-0.028009796859789438,77,10000,10000,-0.15129623996480457,0.098983086449402513,2144090514,False
NDX,moirai,1,252,4942,0,0.10355706486389993,0.10956526853215177,0.95438956424239407,0.96757704440603332,0.23382444436343952,0.63355970876094714,14.455116414192885,0.0014455116414192888,False,0.084747542197837089,27,10000,10000,0.0017041129499455619,0.17652406934603015,926882359,True
NDX,naive,1,252,4942,0,0.073550636791287261,0.10762552556357713,0.71337298756336331,0.71361244396995405,0.2799438912290374,0.5039497495267552,0.25731377229926544,2.5731377229926544e-05,False,-0.15626903448119367,116,10000,10000,-0.30407235736175914,-0.018275442842837112,114651517,True
NDX,patchtst,1,252,4942,0,0.097740870179508832,0.11754644020126767,0.85232427031906444,0.85404022149042991,0.22100932925950967,0.62685414006590445,2.0338620716517535,0.00020338620716517538,False,-0.017317751725492547,51,10000,10000,-0.1270028137886412,0.092675078339015907,297434194,False
NDX,timesfm,1,252,4942,0,0.097142062129639495,0.10673418352790712,0.92218819947698127,0.93607636800296679,0.22909895468784458,0.60594195727106426,14.809822598099663,0.0014809822598099663,False,0.05254617743242429,72,10000,10000,-0.038304849723599044,0.14746950561441896,991309669,False
NDX,autoarima,5,252,4942,0,0.090681644587324861,0.10561660067146753,0.87488980104859126,0.93972654775325426,0.22100634554225873,0.6171308019567816,13.698412186751051,0.006849206093375527,False,0.032234047388777665,52,10000,10000,-0.054386814167995519,0.12515119257088736,1148551570,False
NDX,autoets,5,252,4942,0,0.091366132483142071,0.10408268754252573,0.89226307401104044,0.94537660661624534,0.21411336599654196,0.61564795925740834,11.06108619409644,0.0055305430970482208,False,0.049607320351226836,54,10000,10000,-0.036084526563701314,0.14096325607507237,520144186,False
NDX,chronos,5,252,4942,0,0.093892165660592664,0.10825283354235003,0.88334877591009431,0.94479417610419991,0.2293576652988456,0.61880025627227253,13.311436292230635,0.0066557181461153175,False,0.040693022250280708,27,10000,10000,-0.048984951621508684,0.13230001424379062,679635321,False
NDX,ewma,5,252,4942,0,0.086791428344083377,0.1049346416374317,0.84585114502272141,0.86936936045199109,0.20508718719345209,0.59430301086080561,4.9449217471909854,0.0024724608735954934,False,0.0031953913629078068,123,10000,10000,-0.060727246856539269,0.061913962760771657,1492225359,False
NDX,garch11,5,252,4942,0,0.084652019021921543,0.10271819721654565,0.8426557536598136,0.87638759984450532,0.21400552400265527,0.5749028679711744,6.9364285635067162,0.0034682142817533588,False,0,0,0,0,0,0,0,False
NDX,garch11_t,5,252,4942,0,0.083258370389836633,0.10147362510023425,0.83905784192565025,0.87141323729955888,0.21186000060718813,0.56823271036958534,6.5735564073621404,0.0032867782036810705,False,-0.0035979117341633504,134,10000,10000,-0.032215311580469655,0.017347771844707056,1371880082,False
NDX,gjr,5,252,4942,0,0.080970645294141663,0.1028193589992167,0.80886845040867206,0.84729773628852478,0.21864505773668341,0.59367288719242572,7.9084600772051665,0.0039542300386025834,False,-0.033787303251141543,47,10000,10000,-0.08619095579989422,0.018432341824863904,1453027642,False
NDX,har,5,252,4942,0,0.089153330995758839,0.10497341036486658,0.86623907457395155,0.92937853411355931,0.22324299159256111,0.60530221718682065,13.259284682783608,0.0066296423413918044,False,0.023583320914137951,27,10000,10000,-0.055340006016700832,0.10634699514363488,1512391275,False
NDX,lgbm,5,252,4942,0,0.07748775369014127,0.10256903405812509,0.77907892745015284,0.85726838565910923,0.23832354787874288,0.56635753885876461,16.04433041834173,0.0080221652091708624,False,-0.063576826209660764,77,10000,10000,-0.18025508625700418,0.063484538049567996,2067888542,False
NDX,moirai,5,252,4942,0,0.097197125184621758,0.10956349373772509,0.90163154673854573,0.96757704440603332,0.23783069762722853,0.63355970876094714,14.455116414192885,0.0072275582070964418,False,0.058975793078732131,27,10000,10000,-0.02389897818104314,0.14961252630488558,1732415821,False
NDX,naive,5,252,4942,0,0.073440141333853681,0.10762577346411685,0.71241501670610641,0.71361244396995405,0.28005499535315481,0.5039497495267552,0.25731377229926544,0.00012865688614963273,False,-0.13024073695370719,116,10000,10000,-0.27803407416700354,0.01378671609962942,410315139,False
NDX,patchtst,5,252,4942,0,0.096849427833651358,0.11753904330721582,0.84545642238001484,0.85404022149042991,0.22128731795883572,0.62685414006590445,2.0338620716517535,0.0010169310358258772,False,0.0028006687202012381,51,10000,10000,-0.10735344530446815,0.11475139347177347,1534824473,False
NDX,timesfm,5,252,4942,0,0.090663238691658377,0.10674120589749105,0.86662947746574803,0.93607636800296679,0.23297384523700171,0.60594195727106426,14.809822598099663,0.0074049112990498328,False,0.023973723805934433,72,10000,10000,-0.064343800759896527,0.11860625443597568,1476264543,False
NDX,autoarima,10,252,4942,0,0.0832390836966308,0.10561709999229182,0.81003625986471017,0.93972654775325426,0.2256054263900299,0.6171308019567816,13.698412186751051,0.013698412186751054,False,0.0011217303533447298,52,10000,10000,-0.084779881053200626,0.095030400971302859,1868851531,False
NDX,autoets,10,252,4942,0,0.085348946676069071,0.10408161620221805,0.83913565937800239,0.94537660661624534,0.21623923806146372,0.61564795925740834,11.06108619409644,0.011061086194096442,False,0.030221129866636942,54,10000,10000,-0.05651543130429322,0.12051202975013789,1553914209,False
NDX,chronos,10,252,4942,0,0.086638250123502347,0.1082508570217752,0.82188069729944202,0.94479417610419991,0.23435607683191939,0.61880025627227253,13.311436292230635,0.013311436292230635,False,0.012966167788076577,27,10000,10000,-0.075310551692644681,0.10445740241682404,105533551,False
NDX,ewma,10,252,4942,0,0.084109031361262687,0.10492994638822904,0.82232602682102041,0.86936936045199109,0.20651931711553362,0.59430301086080561,4.9449217471909854,0.0049449217471909867,False,0.013411497309654963,123,10000,10000,-0.050464610746157317,0.072862688397170056,580010688,False
NDX,garch11,10,252,4942,0,0.080898160082626402,0.10271525924812169,0.80891452951136544,0.87638759984450532,0.21528264345314252,0.5749028679711744,6.9364285635067162,0.0069364285635067175,False,0,0,0,0,0,0,0,False
NDX,garch11_t,10,252,4942,0,0.079705170652075052,0.10147038418568895,0.80669313851714597,0.87141323729955888,0.21317524112594266,0.56823271036958534,6.5735564073621404,0.0065735564073621409,False,-0.0022213909942194743,134,10000,10000,-0.031131290260466134,0.018843121593573622,702461660,False
NDX,gjr,10,252,4942,0,0.076706104254438134,0.10281733202591027,0.77042560807884852,0.84729773628852478,0.22051624632110789,0.59367288719242572,7.9084600772051665,0.0079084600772051667,False,-0.03848892143251692,47,10000,10000,-0.092571954960295424,0.015318831850955566,1144312505,False
NDX,har,10,252,4942,0,0.081958696377648632,0.10497340124256775,0.80308370034747822,0.92937853411355931,0.22760836370468895,0.60530221718682065,13.259284682783608,0.013259284682783609,False,-0.0058308291638872189,27,10000,10000,-0.082035745124427961,0.077728952852689215,1357083729,False
NDX,lgbm,10,252,4942,0,0.068880844057867652,0.10256842354492358,0.70087074900732782,0.85726838565910923,0.24416880952203723,0.56635753885876461,16.04433041834173,0.016044330418341725,False,-0.10804378050403762,77,10000,10000,-0.2242763977928722,0.016095682736055363,1923434152,False
NDX,moirai,10,252,4942,0,0.089298302597193624,0.10956306607733318,0.83566796180295599,0.96757704440603332,0.24280922559039286,0.63355970876094714,14.455116414192885,0.014455116414192884,False,0.026753432291590551,27,10000,10000,-0.055129063904373082,0.11817280029591773,116692719,False
NDX,naive,10,252,4942,0,0.073302032118517602,0.10762613355811865,0.71121722748649907,0.71361244396995405,0.28019385181173928,0.5039497495267552,0.25731377229926544,0.00025731377229926545,False,-0.097697302024866373,116,10000,10000,-0.2522835816189225,0.042337685820265827,466175514,False
NDX,patchtst,10,252,4942,0,0.095735999476471489,0.11753088219634132,0.83686267107526435,0.85404022149042991,0.22163469629549426,0.62685414006590445,2.0338620716517535,0.0020338620716517544,False,0.027948141563898909,51,10000,10000,-0.085345790566891525,0.13586596822932959,590823657,False
NDX,timesfm,10,252,4942,0,0.082617957228836136,0.10675270719729507,0.79717101726215467,0.93607636800296679,0.23779023345728345,0.60594195727106426,14.809822598099663,0.014809822598099666,False,-0.011743512249210775,72,10000,10000,-0.10090144699968502,0.080250718698535117,945132414,False
NKX,autoarima,0,252,4795,21,0.039919948372066472,0.1216982207384624,0.382647020540341,0.382647020540341,0.35225256344443068,0.59979591951358824,9.587473274866797,0,False,0.035406019813342404,31,10000,10000,-0.038512672108310768,0.13279760413299832,1360804403,False
NKX,autoets,0,252,4795,21,0.042415465987214906,0.12046378200662979,0.40521362083077878,0.40521362083077878,0.34871458884923578,0.59913226440152756,8.0287066974825656,0,False,0.057972620103780181,49,10000,10000,-0.016481689437130225,0.15825536702670112,1625938954,False
NKX,chronos,0,252,4795,21,0.040068412134679487,0.12045268109182347,0.38652563964638764,0.38652563964638764,0.36859112361944046,0.59552744554111181,12.320096631642468,0,False,0.039284638919389048,101,10000,10000,-0.035186828888664728,0.14211098301196648,1950067070,False
NKX,ewma,0,252,4795,0,0.033999198571870393,0.10516587597470935,0.37059438407215356,0.37059438407215356,0.3398308542170928,0.53678224201484714,4.4005470493594308,0,False,0.023353383345154966,129,10000,10000,-0.047902304747090577,0.095198683605789397,1940959450,False
NKX,garch11,0,252,4795,0,0.030947844001332436,0.10311608649188268,0.34724100072699859,0.34724100072699859,0.3328024742429202,0.51574063299747352,7.707766519656519,0,False,0,0,0,0,0,0,0,False
NKX,garch11_t,0,252,4795,0,0.029547223451158455,0.10297157219663741,0.33438828600816894,0.33438828600816894,0.33140572153644987,0.51239919623752161,6.6578287735718193,0,False,-0.01285271471882965,164,10000,10000,-0.041424876788539386,0.0094183840765611187,1504382039,False
NKX,gjr,0,252,4795,0,0.037411483387773226,0.10327133233858327,0.40736996440430484,0.40736996440430484,0.32304259628299725,0.53273669154585923,8.0677674307322782,0,False,0.060128963677306246,34,10000,10000,-0.0058560869849815502,0.12579491047924934,1498446998,False
NKX,har,0,252,4795,21,0.039032566669496616,0.12136367241529397,0.37632360229256151,0.37632360229256151,0.35939584720075846,0.59917390736984755,9.8135697929281296,0,False,0.029082601565562916,42,10000,10000,-0.03917145224627603,0.1206509220388116,1500069767,False
NKX,lgbm,0,252,4795,21,0.039590447424235897,0.12056818190402786,0.38246590584482248,0.38246590584482248,0.32917625997711586,0.57149879017324323,15.707692019648675,0,False,0.03522490511782389,61,10000,10000,-0.049124017933869363,0.14585689196179466,506293419,False
NKX,moirai,0,252,4795,21,0.041483407595821475,0.12021845539868746,0.39833359707307248,0.39833359707307248,0.36463302257487851,0.59877921387356092,11.72192090149418,0,False,0.051092596346073882,102,10000,10000,-0.017722274684369547,0.15352227648388173,1849849323,False
NKX,naive,0,252,4795,0,0.03352298847448365,0.10665831225853246,0.36259327682620096,0.36259327682620096,0.33257839125448563,0.46093755970885658,0.22143198268613901,0,False,0.015352276099202367,83,10000,10000,-0.11185235870584288,0.14112353965767457,1407332518,False
NKX,patchtst,0,252,4795,21,0.051119546396436677,0.13874206855441149,0.42895001642927549,0.42895001642927549,0.4107704290104589,0.6228582944345038,1.9451850813405307,0,False,0.081709015702276899,43,10000,10000,-0.043258029530768669,0.22984938370873254,2114117926,False
NKX,timesfm,0,252,4795,21,0.036841393332793571,0.11935685658639736,0.36293904631097984,0.36293904631097984,0.37007894978979039,0.58230404032860072,13.596137263303719,0,False,0.015698045583981246,91,10000,10000,-0.054261742881777673,0.11796711929309359,1019789665,False
NKX,autoarima,1,252,4795,21,0.038923759339462904,0.12169635765285339,0.37477468613521259,0.382647020540341,0.35292858089398427,0.59979591951358824,9.587473274866797,0.00095874732748667973,False,0.035003089706461155,31,10000,10000,-0.041858809645184743,0.13256098331608956,117549042,False
NKX,autoets,1,252,4795,21,0.041579161391610331,0.12046234668861333,0.39855353922526576,0.40521362083077878,0.3493355526978269,0.59913226440152756,8.0287066974825656,0.00080287066974825665,False,0.05878194279651433,49,10000,10000,-0.014037739779701828,0.15579266017831395,2138717694,False
NKX,chronos,1,252,4795,21,0.038787995452379764,0.12045257132352545,0.37629781950634517,0.38652563964638764,0.36977699533957598,0.59552744554111181,12.320096631642468,0.0012320096631642467,False,0.036526223077593734,101,10000,10000,-0.037068030254939696,0.13581177384129348,1223810449,False
NKX,ewma,1,252,4795,0,0.033544492883126331,0.10516434597040858,0.36641532804438026,0.37059438407215356,0.34093229914363588,0.53678224201484714,4.4005470493594308,0.00044005470493594301,False,0.02664373161562883,129,10000,10000,-0.043991638447949385,0.096880528800218857,1313769145,False
NKX,garch11,1,252,4795,0,0.030153769983249479,0.10311443564080902,0.33977159642875143,0.34724100072699859,0.33449244931652089,0.51574063299747352,7.707766519656519,0.00077077665196565186,False,0,0,0,0,0,0,0,False
NKX,garch11_t,1,252,4795,0,0.028862230169618641,0.10296993348848163,0.32792780876002053,0.33438828600816894,0.33283882906583273,0.51239919623752161,6.6578287735718193,0.00066578287735718198,False,-0.011843787668730898,165,10000,10000,-0.040015075243330395,0.0097026044429634403,666685292,False
NKX,gjr,1,252,4795,0,0.036575013001586498,0.10327086882215722,0.39955955349556849,0.40736996440430484,0.32505058149918742,0.53273669154585923,8.0677674307322782,0.00080677674307322788,False,0.059787957066817055,34,10000,10000,-0.0061599948948916211,0.12546849327991177,578270840,False
NKX,har,1,252,4795,21,0.03801363883609743,0.12136276571014125,0.3682402683391599,0.37632360229256151,0.36018628557190158,0.59917390736984755,9.8135697929281296,0.00098135697929281293,False,0.028468671910408472,42,10000,10000,-0.038809869791220107,0.11706518381219266,550940132,False
NKX,lgbm,1,252,4795,21,0.037958979678457405,0.12056815208086831,0.36943793976494449,0.38246590584482248,0.33050419749345339,0.57149879017324323,15.707692019648675,0.0015707692019648679,False,0.029666343336193057,61,10000,10000,-0.051001072544299177,0.13993556180214781,1836262648,False
NKX,moirai,1,252,4795,21,0.040263331772478095,0.12021947084266557,0.38857979789742586,0.39833359707307248,0.36588808647431903,0.59877921387356092,11.72192090149418,0.0011721920901494182,False,0.048808201468674428,102,10000,10000,-0.021131944778220075,0.14998189118863986,964499107,False
NKX,naive,1,252,4795,0,0.033500132486697254,0.10665804858224805,0.36238656395911134,0.36259327682620096,0.33260279720836561,0.46093755970885658,0.22143198268613901,2.21431982686139e-05,False,0.022614967530359908,83,10000,10000,-0.10925088041217734,0.14847493061640465,1924540745,False
NKX,patchtst,1,252,4795,21,0.050914995786786044,0.13874306024094588,0.42754494512876701,0.42895001642927549,0.41113234225953499,0.6228582944345038,1.9451850813405307,0.00019451850813405309,False,0.087773348700015574,43,10000,10000,-0.035997734542850095,0.2356166918970643,1852824699,False
NKX,timesfm,1,252,4795,21,0.035432749514083151,0.11935725498299377,0.35154670723444154,0.36293904631097984,0.37119273725720747,0.58230404032860072,13.596137263303719,0.0013596137263303717,False,0.011775110805690103,91,10000,10000,-0.057999535046104639,0.11197168509889872,1332699734,False
NKX,autoarima,5,252,4795,21,0.034948438897336231,0.12168938457323988,0.34328158597973746,0.382647020540341,0.35562564893534543,0.59979591951358824,9.587473274866797,0.0047937366374333984,False,0.033391097577638473,31,10000,10000,-0.044223014252058539,0.13018986817026526,1366242172,False
NKX,autoets,5,252,4795,21,0.038240576986682262,0.1204569531216684,0.37191055207817708,0.40521362083077878,0.35181351499646696,0.59913226440152756,8.0287066974825656,0.0040143533487412841,False,0.062020063676078097,49,10000,10000,-0.013269759584236084,0.16089675730671124,1883046819,False
NKX,chronos,5,252,4795,21,0.033681899697104445,0.12045301966638811,0.33538388163456773,0.38652563964638764,0.37449833539139343,0.59552744554111181,12.320096631642468,0.0061600483158212342,False,0.025493393232468742,101,10000,10000,-0.045645341428703995,0.12985615109926249,299079974,False
NKX,ewma,5,252,4795,0,0.031727644701557978,0.1051583757599283,0.34969738969274916,0.37059438407215356,0.34531977842447037,0.53678224201484714,4.4005470493594308,0.0022002735246797155,False,0.039806901290650176,129,10000,10000,-0.032757333624059137,0.11383644890597459,2138470277,False
NKX,garch11,5,252,4795,0,0.026983522591971232,0.10310819789733303,0.30989048840209898,0.34724100072699859,0.34120972639259339,0.51574063299747352,7.707766519656519,0.0038538832598282585,False,0,0,0,0,0,0,0,False
NKX,garch11_t,5,252,4795,0,0.026126763022575661,0.10296366730102206,0.30208299648729914,0.33438828600816894,0.33854066422954343,0.51239919623752161,6.6578287735718193,0.0033289143867859098,False,-0.0078074919147998467,167,10000,10000,-0.035877666064783341,0.01339900649902407,1320817237,False
NKX,gjr,5,252,4795,0,0.033235795226823628,0.10326947101779781,0.36831558144451459,0.40736996440430484,0.33302326485493428,0.53273669154585923,8.0677674307322782,0.004033883715366139,False,0.05842509304241561,34,10000,10000,-0.0075152874710495959,0.12307695663933614,1925066331,False
NKX,har,5,252,4795,21,0.033947805394554331,0.12135965695419236,0.33590429074548822,0.37632360229256151,0.36333833908137092,0.59917390736984755,9.8135697929281296,0.0049067848964640635,False,0.026013802343389236,42,10000,10000,-0.043777654438634031,0.11438297794619719,1703839987,False
NKX,lgbm,5,252,4795,21,0.031458489478448204,0.1205686872753178,0.31732428844313443,0.38246590584482248,0.33935125840194169,0.57149879017324323,15.707692019648675,0.0078538460098243369,False,0.0074338000410354432,61,10000,10000,-0.076667151729939528,0.11790584410602148,713686317,False
NKX,moirai,5,252,4795,21,0.035397178070841528,0.12022409650082914,0.3495646093085088,0.39833359707307248,0.37088370269159898,0.59877921387356092,11.72192090149418,0.00586096045074709,False,0.039674120906409815,102,10000,10000,-0.028177837111992142,0.14214104433525987,1038683081,False
NKX,naive,5,252,4795,0,0.033408711608511332,0.10665701175454594,0.36155964166684756,0.36259327682620096,0.33270041226239122,0.46093755970885658,0.22143198268613901,0.0001107159913430695,False,0.05166915326474858,83,10000,10000,-0.083033626839013039,0.17570529970270815,1719480240,False
NKX,patchtst,5,252,4795,21,0.050097132676268918,0.1387474179768407,0.42192367179724855,0.42895001642927549,0.41257784984103485,0.6228582944345038,1.9451850813405307,0.00097259254067026527,False,0.11203318339514956,43,10000,10000,-0.015343923252800609,0.2623432118775173,1837204902,False
NKX,timesfm,5,252,4795,21,0.029817064766903156,0.11936003430285744,0.30597507182198674,0.36293904631097984,0.37562830668759672,0.58230404032860072,13.596137263303719,0.0067980686316518575,False,-0.0039154165801122409,91,10000,10000,-0.073797303630874347,0.096091570821838959,961657425,False
NKX,autoarima,10,252,4795,21,0.030000452310325665,0.12168174671531452,0.3039074412885,0.382647020540341,0.35898128405057694,0.59979591951358824,9.587473274866797,0.0095874732748667969,False,0.031375597628780061,31,10000,10000,-0.048115246605035113,0.12857242192845464,802332875,False
NKX,autoets,10,252,4795,21,0.034082233867795075,0.12045099358482966,0.3386012632570779,0.40521362083077878,0.35489775017524661,0.59913226440152756,8.0287066974825656,0.0080287066974825683,False,0.066069419597357959,49,10000,10000,-0.011687685066850846,0.1645045071322028,1005984410,False
NKX,chronos,10,252,4795,21,0.02733417430131535,0.12045557674780027,0.28423717605189391,0.38652563964638764,0.38494390914319876,0.59552744554111181,12.320096631642468,0.012320096631642468,False,0.011705332392173973,101,10000,10000,-0.063615969055005273,0.11607109195342144,1123525766,False
NKX,ewma,10,252,4795,0,0.02946102090861924,0.10515125010931813,0.32879624300189553,0.37059438407215356,0.35076317886096575,0.53678224201484714,4.4005470493594308,0.0044005470493594309,False,0.056264399342175586,129,10000,10000,-0.014522910752632241,0.12700058803668471,1729131502,False
NKX,garch11,10,252,4795,0,0.023034288692368232,0.10310122357635333,0.27253184365971994,0.34724100072699859,0.34951122433378667,0.51574063299747352,7.707766519656519,0.007707766519656517,False,0,0,0,0,0,0,0,False
NKX,garch11_t,10,252,4795,0,0.022717545550235307,0.102956484115313,0.26977085512865895,0.33438828600816894,0.3455996079737389,0.51239919623752161,6.6578287735718193,0.0066578287735718196,False,-0.0027609885310609927,208,10000,10000,-0.02851576982028188,0.017045118365635752,1977268336,False
NKX,gjr,10,252,4795,0,0.02907672712833409,0.10326875038057726,0.32925615370297501,0.40736996440430484,0.34285709649646645,0.53273669154585923,8.0677674307322782,0.008067767430732278,False,0.056724310043255066,34,10000,10000,-0.009964355804626273,0.12177424297441553,1664642536,False
NKX,har,10,252,4795,21,0.028887667788529248,0.12135693672441965,0.29547915072442821,0.37632360229256151,0.36725666986991756,0.59917390736984755,9.8135697929281296,0.0098135697929281271,False,0.022947307064708267,42,10000,10000,-0.044865557633135503,0.11150235150387416,419658177,False
NKX,lgbm,10,252,4795,21,0.023389689692883353,0.12057082883999194,0.25217979490453263,0.38246590584482248,0.36149447811965907,0.57149879017324323,15.707692019648675,0.015707692019648674,False,-0.020352048755187313,61,10000,10000,-0.10454565319639746,0.086993735287750701,577110926,False
NKX,moirai,10,252,4795,21,0.029346200605775641,0.12023114718061778,0.30079667141247918,0.39833359707307248,0.37707314528076619,0.59877921387356092,11.72192090149418,0.01172192090149418,False,0.028264827752759236,102,10000,10000,-0.03987439990606495,0.12944800289992778,624790207,False
NKX,naive,10,252,4795,0,0.033294442423455806,0.10665575594511897,0.36052583022029622,0.36259327682620096,0.33282241136887014,0.46093755970885658,0.22143198268613901,0.00022143198268613899,False,0.087993986560576276,83,10000,10000,-0.043139569735390466,0.21308194296294752,1044001166,False
NKX,patchtst,10,252,4795,21,0.049075566914827062,0.13875374480211186,0.41489494634259216,0.42895001642927549,0.41437991633658389,0.6228582944345038,1.9451850813405307,0.0019451850813405305,False,0.14236310268287222,43,10000,10000,0.017035190174271259,0.29398189882559062,107292302,True
NKX,timesfm,10,252,4795,21,0.022839774831286519,0.11936617617121245,0.24900794672526397,0.36293904631097984,0.38112896940675023,0.58230404032860072,13.596137263303719,0.013596137263303715,False,-0.023523896934455973,91,10000,10000,-0.094398849172731447,0.076173909904728221,739355003,False
SPY,autoarima,0,252,4904,0,0.07815913698711241,0.10002234244916178,0.80261218199702167,0.80261218199702167,0.24177538522946185,0.75659515782617415,19.055107217432059,0,False,0.070029123582759034,53,10000,10000,-0.019583855824357628,0.15970839825498684,1197153726,False
SPY,autoets,0,252,4904,0,0.077714999341887747,0.098974008014407394,0.80589403311427521,0.80589403311427521,0.22980436598204723,0.75651734290093064,16.248084281060958,0,False,0.073310974700012577,58,10000,10000,-0.020944689411089786,0.17283294575107405,1639265880,False
SPY,chronos,0,252,4904,0,0.079849411027924644,0.10379223805351,0.79227060847915542,0.79227060847915542,0.27674931041586481,0.7566746632649014,18.205479111502559,0,False,0.059687550064892791,26,10000,10000,-0.045396065470417614,0.15181732217304245,1378354763,False
SPY,ewma,0,252,4904,0,0.071405283701754252,0.10595826865700744,0.70416693954855425,0.70416693954855425,0.25799842193972533,0.75713256182368649,6.366761175230522,0,False,-0.028416118865708384,120,10000,10000,-0.10089610935138826,0.053038362688390746,1581626452,False
SPY,garch11,0,252,4904,0,0.072505786862711696,0.10279112283705254,0.73258305841426263,0.73258305841426263,0.26169820467898985,0.73139591862972331,10.915710171440933,0,False,0,0,0,0,0,0,0,False
SPY,garch11_t,0,252,4904,0,0.072729478324612407,0.10120869710366594,0.74450037941604197,0.74450037941604197,0.2601451324220353,0.72567485130334797,10.503946819839822,0,False,0.011917321001779335,150,10000,10000,-0.0033062061284398481,0.030356240472339764,415874867,False
SPY,gjr,0,252,4904,0,0.069184601493328834,0.10304088815566184,0.7009704642597594,0.7009704642597594,0.27611395143897199,0.76124984688877584,12.858756414703002,0,False,-0.031612594154503237,33,10000,10000,-0.087570929252620958,0.025793927921868201,816175998,False
SPY,har,0,252,4904,0,0.075852126680102439,0.099292632556619354,0.78619051573275167,0.78619051573275167,0.24832935150239033,0.73527116085788602,20.4521323162013,0,False,0.053607457318489038,27,10000,10000,-0.032915329578945718,0.13225587475783138,1851383385,False
SPY,lgbm,0,252,4904,0,0.06906410147196218,0.096553014275363572,0.74013046309530595,0.74013046309530595,0.20300771028979936,0.67675237254814224,19.606832741807889,0,False,0.0075474046810433126,55,10000,10000,-0.12636755828758267,0.12799584213313883,1615992836,False
SPY,moirai,0,252,4904,0,0.083227618934692771,0.10631902912498961,0.80533177551705015,0.80533177551705015,0.28994002414797448,0.78389530484935632,20.003996200892363,0,False,0.072748717102787519,25,10000,10000,-0.026033758421426901,0.16497147767781689,1179728458,False
SPY,naive,0,252,4904,0,0.054627134484364737,0.11161431932706885,0.53245128430353461,0.53245128430353461,0.32808236141428382,0.61415784183441779,0.3549325672031951,0,False,-0.20013177411072802,99,10000,10000,-0.38285894546830668,-0.031307854018615362,425127334,True
SPY,patchtst,0,252,4904,0,0.08192455847908664,0.11908638546296493,0.72102272038361481,0.72102272038361481,0.24373962114507042,0.79099929500752342,2.8596107274599794,0,False,-0.011560338030647821,52,10000,10000,-0.14863105550863046,0.10371200350532504,1010291485,False
SPY,timesfm,0,252,4904,0,0.074987891047230804,0.10205733616498081,0.75976228387379141,0.75976228387379141,0.26896786007711226,0.73736990370249766,20.733233912405119,0,False,0.027179225459528777,26,10000,10000,-0.064992331287922103,0.11279443575418777,1965645111,False
SPY,autoarima,1,252,4904,0,0.076107196601701954,0.10002249708882072,0.78356011978220741,0.80261218199702167,0.24293657293078363,0.75659515782617415,19.055107217432059,0.0019055107217432064,False,0.061603434638742627,53,10000,10000,-0.027513325431955983,0.15276447034347335,2058948118,False
SPY,autoets,1,252,4904,0,0.075965800243722015,0.098974194459524517,0.78947602949235085,0.80589403311427521,0.2305697750164547,0.75651734290093064,16.248084281060958,0.0016248084281060957,False,0.067519344348886068,58,10000,10000,-0.026764547282619858,0.16430318869641997,548458170,False
SPY,chronos,1,252,4904,0,0.077885534850069327,0.10379488386276149,0.77471055117935839,0.79227060847915542,0.27861389719013563,0.7566746632649014,18.205479111502559,0.0018205479111502558,False,0.052753866035893604,26,10000,10000,-0.051121831747708832,0.1440723706241388,34809725,False
SPY,ewma,1,252,4904,0,0.070723424024373482,0.10595915245153974,0.69815237222077675,0.70416693954855425,0.25852896351280541,0.75713256182368649,6.366761175230522,0.00063667611752305224,False,-0.023804312922688031,120,10000,10000,-0.096338547469554489,0.057896275379571212,268848352,False
SPY,garch11,1,252,4904,0,0.071335893880119849,0.10279212819244547,0.72195668514346478,0.73258305841426263,0.26228948618030279,0.73139591862972331,10.915710171440933,0.0010915710171440934,False,0,0,0,0,0,0,0,False
SPY,garch11_t,1,252,4904,0,0.071603435687598083,0.10120990000983898,0.73411315202046112,0.74450037941604197,0.26081562100574418,0.72567485130334797,10.503946819839822,0.0010503946819839822,False,0.012156466876996341,150,10000,10000,-0.0031247871965666991,0.030089544285505709,2101518024,False
SPY,gjr,1,252,4904,0,0.067810898390644248,0.10304162924299412,0.68848623695034772,0.7009704642597594,0.27711427300676683,0.76124984688877584,12.858756414703002,0.0012858756414703,False,-0.033470448193117064,33,10000,10000,-0.088089405804886403,0.022300973697107523,1092580275,False
SPY,har,1,252,4904,0,0.073654744021904417,0.099291447692510804,0.7656018170058847,0.78619051573275167,0.2499428090503969,0.73527116085788602,20.4521323162013,0.0020452132316201299,False,0.043645131862419917,27,10000,10000,-0.044128640334345909,0.12337133207132864,598073367,False
SPY,lgbm,1,252,4904,0,0.06697079720493182,0.096550802921897522,0.71984014416651765,0.74013046309530595,0.2040161740193448,0.67675237254814224,19.606832741807889,0.0019606832741807887,False,-0.0021165409769471344,55,10000,10000,-0.13285658482456278,0.12126412098019433,1990479072,False
SPY,moirai,1,252,4904,0,0.081063583556554075,0.10631853810727777,0.78652034127869086,0.80533177551705015,0.29181151972046859,0.78389530484935632,20.003996200892363,0.0020003996200892364,False,0.064563656135226077,25,10000,10000,-0.0331512111766755,0.15473048042379717,787306139,False
SPY,naive,1,252,4904,0,0.054589681352590125,0.11161453619919655,0.53213225121182606,0.53245128430353461,0.3281249946262933,0.61415784183441779,0.3549325672031951,3.5493256720319516e-05,False,-0.18982443393163873,99,10000,10000,-0.37871107986960684,-0.023269789855325632,314390772,True
SPY,patchtst,1,252,4904,0,0.081615226839959254,0.11908698728691923,0.71861779766270739,0.72102272038361481,0.24396455567884345,0.79099929500752342,2.8596107274599794,0.00028596107274599791,False,-0.0033388874807573909,52,10000,10000,-0.13943854641724607,0.11764863317534009,1095345915,False
SPY,timesfm,1,252,4904,0,0.072761928284922117,0.10205792957165315,0.73944270412185065,0.75976228387379141,0.27027217058225228,0.73736990370249766,20.733233912405119,0.002073323391240512,False,0.017486018978385864,26,10000,10000,-0.075227362477961482,0.10331227012987401,115829021,False
SPY,autoarima,5,252,4904,0,0.067938098243983447,0.10002462342773903,0.70734179733225622,0.80261218199702167,0.24830712270200428,0.75659515782617415,19.055107217432059,0.0095275536087160301,False,0.027894033202335522,53,10000,10000,-0.060613228256979103,0.11873481885295015,2112693128,False
SPY,autoets,5,252,4904,0,0.068997110103264703,0.098976134640579014,0.72379589899961572,0.80589403311427521,0.23410456789878276,0.75651734290093064,16.248084281060958,0.0081240421405304811,False,0.044348134869695022,58,10000,10000,-0.047511697698748287,0.14385058750838167,277132022,False
SPY,chronos,5,252,4904,0,0.070065350824058958,0.10380717486779631,0.70446768381327862,0.79227060847915542,0.28602449103358407,0.7566746632649014,18.205479111502559,0.0091027395557512786,False,0.025019919683357927,26,10000,10000,-0.079178784236762056,0.11681443764387023,3200617,False
SPY,ewma,5,252,4904,0,0.068000250270165985,0.10596316862998191,0.67409204628335939,0.70416693954855425,0.26064736306857683,0.75713256182368649,6.366761175230522,0.0031833805876152607,False,-0.0053557178465613031,120,10000,10000,-0.075752394698381006,0.078169135947591492,1298014224,False
SPY,garch11,5,252,4904,0,0.066668927382038445,0.1027969827077512,0.67944776412992069,0.73258305841426263,0.26464990926060272,0.73139591862972331,10.915710171440933,0.0054578550857204656,False,0,0,0,0,0,0,0,False
SPY,garch11_t,5,252,4904,0,0.067110938295907419,0.10121552326885759,0.6925611578153118,0.74450037941604197,0.26349153863554842,0.72567485130334797,10.503946819839822,0.0052519734099199114,False,0.013113393685391106,150,10000,10000,-0.0018708607187535391,0.030872136940804505,2073459669,False
SPY,gjr,5,252,4904,0,0.062333486452250231,0.10304602455498243,0.63854225609404391,0.7009704642597594,0.2811018477583499,0.76124984688877584,12.858756414703002,0.0064293782073515018,False,-0.040905508035876781,33,10000,10000,-0.096638655599997778,0.016571524825411466,781176400,False
SPY,har,5,252,4904,0,0.06490964046258374,0.099288461766888658,0.68323004136491905,0.78619051573275167,0.25636223433082839,0.73527116085788602,20.4521323162013,0.01022606615810065,False,0.0037822772349983547,27,10000,10000,-0.082482620780630719,0.081171186651178076,2093544159,False
SPY,lgbm,5,252,4904,0,0.058638163246397701,0.096543560352041105,0.63865896982806902,0.74013046309530595,0.20906503748271299,0.67675237254814224,19.606832741807889,0.0098034163709039435,False,-0.040788794301851672,55,10000,10000,-0.16990902356143697,0.080618137525904257,1286287348,False
SPY,moirai,5,252,4904,0,0.072450246765230819,0.10631807603602253,0.71126281828509763,0.80533177551705015,0.29924851288205645,0.78389530484935632,20.003996200892363,0.010001998100446181,False,0.031815054155176936,25,10000,10000,-0.065501275936633491,0.12361259761380727,1845303075,False
SPY,naive,5,252,4904,0,0.05443987642152659,0.11161545134211781,0.53085590459286669,0.53245128430353461,0.32829550083789449,0.61415784183441779,0.3549325672031951,0.00017746628360159754,False,-0.14859185953705401,99,10000,10000,-0.33646445297041166,0.022922883461890347,572126523,False
SPY,patchtst,5,252,4904,0,0.080378651187223538,0.1190904026882619,0.70899234814453238,0.72102272038361481,0.24486370304564875,0.79099929500752342,2.8596107274599794,0.0014298053637299896,False,0.029544584014611686,53,10000,10000,-0.10800521907258663,0.15077205354754455,1183316249,False
SPY,timesfm,5,252,4904,0,0.063903654556230816,0.10206250134163673,0.65815257289971241,0.75976228387379141,0.27582390117800393,0.73736990370249766,20.733233912405119,0.010366616956202558,False,-0.021295191230208288,26,10000,10000,-0.11599513815628296,0.064688556953838433,1801649010,False
SPY,autoarima,10,252,4904,0,0.057813175991647592,0.10003067362560171,0.61205269428949838,0.80261218199702167,0.25747551993306317,0.75659515782617415,19.055107217432059,0.01905510721743206,False,-0.014253145888573071,53,10000,10000,-0.10023722278021914,0.075498587908935405,1247784314,False
SPY,autoets,10,252,4904,0,0.06034915088617443,0.098981247104094228,0.64168193541104812,0.80589403311427521,0.23894839533669776,0.75651734290093064,16.248084281060958,0.016248084281060962,False,0.015376095232976672,58,10000,10000,-0.07771204183455066,0.11471652538110277,548785158,False
SPY,chronos,10,252,4904,0,0.060369120707993051,0.10382637990176749,0.61666467180250029,0.79227060847915542,0.29518120090004774,0.7566746632649014,18.205479111502559,0.018205479111502557,False,-0.009641168375571163,26,10000,10000,-0.11310283679845286,0.081307853491609433,1321179865,False
SPY,ewma,10,252,4904,0,0.064605859517447684,0.10596927099628473,0.64401262689851491,0.70416693954855425,0.26328690728027693,0.75713256182368649,6.366761175230522,0.0063667611752305214,False,0.017706786720443457,120,10000,10000,-0.056073983304268389,0.1041924130771978,1194310313,False
SPY,garch11,10,252,4904,0,0.060863480773006406,0.10280492507631185,0.62630584017807145,0.73258305841426263,0.2675898844045298,0.73139591862972331,10.915710171440933,0.010915710171440931,False,0,0,0,0,0,0,0,False
SPY,garch11_t,10,252,4904,0,0.061521491448224497,0.10122437825160138,0.64061610151719417,0.74450037941604197,0.26682289360438305,0.72567485130334797,10.503946819839822,0.010503946819839823,False,0.014310261339122721,150,10000,10000,-0.0008039974851009905,0.032507173757939753,127591226,False
SPY,gjr,10,252,4904,0,0.055525709453810634,0.10305473797294555,0.5761002740999186,0.7009704642597594,0.28605560520446593,0.76124984688877584,12.858756414703002,0.012858756414703004,False,-0.050205566078152852,32,10000,10000,-0.10551991428482306,0.0076627909471641423,1402652301,False
SPY,har,10,252,4904,0,0.05407755435387851,0.099288675031138043,0.58023529535349805,0.78619051573275167,0.26430965208517709,0.73527116085788602,20.4521323162013,0.020452132316201299,False,-0.046070544824573401,27,10000,10000,-0.13013141724515562,0.032105179202327874,1134919343,False
SPY,lgbm,10,252,4904,0,0.048313097949113537,0.096538114155266613,0.53714530142637673,0.74013046309530595,0.21662012515279661,0.67675237254814224,19.606832741807889,0.019606832741807887,False,-0.089160538751694718,55,10000,10000,-0.21357162947480871,0.030108449911444204,891523270,False
SPY,moirai,10,252,4904,0,0.061779257011414179,0.1063208779350118,0.61717037678802167,0.80533177551705015,0.3084354852584853,0.78389530484935632,20.003996200892363,0.020003996200892361,False,-0.0091354633900497806,25,10000,10000,-0.10529362344128394,0.082982901006733834,1355201269,False
SPY,naive,10,252,4904,0,0.054252637341669185,0.11161670249094949,0.52925999233805998,0.53245128430353461,0.32850857368271025,0.61415784183441779,0.3549325672031951,0.00035493256720319508,False,-0.097045847840011468,99,10000,10000,-0.28476922460651438,0.069946261435216497,2130781318,False
SPY,patchtst,10,252,4904,0,0.078834619995406863,0.11909693999555473,0.69694803983038411,0.72102272038361481,0.24598630904903385,0.79099929500752342,2.8596107274599794,0.0028596107274599793,False,0.070642199652312665,53,10000,10000,-0.066554365043604319,0.19213612461031593,1387167522,False
SPY,timesfm,10,252,4904,0,0.052932668525565996,0.10207316121622199,0.55652318612963736,0.75976228387379141,0.28410356629405653,0.73736990370249766,20.733233912405119,0.020733233912405117,False,-0.06978265404843409,26,10000,10000,-0.16528088384533493,0.017447811545667602,259051773,False
TWSE,autoarima,0,252,4801,0,0.066453146646258121,0.11948105634696432,0.59847490043608531,0.59847490043608531,0.2751015611396519,0.77086675783497161,12.093072852915077,0,False,0.066822347361662371,58,10000,10000,-0.03625290657086868,0.16460752305124512,1958046667,False
TWSE,autoets,0,252,4801,0,0.068684892653621654,0.1180334340930777,0.622065231717986,0.622065231717986,0.25262374559793033,0.76704215854050528,7.1900713399964733,0,False,0.09041267864356306,56,10000,10000,-0.0044225527044851297,0.18092960086338208,2005681874,False
TWSE,chronos,0,252,4801,0,0.070974230131829463,0.1260309059123555,0.60737345897382988,0.60737345897382988,0.28730133452368867,0.7998637114341689,15.918917707343997,0,False,0.075720905899406943,25,10000,10000,-0.02504512118765494,0.17897561944403265,1224996322,False
TWSE,ewma,0,252,4801,0,0.055466448517549782,0.10586919569171681,0.56303216408853396,0.56303216408853396,0.27452865732513521,0.68071312010509144,5.5406336730761661,0,False,0.03137961101411102,137,10000,10000,-0.033633232363493977,0.084200354499959038,1200528054,False
TWSE,garch11,0,252,4801,0,0.051174656997317491,0.10410081507445489,0.53165255307442294,0.53165255307442294,0.27706057275782425,0.65625346739493062,6.8094957021877267,0,False,0,0,0,0,0,0,0,False
TWSE,garch11_t,0,252,4801,0,0.051628622170519112,0.10511305190369674,0.53167301246795406,0.53167301246795406,0.27618324737891098,0.65922144354670575,5.4634113162800828,0,False,2.0459393531124803e-05,27,10000,10000,-0.035435496108640351,0.036028944619309645,1703276124,False
TWSE,gjr,0,252,4801,0,0.061673004167601242,0.10529230614612553,0.62119255410406926,0.62119255410406926,0.26859429008214486,0.67956975745696757,8.3333152875033161,0,False,0.089540001029646321,54,10000,10000,0.01330009884874025,0.1693423599744171,1066066468,True
TWSE,har,0,252,4801,0,0.063748856585161384,0.11852559471545028,0.58090593820139325,0.58090593820139325,0.2822228055594358,0.75737725620444496,11.301095941238403,0,False,0.049253385126970306,37,10000,10000,-0.031125772757442188,0.12773742670821592,1412172199,False
TWSE,lgbm,0,252,4801,0,0.065652427319589979,0.11649816220696178,0.60432473304792256,0.60432473304792256,0.24569801093954624,0.73768269132227249,21.741789179383535,0,False,0.072672179973499618,62,10000,10000,-0.049713712665888921,0.18517161192655859,540189282,False
TWSE,moirai,0,252,4801,0,0.073363016120358004,0.12608325778154869,0.62483977423141912,0.62483977423141912,0.27971325437720651,0.80890537195766243,16.991303288465136,0,False,0.093187221156996181,24,10000,10000,0.0031026065980462912,0.19210672593496853,303279230,True
TWSE,naive,0,252,4801,0,0.048001516134912769,0.10707305411119995,0.49160697424142297,0.49160697424142297,0.31825444745341658,0.60215248660687937,0.28896456269667598,0,False,-0.040045578832999973,105,10000,10000,-0.16001178641057467,0.052329395351827998,2079582825,False
TWSE,patchtst,0,252,4801,0,0.064689121673685346,0.13562843907358318,0.53043340870405431,0.53043340870405431,0.35289275718299218,0.81580184910156706,2.4449291970364713,0,False,-0.00121914437036863,52,10000,10000,-0.20072196447152574,0.17985064607503726,266213258,False
TWSE,timesfm,0,252,4801,0,0.070832843982796989,0.12352942918869794,0.61607731968455381,0.61607731968455381,0.26689259389746922,0.78114945241522715,19.625157879175319,0,False,0.084424766610130875,24,10000,10000,-0.013882525361409057,0.18249791289564751,1002506019,False
TWSE,autoarima,1,252,4801,0,0.065164210141167356,0.11948362729823173,0.58834091001015842,0.59847490043608531,0.2758002684969767,0.77086675783497161,12.093072852915077,0.0012093072852915078,False,0.063231727450882902,58,10000,10000,-0.042020018420392907,0.16123619277872395,104025429,False
TWSE,autoets,1,252,4801,0,0.067916973194566355,0.11803327726819418,0.61597449531439841,0.622065231717986,0.25314575170001863,0.76704215854050528,7.1900713399964733,0.00071900713399964734,False,0.090865312755122885,56,10000,10000,-0.0059899777040579314,0.18079557730291596,759406255,False
TWSE,chronos,1,252,4801,0,0.069270883983235665,0.12603258257720834,0.59473458337600771,0.60737345897382988,0.28831058594507097,0.7998637114341689,15.918917707343997,0.0015918917707343997,False,0.069625400816732186,25,10000,10000,-0.028659482128546514,0.17396121604047216,1994436506,False
TWSE,ewma,1,252,4801,0,0.054881850640376761,0.10586984248059458,0.55779528532061839,0.56303216408853396,0.27482976670238546,0.68071312010509144,5.5406336730761661,0.00055406336730761665,False,0.032686102761342872,137,10000,10000,-0.033134422789713784,0.084673088137986491,1837043935,False
TWSE,garch11,1,252,4801,0,0.050459181060632297,0.10410123524182112,0.52510918255927552,0.53165255307442294,0.2777973839438127,0.65625346739493062,6.8094957021877267,0.00068094957021877262,False,0,0,0,0,0,0,0,False
TWSE,garch11_t,1,252,4801,0,0.051054344344702685,0.10511293378127737,0.52647595146438453,0.53167301246795406,0.27666962625282265,0.65922144354670575,5.4634113162800828,0.0005463411316280084,False,0.0013667689051090059,27,10000,10000,-0.034558857718164034,0.037590892594396422,10202937,False
TWSE,gjr,1,252,4801,0,0.060788688079914222,0.10529362308211292,0.61327042572475221,0.62119255410406926,0.26941974954594683,0.67956975745696757,8.3333152875033161,0.00083333152875033148,False,0.088161243165476688,54,10000,10000,0.011690230911486603,0.17093879616319665,1385647590,True
TWSE,har,1,252,4801,0,0.06254759258799214,0.11852596444184219,0.57136942545751213,0.58090593820139325,0.2827384130606061,0.75737725620444496,11.301095941238403,0.0011301095941238404,False,0.046260242898236603,37,10000,10000,-0.033862809456337253,0.12415200225706746,802709543,False
TWSE,lgbm,1,252,4801,0,0.063338209727676231,0.11650073038230611,0.58564904816012919,0.60432473304792256,0.24713016179078351,0.73768269132227249,21.741789179383535,0.0021741789179383535,False,0.060539865600853671,62,10000,10000,-0.06399672280005976,0.17412794289814129,395479989,False
TWSE,moirai,1,252,4801,0,0.071541166473655382,0.1260836649869804,0.61136154319195812,0.62483977423141912,0.28077808366488699,0.80890537195766243,16.991303288465136,0.0016991303288465135,False,0.086252360632682601,24,10000,10000,-0.0062068958805735833,0.18438940666901352,986340949,False
TWSE,naive,1,252,4801,0,0.047971216878709422,0.10707323001829758,0.49133629095839582,0.49160697424142297,0.31828174330427916,0.60215248660687937,0.28896456269667598,2.8896456269667602e-05,False,-0.033772891600879706,105,10000,10000,-0.15502121214798045,0.061615494047847649,1792819469,False
TWSE,patchtst,1,252,4801,0,0.064428589096728883,0.13563053998643596,0.52862255316890649,0.53043340870405431,0.35297551729016097,0.81580184910156706,2.4449291970364713,0.00024449291970364719,False,0.0035133706096309725,53,10000,10000,-0.20100455206309792,0.18298299349498295,241228402,False
TWSE,timesfm,1,252,4801,0,0.068734250764800775,0.12352656274221827,0.6002042168334274,0.61607731968455381,0.26838021125817602,0.78114945241522715,19.625157879175319,0.0019625157879175317,False,0.075095034274151873,24,10000,10000,-0.018358644568381332,0.17667444428150789,1597665712,False
TWSE,autoarima,5,252,4801,0,0.060023853110128478,0.11949477016244078,0.54780537077735114,0.59847490043608531,0.27858841654953914,0.77086675783497161,12.093072852915077,0.0060465364264575385,False,0.048870973892553848,58,10000,10000,-0.05647937104510025,0.15095115946370702,1835767853,False
TWSE,autoets,5,252,4801,0,0.064850752267321843,0.11803293077997302,0.59160998035160151,0.622065231717986,0.25523015303964103,0.76704215854050528,7.1900713399964733,0.0035950356699982369,False,0.092675583466804212,56,10000,10000,-0.0034172139941796237,0.18398760126736294,259138796,False
TWSE,chronos,5,252,4801,0,0.062484287833407981,0.12604042924323863,0.54417752160741761,0.60737345897382988,0.29233340426407339,0.7998637114341689,15.918917707343997,0.0079594588536719985,False,0.04524312472262032,25,10000,10000,-0.055228726499068903,0.14657806842859011,1558643649,False
TWSE,ewma,5,252,4801,0,0.052546654404093784,0.10587268120013424,0.53684713449960009,0.56303216408853396,0.27603296644107822,0.68071312010509144,5.5406336730761661,0.0027703168365380833,False,0.037912737614802794,138,10000,10000,-0.027741775919971332,0.089256788627365788,410736618,False
TWSE,garch11,5,252,4801,0,0.047602082891835762,0.10410329811829235,0.49893439688479729,0.53165255307442294,0.28073717325449088,0.65625346739493062,6.8094957021877267,0.003404747851093863,False,0,0,0,0,0,0,0,False
TWSE,garch11_t,5,252,4801,0,0.048760328939019937,0.10511269757778989,0.50568645389260913,0.53167301246795406,0.27861189667965325,0.65922144354670575,5.4634113162800828,0.0027317056581400412,False,0.0067520570078118403,27,10000,10000,-0.028333985840304707,0.041971018458174046,1154557709,False
TWSE,gjr,5,252,4801,0,0.057258685334981907,0.10529951062216425,0.58158047057226658,0.62119255410406926,0.27271235703484153,0.67956975745696757,8.3333152875033161,0.0041666576437516577,False,0.08264607368746929,54,10000,10000,0.0062485235587637104,0.16524304715059177,756134990,True
TWSE,har,5,252,4801,0,0.057755951192456578,0.11852809799053413,0.5332210243809441,0.58090593820139325,0.28479717212771483,0.75737725620444496,11.301095941238403,0.005650547970619201,False,0.034286627496146804,37,10000,10000,-0.04702714934372474,0.11480606046853271,319447838,False
TWSE,lgbm,5,252,4801,0,0.054131117417900443,0.11651240024115428,0.51094841461841489,0.60432473304792256,0.25283184667153946,0.73768269132227249,21.741789179383535,0.010870894589691765,False,0.012014017733617599,62,10000,10000,-0.11790598080320087,0.12200252243395578,492538607,False
TWSE,moirai,5,252,4801,0,0.064284382760203096,0.12608628936635974,0.55744508808667292,0.62483977423141912,0.28504250941061082,0.80890537195766243,16.991303288465136,0.00849565164423257,False,0.058510691201875631,24,10000,10000,-0.03136513963647896,0.15466116704810756,1107986520,False
TWSE,naive,5,252,4801,0,0.047850025874502933,0.10707395743849241,0.49025345778595258,0.49160697424142297,0.31839091590351931,0.60215248660687937,0.28896456269667598,0.00014448228134833802,False,-0.0086809390988447088,105,10000,10000,-0.12760349759271003,0.086967698502023086,1235695307,False
TWSE,patchtst,5,252,4801,0,0.063386999530602894,0.13563959261500563,0.52137719741771815,0.53043340870405431,0.35330652344719005,0.81580184910156706,2.4449291970364713,0.0012224645985182358,False,0.022442800532920859,53,10000,10000,-0.18347077485102326,0.19576075087917602,1262563593,False
TWSE,timesfm,5,252,4801,0,0.060380536529598627,0.12351682872734873,0.53669691312654522,0.61607731968455381,0.27474645758741867,0.78114945241522715,19.625157879175319,0.00981257893958766,False,0.037762516241747923,24,10000,10000,-0.057870399418534606,0.13592242517672073,1593515367,False
TWSE,autoarima,10,252,4801,0,0.053632895795903801,0.11951063116132928,0.49713853797767737,0.59847490043608531,0.28205861608542993,0.77086675783497161,12.093072852915077,0.012093072852915077,False,0.030925015408422352,58,10000,10000,-0.073690845355393109,0.13282146972880332,1436268912,False
TWSE,autoets,10,252,4801,0,0.061030225370249269,0.11803312949828439,0.56115113164517294,0.622065231717986,0.25782752155812005,0.76704215854050528,7.1900713399964733,0.0071900713399964738,False,0.094937609075917917,56,10000,10000,-0.0029556238880711371,0.18515347725645734,393125183,False
TWSE,chronos,10,252,4801,0,0.054061003926088702,0.1260528021682974,0.48098025994932625,0.60737345897382988,0.29733015417720965,0.7998637114341689,15.918917707343997,0.015918917707343997,False,0.014766737380071226,25,10000,10000,-0.083703455098435436,0.11845039673028869,2121493529,False
TWSE,ewma,10,252,4801,0,0.049634835534474231,0.10587679557933857,0.51066079580231105,0.56303216408853396,0.27753418491232618,0.68071312010509144,5.5406336730761661,0.0055406336730761665,False,0.044447273233056028,138,10000,10000,-0.019975402073770198,0.095528504854516777,766515078,False
TWSE,garch11,10,252,4801,0,0.044041498825666547,0.10410673663388789,0.46621352256925502,0.53165255307442294,0.28439519136967295,0.65625346739493062,6.8094957021877267,0.006809495702187726,False,0,0,0,0,0,0,0,False
TWSE,garch11_t,10,252,4801,0,0.045899763085175405,0.10511293396914984,0.47969702428682576,0.53167301246795406,0.28103244943703931,0.65922144354670575,5.4634113162800828,0.0054634113162800825,False,0.013483501717570734,22,10000,10000,-0.021627790812255149,0.04755193160328712,1405667446,False
TWSE,gjr,10,252,4801,0,0.05286247639418673,0.10530826438533597,0.54196583362229844,0.62119255410406926,0.27680742481831211,0.67956975745696757,8.3333152875033161,0.0083333152875033154,False,0.07575231105304342,54,10000,10000,-0.0007901115260052047,0.1567836250851691,1563717257,False
TWSE,har,10,252,4801,0,0.051796471100171937,0.11853223779901212,0.48553142104179509,0.58090593820139325,0.2873623807878698,0.75737725620444496,11.301095941238403,0.011301095941238402,False,0.019317898472540063,37,10000,10000,-0.060713301899695843,0.096326274247784102,1705349142,False
TWSE,lgbm,10,252,4801,0,0.042733456396922165,0.11653013034429588,0.41758240081891546,0.60432473304792256,0.25989876210462992,0.73768269132227249,21.741789179383535,0.02174178917938353,False,-0.048631121750339568,62,10000,10000,-0.17609553809504702,0.066637774274406383,760936441,False
TWSE,moirai,10,252,4801,0,0.055281904237812984,0.12609180971106196,0.49004397018102869,0.62483977423141912,0.29033782025388333,0.80890537195766243,16.991303288465136,0.01699130328846514,False,0.023830447611773664,24,10000,10000,-0.066326098737237618,0.1176502943939806,1886880294,False
TWSE,naive,10,252,4801,0,0.047698550662871764,0.10707492024437451,0.48889969259116761,0.49160697424142297,0.31852735734628101,0.60215248660687937,0.28896456269667598,0.00028896456269667604,False,0.022686170021912588,105,10000,10000,-0.09616289087604947,0.1143343412401593,949667497,False
TWSE,patchtst,10,252,4801,0,0.06208622853013579,0.13565236834872646,0.51231634879618293,0.53043340870405431,0.35372020403227011,0.81580184910156706,2.4449291970364713,0.0024449291970364715,False,0.046102826226927907,53,10000,10000,-0.15678796795387903,0.22139382519809386,957815428,False
TWSE,timesfm,10,252,4801,0,0.050029291010496024,0.12350855840671687,0.4572842763784461,0.61607731968455381,0.28302412958846868,0.78114945241522715,19.625157879175319,0.01962515787917532,False,-0.008929246190808926,24,10000,10000,-0.10448908115271442,0.0881790789540947,821411788,False
