asset,model,loss,origins,n,n_dropped,mean,bandwidth,se,se_iid
BTC-USD,autoarima,crps,2791,2791,0,0.016344544279227474,8,0.00049671520394773923,0.00034724545319811791
BTC-USD,autoarima,log_score,2791,2791,0,-2.0703286883317946,8,0.044429339487927516,0.038762621677470376
BTC-USD,autoarima,pinball_0p01,2791,2791,0,0.0012769397597864763,8,0.00016865325448894882,0.00015965207223471916
BTC-USD,autoarima,pinball_0p025,2791,2791,0,0.0023221304860517739,8,0.00018764226342312795,0.00017130225596997782
BTC-USD,autoarima,pinball_0p05,2791,2791,0,0.0037060835061558223,8,0.00020964831560922826,0.00018219137715169042
BTC-USD,autoarima,pinball_avg,2791,2791,0,0.0024350512506646905,8,0.00018701971276228145,0.00016993652910492449
BTC-USD,autoarima,qlike,2791,2791,0,0.3548677852412484,8,0.034272298241886295,0.033992001696306555
BTC-USD,autoarima,fz0_0p01,2791,2791,0,-1.9986545351672862,8,0.17603787708587926,0.16809325028346608
BTC-USD,autoarima,fz0_0p025,2791,2791,0,-2.4079149390248515,8,0.093390860006800441,0.086775614712666135
BTC-USD,autoarima,fz0_0p05,2791,2791,0,-2.6642879279161447,8,0.062212572781599883,0.055413806421519066
BTC-USD,autoarima,fz0_avg,2791,2791,0,-2.3569524673694273,8,0.10951144647970013,0.10271518787064994
BTC-USD,autoets,crps,2791,2791,0,0.016471031686980688,8,0.00050439817690173835,0.00034587320857539861
BTC-USD,autoets,log_score,2791,2791,0,-2.0530196236949596,8,0.043150175197891355,0.037408805026310804
BTC-USD,autoets,pinball_0p01,2791,2791,0,0.0013050121654908391,8,0.00016799138782022834,0.00015638350188561224
BTC-USD,autoets,pinball_0p025,2791,2791,0,0.0023725303211534626,8,0.00018878878878822144,0.0001688451435155788
BTC-USD,autoets,pinball_0p05,2791,2791,0,0.0037999581635175437,8,0.00021294559125583111,0.00018016101021245398
BTC-USD,autoets,pinball_avg,2791,2791,0,0.0024925002167206149,8,0.00018831316611774815,0.00016741844284849913
BTC-USD,autoets,qlike,2791,2791,0,0.38442709371288231,8,0.036361085471012543,0.035560786674578064
BTC-USD,autoets,fz0_0p01,2791,2791,0,-1.9714308266518306,8,0.17068755490362253,0.15908974732540937
BTC-USD,autoets,fz0_0p025,2791,2791,0,-2.3795701758401018,8,0.091608398835409596,0.083255831203675829
BTC-USD,autoets,fz0_0p05,2791,2791,0,-2.6322782701221299,8,0.061588081423925904,0.053736648235934208
BTC-USD,autoets,fz0_avg,2791,2791,0,-2.3277597575380207,8,0.10693164340158617,0.097966768922337841
BTC-USD,chronos,crps,2791,2791,0,0.016124428223092423,8,0.0004992535216373613,0.00035694786369860128
BTC-USD,chronos,log_score,2791,2791,0,-2.0805739032196833,8,0.057103288180125063,0.05161146319847202
BTC-USD,chronos,pinball_0p01,2791,2791,0,0.0012436141302323803,8,0.0001786981260751513,0.00016856260590640697
BTC-USD,chronos,pinball_0p025,2791,2791,0,0.0022480966356345057,8,0.00019515695869520063,0.00017933595460290595
BTC-USD,chronos,pinball_0p05,2791,2791,0,0.0035728636609703682,8,0.00021394838253776919,0.0001897968046583734
BTC-USD,chronos,pinball_avg,2791,2791,0,0.0023548581422790844,8,0.00019411256002294122,0.00017794257125741623
BTC-USD,chronos,qlike,2791,2791,0,0.34573979215667566,8,0.038163672300608173,0.035090802108702288
BTC-USD,chronos,fz0_0p01,2791,2791,0,-1.9893223346570388,8,0.22154142655029865,0.20928561508141361
BTC-USD,chronos,fz0_0p025,2791,2791,0,-2.4329145684535107,8,0.11312252140669191,0.10484688433463983
BTC-USD,chronos,fz0_0p05,2791,2791,0,-2.7015879446865898,8,0.072519331378200338,0.065379482437517622
BTC-USD,chronos,fz0_avg,2791,2791,0,-2.3746082825990462,8,0.13466357416891064,0.12574658232559682
BTC-USD,ewma,crps,2791,2791,0,0.016328640851015531,8,0.00050097585072313806,0.00035703299821178425
BTC-USD,ewma,log_score,2791,2791,0,-2.0297837088397497,8,0.058130071030704243,0.053210631834314417
BTC-USD,ewma,pinball_0p01,2791,2791,0,0.0013586860144613651,8,0.00018602190390446419,0.00017472503359259339
BTC-USD,ewma,pinball_0p025,2791,2791,0,0.0023861494683484882,8,0.00020385193116583474,0.00018604736772099084
BTC-USD,ewma,pinball_0p05,2791,2791,0,0.0037600187245165288,8,0.00022375931896794483,0.00019596906060384857
BTC-USD,ewma,pinball_avg,2791,2791,0,0.0025016180691087944,8,0.00020304759269865546,0.00018448655131515055
BTC-USD,ewma,qlike,2791,2791,0,0.44098916459810655,8,0.041335233770886937,0.040380280497910925
BTC-USD,ewma,fz0_0p01,2791,2791,0,-1.7996512706114434,8,0.23633679293020121,0.2232698463959496
BTC-USD,ewma,fz0_0p025,2791,2791,0,-2.31496481049449,8,0.12068908799132935,0.11187096298950143
BTC-USD,ewma,fz0_0p05,2791,2791,0,-2.6062549321281607,8,0.07705036865216916,0.069479142493420312
BTC-USD,ewma,fz0_avg,2791,2791,0,-2.2402903377446979,8,0.14378264211282479,0.13418128831282386
BTC-USD,garch11,crps,2791,2791,0,0.016467032839181463,8,0.00049434713097259661,0.0003500099847328361
BTC-USD,garch11,log_score,2791,2791,0,-2.061011111294587,8,0.047777841449505483,0.041733462640219737
BTC-USD,garch11,pinball_0p01,2791,2791,0,0.0013036159420572345,8,0.00017602984764875082,0.00016607287713195126
BTC-USD,garch11,pinball_0p025,2791,2791,0,0.0023933315070826331,8,0.00019744183850319266,0.00017811563836778589
BTC-USD,garch11,pinball_0p05,2791,2791,0,0.0037929544455044604,8,0.00022057311438609918,0.00018910502448175572
BTC-USD,garch11,pinball_avg,2791,2791,0,0.0024966339648814424,8,0.00019660697234973244,0.00017658251120640099
BTC-USD,garch11,qlike,2791,2791,0,0.41047895157934006,8,0.024784900581972694,0.022174206373313694
BTC-USD,garch11,fz0_0p01,2791,2791,0,-1.9949498316268879,8,0.19259001161945383,0.1832167468422132
BTC-USD,garch11,fz0_0p025,2791,2791,0,-2.368308585274848,8,0.10044256432144612,0.09241502578966386
BTC-USD,garch11,fz0_0p05,2791,2791,0,-2.6243094610463591,8,0.065420001170618164,0.057969507981147639
BTC-USD,garch11,fz0_avg,2791,2791,0,-2.3291892926493651,8,0.1186017121381024,0.11044676229682936
BTC-USD,garch11_t,crps,2791,2791,0,0.016220650476718244,8,0.00050746984132746785,0.00036978631942896748
BTC-USD,garch11_t,log_score,2791,2791,0,-2.1509122373193588,8,0.033676151735225937,0.027967009995892356
BTC-USD,garch11_t,pinball_0p01,2791,2791,0,0.0013095190435832038,8,0.00016360866906297167,0.00015566603835183773
BTC-USD,garch11_t,pinball_0p025,2791,2791,0,0.0023877440777638702,8,0.00019785511699741461,0.00018052859554004775
BTC-USD,garch11_t,pinball_0p05,2791,2791,0,0.0037236501280705175,8,0.00022673974723985354,0.00019992559775886627
BTC-USD,garch11_t,pinball_avg,2791,2791,0,0.002473637749805864,8,0.00019349864495624375,0.00017610768480464279
BTC-USD,garch11_t,qlike,2791,2791,0,0.45938124341134146,8,0.026263162043736268,0.023809270410794
BTC-USD,garch11_t,fz0_0p01,2791,2791,0,-2.0586621495256128,8,0.11495231006112526,0.10966222104053022
BTC-USD,garch11_t,fz0_0p025,2791,2791,0,-2.3783957126756987,8,0.080970760174700049,0.0742083250284271
BTC-USD,garch11_t,fz0_0p05,2791,2791,0,-2.6345459513764751,8,0.062834415657298623,0.055826177119574695
BTC-USD,garch11_t,fz0_avg,2791,2791,0,-2.3572012711925954,8,0.0850245999193604,0.0786550896025279
BTC-USD,gjr,crps,2791,2791,0,0.016472390415348932,8,0.0004999539092686823,0.00035181218349192631
BTC-USD,gjr,log_score,2791,2791,0,-2.0569445157469262,8,0.046031055491578599,0.039492945210270157
BTC-USD,gjr,pinball_0p01,2791,2791,0,0.0012658915586489399,8,0.00017299741189472854,0.00016258454785378427
BTC-USD,gjr,pinball_0p025,2791,2791,0,0.0023525507213728505,8,0.00019583196564238275,0.00017472681777675681
BTC-USD,gjr,pinball_0p05,2791,2791,0,0.0037485621814359891,8,0.00022116723375478374,0.00018633270084345856
BTC-USD,gjr,pinball_avg,2791,2791,0,0.0024556681538192597,8,0.00019516044845600087,0.00017325437017960257
BTC-USD,gjr,qlike,2791,2791,0,0.43386037525058685,8,0.028076824904094539,0.022407703205113871
BTC-USD,gjr,fz0_0p01,2791,2791,0,-2.053876519416618,8,0.18011724890772807,0.17146632402851122
BTC-USD,gjr,fz0_0p025,2791,2791,0,-2.4028623114081999,8,0.095041791533348574,0.087161022859491219
BTC-USD,gjr,fz0_0p05,2791,2791,0,-2.6490785661006098,8,0.062705501206934938,0.055158610799862395
BTC-USD,gjr,fz0_avg,2791,2791,0,-2.3686057989751426,8,0.11166971335575415,0.10379001570828901
BTC-USD,har,crps,2791,2791,0,0.01633584442156177,8,0.00049541517533516438,0.00034792116898794344
BTC-USD,har,log_score,2791,2791,0,-2.0743268128119103,8,0.045229573138655429,0.039680919638467392
BTC-USD,har,pinball_0p01,2791,2791,0,0.0012594813280687395,8,0.00016872043608455835,0.00015931470792217704
BTC-USD,har,pinball_0p025,2791,2791,0,0.0023190914720487977,8,0.00018854633768524006,0.00017115769005051766
BTC-USD,har,pinball_0p05,2791,2791,0,0.0037117082524125398,8,0.00021084483789280523,0.0001823801954632101
BTC-USD,har,pinball_avg,2791,2791,0,0.0024300936841766927,8,0.00018768947786720923,0.00016971056484109409
BTC-USD,har,qlike,2791,2791,0,0.34629927564536506,8,0.030750217708247256,0.030284033368841647
BTC-USD,har,fz0_0p01,2791,2791,0,-2.0292045634860583,8,0.17490483866740097,0.16664989665606297
BTC-USD,har,fz0_0p025,2791,2791,0,-2.4123093897005083,8,0.092862063010088952,0.08584156954712413
BTC-USD,har,fz0_0p05,2791,2791,0,-2.6600310424782792,8,0.061722720452510593,0.054820826750303114
BTC-USD,har,fz0_avg,2791,2791,0,-2.3671816652216155,8,0.10876343050183417,0.10165761101709717
BTC-USD,lgbm,crps,2791,2791,0,0.016429824814897173,8,0.00050193986446632748,0.00034687597678088281
BTC-USD,lgbm,log_score,2791,2791,0,-2.054835140301488,8,0.050174266244948799,0.045589094792851802
BTC-USD,lgbm,pinball_0p01,2791,2791,0,0.00129743122667564,8,0.00017112548167506035,0.00016240457464623476
BTC-USD,lgbm,pinball_0p025,2791,2791,0,0.0023751348621430493,8,0.0001877308991224328,0.00017334687576144581
BTC-USD,lgbm,pinball_0p05,2791,2791,0,0.0037928736582025706,8,0.00020815819403922442,0.00018382921734701399
BTC-USD,lgbm,pinball_avg,2791,2791,0,0.0024884799156737534,8,0.00018712095620016723,0.00017202351366238451
BTC-USD,lgbm,qlike,2791,2791,0,0.39500048385329262,8,0.043319717923238285,0.041443627686201877
BTC-USD,lgbm,fz0_0p01,2791,2791,0,-1.9428681321600461,8,0.19372057610198706,0.18505953345473858
BTC-USD,lgbm,fz0_0p025,2791,2791,0,-2.3657585721673455,8,0.10034720107566138,0.093933848817935123
BTC-USD,lgbm,fz0_0p05,2791,2791,0,-2.6312465286303959,8,0.065441366844524465,0.059160081262396427
BTC-USD,lgbm,fz0_avg,2791,2791,0,-2.3132910776525959,8,0.11876122499265894,0.11201147853509696
BTC-USD,moirai,crps,2791,2791,0,0.016057186507962999,8,0.00049845181692845871,0.00035674902500598514
BTC-USD,moirai,log_score,2791,2791,0,-2.099397043483004,8,0.056388842382112392,0.05111334148245654
BTC-USD,moirai,pinball_0p01,2791,2791,0,0.0012182118551885539,8,0.0001759913769080464,0.00016575578091118816
BTC-USD,moirai,pinball_0p025,2791,2791,0,0.0022281721249368764,8,0.00019416941943105429,0.00017714231358124824
BTC-USD,moirai,pinball_0p05,2791,2791,0,0.0035500095240029398,8,0.00021452180096142906,0.00018817674254555295
BTC-USD,moirai,pinball_avg,2791,2791,0,0.0023321311680427901,8,0.00019308254490839894,0.0001756741351146351
BTC-USD,moirai,qlike,2791,2791,0,0.30232119332196539,8,0.031796202277053168,0.030389031442555579
BTC-USD,moirai,fz0_0p01,2791,2791,0,-2.0629105123763725,8,0.20616864723799949,0.19417513815484636
BTC-USD,moirai,fz0_0p025,2791,2791,0,-2.4658657914712103,8,0.10696783895875479,0.098204753249813259
BTC-USD,moirai,fz0_0p05,2791,2791,0,-2.7231027474600902,8,0.069781378249455406,0.061915901747059104
BTC-USD,moirai,fz0_avg,2791,2791,0,-2.4172930171025575,8,0.12648453603424556,0.1172400885573618
BTC-USD,naive,crps,2791,2791,0,0.016678466759962193,8,0.00048438671640912946,0.00034909767528192086
BTC-USD,naive,log_score,2791,2791,0,-2.0363497291092223,8,0.046636157799486093,0.039594749456673399
BTC-USD,naive,pinball_0p01,2791,2791,0,0.0012850228036198992,8,0.00017006613734704148,0.00016490737018301719
BTC-USD,naive,pinball_0p025,2791,2791,0,0.0023788062162739699,8,0.0001866103237223245,0.00017625083311826391
BTC-USD,naive,pinball_0p05,2791,2791,0,0.003814502019096971,8,0.00020474016396586036,0.00018657560151006959
BTC-USD,naive,pinball_avg,2791,2791,0,0.0024927770129969471,8,0.00018583358009404216,0.00017476649351257626
BTC-USD,naive,qlike,2791,2791,0,0.55665844060752823,8,0.044461661844387525,0.030970223083487288
BTC-USD,naive,fz0_0p01,2791,2791,0,-2.0160868118025892,8,0.18535348460455503,0.17950884260521485
BTC-USD,naive,fz0_0p025,2791,2791,0,-2.3702736902892134,8,0.095180346769405608,0.089744474363813984
BTC-USD,naive,fz0_0p05,2791,2791,0,-2.606747894200804,8,0.061155584298953812,0.05588336021576526
BTC-USD,naive,fz0_avg,2791,2791,0,-2.3310361320975352,8,0.11312990420440301,0.10770455634473423
BTC-USD,patchtst,crps,2791,2791,0,0.016472510150195418,8,0.00050156008846833115,0.00035723659791295789
BTC-USD,patchtst,log_score,2791,2791,0,-1.954222701706406,8,0.066930254232173997,0.058563643398935002
BTC-USD,patchtst,pinball_0p01,2791,2791,0,0.0013930376089544999,8,0.00018233038018354862,0.00017641760116540736
BTC-USD,patchtst,pinball_0p025,2791,2791,0,0.0024583986839400995,8,0.00019881636100708202,0.0001867316047996137
BTC-USD,patchtst,pinball_0p05,2791,2791,0,0.0038410013538323555,8,0.00021691996305454715,0.00019608828263927166
BTC-USD,patchtst,pinball_avg,2791,2791,0,0.0025641458822423186,8,0.00019787326785835786,0.00018527059421406862
BTC-USD,patchtst,qlike,2791,2791,0,0.68391267189393512,8,0.082367707907827506,0.060854839695583959
BTC-USD,patchtst,fz0_0p01,2791,2791,0,-1.6224763830048894,8,0.25504717446992919,0.24948732947066965
BTC-USD,patchtst,fz0_0p025,2791,2791,0,-2.2073745389038351,8,0.1284309458847572,0.12409189237123139
BTC-USD,patchtst,fz0_0p05,2791,2791,0,-2.5377483482421654,8,0.080855152886948417,0.076448993062335643
BTC-USD,patchtst,fz0_avg,2791,2791,0,-2.1225330900502963,8,0.15391537009320247,0.14933959191493282
BTC-USD,timesfm,crps,2791,2791,0,0.01607783458933144,8,0.00049827589724795905,0.00035653065873564056
BTC-USD,timesfm,log_score,2791,2791,0,-2.104998056392231,8,0.052749068993146894,0.046944562627495183
BTC-USD,timesfm,pinball_0p01,2791,2791,0,0.0012314585205203991,8,0.00017815501642892619,0.00016697234442136663
BTC-USD,timesfm,pinball_0p025,2791,2791,0,0.0022454020050682588,8,0.00019610124160493168,0.00017827062078438227
BTC-USD,timesfm,pinball_0p05,2791,2791,0,0.0035748249623535973,8,0.00021658596114809326,0.00018916835316472167
BTC-USD,timesfm,pinball_avg,2791,2791,0,0.002350561829314085,8,0.00019518154153582074,0.00017681149122854544
BTC-USD,timesfm,qlike,2791,2791,0,0.31244988086630437,8,0.03203635689545635,0.030756475722348006
BTC-USD,timesfm,fz0_0p01,2791,2791,0,-2.0397543417367734,8,0.21103095352309523,0.19775791239019549
BTC-USD,timesfm,fz0_0p025,2791,2791,0,-2.4479658972609091,8,0.10874786234403457,0.099725304082618954
BTC-USD,timesfm,fz0_0p05,2791,2791,0,-2.7087626591147558,8,0.070446758196217124,0.062654764979890185
BTC-USD,timesfm,fz0_avg,2791,2791,0,-2.3988276327041462,8,0.12898946135344647,0.11921071573871915
CAC,autoarima,crps,5038,5038,0,0.0066064696652258798,9,0.00018131641487940158,9.9023714559390503e-05
CAC,autoarima,log_score,5038,5038,0,-3.0732072875891183,9,0.025777669880530624,0.016707714315058006
CAC,autoarima,pinball_0p01,5038,5038,0,0.00046018193586810143,9,3.3277379396205689e-05,2.8398313360487283e-05
CAC,autoarima,pinball_0p025,5038,5038,0,0.00087990975752589228,9,4.2518731174317932e-05,3.4037150371050579e-05
CAC,autoarima,pinball_0p05,5038,5038,0,0.001438613597775501,9,5.4668279383478252e-05,3.9959907824477045e-05
CAC,autoarima,pinball_avg,5038,5038,0,0.00092623509705649833,9,4.2856005503208665e-05,3.3623903064564344e-05
CAC,autoarima,qlike,5038,5010,28,0.42458288361937691,9,0.019032860004487329,0.01699947057499122
CAC,autoarima,fz0_0p01,5038,5038,0,-2.9923943655245338,9,0.09931347293839804,0.092470515227815422
CAC,autoarima,fz0_0p025,5038,5038,0,-3.3409788753928686,9,0.059793479667992852,0.052651518452918204
CAC,autoarima,fz0_0p05,5038,5038,0,-3.5817813699178376,9,0.044032035408627553,0.036327141585376359
CAC,autoarima,fz0_avg,5038,5038,0,-3.3050515369450801,9,0.066717101677329166,0.059697210971412541
CAC,autoets,crps,5038,5038,0,0.0066037267519597175,9,0.00018047049674365374,9.7947125089229681e-05
CAC,autoets,log_score,5038,5038,0,-3.0768515018431239,9,0.025475446684688707,0.016484374972038408
CAC,autoets,pinball_0p01,5038,5038,0,0.00045032685362891503,9,2.8510622721711747e-05,2.507779867021565e-05
CAC,autoets,pinball_0p025,5038,5038,0,0.00087216959435067101,9,3.8756951200960533e-05,3.1162352615255378e-05
CAC,autoets,pinball_0p05,5038,5038,0,0.0014321637192730812,9,5.1890643496388255e-05,3.756484535011171e-05
CAC,autoets,pinball_avg,5038,5038,0,0.00091822005575088923,9,3.9125467765620775e-05,3.0757637239096347e-05
CAC,autoets,qlike,5038,5010,28,0.41717899126914726,9,0.018471111684172942,0.016754097025248722
CAC,autoets,fz0_0p01,5038,5038,0,-3.0186514243038465,9,0.093924553728058205,0.089213135792425222
CAC,autoets,fz0_0p025,5038,5038,0,-3.354523291016307,9,0.057084085035632934,0.051097731629340434
CAC,autoets,fz0_0p05,5038,5038,0,-3.5905692205796713,9,0.042519576426134631,0.035426790269338738
CAC,autoets,fz0_avg,5038,5038,0,-3.3212479786332749,9,0.063476343492452944,0.057787224142514589
CAC,chronos,crps,5038,5038,0,0.0066014821063504012,9,0.00018200019694581104,0.00010060584185454344
CAC,chronos,log_score,5038,5038,0,-3.0753973855140337,9,0.026228666323191843,0.017018335215854195
CAC,chronos,pinball_0p01,5038,5038,0,0.00046964454602672521,9,3.5330949004284128e-05,2.946721986639839e-05
CAC,chronos,pinball_0p025,5038,5038,0,0.00089310582810029336,9,4.5735748054455912e-05,3.569252726828775e-05
CAC,chronos,pinball_0p05,5038,5038,0,0.0014474548767109162,9,5.825121401646834e-05,4.2024042797161021e-05
CAC,chronos,pinball_avg,5038,5038,0,0.00093673508361264497,9,4.5793471427710725e-05,3.5206388840975506e-05
CAC,chronos,qlike,5038,5010,28,0.41997142690141359,9,0.020892392674354152,0.018688605897678189
CAC,chronos,fz0_0p01,5038,5038,0,-2.9843067830622716,9,0.10084132305055447,0.091661125821959802
CAC,chronos,fz0_0p025,5038,5038,0,-3.3356529547395155,9,0.061038217665332573,0.053097590132054021
CAC,chronos,fz0_0p05,5038,5038,0,-3.5806564332660593,9,0.045140483381366274,0.037050118909765652
CAC,chronos,fz0_avg,5038,5038,0,-3.3002053903559481,9,0.067993505919504427,0.059782636216450448
CAC,ewma,crps,5038,5038,0,0.0066492427814793843,9,0.00018151358373205372,9.9182742147036642e-05
CAC,ewma,log_score,5038,5038,0,-3.0513819186800988,9,0.026315074951235556,0.018033879229808689
CAC,ewma,pinball_0p01,5038,5038,0,0.0004657045501596585,9,3.3047368138271512e-05,2.7956385734321256e-05
CAC,ewma,pinball_0p025,5038,5038,0,0.00089005985785724695,9,4.271023829847272e-05,3.3637983448880041e-05
CAC,ewma,pinball_0p05,5038,5038,0,0.0014562253006446375,9,5.4335338126840404e-05,3.9588453837806197e-05
CAC,ewma,pinball_avg,5038,5038,0,0.00093732990288718091,9,4.2683556176570637e-05,3.3212782877124781e-05
CAC,ewma,qlike,5038,5010,28,0.45637139127562232,9,0.020679420168801105,0.018728212874726133
CAC,ewma,fz0_0p01,5038,5038,0,-2.9450873736462349,9,0.10764251825665019,0.10095359489745424
CAC,ewma,fz0_0p025,5038,5038,0,-3.3174976800561953,9,0.062242585091684989,0.055968997798418151
CAC,ewma,fz0_0p05,5038,5038,0,-3.5604536789583507,9,0.044545853826855809,0.037908405833275226
CAC,ewma,fz0_avg,5038,5038,0,-3.27434624422026,9,0.070358750568447898,0.064186092571743264
CAC,garch11,crps,5038,5038,0,0.0066516517513554316,9,0.00018127884044208975,9.8988574782178553e-05
CAC,garch11,log_score,5038,5038,0,-3.0623536945576353,9,0.024709128681695884,0.015749484555007125
CAC,garch11,pinball_0p01,5038,5038,0,0.00044183066132201141,9,3.0049882465084269e-05,2.5354838082658958e-05
CAC,garch11,pinball_0p025,5038,5038,0,0.00087014151526903908,9,3.9993710268693918e-05,3.1533337153662869e-05
CAC,garch11,pinball_0p05,5038,5038,0,0.0014401903771265642,9,5.1925238432804725e-05,3.790517172749679e-05
CAC,garch11,pinball_avg,5038,5038,0,0.00091738751790587159,9,4.000478924167171e-05,3.1071622600260011e-05
CAC,garch11,qlike,5038,5010,28,0.43563510079989248,9,0.016659969132350457,0.014965768897073423
CAC,garch11,fz0_0p01,5038,5038,0,-3.098758819797454,9,0.086988594467433053,0.080802301854512301
CAC,garch11,fz0_0p025,5038,5038,0,-3.3868661151188886,9,0.052874895150249998,0.046578975644409444
CAC,garch11,fz0_0p05,5038,5038,0,-3.5963107254467457,9,0.039450652167801699,0.032634919452915322
CAC,garch11,fz0_avg,5038,5038,0,-3.3606452201210293,9,0.058682981511906547,0.052507241175966668
CAC,garch11_t,crps,5038,5038,0,0.0066318357883464437,9,0.00018232908114819803,0.000100881620586469
CAC,garch11_t,log_score,5038,5038,0,-3.0901509789744837,9,0.02340424352373081,0.013843282276878881
CAC,garch11_t,pinball_0p01,5038,5038,0,0.00043064345242105101,9,2.5181499293553634e-05,2.1517644726348166e-05
CAC,garch11_t,pinball_0p025,5038,5038,0,0.00086996199229916313,9,3.8606236576756655e-05,3.0424141460863343e-05
CAC,garch11_t,pinball_0p05,5038,5038,0,0.0014444663510252665,9,5.2534718870843151e-05,3.8712783182547913e-05
CAC,garch11_t,pinball_avg,5038,5038,0,0.00091502393191516022,9,3.8069604202961952e-05,2.9503781116593884e-05
CAC,garch11_t,qlike,5038,5010,28,0.44094561041683583,9,0.017020439531205588,0.015196655443986379
CAC,garch11_t,fz0_0p01,5038,5038,0,-3.1837672879692689,9,0.064777912132339119,0.059538874918121078
CAC,garch11_t,fz0_0p025,5038,5038,0,-3.4059639375124755,9,0.04701192970565584,0.040915008097366076
CAC,garch11_t,fz0_0p05,5038,5038,0,-3.596836219288813,9,0.038449533685264201,0.031796960204635211
CAC,garch11_t,fz0_avg,5038,5038,0,-3.3955224815901857,9,0.048813562878548655,0.0429386612574221
CAC,gjr,crps,5038,5038,0,0.0065960658207700083,9,0.00017987039044021523,9.7831536369682927e-05
CAC,gjr,log_score,5038,5038,0,-3.0844046349017638,9,0.024778302016632833,0.016214046136577426
CAC,gjr,pinball_0p01,5038,5038,0,0.00042690495122932808,9,2.4808657040287009e-05,2.2445883794555422e-05
CAC,gjr,pinball_0p025,5038,5038,0,0.0008429415385048742,9,3.5434401749470666e-05,2.8766029264907523e-05
CAC,gjr,pinball_0p05,5038,5038,0,0.0014112332389406895,9,4.8868205442613463e-05,3.5582109475476243e-05
CAC,gjr,pinball_avg,5038,5038,0,0.00089369324289163062,9,3.5645250059081936e-05,2.836358645272125e-05
CAC,gjr,qlike,5038,5010,28,0.4049626376093553,9,0.017635958451465657,0.016548738903904372
CAC,gjr,fz0_0p01,5038,5038,0,-3.1226772766991666,9,0.084395321177754723,0.082381163929396095
CAC,gjr,fz0_0p025,5038,5038,0,-3.421710751082093,9,0.051080328146101799,0.047028629449929416
CAC,gjr,fz0_0p05,5038,5038,0,-3.6265586489400654,9,0.038610740753538486,0.032793876877450119
CAC,gjr,fz0_avg,5038,5038,0,-3.3903155589071079,9,0.056822815344202533,0.05326820003453981
CAC,har,crps,5038,5038,0,0.0065895753742901591,9,0.00018029526929546277,9.9575751380462442e-05
CAC,har,log_score,5038,5038,0,-3.0849219562755099,9,0.024942242889794741,0.016004451197469519
CAC,har,pinball_0p01,5038,5038,0,0.00044815547287502293,9,3.1560721252625003e-05,2.7213086904225886e-05
CAC,har,pinball_0p025,5038,5038,0,0.00086467174659984381,9,4.0447605022815858e-05,3.318348272690261e-05
CAC,har,pinball_0p05,5038,5038,0,0.0014238019472661357,9,5.2853167190745803e-05,3.9391893407004616e-05
CAC,har,pinball_avg,5038,5038,0,0.00091220972224700079,9,4.0972109283172389e-05,3.2750464950054691e-05
CAC,har,qlike,5038,5010,28,0.40705303651755081,9,0.017632958107771737,0.016006852060973714
CAC,har,fz0_0p01,5038,5038,0,-3.0633156864502964,9,0.09092032677251019,0.085353695803426388
CAC,har,fz0_0p025,5038,5038,0,-3.3794075406867536,9,0.054749954083605994,0.049368805624881613
CAC,har,fz0_0p05,5038,5038,0,-3.6045887944573254,9,0.041216051942873436,0.034530896616405023
CAC,har,fz0_avg,5038,5038,0,-3.3491040071981257,9,0.06123254859803455,0.055597140153703171
CAC,lgbm,crps,5038,5038,0,0.0067621152620086257,9,0.00018902552969415898,9.9583296976365075e-05
CAC,lgbm,log_score,5038,5038,0,-3.0186663947936845,9,0.030925314115958873,0.018702800830664543
CAC,lgbm,pinball_0p01,5038,5038,0,0.00050438544125420417,9,4.6113452586598133e-05,3.2372615079363372e-05
CAC,lgbm,pinball_0p025,5038,5038,0,0.00094975897089421223,9,5.6536730138918322e-05,3.7712955885726083e-05
CAC,lgbm,pinball_0p05,5038,5038,0,0.0015316337925798797,9,6.7674121033984975e-05,4.3081825613194343e-05
CAC,lgbm,pinball_avg,5038,5038,0,0.00099525940157609884,9,5.6111079487789965e-05,3.7248512715062911e-05
CAC,lgbm,qlike,5038,5010,28,0.57688045909322239,9,0.040322440121676198,0.025222410912231315
CAC,lgbm,fz0_0p01,5038,5038,0,-2.8941882136804398,9,0.13746141522789412,0.10470732726750329
CAC,lgbm,fz0_0p025,5038,5038,0,-3.2739088928840365,9,0.076888848680518568,0.057051514397922817
CAC,lgbm,fz0_0p05,5038,5038,0,-3.5234614444798149,9,0.052699946672992624,0.038040375608236865
CAC,lgbm,fz0_avg,5038,5038,0,-3.2305195170147636,9,0.088116367080476168,0.065913976544122496
CAC,moirai,crps,5038,5038,0,0.0065903237745023107,9,0.00018276134825070901,0.00010122756033737113
CAC,moirai,log_score,5038,5038,0,-3.0798400083240525,9,0.026744487088890535,0.017581473321035424
CAC,moirai,pinball_0p01,5038,5038,0,0.00047665623009476128,9,3.6930973164128878e-05,3.0609518680068213e-05
CAC,moirai,pinball_0p025,5038,5038,0,0.0008979044697794606,9,4.7684709670159029e-05,3.6891469879934186e-05
CAC,moirai,pinball_0p05,5038,5038,0,0.0014455224951861717,9,5.9965852916132855e-05,4.3138863820115643e-05
CAC,moirai,pinball_avg,5038,5038,0,0.00094002773168679792,9,4.7545099116701838e-05,3.6375526587800535e-05
CAC,moirai,qlike,5038,5010,28,0.41053355759596261,9,0.02047746460286699,0.01852333914237312
CAC,moirai,fz0_0p01,5038,5038,0,-2.9578787783052629,9,0.10566783549069778,0.097010595489954179
CAC,moirai,fz0_0p025,5038,5038,0,-3.3279325633218786,9,0.063367659485990338,0.055527731441628835
CAC,moirai,fz0_0p05,5038,5038,0,-3.5832032707951638,9,0.046477394600869401,0.038384728391957099
CAC,moirai,fz0_avg,5038,5038,0,-3.289671537474101,9,0.070789648055848989,0.062820060897877436
CAC,naive,crps,5038,5038,0,0.0068798639439317123,9,0.00019304472363950877,0.00010515889364078186
CAC,naive,log_score,5038,5038,0,-2.910806080389762,9,0.046301984321389759,0.027882697098978167
CAC,naive,pinball_0p01,5038,5038,0,0.00058590023933272756,9,6.4121777868516837e-05,4.1168360736820884e-05
CAC,naive,pinball_0p025,5038,5038,0,0.0010410715649520738,9,7.2894013087035142e-05,4.6349168737534016e-05
CAC,naive,pinball_0p05,5038,5038,0,0.001631018326402528,9,8.1599696966237561e-05,5.1059147385698921e-05
CAC,naive,pinball_avg,5038,5038,0,0.0010859967102291098,9,7.2422580881776496e-05,4.5801868790934652e-05
CAC,naive,qlike,5038,5010,28,0.78364837619509564,9,0.07158837090540314,0.038789396254786453
CAC,naive,fz0_0p01,5038,5038,0,-2.5853988095200733,9,0.22350740335859173,0.14491086148959867
CAC,naive,fz0_0p025,5038,5038,0,-3.0902535610219779,9,0.11572287528930202,0.075017624703870758
CAC,naive,fz0_0p05,5038,5038,0,-3.3923594663350407,9,0.073880824746851689,0.047850081939523871
CAC,naive,fz0_avg,5038,5038,0,-3.0226706122923641,9,0.13711116442942739,0.088662766619410915
CAC,patchtst,crps,5038,5038,0,0.006764911393047285,9,0.00019635098991833922,0.00010607420093670518
CAC,patchtst,log_score,5038,5038,0,-2.9183835090700483,9,0.045977927614902228,0.029074495913846404
CAC,patchtst,pinball_0p01,5038,5038,0,0.00060829149490240601,9,6.2856773048883136e-05,4.1877693637018034e-05
CAC,patchtst,pinball_0p025,5038,5038,0,0.0010323731625745587,9,7.2139658366541441e-05,4.7016206902051005e-05
CAC,patchtst,pinball_0p05,5038,5038,0,0.0015797768328666879,9,8.1184196461446219e-05,5.1602094813305581e-05
CAC,patchtst,pinball_avg,5038,5038,0,0.0010734804967812176,9,7.1621589887807584e-05,4.6475182334161825e-05
CAC,patchtst,qlike,5038,5010,28,0.77083075803571055,9,0.071654948579215519,0.042171977161016908
CAC,patchtst,fz0_0p01,5038,5038,0,-2.2768728158171654,9,0.22262112867949213,0.16191667719841199
CAC,patchtst,fz0_0p025,5038,5038,0,-2.9850699956040052,9,0.11833335305821331,0.085318085303434779
CAC,patchtst,fz0_0p05,5038,5038,0,-3.3725902168768207,9,0.076802045838240421,0.054855228191158074
CAC,patchtst,fz0_avg,5038,5038,0,-2.8781776760993307,9,0.13859454341952909,0.10011114119297577
CAC,timesfm,crps,5038,5038,0,0.0066036781358999085,9,0.00018142259474488373,0.00010055436878805936
CAC,timesfm,log_score,5038,5038,0,-3.0771107106142046,9,0.025756086013971367,0.016601181110243862
CAC,timesfm,pinball_0p01,5038,5038,0,0.0004646311232064797,9,3.5032132739843639e-05,2.9258769273228153e-05
CAC,timesfm,pinball_0p025,5038,5038,0,0.00088670815468134406,9,4.5213166775261992e-05,3.5394499319086776e-05
CAC,timesfm,pinball_0p05,5038,5038,0,0.001443418955004432,9,5.7566401266667887e-05,4.1665630360650493e-05
CAC,timesfm,pinball_avg,5038,5038,0,0.00093158607763075185,9,4.5271762723954152e-05,3.4915048388778539e-05
CAC,timesfm,qlike,5038,5010,28,0.42012941991174441,9,0.020705917723734556,0.018988221541792208
CAC,timesfm,fz0_0p01,5038,5038,0,-3.008327598705915,9,0.100327856991727,0.09052522254986467
CAC,timesfm,fz0_0p025,5038,5038,0,-3.3486241619642723,9,0.060232445432490872,0.052090655963061581
CAC,timesfm,fz0_0p05,5038,5038,0,-3.587438058149095,9,0.044514589248105474,0.03623458608395453
CAC,timesfm,fz0_avg,5038,5038,0,-3.3147966062730934,9,0.067353573826483354,0.058807506286448596
DAX,autoarima,crps,4996,4996,0,0.0066026741478306542,9,0.00017210831846231958,9.7402077106832502e-05
DAX,autoarima,log_score,4996,4996,0,-3.0721414678770897,9,0.02409347422527746,0.016078453077654487
DAX,autoarima,pinball_0p01,4996,4996,0,0.00044981126874180566,9,2.8335776573902283e-05,2.4284094475410822e-05
DAX,autoarima,pinball_0p025,4996,4996,0,0.00088006455838154918,9,3.8585836229864194e-05,3.1031708916879438e-05
DAX,autoarima,pinball_0p05,4996,4996,0,0.0014465313742469516,9,5.0675988834535567e-05,3.7856407463701111e-05
DAX,autoarima,pinball_avg,4996,4996,0,0.00092546906712343534,9,3.8545546161137283e-05,3.0529356284116825e-05
DAX,autoarima,qlike,4996,4996,0,0.41222699511264338,9,0.019960454145012761,0.018317837115474446
DAX,autoarima,fz0_0p01,4996,4996,0,-3.0274842771560517,9,0.091650542112577504,0.085651789752659427
DAX,autoarima,fz0_0p025,4996,4996,0,-3.3493616885662529,9,0.056563898085635125,0.050242512473166842
DAX,autoarima,fz0_0p05,4996,4996,0,-3.5801725691817161,9,0.042136418878763127,0.035397220845000993
DAX,autoarima,fz0_avg,4996,4996,0,-3.3190061783013407,9,0.062376635937924897,0.056232809038151838
DAX,autoets,crps,4996,4996,0,0.0066034037953322192,9,0.00017221338015785094,9.6464346657490436e-05
DAX,autoets,log_score,4996,4996,0,-3.0749338809869213,9,0.023964809260092607,0.01592083012931993
DAX,autoets,pinball_0p01,4996,4996,0,0.00044483194714934536,9,2.7947471060614498e-05,2.3922423843122168e-05
DAX,autoets,pinball_0p025,4996,4996,0,0.00087489023883810285,9,3.808158242236094e-05,3.0407192627314973e-05
DAX,autoets,pinball_0p05,4996,4996,0,0.0014403196312500551,9,5.0005070669166909e-05,3.7087396959053911e-05
DAX,autoets,pinball_avg,4996,4996,0,0.00092001393907916774,9,3.8015446893196319e-05,2.9943075341624694e-05
DAX,autoets,qlike,4996,4996,0,0.40864584139942495,9,0.018976284168422463,0.017485138014509339
DAX,autoets,fz0_0p01,4996,4996,0,-3.0461590707617576,9,0.090415370286663133,0.084376259992392469
DAX,autoets,fz0_0p025,4996,4996,0,-3.3604519607506225,9,0.055670809081065746,0.049421458647839936
DAX,autoets,fz0_0p05,4996,4996,0,-3.589140362666313,9,0.041586263773627972,0.034824552180978324
DAX,autoets,fz0_avg,4996,4996,0,-3.3319171313928981,9,0.061469014837936313,0.055351476784393457
DAX,chronos,crps,4996,4996,0,0.0066149214945827976,9,0.00017380204540761086,9.8579585188971627e-05
DAX,chronos,log_score,4996,4996,0,-3.0714126993191915,9,0.02394010910203876,0.015697915960683408
DAX,chronos,pinball_0p01,4996,4996,0,0.00044793288347006664,9,3.0131702415442481e-05,2.6188821750458584e-05
DAX,chronos,pinball_0p025,4996,4996,0,0.00087754055716460135,9,4.0583361734592944e-05,3.2776628450762627e-05
DAX,chronos,pinball_0p05,4996,4996,0,0.0014493574321214507,9,5.3254219998690152e-05,3.945486151795234e-05
DAX,chronos,pinball_avg,4996,4996,0,0.00092494362425203961,9,4.0707212997990456e-05,3.2264498837254918e-05
DAX,chronos,qlike,4996,4996,0,0.41009563768947865,9,0.021360193319165884,0.018900433412667641
DAX,chronos,fz0_0p01,4996,4996,0,-3.0784649355644786,9,0.084101769613579985,0.079487724115272454
DAX,chronos,fz0_0p025,4996,4996,0,-3.3767865103140937,9,0.053453781610933435,0.047702600436318215
DAX,chronos,fz0_0p05,4996,4996,0,-3.5899449998138646,9,0.040746680338374336,0.034172419103616444
DAX,chronos,fz0_avg,4996,4996,0,-3.3483988152308117,9,0.058365414510345506,0.052902695983987238
DAX,ewma,crps,4996,4996,0,0.0066543445821998868,9,0.00017405732123534239,9.7574854703487386e-05
DAX,ewma,log_score,4996,4996,0,-3.0499142665342793,9,0.024742753863400791,0.016924007552412881
DAX,ewma,pinball_0p01,4996,4996,0,0.00044904626968671641,9,3.0635167483592649e-05,2.6272763920021345e-05
DAX,ewma,pinball_0p025,4996,4996,0,0.00088452433377093323,9,4.0558240588557804e-05,3.2092888357658645e-05
DAX,ewma,pinball_0p05,4996,4996,0,0.0014575942598809477,9,5.1955725960528047e-05,3.8203323086041516e-05
DAX,ewma,pinball_avg,4996,4996,0,0.00093038828777953239,9,4.0365833172891001e-05,3.1629946853657395e-05
DAX,ewma,qlike,4996,4996,0,0.43622697275111832,9,0.021004717966143883,0.01910164538180437
DAX,ewma,fz0_0p01,4996,4996,0,-3.0417196549038881,9,0.095252047104150792,0.090259830362686644
DAX,ewma,fz0_0p025,4996,4996,0,-3.3484045261552269,9,0.057095490128343619,0.05118226445203243
DAX,ewma,fz0_0p05,4996,4996,0,-3.5718831243344251,9,0.041994462076953315,0.035405458270098805
DAX,ewma,fz0_avg,4996,4996,0,-3.3206691017978462,9,0.063609626120213689,0.058059783362282444
DAX,garch11,crps,4996,4996,0,0.0066704226157258024,9,0.00017492127249136381,9.8283871919098697e-05
DAX,garch11,log_score,4996,4996,0,-3.0427404327559264,9,0.025439905831635794,0.016519346438850974
DAX,garch11,pinball_0p01,4996,4996,0,0.00045583540704324614,9,3.254722805705251e-05,2.7199834582419116e-05
DAX,garch11,pinball_0p025,4996,4996,0,0.00088664739690312491,9,4.2039024577228146e-05,3.2935788100720055e-05
DAX,garch11,pinball_0p05,4996,4996,0,0.0014647779390549503,9,5.3325173860013865e-05,3.8910135700127152e-05
DAX,garch11,pinball_avg,4996,4996,0,0.00093575358100044036,9,4.2013478964480103e-05,3.2490281922567399e-05
DAX,garch11,qlike,4996,4996,0,0.44902192257067386,9,0.022833298069111947,0.018808651075433159
DAX,garch11,fz0_0p01,4996,4996,0,-3.0374471131669938,9,0.096633090420791767,0.084976830685752472
DAX,garch11,fz0_0p025,4996,4996,0,-3.3495545467686485,9,0.058732488341639862,0.04908064012452959
DAX,garch11,fz0_0p05,4996,4996,0,-3.5650396381044276,9,0.043108919314232379,0.034328604523911621
DAX,garch11,fz0_avg,4996,4996,0,-3.3173470993466898,9,0.06524432401421569,0.055304527160922996
DAX,garch11_t,crps,4996,4996,0,0.0066490450666867379,9,0.00017581298112079649,0.00010033492164561432
DAX,garch11_t,log_score,4996,4996,0,-3.0740436910625584,9,0.023013843278750359,0.014155438636040147
DAX,garch11_t,pinball_0p01,4996,4996,0,0.00043169221572246698,9,2.7938716210619043e-05,2.3603632832610585e-05
DAX,garch11_t,pinball_0p025,4996,4996,0,0.00087656860544332448,9,4.012866503490319e-05,3.1423970437722071e-05
DAX,garch11_t,pinball_0p05,4996,4996,0,0.0014643550209504387,9,5.3584511358889362e-05,3.9360583316374176e-05
DAX,garch11_t,pinball_avg,4996,4996,0,0.00092420528070540986,9,3.9722559332428068e-05,3.0619734374301217e-05
DAX,garch11_t,qlike,4996,4996,0,0.4428158348437925,9,0.02136115725257394,0.018092787554882628
DAX,garch11_t,fz0_0p01,4996,4996,0,-3.1765700560885755,9,0.068152853938996352,0.061072632372518983
DAX,garch11_t,fz0_0p025,4996,4996,0,-3.3934197107672102,9,0.049552886276531101,0.041542977416110703
DAX,garch11_t,fz0_0p05,4996,4996,0,-3.5791254848515277,9,0.04047378930950498,0.032373670626246305
DAX,garch11_t,fz0_avg,4996,4996,0,-3.3830384172357713,9,0.051484306587043484,0.043694871331074137
DAX,gjr,crps,4996,4996,0,0.0066188748135707744,9,0.00017239833452407303,9.7105282983240573e-05
DAX,gjr,log_score,4996,4996,0,-3.0683942711907646,9,0.023401836098349425,0.01530710016189079
DAX,gjr,pinball_0p01,4996,4996,0,0.00043572259285066557,9,2.705951963602616e-05,2.3806517652231276e-05
DAX,gjr,pinball_0p025,4996,4996,0,0.0008579194838934422,9,3.639834295299095e-05,3.0014129025670401e-05
DAX,gjr,pinball_0p05,4996,4996,0,0.0014254992893070518,9,4.808668146896327e-05,3.6446061711212498e-05
DAX,gjr,pinball_avg,4996,4996,0,0.00090638045535038655,9,3.6554765220169716e-05,2.9575092558862759e-05
DAX,gjr,qlike,4996,4996,0,0.39287495824309182,9,0.018741051856670184,0.017600114290172816
DAX,gjr,fz0_0p01,4996,4996,0,-3.1050128054902708,9,0.08027387345380671,0.077305103310646453
DAX,gjr,fz0_0p025,4996,4996,0,-3.3965259499166089,9,0.049846277964953702,0.045647761149986144
DAX,gjr,fz0_0p05,4996,4996,0,-3.6062969703791379,9,0.037819781305489325,0.032410802142527131
DAX,gjr,fz0_avg,4996,4996,0,-3.369278575262006,9,0.054915106108297369,0.050977545151235773
DAX,har,crps,4996,4996,0,0.0066060007375084587,9,0.00017314941559282623,9.813133819397925e-05
DAX,har,log_score,4996,4996,0,-3.0755483587094274,9,0.023980694557934758,0.015721621240324914
DAX,har,pinball_0p01,4996,4996,0,0.00044575201912972921,9,3.0563750650623317e-05,2.6109987313342234e-05
DAX,har,pinball_0p025,4996,4996,0,0.00087970610329108582,9,4.0504497169394619e-05,3.2529307317728035e-05
DAX,har,pinball_0p05,4996,4996,0,0.0014444585000655261,9,5.2868615934328886e-05,3.9143237767959545e-05
DAX,har,pinball_avg,4996,4996,0,0.00092330554082878044,9,4.0665405377601798e-05,3.2019966742108139e-05
DAX,har,qlike,4996,4996,0,0.40398636272462241,9,0.019512510434911475,0.017702849117817332
DAX,har,fz0_0p01,4996,4996,0,-3.0758229745482892,9,0.087563314250827542,0.081793494041152617
DAX,har,fz0_0p025,4996,4996,0,-3.3711685208323146,9,0.054844915308241635,0.048410409941877314
DAX,har,fz0_0p05,4996,4996,0,-3.5937481411637031,9,0.041355158702992882,0.034371808032542743
DAX,har,fz0_avg,4996,4996,0,-3.3469132121814353,9,0.060193353075768528,0.05394976668444728
DAX,lgbm,crps,4996,4996,0,0.0067665632339891065,9,0.00017815822235546242,9.8504701581172543e-05
DAX,lgbm,log_score,4996,4996,0,-3.0023722194745632,9,0.030829162321762298,0.019544437380737651
DAX,lgbm,pinball_0p01,4996,4996,0,0.00050641045127104538,9,4.594582795115245e-05,3.2394615106198034e-05
DAX,lgbm,pinball_0p025,4996,4996,0,0.00095708663170086176,9,5.516665102959172e-05,3.7636326399280193e-05
DAX,lgbm,pinball_0p05,4996,4996,0,0.0015442572324857835,9,6.5036318987737841e-05,4.2903487789345536e-05
DAX,lgbm,pinball_avg,4996,4996,0,0.0010025847718192302,9,5.4751485744652412e-05,3.71772337809577e-05
DAX,lgbm,qlike,4996,4996,0,0.59601035773645539,9,0.051958485971122417,0.035532248409591231
DAX,lgbm,fz0_0p01,4996,4996,0,-2.8841117399674352,9,0.14343091138055244,0.10642732045680678
DAX,lgbm,fz0_0p025,4996,4996,0,-3.2543227474342258,9,0.079429951397321105,0.058119781507552669
DAX,lgbm,fz0_0p05,4996,4996,0,-3.5053625171988374,9,0.05384017432823969,0.038889530377128868
DAX,lgbm,fz0_avg,4996,4996,0,-3.2145990015334989,9,0.091360561819961009,0.067051445710886448
DAX,moirai,crps,4996,4996,0,0.0066025603534486058,9,0.00017453174726547765,9.942172893757108e-05
DAX,moirai,log_score,4996,4996,0,-3.0740937621271476,9,0.024897321518486216,0.016558298881599466
DAX,moirai,pinball_0p01,4996,4996,0,0.00045325032963012304,9,3.2545666072713533e-05,2.8117349293390376e-05
DAX,moirai,pinball_0p025,4996,4996,0,0.00087972112504315148,9,4.2595618501412434e-05,3.4367806685127942e-05
DAX,moirai,pinball_0p05,4996,4996,0,0.0014482665834825608,9,5.5094732678186511e-05,4.0831332884563497e-05
DAX,moirai,pinball_avg,4996,4996,0,0.00092707934605194505,9,4.27107567695849e-05,3.3882887973620142e-05
DAX,moirai,qlike,4996,4996,0,0.4038914901487598,9,0.021320330768491203,0.018833022955282577
DAX,moirai,fz0_0p01,4996,4996,0,-3.0654678695257727,9,0.091607221580193562,0.085704155948476704
DAX,moirai,fz0_0p025,4996,4996,0,-3.3748461446069067,9,0.056722151824976447,0.05034551371205253
DAX,moirai,fz0_0p05,4996,4996,0,-3.5942436877448847,9,0.042726012557501337,0.035651259945579217
DAX,moirai,fz0_avg,4996,4996,0,-3.3448525672925218,9,0.062579584853199643,0.056319953840028469
DAX,naive,crps,4996,4996,0,0.0068924069672623191,9,0.00018254443174693877,0.00010361722321685865
DAX,naive,log_score,4996,4996,0,-2.901414857426956,9,0.04340081010285677,0.027023078246876883
DAX,naive,pinball_0p01,4996,4996,0,0.00057420557611293811,9,5.9052712427687573e-05,3.9124360584908503e-05
DAX,naive,pinball_0p025,4996,4996,0,0.0010332404029188696,9,6.7538783830140106e-05,4.4444374435176749e-05
DAX,naive,pinball_0p05,4996,4996,0,0.0016309204270954863,9,7.6344717025351785e-05,4.926815136483852e-05
DAX,naive,pinball_avg,4996,4996,0,0.0010794554687090978,9,6.7217272822751821e-05,4.3872561388983337e-05
DAX,naive,qlike,4996,4996,0,0.80350618680986885,9,0.0843314269539647,0.053184313326831073
DAX,naive,fz0_0p01,4996,4996,0,-2.6312679513065458,9,0.20390858830383543,0.13660234277761829
DAX,naive,fz0_0p025,4996,4996,0,-3.1095451595162258,9,0.10680625122383859,0.071435385980351068
DAX,naive,fz0_0p05,4996,4996,0,-3.3971214146267092,9,0.069116247887992602,0.045949889955832886
DAX,naive,fz0_avg,4996,4996,0,-3.0459781751498269,9,0.12598875638762921,0.084033551462273107
DAX,patchtst,crps,4996,4996,0,0.0067860392603075487,9,0.00018229699486415772,0.00010295388206389645
DAX,patchtst,log_score,4996,4996,0,-2.8909868803497667,9,0.055912030272713589,0.037521382399457612
DAX,patchtst,pinball_0p01,4996,4996,0,0.00058996185170782922,9,5.878397961544981e-05,4.0202494111302857e-05
DAX,patchtst,pinball_0p025,4996,4996,0,0.0010326078415182755,9,6.6370266444573032e-05,4.5047796149104661e-05
DAX,patchtst,pinball_0p05,4996,4996,0,0.00161009784288604,9,7.5330501012303732e-05,4.9663701301659169e-05
DAX,patchtst,pinball_avg,4996,4996,0,0.0010775558453707148,9,6.6210983126577751e-05,4.4519124468910878e-05
DAX,patchtst,qlike,4996,4996,0,0.78332012073828394,9,0.10357754446448837,0.058615305054479157
DAX,patchtst,fz0_0p01,4996,4996,0,-2.2748252404433646,9,0.26694621681318431,0.18591960936942151
DAX,patchtst,fz0_0p025,4996,4996,0,-2.953427770861615,9,0.13553119512280548,0.095257987626120741
DAX,patchtst,fz0_0p05,4996,4996,0,-3.3267128387630107,9,0.085896571620888401,0.060253898235244366
DAX,patchtst,fz0_avg,4996,4996,0,-2.8516552833559969,9,0.16196652111193369,0.11306489536492545
DAX,timesfm,crps,4996,4996,0,0.0066207901414964731,9,0.00017318789287962236,9.8767200442149842e-05
DAX,timesfm,log_score,4996,4996,0,-3.0693345799569069,9,0.023910279875023182,0.015598251637884286
DAX,timesfm,pinball_0p01,4996,4996,0,0.00045036066967764734,9,3.1365804751965664e-05,2.7150075687294376e-05
DAX,timesfm,pinball_0p025,4996,4996,0,0.00088427593119067623,9,4.1444052211162197e-05,3.35302003157445e-05
DAX,timesfm,pinball_0p05,4996,4996,0,0.0014565936103841184,9,5.3920787003267533e-05,4.0088050741871161e-05
DAX,timesfm,pinball_avg,4996,4996,0,0.00093041007041748077,9,4.1611345772019834e-05,3.3033966199992227e-05
DAX,timesfm,qlike,4996,4996,0,0.41531684099153565,9,0.021073328042295759,0.019435834843343856
DAX,timesfm,fz0_0p01,4996,4996,0,-3.0816535740824769,9,0.086739129181390526,0.081158811229253489
DAX,timesfm,fz0_0p025,4996,4996,0,-3.3689275104927026,9,0.054277719828085866,0.04801745697630791
DAX,timesfm,fz0_0p05,4996,4996,0,-3.584328276427112,9,0.041166257186394307,0.03418560976595416
DAX,timesfm,fz0_avg,4996,4996,0,-3.3449697870007635,9,0.059667356529612713,0.053535892800574018
DIA,autoarima,crps,4904,4904,0,0.0054288150499849676,9,0.00019049763118617202,9.0561841818157746e-05
DIA,autoarima,log_score,4904,4904,0,-3.3175262848308633,9,0.026813991869983896,0.016369265223546297
DIA,autoarima,pinball_0p01,4904,4904,0,0.00035263255047578976,9,2.2760121148029799e-05,1.8576524747153007e-05
DIA,autoarima,pinball_0p025,4904,4904,0,0.00069928574352032702,9,3.1953553771077738e-05,2.3837038405160083e-05
DIA,autoarima,pinball_0p05,4904,4904,0,0.0011588971115622845,9,4.479937497488643e-05,2.9975840619770343e-05
DIA,autoarima,pinball_avg,4904,4904,0,0.00073693846851946717,9,3.2416751118988827e-05,2.3581610339473087e-05
DIA,autoarima,qlike,4904,4904,0,0.42775346671444986,9,0.020335463683238408,0.018864826325478454
DIA,autoarima,fz0_0p01,4904,4904,0,-3.3571990455300376,9,0.095857902731598221,0.083126302963778667
DIA,autoarima,fz0_0p025,4904,4904,0,-3.6447880129248564,9,0.057749599722796106,0.047721639376811863
DIA,autoarima,fz0_0p05,4904,4904,0,-3.8630227236079588,9,0.042861956956088652,0.033394825581647844
DIA,autoarima,fz0_avg,4904,4904,0,-3.6216699273542843,9,0.064341545535819278,0.053897221507573222
DIA,autoets,crps,4904,4904,0,0.0054240272864171692,9,0.0001890933091658452,8.9254037836977254e-05
DIA,autoets,log_score,4904,4904,0,-3.318800945926768,9,0.02637912827077284,0.016303336555967506
DIA,autoets,pinball_0p01,4904,4904,0,0.00034683681187666187,9,2.073003120014768e-05,1.7224634102364119e-05
DIA,autoets,pinball_0p025,4904,4904,0,0.00069203226335502114,9,2.9944953299281162e-05,2.232760724432836e-05
DIA,autoets,pinball_0p05,4904,4904,0,0.0011518582781383411,9,4.2736180637444359e-05,2.8254286291530661e-05
DIA,autoets,pinball_avg,4904,4904,0,0.00073024245112334146,9,3.0474237566896348e-05,2.2094484166752269e-05
DIA,autoets,qlike,4904,4904,0,0.42616191119993396,9,0.020299179656156938,0.019123832263185411
DIA,autoets,fz0_0p01,4904,4904,0,-3.3718051737250212,9,0.089620754635498567,0.08191880843875976
DIA,autoets,fz0_0p025,4904,4904,0,-3.6536321295638432,9,0.054717030460760631,0.046899480486255959
DIA,autoets,fz0_0p05,4904,4904,0,-3.8682941566455837,9,0.041370801927006956,0.032766463917383463
DIA,autoets,fz0_avg,4904,4904,0,-3.6312438199781485,9,0.060733804626852406,0.053014662334018171
DIA,chronos,crps,4904,4904,0,0.0054612084392514776,9,0.00019391615107309376,9.3203159684815415e-05
DIA,chronos,log_score,4904,4904,0,-3.2971526231212001,9,0.027847502173484202,0.017628980433652221
DIA,chronos,pinball_0p01,4904,4904,0,0.00036790038847948642,9,2.5368992618711081e-05,2.1069924679252453e-05
DIA,chronos,pinball_0p025,4904,4904,0,0.00071566055768792971,9,3.4991917281660267e-05,2.6753170362994843e-05
DIA,chronos,pinball_0p05,4904,4904,0,0.0011822465630053794,9,4.7774015958345397e-05,3.2758904631858179e-05
DIA,chronos,pinball_avg,4904,4904,0,0.00075526916972426506,9,3.5433665182814582e-05,2.6391045616198226e-05
DIA,chronos,qlike,4904,4904,0,0.4509131862235643,9,0.023303843048344125,0.021392062147123154
DIA,chronos,fz0_0p01,4904,4904,0,-3.2920740566273046,9,0.10396167825222777,0.092503603238744861
DIA,chronos,fz0_0p025,4904,4904,0,-3.6056056868798003,9,0.061536760104416839,0.052238967285885354
DIA,chronos,fz0_0p05,4904,4904,0,-3.830584983920454,9,0.045100618463055547,0.036102231006272759
DIA,chronos,fz0_avg,4904,4904,0,-3.5760882424758527,9,0.069024392510781338,0.059404691570248351
DIA,ewma,crps,4904,4904,0,0.0054999010030187838,9,0.00019616096921293898,9.2974110406158616e-05
DIA,ewma,log_score,4904,4904,0,-3.2696006574575129,9,0.029296147309093124,0.019408852534378018
DIA,ewma,pinball_0p01,4904,4904,0,0.00039503106570057368,9,2.8506926391895345e-05,2.1390633872117054e-05
DIA,ewma,pinball_0p025,4904,4904,0,0.00075039713852581048,9,4.0410269115934176e-05,2.7872455122709329e-05
DIA,ewma,pinball_0p05,4904,4904,0,0.0012262025359877924,9,5.4571360641438293e-05,3.4381938080654017e-05
DIA,ewma,pinball_avg,4904,4904,0,0.00079054358007139218,9,4.0602460859204066e-05,2.7431618169932373e-05
DIA,ewma,qlike,4904,4904,0,0.48556276274133409,9,0.024631641225719203,0.022695538941878014
DIA,ewma,fz0_0p01,4904,4904,0,-3.1172791579153403,9,0.12043801790608601,0.10858001188018515
DIA,ewma,fz0_0p025,4904,4904,0,-3.5209750575512553,9,0.069567466016115936,0.059640800107841431
DIA,ewma,fz0_0p05,4904,4904,0,-3.7747589975526337,9,0.049561554804084348,0.040056055335186157
DIA,ewma,fz0_avg,4904,4904,0,-3.4710044043397432,9,0.078745074192023451,0.068678342477067458
DIA,garch11,crps,4904,4904,0,0.005476861609841158,9,0.0001929374945656216,9.2102595074877646e-05
DIA,garch11,log_score,4904,4904,0,-3.288203805353028,9,0.027359604805621308,0.016851821946995187
DIA,garch11,pinball_0p01,4904,4904,0,0.0003617243538030041,9,2.2559241081570938e-05,1.8546808931698961e-05
DIA,garch11,pinball_0p025,4904,4904,0,0.00072231474730981347,9,3.3621652392709566e-05,2.4366412504191029e-05
DIA,garch11,pinball_0p05,4904,4904,0,0.0012018440754440792,9,4.8605611431884181e-05,3.1227835519703552e-05
DIA,garch11,pinball_avg,4904,4904,0,0.00076196105885229881,9,3.4092632678960015e-05,2.405060055375509e-05
DIA,garch11,qlike,4904,4904,0,0.45619133799187528,9,0.018419262859490495,0.016726238509287689
DIA,garch11,fz0_0p01,4904,4904,0,-3.2797721591604736,9,0.098731726210997975,0.089566298338415701
DIA,garch11,fz0_0p025,4904,4904,0,-3.5838386835446796,9,0.059442614938533062,0.050903297703271566
DIA,garch11,fz0_0p05,4904,4904,0,-3.8070661392082918,9,0.04431297431507572,0.03536202287031881
DIA,garch11,fz0_avg,4904,4904,0,-3.5568923273044817,9,0.066299295110242976,0.057715728342087769
DIA,garch11_t,crps,4904,4904,0,0.0054627679863595326,9,0.00019446183475707005,9.3864792518503806e-05
DIA,garch11_t,log_score,4904,4904,0,-3.318041505937098,9,0.025900939791131998,0.014641581072829783
DIA,garch11_t,pinball_0p01,4904,4904,0,0.00034678993459563197,9,1.9387961148185105e-05,1.5815621021991166e-05
DIA,garch11_t,pinball_0p025,4904,4904,0,0.00071350713059707097,9,3.1920548531493142e-05,2.3273751011785562e-05
DIA,garch11_t,pinball_0p05,4904,4904,0,0.0011963486371836672,9,4.9003345174064568e-05,3.1946365128858574e-05
DIA,garch11_t,pinball_avg,4904,4904,0,0.00075221523412545674,9,3.2459444410344789e-05,2.2763528821812609e-05
DIA,garch11_t,qlike,4904,4904,0,0.45017603827548042,9,0.017888512480457239,0.016357055891857517
DIA,garch11_t,fz0_0p01,4904,4904,0,-3.4054871579283406,9,0.074294703989014249,0.066868699948496715
DIA,garch11_t,fz0_0p025,4904,4904,0,-3.6233259301242304,9,0.052114055606520028,0.044361438058192613
DIA,garch11_t,fz0_0p05,4904,4904,0,-3.8225082073858876,9,0.042661324632852222,0.034066543789322216
DIA,garch11_t,fz0_avg,4904,4904,0,-3.6171070984794862,9,0.054873782547799184,0.047115652668810327
DIA,gjr,crps,4904,4904,0,0.0054305548464189486,9,0.00019122575512249581,9.1166079533009113e-05
DIA,gjr,log_score,4904,4904,0,-3.31137097345314,9,0.027895401946388298,0.017525679833578132
DIA,gjr,pinball_0p01,4904,4904,0,0.00035038021510623736,9,2.1382979275165542e-05,1.8712198489270233e-05
DIA,gjr,pinball_0p025,4904,4904,0,0.00069662470342400065,9,3.1130848352768726e-05,2.4045863504190438e-05
DIA,gjr,pinball_0p05,4904,4904,0,0.0011631829584528698,9,4.569450443355592e-05,3.0354439483384947e-05
DIA,gjr,pinball_avg,4904,4904,0,0.00073672929232770261,9,3.2012063400199185e-05,2.3790031998893536e-05
DIA,gjr,qlike,4904,4904,0,0.41094642054175989,9,0.016707542316948914,0.015889750877853534
DIA,gjr,fz0_0p01,4904,4904,0,-3.3346518519698654,9,0.096762219813327444,0.092324327491055652
DIA,gjr,fz0_0p025,4904,4904,0,-3.6360143514854038,9,0.057540627373173593,0.05154919537705948
DIA,gjr,fz0_0p05,4904,4904,0,-3.8541141199682789,9,0.043115433980729853,0.035436924317539344
DIA,gjr,fz0_avg,4904,4904,0,-3.6082601078078489,9,0.064515372483953948,0.058883288957250091
DIA,har,crps,4904,4904,0,0.0054411315422195567,9,0.0001929339827448292,9.2177925396635767e-05
DIA,har,log_score,4904,4904,0,-3.3127272151164346,9,0.026647769988643134,0.015997440268269447
DIA,har,pinball_0p01,4904,4904,0,0.00036164118392584174,9,2.5127935937611042e-05,1.9586178565442077e-05
DIA,har,pinball_0p025,4904,4904,0,0.00071233824738279098,9,3.6626566475045126e-05,2.6025948011251493e-05
DIA,har,pinball_0p05,4904,4904,0,0.0011724679935065526,9,4.972912043490706e-05,3.2647013787221305e-05
DIA,har,pinball_avg,4904,4904,0,0.00074881580827172852,9,3.6649790149254011e-05,2.562248168604604e-05
DIA,har,qlike,4904,4904,0,0.43342867474090063,9,0.022000608501325382,0.020877045765381259
DIA,har,fz0_0p01,4904,4904,0,-3.350470564341812,9,0.093725200768497011,0.080696082910705208
DIA,har,fz0_0p025,4904,4904,0,-3.6334944630840207,9,0.057452830880755271,0.046946565914008247
DIA,har,fz0_0p05,4904,4904,0,-3.853228460674976,9,0.042994624992035421,0.033089411423000009
DIA,har,fz0_avg,4904,4904,0,-3.6123978293669361,9,0.063658057305783194,0.052720492492835044
DIA,lgbm,crps,4904,4904,0,0.0056687896030846148,9,0.00021178910745777688,9.6175637258553537e-05
DIA,lgbm,log_score,4904,4904,0,-3.2140238742863851,9,0.036587722547618079,0.020033483438795231
DIA,lgbm,pinball_0p01,4904,4904,0,0.00044229348707372837,9,5.1114957873053118e-05,3.2347416698954056e-05
DIA,lgbm,pinball_0p025,4904,4904,0,0.00082230559811218452,9,6.157394006174717e-05,3.72255953135608e-05
DIA,lgbm,pinball_0p05,4904,4904,0,0.0013190444948123568,9,7.3566979370110191e-05,4.1963180732710893e-05
DIA,lgbm,pinball_avg,4904,4904,0,0.00086121452666608998,9,6.1589127642579797e-05,3.6826493660863526e-05
DIA,lgbm,qlike,4904,4904,0,0.6155886089902175,9,0.039481304643747737,0.024566180354266096
DIA,lgbm,fz0_0p01,4904,4904,0,-3.1175267710647665,9,0.14899604124025073,0.10766952738030813
DIA,lgbm,fz0_0p025,4904,4904,0,-3.486791583845601,9,0.08193000264900302,0.05794564645590812
DIA,lgbm,fz0_0p05,4904,4904,0,-3.7340242846827825,9,0.056199421874672785,0.038389119261595023
DIA,lgbm,fz0_avg,4904,4904,0,-3.4461142131977165,9,0.094779322737961594,0.067324581515008933
DIA,moirai,crps,4904,4904,0,0.0054494588632445426,9,0.00019619908680373275,9.4370620526763266e-05
DIA,moirai,log_score,4904,4904,0,-3.305540324889098,9,0.028441763709455996,0.017902780920370006
DIA,moirai,pinball_0p01,4904,4904,0,0.0003727927156595364,9,2.6555712202452411e-05,2.2353297446625342e-05
DIA,moirai,pinball_0p025,4904,4904,0,0.00072006026231310799,9,3.6723921657679857e-05,2.8100289307993827e-05
DIA,moirai,pinball_0p05,4904,4904,0,0.0011800072917827005,9,5.069734584168761e-05,3.4445896118991043e-05
DIA,moirai,pinball_avg,4904,4904,0,0.00075762008991844831,9,3.7312707228260775e-05,2.7756317143052634e-05
DIA,moirai,qlike,4904,4904,0,0.43785316710509514,9,0.02253057328313661,0.020739787894793908
DIA,moirai,fz0_0p01,4904,4904,0,-3.2660103884264995,9,0.10546386026392846,0.09514858015964886
DIA,moirai,fz0_0p025,4904,4904,0,-3.6010424170733968,9,0.062878676751628323,0.053903678462324925
DIA,moirai,fz0_0p05,4904,4904,0,-3.8391048592407482,9,0.046371143624131084,0.037232668312575219
DIA,moirai,fz0_avg,4904,4904,0,-3.5687192215802148,9,0.07039389826600656,0.061235578625545836
DIA,naive,crps,4904,4904,0,0.005841696430656791,9,0.00022144963483614879,0.00010289142681092921
DIA,naive,log_score,4904,4904,0,-3.0350736226102248,9,0.06208031436670907,0.0324826171293243
DIA,naive,pinball_0p01,4904,4904,0,0.00057058529784373164,9,7.4404018661634115e-05,4.40400997121265e-05
DIA,naive,pinball_0p025,4904,4904,0,0.00097083467519820861,9,8.4239508822151057e-05,4.8632218766252805e-05
DIA,naive,pinball_0p05,4904,4904,0,0.0014807934613014857,9,9.3811108878231585e-05,5.248255571244518e-05
DIA,naive,pinball_avg,4904,4904,0,0.0010074044781144755,9,8.3803047377504111e-05,4.8102810830827849e-05
DIA,naive,qlike,4904,4904,0,0.93368017391280489,9,0.087751822851938291,0.047434956239043993
DIA,naive,fz0_0p01,4904,4904,0,-2.4992488833303983,9,0.26264155024297053,0.16336961381601739
DIA,naive,fz0_0p025,4904,4904,0,-3.1225145479273428,9,0.13709911433536279,0.084716383155305081
DIA,naive,fz0_0p05,4904,4904,0,-3.4798101899021803,9,0.08780900884693997,0.053916177544771855
DIA,naive,fz0_avg,4904,4904,0,-3.0338578737199735,9,0.16188518079007461,0.1000884225428061
DIA,patchtst,crps,4904,4904,0,0.005606199562618844,9,0.00020595829641307801,9.8181291667630275e-05
DIA,patchtst,log_score,4904,4904,0,-3.1427519718626518,9,0.044668243244139982,0.027357549629787484
DIA,patchtst,pinball_0p01,4904,4904,0,0.00049296352469957872,9,4.6272972186382348e-05,3.3235547658033678e-05
DIA,patchtst,pinball_0p025,4904,4904,0,0.00085339025731692004,9,5.7281831885343633e-05,3.8787307299717451e-05
DIA,patchtst,pinball_0p05,4904,4904,0,0.0013150966943406483,9,6.8593505745930187e-05,4.3742636444972539e-05
DIA,patchtst,pinball_avg,4904,4904,0,0.00088715015878571577,9,5.7003040450101286e-05,3.8275514271002447e-05
DIA,patchtst,qlike,4904,4904,0,0.79215538321390255,9,0.066405139354358406,0.046738247029304923
DIA,patchtst,fz0_0p01,4904,4904,0,-2.5379287931584673,9,0.2129800554398309,0.16111342220395267
DIA,patchtst,fz0_0p025,4904,4904,0,-3.2073764328057277,9,0.11312194808249289,0.085023454128310236
DIA,patchtst,fz0_0p05,4904,4904,0,-3.5869269972207793,9,0.073623381713153566,0.054825696947962209
DIA,patchtst,fz0_avg,4904,4904,0,-3.1107440743949915,9,0.13239635286581647,0.099657867924344862
DIA,timesfm,crps,4904,4904,0,0.0054597637602499197,9,0.00019416493311067605,9.3284503334012107e-05
DIA,timesfm,log_score,4904,4904,0,-3.3005528299450977,9,0.027285301997136486,0.017002528263806046
DIA,timesfm,pinball_0p01,4904,4904,0,0.0003669879504718039,9,2.5268404986720442e-05,2.1274344665620544e-05
DIA,timesfm,pinball_0p025,4904,4904,0,0.00071194272105243512,9,3.4749967094418838e-05,2.6799111366733247e-05
DIA,timesfm,pinball_0p05,4904,4904,0,0.0011841606814825844,9,4.8612488979695461e-05,3.3047735415586051e-05
DIA,timesfm,pinball_avg,4904,4904,0,0.00075436378433560783,9,3.5545075552721285e-05,2.6512898468140713e-05
DIA,timesfm,qlike,4904,4904,0,0.44624516791444779,9,0.021683320117391089,0.020543373954837255
DIA,timesfm,fz0_0p01,4904,4904,0,-3.3032583131256441,9,0.099180497912324,0.089397498301553732
DIA,timesfm,fz0_0p025,4904,4904,0,-3.611918586569153,9,0.059140372714219167,0.050708415942092154
DIA,timesfm,fz0_0p05,4904,4904,0,-3.8300383841418602,9,0.043817897525453064,0.035165326899127519
DIA,timesfm,fz0_avg,4904,4904,0,-3.5817384279455529,9,0.06626042852349949,0.057565512991876747
ETH-USD,autoarima,crps,2791,2791,0,0.021661539523550152,8,0.00064470463261112924,0.00044983031308881781
ETH-USD,autoarima,log_score,2791,2791,0,-1.7927601083011315,8,0.042576705896367334,0.037768957215211306
ETH-USD,autoarima,pinball_0p01,2791,2791,0,0.0016609835961319064,8,0.00020072657166843828,0.00018500239603452505
ETH-USD,autoarima,pinball_0p025,2791,2791,0,0.0030646480899949773,8,0.00023098790709044084,0.00020629774409401243
ETH-USD,autoarima,pinball_0p05,2791,2791,0,0.0048640773181916775,8,0.00026372756906173529,0.0002258255738538214
ETH-USD,autoarima,pinball_avg,2791,2791,0,0.0031965696681061874,8,0.00022968968814033604,0.00020408885783274912
ETH-USD,autoarima,qlike,2791,2791,0,0.3017266894257008,8,0.031256228219369991,0.03143900478703264
ETH-USD,autoarima,fz0_0p01,2791,2791,0,-1.7612719677419955,8,0.15013361935890879,0.14155606267089446
ETH-USD,autoarima,fz0_0p025,2791,2791,0,-2.1307305505957665,8,0.083182050681802788,0.076557008757900377
ETH-USD,autoarima,fz0_0p05,2791,2791,0,-2.3864296759980563,8,0.057481400954738873,0.050718281012269294
ETH-USD,autoarima,fz0_avg,2791,2791,0,-2.0928107314452729,8,0.09566173792372587,0.088718387624027617
ETH-USD,autoets,crps,2791,2791,0,0.021794208651230926,8,0.00065221856484894202,0.00044711768070821302
ETH-USD,autoets,log_score,2791,2791,0,-1.7763094620180662,8,0.041803393392497362,0.03749979085121042
ETH-USD,autoets,pinball_0p01,2791,2791,0,0.0017119801614862561,8,0.00019771592724369567,0.00017994273864078508
ETH-USD,autoets,pinball_0p025,2791,2791,0,0.0031471968753015549,8,0.00023076687535530574,0.00020223265342986143
ETH-USD,autoets,pinball_0p05,2791,2791,0,0.0049640037048691828,8,0.00026641820166946128,0.0002228353904285303
ETH-USD,autoets,pinball_avg,2791,2791,0,0.0032743935805523315,8,0.00022946302270207596,0.00020004129397168297
ETH-USD,autoets,qlike,2791,2791,0,0.3256487713290715,8,0.03178919618662028,0.031692855415072253
ETH-USD,autoets,fz0_0p01,2791,2791,0,-1.6799378244510514,8,0.1477980684673019,0.13893837075776594
ETH-USD,autoets,fz0_0p025,2791,2791,0,-2.0818830095801606,8,0.083339893345483737,0.076410366183800094
ETH-USD,autoets,fz0_0p05,2791,2791,0,-2.3543381259841141,8,0.057957860051130843,0.051048566422617139
ETH-USD,autoets,fz0_avg,2791,2791,0,-2.038719653338442,8,0.095202475771138537,0.087990672264789224
ETH-USD,chronos,crps,2791,2791,0,0.021504584224398531,8,0.00064961471549711952,0.00045915440261311508
ETH-USD,chronos,log_score,2791,2791,0,-1.8154120071140702,8,0.039952784693615288,0.034055808976785659
ETH-USD,chronos,pinball_0p01,2791,2791,0,0.001663151737358551,8,0.0002083682809515879,0.00019248120017103298
ETH-USD,chronos,pinball_0p025,2791,2791,0,0.0029999233763030207,8,0.00023545911194136922,0.00021321801000259239
ETH-USD,chronos,pinball_0p05,2791,2791,0,0.0047565739427129165,8,0.00026692045209552169,0.00023189141856748617
ETH-USD,chronos,pinball_avg,2791,2791,0,0.0031398830187914961,8,0.00023500376026527544,0.00021100086615031825
ETH-USD,chronos,qlike,2791,2791,0,0.28851558064655769,8,0.024808437904329461,0.024044150632140056
ETH-USD,chronos,fz0_0p01,2791,2791,0,-1.7382148453564921,8,0.16130245181205455,0.15037193266117618
ETH-USD,chronos,fz0_0p025,2791,2791,0,-2.1411639144796508,8,0.08828132137252942,0.081184924952230411
ETH-USD,chronos,fz0_0p05,2791,2791,0,-2.4007060677167398,8,0.060663052752021503,0.05376259926970281
ETH-USD,chronos,fz0_avg,2791,2791,0,-2.0933616091842944,8,0.10229426531687162,0.094219311413753393
ETH-USD,ewma,crps,2791,2791,0,0.021811435036530082,8,0.00065294911390710976,0.00045732621875937789
ETH-USD,ewma,log_score,2791,2791,0,-1.7676268571098415,8,0.042595082020850147,0.037601979169172413
ETH-USD,ewma,pinball_0p01,2791,2791,0,0.0017844918513329482,8,0.00021891992244528361,0.00020235423601374533
ETH-USD,ewma,pinball_0p025,2791,2791,0,0.0032054328495661026,8,0.00024988639445656658,0.0002228341838168581
ETH-USD,ewma,pinball_0p05,2791,2791,0,0.005035887565998912,8,0.00028260592558550929,0.00024109598022496189
ETH-USD,ewma,pinball_avg,2791,2791,0,0.0033419374222993211,8,0.00024849298043819662,0.00022054666196247505
ETH-USD,ewma,qlike,2791,2791,0,0.38797900279810249,8,0.035123596012243956,0.034281580639451172
ETH-USD,ewma,fz0_0p01,2791,2791,0,-1.6030116181246237,8,0.18087140580500413,0.16840390133884639
ETH-USD,ewma,fz0_0p025,2791,2791,0,-2.043115554853475,8,0.097984070363426337,0.088932971005652561
ETH-USD,ewma,fz0_0p05,2791,2791,0,-2.3241556929098532,8,0.065942458274396987,0.057738674007038214
ETH-USD,ewma,fz0_avg,2791,2791,0,-1.9900942886293176,8,0.1137910221708559,0.10418581895942611
ETH-USD,garch11,crps,2791,2791,0,0.021882513057359432,8,0.00064073948372146445,0.00044877790881386675
ETH-USD,garch11,log_score,2791,2791,0,-1.7833436577545325,8,0.03886889915284588,0.032322424023672205
ETH-USD,garch11,pinball_0p01,2791,2791,0,0.0017169961358473233,8,0.00021510906758204397,0.00019740630514763339
ETH-USD,garch11,pinball_0p025,2791,2791,0,0.0031610071952796991,8,0.00024565549501002945,0.00021692805254427752
ETH-USD,garch11,pinball_0p05,2791,2791,0,0.0050336193345634885,8,0.00027726750120505986,0.00023456101863137527
ETH-USD,garch11,pinball_avg,2791,2791,0,0.0033038742218968373,8,0.00024411183372107407,0.00021470831280905598
ETH-USD,garch11,qlike,2791,2791,0,0.38267466648509707,8,0.022797546522865333,0.020739927168243352
ETH-USD,garch11,fz0_0p01,2791,2791,0,-1.7371251991560031,8,0.16535404124574385,0.15257807411849167
ETH-USD,garch11,fz0_0p025,2791,2791,0,-2.0954571203343262,8,0.089309466938245152,0.07977565590522781
ETH-USD,garch11,fz0_0p05,2791,2791,0,-2.3397921358680089,8,0.059740246752544135,0.051528002754119388
ETH-USD,garch11,fz0_avg,2791,2791,0,-2.0574581517861126,8,0.10382784835119895,0.09381800635553772
ETH-USD,garch11_t,crps,2791,2791,0,0.021571882009183755,8,0.00065819761122240582,0.00047280989759429851
ETH-USD,garch11_t,log_score,2791,2791,0,-1.8827257377853233,8,0.027380264373314603,0.019738454832470765
ETH-USD,garch11_t,pinball_0p01,2791,2791,0,0.0016736509791605357,8,0.00018309088793137449,0.00016846931016413063
ETH-USD,garch11_t,pinball_0p025,2791,2791,0,0.0031405621592395161,8,0.00024018678311721095,0.00021222341778405111
ETH-USD,garch11_t,pinball_0p05,2791,2791,0,0.0049599007485590409,8,0.00028599929982455114,0.00024536323812562899
ETH-USD,garch11_t,pinball_avg,2791,2791,0,0.0032580379623196975,8,0.00023303588431883843,0.00020517422185218519
ETH-USD,garch11_t,qlike,2791,2791,0,0.415311927739416,8,0.023140705447889966,0.02080121702654272
ETH-USD,garch11_t,fz0_0p01,2791,2791,0,-1.8630037582050305,8,0.077225080512765193,0.069694271898116583
ETH-USD,garch11_t,fz0_0p025,2791,2791,0,-2.1344169863685032,8,0.062235955868975373,0.054102289107494178
ETH-USD,garch11_t,fz0_0p05,2791,2791,0,-2.3615773076248794,8,0.05211036813239521,0.044175615430074644
ETH-USD,garch11_t,fz0_avg,2791,2791,0,-2.1196660173994712,8,0.06251251758109555,0.054607224669190914
ETH-USD,gjr,crps,2791,2791,0,0.021904475749793983,8,0.00064175370693105016,0.00044972051418933241
ETH-USD,gjr,log_score,2791,2791,0,-1.7754576663223636,8,0.039869109204163235,0.033112139502192085
ETH-USD,gjr,pinball_0p01,2791,2791,0,0.0016992979759517923,8,0.00021468169451077456,0.00019732886627632189
ETH-USD,gjr,pinball_0p025,2791,2791,0,0.0031193601739719018,8,0.00024521679139291483,0.00021636463275647168
ETH-USD,gjr,pinball_0p05,2791,2791,0,0.0049872473722225507,8,0.00027791939491923323,0.000233709382952705
ETH-USD,gjr,pinball_avg,2791,2791,0,0.0032686351740487487,8,0.00024407331898235499,0.00021420572187288848
ETH-USD,gjr,qlike,2791,2791,0,0.38949425273083937,8,0.021552168166262074,0.018857448537257213
ETH-USD,gjr,fz0_0p01,2791,2791,0,-1.7395032584997745,8,0.16832298117339675,0.15612173772010185
ETH-USD,gjr,fz0_0p025,2791,2791,0,-2.1088392990925313,8,0.090328394593951505,0.081233930563243864
ETH-USD,gjr,fz0_0p05,2791,2791,0,-2.349726384717318,8,0.060483279618873904,0.052264447339289026
ETH-USD,gjr,fz0_avg,2791,2791,0,-2.066022980769874,8,0.10543616624666825,0.095767471069387669
ETH-USD,har,crps,2791,2791,0,0.021641580824731013,8,0.00064476397353660964,0.00045136318310966836
ETH-USD,har,log_score,2791,2791,0,-1.8020867740420401,8,0.039024084860750798,0.03357494741577239
ETH-USD,har,pinball_0p01,2791,2791,0,0.001668334045745352,8,0.00020432968371115296,0.00018880618436349091
ETH-USD,har,pinball_0p025,2791,2791,0,0.0030704838600934107,8,0.00023436031026272328,0.00020971984613280635
ETH-USD,har,pinball_0p05,2791,2791,0,0.0048623819893411878,8,0.00026609250348320738,0.00022876092487143448
ETH-USD,har,pinball_avg,2791,2791,0,0.0032003999650599838,8,0.00023290698138357489,0.00020748882581013358
ETH-USD,har,qlike,2791,2791,0,0.29611905679341988,8,0.028028709436755391,0.027825179583812438
ETH-USD,har,fz0_0p01,2791,2791,0,-1.7584852237335857,8,0.15291644478775088,0.1436545086647584
ETH-USD,har,fz0_0p025,2791,2791,0,-2.125485847786631,8,0.084539460974418654,0.077472010132255575
ETH-USD,har,fz0_0p05,2791,2791,0,-2.3826064527939499,8,0.058173626004088798,0.051238253438374716
ETH-USD,har,fz0_avg,2791,2791,0,-2.0888591747713887,8,0.097316319807245963,0.089877698071124335
ETH-USD,lgbm,crps,2791,2791,0,0.021767374453218677,8,0.0006508647882196545,0.00045104114387673166
ETH-USD,lgbm,log_score,2791,2791,0,-1.8017618375705573,8,0.035917646207796,0.029529122726781456
ETH-USD,lgbm,pinball_0p01,2791,2791,0,0.0016996443339038596,8,0.00019745285527222019,0.000182973163026931
ETH-USD,lgbm,pinball_0p025,2791,2791,0,0.0031119756388473759,8,0.0002268555525341348,0.00020515628089324783
ETH-USD,lgbm,pinball_0p05,2791,2791,0,0.0049538021346129486,8,0.0002589684657108773,0.00022517014916749342
ETH-USD,lgbm,pinball_avg,2791,2791,0,0.0032551407024547286,8,0.0002255975317232671,0.00020291295226744212
ETH-USD,lgbm,qlike,2791,2791,0,0.32512672207741344,8,0.027290459879364147,0.026218677852145076
ETH-USD,lgbm,fz0_0p01,2791,2791,0,-1.7376114839005232,8,0.1427027127872027,0.13377635859375928
ETH-USD,lgbm,fz0_0p025,2791,2791,0,-2.1150290164371528,8,0.080194031166806956,0.073440208994562425
ETH-USD,lgbm,fz0_0p05,2791,2791,0,-2.3653296630933482,8,0.055905282784414978,0.049115469356711579
ETH-USD,lgbm,fz0_avg,2791,2791,0,-2.0726567211436748,8,0.091790205577437986,0.084630489307424173
ETH-USD,moirai,crps,2791,2791,0,0.021447777113878148,8,0.00065170109671929813,0.00046071889282398053
ETH-USD,moirai,log_score,2791,2791,0,-1.8177581456094158,8,0.042445740674030306,0.036619409561723965
ETH-USD,moirai,pinball_0p01,2791,2791,0,0.0016495232346991988,8,0.00021125609664904914,0.00019555858734991317
ETH-USD,moirai,pinball_0p025,2791,2791,0,0.0029764581006299843,8,0.00023886684902792556,0.00021558123013670826
ETH-USD,moirai,pinball_0p05,2791,2791,0,0.0047442880865142482,8,0.00027089557168521252,0.00023390012048329784
ETH-USD,moirai,pinball_avg,2791,2791,0,0.0031234231406144773,8,0.00023826847542728194,0.00021337596192624948
ETH-USD,moirai,qlike,2791,2791,0,0.26314918112228036,8,0.02450348349387339,0.023812924488435458
ETH-USD,moirai,fz0_0p01,2791,2791,0,-1.7512068342235823,8,0.16860637430413508,0.1576974754551817
ETH-USD,moirai,fz0_0p025,2791,2791,0,-2.1573329883893408,8,0.092025479034149898,0.084217684139564014
ETH-USD,moirai,fz0_0p05,2791,2791,0,-2.411102836220441,8,0.063074033971330254,0.055413780666023746
ETH-USD,moirai,fz0_avg,2791,2791,0,-2.1065475529444546,8,0.10667595531598244,0.098178048571932894
ETH-USD,naive,crps,2791,2791,0,0.022138921454881492,8,0.00063472758452025519,0.00045087280441135263
ETH-USD,naive,log_score,2791,2791,0,-1.747264236035847,8,0.043710782834479475,0.036277183880544336
ETH-USD,naive,pinball_0p01,2791,2791,0,0.0017606641735327718,8,0.00021856278853731102,0.0002050842509810097
ETH-USD,naive,pinball_0p025,2791,2791,0,0.0032329276805695903,8,0.00024296473676451043,0.00022275485292806807
ETH-USD,naive,pinball_0p05,2791,2791,0,0.0051314420146547227,8,0.00027008582916009663,0.00023884112701545184
ETH-USD,naive,pinball_avg,2791,2791,0,0.0033750112895856946,8,0.00024222940753523665,0.00022068323124559732
ETH-USD,naive,qlike,2791,2791,0,0.51839911047079212,8,0.037828079136714196,0.027681510671279476
ETH-USD,naive,fz0_0p01,2791,2791,0,-1.6644491262249401,8,0.18210210528331003,0.17027737876271223
ETH-USD,naive,fz0_0p025,2791,2791,0,-2.039946415622953,8,0.095103900682374551,0.086932578027875212
ETH-USD,naive,fz0_0p05,2791,2791,0,-2.2929456537675472,8,0.062186440342163578,0.055034220980546521
ETH-USD,naive,fz0_avg,2791,2791,0,-1.9991137318718131,8,0.11233536683692924,0.1033575967827087
ETH-USD,patchtst,crps,2791,2791,0,0.021898090323935897,8,0.00066097130395575054,0.0004677668487860319
ETH-USD,patchtst,log_score,2791,2791,0,-1.7064395340406833,8,0.05490589432691332,0.046061203113769669
ETH-USD,patchtst,pinball_0p01,2791,2791,0,0.0018990706960540467,8,0.00023371274253960805,0.0002159457981290167
ETH-USD,patchtst,pinball_0p025,2791,2791,0,0.0032840055844828822,8,0.00025993561860947461,0.00023484941738977552
ETH-USD,patchtst,pinball_0p05,2791,2791,0,0.0050737834893747648,8,0.00028666779628566013,0.00025111775079805765
ETH-USD,patchtst,pinball_avg,2791,2791,0,0.0034189532566372312,8,0.00025826130711238834,0.0002325202919978583
ETH-USD,patchtst,qlike,2791,2791,0,0.59251909553041748,8,0.061917732460651367,0.048996597696031159
ETH-USD,patchtst,fz0_0p01,2791,2791,0,-1.3254188914239524,8,0.23660171820412962,0.21796181615780036
ETH-USD,patchtst,fz0_0p025,2791,2791,0,-1.9196842619286985,8,0.12337582498863939,0.11210052951320307
ETH-USD,patchtst,fz0_0p05,2791,2791,0,-2.259499070453066,8,0.079502632410161853,0.070972166986316046
ETH-USD,patchtst,fz0_avg,2791,2791,0,-1.8348674079352389,8,0.14548609549366368,0.13289126643553961
ETH-USD,timesfm,crps,2791,2791,0,0.021476240454607425,8,0.00065195240804971416,0.0004607805837849306
ETH-USD,timesfm,log_score,2791,2791,0,-1.8198206203432943,8,0.040875173636452822,0.034570341661889853
ETH-USD,timesfm,pinball_0p01,2791,2791,0,0.0016722366695161809,8,0.00021364337763450043,0.00019670742386177704
ETH-USD,timesfm,pinball_0p025,2791,2791,0,0.00300713762115202,8,0.00024170017034265106,0.00021719963652607434
ETH-USD,timesfm,pinball_0p05,2791,2791,0,0.004775390582698426,8,0.00027262107821160659,0.00023564004513621469
ETH-USD,timesfm,pinball_avg,2791,2791,0,0.0031515882911222091,8,0.00024068725071755163,0.00021495886431106576
ETH-USD,timesfm,qlike,2791,2791,0,0.2671453560081945,8,0.021379617500736716,0.020730348357906183
ETH-USD,timesfm,fz0_0p01,2791,2791,0,-1.7420730354360605,8,0.16768431667481026,0.15526191410070192
ETH-USD,timesfm,fz0_0p025,2791,2791,0,-2.1462747331120191,8,0.091537282611816984,0.083176632726887134
ETH-USD,timesfm,fz0_0p05,2791,2791,0,-2.4014793798160046,8,0.062636337985362875,0.054846529664957573
ETH-USD,timesfm,fz0_avg,2791,2791,0,-2.096609049454695,8,0.10611705387313446,0.096850884636089013
HSI,autoarima,crps,4828,4828,0,0.0077503714377932806,9,0.00020422073281173357,0.0001140214283365693
HSI,autoarima,log_score,4828,4828,0,-2.9025041899195263,9,0.025551422316470233,0.018226718817545118
HSI,autoarima,pinball_0p01,4828,4828,0,0.00048495966865404877,9,3.4503633462077198e-05,3.2576166540662237e-05
HSI,autoarima,pinball_0p025,4828,4828,0,0.00094516775511049151,9,4.416570611827371e-05,3.8528580635880137e-05
HSI,autoarima,pinball_0p05,4828,4828,0,0.0015678292186233115,9,5.6803276852445298e-05,4.4936587813338299e-05
HSI,autoarima,pinball_avg,4828,4828,0,0.00099931888079595062,9,4.4270383681381494e-05,3.8075879811269029e-05
HSI,autoarima,qlike,4828,4815,13,0.42603661865788112,9,0.01741576707551119,0.014168139137168016
HSI,autoarima,fz0_0p01,4828,4828,0,-3.0129988113826647,9,0.093447697597463228,0.089460420486464284
HSI,autoarima,fz0_0p025,4828,4828,0,-3.3035934601987615,9,0.054995532096632931,0.049945823241888086
HSI,autoarima,fz0_0p05,4828,4828,0,-3.5066893390592506,9,0.039943451918220914,0.034318045631363203
HSI,autoarima,fz0_avg,4828,4828,0,-3.2744272035468924,9,0.061668050184595417,0.057057629779146454
HSI,autoets,crps,4828,4828,0,0.0077532463281678619,9,0.00020333340219647509,0.00011358303672623964
HSI,autoets,log_score,4828,4828,0,-2.9011852674115937,9,0.0250865450175074,0.017497770955910694
HSI,autoets,pinball_0p01,4828,4828,0,0.00048427065755650623,9,3.4248605936999613e-05,3.2220968498128741e-05
HSI,autoets,pinball_0p025,4828,4828,0,0.00094636780109967427,9,4.3931031358758075e-05,3.8128392917171731e-05
HSI,autoets,pinball_0p05,4828,4828,0,0.0015697840454738609,9,5.6102673635930877e-05,4.4527191152590598e-05
HSI,autoets,pinball_avg,4828,4828,0,0.0010001408347100138,9,4.3850845875501095e-05,3.7675692931601063e-05
HSI,autoets,qlike,4828,4815,13,0.42762040353810887,9,0.01808940024028893,0.014601229470588206
HSI,autoets,fz0_0p01,4828,4828,0,-3.0120998924745974,9,0.092545175086419768,0.087903598678699957
HSI,autoets,fz0_0p025,4828,4828,0,-3.3018193622895096,9,0.05476460504612838,0.049337811239394277
HSI,autoets,fz0_0p05,4828,4828,0,-3.503488490380736,9,0.03974952618298818,0.034022105699434112
HSI,autoets,fz0_avg,4828,4828,0,-3.272469248381614,9,0.061255758157746143,0.056239497540126637
HSI,chronos,crps,4828,4828,0,0.0077503861341201236,9,0.00020384640784622382,0.00011486284618504812
HSI,chronos,log_score,4828,4828,0,-2.8997095347643906,9,0.025629737287648943,0.018642063482299694
HSI,chronos,pinball_0p01,4828,4828,0,0.00050579196880820272,9,3.7394235379969193e-05,3.5046750863451788e-05
HSI,chronos,pinball_0p025,4828,4828,0,0.00096708332093300953,9,4.7039701930502595e-05,4.1198947119695837e-05
HSI,chronos,pinball_0p05,4828,4828,0,0.0015920994672019887,9,5.9514180649104264e-05,4.7470634055831064e-05
HSI,chronos,pinball_avg,4828,4828,0,0.0010216582523144002,9,4.7215093268210844e-05,4.0691953203578251e-05
HSI,chronos,qlike,4828,4815,13,0.42676702499940417,9,0.015344581203331872,0.013538132584739555
HSI,chronos,fz0_0p01,4828,4828,0,-2.9543187163609299,9,0.099651627515641605,0.095111021350548677
HSI,chronos,fz0_0p025,4828,4828,0,-3.271481166660239,9,0.058354921546305921,0.053183213376691747
HSI,chronos,fz0_0p05,4828,4828,0,-3.4826466515947918,9,0.042128262385138594,0.036473552444180858
HSI,chronos,fz0_avg,4828,4828,0,-3.2361488448719871,9,0.065628348136535092,0.060729477502902654
HSI,ewma,crps,4828,4828,0,0.0077758337833627473,9,0.00020359424798896978,0.00011247498480441463
HSI,ewma,log_score,4828,4828,0,-2.8979554100493439,9,0.024211101483290039,0.01702330039491973
HSI,ewma,pinball_0p01,4828,4828,0,0.00049050012420229151,9,3.3146803395834408e-05,3.0604529422562878e-05
HSI,ewma,pinball_0p025,4828,4828,0,0.00096063967917653793,9,4.3694211963098351e-05,3.6893833621777653e-05
HSI,ewma,pinball_0p05,4828,4828,0,0.0015904934736883604,9,5.7509118688592606e-05,4.3587834208646911e-05
HSI,ewma,pinball_avg,4828,4828,0,0.0010138777590223966,9,4.3941904276703063e-05,3.6431862430935976e-05
HSI,ewma,qlike,4828,4815,13,0.42970650474290284,9,0.016050944169030985,0.012983982111066609
HSI,ewma,fz0_0p01,4828,4828,0,-3.009809461063182,9,0.087520996476452659,0.083469401368664264
HSI,ewma,fz0_0p025,4828,4828,0,-3.2909658184551525,9,0.052338844970819469,0.047145563097746077
HSI,ewma,fz0_0p05,4828,4828,0,-3.4956309022639847,9,0.038720966458107957,0.032616992866844843
HSI,ewma,fz0_avg,4828,4828,0,-3.2654687272607736,9,0.058469414141854172,0.053596883951891126
HSI,garch11,crps,4828,4828,0,0.0077832967908488416,9,0.0002034544803213128,0.0001124730796215827
HSI,garch11,log_score,4828,4828,0,-2.8869787016745168,9,0.026166855521785555,0.018688320492844537
HSI,garch11,pinball_0p01,4828,4828,0,0.0005044163372314828,9,3.5934981487335577e-05,3.2395005830936622e-05
HSI,garch11,pinball_0p025,4828,4828,0,0.00098086958291288126,9,4.6184871280077386e-05,3.8316815361329449e-05
HSI,garch11,pinball_0p05,4828,4828,0,0.0016062195879118775,9,5.9051215507714993e-05,4.4643681916447543e-05
HSI,garch11,pinball_avg,4828,4828,0,0.0010305018360187471,9,4.619791277763898e-05,3.7839839937506024e-05
HSI,garch11,qlike,4828,4815,13,0.47132833291044018,9,0.027048534034574242,0.019370144719767123
HSI,garch11,fz0_0p01,4828,4828,0,-2.9454603405284616,9,0.10677628864066879,0.097640050539272188
HSI,garch11,fz0_0p025,4828,4828,0,-3.2503947673199267,9,0.060844197871646515,0.052927719353064402
HSI,garch11,fz0_0p05,4828,4828,0,-3.4707460247451332,9,0.042989434055396326,0.035429025828368099
HSI,garch11,fz0_avg,4828,4828,0,-3.2222003775311738,9,0.069213009712862178,0.061224923145674202
HSI,garch11_t,crps,4828,4828,0,0.0077678990554001558,9,0.00020477286271604258,0.00011444558094706347
HSI,garch11_t,log_score,4828,4828,0,-2.9123677926918425,9,0.022667013634523635,0.014285969761448865
HSI,garch11_t,pinball_0p01,4828,4828,0,0.00048770992663009396,9,3.3193768397725391e-05,3.0363031469747402e-05
HSI,garch11_t,pinball_0p025,4828,4828,0,0.00097538042435081542,9,4.5179877887930261e-05,3.7540621024818135e-05
HSI,garch11_t,pinball_0p05,4828,4828,0,0.0016010000931732638,9,5.9482671208528608e-05,4.5217325288833071e-05
HSI,garch11_t,pinball_avg,4828,4828,0,0.0010213634813847246,9,4.4784266713349733e-05,3.6759300275768502e-05
HSI,garch11_t,qlike,4828,4815,13,0.47050407290609686,9,0.027213949597383859,0.019360456091696017
HSI,garch11_t,fz0_0p01,4828,4828,0,-3.024293847627852,9,0.091138770517400547,0.083540364435551379
HSI,garch11_t,fz0_0p025,4828,4828,0,-3.2717438200382887,9,0.056077511707882464,0.048428760466017642
HSI,garch11_t,fz0_0p05,4828,4828,0,-3.4785253983422528,9,0.041925839902110011,0.034329782154975529
HSI,garch11_t,fz0_avg,4828,4828,0,-3.2581876886694645,9,0.061622410928023355,0.054242702215248927
HSI,gjr,crps,4828,4828,0,0.0077595717585536468,9,0.00020211347942995133,0.00011299297785997492
HSI,gjr,log_score,4828,4828,0,-2.8868785494759699,9,0.028043500638648817,0.020241904270950885
HSI,gjr,pinball_0p01,4828,4828,0,0.0004843182108161367,9,3.3961785689585416e-05,3.2000860976883258e-05
HSI,gjr,pinball_0p025,4828,4828,0,0.00095841628442332042,9,4.3448523540726174e-05,3.7618226969191364e-05
HSI,gjr,pinball_0p05,4828,4828,0,0.0015804819269327115,9,5.5976590978619226e-05,4.4113387344225043e-05
HSI,gjr,pinball_avg,4828,4828,0,0.0010077388073907228,9,4.3359528055188561e-05,3.7179880960258807e-05
HSI,gjr,qlike,4828,4815,13,0.4624595231196465,9,0.027723947248108935,0.020181684009285605
HSI,gjr,fz0_0p01,4828,4828,0,-2.9781738860316338,9,0.10524884398270166,0.09916214477661861
HSI,gjr,fz0_0p025,4828,4828,0,-3.2699992445227242,9,0.059335751926239112,0.053739383729006676
HSI,gjr,fz0_0p05,4828,4828,0,-3.4857223263011115,9,0.041972618714580107,0.036121868150338493
HSI,gjr,fz0_avg,4828,4828,0,-3.2446318189518233,9,0.067642778116488098,0.062136332917624139
HSI,har,crps,4828,4828,0,0.0077480600785098481,9,0.00020457269276368028,0.00011507597195724474
HSI,har,log_score,4828,4828,0,-2.9047218034365643,9,0.025300717051074943,0.018113168363883447
HSI,har,pinball_0p01,4828,4828,0,0.0004891254026775986,9,3.5681160056967327e-05,3.3534410070474018e-05
HSI,har,pinball_0p025,4828,4828,0,0.00095045928521442712,9,4.6102449084013683e-05,3.971051455174435e-05
HSI,har,pinball_0p05,4828,4828,0,0.0015682074701652562,9,5.8895246125356821e-05,4.6250949465179085e-05
HSI,har,pinball_avg,4828,4828,0,0.0010025973860190941,9,4.6064506592612137e-05,3.9227671601579168e-05
HSI,har,qlike,4828,4815,13,0.42514785734759752,9,0.01646409025269201,0.013794083019375602
HSI,har,fz0_0p01,4828,4828,0,-3.0114330039502208,9,0.094189582804404454,0.089170818946587807
HSI,har,fz0_0p025,4828,4828,0,-3.3008958367765073,9,0.05567580842246609,0.049944664584689567
HSI,har,fz0_0p05,4828,4828,0,-3.5084947078497639,9,0.040567666653347288,0.034369215087132921
HSI,har,fz0_avg,4828,4828,0,-3.2736078495254972,9,0.062399167700208424,0.056977130164950852
HSI,lgbm,crps,4828,4828,0,0.0078233332197471302,9,0.00020601870747977464,0.00011329696081884536
HSI,lgbm,log_score,4828,4828,0,-2.8721878393492926,9,0.027150865977841273,0.018291934336844777
HSI,lgbm,pinball_0p01,4828,4828,0,0.00050751086471302045,9,3.6118652714335565e-05,3.3091443760220938e-05
HSI,lgbm,pinball_0p025,4828,4828,0,0.00097748556161786283,9,4.5510247054936109e-05,3.8736640262703169e-05
HSI,lgbm,pinball_0p05,4828,4828,0,0.001616027622673377,9,5.7872128785797582e-05,4.4721632347639855e-05
HSI,lgbm,pinball_avg,4828,4828,0,0.00103367468300142,9,4.5744705157050049e-05,3.8311257408904406e-05
HSI,lgbm,qlike,4828,4815,13,0.50917948022938542,9,0.025958234960056399,0.018301676564539331
HSI,lgbm,fz0_0p01,4828,4828,0,-2.9508832419391222,9,0.10116162236406709,0.092003133197924497
HSI,lgbm,fz0_0p025,4828,4828,0,-3.2623407009163401,9,0.058521151461184889,0.050664378406831349
HSI,lgbm,fz0_0p05,4828,4828,0,-3.4693493773077466,9,0.04193312436987727,0.03431492513176735
HSI,lgbm,fz0_avg,4828,4828,0,-3.2275244400544025,9,0.066226466186184857,0.058253303236655847
HSI,moirai,crps,4828,4828,0,0.0077343680181936672,9,0.00020345973536864338,0.00011482447948715264
HSI,moirai,log_score,4828,4828,0,-2.9057336563195952,9,0.025457636182409153,0.018613594043519501
HSI,moirai,pinball_0p01,4828,4828,0,0.00049881720360880856,9,3.639206597966234e-05,3.4029447507925657e-05
HSI,moirai,pinball_0p025,4828,4828,0,0.00095990621185993016,9,4.6570666173381713e-05,4.0413883172145958e-05
HSI,moirai,pinball_0p05,4828,4828,0,0.0015792002504393162,9,5.978102523557367e-05,4.7043258145045924e-05
HSI,moirai,pinball_avg,4828,4828,0,0.0010126412219693519,9,4.6752253773748905e-05,3.9893237261510886e-05
HSI,moirai,qlike,4828,4815,13,0.4150598319706465,9,0.014956875515105774,0.013146966560586839
HSI,moirai,fz0_0p01,4828,4828,0,-2.9660125628767613,9,0.09939348098958109,0.094159250880117951
HSI,moirai,fz0_0p025,4828,4828,0,-3.2796432593836107,9,0.058724960672057548,0.052944386231703507
HSI,moirai,fz0_0p05,4828,4828,0,-3.4945799899921348,9,0.04265779324523631,0.036436144131952015
HSI,moirai,fz0_avg,4828,4828,0,-3.2467452707508353,9,0.065829051786899614,0.06029378913042855
HSI,naive,crps,4828,4828,0,0.0079797449940702415,9,0.00021705098340178976,0.00011966878897105995
HSI,naive,log_score,4828,4828,0,-2.783674797811801,9,0.035176501069973679,0.021907621348610407
HSI,naive,pinball_0p01,4828,4828,0,0.00062302462598361208,9,5.3238299314803981e-05,4.3408486534221062e-05
HSI,naive,pinball_0p025,4828,4828,0,0.0011309298619431479,9,6.5516845330235567e-05,4.9548641554240153e-05
HSI,naive,pinball_0p05,4828,4828,0,0.0017867856487246332,9,7.8170226027021961e-05,5.520598622323298e-05
HSI,naive,pinball_avg,4828,4828,0,0.0011802467122171312,9,6.5127026934218028e-05,4.8945768668158319e-05
HSI,naive,qlike,4828,4815,13,0.69267075000977762,9,0.036470771761026963,0.023798718368482834
HSI,naive,fz0_0p01,4828,4828,0,-2.6056114878162346,9,0.14071552568043816,0.11667762826918003
HSI,naive,fz0_0p025,4828,4828,0,-3.0375984668216418,9,0.079894679295987744,0.063164643628994196
HSI,naive,fz0_0p05,4828,4828,0,-3.3156645738869344,9,0.054729097018055756,0.041702260829289614
HSI,naive,fz0_avg,4828,4828,0,-2.9862915095082703,9,0.091109771040089216,0.073209888351910932
HSI,patchtst,crps,4828,4828,0,0.007875973502214988,9,0.00021408732539015258,0.00011818533871493331
HSI,patchtst,log_score,4828,4828,0,-2.8028729517593978,9,0.038462427746297365,0.024185029311189942
HSI,patchtst,pinball_0p01,4828,4828,0,0.0005835600419383495,9,4.756462797515476e-05,4.0073101284977889e-05
HSI,patchtst,pinball_0p025,4828,4828,0,0.0010600697634678764,9,5.756043420199593e-05,4.612834784934601e-05
HSI,patchtst,pinball_0p05,4828,4828,0,0.0016913162891514821,9,7.0018705155877584e-05,5.1854531597486973e-05
HSI,patchtst,pinball_avg,4828,4828,0,0.0011116486981859028,9,5.774965024715469e-05,4.5558437067997652e-05
HSI,patchtst,qlike,4828,4815,13,0.61064502942921473,9,0.047851111337571708,0.030612861752783615
HSI,patchtst,fz0_0p01,4828,4828,0,-2.6151612096850378,9,0.15825696633644068,0.12829417584601649
HSI,patchtst,fz0_0p025,4828,4828,0,-3.0824851454213666,9,0.086457547262376588,0.068918734244968083
HSI,patchtst,fz0_0p05,4828,4828,0,-3.3610984085108089,9,0.057997158090303425,0.045350289888726691
HSI,patchtst,fz0_avg,4828,4828,0,-3.0195815878724046,9,0.10008231348022484,0.08011440490947716
HSI,timesfm,crps,4828,4828,0,0.0077514762516820218,9,0.00020450603759476746,0.00011538074755824138
HSI,timesfm,log_score,4828,4828,0,-2.8980131173744565,9,0.026047865669645346,0.018989032658918024
HSI,timesfm,pinball_0p01,4828,4828,0,0.00050446509000421638,9,3.6984580689362376e-05,3.444332514897145e-05
HSI,timesfm,pinball_0p025,4828,4828,0,0.00097365199943561995,9,4.7493552631028362e-05,4.0890439381968509e-05
HSI,timesfm,pinball_0p05,4828,4828,0,0.0015968110585689492,9,6.0383086444676925e-05,4.7484234892671179e-05
HSI,timesfm,pinball_avg,4828,4828,0,0.001024976049336262,9,4.7460590727724864e-05,4.0328095207697335e-05
HSI,timesfm,qlike,4828,4815,13,0.43507103628315957,9,0.016649472171862766,0.014048826493103989
HSI,timesfm,fz0_0p01,4828,4828,0,-2.9488657549145239,9,0.10288166613051093,0.097032468549899623
HSI,timesfm,fz0_0p025,4828,4828,0,-3.2602617907128741,9,0.059892587927392535,0.053875783261898708
HSI,timesfm,fz0_0p05,4828,4828,0,-3.4788035499093195,9,0.042950470006398504,0.036731607655655536
HSI,timesfm,fz0_avg,4828,4828,0,-3.2293103651789061,9,0.067481337251590404,0.061655403345448889
KOSPI,autoarima,crps,4837,4837,0,0.0066477661371821461,9,0.00022454032118054897,0.00011232495459332101
KOSPI,autoarima,log_score,4837,4837,0,-3.1102228715424296,9,0.027595434747286748,0.0170713090545127
KOSPI,autoarima,pinball_0p01,4837,4837,0,0.00044631947084924618,9,3.2064998008893663e-05,2.7348293523575379e-05
KOSPI,autoarima,pinball_0p025,4837,4837,0,0.00087757048396685015,9,4.4787083517601468e-05,3.4358388965141155e-05
KOSPI,autoarima,pinball_0p05,4837,4837,0,0.0014514939847931865,9,6.1814967857139324e-05,4.2112284984449335e-05
KOSPI,autoarima,pinball_avg,4837,4837,0,0.00092512797986976094,9,4.5339416608895725e-05,3.3928668296098918e-05
KOSPI,autoarima,qlike,4837,4837,0,0.4180598519690481,9,0.017048126490497296,0.014463842496234097
KOSPI,autoarima,fz0_0p01,4837,4837,0,-3.1442458731792304,9,0.095262983068493345,0.086030528503437217
KOSPI,autoarima,fz0_0p025,4837,4837,0,-3.4375933826070266,9,0.05791442970972361,0.049629578946205975
KOSPI,autoarima,fz0_0p05,4837,4837,0,-3.6458176513072162,9,0.043518701351412968,0.034878435262762901
KOSPI,autoarima,fz0_avg,4837,4837,0,-3.4092189690311576,9,0.064318685754222019,0.055932479295803722
KOSPI,autoets,crps,4837,4837,0,0.0066446265398833635,9,0.00022365652563538879,0.00011150458288998386
KOSPI,autoets,log_score,4837,4837,0,-3.1110687065902547,9,0.027487389715902252,0.017090138639000354
KOSPI,autoets,pinball_0p01,4837,4837,0,0.00044048576545003241,9,3.2038743374443152e-05,2.6880315210428566e-05
KOSPI,autoets,pinball_0p025,4837,4837,0,0.00087286247492383352,9,4.4400734359204125e-05,3.3744843210035636e-05
KOSPI,autoets,pinball_0p05,4837,4837,0,0.0014425204290715939,9,6.0160286297148451e-05,4.1418718087892854e-05
KOSPI,autoets,pinball_avg,4837,4837,0,0.00091862288981515322,9,4.4599014928685571e-05,3.3318799189560431e-05
KOSPI,autoets,qlike,4837,4837,0,0.41953541338149775,9,0.017675053512419523,0.014573734849258847
KOSPI,autoets,fz0_0p01,4837,4837,0,-3.1553626643784929,9,0.096462604784053663,0.086190147028750594
KOSPI,autoets,fz0_0p025,4837,4837,0,-3.4382195857794642,9,0.058336734400063643,0.049463814835876876
KOSPI,autoets,fz0_0p05,4837,4837,0,-3.6475173740625113,9,0.043395646637318271,0.034701860120637126
KOSPI,autoets,fz0_avg,4837,4837,0,-3.4136998747401566,9,0.064822771534977008,0.055847057131113924
KOSPI,chronos,crps,4837,4837,0,0.0066481742340172133,9,0.00022477396029760082,0.0001146941872760162
KOSPI,chronos,log_score,4837,4837,0,-3.0999470403460134,9,0.028940654761153289,0.018632467991832605
KOSPI,chronos,pinball_0p01,4837,4837,0,0.00047610362822235068,9,3.7180871179356153e-05,3.1537593110707865e-05
KOSPI,chronos,pinball_0p025,4837,4837,0,0.0009011893576479418,9,4.9810545720142767e-05,3.8879260703295708e-05
KOSPI,chronos,pinball_0p05,4837,4837,0,0.0014757297467915963,9,6.6428554831279534e-05,4.6427928059143038e-05
KOSPI,chronos,pinball_avg,4837,4837,0,0.0009510075775539629,9,5.0344773224556551e-05,3.8351565003287042e-05
KOSPI,chronos,qlike,4837,4837,0,0.42485044658905563,9,0.016561737574516434,0.014666850385166966
KOSPI,chronos,fz0_0p01,4837,4837,0,-3.0422995692680579,9,0.10976063376912824,0.098481274571657007
KOSPI,chronos,fz0_0p025,4837,4837,0,-3.3896942293994941,9,0.064816514270674017,0.055771917595740753
KOSPI,chronos,fz0_0p05,4837,4837,0,-3.6173612039326319,9,0.047657856706479665,0.038523694748688338
KOSPI,chronos,fz0_avg,4837,4837,0,-3.3497850008667283,9,0.072884670164335585,0.063369215169804122
KOSPI,ewma,crps,4837,4837,0,0.006686762863050642,9,0.00022534827815987566,0.00011341056189577564
KOSPI,ewma,log_score,4837,4837,0,-3.0941501397568962,9,0.027149880919037576,0.016659198310297166
KOSPI,ewma,pinball_0p01,4837,4837,0,0.00047287839222510876,9,3.335249642893896e-05,2.7988688621431975e-05
KOSPI,ewma,pinball_0p025,4837,4837,0,0.00092065042008149321,9,4.7148954225994136e-05,3.595321157844604e-05
KOSPI,ewma,pinball_0p05,4837,4837,0,0.0015039375672795546,9,6.4201240592458056e-05,4.410858410799751e-05
KOSPI,ewma,pinball_avg,4837,4837,0,0.000965822126528719,9,4.7441854643813898e-05,3.5419796933757105e-05
KOSPI,ewma,qlike,4837,4837,0,0.42488533766668496,9,0.01514648809803607,0.012770872839874277
KOSPI,ewma,fz0_0p01,4837,4837,0,-3.0527251353991578,9,0.096198778269775895,0.087245261679910119
KOSPI,ewma,fz0_0p025,4837,4837,0,-3.3622517868089297,9,0.05916284948289554,0.051144082318206885
KOSPI,ewma,fz0_0p05,4837,4837,0,-3.5939573053775016,9,0.044484955209431874,0.036095761184455406
KOSPI,ewma,fz0_avg,4837,4837,0,-3.3363114091951966,9,0.06535623194122557,0.0572455732918387
KOSPI,garch11,crps,4837,4837,0,0.006684259339250897,9,0.00022684878749280933,0.00011423747405269102
KOSPI,garch11,log_score,4837,4837,0,-3.0932961450830434,9,0.027787049544270956,0.016772664839576814
KOSPI,garch11,pinball_0p01,4837,4837,0,0.00048224789531486759,9,3.5044335030227314e-05,2.9558840712659991e-05
KOSPI,garch11,pinball_0p025,4837,4837,0,0.00093106704571132963,9,5.0050434439026925e-05,3.7858659970446873e-05
KOSPI,garch11,pinball_0p05,4837,4837,0,0.0015117450307952397,9,6.7566316268844891e-05,4.6071957394998756e-05
KOSPI,garch11,pinball_avg,4837,4837,0,0.00097501999060714561,9,5.012726061890008e-05,3.7226081360795589e-05
KOSPI,garch11,qlike,4837,4837,0,0.42705614887971499,9,0.01766912487206506,0.013724114549636287
KOSPI,garch11,fz0_0p01,4837,4837,0,-3.0539670679108237,9,0.097702365096103166,0.089572211660353854
KOSPI,garch11,fz0_0p025,4837,4837,0,-3.3698234555793167,9,0.060154403442659606,0.051836435543998555
KOSPI,garch11,fz0_0p05,4837,4837,0,-3.5978081395456138,9,0.045382059691849851,0.036319058629692064
KOSPI,garch11,fz0_avg,4837,4837,0,-3.3405328876785849,9,0.06656026868147244,0.05835543638798945
KOSPI,garch11_t,crps,4837,4837,0,0.0066812234794948085,9,0.00022894347641089314,0.00011710028111017546
KOSPI,garch11_t,log_score,4837,4837,0,-3.1166542669117243,9,0.026199347972156214,0.014769822722445385
KOSPI,garch11_t,pinball_0p01,4837,4837,0,0.00045316312653366958,9,3.10245778117192e-05,2.5701551938825041e-05
KOSPI,garch11_t,pinball_0p025,4837,4837,0,0.0009240028204333835,9,4.9630897043140348e-05,3.7392403929802858e-05
KOSPI,garch11_t,pinball_0p05,4837,4837,0,0.0015185811699563174,9,6.9662391447400141e-05,4.8070167949702213e-05
KOSPI,garch11_t,pinball_avg,4837,4837,0,0.00096524903897445664,9,4.910771581147022e-05,3.6097148070094573e-05
KOSPI,garch11_t,qlike,4837,4837,0,0.42794827416617603,9,0.016858585250149979,0.013328424173562161
KOSPI,garch11_t,fz0_0p01,4837,4837,0,-3.2037164943412972,9,0.074806508322027038,0.065553266547536876
KOSPI,garch11_t,fz0_0p025,4837,4837,0,-3.4150606673943162,9,0.053705994250647843,0.04486898818658832
KOSPI,garch11_t,fz0_0p05,4837,4837,0,-3.6086632728127999,9,0.044247166886246289,0.034760227140877287
KOSPI,garch11_t,fz0_avg,4837,4837,0,-3.4091468115161376,9,0.056170889648663853,0.047137415779610933
KOSPI,gjr,crps,4837,4837,0,0.0066471168154368029,9,0.00022379238648470638,0.00011292635875948186
KOSPI,gjr,log_score,4837,4837,0,-3.1065111007241617,9,0.027487669403128526,0.016740664154682609
KOSPI,gjr,pinball_0p01,4837,4837,0,0.00045842231119176967,9,3.308840169489106e-05,2.8575660208365543e-05
KOSPI,gjr,pinball_0p025,4837,4837,0,0.00088443564363258683,9,4.6989959675819925e-05,3.5965420129537387e-05
KOSPI,gjr,pinball_0p05,4837,4837,0,0.0014691709727579845,9,6.4350541290031723e-05,4.383539192775522e-05
KOSPI,gjr,pinball_avg,4837,4837,0,0.00093734297586078039,9,4.7381026385975503e-05,3.5459873756954397e-05
KOSPI,gjr,qlike,4837,4837,0,0.41160126319396972,9,0.015651599574899578,0.013123285987210968
KOSPI,gjr,fz0_0p01,4837,4837,0,-3.1227886978988995,9,0.094369079495896374,0.087436200395140828
KOSPI,gjr,fz0_0p025,4837,4837,0,-3.4344992335560707,9,0.058000296422291174,0.050381902747768749
KOSPI,gjr,fz0_0p05,4837,4837,0,-3.6383902103187209,9,0.04383751841816616,0.035369112730193449
KOSPI,gjr,fz0_avg,4837,4837,0,-3.3985593805912298,9,0.0642956316443382,0.056861044195664928
KOSPI,har,crps,4837,4837,0,0.0066472319270370946,9,0.00022611248728617549,0.0001150339043704632
KOSPI,har,log_score,4837,4837,0,-3.1058924726338573,9,0.028870661020512493,0.01808401884247636
KOSPI,har,pinball_0p01,4837,4837,0,0.0004706195066167849,9,3.7833524342004455e-05,3.1799365929765376e-05
KOSPI,har,pinball_0p025,4837,4837,0,0.00089486812532040038,9,5.0358704673868493e-05,3.9078586810423828e-05
KOSPI,har,pinball_0p05,4837,4837,0,0.0014612114444941086,9,6.6404548052044715e-05,4.6427535030731878e-05
KOSPI,har,pinball_avg,4837,4837,0,0.00094223302547709786,9,5.0768047429730762e-05,3.8527423234199673e-05
KOSPI,har,qlike,4837,4837,0,0.41795234801345132,9,0.016693539622473091,0.014615740313044582
KOSPI,har,fz0_0p01,4837,4837,0,-3.0844759933711905,9,0.10749701068457505,0.095241919041559653
KOSPI,har,fz0_0p025,4837,4837,0,-3.4118833613077895,9,0.063273300184378101,0.053794479741041658
KOSPI,har,fz0_0p05,4837,4837,0,-3.6343392765281783,9,0.046360535136316494,0.037112660409188244
KOSPI,har,fz0_avg,4837,4837,0,-3.3768995437357199,9,0.071211707645700256,0.061182929911291137
KOSPI,lgbm,crps,4837,4837,0,0.0067411167534902165,9,0.00022894890880145142,0.00011383091797239046
KOSPI,lgbm,log_score,4837,4837,0,-3.0638270010513478,9,0.032060381657845353,0.019254079030260683
KOSPI,lgbm,pinball_0p01,4837,4837,0,0.00048686094374455861,9,3.9703066494003333e-05,3.1772141522705942e-05
KOSPI,lgbm,pinball_0p025,4837,4837,0,0.00093372674852052254,9,5.2703314469548932e-05,3.816768278892701e-05
KOSPI,lgbm,pinball_0p05,4837,4837,0,0.0015251675848075815,9,6.9503908792157375e-05,4.5289684503191941e-05
KOSPI,lgbm,pinball_avg,4837,4837,0,0.00098191842569088773,9,5.3112903974173886e-05,3.7744107804173984e-05
KOSPI,lgbm,qlike,4837,4837,0,0.5149119188974437,9,0.026777180464324025,0.017846499758751685
KOSPI,lgbm,fz0_0p01,4837,4837,0,-2.9888691739650568,9,0.11889496608505716,0.10274296235738553
KOSPI,lgbm,fz0_0p025,4837,4837,0,-3.3395220878783052,9,0.069155839200626637,0.056677889396004176
KOSPI,lgbm,fz0_0p05,4837,4837,0,-3.5780163821708677,9,0.049986740853058501,0.038392341931704835
KOSPI,lgbm,fz0_avg,4837,4837,0,-3.3021358813380766,9,0.078216756856903033,0.065122128132630311
KOSPI,moirai,crps,4837,4837,0,0.006639346110487253,9,0.00022496690489458185,0.00011503066702293674
KOSPI,moirai,log_score,4837,4837,0,-3.1086753928754094,9,0.028217100500232031,0.017766887992247741
KOSPI,moirai,pinball_0p01,4837,4837,0,0.00046463278360217987,9,3.6258347089566002e-05,3.0667940377993163e-05
KOSPI,moirai,pinball_0p025,4837,4837,0,0.00089282569113092016,9,4.9521410699018945e-05,3.8168669288926795e-05
KOSPI,moirai,pinball_0p05,4837,4837,0,0.001463292693057191,9,6.5820613507160171e-05,4.5964718331414441e-05
KOSPI,moirai,pinball_avg,4837,4837,0,0.0009402503892634302,9,4.9748037874949771e-05,3.7634512455616522e-05
KOSPI,moirai,qlike,4837,4837,0,0.41182674916766804,9,0.01546782420422279,0.013958611018134181
KOSPI,moirai,fz0_0p01,4837,4837,0,-3.0950433752699511,9,0.10300056286865847,0.091979899092276315
KOSPI,moirai,fz0_0p025,4837,4837,0,-3.4130591767766512,9,0.06205511983019997,0.052994956468777527
KOSPI,moirai,fz0_0p05,4837,4837,0,-3.6344745821040974,9,0.045948046181076056,0.037118530871786841
KOSPI,moirai,fz0_avg,4837,4837,0,-3.3808590447168996,9,0.069148197974037567,0.059768323043859796
KOSPI,naive,crps,4837,4837,0,0.0069015362295726428,9,0.0002444434709676902,0.00012493919358559652
KOSPI,naive,log_score,4837,4837,0,-2.942050265076444,9,0.048052843207900577,0.026835723235971644
KOSPI,naive,pinball_0p01,4837,4837,0,0.00066311132421129602,9,7.1595365669651495e-05,5.1100612173011368e-05
KOSPI,naive,pinball_0p025,4837,4837,0,0.0011226228553764723,9,8.5476932364157498e-05,5.7826248642165774e-05
KOSPI,naive,pinball_0p05,4837,4837,0,0.0017056527820042029,9,9.9265453955604816e-05,6.3527502452605635e-05
KOSPI,naive,pinball_avg,4837,4837,0,0.0011637956538639907,9,8.4994924047285947e-05,5.7114274589104732e-05
KOSPI,naive,qlike,4837,4837,0,0.73187504843499906,9,0.052893857274827955,0.029472838568428982
KOSPI,naive,fz0_0p01,4837,4837,0,-2.4738570916608835,9,0.21051952219656631,0.15053000818762549
KOSPI,naive,fz0_0p025,4837,4837,0,-3.0573373614211405,9,0.11483883434782648,0.079464469505432164
KOSPI,naive,fz0_0p05,4837,4837,0,-3.396871019000153,9,0.076120105927599949,0.051332064486382896
KOSPI,naive,fz0_avg,4837,4837,0,-2.9760218240273923,9,0.13316456126108825,0.093158622559819562
KOSPI,patchtst,crps,4837,4837,0,0.006760554818829945,9,0.00023400150563310655,0.00011809558662584581
KOSPI,patchtst,log_score,4837,4837,0,-2.9922951833297913,9,0.048650336861572288,0.030662608799433694
KOSPI,patchtst,pinball_0p01,4837,4837,0,0.00056139281127776238,9,5.0347430895851346e-05,3.82931644308731e-05
KOSPI,patchtst,pinball_0p025,4837,4837,0,0.00099945551059922502,9,6.327389306175259e-05,4.4706018220270929e-05
KOSPI,patchtst,pinball_0p05,4837,4837,0,0.0015695637505460474,9,7.848252702372277e-05,5.1190317709122888e-05
KOSPI,patchtst,pinball_avg,4837,4837,0,0.0010434706908076783,9,6.3286053546232461e-05,4.4177705726934642e-05
KOSPI,patchtst,qlike,4837,4837,0,0.65039558381665441,9,0.061782819333278255,0.035301085671188226
KOSPI,patchtst,fz0_0p01,4837,4837,0,-2.5727065582670732,9,0.19954997501075625,0.15616412928946408
KOSPI,patchtst,fz0_0p025,4837,4837,0,-3.1371819470877336,9,0.10856287325620309,0.081935674283325238
KOSPI,patchtst,fz0_0p05,4837,4837,0,-3.4682494653383054,9,0.072438921862344949,0.052945816269498513
KOSPI,patchtst,fz0_avg,4837,4837,0,-3.0593793235643703,9,0.12593287047248375,0.096253996235541345
KOSPI,timesfm,crps,4837,4837,0,0.0066536989588158423,9,0.00022584462201546209,0.00011545278456091441
KOSPI,timesfm,log_score,4837,4837,0,-3.1002164684656677,9,0.028882753377527607,0.018399703477380291
KOSPI,timesfm,pinball_0p01,4837,4837,0,0.0004808217689799434,9,3.8665000665209238e-05,3.2518354947176085e-05
KOSPI,timesfm,pinball_0p025,4837,4837,0,0.00090565777149019143,9,5.1789911754659234e-05,3.996004614020049e-05
KOSPI,timesfm,pinball_0p05,4837,4837,0,0.0014799829643261353,9,6.8181675008447022e-05,4.7474351920944988e-05
KOSPI,timesfm,pinball_avg,4837,4837,0,0.00095548750159875676,9,5.2130597023192572e-05,3.9403851891899601e-05
KOSPI,timesfm,qlike,4837,4837,0,0.42838049867960587,9,0.016182531611774707,0.014426450748276566
KOSPI,timesfm,fz0_0p01,4837,4837,0,-3.0466644754353545,9,0.10966864788625467,0.097871418073914446
KOSPI,timesfm,fz0_0p025,4837,4837,0,-3.3934471509202186,9,0.064782827944452268,0.055275485881747369
KOSPI,timesfm,fz0_0p05,4837,4837,0,-3.6192320139526277,9,0.047511420179321882,0.038102332992564499
KOSPI,timesfm,fz0_avg,4837,4837,0,-3.3531145467694001,9,0.072877428773604244,0.062896203856160848
NDX,autoarima,crps,4942,4942,0,0.0070633951306620594,9,0.00019766777123780363,0.00010483756219471591
NDX,autoarima,log_score,4942,4942,0,-3.026577977617531,9,0.024710261204992333,0.015607561258646412
NDX,autoarima,pinball_0p01,4942,4942,0,0.00044950839126105165,9,2.5465453311811185e-05,2.2639060674013127e-05
NDX,autoarima,pinball_0p025,4942,4942,0,0.00090117246558671208,9,3.6315653454181851e-05,2.9319282397839761e-05
NDX,autoarima,pinball_0p05,4942,4942,0,0.001508796548596981,9,5.0802177056766234e-05,3.6959141176056505e-05
NDX,autoarima,pinball_avg,4942,4942,0,0.00095315913514824814,9,3.6467444446058835e-05,2.88882739776978e-05
NDX,autoarima,qlike,4942,4942,0,0.45635090217269164,9,0.027377580945222642,0.025758120640325271
NDX,autoarima,fz0_0p01,4942,4942,0,-3.0503860655182735,9,0.08660317163747723,0.079251051110893117
NDX,autoarima,fz0_0p025,4942,4942,0,-3.3504381071864322,9,0.053390606088030659,0.047033189663792031
NDX,autoarima,fz0_0p05,4942,4942,0,-3.5656268584500115,9,0.040251785510993995,0.033500548935290413
NDX,autoarima,fz0_avg,4942,4942,0,-3.3221503437182389,9,0.058841388572880265,0.05241912304366983
NDX,autoets,crps,4942,4942,0,0.0070512957778108417,9,0.00019556699372764853,0.00010297273091740367
NDX,autoets,log_score,4942,4942,0,-3.0330340250648824,9,0.024022667179379703,0.015109545379388637
NDX,autoets,pinball_0p01,4942,4942,0,0.00043980765360668571,9,2.3366669493018308e-05,2.1101376597410114e-05
NDX,autoets,pinball_0p025,4942,4942,0,0.00088173489511902676,9,3.2779162331192304e-05,2.7353535030737075e-05
NDX,autoets,pinball_0p05,4942,4942,0,0.0014889422581530053,9,4.6378200404739653e-05,3.4390974986447983e-05
NDX,autoets,pinball_avg,4942,4942,0,0.00093682826895957251,9,3.334943511240043e-05,2.6998223944561471e-05
NDX,autoets,qlike,4942,4942,0,0.44801015730061816,9,0.023414721472875846,0.022307858547768261
NDX,autoets,fz0_0p01,4942,4942,0,-3.0959592552220898,9,0.079618821292080519,0.075162501720127312
NDX,autoets,fz0_0p025,4942,4942,0,-3.3773330034414561,9,0.049363804486631566,0.044783764910327366
NDX,autoets,fz0_0p05,4942,4942,0,-3.5818314511166887,9,0.037906339578716038,0.032084405936427862
NDX,autoets,fz0_avg,4942,4942,0,-3.3517079032600776,9,0.05438064592275875,0.049830666409080161
NDX,chronos,crps,4942,4942,0,0.00708456610221103,9,0.00019812537568332183,0.00010624307653381392
NDX,chronos,log_score,4942,4942,0,-3.0186379004850772,9,0.024874065438853569,0.015718632572749892
NDX,chronos,pinball_0p01,4942,4942,0,0.00046079348411135835,9,2.6493633925811989e-05,2.3658708486463754e-05
NDX,chronos,pinball_0p025,4942,4942,0,0.00091912183637743179,9,3.8059721172959799e-05,3.1087829166145279e-05
NDX,chronos,pinball_0p05,4942,4942,0,0.0015275570777879344,9,5.2259670673463111e-05,3.8853826965624887e-05
NDX,chronos,pinball_avg,4942,4942,0,0.0009691574660922413,9,3.8181090641502658e-05,3.057051767773505e-05
NDX,chronos,qlike,4942,4942,0,0.45502520343961145,9,0.024574646718532583,0.022977096549006613
NDX,chronos,fz0_0p01,4942,4942,0,-3.0478120931045951,9,0.083893336296586088,0.078279532150237668
NDX,chronos,fz0_0p025,4942,4942,0,-3.3341103784740556,9,0.053439293094578184,0.047287830886687712
NDX,chronos,fz0_0p05,4942,4942,0,-3.5517303095434394,9,0.040770646219203413,0.03410380150149929
NDX,chronos,fz0_avg,4942,4942,0,-3.3112175937073633,9,0.058179665164678374,0.052302824912182105
NDX,ewma,crps,4942,4942,0,0.0071325407173935913,9,0.00019975567659319664,0.00010480212288110491
NDX,ewma,log_score,4942,4942,0,-2.9920828758362368,9,0.025431307261746181,0.016642627389771049
NDX,ewma,pinball_0p01,4942,4942,0,0.00048849261742341457,9,2.9835945742969366e-05,2.4940792987418357e-05
NDX,ewma,pinball_0p025,4942,4942,0,0.00094742281141897483,9,4.1326073975110594e-05,3.1914372290374608e-05
NDX,ewma,pinball_0p05,4942,4942,0,0.0015619422970189309,9,5.4649660100303484e-05,3.9051126585550333e-05
NDX,ewma,pinball_avg,4942,4942,0,0.0009992859086204401,9,4.1280578814863787e-05,3.143690131147225e-05
NDX,ewma,qlike,4942,4942,0,0.48604276592919943,9,0.023508705679162602,0.02134098037467777
NDX,ewma,fz0_0p01,4942,4942,0,-2.9116146410972066,9,0.09933620590525466,0.092796742204014959
NDX,ewma,fz0_0p025,4942,4942,0,-3.2666477013957369,9,0.059017952806530175,0.052876504768462056
NDX,ewma,fz0_0p05,4942,4942,0,-3.505860521972926,9,0.042815402183405717,0.036460664573441
NDX,ewma,fz0_avg,4942,4942,0,-3.2280409548219566,9,0.065925923307120396,0.059936179640943069
NDX,garch11,crps,4942,4942,0,0.0071207268984391893,9,0.00019759026287318571,0.00010425108251497646
NDX,garch11,log_score,4942,4942,0,-3.0008695300826487,9,0.024979879864670543,0.015445624791894539
NDX,garch11,pinball_0p01,4942,4942,0,0.00047021160694295607,9,2.7590026868385411e-05,2.4346641858738357e-05
NDX,garch11,pinball_0p025,4942,4942,0,0.0009274451942987707,9,3.7581138651029322e-05,3.038272170139908e-05
NDX,garch11,pinball_0p05,4942,4942,0,0.0015492874800252748,9,5.1441909372594145e-05,3.7291052250418252e-05
NDX,garch11,pinball_avg,4942,4942,0,0.0009823147604223338,9,3.7942126266420398e-05,3.0001742101072189e-05
NDX,garch11,qlike,4942,4942,0,0.46354836300782165,9,0.018068391184132643,0.016329728558328791
NDX,garch11,fz0_0p01,4942,4942,0,-2.9953941025055775,9,0.089006455584901584,0.081293526844805356
NDX,garch11,fz0_0p025,4942,4942,0,-3.3035754839726268,9,0.054697947937706451,0.047588022285995214
NDX,garch11,fz0_0p05,4942,4942,0,-3.5224830803479081,9,0.040813795431113506,0.033551410096477448
NDX,garch11,fz0_avg,4942,4942,0,-3.2738175556087046,9,0.060466334299442044,0.053345440841674079
NDX,garch11_t,crps,4942,4942,0,0.0071090230290735291,9,0.00019945567284367189,0.00010632912663890232
NDX,garch11_t,log_score,4942,4942,0,-3.0234204119590613,9,0.024142580602877623,0.01405696590295214
NDX,garch11_t,pinball_0p01,4942,4942,0,0.0004567017372145572,9,2.418781995842126e-05,2.1051152341725056e-05
NDX,garch11_t,pinball_0p025,4942,4942,0,0.00092220059824718841,9,3.6236312391914606e-05,2.9070252840678205e-05
NDX,garch11_t,pinball_0p05,4942,4942,0,0.0015492617585560198,9,5.2192321292449329e-05,3.7884753196418089e-05
NDX,garch11_t,pinball_avg,4942,4942,0,0.0009760546980059218,9,3.6516527350090693e-05,2.8437702030275508e-05
NDX,garch11_t,qlike,4942,4942,0,0.47311904051811077,9,0.021287223563054205,0.018152448987662051
NDX,garch11_t,fz0_0p01,4942,4942,0,-3.1073456806304942,9,0.06591240274334409,0.058143490736442649
NDX,garch11_t,fz0_0p025,4942,4942,0,-3.3350386448821463,9,0.04829690247851913,0.040867093136561963
NDX,garch11_t,fz0_0p05,4942,4942,0,-3.5309746703884652,9,0.039522997036477464,0.032020934004635633
NDX,garch11_t,fz0_avg,4942,4942,0,-3.3244529986337015,9,0.050032349840919726,0.042577472615648482
NDX,gjr,crps,4942,4942,0,0.0070642284361837468,9,0.00019594042882347727,0.00010347422744046092
NDX,gjr,log_score,4942,4942,0,-3.0237915639414967,9,0.024659258410151527,0.015791031729966161
NDX,gjr,pinball_0p01,4942,4942,0,0.00045155996401040794,9,2.5151310437448646e-05,2.2937138635240733e-05
NDX,gjr,pinball_0p025,4942,4942,0,0.00090731245962011678,9,3.5413763202695149e-05,2.8945339592621105e-05
NDX,gjr,pinball_0p05,4942,4942,0,0.0015252024581200025,9,5.0277758669479487e-05,3.6343418119632126e-05
NDX,gjr,pinball_avg,4942,4942,0,0.00096135829391684252,9,3.5925257966426424e-05,2.8670494361509972e-05
NDX,gjr,qlike,4942,4942,0,0.4197499553007733,9,0.01357953540664515,0.013002108720406561
NDX,gjr,fz0_0p01,4942,4942,0,-3.0417494905817861,9,0.088552402786153117,0.085231607690386638
NDX,gjr,fz0_0p025,4942,4942,0,-3.3357682870797203,9,0.053551107747391816,0.048769062882993819
NDX,gjr,fz0_0p05,4942,4942,0,-3.5471817581323535,9,0.040091720253773576,0.034077742760402777
NDX,gjr,fz0_avg,4942,4942,0,-3.3082331785979533,9,0.059444554467786029,0.055140112121647884
NDX,har,crps,4942,4942,0,0.0070684981935072617,9,0.00019806004269681449,0.000105520705662753
NDX,har,log_score,4942,4942,0,-3.0279940963275305,9,0.024540806742286529,0.015202096045853266
NDX,har,pinball_0p01,4942,4942,0,0.00044414696660882832,9,2.5604365692286583e-05,2.2776584840779399e-05
NDX,har,pinball_0p025,4942,4942,0,0.00090117725601183724,9,3.6836261657618692e-05,2.9731257541305041e-05
NDX,har,pinball_0p05,4942,4942,0,0.0015097975925799454,9,5.1280876335055266e-05,3.7569849240360671e-05
NDX,har,pinball_avg,4942,4942,0,0.00095170727173353681,9,3.6920255801863692e-05,2.9280315223354046e-05
NDX,har,qlike,4942,4942,0,0.4458573679581091,9,0.024813738559673098,0.023594589100423096
NDX,har,fz0_0p01,4942,4942,0,-3.0984278593451759,9,0.082846999181832928,0.075146378773829514
NDX,har,fz0_0p025,4942,4942,0,-3.3657980189108989,9,0.05185790888588699,0.044981480235885045
NDX,har,fz0_0p05,4942,4942,0,-3.5712019321241377,9,0.039588549207713819,0.03240061095868578
NDX,har,fz0_avg,4942,4942,0,-3.3451426034600704,9,0.056859368835541255,0.049937330125623167
NDX,lgbm,crps,4942,4942,0,0.007208700690673025,9,0.00020624262657646436,0.00010657111671544001
NDX,lgbm,log_score,4942,4942,0,-2.9676282086696077,9,0.027695387363751843,0.016908285671121643
NDX,lgbm,pinball_0p01,4942,4942,0,0.00051581730638816507,9,3.6074391552172664e-05,2.9612129896360538e-05
NDX,lgbm,pinball_0p025,4942,4942,0,0.00098409493316152139,9,4.7242702615679816e-05,3.6169061812213651e-05
NDX,lgbm,pinball_0p05,4942,4942,0,0.0016088839156532368,9,6.1059377107237513e-05,4.254706833700743e-05
NDX,lgbm,pinball_avg,4942,4942,0,0.0010362653850676412,9,4.7567753126900579e-05,3.5655952362569872e-05
NDX,lgbm,qlike,4942,4942,0,0.56115462995901622,9,0.030461296121493318,0.026013235704735835
NDX,lgbm,fz0_0p01,4942,4942,0,-2.903003565127531,9,0.098292468688915016,0.086645206215197126
NDX,lgbm,fz0_0p025,4942,4942,0,-3.2527125365737355,9,0.059430221320167967,0.050109747722736395
NDX,lgbm,fz0_0p05,4942,4942,0,-3.4885404753533011,9,0.043731422120496868,0.034805815908208589
NDX,lgbm,fz0_avg,4942,4942,0,-3.2147521923515225,9,0.06614964340902478,0.056495425978077184
NDX,moirai,crps,4942,4942,0,0.0070732512474499703,9,0.00019938294937219968,0.00010690142855226977
NDX,moirai,log_score,4942,4942,0,-3.0227381110060851,9,0.025370304556777423,0.016262954408381075
NDX,moirai,pinball_0p01,4942,4942,0,0.00046146956039197723,9,2.6563602758582189e-05,2.4473136343989214e-05
NDX,moirai,pinball_0p025,4942,4942,0,0.00091289333195555334,9,3.8199597378552635e-05,3.1748447320709643e-05
NDX,moirai,pinball_0p05,4942,4942,0,0.0015166989259203442,9,5.2682428211619356e-05,3.9478447231855713e-05
NDX,moirai,pinball_avg,4942,4942,0,0.00096368727275595819,9,3.8383947033091299e-05,3.1248930854509199e-05
NDX,moirai,qlike,4942,4942,0,0.43888531417900833,9,0.020220750665512398,0.01844239173899806
NDX,moirai,fz0_0p01,4942,4942,0,-3.025298936237427,9,0.086458484493862953,0.083402093635344246
NDX,moirai,fz0_0p025,4942,4942,0,-3.3370351634971023,9,0.054342968253382369,0.049517499357783573
NDX,moirai,fz0_0p05,4942,4942,0,-3.5598984193720469,9,0.041209014432433404,0.03526066427323906
NDX,moirai,fz0_avg,4942,4942,0,-3.3074108397021922,9,0.059432441297538191,0.055167545579131172
NDX,naive,crps,4942,4942,0,0.0074089082676439067,9,0.00021491599779360803,0.00011235307778393035
NDX,naive,log_score,4942,4942,0,-2.8421728012238106,9,0.042455404417034798,0.023927946883162236
NDX,naive,pinball_0p01,4942,4942,0,0.00061998029149148471,9,5.9277811797614633e-05,4.0990975578473832e-05
NDX,naive,pinball_0p025,4942,4942,0,0.0011200722066314359,9,7.1834147866221319e-05,4.7069357502218217e-05
NDX,naive,pinball_0p05,4942,4942,0,0.0017680437678748552,9,8.3227273359171448e-05,5.2516016672790728e-05
NDX,naive,pinball_avg,4942,4942,0,0.0011693654219992586,9,7.1044708947630954e-05,4.6432857713954587e-05
NDX,naive,qlike,4942,4942,0,0.78741065347234662,9,0.063035367974975512,0.044574594754698438
NDX,naive,fz0_0p01,4942,4942,0,-2.5652647509554329,9,0.17324733972975279,0.12218548615567498
NDX,naive,fz0_0p025,4942,4942,0,-3.0332279332429706,9,0.097063372627413019,0.066086037256236033
NDX,naive,fz0_0p05,4942,4942,0,-3.3231959400276625,9,0.064961915051506142,0.043555478692689768
NDX,naive,fz0_avg,4942,4942,0,-2.9738962080753555,9,0.11114059488116149,0.07661538820250198
NDX,patchtst,crps,4942,4942,0,0.007237850184953435,9,0.00020573118534145945,0.00010940943965995002
NDX,patchtst,log_score,4942,4942,0,-2.9019366351980942,9,0.033905316486660057,0.021948934163078884
NDX,patchtst,pinball_0p01,4942,4942,0,0.00058626861576422783,9,3.8401789513253941e-05,3.213165979955794e-05
NDX,patchtst,pinball_0p025,4942,4942,0,0.0010675127228736004,9,5.1320044159328975e-05,3.9277582815065391e-05
NDX,patchtst,pinball_0p05,4942,4942,0,0.0016843799372170062,9,6.5199437208951548e-05,4.6036260982403363e-05
NDX,patchtst,pinball_avg,4942,4942,0,0.0011127204252849448,9,5.1072161962648386e-05,3.8671566260691877e-05
NDX,patchtst,qlike,4942,4942,0,0.68049402527324032,9,0.043701372351511447,0.033064168287780506
NDX,patchtst,fz0_0p01,4942,4942,0,-2.498254559776409,9,0.13582353069875619,0.11841591841956836
NDX,patchtst,fz0_0p025,4942,4942,0,-3.0243877934501464,9,0.079882808361538687,0.067071359280219997
NDX,patchtst,fz0_0p05,4942,4942,0,-3.3513198628651408,9,0.056423153657434368,0.045568416705797213
NDX,patchtst,fz0_avg,4942,4942,0,-2.9579874053638986,9,0.089768892234438888,0.07628492141117095
NDX,timesfm,crps,4942,4942,0,0.0070960139466796504,9,0.00019840777523604886,0.00010641242429419606
NDX,timesfm,log_score,4942,4942,0,-3.0161348330014346,9,0.0245363732203247,0.015443525262525459
NDX,timesfm,pinball_0p01,4942,4942,0,0.00045822520389584507,9,2.6824959169169569e-05,2.4286532075888487e-05
NDX,timesfm,pinball_0p025,4942,4942,0,0.00091711597968406069,9,3.8042310088310741e-05,3.148459748541722e-05
NDX,timesfm,pinball_0p05,4942,4942,0,0.00152804653749836,9,5.1928744559868724e-05,3.911424978841595e-05
NDX,timesfm,pinball_avg,4942,4942,0,0.0009677959070260887,9,3.8137247812279043e-05,3.097157299193981e-05
NDX,timesfm,qlike,4942,4942,0,0.45039571550450025,9,0.019938056846312224,0.019084312583072905
NDX,timesfm,fz0_0p01,4942,4942,0,-3.0678921582144052,9,0.080606573676017992,0.076435947125862699
NDX,timesfm,fz0_0p025,4942,4942,0,-3.3420140039509332,9,0.051392300287577769,0.04608980961879492
NDX,timesfm,fz0_0p05,4942,4942,0,-3.5520413660157928,9,0.039327178499360904,0.033247640927102307
NDX,timesfm,fz0_avg,4942,4942,0,-3.3206491760603765,9,0.055931716450685127,0.051000957679632614
NKX,autoarima,crps,4795,4774,21,0.0077379170650063254,9,0.00022776019482169019,0.00012442197587791409
NKX,autoarima,log_score,4795,4774,21,-2.8401499271214252,9,0.039432009316371218,0.02717896005601713
NKX,autoarima,pinball_0p01,4795,4774,21,0.0006325956416088198,9,6.02218329889221e-05,4.6401946660649893e-05
NKX,autoarima,pinball_0p025,4795,4774,21,0.001122745361644381,9,7.386996645513045e-05,5.3488588067908117e-05
NKX,autoarima,pinball_0p05,4795,4774,21,0.0017678046642009082,9,8.9120659896817e-05,6.0260807366415899e-05
NKX,autoarima,pinball_avg,4795,4774,21,0.0011743818891513697,9,7.3614521465185665e-05,5.2821185261006319e-05
NKX,autoarima,qlike,4795,4773,22,0.46267132732762234,9,0.023912552482414411,0.018650552886176838
NKX,autoarima,fz0_0p01,4795,4774,21,-2.4964814490819034,9,0.18191528347424274,0.14979630658621074
NKX,autoarima,fz0_0p025,4795,4774,21,-3.0310641085954311,9,0.098481714569712803,0.079431480349713368
NKX,autoarima,fz0_0p05,4795,4774,21,-3.3385777796313705,9,0.066050478449238295,0.051835000268590004
NKX,autoarima,fz0_avg,4795,4774,21,-2.9553744457695683,9,0.11449839804522613,0.092852843570888771
NKX,autoets,crps,4795,4774,21,0.0076215987030038733,9,0.00021680493709104009,0.00012148044380666165
NKX,autoets,log_score,4795,4774,21,-2.8564856068963573,9,0.038287767996221946,0.026406164239693719
NKX,autoets,pinball_0p01,4795,4774,21,0.00060742311154140399,9,5.896970863637315e-05,4.5491810087905145e-05
NKX,autoets,pinball_0p025,4795,4774,21,0.0010843741087270126,9,7.1297718756002556e-05,5.2294801665930638e-05
NKX,autoets,pinball_0p05,4795,4774,21,0.0017129797942365104,9,8.4472488525661846e-05,5.8680174923020114e-05
NKX,autoets,pinball_avg,4795,4774,21,0.0011349256715016424,9,7.0940640776368511e-05,5.1618661231213629e-05
NKX,autoets,qlike,4795,4773,22,0.44464413513240209,9,0.020743867444895207,0.017412424154136356
NKX,autoets,fz0_0p01,4795,4774,21,-2.5608416440155262,9,0.17616845932091071,0.14436774699946447
NKX,autoets,fz0_0p025,4795,4774,21,-3.0680602422984813,9,0.095585275987527946,0.076789913276999369
NKX,autoets,fz0_0p05,4795,4774,21,-3.3657461755823039,9,0.064321305425131842,0.050268457090270946
NKX,autoets,fz0_avg,4795,4774,21,-2.9982160206321034,9,0.11104390663505719,0.089637070651393244
NKX,chronos,crps,4795,4774,21,0.0076327987316724072,9,0.00021781210708188745,0.00012244650231863874
NKX,chronos,log_score,4795,4774,21,-2.8640131782512563,9,0.034357641455754546,0.023659186894716432
NKX,chronos,pinball_0p01,4795,4774,21,0.0006285124243540389,9,6.1474126623729095e-05,4.6395021461735376e-05
NKX,chronos,pinball_0p025,4795,4774,21,0.0011173806522244241,9,7.4648222591670716e-05,5.3681791842683095e-05
NKX,chronos,pinball_0p05,4795,4774,21,0.0017452031705773282,9,8.7891908913639952e-05,6.0328004244652023e-05
NKX,chronos,pinball_avg,4795,4774,21,0.0011636987490519304,9,7.4105631360490726e-05,5.2950456141602171e-05
NKX,chronos,qlike,4795,4773,22,0.43046772296243668,9,0.014849194396712928,0.013150415732420069
NKX,chronos,fz0_0p01,4795,4774,21,-2.5455096934886914,9,0.16760358166466668,0.13672441001219746
NKX,chronos,fz0_0p025,4795,4774,21,-3.0434394495759807,9,0.093284354622061846,0.074216066095803473
NKX,chronos,fz0_0p05,4795,4774,21,-3.3479347932425498,9,0.063642721166350114,0.049295200067131721
NKX,chronos,fz0_avg,4795,4774,21,-2.9789613121024074,9,0.1071943703880434,0.085866711796895173
NKX,ewma,crps,4795,4795,0,0.0076141895357205464,9,0.00020400917211036012,0.00011299770369530495
NKX,ewma,log_score,4795,4795,0,-2.903938131535166,9,0.025814954530785219,0.017006925115106538
NKX,ewma,pinball_0p01,4795,4795,0,0.00053691989510352273,9,4.3858241878850295e-05,3.5782593954312373e-05
NKX,ewma,pinball_0p025,4795,4795,0,0.0010163536116726299,9,5.5392400171510879e-05,4.2191385117048213e-05
NKX,ewma,pinball_0p05,4795,4795,0,0.0016610310144472382,9,6.9114818533494934e-05,4.8651844308040046e-05
NKX,ewma,pinball_avg,4795,4795,0,0.0010714348404077972,9,5.5438291411330695e-05,4.1647942137673977e-05
NKX,ewma,qlike,4795,4794,1,0.47978427954223146,9,0.012947376698572301,0.010698344567361606
NKX,ewma,fz0_0p01,4795,4795,0,-2.8686201241751683,9,0.11276159189065472,0.09626152613255036
NKX,ewma,fz0_0p025,4795,4795,0,-3.2167363521537107,9,0.065481496064239253,0.053899705040748924
NKX,ewma,fz0_0p05,4795,4795,0,-3.4455499262671614,9,0.047020268359034223,0.036755105857443744
NKX,ewma,fz0_avg,4795,4795,0,-3.1769688008653469,9,0.074180040401585851,0.061553625184824046
NKX,garch11,crps,4795,4795,0,0.0075962068267826635,9,0.00020273420573580856,0.00011306955766014827
NKX,garch11,log_score,4795,4795,0,-2.9061866737849718,9,0.026732535345517429,0.017618215005062186
NKX,garch11,pinball_0p01,4795,4795,0,0.00053097374700447283,9,4.4233948179273048e-05,3.6553830268083486e-05
NKX,garch11,pinball_0p025,4795,4795,0,0.0010106084387629583,9,5.4595203221717816e-05,4.2520013220589377e-05
NKX,garch11,pinball_0p05,4795,4795,0,0.0016591025624943128,9,6.8002500846480084e-05,4.8800733540817315e-05
NKX,garch11,pinball_avg,4795,4795,0,0.0010668949160872478,9,5.4806543973848405e-05,4.2031968816908132e-05
NKX,garch11,qlike,4795,4794,1,0.46748779845801047,9,0.011778506696368865,0.010117198083876022
NKX,garch11,fz0_0p01,4795,4795,0,-2.8842667980817116,9,0.11885724770091814,0.099702585786836564
NKX,garch11,fz0_0p025,4795,4795,0,-3.2199062169108097,9,0.067138208844230093,0.054725323991232117
NKX,garch11,fz0_0p05,4795,4795,0,-3.4439954321307491,9,0.047145248198733045,0.03690950801736087
NKX,garch11,fz0_avg,4795,4795,0,-3.1827228157077565,9,0.076785333532323391,0.063013020205941669
NKX,garch11_t,crps,4795,4795,0,0.0075870411599410596,9,0.00020495847184689563,0.00011548934276646769
NKX,garch11_t,log_score,4795,4795,0,-2.9301265742720393,9,0.024150627844104856,0.015035484287243531
NKX,garch11_t,pinball_0p01,4795,4795,0,0.00052164763355817118,9,4.2606975985387999e-05,3.4688553750499689e-05
NKX,garch11_t,pinball_0p025,4795,4795,0,0.0010125118941584385,9,5.4635727264254225e-05,4.2403245899891297e-05
NKX,garch11_t,pinball_0p05,4795,4795,0,0.0016659065730029779,9,6.9918956160299012e-05,5.022591905301595e-05
NKX,garch11_t,pinball_avg,4795,4795,0,0.0010666887002398625,9,5.4682402936696544e-05,4.1576137058494745e-05
NKX,garch11_t,qlike,4795,4794,1,0.48283300513810756,9,0.014586558775580708,0.011586661234674292
NKX,garch11_t,fz0_0p01,4795,4795,0,-2.9591229396857246,9,0.10687467546581564,0.086245086981937266
NKX,garch11_t,fz0_0p025,4795,4795,0,-3.2308868160105635,9,0.06439334151039558,0.051394263516007031
NKX,garch11_t,fz0_0p05,4795,4795,0,-3.4402168921150595,9,0.047784919398940577,0.036974112000819175
NKX,garch11_t,fz0_avg,4795,4795,0,-3.2100755492704485,9,0.071668932303609184,0.056966982813552974
NKX,gjr,crps,4795,4795,0,0.0075616911351791957,9,0.00020110998469865076,0.00011200291867949691
NKX,gjr,log_score,4795,4795,0,-2.9285164683774334,9,0.024074273727029003,0.015664321354235278
NKX,gjr,pinball_0p01,4795,4795,0,0.00050513446794715744,9,3.8726244955751404e-05,3.234205441030462e-05
NKX,gjr,pinball_0p025,4795,4795,0,0.00098188319207477451,9,4.9960552987967472e-05,3.9055489737186817e-05
NKX,gjr,pinball_0p05,4795,4795,0,0.0016176572599056437,9,6.4112582912122351e-05,4.6080372566722413e-05
NKX,gjr,pinball_avg,4795,4795,0,0.0010348916399758584,9,5.0074302203047053e-05,3.8520472845158269e-05
NKX,gjr,qlike,4795,4794,1,0.44293668628423444,9,0.011367357512268608,0.0097557129952466123
NKX,gjr,fz0_0p01,4795,4795,0,-2.9830474809988812,9,0.09482769260782685,0.083029548978460169
NKX,gjr,fz0_0p025,4795,4795,0,-3.2804592248976125,9,0.056523829481251044,0.047761642489181064
NKX,gjr,fz0_0p05,4795,4795,0,-3.4931747368005235,9,0.041655274453687045,0.033303691561186469
NKX,gjr,fz0_avg,4795,4795,0,-3.2522271475656725,9,0.063339423693455646,0.053910733013954777
NKX,har,crps,4795,4774,21,0.0076220389150269069,9,0.00021729004854437019,0.00012284036078840226
NKX,har,log_score,4795,4774,21,-2.8599660601555374,9,0.0374179662902238,0.025995429405508329
NKX,har,pinball_0p01,4795,4774,21,0.00062381704188869686,9,6.1376995316606399e-05,4.7050529090669536e-05
NKX,har,pinball_0p025,4795,4774,21,0.0011035450394768045,9,7.3993385162917519e-05,5.4104721268943669e-05
NKX,har,pinball_0p05,4795,4774,21,0.0017263164075122111,9,8.6830341796166979e-05,6.0524065837099612e-05
NKX,har,pinball_avg,4795,4774,21,0.0011512261629592375,9,7.3485994022922654e-05,5.3375481293540432e-05
NKX,har,qlike,4795,4773,22,0.42577859495429421,9,0.016417338073844819,0.014664007696109203
NKX,har,fz0_0p01,4795,4774,21,-2.5406483683429704,9,0.17616835618248766,0.14485781475371046
NKX,har,fz0_0p025,4795,4774,21,-3.0579396875371647,9,0.096058693888574714,0.077376233527443897
NKX,har,fz0_0p05,4795,4774,21,-3.3620342611301886,9,0.064770722384579107,0.050756154296287936
NKX,har,fz0_avg,4795,4774,21,-2.986874105670108,9,0.11136510965532211,0.090152616105499683
NKX,lgbm,crps,4795,4774,21,0.0076733542055828479,9,0.00022317062897288177,0.00012347718100164638
NKX,lgbm,log_score,4795,4774,21,-2.8151510676082685,9,0.047310300670540484,0.030713070553435754
NKX,lgbm,pinball_0p01,4795,4774,21,0.00064967164160596551,9,7.0038447686099464e-05,5.0885827379993672e-05
NKX,lgbm,pinball_0p025,4795,4774,21,0.0011350579663210879,9,8.0882798797752908e-05,5.7103338022038852e-05
NKX,lgbm,pinball_0p05,4795,4774,21,0.0017601433646864683,9,9.2160142943439974e-05,6.2692783032835988e-05
NKX,lgbm,pinball_avg,4795,4774,21,0.0011816243242045072,9,8.0517252054559097e-05,5.6419334425724048e-05
NKX,lgbm,qlike,4795,4773,22,0.49102287079871804,9,0.021893607598059254,0.017306263061073909
NKX,lgbm,fz0_0p01,4795,4774,21,-2.4451726794644824,9,0.21011592683244817,0.16298479621615328
NKX,lgbm,fz0_0p025,4795,4774,21,-2.9955501392993171,9,0.11065226732983346,0.084697352640838622
NKX,lgbm,fz0_0p05,4795,4774,21,-3.3214238540223247,9,0.072406202940414596,0.054324619369459357
NKX,lgbm,fz0_avg,4795,4774,21,-2.9207155575953747,9,0.13024624219112105,0.099888073548594997
NKX,moirai,crps,4795,4774,21,0.0076230800777374996,9,0.00021829038106518166,0.00012257852257322119
NKX,moirai,log_score,4795,4774,21,-2.8747678571371211,9,0.032764915626186566,0.022211062832049371
NKX,moirai,pinball_0p01,4795,4774,21,0.00062337486218513492,9,6.0047045932173636e-05,4.5604963257491091e-05
NKX,moirai,pinball_0p025,4795,4774,21,0.0011098238433681143,9,7.3507112840593734e-05,5.3168944599404077e-05
NKX,moirai,pinball_0p05,4795,4774,21,0.0017316244746985914,9,8.7098005703904361e-05,5.9981841478516269e-05
NKX,moirai,pinball_avg,4795,4774,21,0.0011549410600839468,9,7.2994320739375041e-05,5.2411264878190267e-05
NKX,moirai,qlike,4795,4773,22,0.41846464264768707,9,0.013629488824246137,0.012262065939029914
NKX,moirai,fz0_0p01,4795,4774,21,-2.5882072769349671,9,0.15561636769968909,0.12807307613129887
NKX,moirai,fz0_0p025,4795,4774,21,-3.06943401032385,9,0.088167943779281138,0.070693510026921716
NKX,moirai,fz0_0p05,4795,4774,21,-3.369784382245486,9,0.061106577488212278,0.047475905514372883
NKX,moirai,fz0_avg,4795,4774,21,-3.0091418898347673,9,0.10067097846837578,0.08120913075234984
NKX,naive,crps,4795,4795,0,0.0078030919512411213,9,0.00022031613660870573,0.00012020829627262363
NKX,naive,log_score,4795,4795,0,-2.7798409495047314,9,0.045504120652890813,0.027465977097877806
NKX,naive,pinball_0p01,4795,4795,0,0.00066693769554999676,9,7.1820287458429009e-05,5.0741264776906286e-05
NKX,naive,pinball_0p025,4795,4795,0,0.0011703012446615531,9,8.2694294621563858e-05,5.6507284626157441e-05
NKX,naive,pinball_0p05,4795,4795,0,0.0018314744012567137,9,9.3127991519267953e-05,6.1553907093491478e-05
NKX,naive,pinball_avg,4795,4795,0,0.0012229044471560879,9,8.2160229203944438e-05,5.5874400175815581e-05
NKX,naive,qlike,4795,4794,1,0.63777643425664876,9,0.022935136806540139,0.014790521330472537
NKX,naive,fz0_0p01,4795,4795,0,-2.4819273658120546,9,0.19867615751870527,0.14636331698141886
NKX,naive,fz0_0p025,4795,4795,0,-2.9903937249805383,9,0.10560212551704248,0.07568106682947201
NKX,naive,fz0_0p05,4795,4795,0,-3.283871475412155,9,0.068708797626299375,0.048200176989877927
NKX,naive,fz0_avg,4795,4795,0,-2.9187308554015825,9,0.12380547726140767,0.089538262938813576
NKX,patchtst,crps,4795,4774,21,0.0077457819778089278,9,0.00022952379053779384,0.0001269861832784732
NKX,patchtst,log_score,4795,4774,21,-2.65596738449835,9,0.080373443764476818,0.051616755973272664
NKX,patchtst,pinball_0p01,4795,4774,21,0.00074231832444631763,9,8.1471123308568563e-05,5.7675961615739381e-05
NKX,patchtst,pinball_0p025,4795,4774,21,0.001217249936659025,9,9.2148911540236453e-05,6.3249044724531848e-05
NKX,patchtst,pinball_0p05,4795,4774,21,0.0018340686249648031,9,0.00010258921246786618,6.8037374915677523e-05
NKX,patchtst,pinball_avg,4795,4774,21,0.0012645456286900483,9,9.1611982078160345e-05,6.2552850623550594e-05
NKX,patchtst,qlike,4795,4773,22,0.64623580025336291,9,0.054505423882088649,0.038558386746221647
NKX,patchtst,fz0_0p01,4795,4774,21,-1.8187640427446601,9,0.31080566310360541,0.23396908611111097
NKX,patchtst,fz0_0p025,4795,4774,21,-2.6980966363934811,9,0.16034617783168045,0.11771007691483051
NKX,patchtst,fz0_0p05,4795,4774,21,-3.1492479768734292,9,0.10143093859401267,0.073125057073819208
NKX,patchtst,fz0_avg,4795,4774,21,-2.5553695520038566,9,0.19020844439460086,0.1409042782482644
NKX,timesfm,crps,4795,4774,21,0.0076422502634529241,9,0.00021944010637102698,0.00012282372556769004
NKX,timesfm,log_score,4795,4774,21,-2.8599095327930195,9,0.035162228920377292,0.023875539555941194
NKX,timesfm,pinball_0p01,4795,4774,21,0.00063556362006724843,9,6.3459544580470538e-05,4.7070660391386095e-05
NKX,timesfm,pinball_0p025,4795,4774,21,0.001123390720099637,9,7.6402649878491534e-05,5.4366242358547491e-05
NKX,timesfm,pinball_0p05,4795,4774,21,0.0017501074640082351,9,8.9251010218378854e-05,6.090160430511973e-05
NKX,timesfm,pinball_avg,4795,4774,21,0.0011696872680583734,9,7.5848746680749995e-05,5.3619783993891755e-05
NKX,timesfm,qlike,4795,4773,22,0.44372098785814046,9,0.015548643653520768,0.013960692926083597
NKX,timesfm,fz0_0p01,4795,4774,21,-2.528837426402069,9,0.1723373278517748,0.13916139738785344
NKX,timesfm,fz0_0p025,4795,4774,21,-3.0382022386927265,9,0.095087253991423801,0.075072707536062072
NKX,timesfm,fz0_0p05,4795,4774,21,-3.3451867925156358,9,0.064443067131466539,0.049576650961999161
NKX,timesfm,fz0_avg,4795,4774,21,-2.9707421525368107,9,0.1097018519934313,0.087099821916875861
SPY,autoarima,crps,4904,4904,0,0.005784521233707287,9,0.00019549238542718552,9.4224829902567536e-05
SPY,autoarima,log_score,4904,4904,0,-3.2576254341247433,9,0.027382309141231631,0.016177719383837254
SPY,autoarima,pinball_0p01,4904,4904,0,0.00039161073190950758,9,2.3966681986627931e-05,1.9820953834452946e-05
SPY,autoarima,pinball_0p025,4904,4904,0,0.00076306064390308035,9,3.4618968364400961e-05,2.587424488300041e-05
SPY,autoarima,pinball_0p05,4904,4904,0,0.0012638445393711418,9,4.9261797639153445e-05,3.2565077647771965e-05
SPY,autoarima,pinball_avg,4904,4904,0,0.00080617197172790978,9,3.5267144878363056e-05,2.5577248632224403e-05
SPY,autoarima,qlike,4904,4904,0,0.45769697060813364,9,0.020227118784229059,0.01891930843468639
SPY,autoarima,fz0_0p01,4904,4904,0,-3.2218185991682771,9,0.098264938199689969,0.088093040189553912
SPY,autoarima,fz0_0p025,4904,4904,0,-3.5518262009908419,9,0.058882366851271524,0.050083060418134061
SPY,autoarima,fz0_0p05,4904,4904,0,-3.781342831233415,9,0.043805833323225581,0.034666717861092745
SPY,autoarima,fz0_avg,4904,4904,0,-3.5183292104641772,9,0.065826507680810095,0.056869591992289407
SPY,autoets,crps,4904,4904,0,0.0057792548646594909,9,0.00019377399829464801,9.231693854590888e-05
SPY,autoets,log_score,4904,4904,0,-3.2590796994689271,9,0.026930573441326652,0.016084977550518648
SPY,autoets,pinball_0p01,4904,4904,0,0.00038491357183628391,9,2.1915222547441636e-05,1.8298341793637064e-05
SPY,autoets,pinball_0p025,4904,4904,0,0.00075300766319234315,9,3.1759765623414675e-05,2.3945669483715378e-05
SPY,autoets,pinball_0p05,4904,4904,0,0.0012496835609235937,9,4.5139933794380188e-05,3.0150455665838067e-05
SPY,autoets,pinball_avg,4904,4904,0,0.00079586826531740686,9,3.2337124561335285e-05,2.3684820133958266e-05
SPY,autoets,qlike,4904,4904,0,0.45100208355622773,9,0.019154269967526217,0.018137479936665733
SPY,autoets,fz0_0p01,4904,4904,0,-3.2372709671124476,9,0.093832637891782297,0.087916361635546225
SPY,autoets,fz0_0p025,4904,4904,0,-3.5637683098606354,9,0.056039581800356716,0.049630499238610938
SPY,autoets,fz0_0p05,4904,4904,0,-3.7888782990194123,9,0.042093819647016202,0.034188434532581295
SPY,autoets,fz0_avg,4904,4904,0,-3.5299725253308321,9,0.062788138772919416,0.056513230233778002
SPY,chronos,crps,4904,4904,0,0.0058042405344811455,9,0.00019655429000506712,9.5794185726381456e-05
SPY,chronos,log_score,4904,4904,0,-3.2414418250392107,9,0.028299018885577044,0.017356783725580031
SPY,chronos,pinball_0p01,4904,4904,0,0.00040366854155528557,9,2.7121487474271063e-05,2.2241244662843038e-05
SPY,chronos,pinball_0p025,4904,4904,0,0.00077703197187942077,9,3.7956404052803694e-05,2.8515009707644069e-05
SPY,chronos,pinball_0p05,4904,4904,0,0.001281435188348368,9,5.1541341496043141e-05,3.4984167265716525e-05
SPY,chronos,pinball_avg,4904,4904,0,0.000820711900594358,9,3.8237573593453483e-05,2.8089668081002275e-05
SPY,chronos,qlike,4904,4904,0,0.47936006978566759,9,0.02212521021426711,0.019894671196253773
SPY,chronos,fz0_0p01,4904,4904,0,-3.1792117778856137,9,0.10883982188028933,0.09692948623997312
SPY,chronos,fz0_0p025,4904,4904,0,-3.5256940352738324,9,0.06414129225563249,0.054278866563799377
SPY,chronos,fz0_0p05,4904,4904,0,-3.7553300888111938,9,0.046678053423856135,0.03716343295232543
SPY,chronos,fz0_avg,4904,4904,0,-3.4867453006568798,9,0.072039427621387195,0.061974700226258832
SPY,ewma,crps,4904,4904,0,0.0058483243044971742,9,0.00019937872105709625,9.6715097045353956e-05
SPY,ewma,log_score,4904,4904,0,-3.2056793707279323,9,0.030288648010528208,0.020418198901386988
SPY,ewma,pinball_0p01,4904,4904,0,0.00042962450602342133,9,2.948192199514084e-05,2.3246928789200617e-05
SPY,ewma,pinball_0p025,4904,4904,0,0.00081350139252284539,9,4.0898852014333577e-05,2.952235363298792e-05
SPY,ewma,pinball_0p05,4904,4904,0,0.0013257494216800075,9,5.4665717347950361e-05,3.6148028861537319e-05
SPY,ewma,pinball_avg,4904,4904,0,0.00085629177340875817,9,4.0966283606902984e-05,2.9107642215216842e-05
SPY,ewma,qlike,4904,4904,0,0.52220815623243111,9,0.027639576108321625,0.024934615515975561
SPY,ewma,fz0_0p01,4904,4904,0,-2.9605593242580999,9,0.13118175179114927,0.12130802799737167
SPY,ewma,fz0_0p025,4904,4904,0,-3.4060875511157342,9,0.073859519686672842,0.065374502662441714
SPY,ewma,fz0_0p05,4904,4904,0,-3.6774537443604931,9,0.051745879776784902,0.043251678613393123
SPY,ewma,fz0_avg,4904,4904,0,-3.3480335399114427,9,0.084401197657637525,0.075906627347316485
SPY,garch11,crps,4904,4904,0,0.0058238616390553803,9,0.00019662814919364636,9.6020230390728053e-05
SPY,garch11,log_score,4904,4904,0,-3.2271525967307371,9,0.028162257225749488,0.017345686126303803
SPY,garch11,pinball_0p01,4904,4904,0,0.00040188162334803393,9,2.5438189320404435e-05,2.1218151236036446e-05
SPY,garch11,pinball_0p025,4904,4904,0,0.00078294065913056109,9,3.5868785813722133e-05,2.7062624426286047e-05
SPY,garch11,pinball_0p05,4904,4904,0,0.0012941413641450652,9,4.9852210969856076e-05,3.3701228823113379e-05
SPY,garch11,pinball_avg,4904,4904,0,0.00082632121554122005,9,3.6212344192407545e-05,2.6717043273546779e-05
SPY,garch11,qlike,4904,4904,0,0.4948861707479475,9,0.023616747961332996,0.020605811531737229
SPY,garch11,fz0_0p01,4904,4904,0,-3.1295989737286023,9,0.10610465677638319,0.098022623823117827
SPY,garch11,fz0_0p025,4904,4904,0,-3.4857592901541374,9,0.062754890594017607,0.054867189522091027
SPY,garch11,fz0_0p05,4904,4904,0,-3.7231467320776108,9,0.04580243309960897,0.037485795299396239
SPY,garch11,fz0_avg,4904,4904,0,-3.446168331986784,9,0.070382297062042534,0.062657867050661842
SPY,garch11_t,crps,4904,4904,0,0.0058114149605090178,9,0.00019833313666315762,9.7947835785502468e-05
SPY,garch11_t,log_score,4904,4904,0,-3.2593768987184428,9,0.026283981938520197,0.014646319556907707
SPY,garch11_t,pinball_0p01,4904,4904,0,0.00038134540423612347,9,2.106136342063148e-05,1.7467980088375482e-05
SPY,garch11_t,pinball_0p025,4904,4904,0,0.0007706363290313537,9,3.3770941388672687e-05,2.5419006786434053e-05
SPY,garch11_t,pinball_0p05,4904,4904,0,0.0012944261128477841,9,5.0563596818863512e-05,3.416326572571644e-05
SPY,garch11_t,pinball_avg,4904,4904,0,0.00081546928203842038,9,3.4218857340811663e-05,2.4794986880895086e-05
SPY,garch11_t,qlike,4904,4904,0,0.48068464798127297,9,0.020711964251571246,0.018915369556068228
SPY,garch11_t,fz0_0p01,4904,4904,0,-3.2879741832561451,9,0.077448570446263215,0.072376086915899696
SPY,garch11_t,fz0_0p025,4904,4904,0,-3.5360898345845828,9,0.0539713737334203,0.047130524079894966
SPY,garch11_t,fz0_0p05,4904,4904,0,-3.738387916886039,9,0.043940599951689523,0.035630707366968779
SPY,garch11_t,fz0_avg,4904,4904,0,-3.5208173115755885,9,0.056949458326659874,0.050437740643909684
SPY,gjr,crps,4904,4904,0,0.0057731692540780033,9,0.00019458128260998491,9.4795081062942521e-05
SPY,gjr,log_score,4904,4904,0,-3.2505028852205173,9,0.028709948003166813,0.018452214446679202
SPY,gjr,pinball_0p01,4904,4904,0,0.00038581302030263976,9,2.2724452794457335e-05,2.0150973505937194e-05
SPY,gjr,pinball_0p025,4904,4904,0,0.00076135355969179192,9,3.3180390232994299e-05,2.5930545944063436e-05
SPY,gjr,pinball_0p05,4904,4904,0,0.0012646184168833708,9,4.6927489773749246e-05,3.2458607391781355e-05
SPY,gjr,pinball_avg,4904,4904,0,0.00080392833229260086,9,3.3548850532243069e-05,2.5578269162312879e-05
SPY,gjr,qlike,4904,4904,0,0.45117430312210394,9,0.025314355084776304,0.024090769900091086
SPY,gjr,fz0_0p01,4904,4904,0,-3.1784155149115199,9,0.10754576664124681,0.10507055259797003
SPY,gjr,fz0_0p025,4904,4904,0,-3.521896181594697,9,0.062221056155091811,0.057289604712653493
SPY,gjr,fz0_0p05,4904,4904,0,-3.7530252216495974,9,0.045323508126637574,0.038583980195071588
SPY,gjr,fz0_avg,4904,4904,0,-3.484445639385271,9,0.070347037990532352,0.06612340460193053
SPY,har,crps,4904,4904,0,0.0057962638641842453,9,0.00019533234046990831,9.4499105055330067e-05
SPY,har,log_score,4904,4904,0,-3.2522406206301344,9,0.026991861469261705,0.015686223678576163
SPY,har,pinball_0p01,4904,4904,0,0.00038989947912634253,9,2.4346521320728404e-05,1.996659406521597e-05
SPY,har,pinball_0p025,4904,4904,0,0.000764442849061723,9,3.5210678210586307e-05,2.6186825016542319e-05
SPY,har,pinball_0p05,4904,4904,0,0.0012647926106183335,9,4.9531077666363443e-05,3.2827259323764844e-05
SPY,har,pinball_avg,4904,4904,0,0.00080637831293546634,9,3.573583808672637e-05,2.5833108885867684e-05
SPY,har,qlike,4904,4904,0,0.46235509592457608,9,0.020467549671790944,0.019054777594192138
SPY,har,fz0_0p01,4904,4904,0,-3.2453174906772992,9,0.094901974119919186,0.084044042361838558
SPY,har,fz0_0p025,4904,4904,0,-3.5549615266666583,9,0.057423907381714379,0.048228788221176502
SPY,har,fz0_0p05,4904,4904,0,-3.7780939847122896,9,0.043002475535316644,0.033610716273998684
SPY,har,fz0_avg,4904,4904,0,-3.5261243340187489,9,0.063947028928429073,0.054521643595685294
SPY,lgbm,crps,4904,4904,0,0.0060350735481960339,9,0.00021101133350717185,9.7844531392409832e-05
SPY,lgbm,log_score,4904,4904,0,-3.165152915390204,9,0.033034488220114649,0.018098082674621867
SPY,lgbm,pinball_0p01,4904,4904,0,0.00046560123505690108,9,4.0639183824113742e-05,2.8519038370489121e-05
SPY,lgbm,pinball_0p025,4904,4904,0,0.00087777981663265806,9,5.2777526954668933e-05,3.4293768830405629e-05
SPY,lgbm,pinball_0p05,4904,4904,0,0.0014165781666658961,9,6.6873258820703688e-05,4.0009705527161456e-05
SPY,lgbm,pinball_avg,4904,4904,0,0.00091998640611848533,9,5.2864172017028457e-05,3.3878155809300788e-05
SPY,lgbm,qlike,4904,4904,0,0.62846982085101843,9,0.032872051326468789,0.022635622389829455
SPY,lgbm,fz0_0p01,4904,4904,0,-3.0498907133464654,9,0.12427759680709149,0.097163909024133313
SPY,lgbm,fz0_0p025,4904,4904,0,-3.4184459705814749,9,0.071519294671113579,0.053884016022457862
SPY,lgbm,fz0_0p05,4904,4904,0,-3.6673527130452928,9,0.050930398691287994,0.036383777732416113
SPY,lgbm,fz0_avg,4904,4904,0,-3.3785631323244116,9,0.081226198560749266,0.061827988443270122
SPY,moirai,crps,4904,4904,0,0.0057888648973898451,9,0.00019837059035453388,9.7371558104599441e-05
SPY,moirai,log_score,4904,4904,0,-3.247586076357075,9,0.02888980749487188,0.017897781306253101
SPY,moirai,pinball_0p01,4904,4904,0,0.00040951209867753734,9,2.882121238205786e-05,2.4547417999511632e-05
SPY,moirai,pinball_0p025,4904,4904,0,0.0007831076584337291,9,4.0043445767540403e-05,3.0511006418948496e-05
SPY,moirai,pinball_0p05,4904,4904,0,0.0012797737373679635,9,5.4385707686312826e-05,3.6944725555407642e-05
SPY,moirai,pinball_avg,4904,4904,0,0.00082413116482640998,9,4.0416914154335191e-05,3.0136271864864365e-05
SPY,moirai,qlike,4904,4904,0,0.47173888977994449,9,0.023262235614430336,0.021644627856874734
SPY,moirai,fz0_0p01,4904,4904,0,-3.1359658402316661,9,0.11105949427524579,0.10210123300883411
SPY,moirai,fz0_0p025,4904,4904,0,-3.5095192626726548,9,0.065789578633214454,0.05706427328207056
SPY,moirai,fz0_0p05,4904,4904,0,-3.7568098340473299,9,0.048130059477259172,0.038955344670710136
SPY,moirai,fz0_avg,4904,4904,0,-3.4674316456505498,9,0.073818382713998196,0.065240900786431591
SPY,naive,crps,4904,4904,0,0.0061800414257525468,9,0.00022091722427720049,0.00010627295455723312
SPY,naive,log_score,4904,4904,0,-2.9816005056359374,9,0.059155523463853422,0.032016500182837963
SPY,naive,pinball_0p01,4904,4904,0,0.00061472130601522893,9,7.2190691884369904e-05,4.4741101399924872e-05
SPY,naive,pinball_0p025,4904,4904,0,0.0010364576079773386,9,8.2414078177746436e-05,4.9871864202413865e-05
SPY,naive,pinball_0p05,4904,4904,0,0.0015769458683624069,9,9.2765606767272166e-05,5.4158384114270419e-05
SPY,naive,pinball_avg,4904,4904,0,0.0010760415941183247,9,8.2113860825962763e-05,4.929967824788564e-05
SPY,naive,qlike,4904,4904,0,1.0097103873549591,9,0.094972577654309068,0.05038844447845655
SPY,naive,fz0_0p01,4904,4904,0,-2.3759400591584923,9,0.2529230215942877,0.16219871853049833
SPY,naive,fz0_0p025,4904,4904,0,-3.0383235526191763,9,0.13287255155385325,0.084636534691044069
SPY,naive,fz0_0p05,4904,4904,0,-3.4072737449340957,9,0.085730870270394097,0.054014652094978244
SPY,naive,fz0_avg,4904,4904,0,-2.9405124522372548,9,0.15659467186954959,0.099750356956641278
SPY,patchtst,crps,4904,4904,0,0.0059687466638664363,9,0.00020612843728180194,0.00010105486939953953
SPY,patchtst,log_score,4904,4904,0,-3.087885346646309,9,0.041290429371923475,0.025403467823806637
SPY,patchtst,pinball_0p01,4904,4904,0,0.00053957664208577631,9,4.3677124559111583e-05,3.2343512374803926e-05
SPY,patchtst,pinball_0p025,4904,4904,0,0.00092834749804499061,9,5.4453760972331611e-05,3.8719708184070603e-05
SPY,patchtst,pinball_0p05,4904,4904,0,0.0014250741780556097,9,6.6506689406818338e-05,4.4408244388597059e-05
SPY,patchtst,pinball_avg,4904,4904,0,0.00096433277272879223,9,5.4402168283476535e-05,3.8152567935791417e-05
SPY,patchtst,qlike,4904,4904,0,0.82206710818865547,9,0.057210932559454045,0.040738227013832722
SPY,patchtst,fz0_0p01,4904,4904,0,-2.3957427674925955,9,0.19747589986697361,0.15650508806359789
SPY,patchtst,fz0_0p025,4904,4904,0,-3.1128144576167274,9,0.10657033421853779,0.083725443316296916
SPY,patchtst,fz0_0p05,4904,4904,0,-3.5068370136478411,9,0.070435817864970288,0.054401353823865975
SPY,patchtst,fz0_avg,4904,4904,0,-3.0051314129190549,9,0.12395099555354466,0.097615278197669755
SPY,timesfm,crps,4904,4904,0,0.0058137507293916351,9,0.00019665052603733707,9.6249340132718573e-05
SPY,timesfm,log_score,4904,4904,0,-3.2377970131164235,9,0.027681231228338765,0.016949550604754213
SPY,timesfm,pinball_0p01,4904,4904,0,0.00040107596445361336,9,2.6931772299192669e-05,2.2673799241658588e-05
SPY,timesfm,pinball_0p025,4904,4904,0,0.00077648130958934709,9,3.7498878710222274e-05,2.8611601349004627e-05
SPY,timesfm,pinball_0p05,4904,4904,0,0.0012898428028743688,9,5.2231077338740875e-05,3.510850782119726e-05
SPY,timesfm,pinball_avg,4904,4904,0,0.0008224666923057764,9,3.819001288962578e-05,2.8258500647715684e-05
SPY,timesfm,qlike,4904,4904,0,0.48235308114319353,9,0.021446812485152615,0.020169505798475304
SPY,timesfm,fz0_0p01,4904,4904,0,-3.1812218143859599,9,0.10482097292182127,0.095188363145673471
SPY,timesfm,fz0_0p025,4904,4904,0,-3.5206778746066965,9,0.061776055920009766,0.053253600607795631
SPY,timesfm,fz0_0p05,4904,4904,0,-3.746744741031419,9,0.04541997661206236,0.036504554765762628
SPY,timesfm,fz0_avg,4904,4904,0,-3.4828814766746921,9,0.069471685427451038,0.060848611956084861
TWSE,autoarima,crps,4801,4801,0,0.0061350854189782299,9,0.00016583442789567965,9.5377596078346071e-05
TWSE,autoarima,log_score,4801,4801,0,-3.0891836434016713,9,0.036442683289267606,0.026834840266889676
TWSE,autoarima,pinball_0p01,4801,4801,0,0.00051164118505358093,9,4.2431545423515645e-05,3.4424428610159952e-05
TWSE,autoarima,pinball_0p025,4801,4801,0,0.00090557623617647481,9,5.1790869660272348e-05,4.0030415668658572e-05
TWSE,autoarima,pinball_0p05,4801,4801,0,0.0014119359572969923,9,6.1800290957383144e-05,4.5207756852081491e-05
TWSE,autoarima,pinball_avg,4801,4801,0,0.00094305112617568262,9,5.1496515728630201e-05,3.948044677007472e-05
TWSE,autoarima,qlike,4801,4721,80,0.54002366360073206,9,0.022226359997777528,0.019089850240113927
TWSE,autoarima,fz0_0p01,4801,4801,0,-2.6738267575719536,9,0.17334083227735078,0.15141206388041761
TWSE,autoarima,fz0_0p025,4801,4801,0,-3.2339942700749913,9,0.09513366009785193,0.080337427740181253
TWSE,autoarima,fz0_0p05,4801,4801,0,-3.5641286224657018,9,0.064364787087076408,0.052314649781388507
TWSE,autoarima,fz0_avg,4801,4801,0,-3.1573165500375486,9,0.10998101744224126,0.093897946113870076
TWSE,autoets,crps,4801,4801,0,0.0061273422146929527,9,0.00016491055582812692,9.4653654459251756e-05
TWSE,autoets,log_score,4801,4801,0,-3.0992079469414078,9,0.035523931157701472,0.025930319653482206
TWSE,autoets,pinball_0p01,4801,4801,0,0.00049670486213572972,9,4.1707502666103991e-05,3.357604832054052e-05
TWSE,autoets,pinball_0p025,4801,4801,0,0.00089053539566768939,9,5.0461961198617916e-05,3.9041115940115731e-05
TWSE,autoets,pinball_0p05,4801,4801,0,0.0013974270331777077,9,6.0282105919116641e-05,4.4224903574074153e-05
TWSE,autoets,pinball_avg,4801,4801,0,0.00092822243032704226,9,5.0242274072680889e-05,3.8511855841718747e-05
TWSE,autoets,qlike,4801,4721,80,0.5367086039800627,9,0.022978787550816154,0.019678831827534344
TWSE,autoets,fz0_0p01,4801,4801,0,-2.7359508443544662,9,0.16938998740175579,0.14713995887703754
TWSE,autoets,fz0_0p025,4801,4801,0,-3.2655346259028359,9,0.092467387841833462,0.078133387699923965
TWSE,autoets,fz0_0p05,4801,4801,0,-3.5840950488487184,9,0.062588333868646998,0.050967656617805807
TWSE,autoets,fz0_avg,4801,4801,0,-3.1951935063686738,9,0.10714786590818182,0.091273251240811523
TWSE,chronos,crps,4801,4801,0,0.0061431116762698523,9,0.00016615778377557168,9.7086428323808128e-05
TWSE,chronos,log_score,4801,4801,0,-3.0579527421763379,9,0.042129070889921565,0.032273214371963052
TWSE,chronos,pinball_0p01,4801,4801,0,0.00052385381732076555,9,4.3868363361685088e-05,3.6430362363025066e-05
TWSE,chronos,pinball_0p025,4801,4801,0,0.00091737626890733197,9,5.3017410926217787e-05,4.1814076137503498e-05
TWSE,chronos,pinball_0p05,4801,4801,0,0.0014265585756669942,9,6.3362604818163089e-05,4.6942397738094493e-05
TWSE,chronos,pinball_avg,4801,4801,0,0.00095592955396503064,9,5.2829620084082333e-05,4.126564952348949e-05
TWSE,chronos,qlike,4801,4721,80,0.54255653113442714,9,0.023306757738696077,0.021401552584569293
TWSE,chronos,fz0_0p01,4801,4801,0,-2.545624308612771,9,0.19904308358990042,0.17292156476991058
TWSE,chronos,fz0_0p025,4801,4801,0,-3.1726127675074012,9,0.10713399520230603,0.090178739058450724
TWSE,chronos,fz0_0p05,4801,4801,0,-3.5280421517114271,9,0.071493198362842125,0.057978489536104676
TWSE,chronos,fz0_avg,4801,4801,0,-3.0820930759438663,9,0.1248876774014497,0.10619643724653643
TWSE,ewma,crps,4801,4801,0,0.0061456764554382653,9,0.0001601631233444039,9.1460763040184336e-05
TWSE,ewma,log_score,4801,4801,0,-3.1202306611602806,9,0.027727449326837839,0.020154546625537315
TWSE,ewma,pinball_0p01,4801,4801,0,0.000459465700156267,9,3.2021486933233003e-05,2.9008823203349682e-05
TWSE,ewma,pinball_0p025,4801,4801,0,0.00086120721962619376,9,4.0721679388568798e-05,3.4389226514703898e-05
TWSE,ewma,pinball_0p05,4801,4801,0,0.0013882373072596553,9,5.1501646228131452e-05,3.9864602792955785e-05
TWSE,ewma,pinball_avg,4801,4801,0,0.00090297007568070531,9,4.0786927282006421e-05,3.3943729410612168e-05
TWSE,ewma,qlike,4801,4721,80,0.5653708412711852,9,0.016846718733393679,0.01466500349055307
TWSE,ewma,fz0_0p01,4801,4801,0,-2.9457519485076893,9,0.12343148570042503,0.1165576283477263
TWSE,ewma,fz0_0p025,4801,4801,0,-3.355690593617203,9,0.069964519475555945,0.063157862582153348
TWSE,ewma,fz0_0p05,4801,4801,0,-3.6213731005980314,9,0.049176421155749515,0.041955194291538177
TWSE,ewma,fz0_avg,4801,4801,0,-3.3076052142409749,9,0.079817128605038368,0.073143566565435317
TWSE,garch11,crps,4801,4801,0,0.0061472194361495399,9,0.00016101074921789129,9.1844300139055831e-05
TWSE,garch11,log_score,4801,4801,0,-3.1209292222259801,9,0.02721384785022999,0.018790360473700776
TWSE,garch11,pinball_0p01,4801,4801,0,0.00046413851971519233,9,3.4179801551871019e-05,3.0104364336220741e-05
TWSE,garch11,pinball_0p025,4801,4801,0,0.00086463526929558821,9,4.3192773733358222e-05,3.5467030153956437e-05
TWSE,garch11,pinball_0p05,4801,4801,0,0.0013974297757478121,9,5.3952138949309965e-05,4.0807857609160483e-05
TWSE,garch11,pinball_avg,4801,4801,0,0.00090873452158619743,9,4.3188382259435979e-05,3.4999937069742204e-05
TWSE,garch11,qlike,4801,4721,80,0.57059757204664363,9,0.01649038706617514,0.014835394729262935
TWSE,garch11,fz0_0p01,4801,4801,0,-2.9634189619586109,9,0.12035344982506641,0.11064673966741342
TWSE,garch11,fz0_0p025,4801,4801,0,-3.3627121386033267,9,0.069390585927090936,0.060524295746424227
TWSE,garch11,fz0_0p05,4801,4801,0,-3.6184109393005239,9,0.049399052743654318,0.040481880117065848
TWSE,garch11,fz0_avg,4801,4801,0,-3.3148473466208204,9,0.078794851962753112,0.069826472318694058
TWSE,garch11_t,crps,4801,4801,0,0.0061313435301473445,9,0.00016274806398471474,9.4680445903046699e-05
TWSE,garch11_t,log_score,4801,4801,0,-3.1579792787307648,9,0.023880325838201315,0.014796583752372548
TWSE,garch11_t,pinball_0p01,4801,4801,0,0.00044208962425911836,9,3.1001246363859533e-05,2.7599254992733578e-05
TWSE,garch11_t,pinball_0p025,4801,4801,0,0.00086045643517393443,9,4.2694349392917716e-05,3.5325348539646422e-05
TWSE,garch11_t,pinball_0p05,4801,4801,0,0.0013973601100254959,9,5.5447207202093604e-05,4.2451253305028575e-05
TWSE,garch11_t,pinball_avg,4801,4801,0,0.00089996872315284946,9,4.2242140880946808e-05,3.4366815355184698e-05
TWSE,garch11_t,qlike,4801,4721,80,0.57154553505946648,9,0.018260094764394726,0.015405805259386373
TWSE,garch11_t,fz0_0p01,4801,4801,0,-3.1102564206969854,9,0.097168499110200604,0.08997095757933242
TWSE,garch11_t,fz0_0p025,4801,4801,0,-3.3926926243531219,9,0.065119958652127663,0.056385778758745682
TWSE,garch11_t,fz0_0p05,4801,4801,0,-3.6231479141985532,9,0.050188811671006334,0.041018303128668818
TWSE,garch11_t,fz0_avg,4801,4801,0,-3.3753656530828864,9,0.069628162999755966,0.061315355384874891
TWSE,gjr,crps,4801,4801,0,0.0061117183105202574,9,0.00015843233175593754,9.1226382266438512e-05
TWSE,gjr,log_score,4801,4801,0,-3.1406828573428367,9,0.025954971236506742,0.017982259559503798
TWSE,gjr,pinball_0p01,4801,4801,0,0.00044425726214012459,9,3.0838105719736607e-05,2.7789697520588287e-05
TWSE,gjr,pinball_0p025,4801,4801,0,0.00083779599855303606,9,4.0073953098097414e-05,3.3415574594032068e-05
TWSE,gjr,pinball_0p05,4801,4801,0,0.0013601481904103568,9,5.0865291168889768e-05,3.9070882905251158e-05
TWSE,gjr,pinball_avg,4801,4801,0,0.00088073381703450578,9,3.9995762471642707e-05,3.2968876718770681e-05
TWSE,gjr,qlike,4801,4721,80,0.54381182245643755,9,0.015597862181335185,0.014459402946216298
TWSE,gjr,fz0_0p01,4801,4801,0,-3.0489905563037674,9,0.10571279364358503,0.099349808112667359
TWSE,gjr,fz0_0p025,4801,4801,0,-3.4157027392889416,9,0.062789901430845244,0.05580414159132422
TWSE,gjr,fz0_0p05,4801,4801,0,-3.6608184589261756,9,0.045711231471215981,0.038102749251914481
TWSE,gjr,fz0_avg,4801,4801,0,-3.3751705848396285,9,0.070405991925688305,0.063662606119010048
TWSE,har,crps,4801,4801,0,0.0061332990529409251,9,0.00016541340131288114,9.5859279893685518e-05
TWSE,har,log_score,4801,4801,0,-3.0974731148257075,9,0.035252592068088867,0.026156077467527475
TWSE,har,pinball_0p01,4801,4801,0,0.00049883641833199665,9,4.0256915514012822e-05,3.4009463948190093e-05
TWSE,har,pinball_0p025,4801,4801,0,0.00089596011153181493,9,4.9872174924551114e-05,3.9629955462532832e-05
TWSE,har,pinball_0p05,4801,4801,0,0.0014142048806761061,9,6.080619365812825e-05,4.503592756432406e-05
TWSE,har,pinball_avg,4801,4801,0,0.00093633380351330594,9,4.9745737261664979e-05,3.9094094100154686e-05
TWSE,har,qlike,4801,4721,80,0.5323774156910378,9,0.020649037217431002,0.01910021266084605
TWSE,har,fz0_0p01,4801,4801,0,-2.748279740178535,9,0.16478066578425321,0.14673957004339294
TWSE,har,fz0_0p025,4801,4801,0,-3.2676350778754868,9,0.091396211034583966,0.07795427883019744
TWSE,har,fz0_0p05,4801,4801,0,-3.5748214809478158,9,0.062650503901093363,0.050964775568790269
TWSE,har,fz0_avg,4801,4801,0,-3.1969120996672786,9,0.10524993034495152,0.091047023860115775
TWSE,lgbm,crps,4801,4801,0,0.0061759692887306599,9,0.00016668638825815361,9.4438216258902949e-05
TWSE,lgbm,log_score,4801,4801,0,-3.067698930790459,9,0.038195884169277515,0.027689294245766626
TWSE,lgbm,pinball_0p01,4801,4801,0,0.00050211331046909737,9,4.4968364138584588e-05,3.4415117480472346e-05
TWSE,lgbm,pinball_0p025,4801,4801,0,0.00089947428908178633,9,5.3680199072525596e-05,3.9393523619191003e-05
TWSE,lgbm,pinball_0p05,4801,4801,0,0.0014240893715460944,9,6.2945556734862856e-05,4.4179616478077271e-05
TWSE,lgbm,pinball_avg,4801,4801,0,0.0009418923236989928,9,5.3333913940494654e-05,3.8899800833247286e-05
TWSE,lgbm,qlike,4801,4721,80,0.59672886782127588,9,0.025052339548747742,0.020582424217496457
TWSE,lgbm,fz0_0p01,4801,4801,0,-2.7028796205775674,9,0.18712077111645536,0.15460487712429632
TWSE,lgbm,fz0_0p025,4801,4801,0,-3.2410277691580798,9,0.10151116825436815,0.080770807514849288
TWSE,lgbm,fz0_0p05,4801,4801,0,-3.551970729306956,9,0.067761649577071953,0.052040377858531425
TWSE,lgbm,fz0_avg,4801,4801,0,-3.1652927063475342,9,0.11793056495505844,0.095045089427076415
TWSE,moirai,crps,4801,4801,0,0.0061387923673849052,9,0.00016586905407729884,9.6964538228047731e-05
TWSE,moirai,log_score,4801,4801,0,-3.0670111920666137,9,0.040089279190582756,0.030935828227919588
TWSE,moirai,pinball_0p01,4801,4801,0,0.00051854124825909955,9,4.3031082322018758e-05,3.6108293860472415e-05
TWSE,moirai,pinball_0p025,4801,4801,0,0.00091146770581893033,9,5.1903843770223417e-05,4.1548383477331428e-05
TWSE,moirai,pinball_0p05,4801,4801,0,0.0014186082218453611,9,6.2355800068830883e-05,4.6733587987462066e-05
TWSE,moirai,pinball_avg,4801,4801,0,0.00094953905864113037,9,5.1832704488787281e-05,4.1006083010720178e-05
TWSE,moirai,qlike,4801,4721,80,0.52861307393490897,9,0.022300033592635837,0.02052615528689259
TWSE,moirai,fz0_0p01,4801,4801,0,-2.5889664070947278,9,0.19070829375624496,0.16897931623826368
TWSE,moirai,fz0_0p025,4801,4801,0,-3.1928166835836285,9,0.10331006433704441,0.088449838035495304
TWSE,moirai,fz0_0p05,4801,4801,0,-3.5419720295905668,9,0.069393112740772631,0.057079629543918438
TWSE,moirai,fz0_avg,4801,4801,0,-3.1079183734229745,9,0.12011663904974942,0.10397447909042758
TWSE,naive,crps,4801,4801,0,0.0062591024805820619,9,0.00016678761420281665,9.6082782941407215e-05
TWSE,naive,log_score,4801,4801,0,-3.0286705124934201,9,0.038663381652307378,0.024577748294234696
TWSE,naive,pinball_0p01,4801,4801,0,0.00053596747745972241,9,4.7898971783849227e-05,3.6563023066886646e-05
TWSE,naive,pinball_0p025,4801,4801,0,0.0009559805138220455,9,5.7071480315925559e-05,4.190358893068852e-05
TWSE,naive,pinball_0p05,4801,4801,0,0.0014944011274340191,9,6.6302597534041144e-05,4.6780779554060921e-05
TWSE,naive,pinball_avg,4801,4801,0,0.00099544970623859585,9,5.6612522331452572e-05,4.1349833673418154e-05
TWSE,naive,qlike,4801,4721,80,0.76210119301567103,9,0.031096326074939451,0.023063609679386293
TWSE,naive,fz0_0p01,4801,4801,0,-2.6715201322912598,9,0.18244600526657928,0.14325165265720588
TWSE,naive,fz0_0p025,4801,4801,0,-3.1857564452302527,9,0.099324774995695086,0.075194257525435113
TWSE,naive,fz0_0p05,4801,4801,0,-3.4977172637213543,9,0.066059874436722718,0.048438540982721934
TWSE,naive,fz0_avg,4801,4801,0,-3.1183312804142891,9,0.11523011083979684,0.088327140271618129
TWSE,patchtst,crps,4801,4801,0,0.006227626595989617,9,0.00017124264384881104,9.81617843537415e-05
TWSE,patchtst,log_score,4801,4801,0,-2.9145929881939403,9,0.068482222877460724,0.046185625041456305
TWSE,patchtst,pinball_0p01,4801,4801,0,0.00059731469247149252,9,5.8010782243609814e-05,4.101480119909099e-05
TWSE,patchtst,pinball_0p025,4801,4801,0,0.00099437294446371263,9,6.5639604524852241e-05,4.575353114880832e-05
TWSE,patchtst,pinball_0p05,4801,4801,0,0.0015014337977603701,9,7.3520233275915499e-05,5.0038873779850365e-05
TWSE,patchtst,pinball_avg,4801,4801,0,0.0010310404782318584,9,6.5211955768136587e-05,4.5215134316636453e-05
TWSE,patchtst,qlike,4801,4721,80,0.75763212895653842,9,0.066050577794354789,0.048048105924723271
TWSE,patchtst,fz0_0p01,4801,4801,0,-1.8926438060724946,9,0.35519736575372202,0.24062832606487647
TWSE,patchtst,fz0_0p025,4801,4801,0,-2.8406945859147568,9,0.1797873016372579,0.12098635974895056
TWSE,patchtst,fz0_0p05,4801,4801,0,-3.3286456684994299,9,0.11165356426817426,0.075032265025391467
TWSE,patchtst,fz0_avg,4801,4801,0,-2.6873280201622269,9,0.21487787589337015,0.14486819432603928
TWSE,timesfm,crps,4801,4801,0,0.0061498374214666255,9,0.00016599923574691405,9.6798144402411107e-05
TWSE,timesfm,log_score,4801,4801,0,-3.0673116183838642,9,0.040049030699019397,0.030879634283336267
TWSE,timesfm,pinball_0p01,4801,4801,0,0.00051821356080911324,9,4.225045803912867e-05,3.5983403582907183e-05
TWSE,timesfm,pinball_0p025,4801,4801,0,0.00091403913918449852,9,5.1577211012381543e-05,4.1459660422265524e-05
TWSE,timesfm,pinball_0p05,4801,4801,0,0.0014241618813741811,9,6.2239870789343706e-05,4.66107341351018e-05
TWSE,timesfm,pinball_avg,4801,4801,0,0.00095213819378926431,9,5.148160148438122e-05,4.0898797002458985e-05
TWSE,timesfm,qlike,4801,4721,80,0.54708305489121944,9,0.021849517986063056,0.0200056959275711
TWSE,timesfm,fz0_0p01,4801,4801,0,-2.6062997960405583,9,0.18890856503313574,0.16906708631113199
TWSE,timesfm,fz0_0p025,4801,4801,0,-3.1973172917941164,9,0.10239252663228914,0.088096547299299874
TWSE,timesfm,fz0_0p05,4801,4801,0,-3.5407390381117687,9,0.068841093494552516,0.056624133352075959
TWSE,timesfm,fz0_avg,4801,4801,0,-3.1147853753154808,9,0.11908170624699396,0.10375972294232613
