asset,loss,regime,variant,statistic,model,mean_loss,mcs_p_value,eliminated_at_step,n,n_dropped,block_length,n_boot,seed,config_hash,in_mcs_0.1,in_mcs_0.25
BTC-USD,crps,full,headline,range,autoarima,0.01634454427922747,0,2,2791,0,111,10000,698952141,1be3d954f00a75243b9b6a5674e51f1f912be081b06936e7a7e59192c30e6a45,False,False
BTC-USD,crps,full,headline,range,autoets,0.016471031686980653,0,3,2791,0,111,10000,698952141,1be3d954f00a75243b9b6a5674e51f1f912be081b06936e7a7e59192c30e6a45,False,False
BTC-USD,crps,full,headline,range,chronos,0.016124428223092409,0.00040000000000000002,9,2791,0,111,10000,698952141,1be3d954f00a75243b9b6a5674e51f1f912be081b06936e7a7e59192c30e6a45,False,False
BTC-USD,crps,full,headline,range,ewma,0.016328640851015541,0,7,2791,0,111,10000,698952141,1be3d954f00a75243b9b6a5674e51f1f912be081b06936e7a7e59192c30e6a45,False,False
BTC-USD,crps,full,headline,range,garch11,0.016467032839181463,0,6,2791,0,111,10000,698952141,1be3d954f00a75243b9b6a5674e51f1f912be081b06936e7a7e59192c30e6a45,False,False
BTC-USD,crps,full,headline,range,garch11_t,0.016220650476718241,0.00059999999999999995,11,2791,0,111,10000,698952141,1be3d954f00a75243b9b6a5674e51f1f912be081b06936e7a7e59192c30e6a45,False,False
BTC-USD,crps,full,headline,range,gjr,0.016472390415348908,0,4,2791,0,111,10000,698952141,1be3d954f00a75243b9b6a5674e51f1f912be081b06936e7a7e59192c30e6a45,False,False
BTC-USD,crps,full,headline,range,har,0.01633584442156176,0,1,2791,0,111,10000,698952141,1be3d954f00a75243b9b6a5674e51f1f912be081b06936e7a7e59192c30e6a45,False,False
BTC-USD,crps,full,headline,range,lgbm,0.01642982481489717,0.00059999999999999995,10,2791,0,111,10000,698952141,1be3d954f00a75243b9b6a5674e51f1f912be081b06936e7a7e59192c30e6a45,False,False
BTC-USD,crps,full,headline,range,moirai,0.01605718650796303,1,13,2791,0,111,10000,698952141,1be3d954f00a75243b9b6a5674e51f1f912be081b06936e7a7e59192c30e6a45,True,True
BTC-USD,crps,full,headline,range,naive,0.016678466759962197,0,8,2791,0,111,10000,698952141,1be3d954f00a75243b9b6a5674e51f1f912be081b06936e7a7e59192c30e6a45,False,False
BTC-USD,crps,full,headline,range,patchtst,0.01647251015019538,0,5,2791,0,111,10000,698952141,1be3d954f00a75243b9b6a5674e51f1f912be081b06936e7a7e59192c30e6a45,False,False
BTC-USD,crps,full,headline,range,timesfm,0.01607783458933142,0.13400000000000001,12,2791,0,111,10000,698952141,1be3d954f00a75243b9b6a5674e51f1f912be081b06936e7a7e59192c30e6a45,True,False
BTC-USD,crps,full,headline,semi_quadratic,autoarima,0.01634454427922747,0,3,2791,0,111,10000,1070855911,45d68d10c1a8effea531cf3d2212d839cc1f9018f273d510085ce42ac8b29f03,False,False
BTC-USD,crps,full,headline,semi_quadratic,autoets,0.016471031686980653,0,2,2791,0,111,10000,1070855911,45d68d10c1a8effea531cf3d2212d839cc1f9018f273d510085ce42ac8b29f03,False,False
BTC-USD,crps,full,headline,semi_quadratic,chronos,0.016124428223092409,0,9,2791,0,111,10000,1070855911,45d68d10c1a8effea531cf3d2212d839cc1f9018f273d510085ce42ac8b29f03,False,False
BTC-USD,crps,full,headline,semi_quadratic,ewma,0.016328640851015541,0,7,2791,0,111,10000,1070855911,45d68d10c1a8effea531cf3d2212d839cc1f9018f273d510085ce42ac8b29f03,False,False
BTC-USD,crps,full,headline,semi_quadratic,garch11,0.016467032839181463,0,6,2791,0,111,10000,1070855911,45d68d10c1a8effea531cf3d2212d839cc1f9018f273d510085ce42ac8b29f03,False,False
BTC-USD,crps,full,headline,semi_quadratic,garch11_t,0.016220650476718241,0.00050000000000000001,11,2791,0,111,10000,1070855911,45d68d10c1a8effea531cf3d2212d839cc1f9018f273d510085ce42ac8b29f03,False,False
BTC-USD,crps,full,headline,semi_quadratic,gjr,0.016472390415348908,0,4,2791,0,111,10000,1070855911,45d68d10c1a8effea531cf3d2212d839cc1f9018f273d510085ce42ac8b29f03,False,False
BTC-USD,crps,full,headline,semi_quadratic,har,0.01633584442156176,0,1,2791,0,111,10000,1070855911,45d68d10c1a8effea531cf3d2212d839cc1f9018f273d510085ce42ac8b29f03,False,False
BTC-USD,crps,full,headline,semi_quadratic,lgbm,0.01642982481489717,0.00020000000000000001,10,2791,0,111,10000,1070855911,45d68d10c1a8effea531cf3d2212d839cc1f9018f273d510085ce42ac8b29f03,False,False
BTC-USD,crps,full,headline,semi_quadratic,moirai,0.01605718650796303,1,13,2791,0,111,10000,1070855911,45d68d10c1a8effea531cf3d2212d839cc1f9018f273d510085ce42ac8b29f03,True,True
BTC-USD,crps,full,headline,semi_quadratic,naive,0.016678466759962197,0,8,2791,0,111,10000,1070855911,45d68d10c1a8effea531cf3d2212d839cc1f9018f273d510085ce42ac8b29f03,False,False
BTC-USD,crps,full,headline,semi_quadratic,patchtst,0.01647251015019538,0,5,2791,0,111,10000,1070855911,45d68d10c1a8effea531cf3d2212d839cc1f9018f273d510085ce42ac8b29f03,False,False
BTC-USD,crps,full,headline,semi_quadratic,timesfm,0.01607783458933142,0.1351,12,2791,0,111,10000,1070855911,45d68d10c1a8effea531cf3d2212d839cc1f9018f273d510085ce42ac8b29f03,True,False
BTC-USD,crps,full,drop_garch11_t,range,autoarima,0.01634454427922747,0,2,2791,0,111,10000,1577589867,595446518a63a6af123900892f9bdf469e7f302d4d0c93c6415594bf9ff496ba,False,False
BTC-USD,crps,full,drop_garch11_t,range,autoets,0.016471031686980653,0,3,2791,0,111,10000,1577589867,595446518a63a6af123900892f9bdf469e7f302d4d0c93c6415594bf9ff496ba,False,False
BTC-USD,crps,full,drop_garch11_t,range,chronos,0.016124428223092409,0.00029999999999999997,9,2791,0,111,10000,1577589867,595446518a63a6af123900892f9bdf469e7f302d4d0c93c6415594bf9ff496ba,False,False
BTC-USD,crps,full,drop_garch11_t,range,ewma,0.016328640851015541,0,7,2791,0,111,10000,1577589867,595446518a63a6af123900892f9bdf469e7f302d4d0c93c6415594bf9ff496ba,False,False
BTC-USD,crps,full,drop_garch11_t,range,garch11,0.016467032839181463,0,6,2791,0,111,10000,1577589867,595446518a63a6af123900892f9bdf469e7f302d4d0c93c6415594bf9ff496ba,False,False
BTC-USD,crps,full,drop_garch11_t,range,gjr,0.016472390415348908,0,4,2791,0,111,10000,1577589867,595446518a63a6af123900892f9bdf469e7f302d4d0c93c6415594bf9ff496ba,False,False
BTC-USD,crps,full,drop_garch11_t,range,har,0.01633584442156176,0,1,2791,0,111,10000,1577589867,595446518a63a6af123900892f9bdf469e7f302d4d0c93c6415594bf9ff496ba,False,False
BTC-USD,crps,full,drop_garch11_t,range,lgbm,0.01642982481489717,0.00029999999999999997,10,2791,0,111,10000,1577589867,595446518a63a6af123900892f9bdf469e7f302d4d0c93c6415594bf9ff496ba,False,False
BTC-USD,crps,full,drop_garch11_t,range,moirai,0.01605718650796303,1,12,2791,0,111,10000,1577589867,595446518a63a6af123900892f9bdf469e7f302d4d0c93c6415594bf9ff496ba,True,True
BTC-USD,crps,full,drop_garch11_t,range,naive,0.016678466759962197,0,8,2791,0,111,10000,1577589867,595446518a63a6af123900892f9bdf469e7f302d4d0c93c6415594bf9ff496ba,False,False
BTC-USD,crps,full,drop_garch11_t,range,patchtst,0.01647251015019538,0,5,2791,0,111,10000,1577589867,595446518a63a6af123900892f9bdf469e7f302d4d0c93c6415594bf9ff496ba,False,False
BTC-USD,crps,full,drop_garch11_t,range,timesfm,0.01607783458933142,0.14019999999999999,11,2791,0,111,10000,1577589867,595446518a63a6af123900892f9bdf469e7f302d4d0c93c6415594bf9ff496ba,True,False
BTC-USD,crps,full,drop_garch11_t,semi_quadratic,autoarima,0.01634454427922747,0,3,2791,0,111,10000,1368463302,3a783dc7fdd98c4b3a06d428a36ace4505a0d68c252684a33ef2e9dae96abe71,False,False
BTC-USD,crps,full,drop_garch11_t,semi_quadratic,autoets,0.016471031686980653,0,2,2791,0,111,10000,1368463302,3a783dc7fdd98c4b3a06d428a36ace4505a0d68c252684a33ef2e9dae96abe71,False,False
BTC-USD,crps,full,drop_garch11_t,semi_quadratic,chronos,0.016124428223092409,0,9,2791,0,111,10000,1368463302,3a783dc7fdd98c4b3a06d428a36ace4505a0d68c252684a33ef2e9dae96abe71,False,False
BTC-USD,crps,full,drop_garch11_t,semi_quadratic,ewma,0.016328640851015541,0,7,2791,0,111,10000,1368463302,3a783dc7fdd98c4b3a06d428a36ace4505a0d68c252684a33ef2e9dae96abe71,False,False
BTC-USD,crps,full,drop_garch11_t,semi_quadratic,garch11,0.016467032839181463,0,6,2791,0,111,10000,1368463302,3a783dc7fdd98c4b3a06d428a36ace4505a0d68c252684a33ef2e9dae96abe71,False,False
BTC-USD,crps,full,drop_garch11_t,semi_quadratic,gjr,0.016472390415348908,0,4,2791,0,111,10000,1368463302,3a783dc7fdd98c4b3a06d428a36ace4505a0d68c252684a33ef2e9dae96abe71,False,False
BTC-USD,crps,full,drop_garch11_t,semi_quadratic,har,0.01633584442156176,0,1,2791,0,111,10000,1368463302,3a783dc7fdd98c4b3a06d428a36ace4505a0d68c252684a33ef2e9dae96abe71,False,False
BTC-USD,crps,full,drop_garch11_t,semi_quadratic,lgbm,0.01642982481489717,0.0011000000000000001,10,2791,0,111,10000,1368463302,3a783dc7fdd98c4b3a06d428a36ace4505a0d68c252684a33ef2e9dae96abe71,False,False
BTC-USD,crps,full,drop_garch11_t,semi_quadratic,moirai,0.01605718650796303,1,12,2791,0,111,10000,1368463302,3a783dc7fdd98c4b3a06d428a36ace4505a0d68c252684a33ef2e9dae96abe71,True,True
BTC-USD,crps,full,drop_garch11_t,semi_quadratic,naive,0.016678466759962197,0,8,2791,0,111,10000,1368463302,3a783dc7fdd98c4b3a06d428a36ace4505a0d68c252684a33ef2e9dae96abe71,False,False
BTC-USD,crps,full,drop_garch11_t,semi_quadratic,patchtst,0.01647251015019538,0,5,2791,0,111,10000,1368463302,3a783dc7fdd98c4b3a06d428a36ace4505a0d68c252684a33ef2e9dae96abe71,False,False
BTC-USD,crps,full,drop_garch11_t,semi_quadratic,timesfm,0.01607783458933142,0.13930000000000001,11,2791,0,111,10000,1368463302,3a783dc7fdd98c4b3a06d428a36ace4505a0d68c252684a33ef2e9dae96abe71,True,False
BTC-USD,log_score,full,headline,range,autoarima,-2.0703286883318008,0.016199999999999999,9,2791,0,25,10000,1176849972,666c380cf616736fa4f849bde0e8cbb3e6f7f37ac2129fc607c3180801307938,False,False
BTC-USD,log_score,full,headline,range,autoets,-2.0530196236949587,0.002,3,2791,0,25,10000,1176849972,666c380cf616736fa4f849bde0e8cbb3e6f7f37ac2129fc607c3180801307938,False,False
BTC-USD,log_score,full,headline,range,chronos,-2.0805739032196855,0.016199999999999999,8,2791,0,25,10000,1176849972,666c380cf616736fa4f849bde0e8cbb3e6f7f37ac2129fc607c3180801307938,False,False
BTC-USD,log_score,full,headline,range,ewma,-2.0297837088397479,0,1,2791,0,25,10000,1176849972,666c380cf616736fa4f849bde0e8cbb3e6f7f37ac2129fc607c3180801307938,False,False
BTC-USD,log_score,full,headline,range,garch11,-2.0610111112945888,0.011599999999999999,5,2791,0,25,10000,1176849972,666c380cf616736fa4f849bde0e8cbb3e6f7f37ac2129fc607c3180801307938,False,False
BTC-USD,log_score,full,headline,range,garch11_t,-2.1509122373193597,1,13,2791,0,25,10000,1176849972,666c380cf616736fa4f849bde0e8cbb3e6f7f37ac2129fc607c3180801307938,True,True
BTC-USD,log_score,full,headline,range,gjr,-2.0569445157469266,0.011599999999999999,6,2791,0,25,10000,1176849972,666c380cf616736fa4f849bde0e8cbb3e6f7f37ac2129fc607c3180801307938,False,False
BTC-USD,log_score,full,headline,range,har,-2.0743268128119103,0.022100000000000002,10,2791,0,25,10000,1176849972,666c380cf616736fa4f849bde0e8cbb3e6f7f37ac2129fc607c3180801307938,False,False
BTC-USD,log_score,full,headline,range,lgbm,-2.0548351403014857,0.016199999999999999,7,2791,0,25,10000,1176849972,666c380cf616736fa4f849bde0e8cbb3e6f7f37ac2129fc607c3180801307938,False,False
BTC-USD,log_score,full,headline,range,moirai,-2.0993970434830049,0.27639999999999998,11,2791,0,25,10000,1176849972,666c380cf616736fa4f849bde0e8cbb3e6f7f37ac2129fc607c3180801307938,True,True
BTC-USD,log_score,full,headline,range,naive,-2.0363497291092254,0.011599999999999999,4,2791,0,25,10000,1176849972,666c380cf616736fa4f849bde0e8cbb3e6f7f37ac2129fc607c3180801307938,False,False
BTC-USD,log_score,full,headline,range,patchtst,-1.9542227017064087,0.002,2,2791,0,25,10000,1176849972,666c380cf616736fa4f849bde0e8cbb3e6f7f37ac2129fc607c3180801307938,False,False
BTC-USD,log_score,full,headline,range,timesfm,-2.1049980563922306,0.27639999999999998,12,2791,0,25,10000,1176849972,666c380cf616736fa4f849bde0e8cbb3e6f7f37ac2129fc607c3180801307938,True,True
BTC-USD,log_score,full,headline,semi_quadratic,autoarima,-2.0703286883318008,0.0252,9,2791,0,25,10000,1979417504,2639842c434763fba0d338132c5e362eb7d316cb03ff2d84e294c937f60193db,False,False
BTC-USD,log_score,full,headline,semi_quadratic,autoets,-2.0530196236949587,0.0051999999999999998,2,2791,0,25,10000,1979417504,2639842c434763fba0d338132c5e362eb7d316cb03ff2d84e294c937f60193db,False,False
BTC-USD,log_score,full,headline,semi_quadratic,chronos,-2.0805739032196855,0.017500000000000002,7,2791,0,25,10000,1979417504,2639842c434763fba0d338132c5e362eb7d316cb03ff2d84e294c937f60193db,False,False
BTC-USD,log_score,full,headline,semi_quadratic,ewma,-2.0297837088397479,0.0038999999999999998,1,2791,0,25,10000,1979417504,2639842c434763fba0d338132c5e362eb7d316cb03ff2d84e294c937f60193db,False,False
BTC-USD,log_score,full,headline,semi_quadratic,garch11,-2.0610111112945888,0.010200000000000001,5,2791,0,25,10000,1979417504,2639842c434763fba0d338132c5e362eb7d316cb03ff2d84e294c937f60193db,False,False
BTC-USD,log_score,full,headline,semi_quadratic,garch11_t,-2.1509122373193597,1,13,2791,0,25,10000,1979417504,2639842c434763fba0d338132c5e362eb7d316cb03ff2d84e294c937f60193db,True,True
BTC-USD,log_score,full,headline,semi_quadratic,gjr,-2.0569445157469266,0.0101,4,2791,0,25,10000,1979417504,2639842c434763fba0d338132c5e362eb7d316cb03ff2d84e294c937f60193db,False,False
BTC-USD,log_score,full,headline,semi_quadratic,har,-2.0743268128119103,0.0349,10,2791,0,25,10000,1979417504,2639842c434763fba0d338132c5e362eb7d316cb03ff2d84e294c937f60193db,False,False
BTC-USD,log_score,full,headline,semi_quadratic,lgbm,-2.0548351403014857,0.017500000000000002,8,2791,0,25,10000,1979417504,2639842c434763fba0d338132c5e362eb7d316cb03ff2d84e294c937f60193db,False,False
BTC-USD,log_score,full,headline,semi_quadratic,moirai,-2.0993970434830049,0.251,11,2791,0,25,10000,1979417504,2639842c434763fba0d338132c5e362eb7d316cb03ff2d84e294c937f60193db,True,True
BTC-USD,log_score,full,headline,semi_quadratic,naive,-2.0363497291092254,0.010999999999999999,6,2791,0,25,10000,1979417504,2639842c434763fba0d338132c5e362eb7d316cb03ff2d84e294c937f60193db,False,False
BTC-USD,log_score,full,headline,semi_quadratic,patchtst,-1.9542227017064087,0.0051999999999999998,3,2791,0,25,10000,1979417504,2639842c434763fba0d338132c5e362eb7d316cb03ff2d84e294c937f60193db,False,False
BTC-USD,log_score,full,headline,semi_quadratic,timesfm,-2.1049980563922306,0.251,12,2791,0,25,10000,1979417504,2639842c434763fba0d338132c5e362eb7d316cb03ff2d84e294c937f60193db,True,True
BTC-USD,log_score,full,drop_garch11_t,range,autoarima,-2.0703286883318008,0.092799999999999994,10,2791,0,25,10000,1070703962,7603fd10a793980b9aa92e10231bf66175fa7deb0223f958855603a9247562f3,False,False
BTC-USD,log_score,full,drop_garch11_t,range,autoets,-2.0530196236949587,0.087400000000000005,8,2791,0,25,10000,1070703962,7603fd10a793980b9aa92e10231bf66175fa7deb0223f958855603a9247562f3,False,False
BTC-USD,log_score,full,drop_garch11_t,range,chronos,-2.0805739032196855,0.0172,6,2791,0,25,10000,1070703962,7603fd10a793980b9aa92e10231bf66175fa7deb0223f958855603a9247562f3,False,False
BTC-USD,log_score,full,drop_garch11_t,range,ewma,-2.0297837088397479,0,1,2791,0,25,10000,1070703962,7603fd10a793980b9aa92e10231bf66175fa7deb0223f958855603a9247562f3,False,False
BTC-USD,log_score,full,drop_garch11_t,range,garch11,-2.0610111112945888,0.0111,4,2791,0,25,10000,1070703962,7603fd10a793980b9aa92e10231bf66175fa7deb0223f958855603a9247562f3,False,False
BTC-USD,log_score,full,drop_garch11_t,range,gjr,-2.0569445157469266,0.0111,3,2791,0,25,10000,1070703962,7603fd10a793980b9aa92e10231bf66175fa7deb0223f958855603a9247562f3,False,False
BTC-USD,log_score,full,drop_garch11_t,range,har,-2.0743268128119103,0.092799999999999994,9,2791,0,25,10000,1070703962,7603fd10a793980b9aa92e10231bf66175fa7deb0223f958855603a9247562f3,False,False
BTC-USD,log_score,full,drop_garch11_t,range,lgbm,-2.0548351403014857,0.025899999999999999,7,2791,0,25,10000,1070703962,7603fd10a793980b9aa92e10231bf66175fa7deb0223f958855603a9247562f3,False,False
BTC-USD,log_score,full,drop_garch11_t,range,moirai,-2.0993970434830049,0.65239999999999998,11,2791,0,25,10000,1070703962,7603fd10a793980b9aa92e10231bf66175fa7deb0223f958855603a9247562f3,True,True
BTC-USD,log_score,full,drop_garch11_t,range,naive,-2.0363497291092254,0.0111,5,2791,0,25,10000,1070703962,7603fd10a793980b9aa92e10231bf66175fa7deb0223f958855603a9247562f3,False,False
BTC-USD,log_score,full,drop_garch11_t,range,patchtst,-1.9542227017064087,0.0028,2,2791,0,25,10000,1070703962,7603fd10a793980b9aa92e10231bf66175fa7deb0223f958855603a9247562f3,False,False
BTC-USD,log_score,full,drop_garch11_t,range,timesfm,-2.1049980563922306,1,12,2791,0,25,10000,1070703962,7603fd10a793980b9aa92e10231bf66175fa7deb0223f958855603a9247562f3,True,True
BTC-USD,log_score,full,drop_garch11_t,semi_quadratic,autoarima,-2.0703286883318008,0.081600000000000006,10,2791,0,25,10000,295771181,e2f754d42f32b31e2385a33647bcbbddc9468ddbec7c1cecd8fcf51d31ebf5e7,False,False
BTC-USD,log_score,full,drop_garch11_t,semi_quadratic,autoets,-2.0530196236949587,0.040899999999999999,8,2791,0,25,10000,295771181,e2f754d42f32b31e2385a33647bcbbddc9468ddbec7c1cecd8fcf51d31ebf5e7,False,False
BTC-USD,log_score,full,drop_garch11_t,semi_quadratic,chronos,-2.0805739032196855,0.030800000000000001,6,2791,0,25,10000,295771181,e2f754d42f32b31e2385a33647bcbbddc9468ddbec7c1cecd8fcf51d31ebf5e7,False,False
BTC-USD,log_score,full,drop_garch11_t,semi_quadratic,ewma,-2.0297837088397479,0.0032000000000000002,1,2791,0,25,10000,295771181,e2f754d42f32b31e2385a33647bcbbddc9468ddbec7c1cecd8fcf51d31ebf5e7,False,False
BTC-USD,log_score,full,drop_garch11_t,semi_quadratic,garch11,-2.0610111112945888,0.030800000000000001,4,2791,0,25,10000,295771181,e2f754d42f32b31e2385a33647bcbbddc9468ddbec7c1cecd8fcf51d31ebf5e7,False,False
BTC-USD,log_score,full,drop_garch11_t,semi_quadratic,gjr,-2.0569445157469266,0.030800000000000001,5,2791,0,25,10000,295771181,e2f754d42f32b31e2385a33647bcbbddc9468ddbec7c1cecd8fcf51d31ebf5e7,False,False
BTC-USD,log_score,full,drop_garch11_t,semi_quadratic,har,-2.0743268128119103,0.066100000000000006,9,2791,0,25,10000,295771181,e2f754d42f32b31e2385a33647bcbbddc9468ddbec7c1cecd8fcf51d31ebf5e7,False,False
BTC-USD,log_score,full,drop_garch11_t,semi_quadratic,lgbm,-2.0548351403014857,0.030800000000000001,7,2791,0,25,10000,295771181,e2f754d42f32b31e2385a33647bcbbddc9468ddbec7c1cecd8fcf51d31ebf5e7,False,False
BTC-USD,log_score,full,drop_garch11_t,semi_quadratic,moirai,-2.0993970434830049,0.64170000000000005,11,2791,0,25,10000,295771181,e2f754d42f32b31e2385a33647bcbbddc9468ddbec7c1cecd8fcf51d31ebf5e7,True,True
BTC-USD,log_score,full,drop_garch11_t,semi_quadratic,naive,-2.0363497291092254,0.023599999999999999,3,2791,0,25,10000,295771181,e2f754d42f32b31e2385a33647bcbbddc9468ddbec7c1cecd8fcf51d31ebf5e7,False,False
BTC-USD,log_score,full,drop_garch11_t,semi_quadratic,patchtst,-1.9542227017064087,0.0073000000000000001,2,2791,0,25,10000,295771181,e2f754d42f32b31e2385a33647bcbbddc9468ddbec7c1cecd8fcf51d31ebf5e7,False,False
BTC-USD,log_score,full,drop_garch11_t,semi_quadratic,timesfm,-2.1049980563922306,1,12,2791,0,25,10000,295771181,e2f754d42f32b31e2385a33647bcbbddc9468ddbec7c1cecd8fcf51d31ebf5e7,True,True
BTC-USD,pinball_0p01,full,headline,range,autoarima,0.0012769397597864774,0.082299999999999998,5,2791,0,23,10000,1987808525,6bf20d69e854113bbae7d5ad9f4ad6caf35b3754d6a75162d9b46bf7241faf00,False,False
BTC-USD,pinball_0p01,full,headline,range,autoets,0.0013050121654908386,0.030800000000000001,4,2791,0,23,10000,1987808525,6bf20d69e854113bbae7d5ad9f4ad6caf35b3754d6a75162d9b46bf7241faf00,False,False
BTC-USD,pinball_0p01,full,headline,range,chronos,0.0012436141302323779,0.2009,8,2791,0,23,10000,1987808525,6bf20d69e854113bbae7d5ad9f4ad6caf35b3754d6a75162d9b46bf7241faf00,True,False
BTC-USD,pinball_0p01,full,headline,range,ewma,0.0013586860144613629,0.028199999999999999,1,2791,0,23,10000,1987808525,6bf20d69e854113bbae7d5ad9f4ad6caf35b3754d6a75162d9b46bf7241faf00,False,False
BTC-USD,pinball_0p01,full,headline,range,garch11,0.001303615942057234,0.2009,9,2791,0,23,10000,1987808525,6bf20d69e854113bbae7d5ad9f4ad6caf35b3754d6a75162d9b46bf7241faf00,True,False
BTC-USD,pinball_0p01,full,headline,range,garch11_t,0.0013095190435832012,0.15359999999999999,7,2791,0,23,10000,1987808525,6bf20d69e854113bbae7d5ad9f4ad6caf35b3754d6a75162d9b46bf7241faf00,True,False
BTC-USD,pinball_0p01,full,headline,range,gjr,0.0012658915586489401,0.47860000000000003,12,2791,0,23,10000,1987808525,6bf20d69e854113bbae7d5ad9f4ad6caf35b3754d6a75162d9b46bf7241faf00,True,True
BTC-USD,pinball_0p01,full,headline,range,har,0.0012594813280687378,0.15359999999999999,6,2791,0,23,10000,1987808525,6bf20d69e854113bbae7d5ad9f4ad6caf35b3754d6a75162d9b46bf7241faf00,True,False
BTC-USD,pinball_0p01,full,headline,range,lgbm,0.0012974312266756404,0.030800000000000001,3,2791,0,23,10000,1987808525,6bf20d69e854113bbae7d5ad9f4ad6caf35b3754d6a75162d9b46bf7241faf00,False,False
BTC-USD,pinball_0p01,full,headline,range,moirai,0.0012182118551885542,1,13,2791,0,23,10000,1987808525,6bf20d69e854113bbae7d5ad9f4ad6caf35b3754d6a75162d9b46bf7241faf00,True,True
BTC-USD,pinball_0p01,full,headline,range,naive,0.0012850228036199024,0.47860000000000003,11,2791,0,23,10000,1987808525,6bf20d69e854113bbae7d5ad9f4ad6caf35b3754d6a75162d9b46bf7241faf00,True,True
BTC-USD,pinball_0p01,full,headline,range,patchtst,0.0013930376089545012,0.0292,2,2791,0,23,10000,1987808525,6bf20d69e854113bbae7d5ad9f4ad6caf35b3754d6a75162d9b46bf7241faf00,False,False
BTC-USD,pinball_0p01,full,headline,range,timesfm,0.0012314585205203984,0.37790000000000001,10,2791,0,23,10000,1987808525,6bf20d69e854113bbae7d5ad9f4ad6caf35b3754d6a75162d9b46bf7241faf00,True,True
BTC-USD,pinball_0p01,full,headline,semi_quadratic,autoarima,0.0012769397597864774,0.095899999999999999,5,2791,0,23,10000,645492202,e1772c5bdc98dcb82f2d72c3b07bdb7f057a8dfec3701d813224b99b4d553ce1,False,False
BTC-USD,pinball_0p01,full,headline,semi_quadratic,autoets,0.0013050121654908386,0.060699999999999997,4,2791,0,23,10000,645492202,e1772c5bdc98dcb82f2d72c3b07bdb7f057a8dfec3701d813224b99b4d553ce1,False,False
BTC-USD,pinball_0p01,full,headline,semi_quadratic,chronos,0.0012436141302323779,0.14449999999999999,8,2791,0,23,10000,645492202,e1772c5bdc98dcb82f2d72c3b07bdb7f057a8dfec3701d813224b99b4d553ce1,True,False
BTC-USD,pinball_0p01,full,headline,semi_quadratic,ewma,0.0013586860144613629,0.012800000000000001,1,2791,0,23,10000,645492202,e1772c5bdc98dcb82f2d72c3b07bdb7f057a8dfec3701d813224b99b4d553ce1,False,False
BTC-USD,pinball_0p01,full,headline,semi_quadratic,garch11,0.001303615942057234,0.14449999999999999,9,2791,0,23,10000,645492202,e1772c5bdc98dcb82f2d72c3b07bdb7f057a8dfec3701d813224b99b4d553ce1,True,False
BTC-USD,pinball_0p01,full,headline,semi_quadratic,garch11_t,0.0013095190435832012,0.1069,7,2791,0,23,10000,645492202,e1772c5bdc98dcb82f2d72c3b07bdb7f057a8dfec3701d813224b99b4d553ce1,True,False
BTC-USD,pinball_0p01,full,headline,semi_quadratic,gjr,0.0012658915586489401,0.3846,11,2791,0,23,10000,645492202,e1772c5bdc98dcb82f2d72c3b07bdb7f057a8dfec3701d813224b99b4d553ce1,True,True
BTC-USD,pinball_0p01,full,headline,semi_quadratic,har,0.0012594813280687378,0.1069,6,2791,0,23,10000,645492202,e1772c5bdc98dcb82f2d72c3b07bdb7f057a8dfec3701d813224b99b4d553ce1,True,False
BTC-USD,pinball_0p01,full,headline,semi_quadratic,lgbm,0.0012974312266756404,0.048399999999999999,3,2791,0,23,10000,645492202,e1772c5bdc98dcb82f2d72c3b07bdb7f057a8dfec3701d813224b99b4d553ce1,False,False
BTC-USD,pinball_0p01,full,headline,semi_quadratic,moirai,0.0012182118551885542,1,13,2791,0,23,10000,645492202,e1772c5bdc98dcb82f2d72c3b07bdb7f057a8dfec3701d813224b99b4d553ce1,True,True
BTC-USD,pinball_0p01,full,headline,semi_quadratic,naive,0.0012850228036199024,0.3846,12,2791,0,23,10000,645492202,e1772c5bdc98dcb82f2d72c3b07bdb7f057a8dfec3701d813224b99b4d553ce1,True,True
BTC-USD,pinball_0p01,full,headline,semi_quadratic,patchtst,0.0013930376089545012,0.019199999999999998,2,2791,0,23,10000,645492202,e1772c5bdc98dcb82f2d72c3b07bdb7f057a8dfec3701d813224b99b4d553ce1,False,False
BTC-USD,pinball_0p01,full,headline,semi_quadratic,timesfm,0.0012314585205203984,0.33860000000000001,10,2791,0,23,10000,645492202,e1772c5bdc98dcb82f2d72c3b07bdb7f057a8dfec3701d813224b99b4d553ce1,True,True
BTC-USD,pinball_0p01,full,drop_garch11_t,range,autoarima,0.0012769397597864774,0.082900000000000001,5,2791,0,23,10000,1243794427,43553540c5598a08698073669928c024b9bad5ba91fbbb4626e83b5dcf3bd047,False,False
BTC-USD,pinball_0p01,full,drop_garch11_t,range,autoets,0.0013050121654908386,0.036499999999999998,4,2791,0,23,10000,1243794427,43553540c5598a08698073669928c024b9bad5ba91fbbb4626e83b5dcf3bd047,False,False
BTC-USD,pinball_0p01,full,drop_garch11_t,range,chronos,0.0012436141302323779,0.2026,7,2791,0,23,10000,1243794427,43553540c5598a08698073669928c024b9bad5ba91fbbb4626e83b5dcf3bd047,True,False
BTC-USD,pinball_0p01,full,drop_garch11_t,range,ewma,0.0013586860144613629,0.0287,1,2791,0,23,10000,1243794427,43553540c5598a08698073669928c024b9bad5ba91fbbb4626e83b5dcf3bd047,False,False
BTC-USD,pinball_0p01,full,drop_garch11_t,range,garch11,0.001303615942057234,0.2026,8,2791,0,23,10000,1243794427,43553540c5598a08698073669928c024b9bad5ba91fbbb4626e83b5dcf3bd047,True,False
BTC-USD,pinball_0p01,full,drop_garch11_t,range,gjr,0.0012658915586489401,0.47420000000000001,11,2791,0,23,10000,1243794427,43553540c5598a08698073669928c024b9bad5ba91fbbb4626e83b5dcf3bd047,True,True
BTC-USD,pinball_0p01,full,drop_garch11_t,range,har,0.0012594813280687378,0.1368,6,2791,0,23,10000,1243794427,43553540c5598a08698073669928c024b9bad5ba91fbbb4626e83b5dcf3bd047,True,False
BTC-USD,pinball_0p01,full,drop_garch11_t,range,lgbm,0.0012974312266756404,0.036499999999999998,3,2791,0,23,10000,1243794427,43553540c5598a08698073669928c024b9bad5ba91fbbb4626e83b5dcf3bd047,False,False
BTC-USD,pinball_0p01,full,drop_garch11_t,range,moirai,0.0012182118551885542,1,12,2791,0,23,10000,1243794427,43553540c5598a08698073669928c024b9bad5ba91fbbb4626e83b5dcf3bd047,True,True
BTC-USD,pinball_0p01,full,drop_garch11_t,range,naive,0.0012850228036199024,0.47420000000000001,10,2791,0,23,10000,1243794427,43553540c5598a08698073669928c024b9bad5ba91fbbb4626e83b5dcf3bd047,True,True
BTC-USD,pinball_0p01,full,drop_garch11_t,range,patchtst,0.0013930376089545012,0.035000000000000003,2,2791,0,23,10000,1243794427,43553540c5598a08698073669928c024b9bad5ba91fbbb4626e83b5dcf3bd047,False,False
BTC-USD,pinball_0p01,full,drop_garch11_t,range,timesfm,0.0012314585205203984,0.40720000000000001,9,2791,0,23,10000,1243794427,43553540c5598a08698073669928c024b9bad5ba91fbbb4626e83b5dcf3bd047,True,True
BTC-USD,pinball_0p01,full,drop_garch11_t,semi_quadratic,autoarima,0.0012769397597864774,0.1055,5,2791,0,23,10000,143214797,5798f32a4e6ee374a54d340d109ce60770209a56c363acf6bded557dcbdfc638,True,False
BTC-USD,pinball_0p01,full,drop_garch11_t,semi_quadratic,autoets,0.0013050121654908386,0.058099999999999999,4,2791,0,23,10000,143214797,5798f32a4e6ee374a54d340d109ce60770209a56c363acf6bded557dcbdfc638,False,False
BTC-USD,pinball_0p01,full,drop_garch11_t,semi_quadratic,chronos,0.0012436141302323779,0.14660000000000001,7,2791,0,23,10000,143214797,5798f32a4e6ee374a54d340d109ce60770209a56c363acf6bded557dcbdfc638,True,False
BTC-USD,pinball_0p01,full,drop_garch11_t,semi_quadratic,ewma,0.0013586860144613629,0.010200000000000001,1,2791,0,23,10000,143214797,5798f32a4e6ee374a54d340d109ce60770209a56c363acf6bded557dcbdfc638,False,False
BTC-USD,pinball_0p01,full,drop_garch11_t,semi_quadratic,garch11,0.001303615942057234,0.14660000000000001,8,2791,0,23,10000,143214797,5798f32a4e6ee374a54d340d109ce60770209a56c363acf6bded557dcbdfc638,True,False
BTC-USD,pinball_0p01,full,drop_garch11_t,semi_quadratic,gjr,0.0012658915586489401,0.38109999999999999,10,2791,0,23,10000,143214797,5798f32a4e6ee374a54d340d109ce60770209a56c363acf6bded557dcbdfc638,True,True
BTC-USD,pinball_0p01,full,drop_garch11_t,semi_quadratic,har,0.0012594813280687378,0.1386,6,2791,0,23,10000,143214797,5798f32a4e6ee374a54d340d109ce60770209a56c363acf6bded557dcbdfc638,True,False
BTC-USD,pinball_0p01,full,drop_garch11_t,semi_quadratic,lgbm,0.0012974312266756404,0.041799999999999997,3,2791,0,23,10000,143214797,5798f32a4e6ee374a54d340d109ce60770209a56c363acf6bded557dcbdfc638,False,False
BTC-USD,pinball_0p01,full,drop_garch11_t,semi_quadratic,moirai,0.0012182118551885542,1,12,2791,0,23,10000,143214797,5798f32a4e6ee374a54d340d109ce60770209a56c363acf6bded557dcbdfc638,True,True
BTC-USD,pinball_0p01,full,drop_garch11_t,semi_quadratic,naive,0.0012850228036199024,0.38109999999999999,11,2791,0,23,10000,143214797,5798f32a4e6ee374a54d340d109ce60770209a56c363acf6bded557dcbdfc638,True,True
BTC-USD,pinball_0p01,full,drop_garch11_t,semi_quadratic,patchtst,0.0013930376089545012,0.0155,2,2791,0,23,10000,143214797,5798f32a4e6ee374a54d340d109ce60770209a56c363acf6bded557dcbdfc638,False,False
BTC-USD,pinball_0p01,full,drop_garch11_t,semi_quadratic,timesfm,0.0012314585205203984,0.33339999999999997,9,2791,0,23,10000,143214797,5798f32a4e6ee374a54d340d109ce60770209a56c363acf6bded557dcbdfc638,True,True
BTC-USD,pinball_0p025,full,headline,range,autoarima,0.0023221304860517713,0.0077000000000000002,8,2791,0,12,10000,480665077,6e7c81653659e4f763d8a93adb64571427512a2e4bf587e3a580872a8bceadff,False,False
BTC-USD,pinball_0p025,full,headline,range,autoets,0.0023725303211534605,0.0014,1,2791,0,12,10000,480665077,6e7c81653659e4f763d8a93adb64571427512a2e4bf587e3a580872a8bceadff,False,False
BTC-USD,pinball_0p025,full,headline,range,chronos,0.0022480966356345062,0.19539999999999999,12,2791,0,12,10000,480665077,6e7c81653659e4f763d8a93adb64571427512a2e4bf587e3a580872a8bceadff,True,False
BTC-USD,pinball_0p025,full,headline,range,ewma,0.0023861494683484938,0.0077000000000000002,7,2791,0,12,10000,480665077,6e7c81653659e4f763d8a93adb64571427512a2e4bf587e3a580872a8bceadff,False,False
BTC-USD,pinball_0p025,full,headline,range,garch11,0.0023933315070826305,0.0054999999999999997,6,2791,0,12,10000,480665077,6e7c81653659e4f763d8a93adb64571427512a2e4bf587e3a580872a8bceadff,False,False
BTC-USD,pinball_0p025,full,headline,range,garch11_t,0.0023877440777638685,0.0054999999999999997,5,2791,0,12,10000,480665077,6e7c81653659e4f763d8a93adb64571427512a2e4bf587e3a580872a8bceadff,False,False
BTC-USD,pinball_0p025,full,headline,range,gjr,0.0023525507213728457,0.063500000000000001,9,2791,0,12,10000,480665077,6e7c81653659e4f763d8a93adb64571427512a2e4bf587e3a580872a8bceadff,False,False
BTC-USD,pinball_0p025,full,headline,range,har,0.0023190914720487982,0.0054999999999999997,4,2791,0,12,10000,480665077,6e7c81653659e4f763d8a93adb64571427512a2e4bf587e3a580872a8bceadff,False,False
BTC-USD,pinball_0p025,full,headline,range,lgbm,0.0023751348621430502,0.0014,2,2791,0,12,10000,480665077,6e7c81653659e4f763d8a93adb64571427512a2e4bf587e3a580872a8bceadff,False,False
BTC-USD,pinball_0p025,full,headline,range,moirai,0.002228172124936873,1,13,2791,0,12,10000,480665077,6e7c81653659e4f763d8a93adb64571427512a2e4bf587e3a580872a8bceadff,True,True
BTC-USD,pinball_0p025,full,headline,range,naive,0.0023788062162739686,0.064699999999999994,10,2791,0,12,10000,480665077,6e7c81653659e4f763d8a93adb64571427512a2e4bf587e3a580872a8bceadff,False,False
BTC-USD,pinball_0p025,full,headline,range,patchtst,0.0024583986839400991,0.0018,3,2791,0,12,10000,480665077,6e7c81653659e4f763d8a93adb64571427512a2e4bf587e3a580872a8bceadff,False,False
BTC-USD,pinball_0p025,full,headline,range,timesfm,0.0022454020050682528,0.19539999999999999,11,2791,0,12,10000,480665077,6e7c81653659e4f763d8a93adb64571427512a2e4bf587e3a580872a8bceadff,True,False
BTC-USD,pinball_0p025,full,headline,semi_quadratic,autoarima,0.0023221304860517713,0.0050000000000000001,8,2791,0,12,10000,2044800632,80c2394d52e8eec826983daa51706b57b42e0e4400bc94c3065dcfb98f087182,False,False
BTC-USD,pinball_0p025,full,headline,semi_quadratic,autoets,0.0023725303211534605,0.00050000000000000001,2,2791,0,12,10000,2044800632,80c2394d52e8eec826983daa51706b57b42e0e4400bc94c3065dcfb98f087182,False,False
BTC-USD,pinball_0p025,full,headline,semi_quadratic,chronos,0.0022480966356345062,0.20619999999999999,12,2791,0,12,10000,2044800632,80c2394d52e8eec826983daa51706b57b42e0e4400bc94c3065dcfb98f087182,True,False
BTC-USD,pinball_0p025,full,headline,semi_quadratic,ewma,0.0023861494683484938,0.0015,7,2791,0,12,10000,2044800632,80c2394d52e8eec826983daa51706b57b42e0e4400bc94c3065dcfb98f087182,False,False
BTC-USD,pinball_0p025,full,headline,semi_quadratic,garch11,0.0023933315070826305,0.0014,6,2791,0,12,10000,2044800632,80c2394d52e8eec826983daa51706b57b42e0e4400bc94c3065dcfb98f087182,False,False
BTC-USD,pinball_0p025,full,headline,semi_quadratic,garch11_t,0.0023877440777638685,0.0012999999999999999,5,2791,0,12,10000,2044800632,80c2394d52e8eec826983daa51706b57b42e0e4400bc94c3065dcfb98f087182,False,False
BTC-USD,pinball_0p025,full,headline,semi_quadratic,gjr,0.0023525507213728457,0.019800000000000002,9,2791,0,12,10000,2044800632,80c2394d52e8eec826983daa51706b57b42e0e4400bc94c3065dcfb98f087182,False,False
BTC-USD,pinball_0p025,full,headline,semi_quadratic,har,0.0023190914720487982,0.0012999999999999999,4,2791,0,12,10000,2044800632,80c2394d52e8eec826983daa51706b57b42e0e4400bc94c3065dcfb98f087182,False,False
BTC-USD,pinball_0p025,full,headline,semi_quadratic,lgbm,0.0023751348621430502,0.00040000000000000002,1,2791,0,12,10000,2044800632,80c2394d52e8eec826983daa51706b57b42e0e4400bc94c3065dcfb98f087182,False,False
BTC-USD,pinball_0p025,full,headline,semi_quadratic,moirai,0.002228172124936873,1,13,2791,0,12,10000,2044800632,80c2394d52e8eec826983daa51706b57b42e0e4400bc94c3065dcfb98f087182,True,True
BTC-USD,pinball_0p025,full,headline,semi_quadratic,naive,0.0023788062162739686,0.029399999999999999,10,2791,0,12,10000,2044800632,80c2394d52e8eec826983daa51706b57b42e0e4400bc94c3065dcfb98f087182,False,False
BTC-USD,pinball_0p025,full,headline,semi_quadratic,patchtst,0.0024583986839400991,0.00050000000000000001,3,2791,0,12,10000,2044800632,80c2394d52e8eec826983daa51706b57b42e0e4400bc94c3065dcfb98f087182,False,False
BTC-USD,pinball_0p025,full,headline,semi_quadratic,timesfm,0.0022454020050682528,0.20619999999999999,11,2791,0,12,10000,2044800632,80c2394d52e8eec826983daa51706b57b42e0e4400bc94c3065dcfb98f087182,True,False
BTC-USD,pinball_0p025,full,drop_garch11_t,range,autoarima,0.0023221304860517713,0.0064999999999999997,7,2791,0,12,10000,1871762695,3bc93f09309ec4ec083453201cf7523be2506437fd15beb2535257f63d19d390,False,False
BTC-USD,pinball_0p025,full,drop_garch11_t,range,autoets,0.0023725303211534605,0.00069999999999999999,1,2791,0,12,10000,1871762695,3bc93f09309ec4ec083453201cf7523be2506437fd15beb2535257f63d19d390,False,False
BTC-USD,pinball_0p025,full,drop_garch11_t,range,chronos,0.0022480966356345062,0.18920000000000001,11,2791,0,12,10000,1871762695,3bc93f09309ec4ec083453201cf7523be2506437fd15beb2535257f63d19d390,True,False
BTC-USD,pinball_0p025,full,drop_garch11_t,range,ewma,0.0023861494683484938,0.0064999999999999997,6,2791,0,12,10000,1871762695,3bc93f09309ec4ec083453201cf7523be2506437fd15beb2535257f63d19d390,False,False
BTC-USD,pinball_0p025,full,drop_garch11_t,range,garch11,0.0023933315070826305,0.0055999999999999999,5,2791,0,12,10000,1871762695,3bc93f09309ec4ec083453201cf7523be2506437fd15beb2535257f63d19d390,False,False
BTC-USD,pinball_0p025,full,drop_garch11_t,range,gjr,0.0023525507213728457,0.056599999999999998,8,2791,0,12,10000,1871762695,3bc93f09309ec4ec083453201cf7523be2506437fd15beb2535257f63d19d390,False,False
BTC-USD,pinball_0p025,full,drop_garch11_t,range,har,0.0023190914720487982,0.0044999999999999997,4,2791,0,12,10000,1871762695,3bc93f09309ec4ec083453201cf7523be2506437fd15beb2535257f63d19d390,False,False
BTC-USD,pinball_0p025,full,drop_garch11_t,range,lgbm,0.0023751348621430502,0.0012999999999999999,2,2791,0,12,10000,1871762695,3bc93f09309ec4ec083453201cf7523be2506437fd15beb2535257f63d19d390,False,False
BTC-USD,pinball_0p025,full,drop_garch11_t,range,moirai,0.002228172124936873,1,12,2791,0,12,10000,1871762695,3bc93f09309ec4ec083453201cf7523be2506437fd15beb2535257f63d19d390,True,True
BTC-USD,pinball_0p025,full,drop_garch11_t,range,naive,0.0023788062162739686,0.061899999999999997,9,2791,0,12,10000,1871762695,3bc93f09309ec4ec083453201cf7523be2506437fd15beb2535257f63d19d390,False,False
BTC-USD,pinball_0p025,full,drop_garch11_t,range,patchtst,0.0024583986839400991,0.0012999999999999999,3,2791,0,12,10000,1871762695,3bc93f09309ec4ec083453201cf7523be2506437fd15beb2535257f63d19d390,False,False
BTC-USD,pinball_0p025,full,drop_garch11_t,range,timesfm,0.0022454020050682528,0.18920000000000001,10,2791,0,12,10000,1871762695,3bc93f09309ec4ec083453201cf7523be2506437fd15beb2535257f63d19d390,True,False
BTC-USD,pinball_0p025,full,drop_garch11_t,semi_quadratic,autoarima,0.0023221304860517713,0.0050000000000000001,7,2791,0,12,10000,1622250262,97e1c4a20052acabd85d268b73eafef2c6f5a53b4b821363d0f04f88ac5242f4,False,False
BTC-USD,pinball_0p025,full,drop_garch11_t,semi_quadratic,autoets,0.0023725303211534605,0.00050000000000000001,1,2791,0,12,10000,1622250262,97e1c4a20052acabd85d268b73eafef2c6f5a53b4b821363d0f04f88ac5242f4,False,False
BTC-USD,pinball_0p025,full,drop_garch11_t,semi_quadratic,chronos,0.0022480966356345062,0.20039999999999999,11,2791,0,12,10000,1622250262,97e1c4a20052acabd85d268b73eafef2c6f5a53b4b821363d0f04f88ac5242f4,True,False
BTC-USD,pinball_0p025,full,drop_garch11_t,semi_quadratic,ewma,0.0023861494683484938,0.0020999999999999999,6,2791,0,12,10000,1622250262,97e1c4a20052acabd85d268b73eafef2c6f5a53b4b821363d0f04f88ac5242f4,False,False
BTC-USD,pinball_0p025,full,drop_garch11_t,semi_quadratic,garch11,0.0023933315070826305,0.0016999999999999999,5,2791,0,12,10000,1622250262,97e1c4a20052acabd85d268b73eafef2c6f5a53b4b821363d0f04f88ac5242f4,False,False
BTC-USD,pinball_0p025,full,drop_garch11_t,semi_quadratic,gjr,0.0023525507213728457,0.017299999999999999,8,2791,0,12,10000,1622250262,97e1c4a20052acabd85d268b73eafef2c6f5a53b4b821363d0f04f88ac5242f4,False,False
BTC-USD,pinball_0p025,full,drop_garch11_t,semi_quadratic,har,0.0023190914720487982,0.0016000000000000001,4,2791,0,12,10000,1622250262,97e1c4a20052acabd85d268b73eafef2c6f5a53b4b821363d0f04f88ac5242f4,False,False
BTC-USD,pinball_0p025,full,drop_garch11_t,semi_quadratic,lgbm,0.0023751348621430502,0.00069999999999999999,2,2791,0,12,10000,1622250262,97e1c4a20052acabd85d268b73eafef2c6f5a53b4b821363d0f04f88ac5242f4,False,False
BTC-USD,pinball_0p025,full,drop_garch11_t,semi_quadratic,moirai,0.002228172124936873,1,12,2791,0,12,10000,1622250262,97e1c4a20052acabd85d268b73eafef2c6f5a53b4b821363d0f04f88ac5242f4,True,True
BTC-USD,pinball_0p025,full,drop_garch11_t,semi_quadratic,naive,0.0023788062162739686,0.027799999999999998,9,2791,0,12,10000,1622250262,97e1c4a20052acabd85d268b73eafef2c6f5a53b4b821363d0f04f88ac5242f4,False,False
BTC-USD,pinball_0p025,full,drop_garch11_t,semi_quadratic,patchtst,0.0024583986839400991,0.00069999999999999999,3,2791,0,12,10000,1622250262,97e1c4a20052acabd85d268b73eafef2c6f5a53b4b821363d0f04f88ac5242f4,False,False
BTC-USD,pinball_0p025,full,drop_garch11_t,semi_quadratic,timesfm,0.0022454020050682528,0.20039999999999999,10,2791,0,12,10000,1622250262,97e1c4a20052acabd85d268b73eafef2c6f5a53b4b821363d0f04f88ac5242f4,True,False
BTC-USD,pinball_0p05,full,headline,range,autoarima,0.003706083506155821,0,3,2791,0,30,10000,681492592,873ec8f7c70936ca73162307e3f062d9fb9e0542bec3fb890d4c065d96eade83,False,False
BTC-USD,pinball_0p05,full,headline,range,autoets,0.0037999581635175428,0,1,2791,0,30,10000,681492592,873ec8f7c70936ca73162307e3f062d9fb9e0542bec3fb890d4c065d96eade83,False,False
BTC-USD,pinball_0p05,full,headline,range,chronos,0.0035728636609703699,0.23269999999999999,12,2791,0,30,10000,681492592,873ec8f7c70936ca73162307e3f062d9fb9e0542bec3fb890d4c065d96eade83,True,False
BTC-USD,pinball_0p05,full,headline,range,ewma,0.0037600187245165205,0.0019,7,2791,0,30,10000,681492592,873ec8f7c70936ca73162307e3f062d9fb9e0542bec3fb890d4c065d96eade83,False,False
BTC-USD,pinball_0p05,full,headline,range,garch11,0.0037929544455044604,0.00020000000000000001,6,2791,0,30,10000,681492592,873ec8f7c70936ca73162307e3f062d9fb9e0542bec3fb890d4c065d96eade83,False,False
BTC-USD,pinball_0p05,full,headline,range,garch11_t,0.0037236501280705175,0.0045999999999999999,10,2791,0,30,10000,681492592,873ec8f7c70936ca73162307e3f062d9fb9e0542bec3fb890d4c065d96eade83,False,False
BTC-USD,pinball_0p05,full,headline,range,gjr,0.0037485621814359864,0.0038,8,2791,0,30,10000,681492592,873ec8f7c70936ca73162307e3f062d9fb9e0542bec3fb890d4c065d96eade83,False,False
BTC-USD,pinball_0p05,full,headline,range,har,0.0037117082524125498,0,2,2791,0,30,10000,681492592,873ec8f7c70936ca73162307e3f062d9fb9e0542bec3fb890d4c065d96eade83,False,False
BTC-USD,pinball_0p05,full,headline,range,lgbm,0.0037928736582025649,0,4,2791,0,30,10000,681492592,873ec8f7c70936ca73162307e3f062d9fb9e0542bec3fb890d4c065d96eade83,False,False
BTC-USD,pinball_0p05,full,headline,range,moirai,0.0035500095240029463,1,13,2791,0,30,10000,681492592,873ec8f7c70936ca73162307e3f062d9fb9e0542bec3fb890d4c065d96eade83,True,True
BTC-USD,pinball_0p05,full,headline,range,naive,0.003814502019096971,0.0045999999999999999,9,2791,0,30,10000,681492592,873ec8f7c70936ca73162307e3f062d9fb9e0542bec3fb890d4c065d96eade83,False,False
BTC-USD,pinball_0p05,full,headline,range,patchtst,0.0038410013538323611,0,5,2791,0,30,10000,681492592,873ec8f7c70936ca73162307e3f062d9fb9e0542bec3fb890d4c065d96eade83,False,False
BTC-USD,pinball_0p05,full,headline,range,timesfm,0.0035748249623535934,0.2014,11,2791,0,30,10000,681492592,873ec8f7c70936ca73162307e3f062d9fb9e0542bec3fb890d4c065d96eade83,True,False
BTC-USD,pinball_0p05,full,headline,semi_quadratic,autoarima,0.003706083506155821,0,3,2791,0,30,10000,1521337809,3423a3ef96296f0cee0b38b51f554b65561ad2a38fe85ac055c79f80338ba380,False,False
BTC-USD,pinball_0p05,full,headline,semi_quadratic,autoets,0.0037999581635175428,0,1,2791,0,30,10000,1521337809,3423a3ef96296f0cee0b38b51f554b65561ad2a38fe85ac055c79f80338ba380,False,False
BTC-USD,pinball_0p05,full,headline,semi_quadratic,chronos,0.0035728636609703699,0.24079999999999999,12,2791,0,30,10000,1521337809,3423a3ef96296f0cee0b38b51f554b65561ad2a38fe85ac055c79f80338ba380,True,False
BTC-USD,pinball_0p05,full,headline,semi_quadratic,ewma,0.0037600187245165205,0.0001,7,2791,0,30,10000,1521337809,3423a3ef96296f0cee0b38b51f554b65561ad2a38fe85ac055c79f80338ba380,False,False
BTC-USD,pinball_0p05,full,headline,semi_quadratic,garch11,0.0037929544455044604,0.0001,6,2791,0,30,10000,1521337809,3423a3ef96296f0cee0b38b51f554b65561ad2a38fe85ac055c79f80338ba380,False,False
BTC-USD,pinball_0p05,full,headline,semi_quadratic,garch11_t,0.0037236501280705175,0.0028,10,2791,0,30,10000,1521337809,3423a3ef96296f0cee0b38b51f554b65561ad2a38fe85ac055c79f80338ba380,False,False
BTC-USD,pinball_0p05,full,headline,semi_quadratic,gjr,0.0037485621814359864,0.00050000000000000001,8,2791,0,30,10000,1521337809,3423a3ef96296f0cee0b38b51f554b65561ad2a38fe85ac055c79f80338ba380,False,False
BTC-USD,pinball_0p05,full,headline,semi_quadratic,har,0.0037117082524125498,0,2,2791,0,30,10000,1521337809,3423a3ef96296f0cee0b38b51f554b65561ad2a38fe85ac055c79f80338ba380,False,False
BTC-USD,pinball_0p05,full,headline,semi_quadratic,lgbm,0.0037928736582025649,0,4,2791,0,30,10000,1521337809,3423a3ef96296f0cee0b38b51f554b65561ad2a38fe85ac055c79f80338ba380,False,False
BTC-USD,pinball_0p05,full,headline,semi_quadratic,moirai,0.0035500095240029463,1,13,2791,0,30,10000,1521337809,3423a3ef96296f0cee0b38b51f554b65561ad2a38fe85ac055c79f80338ba380,True,True
BTC-USD,pinball_0p05,full,headline,semi_quadratic,naive,0.003814502019096971,0.00050000000000000001,9,2791,0,30,10000,1521337809,3423a3ef96296f0cee0b38b51f554b65561ad2a38fe85ac055c79f80338ba380,False,False
BTC-USD,pinball_0p05,full,headline,semi_quadratic,patchtst,0.0038410013538323611,0,5,2791,0,30,10000,1521337809,3423a3ef96296f0cee0b38b51f554b65561ad2a38fe85ac055c79f80338ba380,False,False
BTC-USD,pinball_0p05,full,headline,semi_quadratic,timesfm,0.0035748249623535934,0.24079999999999999,11,2791,0,30,10000,1521337809,3423a3ef96296f0cee0b38b51f554b65561ad2a38fe85ac055c79f80338ba380,True,False
BTC-USD,pinball_0p05,full,drop_garch11_t,range,autoarima,0.003706083506155821,0,3,2791,0,30,10000,2031205804,21f462fef4bd5dcc5253153bbd22807a0043f89d9ee9df07cadf0d9ee189d370,False,False
BTC-USD,pinball_0p05,full,drop_garch11_t,range,autoets,0.0037999581635175428,0,1,2791,0,30,10000,2031205804,21f462fef4bd5dcc5253153bbd22807a0043f89d9ee9df07cadf0d9ee189d370,False,False
BTC-USD,pinball_0p05,full,drop_garch11_t,range,chronos,0.0035728636609703699,0.24879999999999999,11,2791,0,30,10000,2031205804,21f462fef4bd5dcc5253153bbd22807a0043f89d9ee9df07cadf0d9ee189d370,True,False
BTC-USD,pinball_0p05,full,drop_garch11_t,range,ewma,0.0037600187245165205,0.0011000000000000001,7,2791,0,30,10000,2031205804,21f462fef4bd5dcc5253153bbd22807a0043f89d9ee9df07cadf0d9ee189d370,False,False
BTC-USD,pinball_0p05,full,drop_garch11_t,range,garch11,0.0037929544455044604,0.00020000000000000001,6,2791,0,30,10000,2031205804,21f462fef4bd5dcc5253153bbd22807a0043f89d9ee9df07cadf0d9ee189d370,False,False
BTC-USD,pinball_0p05,full,drop_garch11_t,range,gjr,0.0037485621814359864,0.0028999999999999998,8,2791,0,30,10000,2031205804,21f462fef4bd5dcc5253153bbd22807a0043f89d9ee9df07cadf0d9ee189d370,False,False
BTC-USD,pinball_0p05,full,drop_garch11_t,range,har,0.0037117082524125498,0,2,2791,0,30,10000,2031205804,21f462fef4bd5dcc5253153bbd22807a0043f89d9ee9df07cadf0d9ee189d370,False,False
BTC-USD,pinball_0p05,full,drop_garch11_t,range,lgbm,0.0037928736582025649,0,4,2791,0,30,10000,2031205804,21f462fef4bd5dcc5253153bbd22807a0043f89d9ee9df07cadf0d9ee189d370,False,False
BTC-USD,pinball_0p05,full,drop_garch11_t,range,moirai,0.0035500095240029463,1,12,2791,0,30,10000,2031205804,21f462fef4bd5dcc5253153bbd22807a0043f89d9ee9df07cadf0d9ee189d370,True,True
BTC-USD,pinball_0p05,full,drop_garch11_t,range,naive,0.003814502019096971,0.0028999999999999998,9,2791,0,30,10000,2031205804,21f462fef4bd5dcc5253153bbd22807a0043f89d9ee9df07cadf0d9ee189d370,False,False
BTC-USD,pinball_0p05,full,drop_garch11_t,range,patchtst,0.0038410013538323611,0.0001,5,2791,0,30,10000,2031205804,21f462fef4bd5dcc5253153bbd22807a0043f89d9ee9df07cadf0d9ee189d370,False,False
BTC-USD,pinball_0p05,full,drop_garch11_t,range,timesfm,0.0035748249623535934,0.21129999999999999,10,2791,0,30,10000,2031205804,21f462fef4bd5dcc5253153bbd22807a0043f89d9ee9df07cadf0d9ee189d370,True,False
BTC-USD,pinball_0p05,full,drop_garch11_t,semi_quadratic,autoarima,0.003706083506155821,0,3,2791,0,30,10000,839266286,0dfdcb1d092e0387a9c41ffb00ca2bf584333d11df4eef0496161a9ce0285875,False,False
BTC-USD,pinball_0p05,full,drop_garch11_t,semi_quadratic,autoets,0.0037999581635175428,0,1,2791,0,30,10000,839266286,0dfdcb1d092e0387a9c41ffb00ca2bf584333d11df4eef0496161a9ce0285875,False,False
BTC-USD,pinball_0p05,full,drop_garch11_t,semi_quadratic,chronos,0.0035728636609703699,0.24829999999999999,11,2791,0,30,10000,839266286,0dfdcb1d092e0387a9c41ffb00ca2bf584333d11df4eef0496161a9ce0285875,True,False
BTC-USD,pinball_0p05,full,drop_garch11_t,semi_quadratic,ewma,0.0037600187245165205,0.0001,7,2791,0,30,10000,839266286,0dfdcb1d092e0387a9c41ffb00ca2bf584333d11df4eef0496161a9ce0285875,False,False
BTC-USD,pinball_0p05,full,drop_garch11_t,semi_quadratic,garch11,0.0037929544455044604,0.0001,6,2791,0,30,10000,839266286,0dfdcb1d092e0387a9c41ffb00ca2bf584333d11df4eef0496161a9ce0285875,False,False
BTC-USD,pinball_0p05,full,drop_garch11_t,semi_quadratic,gjr,0.0037485621814359864,0.00050000000000000001,8,2791,0,30,10000,839266286,0dfdcb1d092e0387a9c41ffb00ca2bf584333d11df4eef0496161a9ce0285875,False,False
BTC-USD,pinball_0p05,full,drop_garch11_t,semi_quadratic,har,0.0037117082524125498,0,2,2791,0,30,10000,839266286,0dfdcb1d092e0387a9c41ffb00ca2bf584333d11df4eef0496161a9ce0285875,False,False
BTC-USD,pinball_0p05,full,drop_garch11_t,semi_quadratic,lgbm,0.0037928736582025649,0,4,2791,0,30,10000,839266286,0dfdcb1d092e0387a9c41ffb00ca2bf584333d11df4eef0496161a9ce0285875,False,False
BTC-USD,pinball_0p05,full,drop_garch11_t,semi_quadratic,moirai,0.0035500095240029463,1,12,2791,0,30,10000,839266286,0dfdcb1d092e0387a9c41ffb00ca2bf584333d11df4eef0496161a9ce0285875,True,True
BTC-USD,pinball_0p05,full,drop_garch11_t,semi_quadratic,naive,0.003814502019096971,0.001,9,2791,0,30,10000,839266286,0dfdcb1d092e0387a9c41ffb00ca2bf584333d11df4eef0496161a9ce0285875,False,False
BTC-USD,pinball_0p05,full,drop_garch11_t,semi_quadratic,patchtst,0.0038410013538323611,0,5,2791,0,30,10000,839266286,0dfdcb1d092e0387a9c41ffb00ca2bf584333d11df4eef0496161a9ce0285875,False,False
BTC-USD,pinball_0p05,full,drop_garch11_t,semi_quadratic,timesfm,0.0035748249623535934,0.2442,10,2791,0,30,10000,839266286,0dfdcb1d092e0387a9c41ffb00ca2bf584333d11df4eef0496161a9ce0285875,True,False
BTC-USD,pinball_avg,full,headline,range,autoarima,0.0024350512506646905,0.00029999999999999997,4,2791,0,17,10000,37951257,18fe58cbfe7eb0bc7b8ce95935ea2cae7bed949433e51e7d616ac39657a8f460,False,False
BTC-USD,pinball_avg,full,headline,range,autoets,0.0024925002167206123,0,1,2791,0,17,10000,37951257,18fe58cbfe7eb0bc7b8ce95935ea2cae7bed949433e51e7d616ac39657a8f460,False,False
BTC-USD,pinball_avg,full,headline,range,chronos,0.0023548581422790796,0.15640000000000001,12,2791,0,17,10000,37951257,18fe58cbfe7eb0bc7b8ce95935ea2cae7bed949433e51e7d616ac39657a8f460,True,False
BTC-USD,pinball_avg,full,headline,range,ewma,0.0025016180691087896,0.0028999999999999998,6,2791,0,17,10000,37951257,18fe58cbfe7eb0bc7b8ce95935ea2cae7bed949433e51e7d616ac39657a8f460,False,False
BTC-USD,pinball_avg,full,headline,range,garch11,0.002496633964881445,0.0028999999999999998,7,2791,0,17,10000,37951257,18fe58cbfe7eb0bc7b8ce95935ea2cae7bed949433e51e7d616ac39657a8f460,False,False
BTC-USD,pinball_avg,full,headline,range,garch11_t,0.0024736377498058635,0.0032000000000000002,8,2791,0,17,10000,37951257,18fe58cbfe7eb0bc7b8ce95935ea2cae7bed949433e51e7d616ac39657a8f460,False,False
BTC-USD,pinball_avg,full,headline,range,gjr,0.0024556681538192545,0.050599999999999999,10,2791,0,17,10000,37951257,18fe58cbfe7eb0bc7b8ce95935ea2cae7bed949433e51e7d616ac39657a8f460,False,False
BTC-USD,pinball_avg,full,headline,range,har,0.0024300936841766961,0.00020000000000000001,3,2791,0,17,10000,37951257,18fe58cbfe7eb0bc7b8ce95935ea2cae7bed949433e51e7d616ac39657a8f460,False,False
BTC-USD,pinball_avg,full,headline,range,lgbm,0.00248847991567375,0.00020000000000000001,2,2791,0,17,10000,37951257,18fe58cbfe7eb0bc7b8ce95935ea2cae7bed949433e51e7d616ac39657a8f460,False,False
BTC-USD,pinball_avg,full,headline,range,moirai,0.0023321311680427866,1,13,2791,0,17,10000,37951257,18fe58cbfe7eb0bc7b8ce95935ea2cae7bed949433e51e7d616ac39657a8f460,True,True
BTC-USD,pinball_avg,full,headline,range,naive,0.0024927770129969536,0.050599999999999999,9,2791,0,17,10000,37951257,18fe58cbfe7eb0bc7b8ce95935ea2cae7bed949433e51e7d616ac39657a8f460,False,False
BTC-USD,pinball_avg,full,headline,range,patchtst,0.002564145882242329,0.00080000000000000004,5,2791,0,17,10000,37951257,18fe58cbfe7eb0bc7b8ce95935ea2cae7bed949433e51e7d616ac39657a8f460,False,False
BTC-USD,pinball_avg,full,headline,range,timesfm,0.0023505618293140941,0.15640000000000001,11,2791,0,17,10000,37951257,18fe58cbfe7eb0bc7b8ce95935ea2cae7bed949433e51e7d616ac39657a8f460,True,False
BTC-USD,pinball_avg,full,headline,semi_quadratic,autoarima,0.0024350512506646905,0.0001,4,2791,0,17,10000,334076819,e9d94f838092e19d9ce472a0ee7674c482bf5bb530fa82968882c932b3bc741c,False,False
BTC-USD,pinball_avg,full,headline,semi_quadratic,autoets,0.0024925002167206123,0,1,2791,0,17,10000,334076819,e9d94f838092e19d9ce472a0ee7674c482bf5bb530fa82968882c932b3bc741c,False,False
BTC-USD,pinball_avg,full,headline,semi_quadratic,chronos,0.0023548581422790796,0.12479999999999999,12,2791,0,17,10000,334076819,e9d94f838092e19d9ce472a0ee7674c482bf5bb530fa82968882c932b3bc741c,True,False
BTC-USD,pinball_avg,full,headline,semi_quadratic,ewma,0.0025016180691087896,0.00069999999999999999,6,2791,0,17,10000,334076819,e9d94f838092e19d9ce472a0ee7674c482bf5bb530fa82968882c932b3bc741c,False,False
BTC-USD,pinball_avg,full,headline,semi_quadratic,garch11,0.002496633964881445,0.0020999999999999999,7,2791,0,17,10000,334076819,e9d94f838092e19d9ce472a0ee7674c482bf5bb530fa82968882c932b3bc741c,False,False
BTC-USD,pinball_avg,full,headline,semi_quadratic,garch11_t,0.0024736377498058635,0.0040000000000000001,8,2791,0,17,10000,334076819,e9d94f838092e19d9ce472a0ee7674c482bf5bb530fa82968882c932b3bc741c,False,False
BTC-USD,pinball_avg,full,headline,semi_quadratic,gjr,0.0024556681538192545,0.011299999999999999,9,2791,0,17,10000,334076819,e9d94f838092e19d9ce472a0ee7674c482bf5bb530fa82968882c932b3bc741c,False,False
BTC-USD,pinball_avg,full,headline,semi_quadratic,har,0.0024300936841766961,0.0001,3,2791,0,17,10000,334076819,e9d94f838092e19d9ce472a0ee7674c482bf5bb530fa82968882c932b3bc741c,False,False
BTC-USD,pinball_avg,full,headline,semi_quadratic,lgbm,0.00248847991567375,0.0001,2,2791,0,17,10000,334076819,e9d94f838092e19d9ce472a0ee7674c482bf5bb530fa82968882c932b3bc741c,False,False
BTC-USD,pinball_avg,full,headline,semi_quadratic,moirai,0.0023321311680427866,1,13,2791,0,17,10000,334076819,e9d94f838092e19d9ce472a0ee7674c482bf5bb530fa82968882c932b3bc741c,True,True
BTC-USD,pinball_avg,full,headline,semi_quadratic,naive,0.0024927770129969536,0.012699999999999999,10,2791,0,17,10000,334076819,e9d94f838092e19d9ce472a0ee7674c482bf5bb530fa82968882c932b3bc741c,False,False
BTC-USD,pinball_avg,full,headline,semi_quadratic,patchtst,0.002564145882242329,0.0001,5,2791,0,17,10000,334076819,e9d94f838092e19d9ce472a0ee7674c482bf5bb530fa82968882c932b3bc741c,False,False
BTC-USD,pinball_avg,full,headline,semi_quadratic,timesfm,0.0023505618293140941,0.12479999999999999,11,2791,0,17,10000,334076819,e9d94f838092e19d9ce472a0ee7674c482bf5bb530fa82968882c932b3bc741c,True,False
BTC-USD,pinball_avg,full,drop_garch11_t,range,autoarima,0.0024350512506646905,0.00059999999999999995,4,2791,0,17,10000,2034600657,abcf8bb3d1fa31d0ee55ce9d05785a2657af78a194306147f9bfa5959f11c38f,False,False
BTC-USD,pinball_avg,full,drop_garch11_t,range,autoets,0.0024925002167206123,0.0001,1,2791,0,17,10000,2034600657,abcf8bb3d1fa31d0ee55ce9d05785a2657af78a194306147f9bfa5959f11c38f,False,False
BTC-USD,pinball_avg,full,drop_garch11_t,range,chronos,0.0023548581422790796,0.1522,11,2791,0,17,10000,2034600657,abcf8bb3d1fa31d0ee55ce9d05785a2657af78a194306147f9bfa5959f11c38f,True,False
BTC-USD,pinball_avg,full,drop_garch11_t,range,ewma,0.0025016180691087896,0.0019,6,2791,0,17,10000,2034600657,abcf8bb3d1fa31d0ee55ce9d05785a2657af78a194306147f9bfa5959f11c38f,False,False
BTC-USD,pinball_avg,full,drop_garch11_t,range,garch11,0.002496633964881445,0.0020999999999999999,7,2791,0,17,10000,2034600657,abcf8bb3d1fa31d0ee55ce9d05785a2657af78a194306147f9bfa5959f11c38f,False,False
BTC-USD,pinball_avg,full,drop_garch11_t,range,gjr,0.0024556681538192545,0.0499,9,2791,0,17,10000,2034600657,abcf8bb3d1fa31d0ee55ce9d05785a2657af78a194306147f9bfa5959f11c38f,False,False
BTC-USD,pinball_avg,full,drop_garch11_t,range,har,0.0024300936841766961,0.00020000000000000001,3,2791,0,17,10000,2034600657,abcf8bb3d1fa31d0ee55ce9d05785a2657af78a194306147f9bfa5959f11c38f,False,False
BTC-USD,pinball_avg,full,drop_garch11_t,range,lgbm,0.00248847991567375,0.0001,2,2791,0,17,10000,2034600657,abcf8bb3d1fa31d0ee55ce9d05785a2657af78a194306147f9bfa5959f11c38f,False,False
BTC-USD,pinball_avg,full,drop_garch11_t,range,moirai,0.0023321311680427866,1,12,2791,0,17,10000,2034600657,abcf8bb3d1fa31d0ee55ce9d05785a2657af78a194306147f9bfa5959f11c38f,True,True
BTC-USD,pinball_avg,full,drop_garch11_t,range,naive,0.0024927770129969536,0.0499,8,2791,0,17,10000,2034600657,abcf8bb3d1fa31d0ee55ce9d05785a2657af78a194306147f9bfa5959f11c38f,False,False
BTC-USD,pinball_avg,full,drop_garch11_t,range,patchtst,0.002564145882242329,0.00089999999999999998,5,2791,0,17,10000,2034600657,abcf8bb3d1fa31d0ee55ce9d05785a2657af78a194306147f9bfa5959f11c38f,False,False
BTC-USD,pinball_avg,full,drop_garch11_t,range,timesfm,0.0023505618293140941,0.1522,10,2791,0,17,10000,2034600657,abcf8bb3d1fa31d0ee55ce9d05785a2657af78a194306147f9bfa5959f11c38f,True,False
BTC-USD,pinball_avg,full,drop_garch11_t,semi_quadratic,autoarima,0.0024350512506646905,0.0001,4,2791,0,17,10000,568033631,c3a04a65cd224a391082d5b35b3e88df40f37df5e9e8019cf245a80734816d06,False,False
BTC-USD,pinball_avg,full,drop_garch11_t,semi_quadratic,autoets,0.0024925002167206123,0.0001,1,2791,0,17,10000,568033631,c3a04a65cd224a391082d5b35b3e88df40f37df5e9e8019cf245a80734816d06,False,False
BTC-USD,pinball_avg,full,drop_garch11_t,semi_quadratic,chronos,0.0023548581422790796,0.1207,11,2791,0,17,10000,568033631,c3a04a65cd224a391082d5b35b3e88df40f37df5e9e8019cf245a80734816d06,True,False
BTC-USD,pinball_avg,full,drop_garch11_t,semi_quadratic,ewma,0.0025016180691087896,0.0011000000000000001,6,2791,0,17,10000,568033631,c3a04a65cd224a391082d5b35b3e88df40f37df5e9e8019cf245a80734816d06,False,False
BTC-USD,pinball_avg,full,drop_garch11_t,semi_quadratic,garch11,0.002496633964881445,0.0025999999999999999,7,2791,0,17,10000,568033631,c3a04a65cd224a391082d5b35b3e88df40f37df5e9e8019cf245a80734816d06,False,False
BTC-USD,pinball_avg,full,drop_garch11_t,semi_quadratic,gjr,0.0024556681538192545,0.016199999999999999,9,2791,0,17,10000,568033631,c3a04a65cd224a391082d5b35b3e88df40f37df5e9e8019cf245a80734816d06,False,False
BTC-USD,pinball_avg,full,drop_garch11_t,semi_quadratic,har,0.0024300936841766961,0.0001,3,2791,0,17,10000,568033631,c3a04a65cd224a391082d5b35b3e88df40f37df5e9e8019cf245a80734816d06,False,False
BTC-USD,pinball_avg,full,drop_garch11_t,semi_quadratic,lgbm,0.00248847991567375,0.0001,2,2791,0,17,10000,568033631,c3a04a65cd224a391082d5b35b3e88df40f37df5e9e8019cf245a80734816d06,False,False
BTC-USD,pinball_avg,full,drop_garch11_t,semi_quadratic,moirai,0.0023321311680427866,1,12,2791,0,17,10000,568033631,c3a04a65cd224a391082d5b35b3e88df40f37df5e9e8019cf245a80734816d06,True,True
BTC-USD,pinball_avg,full,drop_garch11_t,semi_quadratic,naive,0.0024927770129969536,0.01,8,2791,0,17,10000,568033631,c3a04a65cd224a391082d5b35b3e88df40f37df5e9e8019cf245a80734816d06,False,False
BTC-USD,pinball_avg,full,drop_garch11_t,semi_quadratic,patchtst,0.002564145882242329,0.0001,5,2791,0,17,10000,568033631,c3a04a65cd224a391082d5b35b3e88df40f37df5e9e8019cf245a80734816d06,False,False
BTC-USD,pinball_avg,full,drop_garch11_t,semi_quadratic,timesfm,0.0023505618293140941,0.1207,10,2791,0,17,10000,568033631,c3a04a65cd224a391082d5b35b3e88df40f37df5e9e8019cf245a80734816d06,True,False
BTC-USD,qlike,full,headline,range,autoarima,0.35486778524124751,0.0035000000000000001,10,2791,0,40,10000,2018369654,7c3f5eed7d3ee001e02a059dd484503873b9c98b1fe504d77b5d5fd51688a032,False,False
BTC-USD,qlike,full,headline,range,autoets,0.38442709371288192,0.00089999999999999998,8,2791,0,40,10000,2018369654,7c3f5eed7d3ee001e02a059dd484503873b9c98b1fe504d77b5d5fd51688a032,False,False
BTC-USD,qlike,full,headline,range,chronos,0.34573979215667572,0.0025999999999999999,9,2791,0,40,10000,2018369654,7c3f5eed7d3ee001e02a059dd484503873b9c98b1fe504d77b5d5fd51688a032,False,False
BTC-USD,qlike,full,headline,range,ewma,0.44098916459810655,0,1,2791,0,40,10000,2018369654,7c3f5eed7d3ee001e02a059dd484503873b9c98b1fe504d77b5d5fd51688a032,False,False
BTC-USD,qlike,full,headline,range,garch11,0.41047895157933967,0.00020000000000000001,5,2791,0,40,10000,2018369654,7c3f5eed7d3ee001e02a059dd484503873b9c98b1fe504d77b5d5fd51688a032,False,False
BTC-USD,qlike,full,headline,range,garch11_t,0.45938124341133979,0,3,2791,0,40,10000,2018369654,7c3f5eed7d3ee001e02a059dd484503873b9c98b1fe504d77b5d5fd51688a032,False,False
BTC-USD,qlike,full,headline,range,gjr,0.4338603752505874,0.00020000000000000001,6,2791,0,40,10000,2018369654,7c3f5eed7d3ee001e02a059dd484503873b9c98b1fe504d77b5d5fd51688a032,False,False
BTC-USD,qlike,full,headline,range,har,0.34629927564536495,0.0035000000000000001,11,2791,0,40,10000,2018369654,7c3f5eed7d3ee001e02a059dd484503873b9c98b1fe504d77b5d5fd51688a032,False,False
BTC-USD,qlike,full,headline,range,lgbm,0.39500048385329245,0.00069999999999999999,7,2791,0,40,10000,2018369654,7c3f5eed7d3ee001e02a059dd484503873b9c98b1fe504d77b5d5fd51688a032,False,False
BTC-USD,qlike,full,headline,range,moirai,0.30232119332196544,1,13,2791,0,40,10000,2018369654,7c3f5eed7d3ee001e02a059dd484503873b9c98b1fe504d77b5d5fd51688a032,True,True
BTC-USD,qlike,full,headline,range,naive,0.55665844060752911,0,2,2791,0,40,10000,2018369654,7c3f5eed7d3ee001e02a059dd484503873b9c98b1fe504d77b5d5fd51688a032,False,False
BTC-USD,qlike,full,headline,range,patchtst,0.68391267189393523,0.0001,4,2791,0,40,10000,2018369654,7c3f5eed7d3ee001e02a059dd484503873b9c98b1fe504d77b5d5fd51688a032,False,False
BTC-USD,qlike,full,headline,range,timesfm,0.31244988086630499,0.12770000000000001,12,2791,0,40,10000,2018369654,7c3f5eed7d3ee001e02a059dd484503873b9c98b1fe504d77b5d5fd51688a032,True,False
BTC-USD,qlike,full,headline,semi_quadratic,autoarima,0.35486778524124751,0.0016000000000000001,10,2791,0,40,10000,73444949,8abd7781db7e5ec9c130d89a292c752674331b85ac21f64d0181396ffa92eb7a,False,False
BTC-USD,qlike,full,headline,semi_quadratic,autoets,0.38442709371288192,0.00059999999999999995,8,2791,0,40,10000,73444949,8abd7781db7e5ec9c130d89a292c752674331b85ac21f64d0181396ffa92eb7a,False,False
BTC-USD,qlike,full,headline,semi_quadratic,chronos,0.34573979215667572,0.0016000000000000001,9,2791,0,40,10000,73444949,8abd7781db7e5ec9c130d89a292c752674331b85ac21f64d0181396ffa92eb7a,False,False
BTC-USD,qlike,full,headline,semi_quadratic,ewma,0.44098916459810655,0,1,2791,0,40,10000,73444949,8abd7781db7e5ec9c130d89a292c752674331b85ac21f64d0181396ffa92eb7a,False,False
BTC-USD,qlike,full,headline,semi_quadratic,garch11,0.41047895157933967,0.0001,5,2791,0,40,10000,73444949,8abd7781db7e5ec9c130d89a292c752674331b85ac21f64d0181396ffa92eb7a,False,False
BTC-USD,qlike,full,headline,semi_quadratic,garch11_t,0.45938124341133979,0,3,2791,0,40,10000,73444949,8abd7781db7e5ec9c130d89a292c752674331b85ac21f64d0181396ffa92eb7a,False,False
BTC-USD,qlike,full,headline,semi_quadratic,gjr,0.4338603752505874,0.0001,6,2791,0,40,10000,73444949,8abd7781db7e5ec9c130d89a292c752674331b85ac21f64d0181396ffa92eb7a,False,False
BTC-USD,qlike,full,headline,semi_quadratic,har,0.34629927564536495,0.0016000000000000001,11,2791,0,40,10000,73444949,8abd7781db7e5ec9c130d89a292c752674331b85ac21f64d0181396ffa92eb7a,False,False
BTC-USD,qlike,full,headline,semi_quadratic,lgbm,0.39500048385329245,0.0001,7,2791,0,40,10000,73444949,8abd7781db7e5ec9c130d89a292c752674331b85ac21f64d0181396ffa92eb7a,False,False
BTC-USD,qlike,full,headline,semi_quadratic,moirai,0.30232119332196544,1,13,2791,0,40,10000,73444949,8abd7781db7e5ec9c130d89a292c752674331b85ac21f64d0181396ffa92eb7a,True,True
BTC-USD,qlike,full,headline,semi_quadratic,naive,0.55665844060752911,0,2,2791,0,40,10000,73444949,8abd7781db7e5ec9c130d89a292c752674331b85ac21f64d0181396ffa92eb7a,False,False
BTC-USD,qlike,full,headline,semi_quadratic,patchtst,0.68391267189393523,0,4,2791,0,40,10000,73444949,8abd7781db7e5ec9c130d89a292c752674331b85ac21f64d0181396ffa92eb7a,False,False
BTC-USD,qlike,full,headline,semi_quadratic,timesfm,0.31244988086630499,0.12889999999999999,12,2791,0,40,10000,73444949,8abd7781db7e5ec9c130d89a292c752674331b85ac21f64d0181396ffa92eb7a,True,False
BTC-USD,qlike,full,drop_garch11_t,range,autoarima,0.35486778524124751,0.0030999999999999999,9,2791,0,40,10000,1622592259,29755a4ba20e847b7465101a445e8b8ea077a87295473af1eb9083e9078052f5,False,False
BTC-USD,qlike,full,drop_garch11_t,range,autoets,0.38442709371288192,0.0011000000000000001,7,2791,0,40,10000,1622592259,29755a4ba20e847b7465101a445e8b8ea077a87295473af1eb9083e9078052f5,False,False
BTC-USD,qlike,full,drop_garch11_t,range,chronos,0.34573979215667572,0.0025000000000000001,8,2791,0,40,10000,1622592259,29755a4ba20e847b7465101a445e8b8ea077a87295473af1eb9083e9078052f5,False,False
BTC-USD,qlike,full,drop_garch11_t,range,ewma,0.44098916459810655,0,1,2791,0,40,10000,1622592259,29755a4ba20e847b7465101a445e8b8ea077a87295473af1eb9083e9078052f5,False,False
BTC-USD,qlike,full,drop_garch11_t,range,garch11,0.41047895157933967,0,4,2791,0,40,10000,1622592259,29755a4ba20e847b7465101a445e8b8ea077a87295473af1eb9083e9078052f5,False,False
BTC-USD,qlike,full,drop_garch11_t,range,gjr,0.4338603752505874,0.00029999999999999997,5,2791,0,40,10000,1622592259,29755a4ba20e847b7465101a445e8b8ea077a87295473af1eb9083e9078052f5,False,False
BTC-USD,qlike,full,drop_garch11_t,range,har,0.34629927564536495,0.0030999999999999999,10,2791,0,40,10000,1622592259,29755a4ba20e847b7465101a445e8b8ea077a87295473af1eb9083e9078052f5,False,False
BTC-USD,qlike,full,drop_garch11_t,range,lgbm,0.39500048385329245,0.00080000000000000004,6,2791,0,40,10000,1622592259,29755a4ba20e847b7465101a445e8b8ea077a87295473af1eb9083e9078052f5,False,False
BTC-USD,qlike,full,drop_garch11_t,range,moirai,0.30232119332196544,1,12,2791,0,40,10000,1622592259,29755a4ba20e847b7465101a445e8b8ea077a87295473af1eb9083e9078052f5,True,True
BTC-USD,qlike,full,drop_garch11_t,range,naive,0.55665844060752911,0,2,2791,0,40,10000,1622592259,29755a4ba20e847b7465101a445e8b8ea077a87295473af1eb9083e9078052f5,False,False
BTC-USD,qlike,full,drop_garch11_t,range,patchtst,0.68391267189393523,0,3,2791,0,40,10000,1622592259,29755a4ba20e847b7465101a445e8b8ea077a87295473af1eb9083e9078052f5,False,False
BTC-USD,qlike,full,drop_garch11_t,range,timesfm,0.31244988086630499,0.1258,11,2791,0,40,10000,1622592259,29755a4ba20e847b7465101a445e8b8ea077a87295473af1eb9083e9078052f5,True,False
BTC-USD,qlike,full,drop_garch11_t,semi_quadratic,autoarima,0.35486778524124751,0.0012999999999999999,9,2791,0,40,10000,2033804646,7f14a774344d6e5602c68069e593fb858982f4252a6dfb6b173633d8734eb584,False,False
BTC-USD,qlike,full,drop_garch11_t,semi_quadratic,autoets,0.38442709371288192,0.0001,7,2791,0,40,10000,2033804646,7f14a774344d6e5602c68069e593fb858982f4252a6dfb6b173633d8734eb584,False,False
BTC-USD,qlike,full,drop_garch11_t,semi_quadratic,chronos,0.34573979215667572,0.0012999999999999999,8,2791,0,40,10000,2033804646,7f14a774344d6e5602c68069e593fb858982f4252a6dfb6b173633d8734eb584,False,False
BTC-USD,qlike,full,drop_garch11_t,semi_quadratic,ewma,0.44098916459810655,0,1,2791,0,40,10000,2033804646,7f14a774344d6e5602c68069e593fb858982f4252a6dfb6b173633d8734eb584,False,False
BTC-USD,qlike,full,drop_garch11_t,semi_quadratic,garch11,0.41047895157933967,0,4,2791,0,40,10000,2033804646,7f14a774344d6e5602c68069e593fb858982f4252a6dfb6b173633d8734eb584,False,False
BTC-USD,qlike,full,drop_garch11_t,semi_quadratic,gjr,0.4338603752505874,0,5,2791,0,40,10000,2033804646,7f14a774344d6e5602c68069e593fb858982f4252a6dfb6b173633d8734eb584,False,False
BTC-USD,qlike,full,drop_garch11_t,semi_quadratic,har,0.34629927564536495,0.0015,10,2791,0,40,10000,2033804646,7f14a774344d6e5602c68069e593fb858982f4252a6dfb6b173633d8734eb584,False,False
BTC-USD,qlike,full,drop_garch11_t,semi_quadratic,lgbm,0.39500048385329245,0,6,2791,0,40,10000,2033804646,7f14a774344d6e5602c68069e593fb858982f4252a6dfb6b173633d8734eb584,False,False
BTC-USD,qlike,full,drop_garch11_t,semi_quadratic,moirai,0.30232119332196544,1,12,2791,0,40,10000,2033804646,7f14a774344d6e5602c68069e593fb858982f4252a6dfb6b173633d8734eb584,True,True
BTC-USD,qlike,full,drop_garch11_t,semi_quadratic,naive,0.55665844060752911,0,2,2791,0,40,10000,2033804646,7f14a774344d6e5602c68069e593fb858982f4252a6dfb6b173633d8734eb584,False,False
BTC-USD,qlike,full,drop_garch11_t,semi_quadratic,patchtst,0.68391267189393523,0,3,2791,0,40,10000,2033804646,7f14a774344d6e5602c68069e593fb858982f4252a6dfb6b173633d8734eb584,False,False
BTC-USD,qlike,full,drop_garch11_t,semi_quadratic,timesfm,0.31244988086630499,0.1313,11,2791,0,40,10000,2033804646,7f14a774344d6e5602c68069e593fb858982f4252a6dfb6b173633d8734eb584,True,False
BTC-USD,fz0_0p01,full,headline,range,autoarima,-1.9986545351672855,0.83860000000000001,8,2791,0,12,10000,2129258786,0876ef93d1f8485c8a28718b97721e88b712f8bcf78a4539c018a0ecdabc0a7a,True,True
BTC-USD,fz0_0p01,full,headline,range,autoets,-1.9714308266518312,0.83860000000000001,7,2791,0,12,10000,2129258786,0876ef93d1f8485c8a28718b97721e88b712f8bcf78a4539c018a0ecdabc0a7a,True,True
BTC-USD,fz0_0p01,full,headline,range,chronos,-1.989322334657041,0.079600000000000004,3,2791,0,12,10000,2129258786,0876ef93d1f8485c8a28718b97721e88b712f8bcf78a4539c018a0ecdabc0a7a,False,False
BTC-USD,fz0_0p01,full,headline,range,ewma,-1.7996512706114414,0.010200000000000001,1,2791,0,12,10000,2129258786,0876ef93d1f8485c8a28718b97721e88b712f8bcf78a4539c018a0ecdabc0a7a,False,False
BTC-USD,fz0_0p01,full,headline,range,garch11,-1.9949498316268879,0.25850000000000001,4,2791,0,12,10000,2129258786,0876ef93d1f8485c8a28718b97721e88b712f8bcf78a4539c018a0ecdabc0a7a,True,True
BTC-USD,fz0_0p01,full,headline,range,garch11_t,-2.0586621495256145,0.99170000000000003,12,2791,0,12,10000,2129258786,0876ef93d1f8485c8a28718b97721e88b712f8bcf78a4539c018a0ecdabc0a7a,True,True
BTC-USD,fz0_0p01,full,headline,range,gjr,-2.0538765194166166,0.99170000000000003,11,2791,0,12,10000,2129258786,0876ef93d1f8485c8a28718b97721e88b712f8bcf78a4539c018a0ecdabc0a7a,True,True
BTC-USD,fz0_0p01,full,headline,range,har,-2.0292045634860596,0.92330000000000001,10,2791,0,12,10000,2129258786,0876ef93d1f8485c8a28718b97721e88b712f8bcf78a4539c018a0ecdabc0a7a,True,True
BTC-USD,fz0_0p01,full,headline,range,lgbm,-1.9428681321600485,0.38440000000000002,5,2791,0,12,10000,2129258786,0876ef93d1f8485c8a28718b97721e88b712f8bcf78a4539c018a0ecdabc0a7a,True,True
BTC-USD,fz0_0p01,full,headline,range,moirai,-2.0629105123763747,1,13,2791,0,12,10000,2129258786,0876ef93d1f8485c8a28718b97721e88b712f8bcf78a4539c018a0ecdabc0a7a,True,True
BTC-USD,fz0_0p01,full,headline,range,naive,-2.0160868118025919,0.92330000000000001,9,2791,0,12,10000,2129258786,0876ef93d1f8485c8a28718b97721e88b712f8bcf78a4539c018a0ecdabc0a7a,True,True
BTC-USD,fz0_0p01,full,headline,range,patchtst,-1.6224763830048832,0.012,2,2791,0,12,10000,2129258786,0876ef93d1f8485c8a28718b97721e88b712f8bcf78a4539c018a0ecdabc0a7a,False,False
BTC-USD,fz0_0p01,full,headline,range,timesfm,-2.0397543417367721,0.81540000000000001,6,2791,0,12,10000,2129258786,0876ef93d1f8485c8a28718b97721e88b712f8bcf78a4539c018a0ecdabc0a7a,True,True
BTC-USD,fz0_0p01,full,headline,semi_quadratic,autoarima,-1.9986545351672855,0.82869999999999999,8,2791,0,12,10000,1355697578,59cf404e3c62434e3e5916e301503f8443a1fe8a1dcdbf2a91d2c868b8941c0c,True,True
BTC-USD,fz0_0p01,full,headline,semi_quadratic,autoets,-1.9714308266518312,0.73670000000000002,7,2791,0,12,10000,1355697578,59cf404e3c62434e3e5916e301503f8443a1fe8a1dcdbf2a91d2c868b8941c0c,True,True
BTC-USD,fz0_0p01,full,headline,semi_quadratic,chronos,-1.989322334657041,0.42799999999999999,3,2791,0,12,10000,1355697578,59cf404e3c62434e3e5916e301503f8443a1fe8a1dcdbf2a91d2c868b8941c0c,True,True
BTC-USD,fz0_0p01,full,headline,semi_quadratic,ewma,-1.7996512706114414,0.0235,1,2791,0,12,10000,1355697578,59cf404e3c62434e3e5916e301503f8443a1fe8a1dcdbf2a91d2c868b8941c0c,False,False
BTC-USD,fz0_0p01,full,headline,semi_quadratic,garch11,-1.9949498316268879,0.50309999999999999,4,2791,0,12,10000,1355697578,59cf404e3c62434e3e5916e301503f8443a1fe8a1dcdbf2a91d2c868b8941c0c,True,True
BTC-USD,fz0_0p01,full,headline,semi_quadratic,garch11_t,-2.0586621495256145,0.99199999999999999,12,2791,0,12,10000,1355697578,59cf404e3c62434e3e5916e301503f8443a1fe8a1dcdbf2a91d2c868b8941c0c,True,True
BTC-USD,fz0_0p01,full,headline,semi_quadratic,gjr,-2.0538765194166166,0.99199999999999999,11,2791,0,12,10000,1355697578,59cf404e3c62434e3e5916e301503f8443a1fe8a1dcdbf2a91d2c868b8941c0c,True,True
BTC-USD,fz0_0p01,full,headline,semi_quadratic,har,-2.0292045634860596,0.93269999999999997,10,2791,0,12,10000,1355697578,59cf404e3c62434e3e5916e301503f8443a1fe8a1dcdbf2a91d2c868b8941c0c,True,True
BTC-USD,fz0_0p01,full,headline,semi_quadratic,lgbm,-1.9428681321600485,0.53300000000000003,5,2791,0,12,10000,1355697578,59cf404e3c62434e3e5916e301503f8443a1fe8a1dcdbf2a91d2c868b8941c0c,True,True
BTC-USD,fz0_0p01,full,headline,semi_quadratic,moirai,-2.0629105123763747,1,13,2791,0,12,10000,1355697578,59cf404e3c62434e3e5916e301503f8443a1fe8a1dcdbf2a91d2c868b8941c0c,True,True
BTC-USD,fz0_0p01,full,headline,semi_quadratic,naive,-2.0160868118025919,0.9264,9,2791,0,12,10000,1355697578,59cf404e3c62434e3e5916e301503f8443a1fe8a1dcdbf2a91d2c868b8941c0c,True,True
BTC-USD,fz0_0p01,full,headline,semi_quadratic,patchtst,-1.6224763830048832,0.056899999999999999,2,2791,0,12,10000,1355697578,59cf404e3c62434e3e5916e301503f8443a1fe8a1dcdbf2a91d2c868b8941c0c,False,False
BTC-USD,fz0_0p01,full,headline,semi_quadratic,timesfm,-2.0397543417367721,0.73670000000000002,6,2791,0,12,10000,1355697578,59cf404e3c62434e3e5916e301503f8443a1fe8a1dcdbf2a91d2c868b8941c0c,True,True
BTC-USD,fz0_0p01,full,drop_garch11_t,range,autoarima,-1.9986545351672855,0.79610000000000003,8,2791,0,12,10000,1948815217,8c7de8900710c6815bfe9a66f82eea059e02dbb238a8e87118a00bddb278c889,True,True
BTC-USD,fz0_0p01,full,drop_garch11_t,range,autoets,-1.9714308266518312,0.79610000000000003,7,2791,0,12,10000,1948815217,8c7de8900710c6815bfe9a66f82eea059e02dbb238a8e87118a00bddb278c889,True,True
BTC-USD,fz0_0p01,full,drop_garch11_t,range,chronos,-1.989322334657041,0.0746,3,2791,0,12,10000,1948815217,8c7de8900710c6815bfe9a66f82eea059e02dbb238a8e87118a00bddb278c889,False,False
BTC-USD,fz0_0p01,full,drop_garch11_t,range,ewma,-1.7996512706114414,0.0053,1,2791,0,12,10000,1948815217,8c7de8900710c6815bfe9a66f82eea059e02dbb238a8e87118a00bddb278c889,False,False
BTC-USD,fz0_0p01,full,drop_garch11_t,range,garch11,-1.9949498316268879,0.2016,4,2791,0,12,10000,1948815217,8c7de8900710c6815bfe9a66f82eea059e02dbb238a8e87118a00bddb278c889,True,False
BTC-USD,fz0_0p01,full,drop_garch11_t,range,gjr,-2.0538765194166166,0.90159999999999996,11,2791,0,12,10000,1948815217,8c7de8900710c6815bfe9a66f82eea059e02dbb238a8e87118a00bddb278c889,True,True
BTC-USD,fz0_0p01,full,drop_garch11_t,range,har,-2.0292045634860596,0.84330000000000005,10,2791,0,12,10000,1948815217,8c7de8900710c6815bfe9a66f82eea059e02dbb238a8e87118a00bddb278c889,True,True
BTC-USD,fz0_0p01,full,drop_garch11_t,range,lgbm,-1.9428681321600485,0.37040000000000001,5,2791,0,12,10000,1948815217,8c7de8900710c6815bfe9a66f82eea059e02dbb238a8e87118a00bddb278c889,True,True
BTC-USD,fz0_0p01,full,drop_garch11_t,range,moirai,-2.0629105123763747,1,12,2791,0,12,10000,1948815217,8c7de8900710c6815bfe9a66f82eea059e02dbb238a8e87118a00bddb278c889,True,True
BTC-USD,fz0_0p01,full,drop_garch11_t,range,naive,-2.0160868118025919,0.84330000000000005,9,2791,0,12,10000,1948815217,8c7de8900710c6815bfe9a66f82eea059e02dbb238a8e87118a00bddb278c889,True,True
BTC-USD,fz0_0p01,full,drop_garch11_t,range,patchtst,-1.6224763830048832,0.0077999999999999996,2,2791,0,12,10000,1948815217,8c7de8900710c6815bfe9a66f82eea059e02dbb238a8e87118a00bddb278c889,False,False
BTC-USD,fz0_0p01,full,drop_garch11_t,range,timesfm,-2.0397543417367721,0.79610000000000003,6,2791,0,12,10000,1948815217,8c7de8900710c6815bfe9a66f82eea059e02dbb238a8e87118a00bddb278c889,True,True
BTC-USD,fz0_0p01,full,drop_garch11_t,semi_quadratic,autoarima,-1.9986545351672855,0.72119999999999995,8,2791,0,12,10000,1609328698,949da506850ddf47331d2d5662774b4510a7db876e330276c4f937464dc4f640,True,True
BTC-USD,fz0_0p01,full,drop_garch11_t,semi_quadratic,autoets,-1.9714308266518312,0.6613,7,2791,0,12,10000,1609328698,949da506850ddf47331d2d5662774b4510a7db876e330276c4f937464dc4f640,True,True
BTC-USD,fz0_0p01,full,drop_garch11_t,semi_quadratic,chronos,-1.989322334657041,0.37009999999999998,3,2791,0,12,10000,1609328698,949da506850ddf47331d2d5662774b4510a7db876e330276c4f937464dc4f640,True,True
BTC-USD,fz0_0p01,full,drop_garch11_t,semi_quadratic,ewma,-1.7996512706114414,0.0132,1,2791,0,12,10000,1609328698,949da506850ddf47331d2d5662774b4510a7db876e330276c4f937464dc4f640,False,False
BTC-USD,fz0_0p01,full,drop_garch11_t,semi_quadratic,garch11,-1.9949498316268879,0.436,4,2791,0,12,10000,1609328698,949da506850ddf47331d2d5662774b4510a7db876e330276c4f937464dc4f640,True,True
BTC-USD,fz0_0p01,full,drop_garch11_t,semi_quadratic,gjr,-2.0538765194166166,0.9022,11,2791,0,12,10000,1609328698,949da506850ddf47331d2d5662774b4510a7db876e330276c4f937464dc4f640,True,True
BTC-USD,fz0_0p01,full,drop_garch11_t,semi_quadratic,har,-2.0292045634860596,0.83799999999999997,10,2791,0,12,10000,1609328698,949da506850ddf47331d2d5662774b4510a7db876e330276c4f937464dc4f640,True,True
BTC-USD,fz0_0p01,full,drop_garch11_t,semi_quadratic,lgbm,-1.9428681321600485,0.45729999999999998,5,2791,0,12,10000,1609328698,949da506850ddf47331d2d5662774b4510a7db876e330276c4f937464dc4f640,True,True
BTC-USD,fz0_0p01,full,drop_garch11_t,semi_quadratic,moirai,-2.0629105123763747,1,12,2791,0,12,10000,1609328698,949da506850ddf47331d2d5662774b4510a7db876e330276c4f937464dc4f640,True,True
BTC-USD,fz0_0p01,full,drop_garch11_t,semi_quadratic,naive,-2.0160868118025919,0.83799999999999997,9,2791,0,12,10000,1609328698,949da506850ddf47331d2d5662774b4510a7db876e330276c4f937464dc4f640,True,True
BTC-USD,fz0_0p01,full,drop_garch11_t,semi_quadratic,patchtst,-1.6224763830048832,0.038899999999999997,2,2791,0,12,10000,1609328698,949da506850ddf47331d2d5662774b4510a7db876e330276c4f937464dc4f640,False,False
BTC-USD,fz0_0p01,full,drop_garch11_t,semi_quadratic,timesfm,-2.0397543417367721,0.6613,6,2791,0,12,10000,1609328698,949da506850ddf47331d2d5662774b4510a7db876e330276c4f937464dc4f640,True,True
BTC-USD,fz0_0p025,full,headline,range,autoarima,-2.4079149390248475,0.2303,9,2791,0,10,10000,572530377,e1345a6e02b942a0755af893beed972bc3b2d8afc23c3299bbd711dfbbb0dd5b,True,False
BTC-USD,fz0_0p025,full,headline,range,autoets,-2.3795701758400982,0.2127,6,2791,0,10,10000,572530377,e1345a6e02b942a0755af893beed972bc3b2d8afc23c3299bbd711dfbbb0dd5b,True,False
BTC-USD,fz0_0p025,full,headline,range,chronos,-2.4329145684535147,0.16270000000000001,5,2791,0,10,10000,572530377,e1345a6e02b942a0755af893beed972bc3b2d8afc23c3299bbd711dfbbb0dd5b,True,False
BTC-USD,fz0_0p025,full,headline,range,ewma,-2.3149648104944891,0.002,2,2791,0,10,10000,572530377,e1345a6e02b942a0755af893beed972bc3b2d8afc23c3299bbd711dfbbb0dd5b,False,False
BTC-USD,fz0_0p025,full,headline,range,garch11,-2.3683085852748453,0.093100000000000002,4,2791,0,10,10000,572530377,e1345a6e02b942a0755af893beed972bc3b2d8afc23c3299bbd711dfbbb0dd5b,False,False
BTC-USD,fz0_0p025,full,headline,range,garch11_t,-2.3783957126756996,0.2127,7,2791,0,10,10000,572530377,e1345a6e02b942a0755af893beed972bc3b2d8afc23c3299bbd711dfbbb0dd5b,True,False
BTC-USD,fz0_0p025,full,headline,range,gjr,-2.4028623114081999,0.2303,12,2791,0,10,10000,572530377,e1345a6e02b942a0755af893beed972bc3b2d8afc23c3299bbd711dfbbb0dd5b,True,False
BTC-USD,fz0_0p025,full,headline,range,har,-2.4123093897005066,0.2127,8,2791,0,10,10000,572530377,e1345a6e02b942a0755af893beed972bc3b2d8afc23c3299bbd711dfbbb0dd5b,True,False
BTC-USD,fz0_0p025,full,headline,range,lgbm,-2.3657585721673469,0.026100000000000002,3,2791,0,10,10000,572530377,e1345a6e02b942a0755af893beed972bc3b2d8afc23c3299bbd711dfbbb0dd5b,False,False
BTC-USD,fz0_0p025,full,headline,range,moirai,-2.4658657914712108,1,13,2791,0,10,10000,572530377,e1345a6e02b942a0755af893beed972bc3b2d8afc23c3299bbd711dfbbb0dd5b,True,True
BTC-USD,fz0_0p025,full,headline,range,naive,-2.3702736902892108,0.2303,10,2791,0,10,10000,572530377,e1345a6e02b942a0755af893beed972bc3b2d8afc23c3299bbd711dfbbb0dd5b,True,False
BTC-USD,fz0_0p025,full,headline,range,patchtst,-2.2073745389038351,0.00080000000000000004,1,2791,0,10,10000,572530377,e1345a6e02b942a0755af893beed972bc3b2d8afc23c3299bbd711dfbbb0dd5b,False,False
BTC-USD,fz0_0p025,full,headline,range,timesfm,-2.447965897260914,0.2303,11,2791,0,10,10000,572530377,e1345a6e02b942a0755af893beed972bc3b2d8afc23c3299bbd711dfbbb0dd5b,True,False
BTC-USD,fz0_0p025,full,headline,semi_quadratic,autoarima,-2.4079149390248475,0.1169,9,2791,0,10,10000,1034821801,807d4c990bd43f4ed9b3fa09f28ac7bfc9f9cc4772809d0ecea5d727fa1994b1,True,False
BTC-USD,fz0_0p025,full,headline,semi_quadratic,autoets,-2.3795701758400982,0.1169,6,2791,0,10,10000,1034821801,807d4c990bd43f4ed9b3fa09f28ac7bfc9f9cc4772809d0ecea5d727fa1994b1,True,False
BTC-USD,fz0_0p025,full,headline,semi_quadratic,chronos,-2.4329145684535147,0.1169,5,2791,0,10,10000,1034821801,807d4c990bd43f4ed9b3fa09f28ac7bfc9f9cc4772809d0ecea5d727fa1994b1,True,False
BTC-USD,fz0_0p025,full,headline,semi_quadratic,ewma,-2.3149648104944891,0.023900000000000001,2,2791,0,10,10000,1034821801,807d4c990bd43f4ed9b3fa09f28ac7bfc9f9cc4772809d0ecea5d727fa1994b1,False,False
BTC-USD,fz0_0p025,full,headline,semi_quadratic,garch11,-2.3683085852748453,0.090999999999999998,4,2791,0,10,10000,1034821801,807d4c990bd43f4ed9b3fa09f28ac7bfc9f9cc4772809d0ecea5d727fa1994b1,False,False
BTC-USD,fz0_0p025,full,headline,semi_quadratic,garch11_t,-2.3783957126756996,0.1169,7,2791,0,10,10000,1034821801,807d4c990bd43f4ed9b3fa09f28ac7bfc9f9cc4772809d0ecea5d727fa1994b1,True,False
BTC-USD,fz0_0p025,full,headline,semi_quadratic,gjr,-2.4028623114081999,0.1169,12,2791,0,10,10000,1034821801,807d4c990bd43f4ed9b3fa09f28ac7bfc9f9cc4772809d0ecea5d727fa1994b1,True,False
BTC-USD,fz0_0p025,full,headline,semi_quadratic,har,-2.4123093897005066,0.1169,8,2791,0,10,10000,1034821801,807d4c990bd43f4ed9b3fa09f28ac7bfc9f9cc4772809d0ecea5d727fa1994b1,True,False
BTC-USD,fz0_0p025,full,headline,semi_quadratic,lgbm,-2.3657585721673469,0.069599999999999995,3,2791,0,10,10000,1034821801,807d4c990bd43f4ed9b3fa09f28ac7bfc9f9cc4772809d0ecea5d727fa1994b1,False,False
BTC-USD,fz0_0p025,full,headline,semi_quadratic,moirai,-2.4658657914712108,1,13,2791,0,10,10000,1034821801,807d4c990bd43f4ed9b3fa09f28ac7bfc9f9cc4772809d0ecea5d727fa1994b1,True,True
BTC-USD,fz0_0p025,full,headline,semi_quadratic,naive,-2.3702736902892108,0.1169,10,2791,0,10,10000,1034821801,807d4c990bd43f4ed9b3fa09f28ac7bfc9f9cc4772809d0ecea5d727fa1994b1,True,False
BTC-USD,fz0_0p025,full,headline,semi_quadratic,patchtst,-2.2073745389038351,0.0040000000000000001,1,2791,0,10,10000,1034821801,807d4c990bd43f4ed9b3fa09f28ac7bfc9f9cc4772809d0ecea5d727fa1994b1,False,False
BTC-USD,fz0_0p025,full,headline,semi_quadratic,timesfm,-2.447965897260914,0.1169,11,2791,0,10,10000,1034821801,807d4c990bd43f4ed9b3fa09f28ac7bfc9f9cc4772809d0ecea5d727fa1994b1,True,False
BTC-USD,fz0_0p025,full,drop_garch11_t,range,autoarima,-2.4079149390248475,0.21609999999999999,8,2791,0,10,10000,643352975,f6314ab1f5a290123210523fe51f0b9cd1232df2534def42fe6cad9287df3aea,True,False
BTC-USD,fz0_0p025,full,drop_garch11_t,range,autoets,-2.3795701758400982,0.1719,6,2791,0,10,10000,643352975,f6314ab1f5a290123210523fe51f0b9cd1232df2534def42fe6cad9287df3aea,True,False
BTC-USD,fz0_0p025,full,drop_garch11_t,range,chronos,-2.4329145684535147,0.14249999999999999,5,2791,0,10,10000,643352975,f6314ab1f5a290123210523fe51f0b9cd1232df2534def42fe6cad9287df3aea,True,False
BTC-USD,fz0_0p025,full,drop_garch11_t,range,ewma,-2.3149648104944891,0.0014,2,2791,0,10,10000,643352975,f6314ab1f5a290123210523fe51f0b9cd1232df2534def42fe6cad9287df3aea,False,False
BTC-USD,fz0_0p025,full,drop_garch11_t,range,garch11,-2.3683085852748453,0.084900000000000003,4,2791,0,10,10000,643352975,f6314ab1f5a290123210523fe51f0b9cd1232df2534def42fe6cad9287df3aea,False,False
BTC-USD,fz0_0p025,full,drop_garch11_t,range,gjr,-2.4028623114081999,0.21609999999999999,11,2791,0,10,10000,643352975,f6314ab1f5a290123210523fe51f0b9cd1232df2534def42fe6cad9287df3aea,True,False
BTC-USD,fz0_0p025,full,drop_garch11_t,range,har,-2.4123093897005066,0.18740000000000001,7,2791,0,10,10000,643352975,f6314ab1f5a290123210523fe51f0b9cd1232df2534def42fe6cad9287df3aea,True,False
BTC-USD,fz0_0p025,full,drop_garch11_t,range,lgbm,-2.3657585721673469,0.021600000000000001,3,2791,0,10,10000,643352975,f6314ab1f5a290123210523fe51f0b9cd1232df2534def42fe6cad9287df3aea,False,False
BTC-USD,fz0_0p025,full,drop_garch11_t,range,moirai,-2.4658657914712108,1,12,2791,0,10,10000,643352975,f6314ab1f5a290123210523fe51f0b9cd1232df2534def42fe6cad9287df3aea,True,True
BTC-USD,fz0_0p025,full,drop_garch11_t,range,naive,-2.3702736902892108,0.21609999999999999,9,2791,0,10,10000,643352975,f6314ab1f5a290123210523fe51f0b9cd1232df2534def42fe6cad9287df3aea,True,False
BTC-USD,fz0_0p025,full,drop_garch11_t,range,patchtst,-2.2073745389038351,0.00059999999999999995,1,2791,0,10,10000,643352975,f6314ab1f5a290123210523fe51f0b9cd1232df2534def42fe6cad9287df3aea,False,False
BTC-USD,fz0_0p025,full,drop_garch11_t,range,timesfm,-2.447965897260914,0.21609999999999999,10,2791,0,10,10000,643352975,f6314ab1f5a290123210523fe51f0b9cd1232df2534def42fe6cad9287df3aea,True,False
BTC-USD,fz0_0p025,full,drop_garch11_t,semi_quadratic,autoarima,-2.4079149390248475,0.1072,8,2791,0,10,10000,1318980243,77f2c61672bbfd0915c49bc3c2b4bb6cb6a4b9da5bd66ec297fdba7542e89643,True,False
BTC-USD,fz0_0p025,full,drop_garch11_t,semi_quadratic,autoets,-2.3795701758400982,0.1026,6,2791,0,10,10000,1318980243,77f2c61672bbfd0915c49bc3c2b4bb6cb6a4b9da5bd66ec297fdba7542e89643,True,False
BTC-USD,fz0_0p025,full,drop_garch11_t,semi_quadratic,chronos,-2.4329145684535147,0.1026,5,2791,0,10,10000,1318980243,77f2c61672bbfd0915c49bc3c2b4bb6cb6a4b9da5bd66ec297fdba7542e89643,True,False
BTC-USD,fz0_0p025,full,drop_garch11_t,semi_quadratic,ewma,-2.3149648104944891,0.0123,2,2791,0,10,10000,1318980243,77f2c61672bbfd0915c49bc3c2b4bb6cb6a4b9da5bd66ec297fdba7542e89643,False,False
BTC-USD,fz0_0p025,full,drop_garch11_t,semi_quadratic,garch11,-2.3683085852748453,0.073800000000000004,4,2791,0,10,10000,1318980243,77f2c61672bbfd0915c49bc3c2b4bb6cb6a4b9da5bd66ec297fdba7542e89643,False,False
BTC-USD,fz0_0p025,full,drop_garch11_t,semi_quadratic,gjr,-2.4028623114081999,0.1072,11,2791,0,10,10000,1318980243,77f2c61672bbfd0915c49bc3c2b4bb6cb6a4b9da5bd66ec297fdba7542e89643,True,False
BTC-USD,fz0_0p025,full,drop_garch11_t,semi_quadratic,har,-2.4123093897005066,0.1072,7,2791,0,10,10000,1318980243,77f2c61672bbfd0915c49bc3c2b4bb6cb6a4b9da5bd66ec297fdba7542e89643,True,False
BTC-USD,fz0_0p025,full,drop_garch11_t,semi_quadratic,lgbm,-2.3657585721673469,0.047699999999999999,3,2791,0,10,10000,1318980243,77f2c61672bbfd0915c49bc3c2b4bb6cb6a4b9da5bd66ec297fdba7542e89643,False,False
BTC-USD,fz0_0p025,full,drop_garch11_t,semi_quadratic,moirai,-2.4658657914712108,1,12,2791,0,10,10000,1318980243,77f2c61672bbfd0915c49bc3c2b4bb6cb6a4b9da5bd66ec297fdba7542e89643,True,True
BTC-USD,fz0_0p025,full,drop_garch11_t,semi_quadratic,naive,-2.3702736902892108,0.1072,9,2791,0,10,10000,1318980243,77f2c61672bbfd0915c49bc3c2b4bb6cb6a4b9da5bd66ec297fdba7542e89643,True,False
BTC-USD,fz0_0p025,full,drop_garch11_t,semi_quadratic,patchtst,-2.2073745389038351,0.0016000000000000001,1,2791,0,10,10000,1318980243,77f2c61672bbfd0915c49bc3c2b4bb6cb6a4b9da5bd66ec297fdba7542e89643,False,False
BTC-USD,fz0_0p025,full,drop_garch11_t,semi_quadratic,timesfm,-2.447965897260914,0.1072,10,2791,0,10,10000,1318980243,77f2c61672bbfd0915c49bc3c2b4bb6cb6a4b9da5bd66ec297fdba7542e89643,True,False
BTC-USD,fz0_0p05,full,headline,range,autoarima,-2.6642879279161371,0.0051000000000000004,9,2791,0,13,10000,846397918,0d5009bd501c68efa10196fbc3b137be21f0f297ed2669c6a65cd44aff4aec14,False,False
BTC-USD,fz0_0p05,full,headline,range,autoets,-2.6322782701221286,0.001,7,2791,0,13,10000,846397918,0d5009bd501c68efa10196fbc3b137be21f0f297ed2669c6a65cd44aff4aec14,False,False
BTC-USD,fz0_0p05,full,headline,range,chronos,-2.7015879446865898,0.042799999999999998,11,2791,0,13,10000,846397918,0d5009bd501c68efa10196fbc3b137be21f0f297ed2669c6a65cd44aff4aec14,False,False
BTC-USD,fz0_0p05,full,headline,range,ewma,-2.6062549321281616,0.0001,2,2791,0,13,10000,846397918,0d5009bd501c68efa10196fbc3b137be21f0f297ed2669c6a65cd44aff4aec14,False,False
BTC-USD,fz0_0p05,full,headline,range,garch11,-2.6243094610463582,0.00089999999999999998,4,2791,0,13,10000,846397918,0d5009bd501c68efa10196fbc3b137be21f0f297ed2669c6a65cd44aff4aec14,False,False
BTC-USD,fz0_0p05,full,headline,range,garch11_t,-2.6345459513764702,0.00089999999999999998,5,2791,0,13,10000,846397918,0d5009bd501c68efa10196fbc3b137be21f0f297ed2669c6a65cd44aff4aec14,False,False
BTC-USD,fz0_0p05,full,headline,range,gjr,-2.6490785661006093,0.0095999999999999992,10,2791,0,13,10000,846397918,0d5009bd501c68efa10196fbc3b137be21f0f297ed2669c6a65cd44aff4aec14,False,False
BTC-USD,fz0_0p05,full,headline,range,har,-2.6600310424782734,0.00089999999999999998,6,2791,0,13,10000,846397918,0d5009bd501c68efa10196fbc3b137be21f0f297ed2669c6a65cd44aff4aec14,False,False
BTC-USD,fz0_0p05,full,headline,range,lgbm,-2.631246528630395,0.00029999999999999997,3,2791,0,13,10000,846397918,0d5009bd501c68efa10196fbc3b137be21f0f297ed2669c6a65cd44aff4aec14,False,False
BTC-USD,fz0_0p05,full,headline,range,moirai,-2.723102747460092,1,13,2791,0,13,10000,846397918,0d5009bd501c68efa10196fbc3b137be21f0f297ed2669c6a65cd44aff4aec14,True,True
BTC-USD,fz0_0p05,full,headline,range,naive,-2.6067478942007964,0.0022000000000000001,8,2791,0,13,10000,846397918,0d5009bd501c68efa10196fbc3b137be21f0f297ed2669c6a65cd44aff4aec14,False,False
BTC-USD,fz0_0p05,full,headline,range,patchtst,-2.5377483482421739,0,1,2791,0,13,10000,846397918,0d5009bd501c68efa10196fbc3b137be21f0f297ed2669c6a65cd44aff4aec14,False,False
BTC-USD,fz0_0p05,full,headline,range,timesfm,-2.7087626591147598,0.042799999999999998,12,2791,0,13,10000,846397918,0d5009bd501c68efa10196fbc3b137be21f0f297ed2669c6a65cd44aff4aec14,False,False
BTC-USD,fz0_0p05,full,headline,semi_quadratic,autoarima,-2.6642879279161371,0.0016000000000000001,9,2791,0,13,10000,730710825,fd8b63b35fc4ba20bef3da83a69f7fd9adbf3e6ada24f75109e15c9325dea507,False,False
BTC-USD,fz0_0p05,full,headline,semi_quadratic,autoets,-2.6322782701221286,0.00050000000000000001,7,2791,0,13,10000,730710825,fd8b63b35fc4ba20bef3da83a69f7fd9adbf3e6ada24f75109e15c9325dea507,False,False
BTC-USD,fz0_0p05,full,headline,semi_quadratic,chronos,-2.7015879446865898,0.030300000000000001,11,2791,0,13,10000,730710825,fd8b63b35fc4ba20bef3da83a69f7fd9adbf3e6ada24f75109e15c9325dea507,False,False
BTC-USD,fz0_0p05,full,headline,semi_quadratic,ewma,-2.6062549321281616,0,2,2791,0,13,10000,730710825,fd8b63b35fc4ba20bef3da83a69f7fd9adbf3e6ada24f75109e15c9325dea507,False,False
BTC-USD,fz0_0p05,full,headline,semi_quadratic,garch11,-2.6243094610463582,0.00040000000000000002,4,2791,0,13,10000,730710825,fd8b63b35fc4ba20bef3da83a69f7fd9adbf3e6ada24f75109e15c9325dea507,False,False
BTC-USD,fz0_0p05,full,headline,semi_quadratic,garch11_t,-2.6345459513764702,0.00040000000000000002,5,2791,0,13,10000,730710825,fd8b63b35fc4ba20bef3da83a69f7fd9adbf3e6ada24f75109e15c9325dea507,False,False
BTC-USD,fz0_0p05,full,headline,semi_quadratic,gjr,-2.6490785661006093,0.0030000000000000001,10,2791,0,13,10000,730710825,fd8b63b35fc4ba20bef3da83a69f7fd9adbf3e6ada24f75109e15c9325dea507,False,False
BTC-USD,fz0_0p05,full,headline,semi_quadratic,har,-2.6600310424782734,0.00050000000000000001,6,2791,0,13,10000,730710825,fd8b63b35fc4ba20bef3da83a69f7fd9adbf3e6ada24f75109e15c9325dea507,False,False
BTC-USD,fz0_0p05,full,headline,semi_quadratic,lgbm,-2.631246528630395,0.00020000000000000001,3,2791,0,13,10000,730710825,fd8b63b35fc4ba20bef3da83a69f7fd9adbf3e6ada24f75109e15c9325dea507,False,False
BTC-USD,fz0_0p05,full,headline,semi_quadratic,moirai,-2.723102747460092,1,13,2791,0,13,10000,730710825,fd8b63b35fc4ba20bef3da83a69f7fd9adbf3e6ada24f75109e15c9325dea507,True,True
BTC-USD,fz0_0p05,full,headline,semi_quadratic,naive,-2.6067478942007964,0.00050000000000000001,8,2791,0,13,10000,730710825,fd8b63b35fc4ba20bef3da83a69f7fd9adbf3e6ada24f75109e15c9325dea507,False,False
BTC-USD,fz0_0p05,full,headline,semi_quadratic,patchtst,-2.5377483482421739,0,1,2791,0,13,10000,730710825,fd8b63b35fc4ba20bef3da83a69f7fd9adbf3e6ada24f75109e15c9325dea507,False,False
BTC-USD,fz0_0p05,full,headline,semi_quadratic,timesfm,-2.7087626591147598,0.035099999999999999,12,2791,0,13,10000,730710825,fd8b63b35fc4ba20bef3da83a69f7fd9adbf3e6ada24f75109e15c9325dea507,False,False
BTC-USD,fz0_0p05,full,drop_garch11_t,range,autoarima,-2.6642879279161371,0.0054999999999999997,8,2791,0,13,10000,533766965,bb11b6920aae2891b61caae73c60b70945e6c23f82a24cec8ce175c33e8787d0,False,False
BTC-USD,fz0_0p05,full,drop_garch11_t,range,autoets,-2.6322782701221286,0.0014,6,2791,0,13,10000,533766965,bb11b6920aae2891b61caae73c60b70945e6c23f82a24cec8ce175c33e8787d0,False,False
BTC-USD,fz0_0p05,full,drop_garch11_t,range,chronos,-2.7015879446865898,0.047600000000000003,10,2791,0,13,10000,533766965,bb11b6920aae2891b61caae73c60b70945e6c23f82a24cec8ce175c33e8787d0,False,False
BTC-USD,fz0_0p05,full,drop_garch11_t,range,ewma,-2.6062549321281616,0.0001,2,2791,0,13,10000,533766965,bb11b6920aae2891b61caae73c60b70945e6c23f82a24cec8ce175c33e8787d0,False,False
BTC-USD,fz0_0p05,full,drop_garch11_t,range,garch11,-2.6243094610463582,0.00080000000000000004,4,2791,0,13,10000,533766965,bb11b6920aae2891b61caae73c60b70945e6c23f82a24cec8ce175c33e8787d0,False,False
BTC-USD,fz0_0p05,full,drop_garch11_t,range,gjr,-2.6490785661006093,0.010699999999999999,9,2791,0,13,10000,533766965,bb11b6920aae2891b61caae73c60b70945e6c23f82a24cec8ce175c33e8787d0,False,False
BTC-USD,fz0_0p05,full,drop_garch11_t,range,har,-2.6600310424782734,0.0012999999999999999,5,2791,0,13,10000,533766965,bb11b6920aae2891b61caae73c60b70945e6c23f82a24cec8ce175c33e8787d0,False,False
BTC-USD,fz0_0p05,full,drop_garch11_t,range,lgbm,-2.631246528630395,0.00020000000000000001,3,2791,0,13,10000,533766965,bb11b6920aae2891b61caae73c60b70945e6c23f82a24cec8ce175c33e8787d0,False,False
BTC-USD,fz0_0p05,full,drop_garch11_t,range,moirai,-2.723102747460092,1,12,2791,0,13,10000,533766965,bb11b6920aae2891b61caae73c60b70945e6c23f82a24cec8ce175c33e8787d0,True,True
BTC-USD,fz0_0p05,full,drop_garch11_t,range,naive,-2.6067478942007964,0.0030999999999999999,7,2791,0,13,10000,533766965,bb11b6920aae2891b61caae73c60b70945e6c23f82a24cec8ce175c33e8787d0,False,False
BTC-USD,fz0_0p05,full,drop_garch11_t,range,patchtst,-2.5377483482421739,0.0001,1,2791,0,13,10000,533766965,bb11b6920aae2891b61caae73c60b70945e6c23f82a24cec8ce175c33e8787d0,False,False
BTC-USD,fz0_0p05,full,drop_garch11_t,range,timesfm,-2.7087626591147598,0.047600000000000003,11,2791,0,13,10000,533766965,bb11b6920aae2891b61caae73c60b70945e6c23f82a24cec8ce175c33e8787d0,False,False
BTC-USD,fz0_0p05,full,drop_garch11_t,semi_quadratic,autoarima,-2.6642879279161371,0.0016999999999999999,8,2791,0,13,10000,1430178159,08f7ac5365e43a8952c6bdf22b3556de59ead4a69a158f2472eda2f36eb94eae,False,False
BTC-USD,fz0_0p05,full,drop_garch11_t,semi_quadratic,autoets,-2.6322782701221286,0.00069999999999999999,6,2791,0,13,10000,1430178159,08f7ac5365e43a8952c6bdf22b3556de59ead4a69a158f2472eda2f36eb94eae,False,False
BTC-USD,fz0_0p05,full,drop_garch11_t,semi_quadratic,chronos,-2.7015879446865898,0.029399999999999999,10,2791,0,13,10000,1430178159,08f7ac5365e43a8952c6bdf22b3556de59ead4a69a158f2472eda2f36eb94eae,False,False
BTC-USD,fz0_0p05,full,drop_garch11_t,semi_quadratic,ewma,-2.6062549321281616,0,2,2791,0,13,10000,1430178159,08f7ac5365e43a8952c6bdf22b3556de59ead4a69a158f2472eda2f36eb94eae,False,False
BTC-USD,fz0_0p05,full,drop_garch11_t,semi_quadratic,garch11,-2.6243094610463582,0.00050000000000000001,4,2791,0,13,10000,1430178159,08f7ac5365e43a8952c6bdf22b3556de59ead4a69a158f2472eda2f36eb94eae,False,False
BTC-USD,fz0_0p05,full,drop_garch11_t,semi_quadratic,gjr,-2.6490785661006093,0.0038,9,2791,0,13,10000,1430178159,08f7ac5365e43a8952c6bdf22b3556de59ead4a69a158f2472eda2f36eb94eae,False,False
BTC-USD,fz0_0p05,full,drop_garch11_t,semi_quadratic,har,-2.6600310424782734,0.00069999999999999999,5,2791,0,13,10000,1430178159,08f7ac5365e43a8952c6bdf22b3556de59ead4a69a158f2472eda2f36eb94eae,False,False
BTC-USD,fz0_0p05,full,drop_garch11_t,semi_quadratic,lgbm,-2.631246528630395,0.00020000000000000001,3,2791,0,13,10000,1430178159,08f7ac5365e43a8952c6bdf22b3556de59ead4a69a158f2472eda2f36eb94eae,False,False
BTC-USD,fz0_0p05,full,drop_garch11_t,semi_quadratic,moirai,-2.723102747460092,1,12,2791,0,13,10000,1430178159,08f7ac5365e43a8952c6bdf22b3556de59ead4a69a158f2472eda2f36eb94eae,True,True
BTC-USD,fz0_0p05,full,drop_garch11_t,semi_quadratic,naive,-2.6067478942007964,0.00069999999999999999,7,2791,0,13,10000,1430178159,08f7ac5365e43a8952c6bdf22b3556de59ead4a69a158f2472eda2f36eb94eae,False,False
BTC-USD,fz0_0p05,full,drop_garch11_t,semi_quadratic,patchtst,-2.5377483482421739,0,1,2791,0,13,10000,1430178159,08f7ac5365e43a8952c6bdf22b3556de59ead4a69a158f2472eda2f36eb94eae,False,False
BTC-USD,fz0_0p05,full,drop_garch11_t,semi_quadratic,timesfm,-2.7087626591147598,0.035200000000000002,11,2791,0,13,10000,1430178159,08f7ac5365e43a8952c6bdf22b3556de59ead4a69a158f2472eda2f36eb94eae,False,False
BTC-USD,fz0_avg,full,headline,range,autoarima,-2.3569524673694286,0.45490000000000003,7,2791,0,11,10000,561658028,2fd05015fc33a72e11103cb3068ae48f5702514857eee911929ce8ac7efb1938,True,True
BTC-USD,fz0_avg,full,headline,range,autoets,-2.3277597575380184,0.35949999999999999,6,2791,0,11,10000,561658028,2fd05015fc33a72e11103cb3068ae48f5702514857eee911929ce8ac7efb1938,True,True
BTC-USD,fz0_avg,full,headline,range,chronos,-2.3746082825990502,0.095000000000000001,4,2791,0,11,10000,561658028,2fd05015fc33a72e11103cb3068ae48f5702514857eee911929ce8ac7efb1938,False,False
BTC-USD,fz0_avg,full,headline,range,ewma,-2.2402903377446943,0.0030000000000000001,1,2791,0,11,10000,561658028,2fd05015fc33a72e11103cb3068ae48f5702514857eee911929ce8ac7efb1938,False,False
BTC-USD,fz0_avg,full,headline,range,garch11,-2.3291892926493616,0.10929999999999999,5,2791,0,11,10000,561658028,2fd05015fc33a72e11103cb3068ae48f5702514857eee911929ce8ac7efb1938,True,False
BTC-USD,fz0_avg,full,headline,range,garch11_t,-2.3572012711925927,0.48320000000000002,11,2791,0,11,10000,561658028,2fd05015fc33a72e11103cb3068ae48f5702514857eee911929ce8ac7efb1938,True,True
BTC-USD,fz0_avg,full,headline,range,gjr,-2.3686057989751417,0.48320000000000002,12,2791,0,11,10000,561658028,2fd05015fc33a72e11103cb3068ae48f5702514857eee911929ce8ac7efb1938,True,True
BTC-USD,fz0_avg,full,headline,range,har,-2.3671816652216182,0.45490000000000003,8,2791,0,11,10000,561658028,2fd05015fc33a72e11103cb3068ae48f5702514857eee911929ce8ac7efb1938,True,True
BTC-USD,fz0_avg,full,headline,range,lgbm,-2.3132910776526008,0.073099999999999998,3,2791,0,11,10000,561658028,2fd05015fc33a72e11103cb3068ae48f5702514857eee911929ce8ac7efb1938,False,False
BTC-USD,fz0_avg,full,headline,range,moirai,-2.4172930171025593,1,13,2791,0,11,10000,561658028,2fd05015fc33a72e11103cb3068ae48f5702514857eee911929ce8ac7efb1938,True,True
BTC-USD,fz0_avg,full,headline,range,naive,-2.3310361320975379,0.45490000000000003,10,2791,0,11,10000,561658028,2fd05015fc33a72e11103cb3068ae48f5702514857eee911929ce8ac7efb1938,True,True
BTC-USD,fz0_avg,full,headline,range,patchtst,-2.1225330900502883,0.0030000000000000001,2,2791,0,11,10000,561658028,2fd05015fc33a72e11103cb3068ae48f5702514857eee911929ce8ac7efb1938,False,False
BTC-USD,fz0_avg,full,headline,range,timesfm,-2.3988276327041502,0.45490000000000003,9,2791,0,11,10000,561658028,2fd05015fc33a72e11103cb3068ae48f5702514857eee911929ce8ac7efb1938,True,True
BTC-USD,fz0_avg,full,headline,semi_quadratic,autoarima,-2.3569524673694286,0.34989999999999999,7,2791,0,11,10000,1155338132,40ef4d7efcad39c5b6d70cb96b54d5d65c2174e3b9fc1b6fb03590671a4a52d6,True,True
BTC-USD,fz0_avg,full,headline,semi_quadratic,autoets,-2.3277597575380184,0.28199999999999997,6,2791,0,11,10000,1155338132,40ef4d7efcad39c5b6d70cb96b54d5d65c2174e3b9fc1b6fb03590671a4a52d6,True,True
BTC-USD,fz0_avg,full,headline,semi_quadratic,chronos,-2.3746082825990502,0.21229999999999999,4,2791,0,11,10000,1155338132,40ef4d7efcad39c5b6d70cb96b54d5d65c2174e3b9fc1b6fb03590671a4a52d6,True,False
BTC-USD,fz0_avg,full,headline,semi_quadratic,ewma,-2.2402903377446943,0.0091000000000000004,1,2791,0,11,10000,1155338132,40ef4d7efcad39c5b6d70cb96b54d5d65c2174e3b9fc1b6fb03590671a4a52d6,False,False
BTC-USD,fz0_avg,full,headline,semi_quadratic,garch11,-2.3291892926493616,0.21729999999999999,5,2791,0,11,10000,1155338132,40ef4d7efcad39c5b6d70cb96b54d5d65c2174e3b9fc1b6fb03590671a4a52d6,True,False
BTC-USD,fz0_avg,full,headline,semi_quadratic,garch11_t,-2.3572012711925927,0.41070000000000001,11,2791,0,11,10000,1155338132,40ef4d7efcad39c5b6d70cb96b54d5d65c2174e3b9fc1b6fb03590671a4a52d6,True,True
BTC-USD,fz0_avg,full,headline,semi_quadratic,gjr,-2.3686057989751417,0.41070000000000001,12,2791,0,11,10000,1155338132,40ef4d7efcad39c5b6d70cb96b54d5d65c2174e3b9fc1b6fb03590671a4a52d6,True,True
BTC-USD,fz0_avg,full,headline,semi_quadratic,har,-2.3671816652216182,0.34989999999999999,8,2791,0,11,10000,1155338132,40ef4d7efcad39c5b6d70cb96b54d5d65c2174e3b9fc1b6fb03590671a4a52d6,True,True
BTC-USD,fz0_avg,full,headline,semi_quadratic,lgbm,-2.3132910776526008,0.15490000000000001,3,2791,0,11,10000,1155338132,40ef4d7efcad39c5b6d70cb96b54d5d65c2174e3b9fc1b6fb03590671a4a52d6,True,False
BTC-USD,fz0_avg,full,headline,semi_quadratic,moirai,-2.4172930171025593,1,13,2791,0,11,10000,1155338132,40ef4d7efcad39c5b6d70cb96b54d5d65c2174e3b9fc1b6fb03590671a4a52d6,True,True
BTC-USD,fz0_avg,full,headline,semi_quadratic,naive,-2.3310361320975379,0.34989999999999999,10,2791,0,11,10000,1155338132,40ef4d7efcad39c5b6d70cb96b54d5d65c2174e3b9fc1b6fb03590671a4a52d6,True,True
BTC-USD,fz0_avg,full,headline,semi_quadratic,patchtst,-2.1225330900502883,0.019599999999999999,2,2791,0,11,10000,1155338132,40ef4d7efcad39c5b6d70cb96b54d5d65c2174e3b9fc1b6fb03590671a4a52d6,False,False
BTC-USD,fz0_avg,full,headline,semi_quadratic,timesfm,-2.3988276327041502,0.34989999999999999,9,2791,0,11,10000,1155338132,40ef4d7efcad39c5b6d70cb96b54d5d65c2174e3b9fc1b6fb03590671a4a52d6,True,True
BTC-USD,fz0_avg,full,drop_garch11_t,range,autoarima,-2.3569524673694286,0.39069999999999999,8,2791,0,11,10000,1538940834,fc6d69d49b01be506faf3a078ed3c2a0eedb4ca5f4bd73a72036fef114c6e6ce,True,True
BTC-USD,fz0_avg,full,drop_garch11_t,range,autoets,-2.3277597575380184,0.31530000000000002,6,2791,0,11,10000,1538940834,fc6d69d49b01be506faf3a078ed3c2a0eedb4ca5f4bd73a72036fef114c6e6ce,True,True
BTC-USD,fz0_avg,full,drop_garch11_t,range,chronos,-2.3746082825990502,0.087400000000000005,4,2791,0,11,10000,1538940834,fc6d69d49b01be506faf3a078ed3c2a0eedb4ca5f4bd73a72036fef114c6e6ce,False,False
BTC-USD,fz0_avg,full,drop_garch11_t,range,ewma,-2.2402903377446943,0.0020999999999999999,1,2791,0,11,10000,1538940834,fc6d69d49b01be506faf3a078ed3c2a0eedb4ca5f4bd73a72036fef114c6e6ce,False,False
BTC-USD,fz0_avg,full,drop_garch11_t,range,garch11,-2.3291892926493616,0.097699999999999995,5,2791,0,11,10000,1538940834,fc6d69d49b01be506faf3a078ed3c2a0eedb4ca5f4bd73a72036fef114c6e6ce,False,False
BTC-USD,fz0_avg,full,drop_garch11_t,range,gjr,-2.3686057989751417,0.39069999999999999,11,2791,0,11,10000,1538940834,fc6d69d49b01be506faf3a078ed3c2a0eedb4ca5f4bd73a72036fef114c6e6ce,True,True
BTC-USD,fz0_avg,full,drop_garch11_t,range,har,-2.3671816652216182,0.39069999999999999,7,2791,0,11,10000,1538940834,fc6d69d49b01be506faf3a078ed3c2a0eedb4ca5f4bd73a72036fef114c6e6ce,True,True
BTC-USD,fz0_avg,full,drop_garch11_t,range,lgbm,-2.3132910776526008,0.057799999999999997,3,2791,0,11,10000,1538940834,fc6d69d49b01be506faf3a078ed3c2a0eedb4ca5f4bd73a72036fef114c6e6ce,False,False
BTC-USD,fz0_avg,full,drop_garch11_t,range,moirai,-2.4172930171025593,1,12,2791,0,11,10000,1538940834,fc6d69d49b01be506faf3a078ed3c2a0eedb4ca5f4bd73a72036fef114c6e6ce,True,True
BTC-USD,fz0_avg,full,drop_garch11_t,range,naive,-2.3310361320975379,0.39069999999999999,10,2791,0,11,10000,1538940834,fc6d69d49b01be506faf3a078ed3c2a0eedb4ca5f4bd73a72036fef114c6e6ce,True,True
BTC-USD,fz0_avg,full,drop_garch11_t,range,patchtst,-2.1225330900502883,0.0020999999999999999,2,2791,0,11,10000,1538940834,fc6d69d49b01be506faf3a078ed3c2a0eedb4ca5f4bd73a72036fef114c6e6ce,False,False
BTC-USD,fz0_avg,full,drop_garch11_t,range,timesfm,-2.3988276327041502,0.39069999999999999,9,2791,0,11,10000,1538940834,fc6d69d49b01be506faf3a078ed3c2a0eedb4ca5f4bd73a72036fef114c6e6ce,True,True
BTC-USD,fz0_avg,full,drop_garch11_t,semi_quadratic,autoarima,-2.3569524673694286,0.24660000000000001,7,2791,0,11,10000,343407396,27b1a18a0074efe14b37d45e941d9f78a66b6022d47a75bb0be9a3e5a06e1dce,True,False
BTC-USD,fz0_avg,full,drop_garch11_t,semi_quadratic,autoets,-2.3277597575380184,0.2026,6,2791,0,11,10000,343407396,27b1a18a0074efe14b37d45e941d9f78a66b6022d47a75bb0be9a3e5a06e1dce,True,False
BTC-USD,fz0_avg,full,drop_garch11_t,semi_quadratic,chronos,-2.3746082825990502,0.15490000000000001,4,2791,0,11,10000,343407396,27b1a18a0074efe14b37d45e941d9f78a66b6022d47a75bb0be9a3e5a06e1dce,True,False
BTC-USD,fz0_avg,full,drop_garch11_t,semi_quadratic,ewma,-2.2402903377446943,0.0041999999999999997,1,2791,0,11,10000,343407396,27b1a18a0074efe14b37d45e941d9f78a66b6022d47a75bb0be9a3e5a06e1dce,False,False
BTC-USD,fz0_avg,full,drop_garch11_t,semi_quadratic,garch11,-2.3291892926493616,0.15629999999999999,5,2791,0,11,10000,343407396,27b1a18a0074efe14b37d45e941d9f78a66b6022d47a75bb0be9a3e5a06e1dce,True,False
BTC-USD,fz0_avg,full,drop_garch11_t,semi_quadratic,gjr,-2.3686057989751417,0.26429999999999998,11,2791,0,11,10000,343407396,27b1a18a0074efe14b37d45e941d9f78a66b6022d47a75bb0be9a3e5a06e1dce,True,True
BTC-USD,fz0_avg,full,drop_garch11_t,semi_quadratic,har,-2.3671816652216182,0.24660000000000001,8,2791,0,11,10000,343407396,27b1a18a0074efe14b37d45e941d9f78a66b6022d47a75bb0be9a3e5a06e1dce,True,False
BTC-USD,fz0_avg,full,drop_garch11_t,semi_quadratic,lgbm,-2.3132910776526008,0.1116,3,2791,0,11,10000,343407396,27b1a18a0074efe14b37d45e941d9f78a66b6022d47a75bb0be9a3e5a06e1dce,True,False
BTC-USD,fz0_avg,full,drop_garch11_t,semi_quadratic,moirai,-2.4172930171025593,1,12,2791,0,11,10000,343407396,27b1a18a0074efe14b37d45e941d9f78a66b6022d47a75bb0be9a3e5a06e1dce,True,True
BTC-USD,fz0_avg,full,drop_garch11_t,semi_quadratic,naive,-2.3310361320975379,0.24660000000000001,10,2791,0,11,10000,343407396,27b1a18a0074efe14b37d45e941d9f78a66b6022d47a75bb0be9a3e5a06e1dce,True,False
BTC-USD,fz0_avg,full,drop_garch11_t,semi_quadratic,patchtst,-2.1225330900502883,0.0112,2,2791,0,11,10000,343407396,27b1a18a0074efe14b37d45e941d9f78a66b6022d47a75bb0be9a3e5a06e1dce,False,False
BTC-USD,fz0_avg,full,drop_garch11_t,semi_quadratic,timesfm,-2.3988276327041502,0.24660000000000001,9,2791,0,11,10000,343407396,27b1a18a0074efe14b37d45e941d9f78a66b6022d47a75bb0be9a3e5a06e1dce,True,False
BTC-USD,qlike_ex_near_zero,full,headline,range,autoarima,0.35486778524124751,0.0030999999999999999,10,2791,0,40,10000,856878886,79bf58cd3e2c48eeb7b7483efc3e88f67da3a23688c31ba5b57490f5521a8332,False,False
BTC-USD,qlike_ex_near_zero,full,headline,range,autoets,0.38442709371288192,0.00080000000000000004,8,2791,0,40,10000,856878886,79bf58cd3e2c48eeb7b7483efc3e88f67da3a23688c31ba5b57490f5521a8332,False,False
BTC-USD,qlike_ex_near_zero,full,headline,range,chronos,0.34573979215667572,0.0018,9,2791,0,40,10000,856878886,79bf58cd3e2c48eeb7b7483efc3e88f67da3a23688c31ba5b57490f5521a8332,False,False
BTC-USD,qlike_ex_near_zero,full,headline,range,ewma,0.44098916459810655,0,1,2791,0,40,10000,856878886,79bf58cd3e2c48eeb7b7483efc3e88f67da3a23688c31ba5b57490f5521a8332,False,False
BTC-USD,qlike_ex_near_zero,full,headline,range,garch11,0.41047895157933967,0,5,2791,0,40,10000,856878886,79bf58cd3e2c48eeb7b7483efc3e88f67da3a23688c31ba5b57490f5521a8332,False,False
BTC-USD,qlike_ex_near_zero,full,headline,range,garch11_t,0.45938124341133979,0,3,2791,0,40,10000,856878886,79bf58cd3e2c48eeb7b7483efc3e88f67da3a23688c31ba5b57490f5521a8332,False,False
BTC-USD,qlike_ex_near_zero,full,headline,range,gjr,0.4338603752505874,0.00020000000000000001,6,2791,0,40,10000,856878886,79bf58cd3e2c48eeb7b7483efc3e88f67da3a23688c31ba5b57490f5521a8332,False,False
BTC-USD,qlike_ex_near_zero,full,headline,range,har,0.34629927564536495,0.0032000000000000002,11,2791,0,40,10000,856878886,79bf58cd3e2c48eeb7b7483efc3e88f67da3a23688c31ba5b57490f5521a8332,False,False
BTC-USD,qlike_ex_near_zero,full,headline,range,lgbm,0.39500048385329245,0.00059999999999999995,7,2791,0,40,10000,856878886,79bf58cd3e2c48eeb7b7483efc3e88f67da3a23688c31ba5b57490f5521a8332,False,False
BTC-USD,qlike_ex_near_zero,full,headline,range,moirai,0.30232119332196544,1,13,2791,0,40,10000,856878886,79bf58cd3e2c48eeb7b7483efc3e88f67da3a23688c31ba5b57490f5521a8332,True,True
BTC-USD,qlike_ex_near_zero,full,headline,range,naive,0.55665844060752911,0,2,2791,0,40,10000,856878886,79bf58cd3e2c48eeb7b7483efc3e88f67da3a23688c31ba5b57490f5521a8332,False,False
BTC-USD,qlike_ex_near_zero,full,headline,range,patchtst,0.68391267189393523,0,4,2791,0,40,10000,856878886,79bf58cd3e2c48eeb7b7483efc3e88f67da3a23688c31ba5b57490f5521a8332,False,False
BTC-USD,qlike_ex_near_zero,full,headline,range,timesfm,0.31244988086630499,0.1283,12,2791,0,40,10000,856878886,79bf58cd3e2c48eeb7b7483efc3e88f67da3a23688c31ba5b57490f5521a8332,True,False
BTC-USD,qlike_ex_near_zero,full,headline,semi_quadratic,autoarima,0.35486778524124751,0.00089999999999999998,10,2791,0,40,10000,1361677109,2b95121cfaf4987e26fbccda52f1d6721d48ff69202faf9fd1991687570192e1,False,False
BTC-USD,qlike_ex_near_zero,full,headline,semi_quadratic,autoets,0.38442709371288192,0.00020000000000000001,8,2791,0,40,10000,1361677109,2b95121cfaf4987e26fbccda52f1d6721d48ff69202faf9fd1991687570192e1,False,False
BTC-USD,qlike_ex_near_zero,full,headline,semi_quadratic,chronos,0.34573979215667572,0.00059999999999999995,9,2791,0,40,10000,1361677109,2b95121cfaf4987e26fbccda52f1d6721d48ff69202faf9fd1991687570192e1,False,False
BTC-USD,qlike_ex_near_zero,full,headline,semi_quadratic,ewma,0.44098916459810655,0,1,2791,0,40,10000,1361677109,2b95121cfaf4987e26fbccda52f1d6721d48ff69202faf9fd1991687570192e1,False,False
BTC-USD,qlike_ex_near_zero,full,headline,semi_quadratic,garch11,0.41047895157933967,0.0001,5,2791,0,40,10000,1361677109,2b95121cfaf4987e26fbccda52f1d6721d48ff69202faf9fd1991687570192e1,False,False
BTC-USD,qlike_ex_near_zero,full,headline,semi_quadratic,garch11_t,0.45938124341133979,0,2,2791,0,40,10000,1361677109,2b95121cfaf4987e26fbccda52f1d6721d48ff69202faf9fd1991687570192e1,False,False
BTC-USD,qlike_ex_near_zero,full,headline,semi_quadratic,gjr,0.4338603752505874,0.0001,6,2791,0,40,10000,1361677109,2b95121cfaf4987e26fbccda52f1d6721d48ff69202faf9fd1991687570192e1,False,False
BTC-USD,qlike_ex_near_zero,full,headline,semi_quadratic,har,0.34629927564536495,0.0011999999999999999,11,2791,0,40,10000,1361677109,2b95121cfaf4987e26fbccda52f1d6721d48ff69202faf9fd1991687570192e1,False,False
BTC-USD,qlike_ex_near_zero,full,headline,semi_quadratic,lgbm,0.39500048385329245,0.0001,7,2791,0,40,10000,1361677109,2b95121cfaf4987e26fbccda52f1d6721d48ff69202faf9fd1991687570192e1,False,False
BTC-USD,qlike_ex_near_zero,full,headline,semi_quadratic,moirai,0.30232119332196544,1,13,2791,0,40,10000,1361677109,2b95121cfaf4987e26fbccda52f1d6721d48ff69202faf9fd1991687570192e1,True,True
BTC-USD,qlike_ex_near_zero,full,headline,semi_quadratic,naive,0.55665844060752911,0,3,2791,0,40,10000,1361677109,2b95121cfaf4987e26fbccda52f1d6721d48ff69202faf9fd1991687570192e1,False,False
BTC-USD,qlike_ex_near_zero,full,headline,semi_quadratic,patchtst,0.68391267189393523,0,4,2791,0,40,10000,1361677109,2b95121cfaf4987e26fbccda52f1d6721d48ff69202faf9fd1991687570192e1,False,False
BTC-USD,qlike_ex_near_zero,full,headline,semi_quadratic,timesfm,0.31244988086630499,0.12959999999999999,12,2791,0,40,10000,1361677109,2b95121cfaf4987e26fbccda52f1d6721d48ff69202faf9fd1991687570192e1,True,False
BTC-USD,qlike_ex_near_zero,full,drop_garch11_t,range,autoarima,0.35486778524124751,0.0030000000000000001,9,2791,0,40,10000,1617125656,b6b123f038033ad4ee2ccc720aa4f0b016ef533516ed76d3bf6f4f1367dc078e,False,False
BTC-USD,qlike_ex_near_zero,full,drop_garch11_t,range,autoets,0.38442709371288192,0.00069999999999999999,7,2791,0,40,10000,1617125656,b6b123f038033ad4ee2ccc720aa4f0b016ef533516ed76d3bf6f4f1367dc078e,False,False
BTC-USD,qlike_ex_near_zero,full,drop_garch11_t,range,chronos,0.34573979215667572,0.0016000000000000001,8,2791,0,40,10000,1617125656,b6b123f038033ad4ee2ccc720aa4f0b016ef533516ed76d3bf6f4f1367dc078e,False,False
BTC-USD,qlike_ex_near_zero,full,drop_garch11_t,range,ewma,0.44098916459810655,0,1,2791,0,40,10000,1617125656,b6b123f038033ad4ee2ccc720aa4f0b016ef533516ed76d3bf6f4f1367dc078e,False,False
BTC-USD,qlike_ex_near_zero,full,drop_garch11_t,range,garch11,0.41047895157933967,0.0001,4,2791,0,40,10000,1617125656,b6b123f038033ad4ee2ccc720aa4f0b016ef533516ed76d3bf6f4f1367dc078e,False,False
BTC-USD,qlike_ex_near_zero,full,drop_garch11_t,range,gjr,0.4338603752505874,0.00050000000000000001,5,2791,0,40,10000,1617125656,b6b123f038033ad4ee2ccc720aa4f0b016ef533516ed76d3bf6f4f1367dc078e,False,False
BTC-USD,qlike_ex_near_zero,full,drop_garch11_t,range,har,0.34629927564536495,0.0030000000000000001,10,2791,0,40,10000,1617125656,b6b123f038033ad4ee2ccc720aa4f0b016ef533516ed76d3bf6f4f1367dc078e,False,False
BTC-USD,qlike_ex_near_zero,full,drop_garch11_t,range,lgbm,0.39500048385329245,0.00069999999999999999,6,2791,0,40,10000,1617125656,b6b123f038033ad4ee2ccc720aa4f0b016ef533516ed76d3bf6f4f1367dc078e,False,False
BTC-USD,qlike_ex_near_zero,full,drop_garch11_t,range,moirai,0.30232119332196544,1,12,2791,0,40,10000,1617125656,b6b123f038033ad4ee2ccc720aa4f0b016ef533516ed76d3bf6f4f1367dc078e,True,True
BTC-USD,qlike_ex_near_zero,full,drop_garch11_t,range,naive,0.55665844060752911,0,2,2791,0,40,10000,1617125656,b6b123f038033ad4ee2ccc720aa4f0b016ef533516ed76d3bf6f4f1367dc078e,False,False
BTC-USD,qlike_ex_near_zero,full,drop_garch11_t,range,patchtst,0.68391267189393523,0.0001,3,2791,0,40,10000,1617125656,b6b123f038033ad4ee2ccc720aa4f0b016ef533516ed76d3bf6f4f1367dc078e,False,False
BTC-USD,qlike_ex_near_zero,full,drop_garch11_t,range,timesfm,0.31244988086630499,0.126,11,2791,0,40,10000,1617125656,b6b123f038033ad4ee2ccc720aa4f0b016ef533516ed76d3bf6f4f1367dc078e,True,False
BTC-USD,qlike_ex_near_zero,full,drop_garch11_t,semi_quadratic,autoarima,0.35486778524124751,0.002,9,2791,0,40,10000,1704689918,03559462516586c113215f30c1844735f10bad34f36973a3faba5752e975f5d3,False,False
BTC-USD,qlike_ex_near_zero,full,drop_garch11_t,semi_quadratic,autoets,0.38442709371288192,0.00040000000000000002,7,2791,0,40,10000,1704689918,03559462516586c113215f30c1844735f10bad34f36973a3faba5752e975f5d3,False,False
BTC-USD,qlike_ex_near_zero,full,drop_garch11_t,semi_quadratic,chronos,0.34573979215667572,0.002,8,2791,0,40,10000,1704689918,03559462516586c113215f30c1844735f10bad34f36973a3faba5752e975f5d3,False,False
BTC-USD,qlike_ex_near_zero,full,drop_garch11_t,semi_quadratic,ewma,0.44098916459810655,0,1,2791,0,40,10000,1704689918,03559462516586c113215f30c1844735f10bad34f36973a3faba5752e975f5d3,False,False
BTC-USD,qlike_ex_near_zero,full,drop_garch11_t,semi_quadratic,garch11,0.41047895157933967,0,3,2791,0,40,10000,1704689918,03559462516586c113215f30c1844735f10bad34f36973a3faba5752e975f5d3,False,False
BTC-USD,qlike_ex_near_zero,full,drop_garch11_t,semi_quadratic,gjr,0.4338603752505874,0,5,2791,0,40,10000,1704689918,03559462516586c113215f30c1844735f10bad34f36973a3faba5752e975f5d3,False,False
BTC-USD,qlike_ex_near_zero,full,drop_garch11_t,semi_quadratic,har,0.34629927564536495,0.0023,10,2791,0,40,10000,1704689918,03559462516586c113215f30c1844735f10bad34f36973a3faba5752e975f5d3,False,False
BTC-USD,qlike_ex_near_zero,full,drop_garch11_t,semi_quadratic,lgbm,0.39500048385329245,0.00020000000000000001,6,2791,0,40,10000,1704689918,03559462516586c113215f30c1844735f10bad34f36973a3faba5752e975f5d3,False,False
BTC-USD,qlike_ex_near_zero,full,drop_garch11_t,semi_quadratic,moirai,0.30232119332196544,1,12,2791,0,40,10000,1704689918,03559462516586c113215f30c1844735f10bad34f36973a3faba5752e975f5d3,True,True
BTC-USD,qlike_ex_near_zero,full,drop_garch11_t,semi_quadratic,naive,0.55665844060752911,0,2,2791,0,40,10000,1704689918,03559462516586c113215f30c1844735f10bad34f36973a3faba5752e975f5d3,False,False
BTC-USD,qlike_ex_near_zero,full,drop_garch11_t,semi_quadratic,patchtst,0.68391267189393523,0,4,2791,0,40,10000,1704689918,03559462516586c113215f30c1844735f10bad34f36973a3faba5752e975f5d3,False,False
BTC-USD,qlike_ex_near_zero,full,drop_garch11_t,semi_quadratic,timesfm,0.31244988086630499,0.1241,11,2791,0,40,10000,1704689918,03559462516586c113215f30c1844735f10bad34f36973a3faba5752e975f5d3,True,False
CAC,crps,full,headline,range,autoarima,0.0066064696652258876,0.082100000000000006,7,5038,0,161,10000,1078468,c3ca12ce3dd8933d2d8acada047c2a242e706f152ff2ab8cf840e5c73b57a612,False,False
CAC,crps,full,headline,range,autoets,0.0066037267519597218,0.15970000000000001,9,5038,0,161,10000,1078468,c3ca12ce3dd8933d2d8acada047c2a242e706f152ff2ab8cf840e5c73b57a612,True,False
CAC,crps,full,headline,range,chronos,0.0066014821063504056,0.15970000000000001,10,5038,0,161,10000,1078468,c3ca12ce3dd8933d2d8acada047c2a242e706f152ff2ab8cf840e5c73b57a612,True,False
CAC,crps,full,headline,range,ewma,0.0066492427814793705,0,3,5038,0,161,10000,1078468,c3ca12ce3dd8933d2d8acada047c2a242e706f152ff2ab8cf840e5c73b57a612,False,False
CAC,crps,full,headline,range,garch11,0.0066516517513554203,0,2,5038,0,161,10000,1078468,c3ca12ce3dd8933d2d8acada047c2a242e706f152ff2ab8cf840e5c73b57a612,False,False
CAC,crps,full,headline,range,garch11_t,0.0066318357883464393,0.0011000000000000001,5,5038,0,161,10000,1078468,c3ca12ce3dd8933d2d8acada047c2a242e706f152ff2ab8cf840e5c73b57a612,False,False
CAC,crps,full,headline,range,gjr,0.0065960658207700256,0.80259999999999998,11,5038,0,161,10000,1078468,c3ca12ce3dd8933d2d8acada047c2a242e706f152ff2ab8cf840e5c73b57a612,True,True
CAC,crps,full,headline,range,har,0.0065895753742901599,1,13,5038,0,161,10000,1078468,c3ca12ce3dd8933d2d8acada047c2a242e706f152ff2ab8cf840e5c73b57a612,True,True
CAC,crps,full,headline,range,lgbm,0.0067621152620086214,0.0071999999999999998,6,5038,0,161,10000,1078468,c3ca12ce3dd8933d2d8acada047c2a242e706f152ff2ab8cf840e5c73b57a612,False,False
CAC,crps,full,headline,range,moirai,0.0065903237745023307,0.92259999999999998,12,5038,0,161,10000,1078468,c3ca12ce3dd8933d2d8acada047c2a242e706f152ff2ab8cf840e5c73b57a612,True,True
CAC,crps,full,headline,range,naive,0.0068798639439316975,0,1,5038,0,161,10000,1078468,c3ca12ce3dd8933d2d8acada047c2a242e706f152ff2ab8cf840e5c73b57a612,False,False
CAC,crps,full,headline,range,patchtst,0.006764911393047298,0.0001,4,5038,0,161,10000,1078468,c3ca12ce3dd8933d2d8acada047c2a242e706f152ff2ab8cf840e5c73b57a612,False,False
CAC,crps,full,headline,range,timesfm,0.0066036781358999024,0.15890000000000001,8,5038,0,161,10000,1078468,c3ca12ce3dd8933d2d8acada047c2a242e706f152ff2ab8cf840e5c73b57a612,True,False
CAC,crps,full,headline,semi_quadratic,autoarima,0.0066064696652258876,0.079200000000000007,7,5038,0,161,10000,236666061,2dbf87e4798e13e817aca00554a853ba6091fe5afa160c8328c39cfa1de272c6,False,False
CAC,crps,full,headline,semi_quadratic,autoets,0.0066037267519597218,0.16209999999999999,9,5038,0,161,10000,236666061,2dbf87e4798e13e817aca00554a853ba6091fe5afa160c8328c39cfa1de272c6,True,False
CAC,crps,full,headline,semi_quadratic,chronos,0.0066014821063504056,0.26250000000000001,10,5038,0,161,10000,236666061,2dbf87e4798e13e817aca00554a853ba6091fe5afa160c8328c39cfa1de272c6,True,True
CAC,crps,full,headline,semi_quadratic,ewma,0.0066492427814793705,0,3,5038,0,161,10000,236666061,2dbf87e4798e13e817aca00554a853ba6091fe5afa160c8328c39cfa1de272c6,False,False
CAC,crps,full,headline,semi_quadratic,garch11,0.0066516517513554203,0,2,5038,0,161,10000,236666061,2dbf87e4798e13e817aca00554a853ba6091fe5afa160c8328c39cfa1de272c6,False,False
CAC,crps,full,headline,semi_quadratic,garch11_t,0.0066318357883464393,0.00050000000000000001,5,5038,0,161,10000,236666061,2dbf87e4798e13e817aca00554a853ba6091fe5afa160c8328c39cfa1de272c6,False,False
CAC,crps,full,headline,semi_quadratic,gjr,0.0065960658207700256,0.81640000000000001,11,5038,0,161,10000,236666061,2dbf87e4798e13e817aca00554a853ba6091fe5afa160c8328c39cfa1de272c6,True,True
CAC,crps,full,headline,semi_quadratic,har,0.0065895753742901599,1,13,5038,0,161,10000,236666061,2dbf87e4798e13e817aca00554a853ba6091fe5afa160c8328c39cfa1de272c6,True,True
CAC,crps,full,headline,semi_quadratic,lgbm,0.0067621152620086214,0.0041000000000000003,6,5038,0,161,10000,236666061,2dbf87e4798e13e817aca00554a853ba6091fe5afa160c8328c39cfa1de272c6,False,False
CAC,crps,full,headline,semi_quadratic,moirai,0.0065903237745023307,0.93079999999999996,12,5038,0,161,10000,236666061,2dbf87e4798e13e817aca00554a853ba6091fe5afa160c8328c39cfa1de272c6,True,True
CAC,crps,full,headline,semi_quadratic,naive,0.0068798639439316975,0,1,5038,0,161,10000,236666061,2dbf87e4798e13e817aca00554a853ba6091fe5afa160c8328c39cfa1de272c6,False,False
CAC,crps,full,headline,semi_quadratic,patchtst,0.006764911393047298,0.0001,4,5038,0,161,10000,236666061,2dbf87e4798e13e817aca00554a853ba6091fe5afa160c8328c39cfa1de272c6,False,False
CAC,crps,full,headline,semi_quadratic,timesfm,0.0066036781358999024,0.1212,8,5038,0,161,10000,236666061,2dbf87e4798e13e817aca00554a853ba6091fe5afa160c8328c39cfa1de272c6,True,False
CAC,log_score,full,headline,range,autoarima,-3.0732072875891108,0.040399999999999998,6,5038,0,72,10000,1681925275,faeeb0954e84624eb80f812517f5e1cbada18a9004741c7adc62562b36fea693,False,False
CAC,log_score,full,headline,range,autoets,-3.0768515018431222,0.21260000000000001,9,5038,0,72,10000,1681925275,faeeb0954e84624eb80f812517f5e1cbada18a9004741c7adc62562b36fea693,True,False
CAC,log_score,full,headline,range,chronos,-3.0753973855140373,0.21260000000000001,7,5038,0,72,10000,1681925275,faeeb0954e84624eb80f812517f5e1cbada18a9004741c7adc62562b36fea693,True,False
CAC,log_score,full,headline,range,ewma,-3.0513819186801019,0.00020000000000000001,1,5038,0,72,10000,1681925275,faeeb0954e84624eb80f812517f5e1cbada18a9004741c7adc62562b36fea693,False,False
CAC,log_score,full,headline,range,garch11,-3.0623536945576331,0.00020000000000000001,2,5038,0,72,10000,1681925275,faeeb0954e84624eb80f812517f5e1cbada18a9004741c7adc62562b36fea693,False,False
CAC,log_score,full,headline,range,garch11_t,-3.0901509789744832,1,13,5038,0,72,10000,1681925275,faeeb0954e84624eb80f812517f5e1cbada18a9004741c7adc62562b36fea693,True,True
CAC,log_score,full,headline,range,gjr,-3.084404634901762,0.68679999999999997,11,5038,0,72,10000,1681925275,faeeb0954e84624eb80f812517f5e1cbada18a9004741c7adc62562b36fea693,True,True
CAC,log_score,full,headline,range,har,-3.0849219562755068,0.68679999999999997,12,5038,0,72,10000,1681925275,faeeb0954e84624eb80f812517f5e1cbada18a9004741c7adc62562b36fea693,True,True
CAC,log_score,full,headline,range,lgbm,-3.0186663947936809,0.018499999999999999,5,5038,0,72,10000,1681925275,faeeb0954e84624eb80f812517f5e1cbada18a9004741c7adc62562b36fea693,False,False
CAC,log_score,full,headline,range,moirai,-3.0798400083240502,0.57450000000000001,10,5038,0,72,10000,1681925275,faeeb0954e84624eb80f812517f5e1cbada18a9004741c7adc62562b36fea693,True,True
CAC,log_score,full,headline,range,naive,-2.910806080389762,0.0022000000000000001,4,5038,0,72,10000,1681925275,faeeb0954e84624eb80f812517f5e1cbada18a9004741c7adc62562b36fea693,False,False
CAC,log_score,full,headline,range,patchtst,-2.9183835090700461,0.00080000000000000004,3,5038,0,72,10000,1681925275,faeeb0954e84624eb80f812517f5e1cbada18a9004741c7adc62562b36fea693,False,False
CAC,log_score,full,headline,range,timesfm,-3.0771107106142082,0.21260000000000001,8,5038,0,72,10000,1681925275,faeeb0954e84624eb80f812517f5e1cbada18a9004741c7adc62562b36fea693,True,False
CAC,log_score,full,headline,semi_quadratic,autoarima,-3.0732072875891108,0.067199999999999996,6,5038,0,72,10000,940068971,c40b4132f1a7ad0cd27a4af604d35259acc807ba7b1522fb754766e1c64668b9,False,False
CAC,log_score,full,headline,semi_quadratic,autoets,-3.0768515018431222,0.23139999999999999,9,5038,0,72,10000,940068971,c40b4132f1a7ad0cd27a4af604d35259acc807ba7b1522fb754766e1c64668b9,True,False
CAC,log_score,full,headline,semi_quadratic,chronos,-3.0753973855140373,0.1196,7,5038,0,72,10000,940068971,c40b4132f1a7ad0cd27a4af604d35259acc807ba7b1522fb754766e1c64668b9,True,False
CAC,log_score,full,headline,semi_quadratic,ewma,-3.0513819186801019,0.0001,1,5038,0,72,10000,940068971,c40b4132f1a7ad0cd27a4af604d35259acc807ba7b1522fb754766e1c64668b9,False,False
CAC,log_score,full,headline,semi_quadratic,garch11,-3.0623536945576331,0.00059999999999999995,2,5038,0,72,10000,940068971,c40b4132f1a7ad0cd27a4af604d35259acc807ba7b1522fb754766e1c64668b9,False,False
CAC,log_score,full,headline,semi_quadratic,garch11_t,-3.0901509789744832,1,13,5038,0,72,10000,940068971,c40b4132f1a7ad0cd27a4af604d35259acc807ba7b1522fb754766e1c64668b9,True,True
CAC,log_score,full,headline,semi_quadratic,gjr,-3.084404634901762,0.64659999999999995,11,5038,0,72,10000,940068971,c40b4132f1a7ad0cd27a4af604d35259acc807ba7b1522fb754766e1c64668b9,True,True
CAC,log_score,full,headline,semi_quadratic,har,-3.0849219562755068,0.64659999999999995,12,5038,0,72,10000,940068971,c40b4132f1a7ad0cd27a4af604d35259acc807ba7b1522fb754766e1c64668b9,True,True
CAC,log_score,full,headline,semi_quadratic,lgbm,-3.0186663947936809,0.0067000000000000002,5,5038,0,72,10000,940068971,c40b4132f1a7ad0cd27a4af604d35259acc807ba7b1522fb754766e1c64668b9,False,False
CAC,log_score,full,headline,semi_quadratic,moirai,-3.0798400083240502,0.4904,10,5038,0,72,10000,940068971,c40b4132f1a7ad0cd27a4af604d35259acc807ba7b1522fb754766e1c64668b9,True,True
CAC,log_score,full,headline,semi_quadratic,naive,-2.910806080389762,0.0022000000000000001,4,5038,0,72,10000,940068971,c40b4132f1a7ad0cd27a4af604d35259acc807ba7b1522fb754766e1c64668b9,False,False
CAC,log_score,full,headline,semi_quadratic,patchtst,-2.9183835090700461,0.001,3,5038,0,72,10000,940068971,c40b4132f1a7ad0cd27a4af604d35259acc807ba7b1522fb754766e1c64668b9,False,False
CAC,log_score,full,headline,semi_quadratic,timesfm,-3.0771107106142082,0.1633,8,5038,0,72,10000,940068971,c40b4132f1a7ad0cd27a4af604d35259acc807ba7b1522fb754766e1c64668b9,True,False
CAC,pinball_0p01,full,headline,range,autoarima,0.00046018193586810284,0.17030000000000001,7,5038,0,87,10000,275441825,c679d378d8be96442a7161f92712cd0887b118395586f999caeea1574f296aff,True,False
CAC,pinball_0p01,full,headline,range,autoets,0.00045032685362891378,0.26190000000000002,9,5038,0,87,10000,275441825,c679d378d8be96442a7161f92712cd0887b118395586f999caeea1574f296aff,True,True
CAC,pinball_0p01,full,headline,range,chronos,0.00046964454602672619,0.1263,4,5038,0,87,10000,275441825,c679d378d8be96442a7161f92712cd0887b118395586f999caeea1574f296aff,True,False
CAC,pinball_0p01,full,headline,range,ewma,0.0004657045501596592,0.109,2,5038,0,87,10000,275441825,c679d378d8be96442a7161f92712cd0887b118395586f999caeea1574f296aff,True,False
CAC,pinball_0p01,full,headline,range,garch11,0.00044183066132201206,0.26190000000000002,10,5038,0,87,10000,275441825,c679d378d8be96442a7161f92712cd0887b118395586f999caeea1574f296aff,True,True
CAC,pinball_0p01,full,headline,range,garch11_t,0.00043064345242105101,0.65249999999999997,12,5038,0,87,10000,275441825,c679d378d8be96442a7161f92712cd0887b118395586f999caeea1574f296aff,True,True
CAC,pinball_0p01,full,headline,range,gjr,0.00042690495122932749,1,13,5038,0,87,10000,275441825,c679d378d8be96442a7161f92712cd0887b118395586f999caeea1574f296aff,True,True
CAC,pinball_0p01,full,headline,range,har,0.00044815547287502407,0.26450000000000001,11,5038,0,87,10000,275441825,c679d378d8be96442a7161f92712cd0887b118395586f999caeea1574f296aff,True,True
CAC,pinball_0p01,full,headline,range,lgbm,0.00050438544125420504,0.1928,8,5038,0,87,10000,275441825,c679d378d8be96442a7161f92712cd0887b118395586f999caeea1574f296aff,True,False
CAC,pinball_0p01,full,headline,range,moirai,0.0004766562300947596,0.121,3,5038,0,87,10000,275441825,c679d378d8be96442a7161f92712cd0887b118395586f999caeea1574f296aff,True,False
CAC,pinball_0p01,full,headline,range,naive,0.00058590023933272658,0.1583,5,5038,0,87,10000,275441825,c679d378d8be96442a7161f92712cd0887b118395586f999caeea1574f296aff,True,False
CAC,pinball_0p01,full,headline,range,patchtst,0.00060829149490240579,0.026800000000000001,1,5038,0,87,10000,275441825,c679d378d8be96442a7161f92712cd0887b118395586f999caeea1574f296aff,False,False
CAC,pinball_0p01,full,headline,range,timesfm,0.00046463112320647927,0.1583,6,5038,0,87,10000,275441825,c679d378d8be96442a7161f92712cd0887b118395586f999caeea1574f296aff,True,False
CAC,pinball_0p01,full,headline,semi_quadratic,autoarima,0.00046018193586810284,0.055399999999999998,7,5038,0,87,10000,182203532,a0f2777cac95a5dc5491cf2def040804478e6ca15c7afb16fd0d62aaec2f4fb6,False,False
CAC,pinball_0p01,full,headline,semi_quadratic,autoets,0.00045032685362891378,0.16639999999999999,9,5038,0,87,10000,182203532,a0f2777cac95a5dc5491cf2def040804478e6ca15c7afb16fd0d62aaec2f4fb6,True,False
CAC,pinball_0p01,full,headline,semi_quadratic,chronos,0.00046964454602672619,0.0327,4,5038,0,87,10000,182203532,a0f2777cac95a5dc5491cf2def040804478e6ca15c7afb16fd0d62aaec2f4fb6,False,False
CAC,pinball_0p01,full,headline,semi_quadratic,ewma,0.0004657045501596592,0.0292,2,5038,0,87,10000,182203532,a0f2777cac95a5dc5491cf2def040804478e6ca15c7afb16fd0d62aaec2f4fb6,False,False
CAC,pinball_0p01,full,headline,semi_quadratic,garch11,0.00044183066132201206,0.18440000000000001,10,5038,0,87,10000,182203532,a0f2777cac95a5dc5491cf2def040804478e6ca15c7afb16fd0d62aaec2f4fb6,True,False
CAC,pinball_0p01,full,headline,semi_quadratic,garch11_t,0.00043064345242105101,0.65490000000000004,12,5038,0,87,10000,182203532,a0f2777cac95a5dc5491cf2def040804478e6ca15c7afb16fd0d62aaec2f4fb6,True,True
CAC,pinball_0p01,full,headline,semi_quadratic,gjr,0.00042690495122932749,1,13,5038,0,87,10000,182203532,a0f2777cac95a5dc5491cf2def040804478e6ca15c7afb16fd0d62aaec2f4fb6,True,True
CAC,pinball_0p01,full,headline,semi_quadratic,har,0.00044815547287502407,0.2145,11,5038,0,87,10000,182203532,a0f2777cac95a5dc5491cf2def040804478e6ca15c7afb16fd0d62aaec2f4fb6,True,False
CAC,pinball_0p01,full,headline,semi_quadratic,lgbm,0.00050438544125420504,0.072700000000000001,8,5038,0,87,10000,182203532,a0f2777cac95a5dc5491cf2def040804478e6ca15c7afb16fd0d62aaec2f4fb6,False,False
CAC,pinball_0p01,full,headline,semi_quadratic,moirai,0.0004766562300947596,0.0292,3,5038,0,87,10000,182203532,a0f2777cac95a5dc5491cf2def040804478e6ca15c7afb16fd0d62aaec2f4fb6,False,False
CAC,pinball_0p01,full,headline,semi_quadratic,naive,0.00058590023933272658,0.035200000000000002,5,5038,0,87,10000,182203532,a0f2777cac95a5dc5491cf2def040804478e6ca15c7afb16fd0d62aaec2f4fb6,False,False
CAC,pinball_0p01,full,headline,semi_quadratic,patchtst,0.00060829149490240579,0.017000000000000001,1,5038,0,87,10000,182203532,a0f2777cac95a5dc5491cf2def040804478e6ca15c7afb16fd0d62aaec2f4fb6,False,False
CAC,pinball_0p01,full,headline,semi_quadratic,timesfm,0.00046463112320647927,0.045400000000000003,6,5038,0,87,10000,182203532,a0f2777cac95a5dc5491cf2def040804478e6ca15c7afb16fd0d62aaec2f4fb6,False,False
CAC,pinball_0p025,full,headline,range,autoarima,0.00087990975752589293,0.161,8,5038,0,92,10000,352877393,a77997fec9ab9e01e18efb72030feab1c00c03d6b33d335edf7a37d96876d32e,True,False
CAC,pinball_0p025,full,headline,range,autoets,0.00087216959435067263,0.161,11,5038,0,92,10000,352877393,a77997fec9ab9e01e18efb72030feab1c00c03d6b33d335edf7a37d96876d32e,True,False
CAC,pinball_0p025,full,headline,range,chronos,0.00089310582810029498,0.13500000000000001,6,5038,0,92,10000,352877393,a77997fec9ab9e01e18efb72030feab1c00c03d6b33d335edf7a37d96876d32e,True,False
CAC,pinball_0p025,full,headline,range,ewma,0.00089005985785724868,0.13139999999999999,4,5038,0,92,10000,352877393,a77997fec9ab9e01e18efb72030feab1c00c03d6b33d335edf7a37d96876d32e,True,False
CAC,pinball_0p025,full,headline,range,garch11,0.00087014151526903897,0.161,10,5038,0,92,10000,352877393,a77997fec9ab9e01e18efb72030feab1c00c03d6b33d335edf7a37d96876d32e,True,False
CAC,pinball_0p025,full,headline,range,garch11_t,0.00086996199229916128,0.161,9,5038,0,92,10000,352877393,a77997fec9ab9e01e18efb72030feab1c00c03d6b33d335edf7a37d96876d32e,True,False
CAC,pinball_0p025,full,headline,range,gjr,0.00084294153850487409,1,13,5038,0,92,10000,352877393,a77997fec9ab9e01e18efb72030feab1c00c03d6b33d335edf7a37d96876d32e,True,True
CAC,pinball_0p025,full,headline,range,har,0.00086467174659984034,0.161,12,5038,0,92,10000,352877393,a77997fec9ab9e01e18efb72030feab1c00c03d6b33d335edf7a37d96876d32e,True,False
CAC,pinball_0p025,full,headline,range,lgbm,0.00094975897089421332,0.1188,3,5038,0,92,10000,352877393,a77997fec9ab9e01e18efb72030feab1c00c03d6b33d335edf7a37d96876d32e,True,False
CAC,pinball_0p025,full,headline,range,moirai,0.00089790446977946201,0.13500000000000001,5,5038,0,92,10000,352877393,a77997fec9ab9e01e18efb72030feab1c00c03d6b33d335edf7a37d96876d32e,True,False
CAC,pinball_0p025,full,headline,range,naive,0.0010410715649520714,0.065299999999999997,2,5038,0,92,10000,352877393,a77997fec9ab9e01e18efb72030feab1c00c03d6b33d335edf7a37d96876d32e,False,False
CAC,pinball_0p025,full,headline,range,patchtst,0.0010323731625745572,0.042200000000000001,1,5038,0,92,10000,352877393,a77997fec9ab9e01e18efb72030feab1c00c03d6b33d335edf7a37d96876d32e,False,False
CAC,pinball_0p025,full,headline,range,timesfm,0.00088670815468134786,0.161,7,5038,0,92,10000,352877393,a77997fec9ab9e01e18efb72030feab1c00c03d6b33d335edf7a37d96876d32e,True,False
CAC,pinball_0p025,full,headline,semi_quadratic,autoarima,0.00087990975752589293,0.1091,8,5038,0,92,10000,1371155235,8a7bef171dfebaa813462ec87393dbafcaa80e89ff2f89efb7f22b2e5a050873,True,False
CAC,pinball_0p025,full,headline,semi_quadratic,autoets,0.00087216959435067263,0.1547,11,5038,0,92,10000,1371155235,8a7bef171dfebaa813462ec87393dbafcaa80e89ff2f89efb7f22b2e5a050873,True,False
CAC,pinball_0p025,full,headline,semi_quadratic,chronos,0.00089310582810029498,0.0625,6,5038,0,92,10000,1371155235,8a7bef171dfebaa813462ec87393dbafcaa80e89ff2f89efb7f22b2e5a050873,False,False
CAC,pinball_0p025,full,headline,semi_quadratic,ewma,0.00089005985785724868,0.055100000000000003,4,5038,0,92,10000,1371155235,8a7bef171dfebaa813462ec87393dbafcaa80e89ff2f89efb7f22b2e5a050873,False,False
CAC,pinball_0p025,full,headline,semi_quadratic,garch11,0.00087014151526903897,0.1547,10,5038,0,92,10000,1371155235,8a7bef171dfebaa813462ec87393dbafcaa80e89ff2f89efb7f22b2e5a050873,True,False
CAC,pinball_0p025,full,headline,semi_quadratic,garch11_t,0.00086996199229916128,0.1547,9,5038,0,92,10000,1371155235,8a7bef171dfebaa813462ec87393dbafcaa80e89ff2f89efb7f22b2e5a050873,True,False
CAC,pinball_0p025,full,headline,semi_quadratic,gjr,0.00084294153850487409,1,13,5038,0,92,10000,1371155235,8a7bef171dfebaa813462ec87393dbafcaa80e89ff2f89efb7f22b2e5a050873,True,True
CAC,pinball_0p025,full,headline,semi_quadratic,har,0.00086467174659984034,0.1547,12,5038,0,92,10000,1371155235,8a7bef171dfebaa813462ec87393dbafcaa80e89ff2f89efb7f22b2e5a050873,True,False
CAC,pinball_0p025,full,headline,semi_quadratic,lgbm,0.00094975897089421332,0.0315,3,5038,0,92,10000,1371155235,8a7bef171dfebaa813462ec87393dbafcaa80e89ff2f89efb7f22b2e5a050873,False,False
CAC,pinball_0p025,full,headline,semi_quadratic,moirai,0.00089790446977946201,0.057099999999999998,5,5038,0,92,10000,1371155235,8a7bef171dfebaa813462ec87393dbafcaa80e89ff2f89efb7f22b2e5a050873,False,False
CAC,pinball_0p025,full,headline,semi_quadratic,naive,0.0010410715649520714,0.020500000000000001,2,5038,0,92,10000,1371155235,8a7bef171dfebaa813462ec87393dbafcaa80e89ff2f89efb7f22b2e5a050873,False,False
CAC,pinball_0p025,full,headline,semi_quadratic,patchtst,0.0010323731625745572,0.0138,1,5038,0,92,10000,1371155235,8a7bef171dfebaa813462ec87393dbafcaa80e89ff2f89efb7f22b2e5a050873,False,False
CAC,pinball_0p025,full,headline,semi_quadratic,timesfm,0.00088670815468134786,0.083299999999999999,7,5038,0,92,10000,1371155235,8a7bef171dfebaa813462ec87393dbafcaa80e89ff2f89efb7f22b2e5a050873,False,False
CAC,pinball_0p05,full,headline,range,autoarima,0.0014386135977754991,0.43709999999999999,7,5038,0,105,10000,828940295,052bfba9d21bfc0506265323717bb578a10c2a8da3b14a3defb3413f0214e589,True,True
CAC,pinball_0p05,full,headline,range,autoets,0.0014321637192730786,0.43709999999999999,11,5038,0,105,10000,828940295,052bfba9d21bfc0506265323717bb578a10c2a8da3b14a3defb3413f0214e589,True,True
CAC,pinball_0p05,full,headline,range,chronos,0.0014474548767109191,0.43709999999999999,9,5038,0,105,10000,828940295,052bfba9d21bfc0506265323717bb578a10c2a8da3b14a3defb3413f0214e589,True,True
CAC,pinball_0p05,full,headline,range,ewma,0.0014562253006446364,0.073999999999999996,4,5038,0,105,10000,828940295,052bfba9d21bfc0506265323717bb578a10c2a8da3b14a3defb3413f0214e589,False,False
CAC,pinball_0p05,full,headline,range,garch11,0.0014401903771265631,0.13020000000000001,6,5038,0,105,10000,828940295,052bfba9d21bfc0506265323717bb578a10c2a8da3b14a3defb3413f0214e589,True,False
CAC,pinball_0p05,full,headline,range,garch11_t,0.0014444663510252639,0.1226,5,5038,0,105,10000,828940295,052bfba9d21bfc0506265323717bb578a10c2a8da3b14a3defb3413f0214e589,True,False
CAC,pinball_0p05,full,headline,range,gjr,0.0014112332389406826,1,13,5038,0,105,10000,828940295,052bfba9d21bfc0506265323717bb578a10c2a8da3b14a3defb3413f0214e589,True,True
CAC,pinball_0p05,full,headline,range,har,0.0014238019472661333,0.43709999999999999,12,5038,0,105,10000,828940295,052bfba9d21bfc0506265323717bb578a10c2a8da3b14a3defb3413f0214e589,True,True
CAC,pinball_0p05,full,headline,range,lgbm,0.001531633792579881,0.052600000000000001,2,5038,0,105,10000,828940295,052bfba9d21bfc0506265323717bb578a10c2a8da3b14a3defb3413f0214e589,False,False
CAC,pinball_0p05,full,headline,range,moirai,0.0014455224951861736,0.43709999999999999,10,5038,0,105,10000,828940295,052bfba9d21bfc0506265323717bb578a10c2a8da3b14a3defb3413f0214e589,True,True
CAC,pinball_0p05,full,headline,range,naive,0.001631018326402528,0.0104,1,5038,0,105,10000,828940295,052bfba9d21bfc0506265323717bb578a10c2a8da3b14a3defb3413f0214e589,False,False
CAC,pinball_0p05,full,headline,range,patchtst,0.0015797768328666907,0.059700000000000003,3,5038,0,105,10000,828940295,052bfba9d21bfc0506265323717bb578a10c2a8da3b14a3defb3413f0214e589,False,False
CAC,pinball_0p05,full,headline,range,timesfm,0.0014434189550044366,0.43709999999999999,8,5038,0,105,10000,828940295,052bfba9d21bfc0506265323717bb578a10c2a8da3b14a3defb3413f0214e589,True,True
CAC,pinball_0p05,full,headline,semi_quadratic,autoarima,0.0014386135977754991,0.19439999999999999,8,5038,0,105,10000,1259632711,020cdd1c51ccad57d87e7cfac1a940c77637a7716be0729124052b38e366d9b2,True,False
CAC,pinball_0p05,full,headline,semi_quadratic,autoets,0.0014321637192730786,0.28960000000000002,11,5038,0,105,10000,1259632711,020cdd1c51ccad57d87e7cfac1a940c77637a7716be0729124052b38e366d9b2,True,True
CAC,pinball_0p05,full,headline,semi_quadratic,chronos,0.0014474548767109191,0.19439999999999999,9,5038,0,105,10000,1259632711,020cdd1c51ccad57d87e7cfac1a940c77637a7716be0729124052b38e366d9b2,True,False
CAC,pinball_0p05,full,headline,semi_quadratic,ewma,0.0014562253006446364,0.1346,4,5038,0,105,10000,1259632711,020cdd1c51ccad57d87e7cfac1a940c77637a7716be0729124052b38e366d9b2,True,False
CAC,pinball_0p05,full,headline,semi_quadratic,garch11,0.0014401903771265631,0.19439999999999999,6,5038,0,105,10000,1259632711,020cdd1c51ccad57d87e7cfac1a940c77637a7716be0729124052b38e366d9b2,True,False
CAC,pinball_0p05,full,headline,semi_quadratic,garch11_t,0.0014444663510252639,0.19439999999999999,5,5038,0,105,10000,1259632711,020cdd1c51ccad57d87e7cfac1a940c77637a7716be0729124052b38e366d9b2,True,False
CAC,pinball_0p05,full,headline,semi_quadratic,gjr,0.0014112332389406826,1,13,5038,0,105,10000,1259632711,020cdd1c51ccad57d87e7cfac1a940c77637a7716be0729124052b38e366d9b2,True,True
CAC,pinball_0p05,full,headline,semi_quadratic,har,0.0014238019472661333,0.37809999999999999,12,5038,0,105,10000,1259632711,020cdd1c51ccad57d87e7cfac1a940c77637a7716be0729124052b38e366d9b2,True,True
CAC,pinball_0p05,full,headline,semi_quadratic,lgbm,0.001531633792579881,0.020899999999999998,2,5038,0,105,10000,1259632711,020cdd1c51ccad57d87e7cfac1a940c77637a7716be0729124052b38e366d9b2,False,False
CAC,pinball_0p05,full,headline,semi_quadratic,moirai,0.0014455224951861736,0.2152,10,5038,0,105,10000,1259632711,020cdd1c51ccad57d87e7cfac1a940c77637a7716be0729124052b38e366d9b2,True,False
CAC,pinball_0p05,full,headline,semi_quadratic,naive,0.001631018326402528,0.0101,1,5038,0,105,10000,1259632711,020cdd1c51ccad57d87e7cfac1a940c77637a7716be0729124052b38e366d9b2,False,False
CAC,pinball_0p05,full,headline,semi_quadratic,patchtst,0.0015797768328666907,0.036499999999999998,3,5038,0,105,10000,1259632711,020cdd1c51ccad57d87e7cfac1a940c77637a7716be0729124052b38e366d9b2,False,False
CAC,pinball_0p05,full,headline,semi_quadratic,timesfm,0.0014434189550044366,0.19439999999999999,7,5038,0,105,10000,1259632711,020cdd1c51ccad57d87e7cfac1a940c77637a7716be0729124052b38e366d9b2,True,False
CAC,pinball_avg,full,headline,range,autoarima,0.00092623509705649714,0.2319,8,5038,0,93,10000,1598053101,d0d19211eda52ce3cb8e98bd3745e091fb996964c85b165874ec62f690bd5fef,True,False
CAC,pinball_avg,full,headline,range,autoets,0.00091822005575088739,0.2319,11,5038,0,93,10000,1598053101,d0d19211eda52ce3cb8e98bd3745e091fb996964c85b165874ec62f690bd5fef,True,False
CAC,pinball_avg,full,headline,range,chronos,0.00093673508361264508,0.2319,5,5038,0,93,10000,1598053101,d0d19211eda52ce3cb8e98bd3745e091fb996964c85b165874ec62f690bd5fef,True,False
CAC,pinball_avg,full,headline,range,ewma,0.00093732990288718124,0.12570000000000001,3,5038,0,93,10000,1598053101,d0d19211eda52ce3cb8e98bd3745e091fb996964c85b165874ec62f690bd5fef,True,False
CAC,pinball_avg,full,headline,range,garch11,0.00091738751790586997,0.2319,9,5038,0,93,10000,1598053101,d0d19211eda52ce3cb8e98bd3745e091fb996964c85b165874ec62f690bd5fef,True,False
CAC,pinball_avg,full,headline,range,garch11_t,0.00091502393191516445,0.2319,10,5038,0,93,10000,1598053101,d0d19211eda52ce3cb8e98bd3745e091fb996964c85b165874ec62f690bd5fef,True,False
CAC,pinball_avg,full,headline,range,gjr,0.00089369324289163235,1,13,5038,0,93,10000,1598053101,d0d19211eda52ce3cb8e98bd3745e091fb996964c85b165874ec62f690bd5fef,True,True
CAC,pinball_avg,full,headline,range,har,0.00091220972224700361,0.2319,12,5038,0,93,10000,1598053101,d0d19211eda52ce3cb8e98bd3745e091fb996964c85b165874ec62f690bd5fef,True,False
CAC,pinball_avg,full,headline,range,lgbm,0.0009952594015760984,0.12570000000000001,4,5038,0,93,10000,1598053101,d0d19211eda52ce3cb8e98bd3745e091fb996964c85b165874ec62f690bd5fef,True,False
CAC,pinball_avg,full,headline,range,moirai,0.00094002773168679879,0.2319,6,5038,0,93,10000,1598053101,d0d19211eda52ce3cb8e98bd3745e091fb996964c85b165874ec62f690bd5fef,True,False
CAC,pinball_avg,full,headline,range,naive,0.0010859967102291083,0.0683,2,5038,0,93,10000,1598053101,d0d19211eda52ce3cb8e98bd3745e091fb996964c85b165874ec62f690bd5fef,False,False
CAC,pinball_avg,full,headline,range,patchtst,0.0010734804967812161,0.0521,1,5038,0,93,10000,1598053101,d0d19211eda52ce3cb8e98bd3745e091fb996964c85b165874ec62f690bd5fef,False,False
CAC,pinball_avg,full,headline,range,timesfm,0.00093158607763075077,0.2319,7,5038,0,93,10000,1598053101,d0d19211eda52ce3cb8e98bd3745e091fb996964c85b165874ec62f690bd5fef,True,False
CAC,pinball_avg,full,headline,semi_quadratic,autoarima,0.00092623509705649714,0.1424,8,5038,0,93,10000,1856838522,017d2527fe2401227f533af3277dd3eda02aec383a47df0ec7a3e0e2fd289ead,True,False
CAC,pinball_avg,full,headline,semi_quadratic,autoets,0.00091822005575088739,0.2059,11,5038,0,93,10000,1856838522,017d2527fe2401227f533af3277dd3eda02aec383a47df0ec7a3e0e2fd289ead,True,False
CAC,pinball_avg,full,headline,semi_quadratic,chronos,0.00093673508361264508,0.086800000000000002,5,5038,0,93,10000,1856838522,017d2527fe2401227f533af3277dd3eda02aec383a47df0ec7a3e0e2fd289ead,False,False
CAC,pinball_avg,full,headline,semi_quadratic,ewma,0.00093732990288718124,0.0385,3,5038,0,93,10000,1856838522,017d2527fe2401227f533af3277dd3eda02aec383a47df0ec7a3e0e2fd289ead,False,False
CAC,pinball_avg,full,headline,semi_quadratic,garch11,0.00091738751790586997,0.2059,9,5038,0,93,10000,1856838522,017d2527fe2401227f533af3277dd3eda02aec383a47df0ec7a3e0e2fd289ead,True,False
CAC,pinball_avg,full,headline,semi_quadratic,garch11_t,0.00091502393191516445,0.2059,10,5038,0,93,10000,1856838522,017d2527fe2401227f533af3277dd3eda02aec383a47df0ec7a3e0e2fd289ead,True,False
CAC,pinball_avg,full,headline,semi_quadratic,gjr,0.00089369324289163235,1,13,5038,0,93,10000,1856838522,017d2527fe2401227f533af3277dd3eda02aec383a47df0ec7a3e0e2fd289ead,True,True
CAC,pinball_avg,full,headline,semi_quadratic,har,0.00091220972224700361,0.2059,12,5038,0,93,10000,1856838522,017d2527fe2401227f533af3277dd3eda02aec383a47df0ec7a3e0e2fd289ead,True,False
CAC,pinball_avg,full,headline,semi_quadratic,lgbm,0.0009952594015760984,0.039899999999999998,4,5038,0,93,10000,1856838522,017d2527fe2401227f533af3277dd3eda02aec383a47df0ec7a3e0e2fd289ead,False,False
CAC,pinball_avg,full,headline,semi_quadratic,moirai,0.00094002773168679879,0.095399999999999999,6,5038,0,93,10000,1856838522,017d2527fe2401227f533af3277dd3eda02aec383a47df0ec7a3e0e2fd289ead,False,False
CAC,pinball_avg,full,headline,semi_quadratic,naive,0.0010859967102291083,0.02,2,5038,0,93,10000,1856838522,017d2527fe2401227f533af3277dd3eda02aec383a47df0ec7a3e0e2fd289ead,False,False
CAC,pinball_avg,full,headline,semi_quadratic,patchtst,0.0010734804967812161,0.0129,1,5038,0,93,10000,1856838522,017d2527fe2401227f533af3277dd3eda02aec383a47df0ec7a3e0e2fd289ead,False,False
CAC,pinball_avg,full,headline,semi_quadratic,timesfm,0.00093158607763075077,0.11210000000000001,7,5038,0,93,10000,1856838522,017d2527fe2401227f533af3277dd3eda02aec383a47df0ec7a3e0e2fd289ead,True,False
CAC,qlike,full,headline,range,autoarima,0.42458288361937746,0.0089999999999999993,7,5010,28,70,10000,1189187193,2a4b408df104678ec3ee8fed480394cd0cc9e8d3c5e237e9a96e228fde7af4e5,False,False
CAC,qlike,full,headline,range,autoets,0.41717899126914604,0.080299999999999996,8,5010,28,70,10000,1189187193,2a4b408df104678ec3ee8fed480394cd0cc9e8d3c5e237e9a96e228fde7af4e5,False,False
CAC,qlike,full,headline,range,chronos,0.41997142690141348,0.1105,10,5010,28,70,10000,1189187193,2a4b408df104678ec3ee8fed480394cd0cc9e8d3c5e237e9a96e228fde7af4e5,True,False
CAC,qlike,full,headline,range,ewma,0.4563713912756206,0.00040000000000000002,1,5010,28,70,10000,1189187193,2a4b408df104678ec3ee8fed480394cd0cc9e8d3c5e237e9a96e228fde7af4e5,False,False
CAC,qlike,full,headline,range,garch11,0.43563510079989209,0.0037000000000000002,5,5010,28,70,10000,1189187193,2a4b408df104678ec3ee8fed480394cd0cc9e8d3c5e237e9a96e228fde7af4e5,False,False
CAC,qlike,full,headline,range,garch11_t,0.44094561041683611,0.0023,4,5010,28,70,10000,1189187193,2a4b408df104678ec3ee8fed480394cd0cc9e8d3c5e237e9a96e228fde7af4e5,False,False
CAC,qlike,full,headline,range,gjr,0.40496263760935436,1,13,5010,28,70,10000,1189187193,2a4b408df104678ec3ee8fed480394cd0cc9e8d3c5e237e9a96e228fde7af4e5,True,True
CAC,qlike,full,headline,range,har,0.40705303651755204,0.86980000000000002,12,5010,28,70,10000,1189187193,2a4b408df104678ec3ee8fed480394cd0cc9e8d3c5e237e9a96e228fde7af4e5,True,True
CAC,qlike,full,headline,range,lgbm,0.5768804590932205,0.0055999999999999999,6,5010,28,70,10000,1189187193,2a4b408df104678ec3ee8fed480394cd0cc9e8d3c5e237e9a96e228fde7af4e5,False,False
CAC,qlike,full,headline,range,moirai,0.41053355759596249,0.77829999999999999,11,5010,28,70,10000,1189187193,2a4b408df104678ec3ee8fed480394cd0cc9e8d3c5e237e9a96e228fde7af4e5,True,True
CAC,qlike,full,headline,range,naive,0.78364837619509442,0.0023,3,5010,28,70,10000,1189187193,2a4b408df104678ec3ee8fed480394cd0cc9e8d3c5e237e9a96e228fde7af4e5,False,False
CAC,qlike,full,headline,range,patchtst,0.77083075803570911,0.0020999999999999999,2,5010,28,70,10000,1189187193,2a4b408df104678ec3ee8fed480394cd0cc9e8d3c5e237e9a96e228fde7af4e5,False,False
CAC,qlike,full,headline,range,timesfm,0.42012941991174457,0.10639999999999999,9,5010,28,70,10000,1189187193,2a4b408df104678ec3ee8fed480394cd0cc9e8d3c5e237e9a96e228fde7af4e5,True,False
CAC,qlike,full,headline,semi_quadratic,autoarima,0.42458288361937746,0.034299999999999997,7,5010,28,70,10000,125485876,19d9aa13c50a469ccc8fb6c6c51bb85b06ec770349d0b9d5100c116f06158f0d,False,False
CAC,qlike,full,headline,semi_quadratic,autoets,0.41717899126914604,0.083799999999999999,8,5010,28,70,10000,125485876,19d9aa13c50a469ccc8fb6c6c51bb85b06ec770349d0b9d5100c116f06158f0d,False,False
CAC,qlike,full,headline,semi_quadratic,chronos,0.41997142690141348,0.15540000000000001,10,5010,28,70,10000,125485876,19d9aa13c50a469ccc8fb6c6c51bb85b06ec770349d0b9d5100c116f06158f0d,True,False
CAC,qlike,full,headline,semi_quadratic,ewma,0.4563713912756206,0.0001,1,5010,28,70,10000,125485876,19d9aa13c50a469ccc8fb6c6c51bb85b06ec770349d0b9d5100c116f06158f0d,False,False
CAC,qlike,full,headline,semi_quadratic,garch11,0.43563510079989209,0.0016000000000000001,5,5010,28,70,10000,125485876,19d9aa13c50a469ccc8fb6c6c51bb85b06ec770349d0b9d5100c116f06158f0d,False,False
CAC,qlike,full,headline,semi_quadratic,garch11_t,0.44094561041683611,0.0011000000000000001,4,5010,28,70,10000,125485876,19d9aa13c50a469ccc8fb6c6c51bb85b06ec770349d0b9d5100c116f06158f0d,False,False
CAC,qlike,full,headline,semi_quadratic,gjr,0.40496263760935436,1,13,5010,28,70,10000,125485876,19d9aa13c50a469ccc8fb6c6c51bb85b06ec770349d0b9d5100c116f06158f0d,True,True
CAC,qlike,full,headline,semi_quadratic,har,0.40705303651755204,0.8659,12,5010,28,70,10000,125485876,19d9aa13c50a469ccc8fb6c6c51bb85b06ec770349d0b9d5100c116f06158f0d,True,True
CAC,qlike,full,headline,semi_quadratic,lgbm,0.5768804590932205,0.002,6,5010,28,70,10000,125485876,19d9aa13c50a469ccc8fb6c6c51bb85b06ec770349d0b9d5100c116f06158f0d,False,False
CAC,qlike,full,headline,semi_quadratic,moirai,0.41053355759596249,0.79579999999999995,11,5010,28,70,10000,125485876,19d9aa13c50a469ccc8fb6c6c51bb85b06ec770349d0b9d5100c116f06158f0d,True,True
CAC,qlike,full,headline,semi_quadratic,naive,0.78364837619509442,0.00020000000000000001,2,5010,28,70,10000,125485876,19d9aa13c50a469ccc8fb6c6c51bb85b06ec770349d0b9d5100c116f06158f0d,False,False
CAC,qlike,full,headline,semi_quadratic,patchtst,0.77083075803570911,0.00020000000000000001,3,5010,28,70,10000,125485876,19d9aa13c50a469ccc8fb6c6c51bb85b06ec770349d0b9d5100c116f06158f0d,False,False
CAC,qlike,full,headline,semi_quadratic,timesfm,0.42012941991174457,0.083799999999999999,9,5010,28,70,10000,125485876,19d9aa13c50a469ccc8fb6c6c51bb85b06ec770349d0b9d5100c116f06158f0d,False,False
CAC,fz0_0p01,full,headline,range,autoarima,-2.9923943655245293,0.0201,5,5038,0,65,10000,590484691,250c793e1f9fafe88e01498a80f21b1f49ae3b4a5bbc28e73564b68454ae29f1,False,False
CAC,fz0_0p01,full,headline,range,autoets,-3.0186514243038487,0.021600000000000001,7,5038,0,65,10000,590484691,250c793e1f9fafe88e01498a80f21b1f49ae3b4a5bbc28e73564b68454ae29f1,False,False
CAC,fz0_0p01,full,headline,range,chronos,-2.9843067830622689,0.0201,4,5038,0,65,10000,590484691,250c793e1f9fafe88e01498a80f21b1f49ae3b4a5bbc28e73564b68454ae29f1,False,False
CAC,fz0_0p01,full,headline,range,ewma,-2.945087373646226,0.0037000000000000002,2,5038,0,65,10000,590484691,250c793e1f9fafe88e01498a80f21b1f49ae3b4a5bbc28e73564b68454ae29f1,False,False
CAC,fz0_0p01,full,headline,range,garch11,-3.0987588197974505,0.0252,8,5038,0,65,10000,590484691,250c793e1f9fafe88e01498a80f21b1f49ae3b4a5bbc28e73564b68454ae29f1,False,False
CAC,fz0_0p01,full,headline,range,garch11_t,-3.1837672879692756,1,13,5038,0,65,10000,590484691,250c793e1f9fafe88e01498a80f21b1f49ae3b4a5bbc28e73564b68454ae29f1,True,True
CAC,fz0_0p01,full,headline,range,gjr,-3.1226772766991595,0.065600000000000006,12,5038,0,65,10000,590484691,250c793e1f9fafe88e01498a80f21b1f49ae3b4a5bbc28e73564b68454ae29f1,False,False
CAC,fz0_0p01,full,headline,range,har,-3.0633156864502982,0.043999999999999997,9,5038,0,65,10000,590484691,250c793e1f9fafe88e01498a80f21b1f49ae3b4a5bbc28e73564b68454ae29f1,False,False
CAC,fz0_0p01,full,headline,range,lgbm,-2.8941882136804375,0.060600000000000001,11,5038,0,65,10000,590484691,250c793e1f9fafe88e01498a80f21b1f49ae3b4a5bbc28e73564b68454ae29f1,False,False
CAC,fz0_0p01,full,headline,range,moirai,-2.9578787783052567,0.0104,3,5038,0,65,10000,590484691,250c793e1f9fafe88e01498a80f21b1f49ae3b4a5bbc28e73564b68454ae29f1,False,False
CAC,fz0_0p01,full,headline,range,naive,-2.5853988095200751,0.059400000000000001,10,5038,0,65,10000,590484691,250c793e1f9fafe88e01498a80f21b1f49ae3b4a5bbc28e73564b68454ae29f1,False,False
CAC,fz0_0p01,full,headline,range,patchtst,-2.2768728158171538,0.0018,1,5038,0,65,10000,590484691,250c793e1f9fafe88e01498a80f21b1f49ae3b4a5bbc28e73564b68454ae29f1,False,False
CAC,fz0_0p01,full,headline,range,timesfm,-3.008327598705919,0.021600000000000001,6,5038,0,65,10000,590484691,250c793e1f9fafe88e01498a80f21b1f49ae3b4a5bbc28e73564b68454ae29f1,False,False
CAC,fz0_0p01,full,headline,semi_quadratic,autoarima,-2.9923943655245293,0.015100000000000001,5,5038,0,65,10000,23524294,18f2ec927b3f2ed1221ef8d2b9631c03858f056eea074c9ec1a40c65facb959b,False,False
CAC,fz0_0p01,full,headline,semi_quadratic,autoets,-3.0186514243038487,0.018499999999999999,7,5038,0,65,10000,23524294,18f2ec927b3f2ed1221ef8d2b9631c03858f056eea074c9ec1a40c65facb959b,False,False
CAC,fz0_0p01,full,headline,semi_quadratic,chronos,-2.9843067830622689,0.014200000000000001,4,5038,0,65,10000,23524294,18f2ec927b3f2ed1221ef8d2b9631c03858f056eea074c9ec1a40c65facb959b,False,False
CAC,fz0_0p01,full,headline,semi_quadratic,ewma,-2.945087373646226,0.0085000000000000006,2,5038,0,65,10000,23524294,18f2ec927b3f2ed1221ef8d2b9631c03858f056eea074c9ec1a40c65facb959b,False,False
CAC,fz0_0p01,full,headline,semi_quadratic,garch11,-3.0987588197974505,0.021399999999999999,8,5038,0,65,10000,23524294,18f2ec927b3f2ed1221ef8d2b9631c03858f056eea074c9ec1a40c65facb959b,False,False
CAC,fz0_0p01,full,headline,semi_quadratic,garch11_t,-3.1837672879692756,1,13,5038,0,65,10000,23524294,18f2ec927b3f2ed1221ef8d2b9631c03858f056eea074c9ec1a40c65facb959b,True,True
CAC,fz0_0p01,full,headline,semi_quadratic,gjr,-3.1226772766991595,0.067500000000000004,12,5038,0,65,10000,23524294,18f2ec927b3f2ed1221ef8d2b9631c03858f056eea074c9ec1a40c65facb959b,False,False
CAC,fz0_0p01,full,headline,semi_quadratic,har,-3.0633156864502982,0.022700000000000001,9,5038,0,65,10000,23524294,18f2ec927b3f2ed1221ef8d2b9631c03858f056eea074c9ec1a40c65facb959b,False,False
CAC,fz0_0p01,full,headline,semi_quadratic,lgbm,-2.8941882136804375,0.030300000000000001,11,5038,0,65,10000,23524294,18f2ec927b3f2ed1221ef8d2b9631c03858f056eea074c9ec1a40c65facb959b,False,False
CAC,fz0_0p01,full,headline,semi_quadratic,moirai,-2.9578787783052567,0.0114,3,5038,0,65,10000,23524294,18f2ec927b3f2ed1221ef8d2b9631c03858f056eea074c9ec1a40c65facb959b,False,False
CAC,fz0_0p01,full,headline,semi_quadratic,naive,-2.5853988095200751,0.0241,10,5038,0,65,10000,23524294,18f2ec927b3f2ed1221ef8d2b9631c03858f056eea074c9ec1a40c65facb959b,False,False
CAC,fz0_0p01,full,headline,semi_quadratic,patchtst,-2.2768728158171538,0.0037000000000000002,1,5038,0,65,10000,23524294,18f2ec927b3f2ed1221ef8d2b9631c03858f056eea074c9ec1a40c65facb959b,False,False
CAC,fz0_0p01,full,headline,semi_quadratic,timesfm,-3.008327598705919,0.017100000000000001,6,5038,0,65,10000,23524294,18f2ec927b3f2ed1221ef8d2b9631c03858f056eea074c9ec1a40c65facb959b,False,False
CAC,fz0_0p025,full,headline,range,autoarima,-3.3409788753928664,0.1479,6,5038,0,65,10000,1293405453,3dd7cf14a81271b2e330538e91545b9a7fd72a033ec6b314eaf53ec0f997f035,True,False
CAC,fz0_0p025,full,headline,range,autoets,-3.3545232910163101,0.16420000000000001,10,5038,0,65,10000,1293405453,3dd7cf14a81271b2e330538e91545b9a7fd72a033ec6b314eaf53ec0f997f035,True,False
CAC,fz0_0p025,full,headline,range,chronos,-3.3356529547395186,0.1143,5,5038,0,65,10000,1293405453,3dd7cf14a81271b2e330538e91545b9a7fd72a033ec6b314eaf53ec0f997f035,True,False
CAC,fz0_0p025,full,headline,range,ewma,-3.3174976800561948,0.0091999999999999998,2,5038,0,65,10000,1293405453,3dd7cf14a81271b2e330538e91545b9a7fd72a033ec6b314eaf53ec0f997f035,False,False
CAC,fz0_0p025,full,headline,range,garch11,-3.3868661151188917,0.16420000000000001,9,5038,0,65,10000,1293405453,3dd7cf14a81271b2e330538e91545b9a7fd72a033ec6b314eaf53ec0f997f035,True,False
CAC,fz0_0p025,full,headline,range,garch11_t,-3.4059639375124786,0.40799999999999997,12,5038,0,65,10000,1293405453,3dd7cf14a81271b2e330538e91545b9a7fd72a033ec6b314eaf53ec0f997f035,True,True
CAC,fz0_0p025,full,headline,range,gjr,-3.421710751082093,1,13,5038,0,65,10000,1293405453,3dd7cf14a81271b2e330538e91545b9a7fd72a033ec6b314eaf53ec0f997f035,True,True
CAC,fz0_0p025,full,headline,range,har,-3.3794075406867492,0.21879999999999999,11,5038,0,65,10000,1293405453,3dd7cf14a81271b2e330538e91545b9a7fd72a033ec6b314eaf53ec0f997f035,True,False
CAC,fz0_0p025,full,headline,range,lgbm,-3.2739088928840312,0.16420000000000001,8,5038,0,65,10000,1293405453,3dd7cf14a81271b2e330538e91545b9a7fd72a033ec6b314eaf53ec0f997f035,True,False
CAC,fz0_0p025,full,headline,range,moirai,-3.3279325633218728,0.075399999999999995,3,5038,0,65,10000,1293405453,3dd7cf14a81271b2e330538e91545b9a7fd72a033ec6b314eaf53ec0f997f035,False,False
CAC,fz0_0p025,full,headline,range,naive,-3.090253561021977,0.1113,4,5038,0,65,10000,1293405453,3dd7cf14a81271b2e330538e91545b9a7fd72a033ec6b314eaf53ec0f997f035,True,False
CAC,fz0_0p025,full,headline,range,patchtst,-2.9850699956040274,0.0035999999999999999,1,5038,0,65,10000,1293405453,3dd7cf14a81271b2e330538e91545b9a7fd72a033ec6b314eaf53ec0f997f035,False,False
CAC,fz0_0p025,full,headline,range,timesfm,-3.3486241619642749,0.1479,7,5038,0,65,10000,1293405453,3dd7cf14a81271b2e330538e91545b9a7fd72a033ec6b314eaf53ec0f997f035,True,False
CAC,fz0_0p025,full,headline,semi_quadratic,autoarima,-3.3409788753928664,0.031399999999999997,6,5038,0,65,10000,105300783,8caa07a2176da36425018fa0cdc3f632814effe9fe42bdc59bb0d218ca65f0c5,False,False
CAC,fz0_0p025,full,headline,semi_quadratic,autoets,-3.3545232910163101,0.0785,10,5038,0,65,10000,105300783,8caa07a2176da36425018fa0cdc3f632814effe9fe42bdc59bb0d218ca65f0c5,False,False
CAC,fz0_0p025,full,headline,semi_quadratic,chronos,-3.3356529547395186,0.027900000000000001,5,5038,0,65,10000,105300783,8caa07a2176da36425018fa0cdc3f632814effe9fe42bdc59bb0d218ca65f0c5,False,False
CAC,fz0_0p025,full,headline,semi_quadratic,ewma,-3.3174976800561948,0.011900000000000001,2,5038,0,65,10000,105300783,8caa07a2176da36425018fa0cdc3f632814effe9fe42bdc59bb0d218ca65f0c5,False,False
CAC,fz0_0p025,full,headline,semi_quadratic,garch11,-3.3868661151188917,0.071400000000000005,9,5038,0,65,10000,105300783,8caa07a2176da36425018fa0cdc3f632814effe9fe42bdc59bb0d218ca65f0c5,False,False
CAC,fz0_0p025,full,headline,semi_quadratic,garch11_t,-3.4059639375124786,0.40389999999999998,12,5038,0,65,10000,105300783,8caa07a2176da36425018fa0cdc3f632814effe9fe42bdc59bb0d218ca65f0c5,True,True
CAC,fz0_0p025,full,headline,semi_quadratic,gjr,-3.421710751082093,1,13,5038,0,65,10000,105300783,8caa07a2176da36425018fa0cdc3f632814effe9fe42bdc59bb0d218ca65f0c5,True,True
CAC,fz0_0p025,full,headline,semi_quadratic,har,-3.3794075406867492,0.2099,11,5038,0,65,10000,105300783,8caa07a2176da36425018fa0cdc3f632814effe9fe42bdc59bb0d218ca65f0c5,True,False
CAC,fz0_0p025,full,headline,semi_quadratic,lgbm,-3.2739088928840312,0.040399999999999998,8,5038,0,65,10000,105300783,8caa07a2176da36425018fa0cdc3f632814effe9fe42bdc59bb0d218ca65f0c5,False,False
CAC,fz0_0p025,full,headline,semi_quadratic,moirai,-3.3279325633218728,0.016899999999999998,3,5038,0,65,10000,105300783,8caa07a2176da36425018fa0cdc3f632814effe9fe42bdc59bb0d218ca65f0c5,False,False
CAC,fz0_0p025,full,headline,semi_quadratic,naive,-3.090253561021977,0.018200000000000001,4,5038,0,65,10000,105300783,8caa07a2176da36425018fa0cdc3f632814effe9fe42bdc59bb0d218ca65f0c5,False,False
CAC,fz0_0p025,full,headline,semi_quadratic,patchtst,-2.9850699956040274,0.0041999999999999997,1,5038,0,65,10000,105300783,8caa07a2176da36425018fa0cdc3f632814effe9fe42bdc59bb0d218ca65f0c5,False,False
CAC,fz0_0p025,full,headline,semi_quadratic,timesfm,-3.3486241619642749,0.032500000000000001,7,5038,0,65,10000,105300783,8caa07a2176da36425018fa0cdc3f632814effe9fe42bdc59bb0d218ca65f0c5,False,False
CAC,fz0_0p05,full,headline,range,autoarima,-3.5817813699178354,0.24479999999999999,9,5038,0,63,10000,1287895058,6f3c69ab66ddb88321594e0508914b693a7e91707f2220c9f6cede43794b3e44,True,False
CAC,fz0_0p05,full,headline,range,autoets,-3.5905692205796758,0.24479999999999999,11,5038,0,63,10000,1287895058,6f3c69ab66ddb88321594e0508914b693a7e91707f2220c9f6cede43794b3e44,True,False
CAC,fz0_0p05,full,headline,range,chronos,-3.5806564332660584,0.23419999999999999,7,5038,0,63,10000,1287895058,6f3c69ab66ddb88321594e0508914b693a7e91707f2220c9f6cede43794b3e44,True,False
CAC,fz0_0p05,full,headline,range,ewma,-3.560453678958345,0.017100000000000001,2,5038,0,63,10000,1287895058,6f3c69ab66ddb88321594e0508914b693a7e91707f2220c9f6cede43794b3e44,False,False
CAC,fz0_0p05,full,headline,range,garch11,-3.5963107254467408,0.20799999999999999,5,5038,0,63,10000,1287895058,6f3c69ab66ddb88321594e0508914b693a7e91707f2220c9f6cede43794b3e44,True,False
CAC,fz0_0p05,full,headline,range,garch11_t,-3.5968362192888153,0.2172,6,5038,0,63,10000,1287895058,6f3c69ab66ddb88321594e0508914b693a7e91707f2220c9f6cede43794b3e44,True,False
CAC,fz0_0p05,full,headline,range,gjr,-3.6265586489400761,1,13,5038,0,63,10000,1287895058,6f3c69ab66ddb88321594e0508914b693a7e91707f2220c9f6cede43794b3e44,True,True
CAC,fz0_0p05,full,headline,range,har,-3.6045887944573285,0.24479999999999999,12,5038,0,63,10000,1287895058,6f3c69ab66ddb88321594e0508914b693a7e91707f2220c9f6cede43794b3e44,True,False
CAC,fz0_0p05,full,headline,range,lgbm,-3.5234614444798158,0.14749999999999999,4,5038,0,63,10000,1287895058,6f3c69ab66ddb88321594e0508914b693a7e91707f2220c9f6cede43794b3e44,True,False
CAC,fz0_0p05,full,headline,range,moirai,-3.5832032707951695,0.24479999999999999,8,5038,0,63,10000,1287895058,6f3c69ab66ddb88321594e0508914b693a7e91707f2220c9f6cede43794b3e44,True,False
CAC,fz0_0p05,full,headline,range,naive,-3.3923594663350429,0.0378,3,5038,0,63,10000,1287895058,6f3c69ab66ddb88321594e0508914b693a7e91707f2220c9f6cede43794b3e44,False,False
CAC,fz0_0p05,full,headline,range,patchtst,-3.3725902168768047,0.012500000000000001,1,5038,0,63,10000,1287895058,6f3c69ab66ddb88321594e0508914b693a7e91707f2220c9f6cede43794b3e44,False,False
CAC,fz0_0p05,full,headline,range,timesfm,-3.5874380581490968,0.24479999999999999,10,5038,0,63,10000,1287895058,6f3c69ab66ddb88321594e0508914b693a7e91707f2220c9f6cede43794b3e44,True,False
CAC,fz0_0p05,full,headline,semi_quadratic,autoarima,-3.5817813699178354,0.14760000000000001,9,5038,0,63,10000,1075010819,786d0272b12c171e8e6aa100f66ac16c5b363a836dbba4ff1ec02a3fa9033e18,True,False
CAC,fz0_0p05,full,headline,semi_quadratic,autoets,-3.5905692205796758,0.14760000000000001,11,5038,0,63,10000,1075010819,786d0272b12c171e8e6aa100f66ac16c5b363a836dbba4ff1ec02a3fa9033e18,True,False
CAC,fz0_0p05,full,headline,semi_quadratic,chronos,-3.5806564332660584,0.14760000000000001,7,5038,0,63,10000,1075010819,786d0272b12c171e8e6aa100f66ac16c5b363a836dbba4ff1ec02a3fa9033e18,True,False
CAC,fz0_0p05,full,headline,semi_quadratic,ewma,-3.560453678958345,0.0094000000000000004,2,5038,0,63,10000,1075010819,786d0272b12c171e8e6aa100f66ac16c5b363a836dbba4ff1ec02a3fa9033e18,False,False
CAC,fz0_0p05,full,headline,semi_quadratic,garch11,-3.5963107254467408,0.14760000000000001,5,5038,0,63,10000,1075010819,786d0272b12c171e8e6aa100f66ac16c5b363a836dbba4ff1ec02a3fa9033e18,True,False
CAC,fz0_0p05,full,headline,semi_quadratic,garch11_t,-3.5968362192888153,0.14760000000000001,6,5038,0,63,10000,1075010819,786d0272b12c171e8e6aa100f66ac16c5b363a836dbba4ff1ec02a3fa9033e18,True,False
CAC,fz0_0p05,full,headline,semi_quadratic,gjr,-3.6265586489400761,1,13,5038,0,63,10000,1075010819,786d0272b12c171e8e6aa100f66ac16c5b363a836dbba4ff1ec02a3fa9033e18,True,True
CAC,fz0_0p05,full,headline,semi_quadratic,har,-3.6045887944573285,0.18410000000000001,12,5038,0,63,10000,1075010819,786d0272b12c171e8e6aa100f66ac16c5b363a836dbba4ff1ec02a3fa9033e18,True,False
CAC,fz0_0p05,full,headline,semi_quadratic,lgbm,-3.5234614444798158,0.059499999999999997,4,5038,0,63,10000,1075010819,786d0272b12c171e8e6aa100f66ac16c5b363a836dbba4ff1ec02a3fa9033e18,False,False
CAC,fz0_0p05,full,headline,semi_quadratic,moirai,-3.5832032707951695,0.14760000000000001,8,5038,0,63,10000,1075010819,786d0272b12c171e8e6aa100f66ac16c5b363a836dbba4ff1ec02a3fa9033e18,True,False
CAC,fz0_0p05,full,headline,semi_quadratic,naive,-3.3923594663350429,0.014200000000000001,3,5038,0,63,10000,1075010819,786d0272b12c171e8e6aa100f66ac16c5b363a836dbba4ff1ec02a3fa9033e18,False,False
CAC,fz0_0p05,full,headline,semi_quadratic,patchtst,-3.3725902168768047,0.0038,1,5038,0,63,10000,1075010819,786d0272b12c171e8e6aa100f66ac16c5b363a836dbba4ff1ec02a3fa9033e18,False,False
CAC,fz0_0p05,full,headline,semi_quadratic,timesfm,-3.5874380581490968,0.14760000000000001,10,5038,0,63,10000,1075010819,786d0272b12c171e8e6aa100f66ac16c5b363a836dbba4ff1ec02a3fa9033e18,True,False
CAC,fz0_avg,full,headline,range,autoarima,-3.3050515369450837,0.098599999999999993,6,5038,0,65,10000,875469223,6300fa282d9775bc94b8844cf65ec8643ce8e4a9c81e2ac94a56dda1120a0a40,False,False
CAC,fz0_avg,full,headline,range,autoets,-3.3212479786332794,0.1114,9,5038,0,65,10000,875469223,6300fa282d9775bc94b8844cf65ec8643ce8e4a9c81e2ac94a56dda1120a0a40,True,False
CAC,fz0_avg,full,headline,range,chronos,-3.3002053903559454,0.098599999999999993,4,5038,0,65,10000,875469223,6300fa282d9775bc94b8844cf65ec8643ce8e4a9c81e2ac94a56dda1120a0a40,False,False
CAC,fz0_avg,full,headline,range,ewma,-3.2743462442202507,0.0038,2,5038,0,65,10000,875469223,6300fa282d9775bc94b8844cf65ec8643ce8e4a9c81e2ac94a56dda1120a0a40,False,False
CAC,fz0_avg,full,headline,range,garch11,-3.3606452201210235,0.098599999999999993,5,5038,0,65,10000,875469223,6300fa282d9775bc94b8844cf65ec8643ce8e4a9c81e2ac94a56dda1120a0a40,False,False
CAC,fz0_avg,full,headline,range,garch11_t,-3.3955224815901945,1,13,5038,0,65,10000,875469223,6300fa282d9775bc94b8844cf65ec8643ce8e4a9c81e2ac94a56dda1120a0a40,True,True
CAC,fz0_avg,full,headline,range,gjr,-3.3903155589071026,0.80100000000000005,12,5038,0,65,10000,875469223,6300fa282d9775bc94b8844cf65ec8643ce8e4a9c81e2ac94a56dda1120a0a40,True,True
CAC,fz0_avg,full,headline,range,har,-3.3491040071981284,0.1784,11,5038,0,65,10000,875469223,6300fa282d9775bc94b8844cf65ec8643ce8e4a9c81e2ac94a56dda1120a0a40,True,False
CAC,fz0_avg,full,headline,range,lgbm,-3.2305195170147636,0.1114,10,5038,0,65,10000,875469223,6300fa282d9775bc94b8844cf65ec8643ce8e4a9c81e2ac94a56dda1120a0a40,True,False
CAC,fz0_avg,full,headline,range,moirai,-3.2896715374740975,0.069099999999999995,3,5038,0,65,10000,875469223,6300fa282d9775bc94b8844cf65ec8643ce8e4a9c81e2ac94a56dda1120a0a40,False,False
CAC,fz0_avg,full,headline,range,naive,-3.022670612292369,0.098599999999999993,8,5038,0,65,10000,875469223,6300fa282d9775bc94b8844cf65ec8643ce8e4a9c81e2ac94a56dda1120a0a40,False,False
CAC,fz0_avg,full,headline,range,patchtst,-2.8781776760992974,0.0022000000000000001,1,5038,0,65,10000,875469223,6300fa282d9775bc94b8844cf65ec8643ce8e4a9c81e2ac94a56dda1120a0a40,False,False
CAC,fz0_avg,full,headline,range,timesfm,-3.3147966062730987,0.098599999999999993,7,5038,0,65,10000,875469223,6300fa282d9775bc94b8844cf65ec8643ce8e4a9c81e2ac94a56dda1120a0a40,False,False
CAC,fz0_avg,full,headline,semi_quadratic,autoarima,-3.3050515369450837,0.017399999999999999,6,5038,0,65,10000,88710943,64183247ef9888606bdf458cc3fc969e142d139e4a5b871216c00c942ce16b42,False,False
CAC,fz0_avg,full,headline,semi_quadratic,autoets,-3.3212479786332794,0.031899999999999998,9,5038,0,65,10000,88710943,64183247ef9888606bdf458cc3fc969e142d139e4a5b871216c00c942ce16b42,False,False
CAC,fz0_avg,full,headline,semi_quadratic,chronos,-3.3002053903559454,0.0154,4,5038,0,65,10000,88710943,64183247ef9888606bdf458cc3fc969e142d139e4a5b871216c00c942ce16b42,False,False
CAC,fz0_avg,full,headline,semi_quadratic,ewma,-3.2743462442202507,0.010200000000000001,2,5038,0,65,10000,88710943,64183247ef9888606bdf458cc3fc969e142d139e4a5b871216c00c942ce16b42,False,False
CAC,fz0_avg,full,headline,semi_quadratic,garch11,-3.3606452201210235,0.017299999999999999,5,5038,0,65,10000,88710943,64183247ef9888606bdf458cc3fc969e142d139e4a5b871216c00c942ce16b42,False,False
CAC,fz0_avg,full,headline,semi_quadratic,garch11_t,-3.3955224815901945,1,13,5038,0,65,10000,88710943,64183247ef9888606bdf458cc3fc969e142d139e4a5b871216c00c942ce16b42,True,True
CAC,fz0_avg,full,headline,semi_quadratic,gjr,-3.3903155589071026,0.79679999999999995,12,5038,0,65,10000,88710943,64183247ef9888606bdf458cc3fc969e142d139e4a5b871216c00c942ce16b42,True,True
CAC,fz0_avg,full,headline,semi_quadratic,har,-3.3491040071981284,0.17960000000000001,11,5038,0,65,10000,88710943,64183247ef9888606bdf458cc3fc969e142d139e4a5b871216c00c942ce16b42,True,False
CAC,fz0_avg,full,headline,semi_quadratic,lgbm,-3.2305195170147636,0.0458,10,5038,0,65,10000,88710943,64183247ef9888606bdf458cc3fc969e142d139e4a5b871216c00c942ce16b42,False,False
CAC,fz0_avg,full,headline,semi_quadratic,moirai,-3.2896715374740975,0.0137,3,5038,0,65,10000,88710943,64183247ef9888606bdf458cc3fc969e142d139e4a5b871216c00c942ce16b42,False,False
CAC,fz0_avg,full,headline,semi_quadratic,naive,-3.022670612292369,0.019800000000000002,8,5038,0,65,10000,88710943,64183247ef9888606bdf458cc3fc969e142d139e4a5b871216c00c942ce16b42,False,False
CAC,fz0_avg,full,headline,semi_quadratic,patchtst,-2.8781776760992974,0.0038,1,5038,0,65,10000,88710943,64183247ef9888606bdf458cc3fc969e142d139e4a5b871216c00c942ce16b42,False,False
CAC,fz0_avg,full,headline,semi_quadratic,timesfm,-3.3147966062730987,0.0184,7,5038,0,65,10000,88710943,64183247ef9888606bdf458cc3fc969e142d139e4a5b871216c00c942ce16b42,False,False
CAC,qlike_ex_near_zero,full,headline,range,autoarima,0.42075965564530898,0.0092999999999999992,7,5008,30,70,10000,561142879,f3d7e00fbe3f0923e87a1d81c35fb137651dd10249ef72b5585d543a3fc6e3db,False,False
CAC,qlike_ex_near_zero,full,headline,range,autoets,0.41335583231088935,0.079200000000000007,8,5008,30,70,10000,561142879,f3d7e00fbe3f0923e87a1d81c35fb137651dd10249ef72b5585d543a3fc6e3db,False,False
CAC,qlike_ex_near_zero,full,headline,range,chronos,0.4161366369747922,0.11020000000000001,10,5008,30,70,10000,561142879,f3d7e00fbe3f0923e87a1d81c35fb137651dd10249ef72b5585d543a3fc6e3db,True,False
CAC,qlike_ex_near_zero,full,headline,range,ewma,0.45261364463567716,0.0001,1,5008,30,70,10000,561142879,f3d7e00fbe3f0923e87a1d81c35fb137651dd10249ef72b5585d543a3fc6e3db,False,False
CAC,qlike_ex_near_zero,full,headline,range,garch11,0.43171350669681319,0.0038999999999999998,5,5008,30,70,10000,561142879,f3d7e00fbe3f0923e87a1d81c35fb137651dd10249ef72b5585d543a3fc6e3db,False,False
CAC,qlike_ex_near_zero,full,headline,range,garch11_t,0.43701367636418281,0.0019,4,5008,30,70,10000,561142879,f3d7e00fbe3f0923e87a1d81c35fb137651dd10249ef72b5585d543a3fc6e3db,False,False
CAC,qlike_ex_near_zero,full,headline,range,gjr,0.40101350886146059,1,13,5008,30,70,10000,561142879,f3d7e00fbe3f0923e87a1d81c35fb137651dd10249ef72b5585d543a3fc6e3db,True,True
CAC,qlike_ex_near_zero,full,headline,range,har,0.40318826000823388,0.86570000000000003,12,5008,30,70,10000,561142879,f3d7e00fbe3f0923e87a1d81c35fb137651dd10249ef72b5585d543a3fc6e3db,True,True
CAC,qlike_ex_near_zero,full,headline,range,lgbm,0.5731578975656868,0.0051999999999999998,6,5008,30,70,10000,561142879,f3d7e00fbe3f0923e87a1d81c35fb137651dd10249ef72b5585d543a3fc6e3db,False,False
CAC,qlike_ex_near_zero,full,headline,range,moirai,0.40666182097631365,0.77070000000000005,11,5008,30,70,10000,561142879,f3d7e00fbe3f0923e87a1d81c35fb137651dd10249ef72b5585d543a3fc6e3db,True,True
CAC,qlike_ex_near_zero,full,headline,range,naive,0.77963875150857787,0.0012999999999999999,2,5008,30,70,10000,561142879,f3d7e00fbe3f0923e87a1d81c35fb137651dd10249ef72b5585d543a3fc6e3db,False,False
CAC,qlike_ex_near_zero,full,headline,range,patchtst,0.76722075365619524,0.0012999999999999999,3,5008,30,70,10000,561142879,f3d7e00fbe3f0923e87a1d81c35fb137651dd10249ef72b5585d543a3fc6e3db,False,False
CAC,qlike_ex_near_zero,full,headline,range,timesfm,0.41625085719587634,0.10390000000000001,9,5008,30,70,10000,561142879,f3d7e00fbe3f0923e87a1d81c35fb137651dd10249ef72b5585d543a3fc6e3db,True,False
CAC,qlike_ex_near_zero,full,headline,semi_quadratic,autoarima,0.42075965564530898,0.033099999999999997,7,5008,30,70,10000,815117081,f7f6e76ae6f24dd8e56905e9b085bdd78978e9327468b43048c54d4ea70ea52a,False,False
CAC,qlike_ex_near_zero,full,headline,semi_quadratic,autoets,0.41335583231088935,0.081500000000000003,8,5008,30,70,10000,815117081,f7f6e76ae6f24dd8e56905e9b085bdd78978e9327468b43048c54d4ea70ea52a,False,False
CAC,qlike_ex_near_zero,full,headline,semi_quadratic,chronos,0.4161366369747922,0.1583,10,5008,30,70,10000,815117081,f7f6e76ae6f24dd8e56905e9b085bdd78978e9327468b43048c54d4ea70ea52a,True,False
CAC,qlike_ex_near_zero,full,headline,semi_quadratic,ewma,0.45261364463567716,0.00059999999999999995,1,5008,30,70,10000,815117081,f7f6e76ae6f24dd8e56905e9b085bdd78978e9327468b43048c54d4ea70ea52a,False,False
CAC,qlike_ex_near_zero,full,headline,semi_quadratic,garch11,0.43171350669681319,0.0019,5,5008,30,70,10000,815117081,f7f6e76ae6f24dd8e56905e9b085bdd78978e9327468b43048c54d4ea70ea52a,False,False
CAC,qlike_ex_near_zero,full,headline,semi_quadratic,garch11_t,0.43701367636418281,0.0016999999999999999,4,5008,30,70,10000,815117081,f7f6e76ae6f24dd8e56905e9b085bdd78978e9327468b43048c54d4ea70ea52a,False,False
CAC,qlike_ex_near_zero,full,headline,semi_quadratic,gjr,0.40101350886146059,1,13,5008,30,70,10000,815117081,f7f6e76ae6f24dd8e56905e9b085bdd78978e9327468b43048c54d4ea70ea52a,True,True
CAC,qlike_ex_near_zero,full,headline,semi_quadratic,har,0.40318826000823388,0.86180000000000001,12,5008,30,70,10000,815117081,f7f6e76ae6f24dd8e56905e9b085bdd78978e9327468b43048c54d4ea70ea52a,True,True
CAC,qlike_ex_near_zero,full,headline,semi_quadratic,lgbm,0.5731578975656868,0.002,6,5008,30,70,10000,815117081,f7f6e76ae6f24dd8e56905e9b085bdd78978e9327468b43048c54d4ea70ea52a,False,False
CAC,qlike_ex_near_zero,full,headline,semi_quadratic,moirai,0.40666182097631365,0.79749999999999999,11,5008,30,70,10000,815117081,f7f6e76ae6f24dd8e56905e9b085bdd78978e9327468b43048c54d4ea70ea52a,True,True
CAC,qlike_ex_near_zero,full,headline,semi_quadratic,naive,0.77963875150857787,0.00069999999999999999,2,5008,30,70,10000,815117081,f7f6e76ae6f24dd8e56905e9b085bdd78978e9327468b43048c54d4ea70ea52a,False,False
CAC,qlike_ex_near_zero,full,headline,semi_quadratic,patchtst,0.76722075365619524,0.00069999999999999999,3,5008,30,70,10000,815117081,f7f6e76ae6f24dd8e56905e9b085bdd78978e9327468b43048c54d4ea70ea52a,False,False
CAC,qlike_ex_near_zero,full,headline,semi_quadratic,timesfm,0.41625085719587634,0.082500000000000004,9,5008,30,70,10000,815117081,f7f6e76ae6f24dd8e56905e9b085bdd78978e9327468b43048c54d4ea70ea52a,False,False
DAX,crps,full,headline,range,autoarima,0.0066026741478306368,0.98870000000000002,12,4996,0,159,10000,922496120,fa1be1efee081d54793600fbc973f5c5848810f7c4e2450ff0783bc9c76e8129,True,True
DAX,crps,full,headline,range,autoets,0.0066034037953322218,0.98409999999999997,11,4996,0,159,10000,922496120,fa1be1efee081d54793600fbc973f5c5848810f7c4e2450ff0783bc9c76e8129,True,True
DAX,crps,full,headline,range,chronos,0.0066149214945828289,0.1623,8,4996,0,159,10000,922496120,fa1be1efee081d54793600fbc973f5c5848810f7c4e2450ff0783bc9c76e8129,True,False
DAX,crps,full,headline,range,ewma,0.0066543445821998937,0,3,4996,0,159,10000,922496120,fa1be1efee081d54793600fbc973f5c5848810f7c4e2450ff0783bc9c76e8129,False,False
DAX,crps,full,headline,range,garch11,0.0066704226157257799,0,2,4996,0,159,10000,922496120,fa1be1efee081d54793600fbc973f5c5848810f7c4e2450ff0783bc9c76e8129,False,False
DAX,crps,full,headline,range,garch11_t,0.0066490450666867552,0.00020000000000000001,5,4996,0,159,10000,922496120,fa1be1efee081d54793600fbc973f5c5848810f7c4e2450ff0783bc9c76e8129,False,False
DAX,crps,full,headline,range,gjr,0.0066188748135707874,0.38150000000000001,9,4996,0,159,10000,922496120,fa1be1efee081d54793600fbc973f5c5848810f7c4e2450ff0783bc9c76e8129,True,True
DAX,crps,full,headline,range,har,0.0066060007375084474,0.94530000000000003,10,4996,0,159,10000,922496120,fa1be1efee081d54793600fbc973f5c5848810f7c4e2450ff0783bc9c76e8129,True,True
DAX,crps,full,headline,range,lgbm,0.00676656323398909,0.00040000000000000002,6,4996,0,159,10000,922496120,fa1be1efee081d54793600fbc973f5c5848810f7c4e2450ff0783bc9c76e8129,False,False
DAX,crps,full,headline,range,moirai,0.0066025603534485989,1,13,4996,0,159,10000,922496120,fa1be1efee081d54793600fbc973f5c5848810f7c4e2450ff0783bc9c76e8129,True,True
DAX,crps,full,headline,range,naive,0.0068924069672623017,0,1,4996,0,159,10000,922496120,fa1be1efee081d54793600fbc973f5c5848810f7c4e2450ff0783bc9c76e8129,False,False
DAX,crps,full,headline,range,patchtst,0.00678603926030756,0,4,4996,0,159,10000,922496120,fa1be1efee081d54793600fbc973f5c5848810f7c4e2450ff0783bc9c76e8129,False,False
DAX,crps,full,headline,range,timesfm,0.0066207901414964861,0.034799999999999998,7,4996,0,159,10000,922496120,fa1be1efee081d54793600fbc973f5c5848810f7c4e2450ff0783bc9c76e8129,False,False
DAX,crps,full,headline,semi_quadratic,autoarima,0.0066026741478306368,0.98619999999999997,12,4996,0,159,10000,1428682741,5c3983c9d5a77d9975d0283f6c7e38b0d82266a4dbcb770151b482ac48ecb186,True,True
DAX,crps,full,headline,semi_quadratic,autoets,0.0066034037953322218,0.98570000000000002,11,4996,0,159,10000,1428682741,5c3983c9d5a77d9975d0283f6c7e38b0d82266a4dbcb770151b482ac48ecb186,True,True
DAX,crps,full,headline,semi_quadratic,chronos,0.0066149214945828289,0.1792,8,4996,0,159,10000,1428682741,5c3983c9d5a77d9975d0283f6c7e38b0d82266a4dbcb770151b482ac48ecb186,True,False
DAX,crps,full,headline,semi_quadratic,ewma,0.0066543445821998937,0,4,4996,0,159,10000,1428682741,5c3983c9d5a77d9975d0283f6c7e38b0d82266a4dbcb770151b482ac48ecb186,False,False
DAX,crps,full,headline,semi_quadratic,garch11,0.0066704226157257799,0,2,4996,0,159,10000,1428682741,5c3983c9d5a77d9975d0283f6c7e38b0d82266a4dbcb770151b482ac48ecb186,False,False
DAX,crps,full,headline,semi_quadratic,garch11_t,0.0066490450666867552,0.00020000000000000001,5,4996,0,159,10000,1428682741,5c3983c9d5a77d9975d0283f6c7e38b0d82266a4dbcb770151b482ac48ecb186,False,False
DAX,crps,full,headline,semi_quadratic,gjr,0.0066188748135707874,0.3196,9,4996,0,159,10000,1428682741,5c3983c9d5a77d9975d0283f6c7e38b0d82266a4dbcb770151b482ac48ecb186,True,True
DAX,crps,full,headline,semi_quadratic,har,0.0066060007375084474,0.93279999999999996,10,4996,0,159,10000,1428682741,5c3983c9d5a77d9975d0283f6c7e38b0d82266a4dbcb770151b482ac48ecb186,True,True
DAX,crps,full,headline,semi_quadratic,lgbm,0.00676656323398909,0.00080000000000000004,6,4996,0,159,10000,1428682741,5c3983c9d5a77d9975d0283f6c7e38b0d82266a4dbcb770151b482ac48ecb186,False,False
DAX,crps,full,headline,semi_quadratic,moirai,0.0066025603534485989,1,13,4996,0,159,10000,1428682741,5c3983c9d5a77d9975d0283f6c7e38b0d82266a4dbcb770151b482ac48ecb186,True,True
DAX,crps,full,headline,semi_quadratic,naive,0.0068924069672623017,0,1,4996,0,159,10000,1428682741,5c3983c9d5a77d9975d0283f6c7e38b0d82266a4dbcb770151b482ac48ecb186,False,False
DAX,crps,full,headline,semi_quadratic,patchtst,0.00678603926030756,0,3,4996,0,159,10000,1428682741,5c3983c9d5a77d9975d0283f6c7e38b0d82266a4dbcb770151b482ac48ecb186,False,False
DAX,crps,full,headline,semi_quadratic,timesfm,0.0066207901414964861,0.056899999999999999,7,4996,0,159,10000,1428682741,5c3983c9d5a77d9975d0283f6c7e38b0d82266a4dbcb770151b482ac48ecb186,False,False
DAX,log_score,full,headline,range,autoarima,-3.0721414678770822,0.39379999999999998,6,4996,0,84,10000,757272610,106d4c0a24be8c842178abdbc6e55c5cb6297cf1f2cc5a06dfd9fc29f9e4fcd5,True,True
DAX,log_score,full,headline,range,autoets,-3.0749338809869196,0.97709999999999997,12,4996,0,84,10000,757272610,106d4c0a24be8c842178abdbc6e55c5cb6297cf1f2cc5a06dfd9fc29f9e4fcd5,True,True
DAX,log_score,full,headline,range,chronos,-3.071412699319195,0.81189999999999996,9,4996,0,84,10000,757272610,106d4c0a24be8c842178abdbc6e55c5cb6297cf1f2cc5a06dfd9fc29f9e4fcd5,True,True
DAX,log_score,full,headline,range,ewma,-3.0499142665342851,0.0030999999999999999,3,4996,0,84,10000,757272610,106d4c0a24be8c842178abdbc6e55c5cb6297cf1f2cc5a06dfd9fc29f9e4fcd5,False,False
DAX,log_score,full,headline,range,garch11,-3.0427404327559344,0.0047999999999999996,4,4996,0,84,10000,757272610,106d4c0a24be8c842178abdbc6e55c5cb6297cf1f2cc5a06dfd9fc29f9e4fcd5,False,False
DAX,log_score,full,headline,range,garch11_t,-3.0740436910625544,0.97709999999999997,11,4996,0,84,10000,757272610,106d4c0a24be8c842178abdbc6e55c5cb6297cf1f2cc5a06dfd9fc29f9e4fcd5,True,True
DAX,log_score,full,headline,range,gjr,-3.0683942711907672,0.81189999999999996,8,4996,0,84,10000,757272610,106d4c0a24be8c842178abdbc6e55c5cb6297cf1f2cc5a06dfd9fc29f9e4fcd5,True,True
DAX,log_score,full,headline,range,har,-3.0755483587094306,1,13,4996,0,84,10000,757272610,106d4c0a24be8c842178abdbc6e55c5cb6297cf1f2cc5a06dfd9fc29f9e4fcd5,True,True
DAX,log_score,full,headline,range,lgbm,-3.0023722194745539,0.00089999999999999998,1,4996,0,84,10000,757272610,106d4c0a24be8c842178abdbc6e55c5cb6297cf1f2cc5a06dfd9fc29f9e4fcd5,False,False
DAX,log_score,full,headline,range,moirai,-3.0740937621271454,0.97670000000000001,10,4996,0,84,10000,757272610,106d4c0a24be8c842178abdbc6e55c5cb6297cf1f2cc5a06dfd9fc29f9e4fcd5,True,True
DAX,log_score,full,headline,range,naive,-2.9014148574269578,0.0011000000000000001,2,4996,0,84,10000,757272610,106d4c0a24be8c842178abdbc6e55c5cb6297cf1f2cc5a06dfd9fc29f9e4fcd5,False,False
DAX,log_score,full,headline,range,patchtst,-2.8909868803497654,0.0061000000000000004,5,4996,0,84,10000,757272610,106d4c0a24be8c842178abdbc6e55c5cb6297cf1f2cc5a06dfd9fc29f9e4fcd5,False,False
DAX,log_score,full,headline,range,timesfm,-3.0693345799569163,0.6502,7,4996,0,84,10000,757272610,106d4c0a24be8c842178abdbc6e55c5cb6297cf1f2cc5a06dfd9fc29f9e4fcd5,True,True
DAX,log_score,full,headline,semi_quadratic,autoarima,-3.0721414678770822,0.58999999999999997,6,4996,0,84,10000,1836970794,76e962589851ed4e1fe2404597b1b9d7bf1d115158a42a74d37afdbaee238126,True,True
DAX,log_score,full,headline,semi_quadratic,autoets,-3.0749338809869196,0.98280000000000001,12,4996,0,84,10000,1836970794,76e962589851ed4e1fe2404597b1b9d7bf1d115158a42a74d37afdbaee238126,True,True
DAX,log_score,full,headline,semi_quadratic,chronos,-3.071412699319195,0.85029999999999994,9,4996,0,84,10000,1836970794,76e962589851ed4e1fe2404597b1b9d7bf1d115158a42a74d37afdbaee238126,True,True
DAX,log_score,full,headline,semi_quadratic,ewma,-3.0499142665342851,0.0001,3,4996,0,84,10000,1836970794,76e962589851ed4e1fe2404597b1b9d7bf1d115158a42a74d37afdbaee238126,False,False
DAX,log_score,full,headline,semi_quadratic,garch11,-3.0427404327559344,0.0014,4,4996,0,84,10000,1836970794,76e962589851ed4e1fe2404597b1b9d7bf1d115158a42a74d37afdbaee238126,False,False
DAX,log_score,full,headline,semi_quadratic,garch11_t,-3.0740436910625544,0.98280000000000001,11,4996,0,84,10000,1836970794,76e962589851ed4e1fe2404597b1b9d7bf1d115158a42a74d37afdbaee238126,True,True
DAX,log_score,full,headline,semi_quadratic,gjr,-3.0683942711907672,0.74680000000000002,8,4996,0,84,10000,1836970794,76e962589851ed4e1fe2404597b1b9d7bf1d115158a42a74d37afdbaee238126,True,True
DAX,log_score,full,headline,semi_quadratic,har,-3.0755483587094306,1,13,4996,0,84,10000,1836970794,76e962589851ed4e1fe2404597b1b9d7bf1d115158a42a74d37afdbaee238126,True,True
DAX,log_score,full,headline,semi_quadratic,lgbm,-3.0023722194745539,0.0001,1,4996,0,84,10000,1836970794,76e962589851ed4e1fe2404597b1b9d7bf1d115158a42a74d37afdbaee238126,False,False
DAX,log_score,full,headline,semi_quadratic,moirai,-3.0740937621271454,0.98280000000000001,10,4996,0,84,10000,1836970794,76e962589851ed4e1fe2404597b1b9d7bf1d115158a42a74d37afdbaee238126,True,True
DAX,log_score,full,headline,semi_quadratic,naive,-2.9014148574269578,0.0001,2,4996,0,84,10000,1836970794,76e962589851ed4e1fe2404597b1b9d7bf1d115158a42a74d37afdbaee238126,False,False
DAX,log_score,full,headline,semi_quadratic,patchtst,-2.8909868803497654,0.0064999999999999997,5,4996,0,84,10000,1836970794,76e962589851ed4e1fe2404597b1b9d7bf1d115158a42a74d37afdbaee238126,False,False
DAX,log_score,full,headline,semi_quadratic,timesfm,-3.0693345799569163,0.62680000000000002,7,4996,0,84,10000,1836970794,76e962589851ed4e1fe2404597b1b9d7bf1d115158a42a74d37afdbaee238126,True,True
DAX,pinball_0p01,full,headline,range,autoarima,0.00044981126874180745,0.6089,6,4996,0,96,10000,537041441,8b0ab9e3e9fd988b0cfbb596bc2c78a9f5a62cafb90448ad7a54324569a93642,True,True
DAX,pinball_0p01,full,headline,range,autoets,0.00044483194714934373,0.74039999999999995,11,4996,0,96,10000,537041441,8b0ab9e3e9fd988b0cfbb596bc2c78a9f5a62cafb90448ad7a54324569a93642,True,True
DAX,pinball_0p01,full,headline,range,chronos,0.00044793288347006762,0.74039999999999995,8,4996,0,96,10000,537041441,8b0ab9e3e9fd988b0cfbb596bc2c78a9f5a62cafb90448ad7a54324569a93642,True,True
DAX,pinball_0p01,full,headline,range,ewma,0.00044904626968671598,0.3397,5,4996,0,96,10000,537041441,8b0ab9e3e9fd988b0cfbb596bc2c78a9f5a62cafb90448ad7a54324569a93642,True,True
DAX,pinball_0p01,full,headline,range,garch11,0.00045583540704324636,0.18909999999999999,3,4996,0,96,10000,537041441,8b0ab9e3e9fd988b0cfbb596bc2c78a9f5a62cafb90448ad7a54324569a93642,True,False
DAX,pinball_0p01,full,headline,range,garch11_t,0.00043169221572246741,1,13,4996,0,96,10000,537041441,8b0ab9e3e9fd988b0cfbb596bc2c78a9f5a62cafb90448ad7a54324569a93642,True,True
DAX,pinball_0p01,full,headline,range,gjr,0.0004357225928506666,0.74039999999999995,12,4996,0,96,10000,537041441,8b0ab9e3e9fd988b0cfbb596bc2c78a9f5a62cafb90448ad7a54324569a93642,True,True
DAX,pinball_0p01,full,headline,range,har,0.00044575201912972975,0.74039999999999995,10,4996,0,96,10000,537041441,8b0ab9e3e9fd988b0cfbb596bc2c78a9f5a62cafb90448ad7a54324569a93642,True,True
DAX,pinball_0p01,full,headline,range,lgbm,0.00050641045127104332,0.14910000000000001,2,4996,0,96,10000,537041441,8b0ab9e3e9fd988b0cfbb596bc2c78a9f5a62cafb90448ad7a54324569a93642,True,False
DAX,pinball_0p01,full,headline,range,moirai,0.0004532503296301219,0.6089,7,4996,0,96,10000,537041441,8b0ab9e3e9fd988b0cfbb596bc2c78a9f5a62cafb90448ad7a54324569a93642,True,True
DAX,pinball_0p01,full,headline,range,naive,0.00057420557611293692,0.18909999999999999,4,4996,0,96,10000,537041441,8b0ab9e3e9fd988b0cfbb596bc2c78a9f5a62cafb90448ad7a54324569a93642,True,False
DAX,pinball_0p01,full,headline,range,patchtst,0.00058996185170782998,0.010999999999999999,1,4996,0,96,10000,537041441,8b0ab9e3e9fd988b0cfbb596bc2c78a9f5a62cafb90448ad7a54324569a93642,False,False
DAX,pinball_0p01,full,headline,range,timesfm,0.00045036066967764707,0.74039999999999995,9,4996,0,96,10000,537041441,8b0ab9e3e9fd988b0cfbb596bc2c78a9f5a62cafb90448ad7a54324569a93642,True,True
DAX,pinball_0p01,full,headline,semi_quadratic,autoarima,0.00044981126874180745,0.46389999999999998,6,4996,0,96,10000,876687641,326a3ffc4f09378a501894f3d88f9bf09c55fb2387b7862057e09a5ea0327851,True,True
DAX,pinball_0p01,full,headline,semi_quadratic,autoets,0.00044483194714934373,0.54910000000000003,11,4996,0,96,10000,876687641,326a3ffc4f09378a501894f3d88f9bf09c55fb2387b7862057e09a5ea0327851,True,True
DAX,pinball_0p01,full,headline,semi_quadratic,chronos,0.00044793288347006762,0.54910000000000003,8,4996,0,96,10000,876687641,326a3ffc4f09378a501894f3d88f9bf09c55fb2387b7862057e09a5ea0327851,True,True
DAX,pinball_0p01,full,headline,semi_quadratic,ewma,0.00044904626968671598,0.46389999999999998,5,4996,0,96,10000,876687641,326a3ffc4f09378a501894f3d88f9bf09c55fb2387b7862057e09a5ea0327851,True,True
DAX,pinball_0p01,full,headline,semi_quadratic,garch11,0.00045583540704324636,0.10639999999999999,3,4996,0,96,10000,876687641,326a3ffc4f09378a501894f3d88f9bf09c55fb2387b7862057e09a5ea0327851,True,False
DAX,pinball_0p01,full,headline,semi_quadratic,garch11_t,0.00043169221572246741,1,13,4996,0,96,10000,876687641,326a3ffc4f09378a501894f3d88f9bf09c55fb2387b7862057e09a5ea0327851,True,True
DAX,pinball_0p01,full,headline,semi_quadratic,gjr,0.0004357225928506666,0.68079999999999996,12,4996,0,96,10000,876687641,326a3ffc4f09378a501894f3d88f9bf09c55fb2387b7862057e09a5ea0327851,True,True
DAX,pinball_0p01,full,headline,semi_quadratic,har,0.00044575201912972975,0.54910000000000003,10,4996,0,96,10000,876687641,326a3ffc4f09378a501894f3d88f9bf09c55fb2387b7862057e09a5ea0327851,True,True
DAX,pinball_0p01,full,headline,semi_quadratic,lgbm,0.00050641045127104332,0.054199999999999998,2,4996,0,96,10000,876687641,326a3ffc4f09378a501894f3d88f9bf09c55fb2387b7862057e09a5ea0327851,False,False
DAX,pinball_0p01,full,headline,semi_quadratic,moirai,0.0004532503296301219,0.46800000000000003,7,4996,0,96,10000,876687641,326a3ffc4f09378a501894f3d88f9bf09c55fb2387b7862057e09a5ea0327851,True,True
DAX,pinball_0p01,full,headline,semi_quadratic,naive,0.00057420557611293692,0.10639999999999999,4,4996,0,96,10000,876687641,326a3ffc4f09378a501894f3d88f9bf09c55fb2387b7862057e09a5ea0327851,True,False
DAX,pinball_0p01,full,headline,semi_quadratic,patchtst,0.00058996185170782998,0.016799999999999999,1,4996,0,96,10000,876687641,326a3ffc4f09378a501894f3d88f9bf09c55fb2387b7862057e09a5ea0327851,False,False
DAX,pinball_0p01,full,headline,semi_quadratic,timesfm,0.00045036066967764707,0.54910000000000003,9,4996,0,96,10000,876687641,326a3ffc4f09378a501894f3d88f9bf09c55fb2387b7862057e09a5ea0327851,True,True
DAX,pinball_0p025,full,headline,range,autoarima,0.0008800645583815508,0.43180000000000002,4,4996,0,92,10000,2027195817,e33150424801fdf1d5003148bb268a2b51dec1d2069c57e22b08a1803ed8abb3,True,True
DAX,pinball_0p025,full,headline,range,autoets,0.00087489023883810307,0.50409999999999999,11,4996,0,92,10000,2027195817,e33150424801fdf1d5003148bb268a2b51dec1d2069c57e22b08a1803ed8abb3,True,True
DAX,pinball_0p025,full,headline,range,chronos,0.00087754055716460612,0.50409999999999999,9,4996,0,92,10000,2027195817,e33150424801fdf1d5003148bb268a2b51dec1d2069c57e22b08a1803ed8abb3,True,True
DAX,pinball_0p025,full,headline,range,ewma,0.00088452433377093301,0.50409999999999999,5,4996,0,92,10000,2027195817,e33150424801fdf1d5003148bb268a2b51dec1d2069c57e22b08a1803ed8abb3,True,True
DAX,pinball_0p025,full,headline,range,garch11,0.00088664739690312794,0.50409999999999999,8,4996,0,92,10000,2027195817,e33150424801fdf1d5003148bb268a2b51dec1d2069c57e22b08a1803ed8abb3,True,True
DAX,pinball_0p025,full,headline,range,garch11_t,0.00087656860544332361,0.50409999999999999,12,4996,0,92,10000,2027195817,e33150424801fdf1d5003148bb268a2b51dec1d2069c57e22b08a1803ed8abb3,True,True
DAX,pinball_0p025,full,headline,range,gjr,0.00085791948389344079,1,13,4996,0,92,10000,2027195817,e33150424801fdf1d5003148bb268a2b51dec1d2069c57e22b08a1803ed8abb3,True,True
DAX,pinball_0p025,full,headline,range,har,0.00087970610329108224,0.50409999999999999,6,4996,0,92,10000,2027195817,e33150424801fdf1d5003148bb268a2b51dec1d2069c57e22b08a1803ed8abb3,True,True
DAX,pinball_0p025,full,headline,range,lgbm,0.00095708663170086285,0.053400000000000003,2,4996,0,92,10000,2027195817,e33150424801fdf1d5003148bb268a2b51dec1d2069c57e22b08a1803ed8abb3,False,False
DAX,pinball_0p025,full,headline,range,moirai,0.00087972112504315235,0.50409999999999999,10,4996,0,92,10000,2027195817,e33150424801fdf1d5003148bb268a2b51dec1d2069c57e22b08a1803ed8abb3,True,True
DAX,pinball_0p025,full,headline,range,naive,0.0010332404029188664,0.071800000000000003,3,4996,0,92,10000,2027195817,e33150424801fdf1d5003148bb268a2b51dec1d2069c57e22b08a1803ed8abb3,False,False
DAX,pinball_0p025,full,headline,range,patchtst,0.0010326078415182759,0.014800000000000001,1,4996,0,92,10000,2027195817,e33150424801fdf1d5003148bb268a2b51dec1d2069c57e22b08a1803ed8abb3,False,False
DAX,pinball_0p025,full,headline,range,timesfm,0.00088427593119067623,0.50409999999999999,7,4996,0,92,10000,2027195817,e33150424801fdf1d5003148bb268a2b51dec1d2069c57e22b08a1803ed8abb3,True,True
DAX,pinball_0p025,full,headline,semi_quadratic,autoarima,0.0008800645583815508,0.4773,4,4996,0,92,10000,1172681793,9f79324a7cb9fdba590999689bff18fbae692aa371e657e21a2705ca58d98157,True,True
DAX,pinball_0p025,full,headline,semi_quadratic,autoets,0.00087489023883810307,0.4773,11,4996,0,92,10000,1172681793,9f79324a7cb9fdba590999689bff18fbae692aa371e657e21a2705ca58d98157,True,True
DAX,pinball_0p025,full,headline,semi_quadratic,chronos,0.00087754055716460612,0.4773,9,4996,0,92,10000,1172681793,9f79324a7cb9fdba590999689bff18fbae692aa371e657e21a2705ca58d98157,True,True
DAX,pinball_0p025,full,headline,semi_quadratic,ewma,0.00088452433377093301,0.4773,5,4996,0,92,10000,1172681793,9f79324a7cb9fdba590999689bff18fbae692aa371e657e21a2705ca58d98157,True,True
DAX,pinball_0p025,full,headline,semi_quadratic,garch11,0.00088664739690312794,0.4773,8,4996,0,92,10000,1172681793,9f79324a7cb9fdba590999689bff18fbae692aa371e657e21a2705ca58d98157,True,True
DAX,pinball_0p025,full,headline,semi_quadratic,garch11_t,0.00087656860544332361,0.4773,12,4996,0,92,10000,1172681793,9f79324a7cb9fdba590999689bff18fbae692aa371e657e21a2705ca58d98157,True,True
DAX,pinball_0p025,full,headline,semi_quadratic,gjr,0.00085791948389344079,1,13,4996,0,92,10000,1172681793,9f79324a7cb9fdba590999689bff18fbae692aa371e657e21a2705ca58d98157,True,True
DAX,pinball_0p025,full,headline,semi_quadratic,har,0.00087970610329108224,0.4773,6,4996,0,92,10000,1172681793,9f79324a7cb9fdba590999689bff18fbae692aa371e657e21a2705ca58d98157,True,True
DAX,pinball_0p025,full,headline,semi_quadratic,lgbm,0.00095708663170086285,0.023900000000000001,2,4996,0,92,10000,1172681793,9f79324a7cb9fdba590999689bff18fbae692aa371e657e21a2705ca58d98157,False,False
DAX,pinball_0p025,full,headline,semi_quadratic,moirai,0.00087972112504315235,0.4773,10,4996,0,92,10000,1172681793,9f79324a7cb9fdba590999689bff18fbae692aa371e657e21a2705ca58d98157,True,True
DAX,pinball_0p025,full,headline,semi_quadratic,naive,0.0010332404029188664,0.069699999999999998,3,4996,0,92,10000,1172681793,9f79324a7cb9fdba590999689bff18fbae692aa371e657e21a2705ca58d98157,False,False
DAX,pinball_0p025,full,headline,semi_quadratic,patchtst,0.0010326078415182759,0.0079000000000000008,1,4996,0,92,10000,1172681793,9f79324a7cb9fdba590999689bff18fbae692aa371e657e21a2705ca58d98157,False,False
DAX,pinball_0p025,full,headline,semi_quadratic,timesfm,0.00088427593119067623,0.4773,7,4996,0,92,10000,1172681793,9f79324a7cb9fdba590999689bff18fbae692aa371e657e21a2705ca58d98157,True,True
DAX,pinball_0p05,full,headline,range,autoarima,0.001446531374246954,0.56979999999999997,9,4996,0,94,10000,1334145679,d2619391c02c61990093c0cd66080b02eb3c46fb1d0d07066094d9916ba6aaeb,True,True
DAX,pinball_0p05,full,headline,range,autoets,0.0014403196312500583,0.56979999999999997,12,4996,0,94,10000,1334145679,d2619391c02c61990093c0cd66080b02eb3c46fb1d0d07066094d9916ba6aaeb,True,True
DAX,pinball_0p05,full,headline,range,chronos,0.0014493574321214461,0.56979999999999997,8,4996,0,94,10000,1334145679,d2619391c02c61990093c0cd66080b02eb3c46fb1d0d07066094d9916ba6aaeb,True,True
DAX,pinball_0p05,full,headline,range,ewma,0.001457594259880947,0.308,6,4996,0,94,10000,1334145679,d2619391c02c61990093c0cd66080b02eb3c46fb1d0d07066094d9916ba6aaeb,True,True
DAX,pinball_0p05,full,headline,range,garch11,0.0014647779390549545,0.24030000000000001,5,4996,0,94,10000,1334145679,d2619391c02c61990093c0cd66080b02eb3c46fb1d0d07066094d9916ba6aaeb,True,False
DAX,pinball_0p05,full,headline,range,garch11_t,0.0014643550209504409,0.20399999999999999,4,4996,0,94,10000,1334145679,d2619391c02c61990093c0cd66080b02eb3c46fb1d0d07066094d9916ba6aaeb,True,False
DAX,pinball_0p05,full,headline,range,gjr,0.0014254992893070516,1,13,4996,0,94,10000,1334145679,d2619391c02c61990093c0cd66080b02eb3c46fb1d0d07066094d9916ba6aaeb,True,True
DAX,pinball_0p05,full,headline,range,har,0.001444458500065525,0.56979999999999997,10,4996,0,94,10000,1334145679,d2619391c02c61990093c0cd66080b02eb3c46fb1d0d07066094d9916ba6aaeb,True,True
DAX,pinball_0p05,full,headline,range,lgbm,0.0015442572324857857,0.0067999999999999996,1,4996,0,94,10000,1334145679,d2619391c02c61990093c0cd66080b02eb3c46fb1d0d07066094d9916ba6aaeb,False,False
DAX,pinball_0p05,full,headline,range,moirai,0.0014482665834825569,0.56979999999999997,11,4996,0,94,10000,1334145679,d2619391c02c61990093c0cd66080b02eb3c46fb1d0d07066094d9916ba6aaeb,True,True
DAX,pinball_0p05,full,headline,range,naive,0.0016309204270954886,0.0067999999999999996,3,4996,0,94,10000,1334145679,d2619391c02c61990093c0cd66080b02eb3c46fb1d0d07066094d9916ba6aaeb,False,False
DAX,pinball_0p05,full,headline,range,patchtst,0.0016100978428860407,0.0067999999999999996,2,4996,0,94,10000,1334145679,d2619391c02c61990093c0cd66080b02eb3c46fb1d0d07066094d9916ba6aaeb,False,False
DAX,pinball_0p05,full,headline,range,timesfm,0.0014565936103841186,0.56979999999999997,7,4996,0,94,10000,1334145679,d2619391c02c61990093c0cd66080b02eb3c46fb1d0d07066094d9916ba6aaeb,True,True
DAX,pinball_0p05,full,headline,semi_quadratic,autoarima,0.001446531374246954,0.51649999999999996,9,4996,0,94,10000,1463510254,df0df14d7c42bf33311c5e65a410bb0f2b0a181d3d510bfb4a74406900d2af0b,True,True
DAX,pinball_0p05,full,headline,semi_quadratic,autoets,0.0014403196312500583,0.51649999999999996,12,4996,0,94,10000,1463510254,df0df14d7c42bf33311c5e65a410bb0f2b0a181d3d510bfb4a74406900d2af0b,True,True
DAX,pinball_0p05,full,headline,semi_quadratic,chronos,0.0014493574321214461,0.51649999999999996,8,4996,0,94,10000,1463510254,df0df14d7c42bf33311c5e65a410bb0f2b0a181d3d510bfb4a74406900d2af0b,True,True
DAX,pinball_0p05,full,headline,semi_quadratic,ewma,0.001457594259880947,0.40389999999999998,6,4996,0,94,10000,1463510254,df0df14d7c42bf33311c5e65a410bb0f2b0a181d3d510bfb4a74406900d2af0b,True,True
DAX,pinball_0p05,full,headline,semi_quadratic,garch11,0.0014647779390549545,0.33560000000000001,5,4996,0,94,10000,1463510254,df0df14d7c42bf33311c5e65a410bb0f2b0a181d3d510bfb4a74406900d2af0b,True,True
DAX,pinball_0p05,full,headline,semi_quadratic,garch11_t,0.0014643550209504409,0.28660000000000002,4,4996,0,94,10000,1463510254,df0df14d7c42bf33311c5e65a410bb0f2b0a181d3d510bfb4a74406900d2af0b,True,True
DAX,pinball_0p05,full,headline,semi_quadratic,gjr,0.0014254992893070516,1,13,4996,0,94,10000,1463510254,df0df14d7c42bf33311c5e65a410bb0f2b0a181d3d510bfb4a74406900d2af0b,True,True
DAX,pinball_0p05,full,headline,semi_quadratic,har,0.001444458500065525,0.51649999999999996,10,4996,0,94,10000,1463510254,df0df14d7c42bf33311c5e65a410bb0f2b0a181d3d510bfb4a74406900d2af0b,True,True
DAX,pinball_0p05,full,headline,semi_quadratic,lgbm,0.0015442572324857857,0.0047000000000000002,2,4996,0,94,10000,1463510254,df0df14d7c42bf33311c5e65a410bb0f2b0a181d3d510bfb4a74406900d2af0b,False,False
DAX,pinball_0p05,full,headline,semi_quadratic,moirai,0.0014482665834825569,0.51649999999999996,11,4996,0,94,10000,1463510254,df0df14d7c42bf33311c5e65a410bb0f2b0a181d3d510bfb4a74406900d2af0b,True,True
DAX,pinball_0p05,full,headline,semi_quadratic,naive,0.0016309204270954886,0.018499999999999999,3,4996,0,94,10000,1463510254,df0df14d7c42bf33311c5e65a410bb0f2b0a181d3d510bfb4a74406900d2af0b,False,False
DAX,pinball_0p05,full,headline,semi_quadratic,patchtst,0.0016100978428860407,0.0016000000000000001,1,4996,0,94,10000,1463510254,df0df14d7c42bf33311c5e65a410bb0f2b0a181d3d510bfb4a74406900d2af0b,False,False
DAX,pinball_0p05,full,headline,semi_quadratic,timesfm,0.0014565936103841186,0.43190000000000001,7,4996,0,94,10000,1463510254,df0df14d7c42bf33311c5e65a410bb0f2b0a181d3d510bfb4a74406900d2af0b,True,True
DAX,pinball_avg,full,headline,range,autoarima,0.00092546906712343306,0.53359999999999996,5,4996,0,92,10000,67654020,09e2616dc547157bf11dd43b3c95783d4b64d293182b97fbfc68af3294669add,True,True
DAX,pinball_avg,full,headline,range,autoets,0.00092001393907916883,0.57999999999999996,12,4996,0,92,10000,67654020,09e2616dc547157bf11dd43b3c95783d4b64d293182b97fbfc68af3294669add,True,True
DAX,pinball_avg,full,headline,range,chronos,0.00092494362425203907,0.57999999999999996,8,4996,0,92,10000,67654020,09e2616dc547157bf11dd43b3c95783d4b64d293182b97fbfc68af3294669add,True,True
DAX,pinball_avg,full,headline,range,ewma,0.00093038828777952936,0.53359999999999996,6,4996,0,92,10000,67654020,09e2616dc547157bf11dd43b3c95783d4b64d293182b97fbfc68af3294669add,True,True
DAX,pinball_avg,full,headline,range,garch11,0.00093575358100044372,0.51229999999999998,4,4996,0,92,10000,67654020,09e2616dc547157bf11dd43b3c95783d4b64d293182b97fbfc68af3294669add,True,True
DAX,pinball_avg,full,headline,range,garch11_t,0.00092420528070541149,0.57999999999999996,10,4996,0,92,10000,67654020,09e2616dc547157bf11dd43b3c95783d4b64d293182b97fbfc68af3294669add,True,True
DAX,pinball_avg,full,headline,range,gjr,0.00090638045535038265,1,13,4996,0,92,10000,67654020,09e2616dc547157bf11dd43b3c95783d4b64d293182b97fbfc68af3294669add,True,True
DAX,pinball_avg,full,headline,range,har,0.00092330554082877903,0.57999999999999996,9,4996,0,92,10000,67654020,09e2616dc547157bf11dd43b3c95783d4b64d293182b97fbfc68af3294669add,True,True
DAX,pinball_avg,full,headline,range,lgbm,0.0010025847718192309,0.0402,2,4996,0,92,10000,67654020,09e2616dc547157bf11dd43b3c95783d4b64d293182b97fbfc68af3294669add,False,False
DAX,pinball_avg,full,headline,range,moirai,0.00092707934605194397,0.57999999999999996,11,4996,0,92,10000,67654020,09e2616dc547157bf11dd43b3c95783d4b64d293182b97fbfc68af3294669add,True,True
DAX,pinball_avg,full,headline,range,naive,0.0010794554687090991,0.0487,3,4996,0,92,10000,67654020,09e2616dc547157bf11dd43b3c95783d4b64d293182b97fbfc68af3294669add,False,False
DAX,pinball_avg,full,headline,range,patchtst,0.0010775558453707129,0.014999999999999999,1,4996,0,92,10000,67654020,09e2616dc547157bf11dd43b3c95783d4b64d293182b97fbfc68af3294669add,False,False
DAX,pinball_avg,full,headline,range,timesfm,0.00093041007041748175,0.57999999999999996,7,4996,0,92,10000,67654020,09e2616dc547157bf11dd43b3c95783d4b64d293182b97fbfc68af3294669add,True,True
DAX,pinball_avg,full,headline,semi_quadratic,autoarima,0.00092546906712343306,0.54400000000000004,6,4996,0,92,10000,2008698508,cb38026c3daa6cadee6b6897aeeb6dfe0d3f7e798d9b9417c2c2abbdd8d4ec67,True,True
DAX,pinball_avg,full,headline,semi_quadratic,autoets,0.00092001393907916883,0.54400000000000004,12,4996,0,92,10000,2008698508,cb38026c3daa6cadee6b6897aeeb6dfe0d3f7e798d9b9417c2c2abbdd8d4ec67,True,True
DAX,pinball_avg,full,headline,semi_quadratic,chronos,0.00092494362425203907,0.54400000000000004,8,4996,0,92,10000,2008698508,cb38026c3daa6cadee6b6897aeeb6dfe0d3f7e798d9b9417c2c2abbdd8d4ec67,True,True
DAX,pinball_avg,full,headline,semi_quadratic,ewma,0.00093038828777952936,0.54400000000000004,5,4996,0,92,10000,2008698508,cb38026c3daa6cadee6b6897aeeb6dfe0d3f7e798d9b9417c2c2abbdd8d4ec67,True,True
DAX,pinball_avg,full,headline,semi_quadratic,garch11,0.00093575358100044372,0.48680000000000001,4,4996,0,92,10000,2008698508,cb38026c3daa6cadee6b6897aeeb6dfe0d3f7e798d9b9417c2c2abbdd8d4ec67,True,True
DAX,pinball_avg,full,headline,semi_quadratic,garch11_t,0.00092420528070541149,0.54400000000000004,10,4996,0,92,10000,2008698508,cb38026c3daa6cadee6b6897aeeb6dfe0d3f7e798d9b9417c2c2abbdd8d4ec67,True,True
DAX,pinball_avg,full,headline,semi_quadratic,gjr,0.00090638045535038265,1,13,4996,0,92,10000,2008698508,cb38026c3daa6cadee6b6897aeeb6dfe0d3f7e798d9b9417c2c2abbdd8d4ec67,True,True
DAX,pinball_avg,full,headline,semi_quadratic,har,0.00092330554082877903,0.54400000000000004,9,4996,0,92,10000,2008698508,cb38026c3daa6cadee6b6897aeeb6dfe0d3f7e798d9b9417c2c2abbdd8d4ec67,True,True
DAX,pinball_avg,full,headline,semi_quadratic,lgbm,0.0010025847718192309,0.0212,2,4996,0,92,10000,2008698508,cb38026c3daa6cadee6b6897aeeb6dfe0d3f7e798d9b9417c2c2abbdd8d4ec67,False,False
DAX,pinball_avg,full,headline,semi_quadratic,moirai,0.00092707934605194397,0.54400000000000004,11,4996,0,92,10000,2008698508,cb38026c3daa6cadee6b6897aeeb6dfe0d3f7e798d9b9417c2c2abbdd8d4ec67,True,True
DAX,pinball_avg,full,headline,semi_quadratic,naive,0.0010794554687090991,0.065299999999999997,3,4996,0,92,10000,2008698508,cb38026c3daa6cadee6b6897aeeb6dfe0d3f7e798d9b9417c2c2abbdd8d4ec67,False,False
DAX,pinball_avg,full,headline,semi_quadratic,patchtst,0.0010775558453707129,0.0068999999999999999,1,4996,0,92,10000,2008698508,cb38026c3daa6cadee6b6897aeeb6dfe0d3f7e798d9b9417c2c2abbdd8d4ec67,False,False
DAX,pinball_avg,full,headline,semi_quadratic,timesfm,0.00093041007041748175,0.54400000000000004,7,4996,0,92,10000,2008698508,cb38026c3daa6cadee6b6897aeeb6dfe0d3f7e798d9b9417c2c2abbdd8d4ec67,True,True
DAX,qlike,full,headline,range,autoarima,0.41222699511264327,0.43180000000000002,8,4996,0,70,10000,1055881327,ed30d6dd2a5138183a182b0c8050e2a30ee2537a02f5fe29182ef1b6ba47a50e,True,True
DAX,qlike,full,headline,range,autoets,0.40864584139942417,0.46110000000000001,10,4996,0,70,10000,1055881327,ed30d6dd2a5138183a182b0c8050e2a30ee2537a02f5fe29182ef1b6ba47a50e,True,True
DAX,qlike,full,headline,range,chronos,0.4100956376894786,0.46110000000000001,9,4996,0,70,10000,1055881327,ed30d6dd2a5138183a182b0c8050e2a30ee2537a02f5fe29182ef1b6ba47a50e,True,True
DAX,qlike,full,headline,range,ewma,0.43622697275111888,0.0077000000000000002,3,4996,0,70,10000,1055881327,ed30d6dd2a5138183a182b0c8050e2a30ee2537a02f5fe29182ef1b6ba47a50e,False,False
DAX,qlike,full,headline,range,garch11,0.44902192257067319,0.019300000000000001,6,4996,0,70,10000,1055881327,ed30d6dd2a5138183a182b0c8050e2a30ee2537a02f5fe29182ef1b6ba47a50e,False,False
DAX,qlike,full,headline,range,garch11_t,0.44281583484379206,0.0166,4,4996,0,70,10000,1055881327,ed30d6dd2a5138183a182b0c8050e2a30ee2537a02f5fe29182ef1b6ba47a50e,False,False
DAX,qlike,full,headline,range,gjr,0.39287495824309165,1,13,4996,0,70,10000,1055881327,ed30d6dd2a5138183a182b0c8050e2a30ee2537a02f5fe29182ef1b6ba47a50e,True,True
DAX,qlike,full,headline,range,har,0.40398636272462207,0.57389999999999997,11,4996,0,70,10000,1055881327,ed30d6dd2a5138183a182b0c8050e2a30ee2537a02f5fe29182ef1b6ba47a50e,True,True
DAX,qlike,full,headline,range,lgbm,0.59601035773645472,0.0044000000000000003,2,4996,0,70,10000,1055881327,ed30d6dd2a5138183a182b0c8050e2a30ee2537a02f5fe29182ef1b6ba47a50e,False,False
DAX,qlike,full,headline,range,moirai,0.40389149014876058,0.57389999999999997,12,4996,0,70,10000,1055881327,ed30d6dd2a5138183a182b0c8050e2a30ee2537a02f5fe29182ef1b6ba47a50e,True,True
DAX,qlike,full,headline,range,naive,0.80350618680986796,0.0028,1,4996,0,70,10000,1055881327,ed30d6dd2a5138183a182b0c8050e2a30ee2537a02f5fe29182ef1b6ba47a50e,False,False
DAX,qlike,full,headline,range,patchtst,0.78332012073828527,0.0166,5,4996,0,70,10000,1055881327,ed30d6dd2a5138183a182b0c8050e2a30ee2537a02f5fe29182ef1b6ba47a50e,False,False
DAX,qlike,full,headline,range,timesfm,0.4153168409915361,0.1547,7,4996,0,70,10000,1055881327,ed30d6dd2a5138183a182b0c8050e2a30ee2537a02f5fe29182ef1b6ba47a50e,True,False
DAX,qlike,full,headline,semi_quadratic,autoarima,0.41222699511264327,0.23280000000000001,8,4996,0,70,10000,434958275,6fc703e0915290497ba6bb8b34f79fad8904c96397f5d16f3a65b327cee073e3,True,False
DAX,qlike,full,headline,semi_quadratic,autoets,0.40864584139942417,0.41549999999999998,10,4996,0,70,10000,434958275,6fc703e0915290497ba6bb8b34f79fad8904c96397f5d16f3a65b327cee073e3,True,True
DAX,qlike,full,headline,semi_quadratic,chronos,0.4100956376894786,0.3463,9,4996,0,70,10000,434958275,6fc703e0915290497ba6bb8b34f79fad8904c96397f5d16f3a65b327cee073e3,True,True
DAX,qlike,full,headline,semi_quadratic,ewma,0.43622697275111888,0.00020000000000000001,3,4996,0,70,10000,434958275,6fc703e0915290497ba6bb8b34f79fad8904c96397f5d16f3a65b327cee073e3,False,False
DAX,qlike,full,headline,semi_quadratic,garch11,0.44902192257067319,0.011599999999999999,6,4996,0,70,10000,434958275,6fc703e0915290497ba6bb8b34f79fad8904c96397f5d16f3a65b327cee073e3,False,False
DAX,qlike,full,headline,semi_quadratic,garch11_t,0.44281583484379206,0.00059999999999999995,4,4996,0,70,10000,434958275,6fc703e0915290497ba6bb8b34f79fad8904c96397f5d16f3a65b327cee073e3,False,False
DAX,qlike,full,headline,semi_quadratic,gjr,0.39287495824309165,1,13,4996,0,70,10000,434958275,6fc703e0915290497ba6bb8b34f79fad8904c96397f5d16f3a65b327cee073e3,True,True
DAX,qlike,full,headline,semi_quadratic,har,0.40398636272462207,0.52259999999999995,11,4996,0,70,10000,434958275,6fc703e0915290497ba6bb8b34f79fad8904c96397f5d16f3a65b327cee073e3,True,True
DAX,qlike,full,headline,semi_quadratic,lgbm,0.59601035773645472,0.00020000000000000001,2,4996,0,70,10000,434958275,6fc703e0915290497ba6bb8b34f79fad8904c96397f5d16f3a65b327cee073e3,False,False
DAX,qlike,full,headline,semi_quadratic,moirai,0.40389149014876058,0.52259999999999995,12,4996,0,70,10000,434958275,6fc703e0915290497ba6bb8b34f79fad8904c96397f5d16f3a65b327cee073e3,True,True
DAX,qlike,full,headline,semi_quadratic,naive,0.80350618680986796,0.0001,1,4996,0,70,10000,434958275,6fc703e0915290497ba6bb8b34f79fad8904c96397f5d16f3a65b327cee073e3,False,False
DAX,qlike,full,headline,semi_quadratic,patchtst,0.78332012073828527,0.002,5,4996,0,70,10000,434958275,6fc703e0915290497ba6bb8b34f79fad8904c96397f5d16f3a65b327cee073e3,False,False
DAX,qlike,full,headline,semi_quadratic,timesfm,0.4153168409915361,0.1459,7,4996,0,70,10000,434958275,6fc703e0915290497ba6bb8b34f79fad8904c96397f5d16f3a65b327cee073e3,True,False
DAX,fz0_0p01,full,headline,range,autoarima,-3.0274842771560415,0.1197,4,4996,0,59,10000,1840670666,2946b12a73bc161c95316914f7f4999800cf8affc7bde584ca848fd6b4c9c072,True,False
DAX,fz0_0p01,full,headline,range,autoets,-3.0461590707617483,0.19950000000000001,7,4996,0,59,10000,1840670666,2946b12a73bc161c95316914f7f4999800cf8affc7bde584ca848fd6b4c9c072,True,False
DAX,fz0_0p01,full,headline,range,chronos,-3.0784649355644746,0.19950000000000001,9,4996,0,59,10000,1840670666,2946b12a73bc161c95316914f7f4999800cf8affc7bde584ca848fd6b4c9c072,True,False
DAX,fz0_0p01,full,headline,range,ewma,-3.0417196549038872,0.089999999999999997,3,4996,0,59,10000,1840670666,2946b12a73bc161c95316914f7f4999800cf8affc7bde584ca848fd6b4c9c072,False,False
DAX,fz0_0p01,full,headline,range,garch11,-3.0374471131669947,0.0361,2,4996,0,59,10000,1840670666,2946b12a73bc161c95316914f7f4999800cf8affc7bde584ca848fd6b4c9c072,False,False
DAX,fz0_0p01,full,headline,range,garch11_t,-3.1765700560885879,1,13,4996,0,59,10000,1840670666,2946b12a73bc161c95316914f7f4999800cf8affc7bde584ca848fd6b4c9c072,True,True
DAX,fz0_0p01,full,headline,range,gjr,-3.1050128054902668,0.19950000000000001,12,4996,0,59,10000,1840670666,2946b12a73bc161c95316914f7f4999800cf8affc7bde584ca848fd6b4c9c072,True,False
DAX,fz0_0p01,full,headline,range,har,-3.0758229745482826,0.19950000000000001,10,4996,0,59,10000,1840670666,2946b12a73bc161c95316914f7f4999800cf8affc7bde584ca848fd6b4c9c072,True,False
DAX,fz0_0p01,full,headline,range,lgbm,-2.884111739967421,0.15559999999999999,5,4996,0,59,10000,1840670666,2946b12a73bc161c95316914f7f4999800cf8affc7bde584ca848fd6b4c9c072,True,False
DAX,fz0_0p01,full,headline,range,moirai,-3.0654678695257656,0.19950000000000001,8,4996,0,59,10000,1840670666,2946b12a73bc161c95316914f7f4999800cf8affc7bde584ca848fd6b4c9c072,True,False
DAX,fz0_0p01,full,headline,range,naive,-2.6312679513065422,0.1653,6,4996,0,59,10000,1840670666,2946b12a73bc161c95316914f7f4999800cf8affc7bde584ca848fd6b4c9c072,True,False
DAX,fz0_0p01,full,headline,range,patchtst,-2.2748252404433758,0.0258,1,4996,0,59,10000,1840670666,2946b12a73bc161c95316914f7f4999800cf8affc7bde584ca848fd6b4c9c072,False,False
DAX,fz0_0p01,full,headline,range,timesfm,-3.081653574082468,0.19950000000000001,11,4996,0,59,10000,1840670666,2946b12a73bc161c95316914f7f4999800cf8affc7bde584ca848fd6b4c9c072,True,False
DAX,fz0_0p01,full,headline,semi_quadratic,autoarima,-3.0274842771560415,0.037100000000000001,4,4996,0,59,10000,1804454814,83be11bce9d4a16ee16c1419cc9b23af3fefbb092f68f34032dc5c700888b008,False,False
DAX,fz0_0p01,full,headline,semi_quadratic,autoets,-3.0461590707617483,0.18390000000000001,7,4996,0,59,10000,1804454814,83be11bce9d4a16ee16c1419cc9b23af3fefbb092f68f34032dc5c700888b008,True,False
DAX,fz0_0p01,full,headline,semi_quadratic,chronos,-3.0784649355644746,0.20219999999999999,9,4996,0,59,10000,1804454814,83be11bce9d4a16ee16c1419cc9b23af3fefbb092f68f34032dc5c700888b008,True,False
DAX,fz0_0p01,full,headline,semi_quadratic,ewma,-3.0417196549038872,0.037100000000000001,3,4996,0,59,10000,1804454814,83be11bce9d4a16ee16c1419cc9b23af3fefbb092f68f34032dc5c700888b008,False,False
DAX,fz0_0p01,full,headline,semi_quadratic,garch11,-3.0374471131669947,0.037100000000000001,2,4996,0,59,10000,1804454814,83be11bce9d4a16ee16c1419cc9b23af3fefbb092f68f34032dc5c700888b008,False,False
DAX,fz0_0p01,full,headline,semi_quadratic,garch11_t,-3.1765700560885879,1,13,4996,0,59,10000,1804454814,83be11bce9d4a16ee16c1419cc9b23af3fefbb092f68f34032dc5c700888b008,True,True
DAX,fz0_0p01,full,headline,semi_quadratic,gjr,-3.1050128054902668,0.20219999999999999,12,4996,0,59,10000,1804454814,83be11bce9d4a16ee16c1419cc9b23af3fefbb092f68f34032dc5c700888b008,True,False
DAX,fz0_0p01,full,headline,semi_quadratic,har,-3.0758229745482826,0.20219999999999999,10,4996,0,59,10000,1804454814,83be11bce9d4a16ee16c1419cc9b23af3fefbb092f68f34032dc5c700888b008,True,False
DAX,fz0_0p01,full,headline,semi_quadratic,lgbm,-2.884111739967421,0.037100000000000001,5,4996,0,59,10000,1804454814,83be11bce9d4a16ee16c1419cc9b23af3fefbb092f68f34032dc5c700888b008,False,False
DAX,fz0_0p01,full,headline,semi_quadratic,moirai,-3.0654678695257656,0.20219999999999999,8,4996,0,59,10000,1804454814,83be11bce9d4a16ee16c1419cc9b23af3fefbb092f68f34032dc5c700888b008,True,False
DAX,fz0_0p01,full,headline,semi_quadratic,naive,-2.6312679513065422,0.042999999999999997,6,4996,0,59,10000,1804454814,83be11bce9d4a16ee16c1419cc9b23af3fefbb092f68f34032dc5c700888b008,False,False
DAX,fz0_0p01,full,headline,semi_quadratic,patchtst,-2.2748252404433758,0.012999999999999999,1,4996,0,59,10000,1804454814,83be11bce9d4a16ee16c1419cc9b23af3fefbb092f68f34032dc5c700888b008,False,False
DAX,fz0_0p01,full,headline,semi_quadratic,timesfm,-3.081653574082468,0.20219999999999999,11,4996,0,59,10000,1804454814,83be11bce9d4a16ee16c1419cc9b23af3fefbb092f68f34032dc5c700888b008,True,False
DAX,fz0_0p025,full,headline,range,autoarima,-3.3493616885662538,0.53810000000000002,6,4996,0,66,10000,1920841790,e4e8565db66bda2e3560c324d3ba39cd2b96ea7b14a74d47796e743042cb3b57,True,True
DAX,fz0_0p025,full,headline,range,autoets,-3.3604519607506345,0.79339999999999999,7,4996,0,66,10000,1920841790,e4e8565db66bda2e3560c324d3ba39cd2b96ea7b14a74d47796e743042cb3b57,True,True
DAX,fz0_0p025,full,headline,range,chronos,-3.3767865103140871,0.84799999999999998,11,4996,0,66,10000,1920841790,e4e8565db66bda2e3560c324d3ba39cd2b96ea7b14a74d47796e743042cb3b57,True,True
DAX,fz0_0p025,full,headline,range,ewma,-3.3484045261552313,0.32329999999999998,5,4996,0,66,10000,1920841790,e4e8565db66bda2e3560c324d3ba39cd2b96ea7b14a74d47796e743042cb3b57,True,True
DAX,fz0_0p025,full,headline,range,garch11,-3.3495545467686498,0.1154,2,4996,0,66,10000,1920841790,e4e8565db66bda2e3560c324d3ba39cd2b96ea7b14a74d47796e743042cb3b57,True,False
DAX,fz0_0p025,full,headline,range,garch11_t,-3.3934197107672159,0.8982,12,4996,0,66,10000,1920841790,e4e8565db66bda2e3560c324d3ba39cd2b96ea7b14a74d47796e743042cb3b57,True,True
DAX,fz0_0p025,full,headline,range,gjr,-3.3965259499166147,1,13,4996,0,66,10000,1920841790,e4e8565db66bda2e3560c324d3ba39cd2b96ea7b14a74d47796e743042cb3b57,True,True
DAX,fz0_0p025,full,headline,range,har,-3.3711685208323088,0.84799999999999998,9,4996,0,66,10000,1920841790,e4e8565db66bda2e3560c324d3ba39cd2b96ea7b14a74d47796e743042cb3b57,True,True
DAX,fz0_0p025,full,headline,range,lgbm,-3.2543227474342173,0.1507,4,4996,0,66,10000,1920841790,e4e8565db66bda2e3560c324d3ba39cd2b96ea7b14a74d47796e743042cb3b57,True,False
DAX,fz0_0p025,full,headline,range,moirai,-3.3748461446069031,0.84799999999999998,10,4996,0,66,10000,1920841790,e4e8565db66bda2e3560c324d3ba39cd2b96ea7b14a74d47796e743042cb3b57,True,True
DAX,fz0_0p025,full,headline,range,naive,-3.1095451595162196,0.1419,3,4996,0,66,10000,1920841790,e4e8565db66bda2e3560c324d3ba39cd2b96ea7b14a74d47796e743042cb3b57,True,False
DAX,fz0_0p025,full,headline,range,patchtst,-2.9534277708616563,0.021899999999999999,1,4996,0,66,10000,1920841790,e4e8565db66bda2e3560c324d3ba39cd2b96ea7b14a74d47796e743042cb3b57,False,False
DAX,fz0_0p025,full,headline,range,timesfm,-3.3689275104926946,0.84799999999999998,8,4996,0,66,10000,1920841790,e4e8565db66bda2e3560c324d3ba39cd2b96ea7b14a74d47796e743042cb3b57,True,True
DAX,fz0_0p025,full,headline,semi_quadratic,autoarima,-3.3493616885662538,0.40429999999999999,6,4996,0,66,10000,1698561330,3482530d2e60a4bf2e0adc52d3e8fadb860c27b59e85264405aedcd13d1f2e33,True,True
DAX,fz0_0p025,full,headline,semi_quadratic,autoets,-3.3604519607506345,0.7117,7,4996,0,66,10000,1698561330,3482530d2e60a4bf2e0adc52d3e8fadb860c27b59e85264405aedcd13d1f2e33,True,True
DAX,fz0_0p025,full,headline,semi_quadratic,chronos,-3.3767865103140871,0.77200000000000002,11,4996,0,66,10000,1698561330,3482530d2e60a4bf2e0adc52d3e8fadb860c27b59e85264405aedcd13d1f2e33,True,True
DAX,fz0_0p025,full,headline,semi_quadratic,ewma,-3.3484045261552313,0.3553,5,4996,0,66,10000,1698561330,3482530d2e60a4bf2e0adc52d3e8fadb860c27b59e85264405aedcd13d1f2e33,True,True
DAX,fz0_0p025,full,headline,semi_quadratic,garch11,-3.3495545467686498,0.030800000000000001,2,4996,0,66,10000,1698561330,3482530d2e60a4bf2e0adc52d3e8fadb860c27b59e85264405aedcd13d1f2e33,False,False
DAX,fz0_0p025,full,headline,semi_quadratic,garch11_t,-3.3934197107672159,0.89649999999999996,12,4996,0,66,10000,1698561330,3482530d2e60a4bf2e0adc52d3e8fadb860c27b59e85264405aedcd13d1f2e33,True,True
DAX,fz0_0p025,full,headline,semi_quadratic,gjr,-3.3965259499166147,1,13,4996,0,66,10000,1698561330,3482530d2e60a4bf2e0adc52d3e8fadb860c27b59e85264405aedcd13d1f2e33,True,True
DAX,fz0_0p025,full,headline,semi_quadratic,har,-3.3711685208323088,0.77200000000000002,9,4996,0,66,10000,1698561330,3482530d2e60a4bf2e0adc52d3e8fadb860c27b59e85264405aedcd13d1f2e33,True,True
DAX,fz0_0p025,full,headline,semi_quadratic,lgbm,-3.2543227474342173,0.089399999999999993,4,4996,0,66,10000,1698561330,3482530d2e60a4bf2e0adc52d3e8fadb860c27b59e85264405aedcd13d1f2e33,False,False
DAX,fz0_0p025,full,headline,semi_quadratic,moirai,-3.3748461446069031,0.77200000000000002,10,4996,0,66,10000,1698561330,3482530d2e60a4bf2e0adc52d3e8fadb860c27b59e85264405aedcd13d1f2e33,True,True
DAX,fz0_0p025,full,headline,semi_quadratic,naive,-3.1095451595162196,0.030800000000000001,3,4996,0,66,10000,1698561330,3482530d2e60a4bf2e0adc52d3e8fadb860c27b59e85264405aedcd13d1f2e33,False,False
DAX,fz0_0p025,full,headline,semi_quadratic,patchtst,-2.9534277708616563,0.0095999999999999992,1,4996,0,66,10000,1698561330,3482530d2e60a4bf2e0adc52d3e8fadb860c27b59e85264405aedcd13d1f2e33,False,False
DAX,fz0_0p025,full,headline,semi_quadratic,timesfm,-3.3689275104926946,0.77200000000000002,8,4996,0,66,10000,1698561330,3482530d2e60a4bf2e0adc52d3e8fadb860c27b59e85264405aedcd13d1f2e33,True,True
DAX,fz0_0p05,full,headline,range,autoarima,-3.5801725691817126,0.45619999999999999,5,4996,0,66,10000,141539968,dc7d83a9c470557ea7b89ede50dfaefb6071279c4f22511b62ac67be2fb32fb9,True,True
DAX,fz0_0p05,full,headline,range,autoets,-3.5891403626663028,0.77149999999999996,10,4996,0,66,10000,141539968,dc7d83a9c470557ea7b89ede50dfaefb6071279c4f22511b62ac67be2fb32fb9,True,True
DAX,fz0_0p05,full,headline,range,chronos,-3.5899449998138704,0.77149999999999996,9,4996,0,66,10000,141539968,dc7d83a9c470557ea7b89ede50dfaefb6071279c4f22511b62ac67be2fb32fb9,True,True
DAX,fz0_0p05,full,headline,range,ewma,-3.5718831243344216,0.45619999999999999,6,4996,0,66,10000,141539968,dc7d83a9c470557ea7b89ede50dfaefb6071279c4f22511b62ac67be2fb32fb9,True,True
DAX,fz0_0p05,full,headline,range,garch11,-3.5650396381044214,0.45179999999999998,4,4996,0,66,10000,141539968,dc7d83a9c470557ea7b89ede50dfaefb6071279c4f22511b62ac67be2fb32fb9,True,True
DAX,fz0_0p05,full,headline,range,garch11_t,-3.5791254848515242,0.61080000000000001,7,4996,0,66,10000,141539968,dc7d83a9c470557ea7b89ede50dfaefb6071279c4f22511b62ac67be2fb32fb9,True,True
DAX,fz0_0p05,full,headline,range,gjr,-3.6062969703791419,1,13,4996,0,66,10000,141539968,dc7d83a9c470557ea7b89ede50dfaefb6071279c4f22511b62ac67be2fb32fb9,True,True
DAX,fz0_0p05,full,headline,range,har,-3.5937481411637142,0.77149999999999996,11,4996,0,66,10000,141539968,dc7d83a9c470557ea7b89ede50dfaefb6071279c4f22511b62ac67be2fb32fb9,True,True
DAX,fz0_0p05,full,headline,range,lgbm,-3.505362517198841,0.066699999999999995,3,4996,0,66,10000,141539968,dc7d83a9c470557ea7b89ede50dfaefb6071279c4f22511b62ac67be2fb32fb9,False,False
DAX,fz0_0p05,full,headline,range,moirai,-3.5942436877448958,0.77149999999999996,12,4996,0,66,10000,141539968,dc7d83a9c470557ea7b89ede50dfaefb6071279c4f22511b62ac67be2fb32fb9,True,True
DAX,fz0_0p05,full,headline,range,naive,-3.3971214146267141,0.035099999999999999,2,4996,0,66,10000,141539968,dc7d83a9c470557ea7b89ede50dfaefb6071279c4f22511b62ac67be2fb32fb9,False,False
DAX,fz0_0p05,full,headline,range,patchtst,-3.3267128387630245,0.017600000000000001,1,4996,0,66,10000,141539968,dc7d83a9c470557ea7b89ede50dfaefb6071279c4f22511b62ac67be2fb32fb9,False,False
DAX,fz0_0p05,full,headline,range,timesfm,-3.5843282764271165,0.76019999999999999,8,4996,0,66,10000,141539968,dc7d83a9c470557ea7b89ede50dfaefb6071279c4f22511b62ac67be2fb32fb9,True,True
DAX,fz0_0p05,full,headline,semi_quadratic,autoarima,-3.5801725691817126,0.4254,5,4996,0,66,10000,2120972945,786b9b6501acf89c31535ed63cce0680e02b8089d3754693e11251bba65cf72a,True,True
DAX,fz0_0p05,full,headline,semi_quadratic,autoets,-3.5891403626663028,0.78190000000000004,10,4996,0,66,10000,2120972945,786b9b6501acf89c31535ed63cce0680e02b8089d3754693e11251bba65cf72a,True,True
DAX,fz0_0p05,full,headline,semi_quadratic,chronos,-3.5899449998138704,0.78190000000000004,9,4996,0,66,10000,2120972945,786b9b6501acf89c31535ed63cce0680e02b8089d3754693e11251bba65cf72a,True,True
DAX,fz0_0p05,full,headline,semi_quadratic,ewma,-3.5718831243344216,0.51600000000000001,6,4996,0,66,10000,2120972945,786b9b6501acf89c31535ed63cce0680e02b8089d3754693e11251bba65cf72a,True,True
DAX,fz0_0p05,full,headline,semi_quadratic,garch11,-3.5650396381044214,0.31480000000000002,4,4996,0,66,10000,2120972945,786b9b6501acf89c31535ed63cce0680e02b8089d3754693e11251bba65cf72a,True,True
DAX,fz0_0p05,full,headline,semi_quadratic,garch11_t,-3.5791254848515242,0.67879999999999996,7,4996,0,66,10000,2120972945,786b9b6501acf89c31535ed63cce0680e02b8089d3754693e11251bba65cf72a,True,True
DAX,fz0_0p05,full,headline,semi_quadratic,gjr,-3.6062969703791419,1,13,4996,0,66,10000,2120972945,786b9b6501acf89c31535ed63cce0680e02b8089d3754693e11251bba65cf72a,True,True
DAX,fz0_0p05,full,headline,semi_quadratic,har,-3.5937481411637142,0.78190000000000004,11,4996,0,66,10000,2120972945,786b9b6501acf89c31535ed63cce0680e02b8089d3754693e11251bba65cf72a,True,True
DAX,fz0_0p05,full,headline,semi_quadratic,lgbm,-3.505362517198841,0.0511,3,4996,0,66,10000,2120972945,786b9b6501acf89c31535ed63cce0680e02b8089d3754693e11251bba65cf72a,False,False
DAX,fz0_0p05,full,headline,semi_quadratic,moirai,-3.5942436877448958,0.78190000000000004,12,4996,0,66,10000,2120972945,786b9b6501acf89c31535ed63cce0680e02b8089d3754693e11251bba65cf72a,True,True
DAX,fz0_0p05,full,headline,semi_quadratic,naive,-3.3971214146267141,0.0080000000000000002,2,4996,0,66,10000,2120972945,786b9b6501acf89c31535ed63cce0680e02b8089d3754693e11251bba65cf72a,False,False
DAX,fz0_0p05,full,headline,semi_quadratic,patchtst,-3.3267128387630245,0.0033,1,4996,0,66,10000,2120972945,786b9b6501acf89c31535ed63cce0680e02b8089d3754693e11251bba65cf72a,False,False
DAX,fz0_0p05,full,headline,semi_quadratic,timesfm,-3.5843282764271165,0.72470000000000001,8,4996,0,66,10000,2120972945,786b9b6501acf89c31535ed63cce0680e02b8089d3754693e11251bba65cf72a,True,True
DAX,fz0_avg,full,headline,range,autoarima,-3.3190061783013238,0.40949999999999998,6,4996,0,66,10000,659681202,934345f47012370eb0d9028aef5dba355105ca2cc2757ba775dd64d5dc36c81a,True,True
DAX,fz0_avg,full,headline,range,autoets,-3.3319171313928901,0.66300000000000003,7,4996,0,66,10000,659681202,934345f47012370eb0d9028aef5dba355105ca2cc2757ba775dd64d5dc36c81a,True,True
DAX,fz0_avg,full,headline,range,chronos,-3.3483988152308037,0.74460000000000004,9,4996,0,66,10000,659681202,934345f47012370eb0d9028aef5dba355105ca2cc2757ba775dd64d5dc36c81a,True,True
DAX,fz0_avg,full,headline,range,ewma,-3.3206691017978507,0.18429999999999999,5,4996,0,66,10000,659681202,934345f47012370eb0d9028aef5dba355105ca2cc2757ba775dd64d5dc36c81a,True,False
DAX,fz0_avg,full,headline,range,garch11,-3.3173470993466907,0.065600000000000006,2,4996,0,66,10000,659681202,934345f47012370eb0d9028aef5dba355105ca2cc2757ba775dd64d5dc36c81a,False,False
DAX,fz0_avg,full,headline,range,garch11_t,-3.3830384172357695,1,13,4996,0,66,10000,659681202,934345f47012370eb0d9028aef5dba355105ca2cc2757ba775dd64d5dc36c81a,True,True
DAX,fz0_avg,full,headline,range,gjr,-3.3692785752620011,0.74460000000000004,12,4996,0,66,10000,659681202,934345f47012370eb0d9028aef5dba355105ca2cc2757ba775dd64d5dc36c81a,True,True
DAX,fz0_avg,full,headline,range,har,-3.3469132121814331,0.74460000000000004,10,4996,0,66,10000,659681202,934345f47012370eb0d9028aef5dba355105ca2cc2757ba775dd64d5dc36c81a,True,True
DAX,fz0_avg,full,headline,range,lgbm,-3.2145990015334864,0.16850000000000001,4,4996,0,66,10000,659681202,934345f47012370eb0d9028aef5dba355105ca2cc2757ba775dd64d5dc36c81a,True,False
DAX,fz0_avg,full,headline,range,moirai,-3.3448525672925196,0.74460000000000004,8,4996,0,66,10000,659681202,934345f47012370eb0d9028aef5dba355105ca2cc2757ba775dd64d5dc36c81a,True,True
DAX,fz0_avg,full,headline,range,naive,-3.0459781751498278,0.1517,3,4996,0,66,10000,659681202,934345f47012370eb0d9028aef5dba355105ca2cc2757ba775dd64d5dc36c81a,True,False
DAX,fz0_avg,full,headline,range,patchtst,-2.8516552833560365,0.021000000000000001,1,4996,0,66,10000,659681202,934345f47012370eb0d9028aef5dba355105ca2cc2757ba775dd64d5dc36c81a,False,False
DAX,fz0_avg,full,headline,range,timesfm,-3.344969787000764,0.74460000000000004,11,4996,0,66,10000,659681202,934345f47012370eb0d9028aef5dba355105ca2cc2757ba775dd64d5dc36c81a,True,True
DAX,fz0_avg,full,headline,semi_quadratic,autoarima,-3.3190061783013238,0.2964,6,4996,0,66,10000,1492036814,891333a465c9036ae67cddb1f7a56b4569e174793e1d7fd7436c4a6bc455d641,True,True
DAX,fz0_avg,full,headline,semi_quadratic,autoets,-3.3319171313928901,0.58919999999999995,7,4996,0,66,10000,1492036814,891333a465c9036ae67cddb1f7a56b4569e174793e1d7fd7436c4a6bc455d641,True,True
DAX,fz0_avg,full,headline,semi_quadratic,chronos,-3.3483988152308037,0.64970000000000006,9,4996,0,66,10000,1492036814,891333a465c9036ae67cddb1f7a56b4569e174793e1d7fd7436c4a6bc455d641,True,True
DAX,fz0_avg,full,headline,semi_quadratic,ewma,-3.3206691017978507,0.26850000000000002,5,4996,0,66,10000,1492036814,891333a465c9036ae67cddb1f7a56b4569e174793e1d7fd7436c4a6bc455d641,True,True
DAX,fz0_avg,full,headline,semi_quadratic,garch11,-3.3173470993466907,0.038800000000000001,2,4996,0,66,10000,1492036814,891333a465c9036ae67cddb1f7a56b4569e174793e1d7fd7436c4a6bc455d641,False,False
DAX,fz0_avg,full,headline,semi_quadratic,garch11_t,-3.3830384172357695,1,13,4996,0,66,10000,1492036814,891333a465c9036ae67cddb1f7a56b4569e174793e1d7fd7436c4a6bc455d641,True,True
DAX,fz0_avg,full,headline,semi_quadratic,gjr,-3.3692785752620011,0.64970000000000006,12,4996,0,66,10000,1492036814,891333a465c9036ae67cddb1f7a56b4569e174793e1d7fd7436c4a6bc455d641,True,True
DAX,fz0_avg,full,headline,semi_quadratic,har,-3.3469132121814331,0.64970000000000006,11,4996,0,66,10000,1492036814,891333a465c9036ae67cddb1f7a56b4569e174793e1d7fd7436c4a6bc455d641,True,True
DAX,fz0_avg,full,headline,semi_quadratic,lgbm,-3.2145990015334864,0.091200000000000003,4,4996,0,66,10000,1492036814,891333a465c9036ae67cddb1f7a56b4569e174793e1d7fd7436c4a6bc455d641,False,False
DAX,fz0_avg,full,headline,semi_quadratic,moirai,-3.3448525672925196,0.64970000000000006,8,4996,0,66,10000,1492036814,891333a465c9036ae67cddb1f7a56b4569e174793e1d7fd7436c4a6bc455d641,True,True
DAX,fz0_avg,full,headline,semi_quadratic,naive,-3.0459781751498278,0.038800000000000001,3,4996,0,66,10000,1492036814,891333a465c9036ae67cddb1f7a56b4569e174793e1d7fd7436c4a6bc455d641,False,False
DAX,fz0_avg,full,headline,semi_quadratic,patchtst,-2.8516552833560365,0.0126,1,4996,0,66,10000,1492036814,891333a465c9036ae67cddb1f7a56b4569e174793e1d7fd7436c4a6bc455d641,False,False
DAX,fz0_avg,full,headline,semi_quadratic,timesfm,-3.344969787000764,0.64970000000000006,10,4996,0,66,10000,1492036814,891333a465c9036ae67cddb1f7a56b4569e174793e1d7fd7436c4a6bc455d641,True,True
DAX,qlike_ex_near_zero,full,headline,range,autoarima,0.41222699511264327,0.43209999999999998,8,4996,0,70,10000,967567974,3f08dc2999805b2a61aec319c74b97c6c9672abd7b62d2b5e7a6eb700aee627c,True,True
DAX,qlike_ex_near_zero,full,headline,range,autoets,0.40864584139942417,0.4728,10,4996,0,70,10000,967567974,3f08dc2999805b2a61aec319c74b97c6c9672abd7b62d2b5e7a6eb700aee627c,True,True
DAX,qlike_ex_near_zero,full,headline,range,chronos,0.4100956376894786,0.4728,9,4996,0,70,10000,967567974,3f08dc2999805b2a61aec319c74b97c6c9672abd7b62d2b5e7a6eb700aee627c,True,True
DAX,qlike_ex_near_zero,full,headline,range,ewma,0.43622697275111888,0.0095999999999999992,3,4996,0,70,10000,967567974,3f08dc2999805b2a61aec319c74b97c6c9672abd7b62d2b5e7a6eb700aee627c,False,False
DAX,qlike_ex_near_zero,full,headline,range,garch11,0.44902192257067319,0.0206,6,4996,0,70,10000,967567974,3f08dc2999805b2a61aec319c74b97c6c9672abd7b62d2b5e7a6eb700aee627c,False,False
DAX,qlike_ex_near_zero,full,headline,range,garch11_t,0.44281583484379206,0.0189,5,4996,0,70,10000,967567974,3f08dc2999805b2a61aec319c74b97c6c9672abd7b62d2b5e7a6eb700aee627c,False,False
DAX,qlike_ex_near_zero,full,headline,range,gjr,0.39287495824309165,1,13,4996,0,70,10000,967567974,3f08dc2999805b2a61aec319c74b97c6c9672abd7b62d2b5e7a6eb700aee627c,True,True
DAX,qlike_ex_near_zero,full,headline,range,har,0.40398636272462207,0.56810000000000005,11,4996,0,70,10000,967567974,3f08dc2999805b2a61aec319c74b97c6c9672abd7b62d2b5e7a6eb700aee627c,True,True
DAX,qlike_ex_near_zero,full,headline,range,lgbm,0.59601035773645472,0.0041000000000000003,2,4996,0,70,10000,967567974,3f08dc2999805b2a61aec319c74b97c6c9672abd7b62d2b5e7a6eb700aee627c,False,False
DAX,qlike_ex_near_zero,full,headline,range,moirai,0.40389149014876058,0.56810000000000005,12,4996,0,70,10000,967567974,3f08dc2999805b2a61aec319c74b97c6c9672abd7b62d2b5e7a6eb700aee627c,True,True
DAX,qlike_ex_near_zero,full,headline,range,naive,0.80350618680986796,0.0027000000000000001,1,4996,0,70,10000,967567974,3f08dc2999805b2a61aec319c74b97c6c9672abd7b62d2b5e7a6eb700aee627c,False,False
DAX,qlike_ex_near_zero,full,headline,range,patchtst,0.78332012073828527,0.018800000000000001,4,4996,0,70,10000,967567974,3f08dc2999805b2a61aec319c74b97c6c9672abd7b62d2b5e7a6eb700aee627c,False,False
DAX,qlike_ex_near_zero,full,headline,range,timesfm,0.4153168409915361,0.16089999999999999,7,4996,0,70,10000,967567974,3f08dc2999805b2a61aec319c74b97c6c9672abd7b62d2b5e7a6eb700aee627c,True,False
DAX,qlike_ex_near_zero,full,headline,semi_quadratic,autoarima,0.41222699511264327,0.23050000000000001,8,4996,0,70,10000,1982155179,39909d4aa48e795d461348b3bcf9b39d97dad9633df1971ad0aa29b202b0bf16,True,False
DAX,qlike_ex_near_zero,full,headline,semi_quadratic,autoets,0.40864584139942417,0.40989999999999999,10,4996,0,70,10000,1982155179,39909d4aa48e795d461348b3bcf9b39d97dad9633df1971ad0aa29b202b0bf16,True,True
DAX,qlike_ex_near_zero,full,headline,semi_quadratic,chronos,0.4100956376894786,0.34029999999999999,9,4996,0,70,10000,1982155179,39909d4aa48e795d461348b3bcf9b39d97dad9633df1971ad0aa29b202b0bf16,True,True
DAX,qlike_ex_near_zero,full,headline,semi_quadratic,ewma,0.43622697275111888,0.00069999999999999999,3,4996,0,70,10000,1982155179,39909d4aa48e795d461348b3bcf9b39d97dad9633df1971ad0aa29b202b0bf16,False,False
DAX,qlike_ex_near_zero,full,headline,semi_quadratic,garch11,0.44902192257067319,0.012999999999999999,6,4996,0,70,10000,1982155179,39909d4aa48e795d461348b3bcf9b39d97dad9633df1971ad0aa29b202b0bf16,False,False
DAX,qlike_ex_near_zero,full,headline,semi_quadratic,garch11_t,0.44281583484379206,0.0016999999999999999,4,4996,0,70,10000,1982155179,39909d4aa48e795d461348b3bcf9b39d97dad9633df1971ad0aa29b202b0bf16,False,False
DAX,qlike_ex_near_zero,full,headline,semi_quadratic,gjr,0.39287495824309165,1,13,4996,0,70,10000,1982155179,39909d4aa48e795d461348b3bcf9b39d97dad9633df1971ad0aa29b202b0bf16,True,True
DAX,qlike_ex_near_zero,full,headline,semi_quadratic,har,0.40398636272462207,0.51929999999999998,11,4996,0,70,10000,1982155179,39909d4aa48e795d461348b3bcf9b39d97dad9633df1971ad0aa29b202b0bf16,True,True
DAX,qlike_ex_near_zero,full,headline,semi_quadratic,lgbm,0.59601035773645472,0.00069999999999999999,2,4996,0,70,10000,1982155179,39909d4aa48e795d461348b3bcf9b39d97dad9633df1971ad0aa29b202b0bf16,False,False
DAX,qlike_ex_near_zero,full,headline,semi_quadratic,moirai,0.40389149014876058,0.51929999999999998,12,4996,0,70,10000,1982155179,39909d4aa48e795d461348b3bcf9b39d97dad9633df1971ad0aa29b202b0bf16,True,True
DAX,qlike_ex_near_zero,full,headline,semi_quadratic,naive,0.80350618680986796,0.00040000000000000002,1,4996,0,70,10000,1982155179,39909d4aa48e795d461348b3bcf9b39d97dad9633df1971ad0aa29b202b0bf16,False,False
DAX,qlike_ex_near_zero,full,headline,semi_quadratic,patchtst,0.78332012073828527,0.0038999999999999998,5,4996,0,70,10000,1982155179,39909d4aa48e795d461348b3bcf9b39d97dad9633df1971ad0aa29b202b0bf16,False,False
DAX,qlike_ex_near_zero,full,headline,semi_quadratic,timesfm,0.4153168409915361,0.14929999999999999,7,4996,0,70,10000,1982155179,39909d4aa48e795d461348b3bcf9b39d97dad9633df1971ad0aa29b202b0bf16,True,False
DIA,crps,full,headline,range,autoarima,0.0054288150499849624,0.60840000000000005,11,4904,0,154,10000,131813079,e35ab198ae7cb5e7a57001c3aea6321ea6bdc236c7e23e58ac5939b330c46d1d,True,True
DIA,crps,full,headline,range,autoets,0.0054240272864171752,1,13,4904,0,154,10000,131813079,e35ab198ae7cb5e7a57001c3aea6321ea6bdc236c7e23e58ac5939b330c46d1d,True,True
DIA,crps,full,headline,range,chronos,0.0054612084392514776,0.0269,7,4904,0,154,10000,131813079,e35ab198ae7cb5e7a57001c3aea6321ea6bdc236c7e23e58ac5939b330c46d1d,False,False
DIA,crps,full,headline,range,ewma,0.005499901003018782,0.0043,5,4904,0,154,10000,131813079,e35ab198ae7cb5e7a57001c3aea6321ea6bdc236c7e23e58ac5939b330c46d1d,False,False
DIA,crps,full,headline,range,garch11,0.0054768616098411476,0,2,4904,0,154,10000,131813079,e35ab198ae7cb5e7a57001c3aea6321ea6bdc236c7e23e58ac5939b330c46d1d,False,False
DIA,crps,full,headline,range,garch11_t,0.0054627679863595239,0.0038999999999999998,4,4904,0,154,10000,131813079,e35ab198ae7cb5e7a57001c3aea6321ea6bdc236c7e23e58ac5939b330c46d1d,False,False
DIA,crps,full,headline,range,gjr,0.005430554846418946,0.60840000000000005,12,4904,0,154,10000,131813079,e35ab198ae7cb5e7a57001c3aea6321ea6bdc236c7e23e58ac5939b330c46d1d,True,True
DIA,crps,full,headline,range,har,0.0054411315422195532,0.24060000000000001,9,4904,0,154,10000,131813079,e35ab198ae7cb5e7a57001c3aea6321ea6bdc236c7e23e58ac5939b330c46d1d,True,False
DIA,crps,full,headline,range,lgbm,0.0056687896030846105,0.0126,6,4904,0,154,10000,131813079,e35ab198ae7cb5e7a57001c3aea6321ea6bdc236c7e23e58ac5939b330c46d1d,False,False
DIA,crps,full,headline,range,moirai,0.00544945886324454,0.2742,10,4904,0,154,10000,131813079,e35ab198ae7cb5e7a57001c3aea6321ea6bdc236c7e23e58ac5939b330c46d1d,True,True
DIA,crps,full,headline,range,naive,0.005841696430656778,0.00029999999999999997,3,4904,0,154,10000,131813079,e35ab198ae7cb5e7a57001c3aea6321ea6bdc236c7e23e58ac5939b330c46d1d,False,False
DIA,crps,full,headline,range,patchtst,0.005606199562618844,0,1,4904,0,154,10000,131813079,e35ab198ae7cb5e7a57001c3aea6321ea6bdc236c7e23e58ac5939b330c46d1d,False,False
DIA,crps,full,headline,range,timesfm,0.0054597637602499111,0.052299999999999999,8,4904,0,154,10000,131813079,e35ab198ae7cb5e7a57001c3aea6321ea6bdc236c7e23e58ac5939b330c46d1d,False,False
DIA,crps,full,headline,semi_quadratic,autoarima,0.0054288150499849624,0.60429999999999995,11,4904,0,154,10000,61469873,e8e13f760f118a2027323e7a2c4e39cf84affaa8276004ed20b6ffa7913089bc,True,True
DIA,crps,full,headline,semi_quadratic,autoets,0.0054240272864171752,1,13,4904,0,154,10000,61469873,e8e13f760f118a2027323e7a2c4e39cf84affaa8276004ed20b6ffa7913089bc,True,True
DIA,crps,full,headline,semi_quadratic,chronos,0.0054612084392514776,0.017500000000000002,7,4904,0,154,10000,61469873,e8e13f760f118a2027323e7a2c4e39cf84affaa8276004ed20b6ffa7913089bc,False,False
DIA,crps,full,headline,semi_quadratic,ewma,0.005499901003018782,0.002,5,4904,0,154,10000,61469873,e8e13f760f118a2027323e7a2c4e39cf84affaa8276004ed20b6ffa7913089bc,False,False
DIA,crps,full,headline,semi_quadratic,garch11,0.0054768616098411476,0.00020000000000000001,2,4904,0,154,10000,61469873,e8e13f760f118a2027323e7a2c4e39cf84affaa8276004ed20b6ffa7913089bc,False,False
DIA,crps,full,headline,semi_quadratic,garch11_t,0.0054627679863595239,0.0016000000000000001,4,4904,0,154,10000,61469873,e8e13f760f118a2027323e7a2c4e39cf84affaa8276004ed20b6ffa7913089bc,False,False
DIA,crps,full,headline,semi_quadratic,gjr,0.005430554846418946,0.60429999999999995,12,4904,0,154,10000,61469873,e8e13f760f118a2027323e7a2c4e39cf84affaa8276004ed20b6ffa7913089bc,True,True
DIA,crps,full,headline,semi_quadratic,har,0.0054411315422195532,0.16769999999999999,9,4904,0,154,10000,61469873,e8e13f760f118a2027323e7a2c4e39cf84affaa8276004ed20b6ffa7913089bc,True,False
DIA,crps,full,headline,semi_quadratic,lgbm,0.0056687896030846105,0.0054000000000000003,6,4904,0,154,10000,61469873,e8e13f760f118a2027323e7a2c4e39cf84affaa8276004ed20b6ffa7913089bc,False,False
DIA,crps,full,headline,semi_quadratic,moirai,0.00544945886324454,0.19320000000000001,10,4904,0,154,10000,61469873,e8e13f760f118a2027323e7a2c4e39cf84affaa8276004ed20b6ffa7913089bc,True,False
DIA,crps,full,headline,semi_quadratic,naive,0.005841696430656778,0.00050000000000000001,3,4904,0,154,10000,61469873,e8e13f760f118a2027323e7a2c4e39cf84affaa8276004ed20b6ffa7913089bc,False,False
DIA,crps,full,headline,semi_quadratic,patchtst,0.005606199562618844,0.0001,1,4904,0,154,10000,61469873,e8e13f760f118a2027323e7a2c4e39cf84affaa8276004ed20b6ffa7913089bc,False,False
DIA,crps,full,headline,semi_quadratic,timesfm,0.0054597637602499111,0.0402,8,4904,0,154,10000,61469873,e8e13f760f118a2027323e7a2c4e39cf84affaa8276004ed20b6ffa7913089bc,False,False
DIA,log_score,full,headline,range,autoarima,-3.3175262848308651,0.92179999999999995,11,4904,0,75,10000,390829472,5b646effa00bb6c232f52d97e0f2b83b286e74b4a0d4e496405b89ecf13b5721,True,True
DIA,log_score,full,headline,range,autoets,-3.3188009459267778,1,13,4904,0,75,10000,390829472,5b646effa00bb6c232f52d97e0f2b83b286e74b4a0d4e496405b89ecf13b5721,True,True
DIA,log_score,full,headline,range,chronos,-3.2971526231212129,0.0085000000000000006,6,4904,0,75,10000,390829472,5b646effa00bb6c232f52d97e0f2b83b286e74b4a0d4e496405b89ecf13b5721,False,False
DIA,log_score,full,headline,range,ewma,-3.2696006574575045,0.0001,1,4904,0,75,10000,390829472,5b646effa00bb6c232f52d97e0f2b83b286e74b4a0d4e496405b89ecf13b5721,False,False
DIA,log_score,full,headline,range,garch11,-3.2882038053530258,0.00020000000000000001,3,4904,0,75,10000,390829472,5b646effa00bb6c232f52d97e0f2b83b286e74b4a0d4e496405b89ecf13b5721,False,False
DIA,log_score,full,headline,range,garch11_t,-3.318041505937098,0.9294,12,4904,0,75,10000,390829472,5b646effa00bb6c232f52d97e0f2b83b286e74b4a0d4e496405b89ecf13b5721,True,True
DIA,log_score,full,headline,range,gjr,-3.3113709734531334,0.76829999999999998,10,4904,0,75,10000,390829472,5b646effa00bb6c232f52d97e0f2b83b286e74b4a0d4e496405b89ecf13b5721,True,True
DIA,log_score,full,headline,range,har,-3.3127272151164395,0.39029999999999998,9,4904,0,75,10000,390829472,5b646effa00bb6c232f52d97e0f2b83b286e74b4a0d4e496405b89ecf13b5721,True,True
DIA,log_score,full,headline,range,lgbm,-3.2140238742863843,0.00059999999999999995,5,4904,0,75,10000,390829472,5b646effa00bb6c232f52d97e0f2b83b286e74b4a0d4e496405b89ecf13b5721,False,False
DIA,log_score,full,headline,range,moirai,-3.3055403248891011,0.19700000000000001,8,4904,0,75,10000,390829472,5b646effa00bb6c232f52d97e0f2b83b286e74b4a0d4e496405b89ecf13b5721,True,False
DIA,log_score,full,headline,range,naive,-3.0350736226102235,0.00059999999999999995,4,4904,0,75,10000,390829472,5b646effa00bb6c232f52d97e0f2b83b286e74b4a0d4e496405b89ecf13b5721,False,False
DIA,log_score,full,headline,range,patchtst,-3.1427519718626575,0.0001,2,4904,0,75,10000,390829472,5b646effa00bb6c232f52d97e0f2b83b286e74b4a0d4e496405b89ecf13b5721,False,False
DIA,log_score,full,headline,range,timesfm,-3.3005528299450977,0.0088000000000000005,7,4904,0,75,10000,390829472,5b646effa00bb6c232f52d97e0f2b83b286e74b4a0d4e496405b89ecf13b5721,False,False
DIA,log_score,full,headline,semi_quadratic,autoarima,-3.3175262848308651,0.94069999999999998,11,4904,0,75,10000,1499207121,cc089f0ec209836dbd8561f69fe6fcec14f3e4c1cf6f133eaa087643361955ad,True,True
DIA,log_score,full,headline,semi_quadratic,autoets,-3.3188009459267778,1,13,4904,0,75,10000,1499207121,cc089f0ec209836dbd8561f69fe6fcec14f3e4c1cf6f133eaa087643361955ad,True,True
DIA,log_score,full,headline,semi_quadratic,chronos,-3.2971526231212129,0.0030000000000000001,6,4904,0,75,10000,1499207121,cc089f0ec209836dbd8561f69fe6fcec14f3e4c1cf6f133eaa087643361955ad,False,False
DIA,log_score,full,headline,semi_quadratic,ewma,-3.2696006574575045,0,1,4904,0,75,10000,1499207121,cc089f0ec209836dbd8561f69fe6fcec14f3e4c1cf6f133eaa087643361955ad,False,False
DIA,log_score,full,headline,semi_quadratic,garch11,-3.2882038053530258,0.00020000000000000001,3,4904,0,75,10000,1499207121,cc089f0ec209836dbd8561f69fe6fcec14f3e4c1cf6f133eaa087643361955ad,False,False
DIA,log_score,full,headline,semi_quadratic,garch11_t,-3.318041505937098,0.94069999999999998,12,4904,0,75,10000,1499207121,cc089f0ec209836dbd8561f69fe6fcec14f3e4c1cf6f133eaa087643361955ad,True,True
DIA,log_score,full,headline,semi_quadratic,gjr,-3.3113709734531334,0.76239999999999997,10,4904,0,75,10000,1499207121,cc089f0ec209836dbd8561f69fe6fcec14f3e4c1cf6f133eaa087643361955ad,True,True
DIA,log_score,full,headline,semi_quadratic,har,-3.3127272151164395,0.4632,9,4904,0,75,10000,1499207121,cc089f0ec209836dbd8561f69fe6fcec14f3e4c1cf6f133eaa087643361955ad,True,True
DIA,log_score,full,headline,semi_quadratic,lgbm,-3.2140238742863843,0.00029999999999999997,5,4904,0,75,10000,1499207121,cc089f0ec209836dbd8561f69fe6fcec14f3e4c1cf6f133eaa087643361955ad,False,False
DIA,log_score,full,headline,semi_quadratic,moirai,-3.3055403248891011,0.16309999999999999,8,4904,0,75,10000,1499207121,cc089f0ec209836dbd8561f69fe6fcec14f3e4c1cf6f133eaa087643361955ad,True,False
DIA,log_score,full,headline,semi_quadratic,naive,-3.0350736226102235,0.00020000000000000001,4,4904,0,75,10000,1499207121,cc089f0ec209836dbd8561f69fe6fcec14f3e4c1cf6f133eaa087643361955ad,False,False
DIA,log_score,full,headline,semi_quadratic,patchtst,-3.1427519718626575,0,2,4904,0,75,10000,1499207121,cc089f0ec209836dbd8561f69fe6fcec14f3e4c1cf6f133eaa087643361955ad,False,False
DIA,log_score,full,headline,semi_quadratic,timesfm,-3.3005528299450977,0.0129,7,4904,0,75,10000,1499207121,cc089f0ec209836dbd8561f69fe6fcec14f3e4c1cf6f133eaa087643361955ad,False,False
DIA,pinball_0p01,full,headline,range,autoarima,0.00035263255047578981,0.5877,10,4904,0,99,10000,562234733,005fd91aaeba60b095f34e27b7444ef6d95c6aa7f7bb12ca1ea249e3e52efbaa,True,True
DIA,pinball_0p01,full,headline,range,autoets,0.00034683681187666198,0.99560000000000004,12,4904,0,99,10000,562234733,005fd91aaeba60b095f34e27b7444ef6d95c6aa7f7bb12ca1ea249e3e52efbaa,True,True
DIA,pinball_0p01,full,headline,range,chronos,0.00036790038847948653,0.34139999999999998,7,4904,0,99,10000,562234733,005fd91aaeba60b095f34e27b7444ef6d95c6aa7f7bb12ca1ea249e3e52efbaa,True,True
DIA,pinball_0p01,full,headline,range,ewma,0.00039503106570057243,0.14749999999999999,3,4904,0,99,10000,562234733,005fd91aaeba60b095f34e27b7444ef6d95c6aa7f7bb12ca1ea249e3e52efbaa,True,False
DIA,pinball_0p01,full,headline,range,garch11,0.0003617243538030041,0.14749999999999999,2,4904,0,99,10000,562234733,005fd91aaeba60b095f34e27b7444ef6d95c6aa7f7bb12ca1ea249e3e52efbaa,True,False
DIA,pinball_0p01,full,headline,range,garch11_t,0.00034678993459563061,1,13,4904,0,99,10000,562234733,005fd91aaeba60b095f34e27b7444ef6d95c6aa7f7bb12ca1ea249e3e52efbaa,True,True
DIA,pinball_0p01,full,headline,range,gjr,0.00035038021510623845,0.87250000000000005,11,4904,0,99,10000,562234733,005fd91aaeba60b095f34e27b7444ef6d95c6aa7f7bb12ca1ea249e3e52efbaa,True,True
DIA,pinball_0p01,full,headline,range,har,0.00036164118392584282,0.55200000000000005,9,4904,0,99,10000,562234733,005fd91aaeba60b095f34e27b7444ef6d95c6aa7f7bb12ca1ea249e3e52efbaa,True,True
DIA,pinball_0p01,full,headline,range,lgbm,0.00044229348707372935,0.33050000000000002,6,4904,0,99,10000,562234733,005fd91aaeba60b095f34e27b7444ef6d95c6aa7f7bb12ca1ea249e3e52efbaa,True,True
DIA,pinball_0p01,full,headline,range,moirai,0.00037279271565953553,0.33050000000000002,5,4904,0,99,10000,562234733,005fd91aaeba60b095f34e27b7444ef6d95c6aa7f7bb12ca1ea249e3e52efbaa,True,True
DIA,pinball_0p01,full,headline,range,naive,0.00057058529784373261,0.14749999999999999,4,4904,0,99,10000,562234733,005fd91aaeba60b095f34e27b7444ef6d95c6aa7f7bb12ca1ea249e3e52efbaa,True,False
DIA,pinball_0p01,full,headline,range,patchtst,0.00049296352469957862,0.012,1,4904,0,99,10000,562234733,005fd91aaeba60b095f34e27b7444ef6d95c6aa7f7bb12ca1ea249e3e52efbaa,False,False
DIA,pinball_0p01,full,headline,range,timesfm,0.00036698795047180466,0.34139999999999998,8,4904,0,99,10000,562234733,005fd91aaeba60b095f34e27b7444ef6d95c6aa7f7bb12ca1ea249e3e52efbaa,True,True
DIA,pinball_0p01,full,headline,semi_quadratic,autoarima,0.00035263255047578981,0.74160000000000004,10,4904,0,99,10000,913052290,c03aca912626a20c70ada9ddbe243a3b711f35af16a043c5cce6647e8a97410e,True,True
DIA,pinball_0p01,full,headline,semi_quadratic,autoets,0.00034683681187666198,0.99660000000000004,12,4904,0,99,10000,913052290,c03aca912626a20c70ada9ddbe243a3b711f35af16a043c5cce6647e8a97410e,True,True
DIA,pinball_0p01,full,headline,semi_quadratic,chronos,0.00036790038847948653,0.15140000000000001,7,4904,0,99,10000,913052290,c03aca912626a20c70ada9ddbe243a3b711f35af16a043c5cce6647e8a97410e,True,False
DIA,pinball_0p01,full,headline,semi_quadratic,ewma,0.00039503106570057243,0.031800000000000002,3,4904,0,99,10000,913052290,c03aca912626a20c70ada9ddbe243a3b711f35af16a043c5cce6647e8a97410e,False,False
DIA,pinball_0p01,full,headline,semi_quadratic,garch11,0.0003617243538030041,0.031800000000000002,2,4904,0,99,10000,913052290,c03aca912626a20c70ada9ddbe243a3b711f35af16a043c5cce6647e8a97410e,False,False
DIA,pinball_0p01,full,headline,semi_quadratic,garch11_t,0.00034678993459563061,1,13,4904,0,99,10000,913052290,c03aca912626a20c70ada9ddbe243a3b711f35af16a043c5cce6647e8a97410e,True,True
DIA,pinball_0p01,full,headline,semi_quadratic,gjr,0.00035038021510623845,0.878,11,4904,0,99,10000,913052290,c03aca912626a20c70ada9ddbe243a3b711f35af16a043c5cce6647e8a97410e,True,True
DIA,pinball_0p01,full,headline,semi_quadratic,har,0.00036164118392584282,0.5161,9,4904,0,99,10000,913052290,c03aca912626a20c70ada9ddbe243a3b711f35af16a043c5cce6647e8a97410e,True,True
DIA,pinball_0p01,full,headline,semi_quadratic,lgbm,0.00044229348707372935,0.059799999999999999,5,4904,0,99,10000,913052290,c03aca912626a20c70ada9ddbe243a3b711f35af16a043c5cce6647e8a97410e,False,False
DIA,pinball_0p01,full,headline,semi_quadratic,moirai,0.00037279271565953553,0.1038,6,4904,0,99,10000,913052290,c03aca912626a20c70ada9ddbe243a3b711f35af16a043c5cce6647e8a97410e,True,False
DIA,pinball_0p01,full,headline,semi_quadratic,naive,0.00057058529784373261,0.0344,4,4904,0,99,10000,913052290,c03aca912626a20c70ada9ddbe243a3b711f35af16a043c5cce6647e8a97410e,False,False
DIA,pinball_0p01,full,headline,semi_quadratic,patchtst,0.00049296352469957862,0.016199999999999999,1,4904,0,99,10000,913052290,c03aca912626a20c70ada9ddbe243a3b711f35af16a043c5cce6647e8a97410e,False,False
DIA,pinball_0p01,full,headline,semi_quadratic,timesfm,0.00036698795047180466,0.2185,8,4904,0,99,10000,913052290,c03aca912626a20c70ada9ddbe243a3b711f35af16a043c5cce6647e8a97410e,True,False
DIA,pinball_0p025,full,headline,range,autoarima,0.00069928574352032811,0.45639999999999997,11,4904,0,99,10000,2113124758,8fa02e6bc0e952db1f7202e84095ea4460e2aec18bdd70bbcb2b9ba57a44d235,True,True
DIA,pinball_0p025,full,headline,range,autoets,0.00069203226335502039,1,13,4904,0,99,10000,2113124758,8fa02e6bc0e952db1f7202e84095ea4460e2aec18bdd70bbcb2b9ba57a44d235,True,True
DIA,pinball_0p025,full,headline,range,chronos,0.00071566055768793047,0.22570000000000001,6,4904,0,99,10000,2113124758,8fa02e6bc0e952db1f7202e84095ea4460e2aec18bdd70bbcb2b9ba57a44d235,True,False
DIA,pinball_0p025,full,headline,range,ewma,0.0007503971385258107,0.1736,4,4904,0,99,10000,2113124758,8fa02e6bc0e952db1f7202e84095ea4460e2aec18bdd70bbcb2b9ba57a44d235,True,False
DIA,pinball_0p025,full,headline,range,garch11,0.00072231474730981467,0.19089999999999999,5,4904,0,99,10000,2113124758,8fa02e6bc0e952db1f7202e84095ea4460e2aec18bdd70bbcb2b9ba57a44d235,True,False
DIA,pinball_0p025,full,headline,range,garch11_t,0.0007135071305970713,0.316,9,4904,0,99,10000,2113124758,8fa02e6bc0e952db1f7202e84095ea4460e2aec18bdd70bbcb2b9ba57a44d235,True,True
DIA,pinball_0p025,full,headline,range,gjr,0.00069662470342399837,0.71130000000000004,12,4904,0,99,10000,2113124758,8fa02e6bc0e952db1f7202e84095ea4460e2aec18bdd70bbcb2b9ba57a44d235,True,True
DIA,pinball_0p025,full,headline,range,har,0.00071233824738278989,0.36830000000000002,10,4904,0,99,10000,2113124758,8fa02e6bc0e952db1f7202e84095ea4460e2aec18bdd70bbcb2b9ba57a44d235,True,True
DIA,pinball_0p025,full,headline,range,lgbm,0.00082230559811218181,0.15790000000000001,3,4904,0,99,10000,2113124758,8fa02e6bc0e952db1f7202e84095ea4460e2aec18bdd70bbcb2b9ba57a44d235,True,False
DIA,pinball_0p025,full,headline,range,moirai,0.00072006026231310788,0.316,8,4904,0,99,10000,2113124758,8fa02e6bc0e952db1f7202e84095ea4460e2aec18bdd70bbcb2b9ba57a44d235,True,True
DIA,pinball_0p025,full,headline,range,naive,0.00097083467519820687,0.055100000000000003,2,4904,0,99,10000,2113124758,8fa02e6bc0e952db1f7202e84095ea4460e2aec18bdd70bbcb2b9ba57a44d235,False,False
DIA,pinball_0p025,full,headline,range,patchtst,0.00085339025731691668,0.0044000000000000003,1,4904,0,99,10000,2113124758,8fa02e6bc0e952db1f7202e84095ea4460e2aec18bdd70bbcb2b9ba57a44d235,False,False
DIA,pinball_0p025,full,headline,range,timesfm,0.0007119427210524348,0.316,7,4904,0,99,10000,2113124758,8fa02e6bc0e952db1f7202e84095ea4460e2aec18bdd70bbcb2b9ba57a44d235,True,True
DIA,pinball_0p025,full,headline,semi_quadratic,autoarima,0.00069928574352032811,0.56669999999999998,11,4904,0,99,10000,262543720,4b7ff6c9b22967b0affd029a06c6ac27297111f21564cdf976fd572f76954e8e,True,True
DIA,pinball_0p025,full,headline,semi_quadratic,autoets,0.00069203226335502039,1,13,4904,0,99,10000,262543720,4b7ff6c9b22967b0affd029a06c6ac27297111f21564cdf976fd572f76954e8e,True,True
DIA,pinball_0p025,full,headline,semi_quadratic,chronos,0.00071566055768793047,0.1583,6,4904,0,99,10000,262543720,4b7ff6c9b22967b0affd029a06c6ac27297111f21564cdf976fd572f76954e8e,True,False
DIA,pinball_0p025,full,headline,semi_quadratic,ewma,0.0007503971385258107,0.069900000000000004,4,4904,0,99,10000,262543720,4b7ff6c9b22967b0affd029a06c6ac27297111f21564cdf976fd572f76954e8e,False,False
DIA,pinball_0p025,full,headline,semi_quadratic,garch11,0.00072231474730981467,0.11219999999999999,5,4904,0,99,10000,262543720,4b7ff6c9b22967b0affd029a06c6ac27297111f21564cdf976fd572f76954e8e,True,False
DIA,pinball_0p025,full,headline,semi_quadratic,garch11_t,0.0007135071305970713,0.2351,9,4904,0,99,10000,262543720,4b7ff6c9b22967b0affd029a06c6ac27297111f21564cdf976fd572f76954e8e,True,False
DIA,pinball_0p025,full,headline,semi_quadratic,gjr,0.00069662470342399837,0.71240000000000003,12,4904,0,99,10000,262543720,4b7ff6c9b22967b0affd029a06c6ac27297111f21564cdf976fd572f76954e8e,True,True
DIA,pinball_0p025,full,headline,semi_quadratic,har,0.00071233824738278989,0.38550000000000001,10,4904,0,99,10000,262543720,4b7ff6c9b22967b0affd029a06c6ac27297111f21564cdf976fd572f76954e8e,True,True
DIA,pinball_0p025,full,headline,semi_quadratic,lgbm,0.00082230559811218181,0.040899999999999999,3,4904,0,99,10000,262543720,4b7ff6c9b22967b0affd029a06c6ac27297111f21564cdf976fd572f76954e8e,False,False
DIA,pinball_0p025,full,headline,semi_quadratic,moirai,0.00072006026231310788,0.1719,8,4904,0,99,10000,262543720,4b7ff6c9b22967b0affd029a06c6ac27297111f21564cdf976fd572f76954e8e,True,False
DIA,pinball_0p025,full,headline,semi_quadratic,naive,0.00097083467519820687,0.023699999999999999,2,4904,0,99,10000,262543720,4b7ff6c9b22967b0affd029a06c6ac27297111f21564cdf976fd572f76954e8e,False,False
DIA,pinball_0p025,full,headline,semi_quadratic,patchtst,0.00085339025731691668,0.010800000000000001,1,4904,0,99,10000,262543720,4b7ff6c9b22967b0affd029a06c6ac27297111f21564cdf976fd572f76954e8e,False,False
DIA,pinball_0p025,full,headline,semi_quadratic,timesfm,0.0007119427210524348,0.1719,7,4904,0,99,10000,262543720,4b7ff6c9b22967b0affd029a06c6ac27297111f21564cdf976fd572f76954e8e,True,False
DIA,pinball_0p05,full,headline,range,autoarima,0.0011588971115622832,0.64290000000000003,11,4904,0,90,10000,1594189029,20805bdee98e1ba438af64afc696c893d21a349ccb75f9ad223dd1283e8930de,True,True
DIA,pinball_0p05,full,headline,range,autoets,0.001151858278138345,1,13,4904,0,90,10000,1594189029,20805bdee98e1ba438af64afc696c893d21a349ccb75f9ad223dd1283e8930de,True,True
DIA,pinball_0p05,full,headline,range,chronos,0.0011822465630053807,0.10639999999999999,7,4904,0,90,10000,1594189029,20805bdee98e1ba438af64afc696c893d21a349ccb75f9ad223dd1283e8930de,True,False
DIA,pinball_0p05,full,headline,range,ewma,0.0012262025359877904,0.076799999999999993,5,4904,0,90,10000,1594189029,20805bdee98e1ba438af64afc696c893d21a349ccb75f9ad223dd1283e8930de,False,False
DIA,pinball_0p05,full,headline,range,garch11,0.0012018440754440788,0.016799999999999999,3,4904,0,90,10000,1594189029,20805bdee98e1ba438af64afc696c893d21a349ccb75f9ad223dd1283e8930de,False,False
DIA,pinball_0p05,full,headline,range,garch11_t,0.0011963486371836664,0.076799999999999993,6,4904,0,90,10000,1594189029,20805bdee98e1ba438af64afc696c893d21a349ccb75f9ad223dd1283e8930de,False,False
DIA,pinball_0p05,full,headline,range,gjr,0.0011631829584528661,0.64290000000000003,12,4904,0,90,10000,1594189029,20805bdee98e1ba438af64afc696c893d21a349ccb75f9ad223dd1283e8930de,True,True
DIA,pinball_0p05,full,headline,range,har,0.0011724679935065569,0.33579999999999999,9,4904,0,90,10000,1594189029,20805bdee98e1ba438af64afc696c893d21a349ccb75f9ad223dd1283e8930de,True,True
DIA,pinball_0p05,full,headline,range,lgbm,0.00131904449481236,0.063799999999999996,4,4904,0,90,10000,1594189029,20805bdee98e1ba438af64afc696c893d21a349ccb75f9ad223dd1283e8930de,False,False
DIA,pinball_0p05,full,headline,range,moirai,0.0011800072917826966,0.35959999999999998,10,4904,0,90,10000,1594189029,20805bdee98e1ba438af64afc696c893d21a349ccb75f9ad223dd1283e8930de,True,True
DIA,pinball_0p05,full,headline,range,naive,0.0014807934613014814,0.012200000000000001,2,4904,0,90,10000,1594189029,20805bdee98e1ba438af64afc696c893d21a349ccb75f9ad223dd1283e8930de,False,False
DIA,pinball_0p05,full,headline,range,patchtst,0.0013150966943406479,0.0047000000000000002,1,4904,0,90,10000,1594189029,20805bdee98e1ba438af64afc696c893d21a349ccb75f9ad223dd1283e8930de,False,False
DIA,pinball_0p05,full,headline,range,timesfm,0.0011841606814825822,0.1077,8,4904,0,90,10000,1594189029,20805bdee98e1ba438af64afc696c893d21a349ccb75f9ad223dd1283e8930de,True,False
DIA,pinball_0p05,full,headline,semi_quadratic,autoarima,0.0011588971115622832,0.58589999999999998,11,4904,0,90,10000,1647886337,28cb7034f046fda557782f68a9a5c2be4e3e05f6eccf677a01006e7b4c41998d,True,True
DIA,pinball_0p05,full,headline,semi_quadratic,autoets,0.001151858278138345,1,13,4904,0,90,10000,1647886337,28cb7034f046fda557782f68a9a5c2be4e3e05f6eccf677a01006e7b4c41998d,True,True
DIA,pinball_0p05,full,headline,semi_quadratic,chronos,0.0011822465630053807,0.087400000000000005,7,4904,0,90,10000,1647886337,28cb7034f046fda557782f68a9a5c2be4e3e05f6eccf677a01006e7b4c41998d,False,False
DIA,pinball_0p05,full,headline,semi_quadratic,ewma,0.0012262025359877904,0.025100000000000001,5,4904,0,90,10000,1647886337,28cb7034f046fda557782f68a9a5c2be4e3e05f6eccf677a01006e7b4c41998d,False,False
DIA,pinball_0p05,full,headline,semi_quadratic,garch11,0.0012018440754440788,0.0118,3,4904,0,90,10000,1647886337,28cb7034f046fda557782f68a9a5c2be4e3e05f6eccf677a01006e7b4c41998d,False,False
DIA,pinball_0p05,full,headline,semi_quadratic,garch11_t,0.0011963486371836664,0.040399999999999998,6,4904,0,90,10000,1647886337,28cb7034f046fda557782f68a9a5c2be4e3e05f6eccf677a01006e7b4c41998d,False,False
DIA,pinball_0p05,full,headline,semi_quadratic,gjr,0.0011631829584528661,0.58589999999999998,12,4904,0,90,10000,1647886337,28cb7034f046fda557782f68a9a5c2be4e3e05f6eccf677a01006e7b4c41998d,True,True
DIA,pinball_0p05,full,headline,semi_quadratic,har,0.0011724679935065569,0.28410000000000002,9,4904,0,90,10000,1647886337,28cb7034f046fda557782f68a9a5c2be4e3e05f6eccf677a01006e7b4c41998d,True,True
DIA,pinball_0p05,full,headline,semi_quadratic,lgbm,0.00131904449481236,0.016299999999999999,4,4904,0,90,10000,1647886337,28cb7034f046fda557782f68a9a5c2be4e3e05f6eccf677a01006e7b4c41998d,False,False
DIA,pinball_0p05,full,headline,semi_quadratic,moirai,0.0011800072917826966,0.28739999999999999,10,4904,0,90,10000,1647886337,28cb7034f046fda557782f68a9a5c2be4e3e05f6eccf677a01006e7b4c41998d,True,True
DIA,pinball_0p05,full,headline,semi_quadratic,naive,0.0014807934613014814,0.0057999999999999996,2,4904,0,90,10000,1647886337,28cb7034f046fda557782f68a9a5c2be4e3e05f6eccf677a01006e7b4c41998d,False,False
DIA,pinball_0p05,full,headline,semi_quadratic,patchtst,0.0013150966943406479,0.0033,1,4904,0,90,10000,1647886337,28cb7034f046fda557782f68a9a5c2be4e3e05f6eccf677a01006e7b4c41998d,False,False
DIA,pinball_0p05,full,headline,semi_quadratic,timesfm,0.0011841606814825822,0.12130000000000001,8,4904,0,90,10000,1647886337,28cb7034f046fda557782f68a9a5c2be4e3e05f6eccf677a01006e7b4c41998d,True,False
DIA,pinball_avg,full,headline,range,autoarima,0.0007369384685194675,0.49309999999999998,11,4904,0,96,10000,383941979,237025858afe0075fa8b217b89f0eedd9e162c1798b9f08b04eb98828305fa9a,True,True
DIA,pinball_avg,full,headline,range,autoets,0.00073024245112334428,1,13,4904,0,96,10000,383941979,237025858afe0075fa8b217b89f0eedd9e162c1798b9f08b04eb98828305fa9a,True,True
DIA,pinball_avg,full,headline,range,chronos,0.00075526916972426506,0.2238,6,4904,0,96,10000,383941979,237025858afe0075fa8b217b89f0eedd9e162c1798b9f08b04eb98828305fa9a,True,False
DIA,pinball_avg,full,headline,range,ewma,0.00079054358007139098,0.083599999999999994,3,4904,0,96,10000,383941979,237025858afe0075fa8b217b89f0eedd9e162c1798b9f08b04eb98828305fa9a,False,False
DIA,pinball_avg,full,headline,range,garch11,0.00076196105885229946,0.083599999999999994,4,4904,0,96,10000,383941979,237025858afe0075fa8b217b89f0eedd9e162c1798b9f08b04eb98828305fa9a,False,False
DIA,pinball_avg,full,headline,range,garch11_t,0.00075221523412545609,0.27739999999999998,8,4904,0,96,10000,383941979,237025858afe0075fa8b217b89f0eedd9e162c1798b9f08b04eb98828305fa9a,True,True
DIA,pinball_avg,full,headline,range,gjr,0.00073672929232770229,0.59889999999999999,12,4904,0,96,10000,383941979,237025858afe0075fa8b217b89f0eedd9e162c1798b9f08b04eb98828305fa9a,True,True
DIA,pinball_avg,full,headline,range,har,0.0007488158082717282,0.32319999999999999,10,4904,0,96,10000,383941979,237025858afe0075fa8b217b89f0eedd9e162c1798b9f08b04eb98828305fa9a,True,True
DIA,pinball_avg,full,headline,range,lgbm,0.0008612145266660889,0.1133,5,4904,0,96,10000,383941979,237025858afe0075fa8b217b89f0eedd9e162c1798b9f08b04eb98828305fa9a,True,False
DIA,pinball_avg,full,headline,range,moirai,0.00075762008991844799,0.29630000000000001,9,4904,0,96,10000,383941979,237025858afe0075fa8b217b89f0eedd9e162c1798b9f08b04eb98828305fa9a,True,True
DIA,pinball_avg,full,headline,range,naive,0.0010074044781144726,0.043700000000000003,2,4904,0,96,10000,383941979,237025858afe0075fa8b217b89f0eedd9e162c1798b9f08b04eb98828305fa9a,False,False
DIA,pinball_avg,full,headline,range,patchtst,0.00088715015878571403,0.0054000000000000003,1,4904,0,96,10000,383941979,237025858afe0075fa8b217b89f0eedd9e162c1798b9f08b04eb98828305fa9a,False,False
DIA,pinball_avg,full,headline,range,timesfm,0.00075436378433560544,0.23880000000000001,7,4904,0,96,10000,383941979,237025858afe0075fa8b217b89f0eedd9e162c1798b9f08b04eb98828305fa9a,True,False
DIA,pinball_avg,full,headline,semi_quadratic,autoarima,0.0007369384685194675,0.57820000000000005,11,4904,0,96,10000,1602767999,c0525a44c5fb0f98b65c57e85b4b99e0a1f684991da87badb916781148f6b67d,True,True
DIA,pinball_avg,full,headline,semi_quadratic,autoets,0.00073024245112334428,1,13,4904,0,96,10000,1602767999,c0525a44c5fb0f98b65c57e85b4b99e0a1f684991da87badb916781148f6b67d,True,True
DIA,pinball_avg,full,headline,semi_quadratic,chronos,0.00075526916972426506,0.1105,6,4904,0,96,10000,1602767999,c0525a44c5fb0f98b65c57e85b4b99e0a1f684991da87badb916781148f6b67d,True,False
DIA,pinball_avg,full,headline,semi_quadratic,ewma,0.00079054358007139098,0.034599999999999999,4,4904,0,96,10000,1602767999,c0525a44c5fb0f98b65c57e85b4b99e0a1f684991da87badb916781148f6b67d,False,False
DIA,pinball_avg,full,headline,semi_quadratic,garch11,0.00076196105885229946,0.0298,3,4904,0,96,10000,1602767999,c0525a44c5fb0f98b65c57e85b4b99e0a1f684991da87badb916781148f6b67d,False,False
DIA,pinball_avg,full,headline,semi_quadratic,garch11_t,0.00075221523412545609,0.14760000000000001,8,4904,0,96,10000,1602767999,c0525a44c5fb0f98b65c57e85b4b99e0a1f684991da87badb916781148f6b67d,True,False
DIA,pinball_avg,full,headline,semi_quadratic,gjr,0.00073672929232770229,0.59030000000000005,12,4904,0,96,10000,1602767999,c0525a44c5fb0f98b65c57e85b4b99e0a1f684991da87badb916781148f6b67d,True,True
DIA,pinball_avg,full,headline,semi_quadratic,har,0.0007488158082717282,0.37269999999999998,10,4904,0,96,10000,1602767999,c0525a44c5fb0f98b65c57e85b4b99e0a1f684991da87badb916781148f6b67d,True,True
DIA,pinball_avg,full,headline,semi_quadratic,lgbm,0.0008612145266660889,0.043799999999999999,5,4904,0,96,10000,1602767999,c0525a44c5fb0f98b65c57e85b4b99e0a1f684991da87badb916781148f6b67d,False,False
DIA,pinball_avg,full,headline,semi_quadratic,moirai,0.00075762008991844799,0.188,9,4904,0,96,10000,1602767999,c0525a44c5fb0f98b65c57e85b4b99e0a1f684991da87badb916781148f6b67d,True,False
DIA,pinball_avg,full,headline,semi_quadratic,naive,0.0010074044781144726,0.016299999999999999,2,4904,0,96,10000,1602767999,c0525a44c5fb0f98b65c57e85b4b99e0a1f684991da87badb916781148f6b67d,False,False
DIA,pinball_avg,full,headline,semi_quadratic,patchtst,0.00088715015878571403,0.0091999999999999998,1,4904,0,96,10000,1602767999,c0525a44c5fb0f98b65c57e85b4b99e0a1f684991da87badb916781148f6b67d,False,False
DIA,pinball_avg,full,headline,semi_quadratic,timesfm,0.00075436378433560544,0.1216,7,4904,0,96,10000,1602767999,c0525a44c5fb0f98b65c57e85b4b99e0a1f684991da87badb916781148f6b67d,True,False
DIA,qlike,full,headline,range,autoarima,0.4277534667144493,0.47760000000000002,11,4904,0,69,10000,1265473475,176436ddedb63a066bc2698e5dd7f66a4ec55402aa3a1991aa7d432a89bd1b6c,True,True
DIA,qlike,full,headline,range,autoets,0.42616191119993552,0.47760000000000002,12,4904,0,69,10000,1265473475,176436ddedb63a066bc2698e5dd7f66a4ec55402aa3a1991aa7d432a89bd1b6c,True,True
DIA,qlike,full,headline,range,chronos,0.45091318622356502,0.046899999999999997,7,4904,0,69,10000,1265473475,176436ddedb63a066bc2698e5dd7f66a4ec55402aa3a1991aa7d432a89bd1b6c,False,False
DIA,qlike,full,headline,range,ewma,0.48556276274133353,0.00029999999999999997,2,4904,0,69,10000,1265473475,176436ddedb63a066bc2698e5dd7f66a4ec55402aa3a1991aa7d432a89bd1b6c,False,False
DIA,qlike,full,headline,range,garch11,0.45619133799187433,0.0028999999999999998,5,4904,0,69,10000,1265473475,176436ddedb63a066bc2698e5dd7f66a4ec55402aa3a1991aa7d432a89bd1b6c,False,False
DIA,qlike,full,headline,range,garch11_t,0.45017603827547986,0.0041000000000000003,6,4904,0,69,10000,1265473475,176436ddedb63a066bc2698e5dd7f66a4ec55402aa3a1991aa7d432a89bd1b6c,False,False
DIA,qlike,full,headline,range,gjr,0.41094642054176034,1,13,4904,0,69,10000,1265473475,176436ddedb63a066bc2698e5dd7f66a4ec55402aa3a1991aa7d432a89bd1b6c,True,True
DIA,qlike,full,headline,range,har,0.43342867474090035,0.47760000000000002,10,4904,0,69,10000,1265473475,176436ddedb63a066bc2698e5dd7f66a4ec55402aa3a1991aa7d432a89bd1b6c,True,True
DIA,qlike,full,headline,range,lgbm,0.61558860899021761,0.00069999999999999999,4,4904,0,69,10000,1265473475,176436ddedb63a066bc2698e5dd7f66a4ec55402aa3a1991aa7d432a89bd1b6c,False,False
DIA,qlike,full,headline,range,moirai,0.43785316710509542,0.44969999999999999,9,4904,0,69,10000,1265473475,176436ddedb63a066bc2698e5dd7f66a4ec55402aa3a1991aa7d432a89bd1b6c,True,True
DIA,qlike,full,headline,range,naive,0.93368017391280345,0.00069999999999999999,3,4904,0,69,10000,1265473475,176436ddedb63a066bc2698e5dd7f66a4ec55402aa3a1991aa7d432a89bd1b6c,False,False
DIA,qlike,full,headline,range,patchtst,0.79215538321390266,0,1,4904,0,69,10000,1265473475,176436ddedb63a066bc2698e5dd7f66a4ec55402aa3a1991aa7d432a89bd1b6c,False,False
DIA,qlike,full,headline,range,timesfm,0.44624516791444796,0.046899999999999997,8,4904,0,69,10000,1265473475,176436ddedb63a066bc2698e5dd7f66a4ec55402aa3a1991aa7d432a89bd1b6c,False,False
DIA,qlike,full,headline,semi_quadratic,autoarima,0.4277534667144493,0.42509999999999998,11,4904,0,69,10000,171043768,438396b252d3d125288a10ee088695b8a327fe83a3361bdb3c095ed452ca9f1c,True,True
DIA,qlike,full,headline,semi_quadratic,autoets,0.42616191119993552,0.42509999999999998,12,4904,0,69,10000,171043768,438396b252d3d125288a10ee088695b8a327fe83a3361bdb3c095ed452ca9f1c,True,True
DIA,qlike,full,headline,semi_quadratic,chronos,0.45091318622356502,0.028000000000000001,8,4904,0,69,10000,171043768,438396b252d3d125288a10ee088695b8a327fe83a3361bdb3c095ed452ca9f1c,False,False
DIA,qlike,full,headline,semi_quadratic,ewma,0.48556276274133353,0,2,4904,0,69,10000,171043768,438396b252d3d125288a10ee088695b8a327fe83a3361bdb3c095ed452ca9f1c,False,False
DIA,qlike,full,headline,semi_quadratic,garch11,0.45619133799187433,0.012699999999999999,5,4904,0,69,10000,171043768,438396b252d3d125288a10ee088695b8a327fe83a3361bdb3c095ed452ca9f1c,False,False
DIA,qlike,full,headline,semi_quadratic,garch11_t,0.45017603827547986,0.013899999999999999,6,4904,0,69,10000,171043768,438396b252d3d125288a10ee088695b8a327fe83a3361bdb3c095ed452ca9f1c,False,False
DIA,qlike,full,headline,semi_quadratic,gjr,0.41094642054176034,1,13,4904,0,69,10000,171043768,438396b252d3d125288a10ee088695b8a327fe83a3361bdb3c095ed452ca9f1c,True,True
DIA,qlike,full,headline,semi_quadratic,har,0.43342867474090035,0.30869999999999997,10,4904,0,69,10000,171043768,438396b252d3d125288a10ee088695b8a327fe83a3361bdb3c095ed452ca9f1c,True,True
DIA,qlike,full,headline,semi_quadratic,lgbm,0.61558860899021761,0.00040000000000000002,4,4904,0,69,10000,171043768,438396b252d3d125288a10ee088695b8a327fe83a3361bdb3c095ed452ca9f1c,False,False
DIA,qlike,full,headline,semi_quadratic,moirai,0.43785316710509542,0.21010000000000001,9,4904,0,69,10000,171043768,438396b252d3d125288a10ee088695b8a327fe83a3361bdb3c095ed452ca9f1c,True,False
DIA,qlike,full,headline,semi_quadratic,naive,0.93368017391280345,0.0001,3,4904,0,69,10000,171043768,438396b252d3d125288a10ee088695b8a327fe83a3361bdb3c095ed452ca9f1c,False,False
DIA,qlike,full,headline,semi_quadratic,patchtst,0.79215538321390266,0,1,4904,0,69,10000,171043768,438396b252d3d125288a10ee088695b8a327fe83a3361bdb3c095ed452ca9f1c,False,False
DIA,qlike,full,headline,semi_quadratic,timesfm,0.44624516791444796,0.013899999999999999,7,4904,0,69,10000,171043768,438396b252d3d125288a10ee088695b8a327fe83a3361bdb3c095ed452ca9f1c,False,False
DIA,fz0_0p01,full,headline,range,autoarima,-3.3571990455300322,0.60909999999999997,11,4904,0,73,10000,1802953159,9cc15ce18be5620fd669bd0eea4b9045aa6581ce1419e98939648407d2d1e242,True,True
DIA,fz0_0p01,full,headline,range,autoets,-3.3718051737250203,0.60909999999999997,12,4904,0,73,10000,1802953159,9cc15ce18be5620fd669bd0eea4b9045aa6581ce1419e98939648407d2d1e242,True,True
DIA,fz0_0p01,full,headline,range,chronos,-3.292074056627309,0.31640000000000001,8,4904,0,73,10000,1802953159,9cc15ce18be5620fd669bd0eea4b9045aa6581ce1419e98939648407d2d1e242,True,True
DIA,fz0_0p01,full,headline,range,ewma,-3.1172791579153492,0.0016999999999999999,2,4904,0,73,10000,1802953159,9cc15ce18be5620fd669bd0eea4b9045aa6581ce1419e98939648407d2d1e242,False,False
DIA,fz0_0p01,full,headline,range,garch11,-3.2797721591604803,0.012999999999999999,3,4904,0,73,10000,1802953159,9cc15ce18be5620fd669bd0eea4b9045aa6581ce1419e98939648407d2d1e242,False,False
DIA,fz0_0p01,full,headline,range,garch11_t,-3.4054871579283348,1,13,4904,0,73,10000,1802953159,9cc15ce18be5620fd669bd0eea4b9045aa6581ce1419e98939648407d2d1e242,True,True
DIA,fz0_0p01,full,headline,range,gjr,-3.33465185196986,0.35749999999999998,9,4904,0,73,10000,1802953159,9cc15ce18be5620fd669bd0eea4b9045aa6581ce1419e98939648407d2d1e242,True,True
DIA,fz0_0p01,full,headline,range,har,-3.3504705643418218,0.60909999999999997,10,4904,0,73,10000,1802953159,9cc15ce18be5620fd669bd0eea4b9045aa6581ce1419e98939648407d2d1e242,True,True
DIA,fz0_0p01,full,headline,range,lgbm,-3.1175267710647727,0.22639999999999999,6,4904,0,73,10000,1802953159,9cc15ce18be5620fd669bd0eea4b9045aa6581ce1419e98939648407d2d1e242,True,False
DIA,fz0_0p01,full,headline,range,moirai,-3.2660103884265017,0.069900000000000004,5,4904,0,73,10000,1802953159,9cc15ce18be5620fd669bd0eea4b9045aa6581ce1419e98939648407d2d1e242,False,False
DIA,fz0_0p01,full,headline,range,naive,-2.4992488833304045,0.059299999999999999,4,4904,0,73,10000,1802953159,9cc15ce18be5620fd669bd0eea4b9045aa6581ce1419e98939648407d2d1e242,False,False
DIA,fz0_0p01,full,headline,range,patchtst,-2.5379287931584678,0.0011999999999999999,1,4904,0,73,10000,1802953159,9cc15ce18be5620fd669bd0eea4b9045aa6581ce1419e98939648407d2d1e242,False,False
DIA,fz0_0p01,full,headline,range,timesfm,-3.3032583131256521,0.29099999999999998,7,4904,0,73,10000,1802953159,9cc15ce18be5620fd669bd0eea4b9045aa6581ce1419e98939648407d2d1e242,True,True
DIA,fz0_0p01,full,headline,semi_quadratic,autoarima,-3.3571990455300322,0.55759999999999998,11,4904,0,73,10000,278593217,4e40a5b187ad7d9dc992ab59bfec650639dcee6844535c5e1fd3f2f4f3e8aa25,True,True
DIA,fz0_0p01,full,headline,semi_quadratic,autoets,-3.3718051737250203,0.55759999999999998,12,4904,0,73,10000,278593217,4e40a5b187ad7d9dc992ab59bfec650639dcee6844535c5e1fd3f2f4f3e8aa25,True,True
DIA,fz0_0p01,full,headline,semi_quadratic,chronos,-3.292074056627309,0.216,8,4904,0,73,10000,278593217,4e40a5b187ad7d9dc992ab59bfec650639dcee6844535c5e1fd3f2f4f3e8aa25,True,False
DIA,fz0_0p01,full,headline,semi_quadratic,ewma,-3.1172791579153492,0.0044999999999999997,2,4904,0,73,10000,278593217,4e40a5b187ad7d9dc992ab59bfec650639dcee6844535c5e1fd3f2f4f3e8aa25,False,False
DIA,fz0_0p01,full,headline,semi_quadratic,garch11,-3.2797721591604803,0.012500000000000001,3,4904,0,73,10000,278593217,4e40a5b187ad7d9dc992ab59bfec650639dcee6844535c5e1fd3f2f4f3e8aa25,False,False
DIA,fz0_0p01,full,headline,semi_quadratic,garch11_t,-3.4054871579283348,1,13,4904,0,73,10000,278593217,4e40a5b187ad7d9dc992ab59bfec650639dcee6844535c5e1fd3f2f4f3e8aa25,True,True
DIA,fz0_0p01,full,headline,semi_quadratic,gjr,-3.33465185196986,0.50319999999999998,9,4904,0,73,10000,278593217,4e40a5b187ad7d9dc992ab59bfec650639dcee6844535c5e1fd3f2f4f3e8aa25,True,True
DIA,fz0_0p01,full,headline,semi_quadratic,har,-3.3504705643418218,0.55759999999999998,10,4904,0,73,10000,278593217,4e40a5b187ad7d9dc992ab59bfec650639dcee6844535c5e1fd3f2f4f3e8aa25,True,True
DIA,fz0_0p01,full,headline,semi_quadratic,lgbm,-3.1175267710647727,0.059499999999999997,6,4904,0,73,10000,278593217,4e40a5b187ad7d9dc992ab59bfec650639dcee6844535c5e1fd3f2f4f3e8aa25,False,False
DIA,fz0_0p01,full,headline,semi_quadratic,moirai,-3.2660103884265017,0.029999999999999999,5,4904,0,73,10000,278593217,4e40a5b187ad7d9dc992ab59bfec650639dcee6844535c5e1fd3f2f4f3e8aa25,False,False
DIA,fz0_0p01,full,headline,semi_quadratic,naive,-2.4992488833304045,0.013100000000000001,4,4904,0,73,10000,278593217,4e40a5b187ad7d9dc992ab59bfec650639dcee6844535c5e1fd3f2f4f3e8aa25,False,False
DIA,fz0_0p01,full,headline,semi_quadratic,patchtst,-2.5379287931584678,0.0015,1,4904,0,73,10000,278593217,4e40a5b187ad7d9dc992ab59bfec650639dcee6844535c5e1fd3f2f4f3e8aa25,False,False
DIA,fz0_0p01,full,headline,semi_quadratic,timesfm,-3.3032583131256521,0.14199999999999999,7,4904,0,73,10000,278593217,4e40a5b187ad7d9dc992ab59bfec650639dcee6844535c5e1fd3f2f4f3e8aa25,True,False
DIA,fz0_0p025,full,headline,range,autoarima,-3.644788012924868,0.72909999999999997,11,4904,0,84,10000,1629449986,1591df575fd7a04a71d5f167c3a8ceac355ffe56a563d9d0b3a43cca6cb7121c,True,True
DIA,fz0_0p025,full,headline,range,autoets,-3.6536321295638516,1,13,4904,0,84,10000,1629449986,1591df575fd7a04a71d5f167c3a8ceac355ffe56a563d9d0b3a43cca6cb7121c,True,True
DIA,fz0_0p025,full,headline,range,chronos,-3.6056056868798017,0.26690000000000003,7,4904,0,84,10000,1629449986,1591df575fd7a04a71d5f167c3a8ceac355ffe56a563d9d0b3a43cca6cb7121c,True,True
DIA,fz0_0p025,full,headline,range,ewma,-3.52097505755125,0.010200000000000001,2,4904,0,84,10000,1629449986,1591df575fd7a04a71d5f167c3a8ceac355ffe56a563d9d0b3a43cca6cb7121c,False,False
DIA,fz0_0p025,full,headline,range,garch11,-3.5838386835446752,0.036200000000000003,4,4904,0,84,10000,1629449986,1591df575fd7a04a71d5f167c3a8ceac355ffe56a563d9d0b3a43cca6cb7121c,False,False
DIA,fz0_0p025,full,headline,range,garch11_t,-3.623325930124234,0.59050000000000002,10,4904,0,84,10000,1629449986,1591df575fd7a04a71d5f167c3a8ceac355ffe56a563d9d0b3a43cca6cb7121c,True,True
DIA,fz0_0p025,full,headline,range,gjr,-3.6360143514854082,0.72909999999999997,12,4904,0,84,10000,1629449986,1591df575fd7a04a71d5f167c3a8ceac355ffe56a563d9d0b3a43cca6cb7121c,True,True
DIA,fz0_0p025,full,headline,range,har,-3.6334944630840056,0.5232,9,4904,0,84,10000,1629449986,1591df575fd7a04a71d5f167c3a8ceac355ffe56a563d9d0b3a43cca6cb7121c,True,True
DIA,fz0_0p025,full,headline,range,lgbm,-3.4867915838455983,0.087499999999999994,5,4904,0,84,10000,1629449986,1591df575fd7a04a71d5f167c3a8ceac355ffe56a563d9d0b3a43cca6cb7121c,False,False
DIA,fz0_0p025,full,headline,range,moirai,-3.6010424170733981,0.14580000000000001,6,4904,0,84,10000,1629449986,1591df575fd7a04a71d5f167c3a8ceac355ffe56a563d9d0b3a43cca6cb7121c,True,False
DIA,fz0_0p025,full,headline,range,naive,-3.1225145479273451,0.020500000000000001,3,4904,0,84,10000,1629449986,1591df575fd7a04a71d5f167c3a8ceac355ffe56a563d9d0b3a43cca6cb7121c,False,False
DIA,fz0_0p025,full,headline,range,patchtst,-3.2073764328057539,0.00029999999999999997,1,4904,0,84,10000,1629449986,1591df575fd7a04a71d5f167c3a8ceac355ffe56a563d9d0b3a43cca6cb7121c,False,False
DIA,fz0_0p025,full,headline,range,timesfm,-3.6119185865691543,0.26690000000000003,8,4904,0,84,10000,1629449986,1591df575fd7a04a71d5f167c3a8ceac355ffe56a563d9d0b3a43cca6cb7121c,True,True
DIA,fz0_0p025,full,headline,semi_quadratic,autoarima,-3.644788012924868,0.70650000000000002,11,4904,0,84,10000,421775508,334eccf2687b06dd8eb72268d893869697d55bb55898ba330bdd5e524b5e5d47,True,True
DIA,fz0_0p025,full,headline,semi_quadratic,autoets,-3.6536321295638516,1,13,4904,0,84,10000,421775508,334eccf2687b06dd8eb72268d893869697d55bb55898ba330bdd5e524b5e5d47,True,True
DIA,fz0_0p025,full,headline,semi_quadratic,chronos,-3.6056056868798017,0.1807,7,4904,0,84,10000,421775508,334eccf2687b06dd8eb72268d893869697d55bb55898ba330bdd5e524b5e5d47,True,False
DIA,fz0_0p025,full,headline,semi_quadratic,ewma,-3.52097505755125,0.0015,2,4904,0,84,10000,421775508,334eccf2687b06dd8eb72268d893869697d55bb55898ba330bdd5e524b5e5d47,False,False
DIA,fz0_0p025,full,headline,semi_quadratic,garch11,-3.5838386835446752,0.014200000000000001,4,4904,0,84,10000,421775508,334eccf2687b06dd8eb72268d893869697d55bb55898ba330bdd5e524b5e5d47,False,False
DIA,fz0_0p025,full,headline,semi_quadratic,garch11_t,-3.623325930124234,0.58730000000000004,10,4904,0,84,10000,421775508,334eccf2687b06dd8eb72268d893869697d55bb55898ba330bdd5e524b5e5d47,True,True
DIA,fz0_0p025,full,headline,semi_quadratic,gjr,-3.6360143514854082,0.70650000000000002,12,4904,0,84,10000,421775508,334eccf2687b06dd8eb72268d893869697d55bb55898ba330bdd5e524b5e5d47,True,True
DIA,fz0_0p025,full,headline,semi_quadratic,har,-3.6334944630840056,0.53939999999999999,9,4904,0,84,10000,421775508,334eccf2687b06dd8eb72268d893869697d55bb55898ba330bdd5e524b5e5d47,True,True
DIA,fz0_0p025,full,headline,semi_quadratic,lgbm,-3.4867915838455983,0.022800000000000001,5,4904,0,84,10000,421775508,334eccf2687b06dd8eb72268d893869697d55bb55898ba330bdd5e524b5e5d47,False,False
DIA,fz0_0p025,full,headline,semi_quadratic,moirai,-3.6010424170733981,0.1072,6,4904,0,84,10000,421775508,334eccf2687b06dd8eb72268d893869697d55bb55898ba330bdd5e524b5e5d47,True,False
DIA,fz0_0p025,full,headline,semi_quadratic,naive,-3.1225145479273451,0.0035000000000000001,3,4904,0,84,10000,421775508,334eccf2687b06dd8eb72268d893869697d55bb55898ba330bdd5e524b5e5d47,False,False
DIA,fz0_0p025,full,headline,semi_quadratic,patchtst,-3.2073764328057539,0.0001,1,4904,0,84,10000,421775508,334eccf2687b06dd8eb72268d893869697d55bb55898ba330bdd5e524b5e5d47,False,False
DIA,fz0_0p025,full,headline,semi_quadratic,timesfm,-3.6119185865691543,0.27110000000000001,8,4904,0,84,10000,421775508,334eccf2687b06dd8eb72268d893869697d55bb55898ba330bdd5e524b5e5d47,True,True
DIA,fz0_0p05,full,headline,range,autoarima,-3.8630227236079575,0.68389999999999995,12,4904,0,77,10000,2045585738,c71ce8dd99701fa526c61c50482f0419b10b128aadce9229d0460a2f1e4d9a29,True,True
DIA,fz0_0p05,full,headline,range,autoets,-3.8682941566455895,1,13,4904,0,77,10000,2045585738,c71ce8dd99701fa526c61c50482f0419b10b128aadce9229d0460a2f1e4d9a29,True,True
DIA,fz0_0p05,full,headline,range,chronos,-3.8305849839204562,0.0717,8,4904,0,77,10000,2045585738,c71ce8dd99701fa526c61c50482f0419b10b128aadce9229d0460a2f1e4d9a29,False,False
DIA,fz0_0p05,full,headline,range,ewma,-3.7747589975526328,0.0011000000000000001,2,4904,0,77,10000,2045585738,c71ce8dd99701fa526c61c50482f0419b10b128aadce9229d0460a2f1e4d9a29,False,False
DIA,fz0_0p05,full,headline,range,garch11,-3.8070661392082905,0.0086999999999999994,4,4904,0,77,10000,2045585738,c71ce8dd99701fa526c61c50482f0419b10b128aadce9229d0460a2f1e4d9a29,False,False
DIA,fz0_0p05,full,headline,range,garch11_t,-3.822508207385884,0.0717,7,4904,0,77,10000,2045585738,c71ce8dd99701fa526c61c50482f0419b10b128aadce9229d0460a2f1e4d9a29,False,False
DIA,fz0_0p05,full,headline,range,gjr,-3.8541141199682771,0.68389999999999995,11,4904,0,77,10000,2045585738,c71ce8dd99701fa526c61c50482f0419b10b128aadce9229d0460a2f1e4d9a29,True,True
DIA,fz0_0p05,full,headline,range,har,-3.8532284606749636,0.27939999999999998,10,4904,0,77,10000,2045585738,c71ce8dd99701fa526c61c50482f0419b10b128aadce9229d0460a2f1e4d9a29,True,True
DIA,fz0_0p05,full,headline,range,lgbm,-3.7340242846827842,0.0118,5,4904,0,77,10000,2045585738,c71ce8dd99701fa526c61c50482f0419b10b128aadce9229d0460a2f1e4d9a29,False,False
DIA,fz0_0p05,full,headline,range,moirai,-3.8391048592407544,0.25459999999999999,9,4904,0,77,10000,2045585738,c71ce8dd99701fa526c61c50482f0419b10b128aadce9229d0460a2f1e4d9a29,True,True
DIA,fz0_0p05,full,headline,range,naive,-3.4798101899021758,0.0020999999999999999,3,4904,0,77,10000,2045585738,c71ce8dd99701fa526c61c50482f0419b10b128aadce9229d0460a2f1e4d9a29,False,False
DIA,fz0_0p05,full,headline,range,patchtst,-3.5869269972207971,0,1,4904,0,77,10000,2045585738,c71ce8dd99701fa526c61c50482f0419b10b128aadce9229d0460a2f1e4d9a29,False,False
DIA,fz0_0p05,full,headline,range,timesfm,-3.8300383841418668,0.0717,6,4904,0,77,10000,2045585738,c71ce8dd99701fa526c61c50482f0419b10b128aadce9229d0460a2f1e4d9a29,False,False
DIA,fz0_0p05,full,headline,semi_quadratic,autoarima,-3.8630227236079575,0.60470000000000002,12,4904,0,77,10000,1047411964,afe9df763b3fc5c2251e54e96176967c684f594cd24bfb5186c663b16fe25763,True,True
DIA,fz0_0p05,full,headline,semi_quadratic,autoets,-3.8682941566455895,1,13,4904,0,77,10000,1047411964,afe9df763b3fc5c2251e54e96176967c684f594cd24bfb5186c663b16fe25763,True,True
DIA,fz0_0p05,full,headline,semi_quadratic,chronos,-3.8305849839204562,0.043900000000000002,8,4904,0,77,10000,1047411964,afe9df763b3fc5c2251e54e96176967c684f594cd24bfb5186c663b16fe25763,False,False
DIA,fz0_0p05,full,headline,semi_quadratic,ewma,-3.7747589975526328,0.0001,2,4904,0,77,10000,1047411964,afe9df763b3fc5c2251e54e96176967c684f594cd24bfb5186c663b16fe25763,False,False
DIA,fz0_0p05,full,headline,semi_quadratic,garch11,-3.8070661392082905,0.00050000000000000001,4,4904,0,77,10000,1047411964,afe9df763b3fc5c2251e54e96176967c684f594cd24bfb5186c663b16fe25763,False,False
DIA,fz0_0p05,full,headline,semi_quadratic,garch11_t,-3.822508207385884,0.017600000000000001,7,4904,0,77,10000,1047411964,afe9df763b3fc5c2251e54e96176967c684f594cd24bfb5186c663b16fe25763,False,False
DIA,fz0_0p05,full,headline,semi_quadratic,gjr,-3.8541141199682771,0.60470000000000002,11,4904,0,77,10000,1047411964,afe9df763b3fc5c2251e54e96176967c684f594cd24bfb5186c663b16fe25763,True,True
DIA,fz0_0p05,full,headline,semi_quadratic,har,-3.8532284606749636,0.30840000000000001,10,4904,0,77,10000,1047411964,afe9df763b3fc5c2251e54e96176967c684f594cd24bfb5186c663b16fe25763,True,True
DIA,fz0_0p05,full,headline,semi_quadratic,lgbm,-3.7340242846827842,0.0014,5,4904,0,77,10000,1047411964,afe9df763b3fc5c2251e54e96176967c684f594cd24bfb5186c663b16fe25763,False,False
DIA,fz0_0p05,full,headline,semi_quadratic,moirai,-3.8391048592407544,0.16020000000000001,9,4904,0,77,10000,1047411964,afe9df763b3fc5c2251e54e96176967c684f594cd24bfb5186c663b16fe25763,True,False
DIA,fz0_0p05,full,headline,semi_quadratic,naive,-3.4798101899021758,0.0001,3,4904,0,77,10000,1047411964,afe9df763b3fc5c2251e54e96176967c684f594cd24bfb5186c663b16fe25763,False,False
DIA,fz0_0p05,full,headline,semi_quadratic,patchtst,-3.5869269972207971,0,1,4904,0,77,10000,1047411964,afe9df763b3fc5c2251e54e96176967c684f594cd24bfb5186c663b16fe25763,False,False
DIA,fz0_0p05,full,headline,semi_quadratic,timesfm,-3.8300383841418668,0.0135,6,4904,0,77,10000,1047411964,afe9df763b3fc5c2251e54e96176967c684f594cd24bfb5186c663b16fe25763,False,False
DIA,fz0_avg,full,headline,range,autoarima,-3.6216699273542812,0.87219999999999998,11,4904,0,82,10000,2137653186,897e1e87d169f0d2df57387b1d0863502454129313a52182cd0d2a3cbc494b23,True,True
DIA,fz0_avg,full,headline,range,autoets,-3.6312438199781436,1,13,4904,0,82,10000,2137653186,897e1e87d169f0d2df57387b1d0863502454129313a52182cd0d2a3cbc494b23,True,True
DIA,fz0_avg,full,headline,range,chronos,-3.5760882424758571,0.28110000000000002,8,4904,0,82,10000,2137653186,897e1e87d169f0d2df57387b1d0863502454129313a52182cd0d2a3cbc494b23,True,True
DIA,fz0_avg,full,headline,range,ewma,-3.4710044043397477,0.0038999999999999998,2,4904,0,82,10000,2137653186,897e1e87d169f0d2df57387b1d0863502454129313a52182cd0d2a3cbc494b23,False,False
DIA,fz0_avg,full,headline,range,garch11,-3.5568923273044888,0.0152,3,4904,0,82,10000,2137653186,897e1e87d169f0d2df57387b1d0863502454129313a52182cd0d2a3cbc494b23,False,False
DIA,fz0_avg,full,headline,range,garch11_t,-3.6171070984794853,0.87219999999999998,12,4904,0,82,10000,2137653186,897e1e87d169f0d2df57387b1d0863502454129313a52182cd0d2a3cbc494b23,True,True
DIA,fz0_avg,full,headline,range,gjr,-3.608260107807848,0.87219999999999998,10,4904,0,82,10000,2137653186,897e1e87d169f0d2df57387b1d0863502454129313a52182cd0d2a3cbc494b23,True,True
DIA,fz0_avg,full,headline,range,har,-3.6123978293669379,0.72870000000000001,9,4904,0,82,10000,2137653186,897e1e87d169f0d2df57387b1d0863502454129313a52182cd0d2a3cbc494b23,True,True
DIA,fz0_avg,full,headline,range,lgbm,-3.4461142131977218,0.12280000000000001,5,4904,0,82,10000,2137653186,897e1e87d169f0d2df57387b1d0863502454129313a52182cd0d2a3cbc494b23,True,False
DIA,fz0_avg,full,headline,range,moirai,-3.5687192215802117,0.13020000000000001,6,4904,0,82,10000,2137653186,897e1e87d169f0d2df57387b1d0863502454129313a52182cd0d2a3cbc494b23,True,False
DIA,fz0_avg,full,headline,range,naive,-3.0338578737199753,0.028500000000000001,4,4904,0,82,10000,2137653186,897e1e87d169f0d2df57387b1d0863502454129313a52182cd0d2a3cbc494b23,False,False
DIA,fz0_avg,full,headline,range,patchtst,-3.1107440743950092,0.00020000000000000001,1,4904,0,82,10000,2137653186,897e1e87d169f0d2df57387b1d0863502454129313a52182cd0d2a3cbc494b23,False,False
DIA,fz0_avg,full,headline,range,timesfm,-3.581738427945564,0.28110000000000002,7,4904,0,82,10000,2137653186,897e1e87d169f0d2df57387b1d0863502454129313a52182cd0d2a3cbc494b23,True,True
DIA,fz0_avg,full,headline,semi_quadratic,autoarima,-3.6216699273542812,0.83379999999999999,11,4904,0,82,10000,405580885,ff343b782a78fe2924bbb9e896dbbf2a5f0eba38f87604ff55ca4c6a3c01dd2f,True,True
DIA,fz0_avg,full,headline,semi_quadratic,autoets,-3.6312438199781436,1,13,4904,0,82,10000,405580885,ff343b782a78fe2924bbb9e896dbbf2a5f0eba38f87604ff55ca4c6a3c01dd2f,True,True
DIA,fz0_avg,full,headline,semi_quadratic,chronos,-3.5760882424758571,0.30599999999999999,8,4904,0,82,10000,405580885,ff343b782a78fe2924bbb9e896dbbf2a5f0eba38f87604ff55ca4c6a3c01dd2f,True,True
DIA,fz0_avg,full,headline,semi_quadratic,ewma,-3.4710044043397477,0.002,2,4904,0,82,10000,405580885,ff343b782a78fe2924bbb9e896dbbf2a5f0eba38f87604ff55ca4c6a3c01dd2f,False,False
DIA,fz0_avg,full,headline,semi_quadratic,garch11,-3.5568923273044888,0.0054000000000000003,3,4904,0,82,10000,405580885,ff343b782a78fe2924bbb9e896dbbf2a5f0eba38f87604ff55ca4c6a3c01dd2f,False,False
DIA,fz0_avg,full,headline,semi_quadratic,garch11_t,-3.6171070984794853,0.83379999999999999,12,4904,0,82,10000,405580885,ff343b782a78fe2924bbb9e896dbbf2a5f0eba38f87604ff55ca4c6a3c01dd2f,True,True
DIA,fz0_avg,full,headline,semi_quadratic,gjr,-3.608260107807848,0.83379999999999999,10,4904,0,82,10000,405580885,ff343b782a78fe2924bbb9e896dbbf2a5f0eba38f87604ff55ca4c6a3c01dd2f,True,True
DIA,fz0_avg,full,headline,semi_quadratic,har,-3.6123978293669379,0.78390000000000004,9,4904,0,82,10000,405580885,ff343b782a78fe2924bbb9e896dbbf2a5f0eba38f87604ff55ca4c6a3c01dd2f,True,True
DIA,fz0_avg,full,headline,semi_quadratic,lgbm,-3.4461142131977218,0.029000000000000001,5,4904,0,82,10000,405580885,ff343b782a78fe2924bbb9e896dbbf2a5f0eba38f87604ff55ca4c6a3c01dd2f,False,False
DIA,fz0_avg,full,headline,semi_quadratic,moirai,-3.5687192215802117,0.093200000000000005,6,4904,0,82,10000,405580885,ff343b782a78fe2924bbb9e896dbbf2a5f0eba38f87604ff55ca4c6a3c01dd2f,False,False
DIA,fz0_avg,full,headline,semi_quadratic,naive,-3.0338578737199753,0.0064999999999999997,4,4904,0,82,10000,405580885,ff343b782a78fe2924bbb9e896dbbf2a5f0eba38f87604ff55ca4c6a3c01dd2f,False,False
DIA,fz0_avg,full,headline,semi_quadratic,patchtst,-3.1107440743950092,0.00050000000000000001,1,4904,0,82,10000,405580885,ff343b782a78fe2924bbb9e896dbbf2a5f0eba38f87604ff55ca4c6a3c01dd2f,False,False
DIA,fz0_avg,full,headline,semi_quadratic,timesfm,-3.581738427945564,0.18540000000000001,7,4904,0,82,10000,405580885,ff343b782a78fe2924bbb9e896dbbf2a5f0eba38f87604ff55ca4c6a3c01dd2f,True,False
DIA,qlike_ex_near_zero,full,headline,range,autoarima,0.4277534667144493,0.48420000000000002,11,4904,0,69,10000,658578246,85ed5c7293a0e905a918582060914309055b57e8098169e92fa255411d4ba618,True,True
DIA,qlike_ex_near_zero,full,headline,range,autoets,0.42616191119993552,0.48420000000000002,12,4904,0,69,10000,658578246,85ed5c7293a0e905a918582060914309055b57e8098169e92fa255411d4ba618,True,True
DIA,qlike_ex_near_zero,full,headline,range,chronos,0.45091318622356502,0.046100000000000002,8,4904,0,69,10000,658578246,85ed5c7293a0e905a918582060914309055b57e8098169e92fa255411d4ba618,False,False
DIA,qlike_ex_near_zero,full,headline,range,ewma,0.48556276274133353,0.00040000000000000002,2,4904,0,69,10000,658578246,85ed5c7293a0e905a918582060914309055b57e8098169e92fa255411d4ba618,False,False
DIA,qlike_ex_near_zero,full,headline,range,garch11,0.45619133799187433,0.0030999999999999999,5,4904,0,69,10000,658578246,85ed5c7293a0e905a918582060914309055b57e8098169e92fa255411d4ba618,False,False
DIA,qlike_ex_near_zero,full,headline,range,garch11_t,0.45017603827547986,0.0050000000000000001,6,4904,0,69,10000,658578246,85ed5c7293a0e905a918582060914309055b57e8098169e92fa255411d4ba618,False,False
DIA,qlike_ex_near_zero,full,headline,range,gjr,0.41094642054176034,1,13,4904,0,69,10000,658578246,85ed5c7293a0e905a918582060914309055b57e8098169e92fa255411d4ba618,True,True
DIA,qlike_ex_near_zero,full,headline,range,har,0.43342867474090035,0.48420000000000002,10,4904,0,69,10000,658578246,85ed5c7293a0e905a918582060914309055b57e8098169e92fa255411d4ba618,True,True
DIA,qlike_ex_near_zero,full,headline,range,lgbm,0.61558860899021761,0.0011000000000000001,4,4904,0,69,10000,658578246,85ed5c7293a0e905a918582060914309055b57e8098169e92fa255411d4ba618,False,False
DIA,qlike_ex_near_zero,full,headline,range,moirai,0.43785316710509542,0.45739999999999997,9,4904,0,69,10000,658578246,85ed5c7293a0e905a918582060914309055b57e8098169e92fa255411d4ba618,True,True
DIA,qlike_ex_near_zero,full,headline,range,naive,0.93368017391280345,0.00080000000000000004,3,4904,0,69,10000,658578246,85ed5c7293a0e905a918582060914309055b57e8098169e92fa255411d4ba618,False,False
DIA,qlike_ex_near_zero,full,headline,range,patchtst,0.79215538321390266,0,1,4904,0,69,10000,658578246,85ed5c7293a0e905a918582060914309055b57e8098169e92fa255411d4ba618,False,False
DIA,qlike_ex_near_zero,full,headline,range,timesfm,0.44624516791444796,0.046100000000000002,7,4904,0,69,10000,658578246,85ed5c7293a0e905a918582060914309055b57e8098169e92fa255411d4ba618,False,False
DIA,qlike_ex_near_zero,full,headline,semi_quadratic,autoarima,0.4277534667144493,0.42270000000000002,11,4904,0,69,10000,1398138159,32a9cca0cb57c8ca6b884333ba690addfc0570047b3c4ab96b8af1f5d75d27a0,True,True
DIA,qlike_ex_near_zero,full,headline,semi_quadratic,autoets,0.42616191119993552,0.42270000000000002,12,4904,0,69,10000,1398138159,32a9cca0cb57c8ca6b884333ba690addfc0570047b3c4ab96b8af1f5d75d27a0,True,True
DIA,qlike_ex_near_zero,full,headline,semi_quadratic,chronos,0.45091318622356502,0.025999999999999999,8,4904,0,69,10000,1398138159,32a9cca0cb57c8ca6b884333ba690addfc0570047b3c4ab96b8af1f5d75d27a0,False,False
DIA,qlike_ex_near_zero,full,headline,semi_quadratic,ewma,0.48556276274133353,0,2,4904,0,69,10000,1398138159,32a9cca0cb57c8ca6b884333ba690addfc0570047b3c4ab96b8af1f5d75d27a0,False,False
DIA,qlike_ex_near_zero,full,headline,semi_quadratic,garch11,0.45619133799187433,0.0124,5,4904,0,69,10000,1398138159,32a9cca0cb57c8ca6b884333ba690addfc0570047b3c4ab96b8af1f5d75d27a0,False,False
DIA,qlike_ex_near_zero,full,headline,semi_quadratic,garch11_t,0.45017603827547986,0.0126,6,4904,0,69,10000,1398138159,32a9cca0cb57c8ca6b884333ba690addfc0570047b3c4ab96b8af1f5d75d27a0,False,False
DIA,qlike_ex_near_zero,full,headline,semi_quadratic,gjr,0.41094642054176034,1,13,4904,0,69,10000,1398138159,32a9cca0cb57c8ca6b884333ba690addfc0570047b3c4ab96b8af1f5d75d27a0,True,True
DIA,qlike_ex_near_zero,full,headline,semi_quadratic,har,0.43342867474090035,0.30520000000000003,10,4904,0,69,10000,1398138159,32a9cca0cb57c8ca6b884333ba690addfc0570047b3c4ab96b8af1f5d75d27a0,True,True
DIA,qlike_ex_near_zero,full,headline,semi_quadratic,lgbm,0.61558860899021761,0.0001,4,4904,0,69,10000,1398138159,32a9cca0cb57c8ca6b884333ba690addfc0570047b3c4ab96b8af1f5d75d27a0,False,False
DIA,qlike_ex_near_zero,full,headline,semi_quadratic,moirai,0.43785316710509542,0.20780000000000001,9,4904,0,69,10000,1398138159,32a9cca0cb57c8ca6b884333ba690addfc0570047b3c4ab96b8af1f5d75d27a0,True,False
DIA,qlike_ex_near_zero,full,headline,semi_quadratic,naive,0.93368017391280345,0,3,4904,0,69,10000,1398138159,32a9cca0cb57c8ca6b884333ba690addfc0570047b3c4ab96b8af1f5d75d27a0,False,False
DIA,qlike_ex_near_zero,full,headline,semi_quadratic,patchtst,0.79215538321390266,0,1,4904,0,69,10000,1398138159,32a9cca0cb57c8ca6b884333ba690addfc0570047b3c4ab96b8af1f5d75d27a0,False,False
DIA,qlike_ex_near_zero,full,headline,semi_quadratic,timesfm,0.44624516791444796,0.0126,7,4904,0,69,10000,1398138159,32a9cca0cb57c8ca6b884333ba690addfc0570047b3c4ab96b8af1f5d75d27a0,False,False
ETH-USD,crps,full,headline,range,autoarima,0.021661539523550159,0,5,2791,0,59,10000,777065721,3cb92d55ae49e0729cdb3016cd7ab016073d14c6adfe12d5ce633d121deb8229,False,False
ETH-USD,crps,full,headline,range,autoets,0.021794208651230884,0,1,2791,0,59,10000,777065721,3cb92d55ae49e0729cdb3016cd7ab016073d14c6adfe12d5ce633d121deb8229,False,False
ETH-USD,crps,full,headline,range,chronos,0.021504584224398528,0.0085000000000000006,10,2791,0,59,10000,777065721,3cb92d55ae49e0729cdb3016cd7ab016073d14c6adfe12d5ce633d121deb8229,False,False
ETH-USD,crps,full,headline,range,ewma,0.021811435036530113,0,8,2791,0,59,10000,777065721,3cb92d55ae49e0729cdb3016cd7ab016073d14c6adfe12d5ce633d121deb8229,False,False
ETH-USD,crps,full,headline,range,garch11,0.021882513057359457,0,4,2791,0,59,10000,777065721,3cb92d55ae49e0729cdb3016cd7ab016073d14c6adfe12d5ce633d121deb8229,False,False
ETH-USD,crps,full,headline,range,garch11_t,0.021571882009183769,0.0086,11,2791,0,59,10000,777065721,3cb92d55ae49e0729cdb3016cd7ab016073d14c6adfe12d5ce633d121deb8229,False,False
ETH-USD,crps,full,headline,range,gjr,0.021904475749794001,0,3,2791,0,59,10000,777065721,3cb92d55ae49e0729cdb3016cd7ab016073d14c6adfe12d5ce633d121deb8229,False,False
ETH-USD,crps,full,headline,range,har,0.021641580824731062,0,2,2791,0,59,10000,777065721,3cb92d55ae49e0729cdb3016cd7ab016073d14c6adfe12d5ce633d121deb8229,False,False
ETH-USD,crps,full,headline,range,lgbm,0.021767374453218621,0,9,2791,0,59,10000,777065721,3cb92d55ae49e0729cdb3016cd7ab016073d14c6adfe12d5ce633d121deb8229,False,False
ETH-USD,crps,full,headline,range,moirai,0.02144777711387811,1,13,2791,0,59,10000,777065721,3cb92d55ae49e0729cdb3016cd7ab016073d14c6adfe12d5ce633d121deb8229,True,True
ETH-USD,crps,full,headline,range,naive,0.022138921454881486,0,6,2791,0,59,10000,777065721,3cb92d55ae49e0729cdb3016cd7ab016073d14c6adfe12d5ce633d121deb8229,False,False
ETH-USD,crps,full,headline,range,patchtst,0.021898090323935845,0,7,2791,0,59,10000,777065721,3cb92d55ae49e0729cdb3016cd7ab016073d14c6adfe12d5ce633d121deb8229,False,False
ETH-USD,crps,full,headline,range,timesfm,0.021476240454607456,0.042299999999999997,12,2791,0,59,10000,777065721,3cb92d55ae49e0729cdb3016cd7ab016073d14c6adfe12d5ce633d121deb8229,False,False
ETH-USD,crps,full,headline,semi_quadratic,autoarima,0.021661539523550159,0,5,2791,0,59,10000,1385067421,23c9de13866bb2b53940f94c7b7376d36849113e1998b95a4bf1722bfe3e76c9,False,False
ETH-USD,crps,full,headline,semi_quadratic,autoets,0.021794208651230884,0,1,2791,0,59,10000,1385067421,23c9de13866bb2b53940f94c7b7376d36849113e1998b95a4bf1722bfe3e76c9,False,False
ETH-USD,crps,full,headline,semi_quadratic,chronos,0.021504584224398528,0.0030000000000000001,10,2791,0,59,10000,1385067421,23c9de13866bb2b53940f94c7b7376d36849113e1998b95a4bf1722bfe3e76c9,False,False
ETH-USD,crps,full,headline,semi_quadratic,ewma,0.021811435036530113,0,8,2791,0,59,10000,1385067421,23c9de13866bb2b53940f94c7b7376d36849113e1998b95a4bf1722bfe3e76c9,False,False
ETH-USD,crps,full,headline,semi_quadratic,garch11,0.021882513057359457,0,4,2791,0,59,10000,1385067421,23c9de13866bb2b53940f94c7b7376d36849113e1998b95a4bf1722bfe3e76c9,False,False
ETH-USD,crps,full,headline,semi_quadratic,garch11_t,0.021571882009183769,0.0051999999999999998,11,2791,0,59,10000,1385067421,23c9de13866bb2b53940f94c7b7376d36849113e1998b95a4bf1722bfe3e76c9,False,False
ETH-USD,crps,full,headline,semi_quadratic,gjr,0.021904475749794001,0,3,2791,0,59,10000,1385067421,23c9de13866bb2b53940f94c7b7376d36849113e1998b95a4bf1722bfe3e76c9,False,False
ETH-USD,crps,full,headline,semi_quadratic,har,0.021641580824731062,0,2,2791,0,59,10000,1385067421,23c9de13866bb2b53940f94c7b7376d36849113e1998b95a4bf1722bfe3e76c9,False,False
ETH-USD,crps,full,headline,semi_quadratic,lgbm,0.021767374453218621,0,9,2791,0,59,10000,1385067421,23c9de13866bb2b53940f94c7b7376d36849113e1998b95a4bf1722bfe3e76c9,False,False
ETH-USD,crps,full,headline,semi_quadratic,moirai,0.02144777711387811,1,13,2791,0,59,10000,1385067421,23c9de13866bb2b53940f94c7b7376d36849113e1998b95a4bf1722bfe3e76c9,True,True
ETH-USD,crps,full,headline,semi_quadratic,naive,0.022138921454881486,0,6,2791,0,59,10000,1385067421,23c9de13866bb2b53940f94c7b7376d36849113e1998b95a4bf1722bfe3e76c9,False,False
ETH-USD,crps,full,headline,semi_quadratic,patchtst,0.021898090323935845,0,7,2791,0,59,10000,1385067421,23c9de13866bb2b53940f94c7b7376d36849113e1998b95a4bf1722bfe3e76c9,False,False
ETH-USD,crps,full,headline,semi_quadratic,timesfm,0.021476240454607456,0.0441,12,2791,0,59,10000,1385067421,23c9de13866bb2b53940f94c7b7376d36849113e1998b95a4bf1722bfe3e76c9,False,False
ETH-USD,log_score,full,headline,range,autoarima,-1.7927601083011295,0.0043,9,2791,0,8,10000,1825436479,2902d068b9bce85f0b5de5aa68bb9d079686a328e42e6f254ffc8eef73cd2bc6,False,False
ETH-USD,log_score,full,headline,range,autoets,-1.7763094620180675,0.0011000000000000001,7,2791,0,8,10000,1825436479,2902d068b9bce85f0b5de5aa68bb9d079686a328e42e6f254ffc8eef73cd2bc6,False,False
ETH-USD,log_score,full,headline,range,chronos,-1.8154120071140694,0.012200000000000001,10,2791,0,8,10000,1825436479,2902d068b9bce85f0b5de5aa68bb9d079686a328e42e6f254ffc8eef73cd2bc6,False,False
ETH-USD,log_score,full,headline,range,ewma,-1.7676268571098435,0.00080000000000000004,1,2791,0,8,10000,1825436479,2902d068b9bce85f0b5de5aa68bb9d079686a328e42e6f254ffc8eef73cd2bc6,False,False
ETH-USD,log_score,full,headline,range,garch11,-1.7833436577545305,0.0011000000000000001,6,2791,0,8,10000,1825436479,2902d068b9bce85f0b5de5aa68bb9d079686a328e42e6f254ffc8eef73cd2bc6,False,False
ETH-USD,log_score,full,headline,range,garch11_t,-1.8827257377853237,1,13,2791,0,8,10000,1825436479,2902d068b9bce85f0b5de5aa68bb9d079686a328e42e6f254ffc8eef73cd2bc6,True,True
ETH-USD,log_score,full,headline,range,gjr,-1.7754576663223547,0.0011000000000000001,3,2791,0,8,10000,1825436479,2902d068b9bce85f0b5de5aa68bb9d079686a328e42e6f254ffc8eef73cd2bc6,False,False
ETH-USD,log_score,full,headline,range,har,-1.8020867740420419,0.0027000000000000001,8,2791,0,8,10000,1825436479,2902d068b9bce85f0b5de5aa68bb9d079686a328e42e6f254ffc8eef73cd2bc6,False,False
ETH-USD,log_score,full,headline,range,lgbm,-1.8017618375705575,0.0011000000000000001,5,2791,0,8,10000,1825436479,2902d068b9bce85f0b5de5aa68bb9d079686a328e42e6f254ffc8eef73cd2bc6,False,False
ETH-USD,log_score,full,headline,range,moirai,-1.817758145609417,0.012200000000000001,12,2791,0,8,10000,1825436479,2902d068b9bce85f0b5de5aa68bb9d079686a328e42e6f254ffc8eef73cd2bc6,False,False
ETH-USD,log_score,full,headline,range,naive,-1.7472642360358441,0.0011000000000000001,4,2791,0,8,10000,1825436479,2902d068b9bce85f0b5de5aa68bb9d079686a328e42e6f254ffc8eef73cd2bc6,False,False
ETH-USD,log_score,full,headline,range,patchtst,-1.7064395340406839,0.0011000000000000001,2,2791,0,8,10000,1825436479,2902d068b9bce85f0b5de5aa68bb9d079686a328e42e6f254ffc8eef73cd2bc6,False,False
ETH-USD,log_score,full,headline,range,timesfm,-1.8198206203432941,0.012200000000000001,11,2791,0,8,10000,1825436479,2902d068b9bce85f0b5de5aa68bb9d079686a328e42e6f254ffc8eef73cd2bc6,False,False
ETH-USD,log_score,full,headline,semi_quadratic,autoarima,-1.7927601083011295,0.0025999999999999999,9,2791,0,8,10000,1761121103,363828608d656f5d60748b6eefa3e6e83fdb50152da6a105265820f8b01a3092,False,False
ETH-USD,log_score,full,headline,semi_quadratic,autoets,-1.7763094620180675,0.0016999999999999999,7,2791,0,8,10000,1761121103,363828608d656f5d60748b6eefa3e6e83fdb50152da6a105265820f8b01a3092,False,False
ETH-USD,log_score,full,headline,semi_quadratic,chronos,-1.8154120071140694,0.0074999999999999997,10,2791,0,8,10000,1761121103,363828608d656f5d60748b6eefa3e6e83fdb50152da6a105265820f8b01a3092,False,False
ETH-USD,log_score,full,headline,semi_quadratic,ewma,-1.7676268571098435,0.00040000000000000002,1,2791,0,8,10000,1761121103,363828608d656f5d60748b6eefa3e6e83fdb50152da6a105265820f8b01a3092,False,False
ETH-USD,log_score,full,headline,semi_quadratic,garch11,-1.7833436577545305,0.0016999999999999999,6,2791,0,8,10000,1761121103,363828608d656f5d60748b6eefa3e6e83fdb50152da6a105265820f8b01a3092,False,False
ETH-USD,log_score,full,headline,semi_quadratic,garch11_t,-1.8827257377853237,1,13,2791,0,8,10000,1761121103,363828608d656f5d60748b6eefa3e6e83fdb50152da6a105265820f8b01a3092,True,True
ETH-USD,log_score,full,headline,semi_quadratic,gjr,-1.7754576663223547,0.0016999999999999999,3,2791,0,8,10000,1761121103,363828608d656f5d60748b6eefa3e6e83fdb50152da6a105265820f8b01a3092,False,False
ETH-USD,log_score,full,headline,semi_quadratic,har,-1.8020867740420419,0.0020999999999999999,8,2791,0,8,10000,1761121103,363828608d656f5d60748b6eefa3e6e83fdb50152da6a105265820f8b01a3092,False,False
ETH-USD,log_score,full,headline,semi_quadratic,lgbm,-1.8017618375705575,0.0016999999999999999,4,2791,0,8,10000,1761121103,363828608d656f5d60748b6eefa3e6e83fdb50152da6a105265820f8b01a3092,False,False
ETH-USD,log_score,full,headline,semi_quadratic,moirai,-1.817758145609417,0.0074999999999999997,12,2791,0,8,10000,1761121103,363828608d656f5d60748b6eefa3e6e83fdb50152da6a105265820f8b01a3092,False,False
ETH-USD,log_score,full,headline,semi_quadratic,naive,-1.7472642360358441,0.0016999999999999999,5,2791,0,8,10000,1761121103,363828608d656f5d60748b6eefa3e6e83fdb50152da6a105265820f8b01a3092,False,False
ETH-USD,log_score,full,headline,semi_quadratic,patchtst,-1.7064395340406839,0.00080000000000000004,2,2791,0,8,10000,1761121103,363828608d656f5d60748b6eefa3e6e83fdb50152da6a105265820f8b01a3092,False,False
ETH-USD,log_score,full,headline,semi_quadratic,timesfm,-1.8198206203432941,0.0074999999999999997,11,2791,0,8,10000,1761121103,363828608d656f5d60748b6eefa3e6e83fdb50152da6a105265820f8b01a3092,False,False
ETH-USD,pinball_0p01,full,headline,range,autoarima,0.0016609835961319095,0.95740000000000003,11,2791,0,27,10000,1131739283,9a116a34c9396c245a98ecda696fa5c589b1491acfc18777e5b521cea14bb1a1,True,True
ETH-USD,pinball_0p01,full,headline,range,autoets,0.0017119801614862557,0.51970000000000005,3,2791,0,27,10000,1131739283,9a116a34c9396c245a98ecda696fa5c589b1491acfc18777e5b521cea14bb1a1,True,True
ETH-USD,pinball_0p01,full,headline,range,chronos,0.0016631517373585517,0.95740000000000003,10,2791,0,27,10000,1131739283,9a116a34c9396c245a98ecda696fa5c589b1491acfc18777e5b521cea14bb1a1,True,True
ETH-USD,pinball_0p01,full,headline,range,ewma,0.0017844918513329458,0.42049999999999998,2,2791,0,27,10000,1131739283,9a116a34c9396c245a98ecda696fa5c589b1491acfc18777e5b521cea14bb1a1,True,True
ETH-USD,pinball_0p01,full,headline,range,garch11,0.0017169961358473262,0.86009999999999998,7,2791,0,27,10000,1131739283,9a116a34c9396c245a98ecda696fa5c589b1491acfc18777e5b521cea14bb1a1,True,True
ETH-USD,pinball_0p01,full,headline,range,garch11_t,0.0016736509791605374,0.95740000000000003,12,2791,0,27,10000,1131739283,9a116a34c9396c245a98ecda696fa5c589b1491acfc18777e5b521cea14bb1a1,True,True
ETH-USD,pinball_0p01,full,headline,range,gjr,0.0016992979759517907,0.95740000000000003,9,2791,0,27,10000,1131739283,9a116a34c9396c245a98ecda696fa5c589b1491acfc18777e5b521cea14bb1a1,True,True
ETH-USD,pinball_0p01,full,headline,range,har,0.0016683340457453518,0.95740000000000003,8,2791,0,27,10000,1131739283,9a116a34c9396c245a98ecda696fa5c589b1491acfc18777e5b521cea14bb1a1,True,True
ETH-USD,pinball_0p01,full,headline,range,lgbm,0.0016996443339038613,0.8327,5,2791,0,27,10000,1131739283,9a116a34c9396c245a98ecda696fa5c589b1491acfc18777e5b521cea14bb1a1,True,True
ETH-USD,pinball_0p01,full,headline,range,moirai,0.0016495232346991969,1,13,2791,0,27,10000,1131739283,9a116a34c9396c245a98ecda696fa5c589b1491acfc18777e5b521cea14bb1a1,True,True
ETH-USD,pinball_0p01,full,headline,range,naive,0.0017606641735327638,0.6552,4,2791,0,27,10000,1131739283,9a116a34c9396c245a98ecda696fa5c589b1491acfc18777e5b521cea14bb1a1,True,True
ETH-USD,pinball_0p01,full,headline,range,patchtst,0.0018990706960540428,0.1101,1,2791,0,27,10000,1131739283,9a116a34c9396c245a98ecda696fa5c589b1491acfc18777e5b521cea14bb1a1,True,False
ETH-USD,pinball_0p01,full,headline,range,timesfm,0.0016722366695161789,0.86009999999999998,6,2791,0,27,10000,1131739283,9a116a34c9396c245a98ecda696fa5c589b1491acfc18777e5b521cea14bb1a1,True,True
ETH-USD,pinball_0p01,full,headline,semi_quadratic,autoarima,0.0016609835961319095,0.90569999999999995,11,2791,0,27,10000,1398383302,24c3184ed8b7dc44224511de327563cccb21e045758eac28d31b5e49125aa845,True,True
ETH-USD,pinball_0p01,full,headline,semi_quadratic,autoets,0.0017119801614862557,0.42549999999999999,3,2791,0,27,10000,1398383302,24c3184ed8b7dc44224511de327563cccb21e045758eac28d31b5e49125aa845,True,True
ETH-USD,pinball_0p01,full,headline,semi_quadratic,chronos,0.0016631517373585517,0.90569999999999995,10,2791,0,27,10000,1398383302,24c3184ed8b7dc44224511de327563cccb21e045758eac28d31b5e49125aa845,True,True
ETH-USD,pinball_0p01,full,headline,semi_quadratic,ewma,0.0017844918513329458,0.24610000000000001,2,2791,0,27,10000,1398383302,24c3184ed8b7dc44224511de327563cccb21e045758eac28d31b5e49125aa845,True,False
ETH-USD,pinball_0p01,full,headline,semi_quadratic,garch11,0.0017169961358473262,0.78720000000000001,7,2791,0,27,10000,1398383302,24c3184ed8b7dc44224511de327563cccb21e045758eac28d31b5e49125aa845,True,True
ETH-USD,pinball_0p01,full,headline,semi_quadratic,garch11_t,0.0016736509791605374,0.90569999999999995,12,2791,0,27,10000,1398383302,24c3184ed8b7dc44224511de327563cccb21e045758eac28d31b5e49125aa845,True,True
ETH-USD,pinball_0p01,full,headline,semi_quadratic,gjr,0.0016992979759517907,0.90569999999999995,9,2791,0,27,10000,1398383302,24c3184ed8b7dc44224511de327563cccb21e045758eac28d31b5e49125aa845,True,True
ETH-USD,pinball_0p01,full,headline,semi_quadratic,har,0.0016683340457453518,0.90569999999999995,8,2791,0,27,10000,1398383302,24c3184ed8b7dc44224511de327563cccb21e045758eac28d31b5e49125aa845,True,True
ETH-USD,pinball_0p01,full,headline,semi_quadratic,lgbm,0.0016996443339038613,0.74429999999999996,5,2791,0,27,10000,1398383302,24c3184ed8b7dc44224511de327563cccb21e045758eac28d31b5e49125aa845,True,True
ETH-USD,pinball_0p01,full,headline,semi_quadratic,moirai,0.0016495232346991969,1,13,2791,0,27,10000,1398383302,24c3184ed8b7dc44224511de327563cccb21e045758eac28d31b5e49125aa845,True,True
ETH-USD,pinball_0p01,full,headline,semi_quadratic,naive,0.0017606641735327638,0.51300000000000001,4,2791,0,27,10000,1398383302,24c3184ed8b7dc44224511de327563cccb21e045758eac28d31b5e49125aa845,True,True
ETH-USD,pinball_0p01,full,headline,semi_quadratic,patchtst,0.0018990706960540428,0.073999999999999996,1,2791,0,27,10000,1398383302,24c3184ed8b7dc44224511de327563cccb21e045758eac28d31b5e49125aa845,False,False
ETH-USD,pinball_0p01,full,headline,semi_quadratic,timesfm,0.0016722366695161789,0.78720000000000001,6,2791,0,27,10000,1398383302,24c3184ed8b7dc44224511de327563cccb21e045758eac28d31b5e49125aa845,True,True
ETH-USD,pinball_0p025,full,headline,range,autoarima,0.0030646480899949725,0.017600000000000001,8,2791,0,20,10000,1894987992,13ce9c7f342e1c0c3a557b015d17f758755ed5f9f6ffb387a102989616980ea3,False,False
ETH-USD,pinball_0p025,full,headline,range,autoets,0.0031471968753015549,0.00020000000000000001,1,2791,0,20,10000,1894987992,13ce9c7f342e1c0c3a557b015d17f758755ed5f9f6ffb387a102989616980ea3,False,False
ETH-USD,pinball_0p025,full,headline,range,chronos,0.0029999233763030203,0.20749999999999999,12,2791,0,20,10000,1894987992,13ce9c7f342e1c0c3a557b015d17f758755ed5f9f6ffb387a102989616980ea3,True,False
ETH-USD,pinball_0p025,full,headline,range,ewma,0.0032054328495661082,0.011299999999999999,2,2791,0,20,10000,1894987992,13ce9c7f342e1c0c3a557b015d17f758755ed5f9f6ffb387a102989616980ea3,False,False
ETH-USD,pinball_0p025,full,headline,range,garch11,0.0031610071952796995,0.017600000000000001,7,2791,0,20,10000,1894987992,13ce9c7f342e1c0c3a557b015d17f758755ed5f9f6ffb387a102989616980ea3,False,False
ETH-USD,pinball_0p025,full,headline,range,garch11_t,0.003140562159239507,0.034299999999999997,9,2791,0,20,10000,1894987992,13ce9c7f342e1c0c3a557b015d17f758755ed5f9f6ffb387a102989616980ea3,False,False
ETH-USD,pinball_0p025,full,headline,range,gjr,0.003119360173971907,0.1321,10,2791,0,20,10000,1894987992,13ce9c7f342e1c0c3a557b015d17f758755ed5f9f6ffb387a102989616980ea3,True,False
ETH-USD,pinball_0p025,full,headline,range,har,0.0030704838600934077,0.017600000000000001,6,2791,0,20,10000,1894987992,13ce9c7f342e1c0c3a557b015d17f758755ed5f9f6ffb387a102989616980ea3,False,False
ETH-USD,pinball_0p025,full,headline,range,lgbm,0.0031119756388473703,0.017600000000000001,3,2791,0,20,10000,1894987992,13ce9c7f342e1c0c3a557b015d17f758755ed5f9f6ffb387a102989616980ea3,False,False
ETH-USD,pinball_0p025,full,headline,range,moirai,0.0029764581006299883,1,13,2791,0,20,10000,1894987992,13ce9c7f342e1c0c3a557b015d17f758755ed5f9f6ffb387a102989616980ea3,True,True
ETH-USD,pinball_0p025,full,headline,range,naive,0.0032329276805695834,0.017600000000000001,5,2791,0,20,10000,1894987992,13ce9c7f342e1c0c3a557b015d17f758755ed5f9f6ffb387a102989616980ea3,False,False
ETH-USD,pinball_0p025,full,headline,range,patchtst,0.003284005584482884,0.017600000000000001,4,2791,0,20,10000,1894987992,13ce9c7f342e1c0c3a557b015d17f758755ed5f9f6ffb387a102989616980ea3,False,False
ETH-USD,pinball_0p025,full,headline,range,timesfm,0.0030071376211520157,0.20749999999999999,11,2791,0,20,10000,1894987992,13ce9c7f342e1c0c3a557b015d17f758755ed5f9f6ffb387a102989616980ea3,True,False
ETH-USD,pinball_0p025,full,headline,semi_quadratic,autoarima,0.0030646480899949725,0.0083000000000000001,7,2791,0,20,10000,839241531,d51805da2ea2a3d8ff30384294925b72fe42444527d0958def54952c08aa4742,False,False
ETH-USD,pinball_0p025,full,headline,semi_quadratic,autoets,0.0031471968753015549,0.00080000000000000004,1,2791,0,20,10000,839241531,d51805da2ea2a3d8ff30384294925b72fe42444527d0958def54952c08aa4742,False,False
ETH-USD,pinball_0p025,full,headline,semi_quadratic,chronos,0.0029999233763030203,0.217,12,2791,0,20,10000,839241531,d51805da2ea2a3d8ff30384294925b72fe42444527d0958def54952c08aa4742,True,False
ETH-USD,pinball_0p025,full,headline,semi_quadratic,ewma,0.0032054328495661082,0.0014,2,2791,0,20,10000,839241531,d51805da2ea2a3d8ff30384294925b72fe42444527d0958def54952c08aa4742,False,False
ETH-USD,pinball_0p025,full,headline,semi_quadratic,garch11,0.0031610071952796995,0.0106,8,2791,0,20,10000,839241531,d51805da2ea2a3d8ff30384294925b72fe42444527d0958def54952c08aa4742,False,False
ETH-USD,pinball_0p025,full,headline,semi_quadratic,garch11_t,0.003140562159239507,0.022200000000000001,9,2791,0,20,10000,839241531,d51805da2ea2a3d8ff30384294925b72fe42444527d0958def54952c08aa4742,False,False
ETH-USD,pinball_0p025,full,headline,semi_quadratic,gjr,0.003119360173971907,0.0654,10,2791,0,20,10000,839241531,d51805da2ea2a3d8ff30384294925b72fe42444527d0958def54952c08aa4742,False,False
ETH-USD,pinball_0p025,full,headline,semi_quadratic,har,0.0030704838600934077,0.0016000000000000001,4,2791,0,20,10000,839241531,d51805da2ea2a3d8ff30384294925b72fe42444527d0958def54952c08aa4742,False,False
ETH-USD,pinball_0p025,full,headline,semi_quadratic,lgbm,0.0031119756388473703,0.0014,3,2791,0,20,10000,839241531,d51805da2ea2a3d8ff30384294925b72fe42444527d0958def54952c08aa4742,False,False
ETH-USD,pinball_0p025,full,headline,semi_quadratic,moirai,0.0029764581006299883,1,13,2791,0,20,10000,839241531,d51805da2ea2a3d8ff30384294925b72fe42444527d0958def54952c08aa4742,True,True
ETH-USD,pinball_0p025,full,headline,semi_quadratic,naive,0.0032329276805695834,0.0016000000000000001,5,2791,0,20,10000,839241531,d51805da2ea2a3d8ff30384294925b72fe42444527d0958def54952c08aa4742,False,False
ETH-USD,pinball_0p025,full,headline,semi_quadratic,patchtst,0.003284005584482884,0.0023,6,2791,0,20,10000,839241531,d51805da2ea2a3d8ff30384294925b72fe42444527d0958def54952c08aa4742,False,False
ETH-USD,pinball_0p025,full,headline,semi_quadratic,timesfm,0.0030071376211520157,0.217,11,2791,0,20,10000,839241531,d51805da2ea2a3d8ff30384294925b72fe42444527d0958def54952c08aa4742,True,False
ETH-USD,pinball_0p05,full,headline,range,autoarima,0.0048640773181916766,0.0038999999999999998,7,2791,0,16,10000,1036990743,151b3b70432709161f78c1936f4e266fcddab938fcf1d21c9b899ef48686ea19,False,False
ETH-USD,pinball_0p05,full,headline,range,autoets,0.0049640037048691941,0,1,2791,0,16,10000,1036990743,151b3b70432709161f78c1936f4e266fcddab938fcf1d21c9b899ef48686ea19,False,False
ETH-USD,pinball_0p05,full,headline,range,chronos,0.0047565739427129113,0.53900000000000003,12,2791,0,16,10000,1036990743,151b3b70432709161f78c1936f4e266fcddab938fcf1d21c9b899ef48686ea19,True,True
ETH-USD,pinball_0p05,full,headline,range,ewma,0.005035887565998912,0.00069999999999999999,4,2791,0,16,10000,1036990743,151b3b70432709161f78c1936f4e266fcddab938fcf1d21c9b899ef48686ea19,False,False
ETH-USD,pinball_0p05,full,headline,range,garch11,0.0050336193345634841,0.00040000000000000002,3,2791,0,16,10000,1036990743,151b3b70432709161f78c1936f4e266fcddab938fcf1d21c9b899ef48686ea19,False,False
ETH-USD,pinball_0p05,full,headline,range,garch11_t,0.0049599007485590417,0.0063,9,2791,0,16,10000,1036990743,151b3b70432709161f78c1936f4e266fcddab938fcf1d21c9b899ef48686ea19,False,False
ETH-USD,pinball_0p05,full,headline,range,gjr,0.0049872473722225464,0.0063,10,2791,0,16,10000,1036990743,151b3b70432709161f78c1936f4e266fcddab938fcf1d21c9b899ef48686ea19,False,False
ETH-USD,pinball_0p05,full,headline,range,har,0.004862381989341193,0.0038999999999999998,6,2791,0,16,10000,1036990743,151b3b70432709161f78c1936f4e266fcddab938fcf1d21c9b899ef48686ea19,False,False
ETH-USD,pinball_0p05,full,headline,range,lgbm,0.0049538021346129425,0.00080000000000000004,5,2791,0,16,10000,1036990743,151b3b70432709161f78c1936f4e266fcddab938fcf1d21c9b899ef48686ea19,False,False
ETH-USD,pinball_0p05,full,headline,range,moirai,0.0047442880865142404,1,13,2791,0,16,10000,1036990743,151b3b70432709161f78c1936f4e266fcddab938fcf1d21c9b899ef48686ea19,True,True
ETH-USD,pinball_0p05,full,headline,range,naive,0.0051314420146547166,0.0001,2,2791,0,16,10000,1036990743,151b3b70432709161f78c1936f4e266fcddab938fcf1d21c9b899ef48686ea19,False,False
ETH-USD,pinball_0p05,full,headline,range,patchtst,0.0050737834893747691,0.0044000000000000003,8,2791,0,16,10000,1036990743,151b3b70432709161f78c1936f4e266fcddab938fcf1d21c9b899ef48686ea19,False,False
ETH-USD,pinball_0p05,full,headline,range,timesfm,0.004775390582698413,0.23119999999999999,11,2791,0,16,10000,1036990743,151b3b70432709161f78c1936f4e266fcddab938fcf1d21c9b899ef48686ea19,True,False
ETH-USD,pinball_0p05,full,headline,semi_quadratic,autoarima,0.0048640773181916766,0,6,2791,0,16,10000,1719562964,dd4a93321a3c561ae007218526898f20c5a678a0e35dec60e4b0fc354e18ed43,False,False
ETH-USD,pinball_0p05,full,headline,semi_quadratic,autoets,0.0049640037048691941,0,1,2791,0,16,10000,1719562964,dd4a93321a3c561ae007218526898f20c5a678a0e35dec60e4b0fc354e18ed43,False,False
ETH-USD,pinball_0p05,full,headline,semi_quadratic,chronos,0.0047565739427129113,0.53059999999999996,12,2791,0,16,10000,1719562964,dd4a93321a3c561ae007218526898f20c5a678a0e35dec60e4b0fc354e18ed43,True,True
ETH-USD,pinball_0p05,full,headline,semi_quadratic,ewma,0.005035887565998912,0,4,2791,0,16,10000,1719562964,dd4a93321a3c561ae007218526898f20c5a678a0e35dec60e4b0fc354e18ed43,False,False
ETH-USD,pinball_0p05,full,headline,semi_quadratic,garch11,0.0050336193345634841,0,3,2791,0,16,10000,1719562964,dd4a93321a3c561ae007218526898f20c5a678a0e35dec60e4b0fc354e18ed43,False,False
ETH-USD,pinball_0p05,full,headline,semi_quadratic,garch11_t,0.0049599007485590417,0.0011999999999999999,9,2791,0,16,10000,1719562964,dd4a93321a3c561ae007218526898f20c5a678a0e35dec60e4b0fc354e18ed43,False,False
ETH-USD,pinball_0p05,full,headline,semi_quadratic,gjr,0.0049872473722225464,0.0023,10,2791,0,16,10000,1719562964,dd4a93321a3c561ae007218526898f20c5a678a0e35dec60e4b0fc354e18ed43,False,False
ETH-USD,pinball_0p05,full,headline,semi_quadratic,har,0.004862381989341193,0,7,2791,0,16,10000,1719562964,dd4a93321a3c561ae007218526898f20c5a678a0e35dec60e4b0fc354e18ed43,False,False
ETH-USD,pinball_0p05,full,headline,semi_quadratic,lgbm,0.0049538021346129425,0,5,2791,0,16,10000,1719562964,dd4a93321a3c561ae007218526898f20c5a678a0e35dec60e4b0fc354e18ed43,False,False
ETH-USD,pinball_0p05,full,headline,semi_quadratic,moirai,0.0047442880865142404,1,13,2791,0,16,10000,1719562964,dd4a93321a3c561ae007218526898f20c5a678a0e35dec60e4b0fc354e18ed43,True,True
ETH-USD,pinball_0p05,full,headline,semi_quadratic,naive,0.0051314420146547166,0,2,2791,0,16,10000,1719562964,dd4a93321a3c561ae007218526898f20c5a678a0e35dec60e4b0fc354e18ed43,False,False
ETH-USD,pinball_0p05,full,headline,semi_quadratic,patchtst,0.0050737834893747691,0,8,2791,0,16,10000,1719562964,dd4a93321a3c561ae007218526898f20c5a678a0e35dec60e4b0fc354e18ed43,False,False
ETH-USD,pinball_0p05,full,headline,semi_quadratic,timesfm,0.004775390582698413,0.29599999999999999,11,2791,0,16,10000,1719562964,dd4a93321a3c561ae007218526898f20c5a678a0e35dec60e4b0fc354e18ed43,True,True
ETH-USD,pinball_avg,full,headline,range,autoarima,0.0031965696681061861,0.0407,8,2791,0,21,10000,629184885,2274a6103829f56b94a1b0de8a756f7a0dd47327f9a665c4363bcfae5c8ebb82,False,False
ETH-USD,pinball_avg,full,headline,range,autoets,0.0032743935805523354,0.00069999999999999999,1,2791,0,21,10000,629184885,2274a6103829f56b94a1b0de8a756f7a0dd47327f9a665c4363bcfae5c8ebb82,False,False
ETH-USD,pinball_avg,full,headline,range,chronos,0.0031398830187915005,0.32119999999999999,12,2791,0,21,10000,629184885,2274a6103829f56b94a1b0de8a756f7a0dd47327f9a665c4363bcfae5c8ebb82,True,True
ETH-USD,pinball_avg,full,headline,range,ewma,0.0033419374222993215,0.013299999999999999,2,2791,0,21,10000,629184885,2274a6103829f56b94a1b0de8a756f7a0dd47327f9a665c4363bcfae5c8ebb82,False,False
ETH-USD,pinball_avg,full,headline,range,garch11,0.0033038742218968417,0.021000000000000001,6,2791,0,21,10000,629184885,2274a6103829f56b94a1b0de8a756f7a0dd47327f9a665c4363bcfae5c8ebb82,False,False
ETH-USD,pinball_avg,full,headline,range,garch11_t,0.0032580379623197006,0.070599999999999996,9,2791,0,21,10000,629184885,2274a6103829f56b94a1b0de8a756f7a0dd47327f9a665c4363bcfae5c8ebb82,False,False
ETH-USD,pinball_avg,full,headline,range,gjr,0.0032686351740487556,0.096600000000000005,10,2791,0,21,10000,629184885,2274a6103829f56b94a1b0de8a756f7a0dd47327f9a665c4363bcfae5c8ebb82,False,False
ETH-USD,pinball_avg,full,headline,range,har,0.0032003999650599855,0.035999999999999997,7,2791,0,21,10000,629184885,2274a6103829f56b94a1b0de8a756f7a0dd47327f9a665c4363bcfae5c8ebb82,False,False
ETH-USD,pinball_avg,full,headline,range,lgbm,0.0032551407024547356,0.013299999999999999,3,2791,0,21,10000,629184885,2274a6103829f56b94a1b0de8a756f7a0dd47327f9a665c4363bcfae5c8ebb82,False,False
ETH-USD,pinball_avg,full,headline,range,moirai,0.0031234231406144846,1,13,2791,0,21,10000,629184885,2274a6103829f56b94a1b0de8a756f7a0dd47327f9a665c4363bcfae5c8ebb82,True,True
ETH-USD,pinball_avg,full,headline,range,naive,0.0033750112895856916,0.013299999999999999,5,2791,0,21,10000,629184885,2274a6103829f56b94a1b0de8a756f7a0dd47327f9a665c4363bcfae5c8ebb82,False,False
ETH-USD,pinball_avg,full,headline,range,patchtst,0.0034189532566372368,0.013299999999999999,4,2791,0,21,10000,629184885,2274a6103829f56b94a1b0de8a756f7a0dd47327f9a665c4363bcfae5c8ebb82,False,False
ETH-USD,pinball_avg,full,headline,range,timesfm,0.0031515882911222147,0.2341,11,2791,0,21,10000,629184885,2274a6103829f56b94a1b0de8a756f7a0dd47327f9a665c4363bcfae5c8ebb82,True,False
ETH-USD,pinball_avg,full,headline,semi_quadratic,autoarima,0.0031965696681061861,0.020400000000000001,8,2791,0,21,10000,1513924476,927929eaa472b884d32fb0372d8ea78124a29817d9edc38f38406cdce1368e92,False,False
ETH-USD,pinball_avg,full,headline,semi_quadratic,autoets,0.0032743935805523354,0.0012999999999999999,1,2791,0,21,10000,1513924476,927929eaa472b884d32fb0372d8ea78124a29817d9edc38f38406cdce1368e92,False,False
ETH-USD,pinball_avg,full,headline,semi_quadratic,chronos,0.0031398830187915005,0.31690000000000002,12,2791,0,21,10000,1513924476,927929eaa472b884d32fb0372d8ea78124a29817d9edc38f38406cdce1368e92,True,True
ETH-USD,pinball_avg,full,headline,semi_quadratic,ewma,0.0033419374222993215,0.0016999999999999999,2,2791,0,21,10000,1513924476,927929eaa472b884d32fb0372d8ea78124a29817d9edc38f38406cdce1368e92,False,False
ETH-USD,pinball_avg,full,headline,semi_quadratic,garch11,0.0033038742218968417,0.0117,6,2791,0,21,10000,1513924476,927929eaa472b884d32fb0372d8ea78124a29817d9edc38f38406cdce1368e92,False,False
ETH-USD,pinball_avg,full,headline,semi_quadratic,garch11_t,0.0032580379623197006,0.029899999999999999,9,2791,0,21,10000,1513924476,927929eaa472b884d32fb0372d8ea78124a29817d9edc38f38406cdce1368e92,False,False
ETH-USD,pinball_avg,full,headline,semi_quadratic,gjr,0.0032686351740487556,0.0545,10,2791,0,21,10000,1513924476,927929eaa472b884d32fb0372d8ea78124a29817d9edc38f38406cdce1368e92,False,False
ETH-USD,pinball_avg,full,headline,semi_quadratic,har,0.0032003999650599855,0.0195,7,2791,0,21,10000,1513924476,927929eaa472b884d32fb0372d8ea78124a29817d9edc38f38406cdce1368e92,False,False
ETH-USD,pinball_avg,full,headline,semi_quadratic,lgbm,0.0032551407024547356,0.0020999999999999999,3,2791,0,21,10000,1513924476,927929eaa472b884d32fb0372d8ea78124a29817d9edc38f38406cdce1368e92,False,False
ETH-USD,pinball_avg,full,headline,semi_quadratic,moirai,0.0031234231406144846,1,13,2791,0,21,10000,1513924476,927929eaa472b884d32fb0372d8ea78124a29817d9edc38f38406cdce1368e92,True,True
ETH-USD,pinball_avg,full,headline,semi_quadratic,naive,0.0033750112895856916,0.0044000000000000003,5,2791,0,21,10000,1513924476,927929eaa472b884d32fb0372d8ea78124a29817d9edc38f38406cdce1368e92,False,False
ETH-USD,pinball_avg,full,headline,semi_quadratic,patchtst,0.0034189532566372368,0.0020999999999999999,4,2791,0,21,10000,1513924476,927929eaa472b884d32fb0372d8ea78124a29817d9edc38f38406cdce1368e92,False,False
ETH-USD,pinball_avg,full,headline,semi_quadratic,timesfm,0.0031515882911222147,0.2616,11,2791,0,21,10000,1513924476,927929eaa472b884d32fb0372d8ea78124a29817d9edc38f38406cdce1368e92,True,True
ETH-USD,qlike,full,headline,range,autoarima,0.30172668942570086,0.0043,11,2791,0,36,10000,784449834,4c855a66ed54725ab768ab6b6392619e636f81399343d8ed4f7a9c8aebdec91d,False,False
ETH-USD,qlike,full,headline,range,autoets,0.32564877132907155,0,8,2791,0,36,10000,784449834,4c855a66ed54725ab768ab6b6392619e636f81399343d8ed4f7a9c8aebdec91d,False,False
ETH-USD,qlike,full,headline,range,chronos,0.28851558064655891,0.0001,9,2791,0,36,10000,784449834,4c855a66ed54725ab768ab6b6392619e636f81399343d8ed4f7a9c8aebdec91d,False,False
ETH-USD,qlike,full,headline,range,ewma,0.38797900279810188,0,5,2791,0,36,10000,784449834,4c855a66ed54725ab768ab6b6392619e636f81399343d8ed4f7a9c8aebdec91d,False,False
ETH-USD,qlike,full,headline,range,garch11,0.38267466648509613,0,4,2791,0,36,10000,784449834,4c855a66ed54725ab768ab6b6392619e636f81399343d8ed4f7a9c8aebdec91d,False,False
ETH-USD,qlike,full,headline,range,garch11_t,0.41531192773941489,0,1,2791,0,36,10000,784449834,4c855a66ed54725ab768ab6b6392619e636f81399343d8ed4f7a9c8aebdec91d,False,False
ETH-USD,qlike,full,headline,range,gjr,0.38949425273083926,0,2,2791,0,36,10000,784449834,4c855a66ed54725ab768ab6b6392619e636f81399343d8ed4f7a9c8aebdec91d,False,False
ETH-USD,qlike,full,headline,range,har,0.29611905679342004,0.0022000000000000001,10,2791,0,36,10000,784449834,4c855a66ed54725ab768ab6b6392619e636f81399343d8ed4f7a9c8aebdec91d,False,False
ETH-USD,qlike,full,headline,range,lgbm,0.32512672207741344,0,6,2791,0,36,10000,784449834,4c855a66ed54725ab768ab6b6392619e636f81399343d8ed4f7a9c8aebdec91d,False,False
ETH-USD,qlike,full,headline,range,moirai,0.26314918112228081,1,13,2791,0,36,10000,784449834,4c855a66ed54725ab768ab6b6392619e636f81399343d8ed4f7a9c8aebdec91d,True,True
ETH-USD,qlike,full,headline,range,naive,0.51839911047079168,0,3,2791,0,36,10000,784449834,4c855a66ed54725ab768ab6b6392619e636f81399343d8ed4f7a9c8aebdec91d,False,False
ETH-USD,qlike,full,headline,range,patchtst,0.5925190955304166,0,7,2791,0,36,10000,784449834,4c855a66ed54725ab768ab6b6392619e636f81399343d8ed4f7a9c8aebdec91d,False,False
ETH-USD,qlike,full,headline,range,timesfm,0.267145356008194,0.54990000000000006,12,2791,0,36,10000,784449834,4c855a66ed54725ab768ab6b6392619e636f81399343d8ed4f7a9c8aebdec91d,True,True
ETH-USD,qlike,full,headline,semi_quadratic,autoarima,0.30172668942570086,0.0088000000000000005,11,2791,0,36,10000,1595157721,e153b1b104b5e1db36cd2b6c74fd0e9c33c39ed5969f8663e08cfacaf7ca9591,False,False
ETH-USD,qlike,full,headline,semi_quadratic,autoets,0.32564877132907155,0.0001,8,2791,0,36,10000,1595157721,e153b1b104b5e1db36cd2b6c74fd0e9c33c39ed5969f8663e08cfacaf7ca9591,False,False
ETH-USD,qlike,full,headline,semi_quadratic,chronos,0.28851558064655891,0.00089999999999999998,9,2791,0,36,10000,1595157721,e153b1b104b5e1db36cd2b6c74fd0e9c33c39ed5969f8663e08cfacaf7ca9591,False,False
ETH-USD,qlike,full,headline,semi_quadratic,ewma,0.38797900279810188,0,6,2791,0,36,10000,1595157721,e153b1b104b5e1db36cd2b6c74fd0e9c33c39ed5969f8663e08cfacaf7ca9591,False,False
ETH-USD,qlike,full,headline,semi_quadratic,garch11,0.38267466648509613,0,4,2791,0,36,10000,1595157721,e153b1b104b5e1db36cd2b6c74fd0e9c33c39ed5969f8663e08cfacaf7ca9591,False,False
ETH-USD,qlike,full,headline,semi_quadratic,garch11_t,0.41531192773941489,0,1,2791,0,36,10000,1595157721,e153b1b104b5e1db36cd2b6c74fd0e9c33c39ed5969f8663e08cfacaf7ca9591,False,False
ETH-USD,qlike,full,headline,semi_quadratic,gjr,0.38949425273083926,0,2,2791,0,36,10000,1595157721,e153b1b104b5e1db36cd2b6c74fd0e9c33c39ed5969f8663e08cfacaf7ca9591,False,False
ETH-USD,qlike,full,headline,semi_quadratic,har,0.29611905679342004,0.0050000000000000001,10,2791,0,36,10000,1595157721,e153b1b104b5e1db36cd2b6c74fd0e9c33c39ed5969f8663e08cfacaf7ca9591,False,False
ETH-USD,qlike,full,headline,semi_quadratic,lgbm,0.32512672207741344,0,5,2791,0,36,10000,1595157721,e153b1b104b5e1db36cd2b6c74fd0e9c33c39ed5969f8663e08cfacaf7ca9591,False,False
ETH-USD,qlike,full,headline,semi_quadratic,moirai,0.26314918112228081,1,13,2791,0,36,10000,1595157721,e153b1b104b5e1db36cd2b6c74fd0e9c33c39ed5969f8663e08cfacaf7ca9591,True,True
ETH-USD,qlike,full,headline,semi_quadratic,naive,0.51839911047079168,0,3,2791,0,36,10000,1595157721,e153b1b104b5e1db36cd2b6c74fd0e9c33c39ed5969f8663e08cfacaf7ca9591,False,False
ETH-USD,qlike,full,headline,semi_quadratic,patchtst,0.5925190955304166,0,7,2791,0,36,10000,1595157721,e153b1b104b5e1db36cd2b6c74fd0e9c33c39ed5969f8663e08cfacaf7ca9591,False,False
ETH-USD,qlike,full,headline,semi_quadratic,timesfm,0.267145356008194,0.56779999999999997,12,2791,0,36,10000,1595157721,e153b1b104b5e1db36cd2b6c74fd0e9c33c39ed5969f8663e08cfacaf7ca9591,True,True
ETH-USD,fz0_0p01,full,headline,range,autoarima,-1.7612719677419939,0.83809999999999996,11,2791,0,18,10000,2681287,89ae46d195cee0572d1cc0c9d8906b987907bc499e3b4a04cd2116b1e89038a7,True,True
ETH-USD,fz0_0p01,full,headline,range,autoets,-1.6799378244510472,0.4486,3,2791,0,18,10000,2681287,89ae46d195cee0572d1cc0c9d8906b987907bc499e3b4a04cd2116b1e89038a7,True,True
ETH-USD,fz0_0p01,full,headline,range,chronos,-1.7382148453564914,0.83809999999999996,7,2791,0,18,10000,2681287,89ae46d195cee0572d1cc0c9d8906b987907bc499e3b4a04cd2116b1e89038a7,True,True
ETH-USD,fz0_0p01,full,headline,range,ewma,-1.6030116181246254,0.41410000000000002,2,2791,0,18,10000,2681287,89ae46d195cee0572d1cc0c9d8906b987907bc499e3b4a04cd2116b1e89038a7,True,True
ETH-USD,fz0_0p01,full,headline,range,garch11,-1.7371251991559988,0.83809999999999996,6,2791,0,18,10000,2681287,89ae46d195cee0572d1cc0c9d8906b987907bc499e3b4a04cd2116b1e89038a7,True,True
ETH-USD,fz0_0p01,full,headline,range,garch11_t,-1.8630037582050303,1,13,2791,0,18,10000,2681287,89ae46d195cee0572d1cc0c9d8906b987907bc499e3b4a04cd2116b1e89038a7,True,True
ETH-USD,fz0_0p01,full,headline,range,gjr,-1.7395032584997769,0.83809999999999996,8,2791,0,18,10000,2681287,89ae46d195cee0572d1cc0c9d8906b987907bc499e3b4a04cd2116b1e89038a7,True,True
ETH-USD,fz0_0p01,full,headline,range,har,-1.7584852237335853,0.83809999999999996,10,2791,0,18,10000,2681287,89ae46d195cee0572d1cc0c9d8906b987907bc499e3b4a04cd2116b1e89038a7,True,True
ETH-USD,fz0_0p01,full,headline,range,lgbm,-1.7376114839005228,0.82069999999999999,5,2791,0,18,10000,2681287,89ae46d195cee0572d1cc0c9d8906b987907bc499e3b4a04cd2116b1e89038a7,True,True
ETH-USD,fz0_0p01,full,headline,range,moirai,-1.7512068342235858,0.83809999999999996,12,2791,0,18,10000,2681287,89ae46d195cee0572d1cc0c9d8906b987907bc499e3b4a04cd2116b1e89038a7,True,True
ETH-USD,fz0_0p01,full,headline,range,naive,-1.6644491262249432,0.63919999999999999,4,2791,0,18,10000,2681287,89ae46d195cee0572d1cc0c9d8906b987907bc499e3b4a04cd2116b1e89038a7,True,True
ETH-USD,fz0_0p01,full,headline,range,patchtst,-1.3254188914239493,0.045400000000000003,1,2791,0,18,10000,2681287,89ae46d195cee0572d1cc0c9d8906b987907bc499e3b4a04cd2116b1e89038a7,False,False
ETH-USD,fz0_0p01,full,headline,range,timesfm,-1.7420730354360634,0.83809999999999996,9,2791,0,18,10000,2681287,89ae46d195cee0572d1cc0c9d8906b987907bc499e3b4a04cd2116b1e89038a7,True,True
ETH-USD,fz0_0p01,full,headline,semi_quadratic,autoarima,-1.7612719677419939,0.86709999999999998,11,2791,0,18,10000,651459443,84502b64df068bb317a24f90d69d54b1e58692bc7ed415b77a17f85acdfc0908,True,True
ETH-USD,fz0_0p01,full,headline,semi_quadratic,autoets,-1.6799378244510472,0.53420000000000001,3,2791,0,18,10000,651459443,84502b64df068bb317a24f90d69d54b1e58692bc7ed415b77a17f85acdfc0908,True,True
ETH-USD,fz0_0p01,full,headline,semi_quadratic,chronos,-1.7382148453564914,0.86709999999999998,7,2791,0,18,10000,651459443,84502b64df068bb317a24f90d69d54b1e58692bc7ed415b77a17f85acdfc0908,True,True
ETH-USD,fz0_0p01,full,headline,semi_quadratic,ewma,-1.6030116181246254,0.31009999999999999,2,2791,0,18,10000,651459443,84502b64df068bb317a24f90d69d54b1e58692bc7ed415b77a17f85acdfc0908,True,True
ETH-USD,fz0_0p01,full,headline,semi_quadratic,garch11,-1.7371251991559988,0.86709999999999998,6,2791,0,18,10000,651459443,84502b64df068bb317a24f90d69d54b1e58692bc7ed415b77a17f85acdfc0908,True,True
ETH-USD,fz0_0p01,full,headline,semi_quadratic,garch11_t,-1.8630037582050303,1,13,2791,0,18,10000,651459443,84502b64df068bb317a24f90d69d54b1e58692bc7ed415b77a17f85acdfc0908,True,True
ETH-USD,fz0_0p01,full,headline,semi_quadratic,gjr,-1.7395032584997769,0.86709999999999998,8,2791,0,18,10000,651459443,84502b64df068bb317a24f90d69d54b1e58692bc7ed415b77a17f85acdfc0908,True,True
ETH-USD,fz0_0p01,full,headline,semi_quadratic,har,-1.7584852237335853,0.86709999999999998,9,2791,0,18,10000,651459443,84502b64df068bb317a24f90d69d54b1e58692bc7ed415b77a17f85acdfc0908,True,True
ETH-USD,fz0_0p01,full,headline,semi_quadratic,lgbm,-1.7376114839005228,0.86709999999999998,5,2791,0,18,10000,651459443,84502b64df068bb317a24f90d69d54b1e58692bc7ed415b77a17f85acdfc0908,True,True
ETH-USD,fz0_0p01,full,headline,semi_quadratic,moirai,-1.7512068342235858,0.86709999999999998,12,2791,0,18,10000,651459443,84502b64df068bb317a24f90d69d54b1e58692bc7ed415b77a17f85acdfc0908,True,True
ETH-USD,fz0_0p01,full,headline,semi_quadratic,naive,-1.6644491262249432,0.70740000000000003,4,2791,0,18,10000,651459443,84502b64df068bb317a24f90d69d54b1e58692bc7ed415b77a17f85acdfc0908,True,True
ETH-USD,fz0_0p01,full,headline,semi_quadratic,patchtst,-1.3254188914239493,0.043799999999999999,1,2791,0,18,10000,651459443,84502b64df068bb317a24f90d69d54b1e58692bc7ed415b77a17f85acdfc0908,False,False
ETH-USD,fz0_0p01,full,headline,semi_quadratic,timesfm,-1.7420730354360634,0.86709999999999998,10,2791,0,18,10000,651459443,84502b64df068bb317a24f90d69d54b1e58692bc7ed415b77a17f85acdfc0908,True,True
ETH-USD,fz0_0p025,full,headline,range,autoarima,-2.1307305505957701,0.8085,9,2791,0,17,10000,673485405,9090a86252615c775de7d69542588059c65774dcfa1717a184fea961a9ace1b8,True,True
ETH-USD,fz0_0p025,full,headline,range,autoets,-2.0818830095801664,0.1699,3,2791,0,17,10000,673485405,9090a86252615c775de7d69542588059c65774dcfa1717a184fea961a9ace1b8,True,False
ETH-USD,fz0_0p025,full,headline,range,chronos,-2.141163914479657,0.8085,8,2791,0,17,10000,673485405,9090a86252615c775de7d69542588059c65774dcfa1717a184fea961a9ace1b8,True,True
ETH-USD,fz0_0p025,full,headline,range,ewma,-2.0431155548534772,0.073400000000000007,2,2791,0,17,10000,673485405,9090a86252615c775de7d69542588059c65774dcfa1717a184fea961a9ace1b8,False,False
ETH-USD,fz0_0p025,full,headline,range,garch11,-2.0954571203343249,0.62280000000000002,5,2791,0,17,10000,673485405,9090a86252615c775de7d69542588059c65774dcfa1717a184fea961a9ace1b8,True,True
ETH-USD,fz0_0p025,full,headline,range,garch11_t,-2.1344169863685041,0.8085,12,2791,0,17,10000,673485405,9090a86252615c775de7d69542588059c65774dcfa1717a184fea961a9ace1b8,True,True
ETH-USD,fz0_0p025,full,headline,range,gjr,-2.1088392990925278,0.8085,10,2791,0,17,10000,673485405,9090a86252615c775de7d69542588059c65774dcfa1717a184fea961a9ace1b8,True,True
ETH-USD,fz0_0p025,full,headline,range,har,-2.1254858477866301,0.65429999999999999,6,2791,0,17,10000,673485405,9090a86252615c775de7d69542588059c65774dcfa1717a184fea961a9ace1b8,True,True
ETH-USD,fz0_0p025,full,headline,range,lgbm,-2.1150290164371488,0.70809999999999995,7,2791,0,17,10000,673485405,9090a86252615c775de7d69542588059c65774dcfa1717a184fea961a9ace1b8,True,True
ETH-USD,fz0_0p025,full,headline,range,moirai,-2.15733298838934,1,13,2791,0,17,10000,673485405,9090a86252615c775de7d69542588059c65774dcfa1717a184fea961a9ace1b8,True,True
ETH-USD,fz0_0p025,full,headline,range,naive,-2.0399464156229539,0.2311,4,2791,0,17,10000,673485405,9090a86252615c775de7d69542588059c65774dcfa1717a184fea961a9ace1b8,True,False
ETH-USD,fz0_0p025,full,headline,range,patchtst,-1.9196842619287067,0.0167,1,2791,0,17,10000,673485405,9090a86252615c775de7d69542588059c65774dcfa1717a184fea961a9ace1b8,False,False
ETH-USD,fz0_0p025,full,headline,range,timesfm,-2.1462747331120182,0.8085,11,2791,0,17,10000,673485405,9090a86252615c775de7d69542588059c65774dcfa1717a184fea961a9ace1b8,True,True
ETH-USD,fz0_0p025,full,headline,semi_quadratic,autoarima,-2.1307305505957701,0.69579999999999997,8,2791,0,17,10000,1044966381,36f982e5ea6f47275e463b92b27e01e6233b0ae804e2b64fba17bfc119edd8c4,True,True
ETH-USD,fz0_0p025,full,headline,semi_quadratic,autoets,-2.0818830095801664,0.11849999999999999,3,2791,0,17,10000,1044966381,36f982e5ea6f47275e463b92b27e01e6233b0ae804e2b64fba17bfc119edd8c4,True,False
ETH-USD,fz0_0p025,full,headline,semi_quadratic,chronos,-2.141163914479657,0.69579999999999997,9,2791,0,17,10000,1044966381,36f982e5ea6f47275e463b92b27e01e6233b0ae804e2b64fba17bfc119edd8c4,True,True
ETH-USD,fz0_0p025,full,headline,semi_quadratic,ewma,-2.0431155548534772,0.061199999999999997,2,2791,0,17,10000,1044966381,36f982e5ea6f47275e463b92b27e01e6233b0ae804e2b64fba17bfc119edd8c4,False,False
ETH-USD,fz0_0p025,full,headline,semi_quadratic,garch11,-2.0954571203343249,0.52229999999999999,5,2791,0,17,10000,1044966381,36f982e5ea6f47275e463b92b27e01e6233b0ae804e2b64fba17bfc119edd8c4,True,True
ETH-USD,fz0_0p025,full,headline,semi_quadratic,garch11_t,-2.1344169863685041,0.69579999999999997,12,2791,0,17,10000,1044966381,36f982e5ea6f47275e463b92b27e01e6233b0ae804e2b64fba17bfc119edd8c4,True,True
ETH-USD,fz0_0p025,full,headline,semi_quadratic,gjr,-2.1088392990925278,0.69579999999999997,10,2791,0,17,10000,1044966381,36f982e5ea6f47275e463b92b27e01e6233b0ae804e2b64fba17bfc119edd8c4,True,True
ETH-USD,fz0_0p025,full,headline,semi_quadratic,har,-2.1254858477866301,0.64780000000000004,6,2791,0,17,10000,1044966381,36f982e5ea6f47275e463b92b27e01e6233b0ae804e2b64fba17bfc119edd8c4,True,True
ETH-USD,fz0_0p025,full,headline,semi_quadratic,lgbm,-2.1150290164371488,0.65100000000000002,7,2791,0,17,10000,1044966381,36f982e5ea6f47275e463b92b27e01e6233b0ae804e2b64fba17bfc119edd8c4,True,True
ETH-USD,fz0_0p025,full,headline,semi_quadratic,moirai,-2.15733298838934,1,13,2791,0,17,10000,1044966381,36f982e5ea6f47275e463b92b27e01e6233b0ae804e2b64fba17bfc119edd8c4,True,True
ETH-USD,fz0_0p025,full,headline,semi_quadratic,naive,-2.0399464156229539,0.1817,4,2791,0,17,10000,1044966381,36f982e5ea6f47275e463b92b27e01e6233b0ae804e2b64fba17bfc119edd8c4,True,False
ETH-USD,fz0_0p025,full,headline,semi_quadratic,patchtst,-1.9196842619287067,0.010999999999999999,1,2791,0,17,10000,1044966381,36f982e5ea6f47275e463b92b27e01e6233b0ae804e2b64fba17bfc119edd8c4,False,False
ETH-USD,fz0_0p025,full,headline,semi_quadratic,timesfm,-2.1462747331120182,0.69579999999999997,11,2791,0,17,10000,1044966381,36f982e5ea6f47275e463b92b27e01e6233b0ae804e2b64fba17bfc119edd8c4,True,True
ETH-USD,fz0_0p05,full,headline,range,autoarima,-2.386429675998059,0.30130000000000001,10,2791,0,13,10000,296839536,08af5d1e56bef42f824df42fc6b01b916128fa1ae8b360159d5c701c95e01493,True,True
ETH-USD,fz0_0p05,full,headline,range,autoets,-2.3543381259841132,0.045600000000000002,4,2791,0,13,10000,296839536,08af5d1e56bef42f824df42fc6b01b916128fa1ae8b360159d5c701c95e01493,False,False
ETH-USD,fz0_0p05,full,headline,range,chronos,-2.4007060677167442,0.40560000000000002,12,2791,0,13,10000,296839536,08af5d1e56bef42f824df42fc6b01b916128fa1ae8b360159d5c701c95e01493,True,True
ETH-USD,fz0_0p05,full,headline,range,ewma,-2.3241556929098559,0.0121,3,2791,0,13,10000,296839536,08af5d1e56bef42f824df42fc6b01b916128fa1ae8b360159d5c701c95e01493,False,False
ETH-USD,fz0_0p05,full,headline,range,garch11,-2.3397921358680103,0.0528,5,2791,0,13,10000,296839536,08af5d1e56bef42f824df42fc6b01b916128fa1ae8b360159d5c701c95e01493,False,False
ETH-USD,fz0_0p05,full,headline,range,garch11_t,-2.3615773076248812,0.22339999999999999,9,2791,0,13,10000,296839536,08af5d1e56bef42f824df42fc6b01b916128fa1ae8b360159d5c701c95e01493,True,False
ETH-USD,fz0_0p05,full,headline,range,gjr,-2.3497263847173184,0.21079999999999999,7,2791,0,13,10000,296839536,08af5d1e56bef42f824df42fc6b01b916128fa1ae8b360159d5c701c95e01493,True,False
ETH-USD,fz0_0p05,full,headline,range,har,-2.3826064527939432,0.21490000000000001,8,2791,0,13,10000,296839536,08af5d1e56bef42f824df42fc6b01b916128fa1ae8b360159d5c701c95e01493,True,False
ETH-USD,fz0_0p05,full,headline,range,lgbm,-2.3653296630933416,0.13500000000000001,6,2791,0,13,10000,296839536,08af5d1e56bef42f824df42fc6b01b916128fa1ae8b360159d5c701c95e01493,True,False
ETH-USD,fz0_0p05,full,headline,range,moirai,-2.4111028362204414,1,13,2791,0,13,10000,296839536,08af5d1e56bef42f824df42fc6b01b916128fa1ae8b360159d5c701c95e01493,True,True
ETH-USD,fz0_0p05,full,headline,range,naive,-2.2929456537675499,0.0121,2,2791,0,13,10000,296839536,08af5d1e56bef42f824df42fc6b01b916128fa1ae8b360159d5c701c95e01493,False,False
ETH-USD,fz0_0p05,full,headline,range,patchtst,-2.2594990704530553,0.0064000000000000003,1,2791,0,13,10000,296839536,08af5d1e56bef42f824df42fc6b01b916128fa1ae8b360159d5c701c95e01493,False,False
ETH-USD,fz0_0p05,full,headline,range,timesfm,-2.4014793798160086,0.40560000000000002,11,2791,0,13,10000,296839536,08af5d1e56bef42f824df42fc6b01b916128fa1ae8b360159d5c701c95e01493,True,True
ETH-USD,fz0_0p05,full,headline,semi_quadratic,autoarima,-2.386429675998059,0.25409999999999999,10,2791,0,13,10000,1009369886,eddac7d5581b7c70a9dd55a6a3c0b48934588f2c88f95c496e98e7aa91e648f6,True,True
ETH-USD,fz0_0p05,full,headline,semi_quadratic,autoets,-2.3543381259841132,0.0207,4,2791,0,13,10000,1009369886,eddac7d5581b7c70a9dd55a6a3c0b48934588f2c88f95c496e98e7aa91e648f6,False,False
ETH-USD,fz0_0p05,full,headline,semi_quadratic,chronos,-2.4007060677167442,0.3483,12,2791,0,13,10000,1009369886,eddac7d5581b7c70a9dd55a6a3c0b48934588f2c88f95c496e98e7aa91e648f6,True,True
ETH-USD,fz0_0p05,full,headline,semi_quadratic,ewma,-2.3241556929098559,0.0079000000000000008,3,2791,0,13,10000,1009369886,eddac7d5581b7c70a9dd55a6a3c0b48934588f2c88f95c496e98e7aa91e648f6,False,False
ETH-USD,fz0_0p05,full,headline,semi_quadratic,garch11,-2.3397921358680103,0.0344,5,2791,0,13,10000,1009369886,eddac7d5581b7c70a9dd55a6a3c0b48934588f2c88f95c496e98e7aa91e648f6,False,False
ETH-USD,fz0_0p05,full,headline,semi_quadratic,garch11_t,-2.3615773076248812,0.11650000000000001,9,2791,0,13,10000,1009369886,eddac7d5581b7c70a9dd55a6a3c0b48934588f2c88f95c496e98e7aa91e648f6,True,False
ETH-USD,fz0_0p05,full,headline,semi_quadratic,gjr,-2.3497263847173184,0.080699999999999994,7,2791,0,13,10000,1009369886,eddac7d5581b7c70a9dd55a6a3c0b48934588f2c88f95c496e98e7aa91e648f6,False,False
ETH-USD,fz0_0p05,full,headline,semi_quadratic,har,-2.3826064527939432,0.1111,8,2791,0,13,10000,1009369886,eddac7d5581b7c70a9dd55a6a3c0b48934588f2c88f95c496e98e7aa91e648f6,True,False
ETH-USD,fz0_0p05,full,headline,semi_quadratic,lgbm,-2.3653296630933416,0.060499999999999998,6,2791,0,13,10000,1009369886,eddac7d5581b7c70a9dd55a6a3c0b48934588f2c88f95c496e98e7aa91e648f6,False,False
ETH-USD,fz0_0p05,full,headline,semi_quadratic,moirai,-2.4111028362204414,1,13,2791,0,13,10000,1009369886,eddac7d5581b7c70a9dd55a6a3c0b48934588f2c88f95c496e98e7aa91e648f6,True,True
ETH-USD,fz0_0p05,full,headline,semi_quadratic,naive,-2.2929456537675499,0.0023,2,2791,0,13,10000,1009369886,eddac7d5581b7c70a9dd55a6a3c0b48934588f2c88f95c496e98e7aa91e648f6,False,False
ETH-USD,fz0_0p05,full,headline,semi_quadratic,patchtst,-2.2594990704530553,0.00050000000000000001,1,2791,0,13,10000,1009369886,eddac7d5581b7c70a9dd55a6a3c0b48934588f2c88f95c496e98e7aa91e648f6,False,False
ETH-USD,fz0_0p05,full,headline,semi_quadratic,timesfm,-2.4014793798160086,0.3483,11,2791,0,13,10000,1009369886,eddac7d5581b7c70a9dd55a6a3c0b48934588f2c88f95c496e98e7aa91e648f6,True,True
ETH-USD,fz0_avg,full,headline,range,autoarima,-2.0928107314452737,0.94889999999999997,11,2791,0,18,10000,1524557741,951c6a6100be8a4d90599b02b728238e2c96aa03532ca5ffffa5494d69271488,True,True
ETH-USD,fz0_avg,full,headline,range,autoets,-2.0387196533384366,0.2452,3,2791,0,18,10000,1524557741,951c6a6100be8a4d90599b02b728238e2c96aa03532ca5ffffa5494d69271488,True,False
ETH-USD,fz0_avg,full,headline,range,chronos,-2.0933616091842935,0.94889999999999997,8,2791,0,18,10000,1524557741,951c6a6100be8a4d90599b02b728238e2c96aa03532ca5ffffa5494d69271488,True,True
ETH-USD,fz0_avg,full,headline,range,ewma,-1.9900942886293174,0.20469999999999999,2,2791,0,18,10000,1524557741,951c6a6100be8a4d90599b02b728238e2c96aa03532ca5ffffa5494d69271488,True,False
ETH-USD,fz0_avg,full,headline,range,garch11,-2.057458151786109,0.85799999999999998,5,2791,0,18,10000,1524557741,951c6a6100be8a4d90599b02b728238e2c96aa03532ca5ffffa5494d69271488,True,True
ETH-USD,fz0_avg,full,headline,range,garch11_t,-2.1196660173994739,1,13,2791,0,18,10000,1524557741,951c6a6100be8a4d90599b02b728238e2c96aa03532ca5ffffa5494d69271488,True,True
ETH-USD,fz0_avg,full,headline,range,gjr,-2.066022980769882,0.94889999999999997,6,2791,0,18,10000,1524557741,951c6a6100be8a4d90599b02b728238e2c96aa03532ca5ffffa5494d69271488,True,True
ETH-USD,fz0_avg,full,headline,range,har,-2.0888591747713887,0.94889999999999997,9,2791,0,18,10000,1524557741,951c6a6100be8a4d90599b02b728238e2c96aa03532ca5ffffa5494d69271488,True,True
ETH-USD,fz0_avg,full,headline,range,lgbm,-2.0726567211436788,0.94889999999999997,7,2791,0,18,10000,1524557741,951c6a6100be8a4d90599b02b728238e2c96aa03532ca5ffffa5494d69271488,True,True
ETH-USD,fz0_avg,full,headline,range,moirai,-2.1065475529444608,0.94889999999999997,12,2791,0,18,10000,1524557741,951c6a6100be8a4d90599b02b728238e2c96aa03532ca5ffffa5494d69271488,True,True
ETH-USD,fz0_avg,full,headline,range,naive,-1.9991137318718151,0.38750000000000001,4,2791,0,18,10000,1524557741,951c6a6100be8a4d90599b02b728238e2c96aa03532ca5ffffa5494d69271488,True,True
ETH-USD,fz0_avg,full,headline,range,patchtst,-1.8348674079352407,0.022700000000000001,1,2791,0,18,10000,1524557741,951c6a6100be8a4d90599b02b728238e2c96aa03532ca5ffffa5494d69271488,False,False
ETH-USD,fz0_avg,full,headline,range,timesfm,-2.0966090494546941,0.94889999999999997,10,2791,0,18,10000,1524557741,951c6a6100be8a4d90599b02b728238e2c96aa03532ca5ffffa5494d69271488,True,True
ETH-USD,fz0_avg,full,headline,semi_quadratic,autoarima,-2.0928107314452737,0.92100000000000004,11,2791,0,18,10000,890459420,691da6c1a955f841af91897f786fda04d9a077b9b45ece11ad10189ff8eabfe6,True,True
ETH-USD,fz0_avg,full,headline,semi_quadratic,autoets,-2.0387196533384366,0.25600000000000001,3,2791,0,18,10000,890459420,691da6c1a955f841af91897f786fda04d9a077b9b45ece11ad10189ff8eabfe6,True,True
ETH-USD,fz0_avg,full,headline,semi_quadratic,chronos,-2.0933616091842935,0.92100000000000004,8,2791,0,18,10000,890459420,691da6c1a955f841af91897f786fda04d9a077b9b45ece11ad10189ff8eabfe6,True,True
ETH-USD,fz0_avg,full,headline,semi_quadratic,ewma,-1.9900942886293174,0.14019999999999999,2,2791,0,18,10000,890459420,691da6c1a955f841af91897f786fda04d9a077b9b45ece11ad10189ff8eabfe6,True,False
ETH-USD,fz0_avg,full,headline,semi_quadratic,garch11,-2.057458151786109,0.80840000000000001,5,2791,0,18,10000,890459420,691da6c1a955f841af91897f786fda04d9a077b9b45ece11ad10189ff8eabfe6,True,True
ETH-USD,fz0_avg,full,headline,semi_quadratic,garch11_t,-2.1196660173994739,1,13,2791,0,18,10000,890459420,691da6c1a955f841af91897f786fda04d9a077b9b45ece11ad10189ff8eabfe6,True,True
ETH-USD,fz0_avg,full,headline,semi_quadratic,gjr,-2.066022980769882,0.87690000000000001,6,2791,0,18,10000,890459420,691da6c1a955f841af91897f786fda04d9a077b9b45ece11ad10189ff8eabfe6,True,True
ETH-USD,fz0_avg,full,headline,semi_quadratic,har,-2.0888591747713887,0.92100000000000004,9,2791,0,18,10000,890459420,691da6c1a955f841af91897f786fda04d9a077b9b45ece11ad10189ff8eabfe6,True,True
ETH-USD,fz0_avg,full,headline,semi_quadratic,lgbm,-2.0726567211436788,0.87690000000000001,7,2791,0,18,10000,890459420,691da6c1a955f841af91897f786fda04d9a077b9b45ece11ad10189ff8eabfe6,True,True
ETH-USD,fz0_avg,full,headline,semi_quadratic,moirai,-2.1065475529444608,0.92100000000000004,12,2791,0,18,10000,890459420,691da6c1a955f841af91897f786fda04d9a077b9b45ece11ad10189ff8eabfe6,True,True
ETH-USD,fz0_avg,full,headline,semi_quadratic,naive,-1.9991137318718151,0.37530000000000002,4,2791,0,18,10000,890459420,691da6c1a955f841af91897f786fda04d9a077b9b45ece11ad10189ff8eabfe6,True,True
ETH-USD,fz0_avg,full,headline,semi_quadratic,patchtst,-1.8348674079352407,0.021499999999999998,1,2791,0,18,10000,890459420,691da6c1a955f841af91897f786fda04d9a077b9b45ece11ad10189ff8eabfe6,False,False
ETH-USD,fz0_avg,full,headline,semi_quadratic,timesfm,-2.0966090494546941,0.92100000000000004,10,2791,0,18,10000,890459420,691da6c1a955f841af91897f786fda04d9a077b9b45ece11ad10189ff8eabfe6,True,True
ETH-USD,qlike_ex_near_zero,full,headline,range,autoarima,0.30172668942570086,0.0045999999999999999,11,2791,0,36,10000,1115468085,f0bf37e3ffb11c27138c8c51ac55bf9efc9ef576a7a4c68f03c38eb2ca8b0bde,False,False
ETH-USD,qlike_ex_near_zero,full,headline,range,autoets,0.32564877132907155,0,8,2791,0,36,10000,1115468085,f0bf37e3ffb11c27138c8c51ac55bf9efc9ef576a7a4c68f03c38eb2ca8b0bde,False,False
ETH-USD,qlike_ex_near_zero,full,headline,range,chronos,0.28851558064655891,0,9,2791,0,36,10000,1115468085,f0bf37e3ffb11c27138c8c51ac55bf9efc9ef576a7a4c68f03c38eb2ca8b0bde,False,False
ETH-USD,qlike_ex_near_zero,full,headline,range,ewma,0.38797900279810188,0,5,2791,0,36,10000,1115468085,f0bf37e3ffb11c27138c8c51ac55bf9efc9ef576a7a4c68f03c38eb2ca8b0bde,False,False
ETH-USD,qlike_ex_near_zero,full,headline,range,garch11,0.38267466648509613,0,4,2791,0,36,10000,1115468085,f0bf37e3ffb11c27138c8c51ac55bf9efc9ef576a7a4c68f03c38eb2ca8b0bde,False,False
ETH-USD,qlike_ex_near_zero,full,headline,range,garch11_t,0.41531192773941489,0,1,2791,0,36,10000,1115468085,f0bf37e3ffb11c27138c8c51ac55bf9efc9ef576a7a4c68f03c38eb2ca8b0bde,False,False
ETH-USD,qlike_ex_near_zero,full,headline,range,gjr,0.38949425273083926,0,3,2791,0,36,10000,1115468085,f0bf37e3ffb11c27138c8c51ac55bf9efc9ef576a7a4c68f03c38eb2ca8b0bde,False,False
ETH-USD,qlike_ex_near_zero,full,headline,range,har,0.29611905679342004,0.0019,10,2791,0,36,10000,1115468085,f0bf37e3ffb11c27138c8c51ac55bf9efc9ef576a7a4c68f03c38eb2ca8b0bde,False,False
ETH-USD,qlike_ex_near_zero,full,headline,range,lgbm,0.32512672207741344,0,6,2791,0,36,10000,1115468085,f0bf37e3ffb11c27138c8c51ac55bf9efc9ef576a7a4c68f03c38eb2ca8b0bde,False,False
ETH-USD,qlike_ex_near_zero,full,headline,range,moirai,0.26314918112228081,1,13,2791,0,36,10000,1115468085,f0bf37e3ffb11c27138c8c51ac55bf9efc9ef576a7a4c68f03c38eb2ca8b0bde,True,True
ETH-USD,qlike_ex_near_zero,full,headline,range,naive,0.51839911047079168,0,2,2791,0,36,10000,1115468085,f0bf37e3ffb11c27138c8c51ac55bf9efc9ef576a7a4c68f03c38eb2ca8b0bde,False,False
ETH-USD,qlike_ex_near_zero,full,headline,range,patchtst,0.5925190955304166,0,7,2791,0,36,10000,1115468085,f0bf37e3ffb11c27138c8c51ac55bf9efc9ef576a7a4c68f03c38eb2ca8b0bde,False,False
ETH-USD,qlike_ex_near_zero,full,headline,range,timesfm,0.267145356008194,0.56979999999999997,12,2791,0,36,10000,1115468085,f0bf37e3ffb11c27138c8c51ac55bf9efc9ef576a7a4c68f03c38eb2ca8b0bde,True,True
ETH-USD,qlike_ex_near_zero,full,headline,semi_quadratic,autoarima,0.30172668942570086,0.0094999999999999998,11,2791,0,36,10000,585078939,2935b21e47df3401ebf8659dbb7dc4e2b17242c1ae1b5057b116607534c74958,False,False
ETH-USD,qlike_ex_near_zero,full,headline,semi_quadratic,autoets,0.32564877132907155,0.0001,8,2791,0,36,10000,585078939,2935b21e47df3401ebf8659dbb7dc4e2b17242c1ae1b5057b116607534c74958,False,False
ETH-USD,qlike_ex_near_zero,full,headline,semi_quadratic,chronos,0.28851558064655891,0.0016000000000000001,9,2791,0,36,10000,585078939,2935b21e47df3401ebf8659dbb7dc4e2b17242c1ae1b5057b116607534c74958,False,False
ETH-USD,qlike_ex_near_zero,full,headline,semi_quadratic,ewma,0.38797900279810188,0,5,2791,0,36,10000,585078939,2935b21e47df3401ebf8659dbb7dc4e2b17242c1ae1b5057b116607534c74958,False,False
ETH-USD,qlike_ex_near_zero,full,headline,semi_quadratic,garch11,0.38267466648509613,0,4,2791,0,36,10000,585078939,2935b21e47df3401ebf8659dbb7dc4e2b17242c1ae1b5057b116607534c74958,False,False
ETH-USD,qlike_ex_near_zero,full,headline,semi_quadratic,garch11_t,0.41531192773941489,0,1,2791,0,36,10000,585078939,2935b21e47df3401ebf8659dbb7dc4e2b17242c1ae1b5057b116607534c74958,False,False
ETH-USD,qlike_ex_near_zero,full,headline,semi_quadratic,gjr,0.38949425273083926,0,3,2791,0,36,10000,585078939,2935b21e47df3401ebf8659dbb7dc4e2b17242c1ae1b5057b116607534c74958,False,False
ETH-USD,qlike_ex_near_zero,full,headline,semi_quadratic,har,0.29611905679342004,0.0050000000000000001,10,2791,0,36,10000,585078939,2935b21e47df3401ebf8659dbb7dc4e2b17242c1ae1b5057b116607534c74958,False,False
ETH-USD,qlike_ex_near_zero,full,headline,semi_quadratic,lgbm,0.32512672207741344,0,6,2791,0,36,10000,585078939,2935b21e47df3401ebf8659dbb7dc4e2b17242c1ae1b5057b116607534c74958,False,False
ETH-USD,qlike_ex_near_zero,full,headline,semi_quadratic,moirai,0.26314918112228081,1,13,2791,0,36,10000,585078939,2935b21e47df3401ebf8659dbb7dc4e2b17242c1ae1b5057b116607534c74958,True,True
ETH-USD,qlike_ex_near_zero,full,headline,semi_quadratic,naive,0.51839911047079168,0,2,2791,0,36,10000,585078939,2935b21e47df3401ebf8659dbb7dc4e2b17242c1ae1b5057b116607534c74958,False,False
ETH-USD,qlike_ex_near_zero,full,headline,semi_quadratic,patchtst,0.5925190955304166,0,7,2791,0,36,10000,585078939,2935b21e47df3401ebf8659dbb7dc4e2b17242c1ae1b5057b116607534c74958,False,False
ETH-USD,qlike_ex_near_zero,full,headline,semi_quadratic,timesfm,0.267145356008194,0.55720000000000003,12,2791,0,36,10000,585078939,2935b21e47df3401ebf8659dbb7dc4e2b17242c1ae1b5057b116607534c74958,True,True
HSI,crps,full,headline,range,autoarima,0.0077503714377932832,0.061800000000000001,10,4828,0,143,10000,1518730616,c6ae8829204f25cc213433e330143b93a741cb72f2ac7fa4b71091e36b5b7fe7,False,False
HSI,crps,full,headline,range,autoets,0.0077532463281678489,0.055,9,4828,0,143,10000,1518730616,c6ae8829204f25cc213433e330143b93a741cb72f2ac7fa4b71091e36b5b7fe7,False,False
HSI,crps,full,headline,range,chronos,0.0077503861341201366,0.049799999999999997,8,4828,0,143,10000,1518730616,c6ae8829204f25cc213433e330143b93a741cb72f2ac7fa4b71091e36b5b7fe7,False,False
HSI,crps,full,headline,range,ewma,0.0077758337833627664,0.049599999999999998,6,4828,0,143,10000,1518730616,c6ae8829204f25cc213433e330143b93a741cb72f2ac7fa4b71091e36b5b7fe7,False,False
HSI,crps,full,headline,range,garch11,0.007783296790848813,0.021899999999999999,4,4828,0,143,10000,1518730616,c6ae8829204f25cc213433e330143b93a741cb72f2ac7fa4b71091e36b5b7fe7,False,False
HSI,crps,full,headline,range,garch11_t,0.0077678990554001315,0.049599999999999998,5,4828,0,143,10000,1518730616,c6ae8829204f25cc213433e330143b93a741cb72f2ac7fa4b71091e36b5b7fe7,False,False
HSI,crps,full,headline,range,gjr,0.0077595717585536442,0.078600000000000003,12,4828,0,143,10000,1518730616,c6ae8829204f25cc213433e330143b93a741cb72f2ac7fa4b71091e36b5b7fe7,False,False
HSI,crps,full,headline,range,har,0.007748060078509829,0.072499999999999995,11,4828,0,143,10000,1518730616,c6ae8829204f25cc213433e330143b93a741cb72f2ac7fa4b71091e36b5b7fe7,False,False
HSI,crps,full,headline,range,lgbm,0.007823333219747132,0,1,4828,0,143,10000,1518730616,c6ae8829204f25cc213433e330143b93a741cb72f2ac7fa4b71091e36b5b7fe7,False,False
HSI,crps,full,headline,range,moirai,0.0077343680181936585,1,13,4828,0,143,10000,1518730616,c6ae8829204f25cc213433e330143b93a741cb72f2ac7fa4b71091e36b5b7fe7,True,True
HSI,crps,full,headline,range,naive,0.0079797449940702415,0.0023,3,4828,0,143,10000,1518730616,c6ae8829204f25cc213433e330143b93a741cb72f2ac7fa4b71091e36b5b7fe7,False,False
HSI,crps,full,headline,range,patchtst,0.0078759735022150123,0,2,4828,0,143,10000,1518730616,c6ae8829204f25cc213433e330143b93a741cb72f2ac7fa4b71091e36b5b7fe7,False,False
HSI,crps,full,headline,range,timesfm,0.0077514762516820391,0.049599999999999998,7,4828,0,143,10000,1518730616,c6ae8829204f25cc213433e330143b93a741cb72f2ac7fa4b71091e36b5b7fe7,False,False
HSI,crps,full,headline,semi_quadratic,autoarima,0.0077503714377932832,0.090800000000000006,10,4828,0,143,10000,2019122658,15394482a1ba9b165f55795bfd3441742d6d5e33449def818e61b821ca00d3b5,False,False
HSI,crps,full,headline,semi_quadratic,autoets,0.0077532463281678489,0.090800000000000006,9,4828,0,143,10000,2019122658,15394482a1ba9b165f55795bfd3441742d6d5e33449def818e61b821ca00d3b5,False,False
HSI,crps,full,headline,semi_quadratic,chronos,0.0077503861341201366,0.090800000000000006,8,4828,0,143,10000,2019122658,15394482a1ba9b165f55795bfd3441742d6d5e33449def818e61b821ca00d3b5,False,False
HSI,crps,full,headline,semi_quadratic,ewma,0.0077758337833627664,0.0378,6,4828,0,143,10000,2019122658,15394482a1ba9b165f55795bfd3441742d6d5e33449def818e61b821ca00d3b5,False,False
HSI,crps,full,headline,semi_quadratic,garch11,0.007783296790848813,0.0167,4,4828,0,143,10000,2019122658,15394482a1ba9b165f55795bfd3441742d6d5e33449def818e61b821ca00d3b5,False,False
HSI,crps,full,headline,semi_quadratic,garch11_t,0.0077678990554001315,0.031399999999999997,5,4828,0,143,10000,2019122658,15394482a1ba9b165f55795bfd3441742d6d5e33449def818e61b821ca00d3b5,False,False
HSI,crps,full,headline,semi_quadratic,gjr,0.0077595717585536442,0.090800000000000006,12,4828,0,143,10000,2019122658,15394482a1ba9b165f55795bfd3441742d6d5e33449def818e61b821ca00d3b5,False,False
HSI,crps,full,headline,semi_quadratic,har,0.007748060078509829,0.090800000000000006,11,4828,0,143,10000,2019122658,15394482a1ba9b165f55795bfd3441742d6d5e33449def818e61b821ca00d3b5,False,False
HSI,crps,full,headline,semi_quadratic,lgbm,0.007823333219747132,0,1,4828,0,143,10000,2019122658,15394482a1ba9b165f55795bfd3441742d6d5e33449def818e61b821ca00d3b5,False,False
HSI,crps,full,headline,semi_quadratic,moirai,0.0077343680181936585,1,13,4828,0,143,10000,2019122658,15394482a1ba9b165f55795bfd3441742d6d5e33449def818e61b821ca00d3b5,True,True
HSI,crps,full,headline,semi_quadratic,naive,0.0079797449940702415,0.00080000000000000004,3,4828,0,143,10000,2019122658,15394482a1ba9b165f55795bfd3441742d6d5e33449def818e61b821ca00d3b5,False,False
HSI,crps,full,headline,semi_quadratic,patchtst,0.0078759735022150123,0,2,4828,0,143,10000,2019122658,15394482a1ba9b165f55795bfd3441742d6d5e33449def818e61b821ca00d3b5,False,False
HSI,crps,full,headline,semi_quadratic,timesfm,0.0077514762516820391,0.090800000000000006,7,4828,0,143,10000,2019122658,15394482a1ba9b165f55795bfd3441742d6d5e33449def818e61b821ca00d3b5,False,False
HSI,crps,full,drop_gjr,range,autoarima,0.0077503714377932832,0.039300000000000002,10,4828,0,143,10000,1749397955,f966c40ed53577e8a952b0d22029e02ef892eec2051b8d3c9fdd3c58ab0cd8df,False,False
HSI,crps,full,drop_gjr,range,autoets,0.0077532463281678489,0.039300000000000002,9,4828,0,143,10000,1749397955,f966c40ed53577e8a952b0d22029e02ef892eec2051b8d3c9fdd3c58ab0cd8df,False,False
HSI,crps,full,drop_gjr,range,chronos,0.0077503861341201366,0.039300000000000002,8,4828,0,143,10000,1749397955,f966c40ed53577e8a952b0d22029e02ef892eec2051b8d3c9fdd3c58ab0cd8df,False,False
HSI,crps,full,drop_gjr,range,ewma,0.0077758337833627664,0.038399999999999997,6,4828,0,143,10000,1749397955,f966c40ed53577e8a952b0d22029e02ef892eec2051b8d3c9fdd3c58ab0cd8df,False,False
HSI,crps,full,drop_gjr,range,garch11,0.007783296790848813,0.0143,4,4828,0,143,10000,1749397955,f966c40ed53577e8a952b0d22029e02ef892eec2051b8d3c9fdd3c58ab0cd8df,False,False
HSI,crps,full,drop_gjr,range,garch11_t,0.0077678990554001315,0.038399999999999997,5,4828,0,143,10000,1749397955,f966c40ed53577e8a952b0d22029e02ef892eec2051b8d3c9fdd3c58ab0cd8df,False,False
HSI,crps,full,drop_gjr,range,har,0.007748060078509829,0.039300000000000002,11,4828,0,143,10000,1749397955,f966c40ed53577e8a952b0d22029e02ef892eec2051b8d3c9fdd3c58ab0cd8df,False,False
HSI,crps,full,drop_gjr,range,lgbm,0.007823333219747132,0.00020000000000000001,2,4828,0,143,10000,1749397955,f966c40ed53577e8a952b0d22029e02ef892eec2051b8d3c9fdd3c58ab0cd8df,False,False
HSI,crps,full,drop_gjr,range,moirai,0.0077343680181936585,1,12,4828,0,143,10000,1749397955,f966c40ed53577e8a952b0d22029e02ef892eec2051b8d3c9fdd3c58ab0cd8df,True,True
HSI,crps,full,drop_gjr,range,naive,0.0079797449940702415,0.0016000000000000001,3,4828,0,143,10000,1749397955,f966c40ed53577e8a952b0d22029e02ef892eec2051b8d3c9fdd3c58ab0cd8df,False,False
HSI,crps,full,drop_gjr,range,patchtst,0.0078759735022150123,0.00020000000000000001,1,4828,0,143,10000,1749397955,f966c40ed53577e8a952b0d22029e02ef892eec2051b8d3c9fdd3c58ab0cd8df,False,False
HSI,crps,full,drop_gjr,range,timesfm,0.0077514762516820391,0.038399999999999997,7,4828,0,143,10000,1749397955,f966c40ed53577e8a952b0d22029e02ef892eec2051b8d3c9fdd3c58ab0cd8df,False,False
HSI,crps,full,drop_gjr,semi_quadratic,autoarima,0.0077503714377932832,0.053699999999999998,10,4828,0,143,10000,1466931605,3351909eb4bc3ddde81cf5c29cdd03eca0f2c9f839c4802f774ef27a804e3af0,False,False
HSI,crps,full,drop_gjr,semi_quadratic,autoets,0.0077532463281678489,0.053699999999999998,9,4828,0,143,10000,1466931605,3351909eb4bc3ddde81cf5c29cdd03eca0f2c9f839c4802f774ef27a804e3af0,False,False
HSI,crps,full,drop_gjr,semi_quadratic,chronos,0.0077503861341201366,0.053699999999999998,8,4828,0,143,10000,1466931605,3351909eb4bc3ddde81cf5c29cdd03eca0f2c9f839c4802f774ef27a804e3af0,False,False
HSI,crps,full,drop_gjr,semi_quadratic,ewma,0.0077758337833627664,0.0223,6,4828,0,143,10000,1466931605,3351909eb4bc3ddde81cf5c29cdd03eca0f2c9f839c4802f774ef27a804e3af0,False,False
HSI,crps,full,drop_gjr,semi_quadratic,garch11,0.007783296790848813,0.0134,4,4828,0,143,10000,1466931605,3351909eb4bc3ddde81cf5c29cdd03eca0f2c9f839c4802f774ef27a804e3af0,False,False
HSI,crps,full,drop_gjr,semi_quadratic,garch11_t,0.0077678990554001315,0.019300000000000001,5,4828,0,143,10000,1466931605,3351909eb4bc3ddde81cf5c29cdd03eca0f2c9f839c4802f774ef27a804e3af0,False,False
HSI,crps,full,drop_gjr,semi_quadratic,har,0.007748060078509829,0.053699999999999998,11,4828,0,143,10000,1466931605,3351909eb4bc3ddde81cf5c29cdd03eca0f2c9f839c4802f774ef27a804e3af0,False,False
HSI,crps,full,drop_gjr,semi_quadratic,lgbm,0.007823333219747132,0,1,4828,0,143,10000,1466931605,3351909eb4bc3ddde81cf5c29cdd03eca0f2c9f839c4802f774ef27a804e3af0,False,False
HSI,crps,full,drop_gjr,semi_quadratic,moirai,0.0077343680181936585,1,12,4828,0,143,10000,1466931605,3351909eb4bc3ddde81cf5c29cdd03eca0f2c9f839c4802f774ef27a804e3af0,True,True
HSI,crps,full,drop_gjr,semi_quadratic,naive,0.0079797449940702415,0.00029999999999999997,3,4828,0,143,10000,1466931605,3351909eb4bc3ddde81cf5c29cdd03eca0f2c9f839c4802f774ef27a804e3af0,False,False
HSI,crps,full,drop_gjr,semi_quadratic,patchtst,0.0078759735022150123,0,2,4828,0,143,10000,1466931605,3351909eb4bc3ddde81cf5c29cdd03eca0f2c9f839c4802f774ef27a804e3af0,False,False
HSI,crps,full,drop_gjr,semi_quadratic,timesfm,0.0077514762516820391,0.053699999999999998,7,4828,0,143,10000,1466931605,3351909eb4bc3ddde81cf5c29cdd03eca0f2c9f839c4802f774ef27a804e3af0,False,False
HSI,log_score,full,headline,range,autoarima,-2.902504189919533,0.6623,10,4828,0,66,10000,67846281,067d9aff60c46bac4261cacbc978fea4aadddd38495f8ff7bebfc00fc1fca639,True,True
HSI,log_score,full,headline,range,autoets,-2.9011852674115914,0.5585,9,4828,0,66,10000,67846281,067d9aff60c46bac4261cacbc978fea4aadddd38495f8ff7bebfc00fc1fca639,True,True
HSI,log_score,full,headline,range,chronos,-2.8997095347643866,0.2306,6,4828,0,66,10000,67846281,067d9aff60c46bac4261cacbc978fea4aadddd38495f8ff7bebfc00fc1fca639,True,False
HSI,log_score,full,headline,range,ewma,-2.8979554100493456,0.34329999999999999,8,4828,0,66,10000,67846281,067d9aff60c46bac4261cacbc978fea4aadddd38495f8ff7bebfc00fc1fca639,True,True
HSI,log_score,full,headline,range,garch11,-2.8869787016745243,0.085599999999999996,4,4828,0,66,10000,67846281,067d9aff60c46bac4261cacbc978fea4aadddd38495f8ff7bebfc00fc1fca639,False,False
HSI,log_score,full,headline,range,garch11_t,-2.9123677926918421,1,13,4828,0,66,10000,67846281,067d9aff60c46bac4261cacbc978fea4aadddd38495f8ff7bebfc00fc1fca639,True,True
HSI,log_score,full,headline,range,gjr,-2.8868785494759672,0.25750000000000001,7,4828,0,66,10000,67846281,067d9aff60c46bac4261cacbc978fea4aadddd38495f8ff7bebfc00fc1fca639,True,True
HSI,log_score,full,headline,range,har,-2.9047218034365727,0.6623,11,4828,0,66,10000,67846281,067d9aff60c46bac4261cacbc978fea4aadddd38495f8ff7bebfc00fc1fca639,True,True
HSI,log_score,full,headline,range,lgbm,-2.8721878393493001,0.0016999999999999999,2,4828,0,66,10000,67846281,067d9aff60c46bac4261cacbc978fea4aadddd38495f8ff7bebfc00fc1fca639,False,False
HSI,log_score,full,headline,range,moirai,-2.9057336563195948,0.6623,12,4828,0,66,10000,67846281,067d9aff60c46bac4261cacbc978fea4aadddd38495f8ff7bebfc00fc1fca639,True,True
HSI,log_score,full,headline,range,naive,-2.7836747978118046,0.00029999999999999997,1,4828,0,66,10000,67846281,067d9aff60c46bac4261cacbc978fea4aadddd38495f8ff7bebfc00fc1fca639,False,False
HSI,log_score,full,headline,range,patchtst,-2.8028729517594009,0.0030000000000000001,3,4828,0,66,10000,67846281,067d9aff60c46bac4261cacbc978fea4aadddd38495f8ff7bebfc00fc1fca639,False,False
HSI,log_score,full,headline,range,timesfm,-2.8980131173744623,0.095200000000000007,5,4828,0,66,10000,67846281,067d9aff60c46bac4261cacbc978fea4aadddd38495f8ff7bebfc00fc1fca639,False,False
HSI,log_score,full,headline,semi_quadratic,autoarima,-2.902504189919533,0.53759999999999997,10,4828,0,66,10000,2093448112,f57a5ad4a03128f792eeaf6867ab9daef64ac645570489bea16849857fd4b6de,True,True
HSI,log_score,full,headline,semi_quadratic,autoets,-2.9011852674115914,0.4904,9,4828,0,66,10000,2093448112,f57a5ad4a03128f792eeaf6867ab9daef64ac645570489bea16849857fd4b6de,True,True
HSI,log_score,full,headline,semi_quadratic,chronos,-2.8997095347643866,0.1119,6,4828,0,66,10000,2093448112,f57a5ad4a03128f792eeaf6867ab9daef64ac645570489bea16849857fd4b6de,True,False
HSI,log_score,full,headline,semi_quadratic,ewma,-2.8979554100493456,0.33129999999999998,8,4828,0,66,10000,2093448112,f57a5ad4a03128f792eeaf6867ab9daef64ac645570489bea16849857fd4b6de,True,True
HSI,log_score,full,headline,semi_quadratic,garch11,-2.8869787016745243,0.049599999999999998,4,4828,0,66,10000,2093448112,f57a5ad4a03128f792eeaf6867ab9daef64ac645570489bea16849857fd4b6de,False,False
HSI,log_score,full,headline,semi_quadratic,garch11_t,-2.9123677926918421,1,13,4828,0,66,10000,2093448112,f57a5ad4a03128f792eeaf6867ab9daef64ac645570489bea16849857fd4b6de,True,True
HSI,log_score,full,headline,semi_quadratic,gjr,-2.8868785494759672,0.1217,7,4828,0,66,10000,2093448112,f57a5ad4a03128f792eeaf6867ab9daef64ac645570489bea16849857fd4b6de,True,False
HSI,log_score,full,headline,semi_quadratic,har,-2.9047218034365727,0.53759999999999997,11,4828,0,66,10000,2093448112,f57a5ad4a03128f792eeaf6867ab9daef64ac645570489bea16849857fd4b6de,True,True
HSI,log_score,full,headline,semi_quadratic,lgbm,-2.8721878393493001,0.00029999999999999997,2,4828,0,66,10000,2093448112,f57a5ad4a03128f792eeaf6867ab9daef64ac645570489bea16849857fd4b6de,False,False
HSI,log_score,full,headline,semi_quadratic,moirai,-2.9057336563195948,0.53759999999999997,12,4828,0,66,10000,2093448112,f57a5ad4a03128f792eeaf6867ab9daef64ac645570489bea16849857fd4b6de,True,True
HSI,log_score,full,headline,semi_quadratic,naive,-2.7836747978118046,0,1,4828,0,66,10000,2093448112,f57a5ad4a03128f792eeaf6867ab9daef64ac645570489bea16849857fd4b6de,False,False
HSI,log_score,full,headline,semi_quadratic,patchtst,-2.8028729517594009,0.0015,3,4828,0,66,10000,2093448112,f57a5ad4a03128f792eeaf6867ab9daef64ac645570489bea16849857fd4b6de,False,False
HSI,log_score,full,headline,semi_quadratic,timesfm,-2.8980131173744623,0.091700000000000004,5,4828,0,66,10000,2093448112,f57a5ad4a03128f792eeaf6867ab9daef64ac645570489bea16849857fd4b6de,False,False
HSI,log_score,full,drop_gjr,range,autoarima,-2.902504189919533,0.64449999999999996,9,4828,0,66,10000,613704506,2e5ba42df51ece1141a4f8df6f1e3a869e0b0ec5ca7c02bfd974ccafead804e4,True,True
HSI,log_score,full,drop_gjr,range,autoets,-2.9011852674115914,0.54430000000000001,8,4828,0,66,10000,613704506,2e5ba42df51ece1141a4f8df6f1e3a869e0b0ec5ca7c02bfd974ccafead804e4,True,True
HSI,log_score,full,drop_gjr,range,chronos,-2.8997095347643866,0.19089999999999999,6,4828,0,66,10000,613704506,2e5ba42df51ece1141a4f8df6f1e3a869e0b0ec5ca7c02bfd974ccafead804e4,True,False
HSI,log_score,full,drop_gjr,range,ewma,-2.8979554100493456,0.33479999999999999,7,4828,0,66,10000,613704506,2e5ba42df51ece1141a4f8df6f1e3a869e0b0ec5ca7c02bfd974ccafead804e4,True,True
HSI,log_score,full,drop_gjr,range,garch11,-2.8869787016745243,0.080600000000000005,4,4828,0,66,10000,613704506,2e5ba42df51ece1141a4f8df6f1e3a869e0b0ec5ca7c02bfd974ccafead804e4,False,False
HSI,log_score,full,drop_gjr,range,garch11_t,-2.9123677926918421,1,12,4828,0,66,10000,613704506,2e5ba42df51ece1141a4f8df6f1e3a869e0b0ec5ca7c02bfd974ccafead804e4,True,True
HSI,log_score,full,drop_gjr,range,har,-2.9047218034365727,0.64449999999999996,10,4828,0,66,10000,613704506,2e5ba42df51ece1141a4f8df6f1e3a869e0b0ec5ca7c02bfd974ccafead804e4,True,True
HSI,log_score,full,drop_gjr,range,lgbm,-2.8721878393493001,0.002,2,4828,0,66,10000,613704506,2e5ba42df51ece1141a4f8df6f1e3a869e0b0ec5ca7c02bfd974ccafead804e4,False,False
HSI,log_score,full,drop_gjr,range,moirai,-2.9057336563195948,0.64449999999999996,11,4828,0,66,10000,613704506,2e5ba42df51ece1141a4f8df6f1e3a869e0b0ec5ca7c02bfd974ccafead804e4,True,True
HSI,log_score,full,drop_gjr,range,naive,-2.7836747978118046,0.00040000000000000002,1,4828,0,66,10000,613704506,2e5ba42df51ece1141a4f8df6f1e3a869e0b0ec5ca7c02bfd974ccafead804e4,False,False
HSI,log_score,full,drop_gjr,range,patchtst,-2.8028729517594009,0.0028999999999999998,3,4828,0,66,10000,613704506,2e5ba42df51ece1141a4f8df6f1e3a869e0b0ec5ca7c02bfd974ccafead804e4,False,False
HSI,log_score,full,drop_gjr,range,timesfm,-2.8980131173744623,0.085999999999999993,5,4828,0,66,10000,613704506,2e5ba42df51ece1141a4f8df6f1e3a869e0b0ec5ca7c02bfd974ccafead804e4,False,False
HSI,log_score,full,drop_gjr,semi_quadratic,autoarima,-2.902504189919533,0.55300000000000005,9,4828,0,66,10000,1194766437,bac17d33b76d8296077398434c4fb93e2027f5276baaaec03e94547387815e8f,True,True
HSI,log_score,full,drop_gjr,semi_quadratic,autoets,-2.9011852674115914,0.49340000000000001,8,4828,0,66,10000,1194766437,bac17d33b76d8296077398434c4fb93e2027f5276baaaec03e94547387815e8f,True,True
HSI,log_score,full,drop_gjr,semi_quadratic,chronos,-2.8997095347643866,0.25840000000000002,6,4828,0,66,10000,1194766437,bac17d33b76d8296077398434c4fb93e2027f5276baaaec03e94547387815e8f,True,True
HSI,log_score,full,drop_gjr,semi_quadratic,ewma,-2.8979554100493456,0.33439999999999998,7,4828,0,66,10000,1194766437,bac17d33b76d8296077398434c4fb93e2027f5276baaaec03e94547387815e8f,True,True
HSI,log_score,full,drop_gjr,semi_quadratic,garch11,-2.8869787016745243,0.064100000000000004,4,4828,0,66,10000,1194766437,bac17d33b76d8296077398434c4fb93e2027f5276baaaec03e94547387815e8f,False,False
HSI,log_score,full,drop_gjr,semi_quadratic,garch11_t,-2.9123677926918421,1,12,4828,0,66,10000,1194766437,bac17d33b76d8296077398434c4fb93e2027f5276baaaec03e94547387815e8f,True,True
HSI,log_score,full,drop_gjr,semi_quadratic,har,-2.9047218034365727,0.55300000000000005,10,4828,0,66,10000,1194766437,bac17d33b76d8296077398434c4fb93e2027f5276baaaec03e94547387815e8f,True,True
HSI,log_score,full,drop_gjr,semi_quadratic,lgbm,-2.8721878393493001,0.00050000000000000001,2,4828,0,66,10000,1194766437,bac17d33b76d8296077398434c4fb93e2027f5276baaaec03e94547387815e8f,False,False
HSI,log_score,full,drop_gjr,semi_quadratic,moirai,-2.9057336563195948,0.55300000000000005,11,4828,0,66,10000,1194766437,bac17d33b76d8296077398434c4fb93e2027f5276baaaec03e94547387815e8f,True,True
HSI,log_score,full,drop_gjr,semi_quadratic,naive,-2.7836747978118046,0,1,4828,0,66,10000,1194766437,bac17d33b76d8296077398434c4fb93e2027f5276baaaec03e94547387815e8f,False,False
HSI,log_score,full,drop_gjr,semi_quadratic,patchtst,-2.8028729517594009,0.0015,3,4828,0,66,10000,1194766437,bac17d33b76d8296077398434c4fb93e2027f5276baaaec03e94547387815e8f,False,False
HSI,log_score,full,drop_gjr,semi_quadratic,timesfm,-2.8980131173744623,0.1716,5,4828,0,66,10000,1194766437,bac17d33b76d8296077398434c4fb93e2027f5276baaaec03e94547387815e8f,True,False
HSI,pinball_0p01,full,headline,range,autoarima,0.00048495966865404774,0.97899999999999998,11,4828,0,62,10000,1933250039,434ae122857dddbc8c8c5824ece010fa6f42d4513de3f2fa7b4615287898227b,True,True
HSI,pinball_0p01,full,headline,range,autoets,0.00048427065755650677,1,13,4828,0,62,10000,1933250039,434ae122857dddbc8c8c5824ece010fa6f42d4513de3f2fa7b4615287898227b,True,True
HSI,pinball_0p01,full,headline,range,chronos,0.00050579196880820251,0.55310000000000004,4,4828,0,62,10000,1933250039,434ae122857dddbc8c8c5824ece010fa6f42d4513de3f2fa7b4615287898227b,True,True
HSI,pinball_0p01,full,headline,range,ewma,0.00049050012420229195,0.95789999999999997,9,4828,0,62,10000,1933250039,434ae122857dddbc8c8c5824ece010fa6f42d4513de3f2fa7b4615287898227b,True,True
HSI,pinball_0p01,full,headline,range,garch11,0.00050441633723148356,0.1227,3,4828,0,62,10000,1933250039,434ae122857dddbc8c8c5824ece010fa6f42d4513de3f2fa7b4615287898227b,True,False
HSI,pinball_0p01,full,headline,range,garch11_t,0.00048770992663009439,0.96909999999999996,10,4828,0,62,10000,1933250039,434ae122857dddbc8c8c5824ece010fa6f42d4513de3f2fa7b4615287898227b,True,True
HSI,pinball_0p01,full,headline,range,gjr,0.00048431821081613638,0.99690000000000001,12,4828,0,62,10000,1933250039,434ae122857dddbc8c8c5824ece010fa6f42d4513de3f2fa7b4615287898227b,True,True
HSI,pinball_0p01,full,headline,range,har,0.00048912540267759849,0.95789999999999997,8,4828,0,62,10000,1933250039,434ae122857dddbc8c8c5824ece010fa6f42d4513de3f2fa7b4615287898227b,True,True
HSI,pinball_0p01,full,headline,range,lgbm,0.00050751086471302013,0.64419999999999999,6,4828,0,62,10000,1933250039,434ae122857dddbc8c8c5824ece010fa6f42d4513de3f2fa7b4615287898227b,True,True
HSI,pinball_0p01,full,headline,range,moirai,0.00049881720360880888,0.78400000000000003,7,4828,0,62,10000,1933250039,434ae122857dddbc8c8c5824ece010fa6f42d4513de3f2fa7b4615287898227b,True,True
HSI,pinball_0p01,full,headline,range,naive,0.00062302462598361132,0.0206,2,4828,0,62,10000,1933250039,434ae122857dddbc8c8c5824ece010fa6f42d4513de3f2fa7b4615287898227b,False,False
HSI,pinball_0p01,full,headline,range,patchtst,0.00058356004193834841,0.0086,1,4828,0,62,10000,1933250039,434ae122857dddbc8c8c5824ece010fa6f42d4513de3f2fa7b4615287898227b,False,False
HSI,pinball_0p01,full,headline,range,timesfm,0.00050446509000421518,0.57420000000000004,5,4828,0,62,10000,1933250039,434ae122857dddbc8c8c5824ece010fa6f42d4513de3f2fa7b4615287898227b,True,True
HSI,pinball_0p01,full,headline,semi_quadratic,autoarima,0.00048495966865404774,0.98899999999999999,11,4828,0,62,10000,1384078703,f2541ceb7232a658fcce4a0a61105819a58d97801d336b653e9c66366fe3cc07,True,True
HSI,pinball_0p01,full,headline,semi_quadratic,autoets,0.00048427065755650677,1,13,4828,0,62,10000,1384078703,f2541ceb7232a658fcce4a0a61105819a58d97801d336b653e9c66366fe3cc07,True,True
HSI,pinball_0p01,full,headline,semi_quadratic,chronos,0.00050579196880820251,0.34789999999999999,4,4828,0,62,10000,1384078703,f2541ceb7232a658fcce4a0a61105819a58d97801d336b653e9c66366fe3cc07,True,True
HSI,pinball_0p01,full,headline,semi_quadratic,ewma,0.00049050012420229195,0.95450000000000002,9,4828,0,62,10000,1384078703,f2541ceb7232a658fcce4a0a61105819a58d97801d336b653e9c66366fe3cc07,True,True
HSI,pinball_0p01,full,headline,semi_quadratic,garch11,0.00050441633723148356,0.28060000000000002,3,4828,0,62,10000,1384078703,f2541ceb7232a658fcce4a0a61105819a58d97801d336b653e9c66366fe3cc07,True,True
HSI,pinball_0p01,full,headline,semi_quadratic,garch11_t,0.00048770992663009439,0.97789999999999999,10,4828,0,62,10000,1384078703,f2541ceb7232a658fcce4a0a61105819a58d97801d336b653e9c66366fe3cc07,True,True
HSI,pinball_0p01,full,headline,semi_quadratic,gjr,0.00048431821081613638,0.99709999999999999,12,4828,0,62,10000,1384078703,f2541ceb7232a658fcce4a0a61105819a58d97801d336b653e9c66366fe3cc07,True,True
HSI,pinball_0p01,full,headline,semi_quadratic,har,0.00048912540267759849,0.95389999999999997,8,4828,0,62,10000,1384078703,f2541ceb7232a658fcce4a0a61105819a58d97801d336b653e9c66366fe3cc07,True,True
HSI,pinball_0p01,full,headline,semi_quadratic,lgbm,0.00050751086471302013,0.55230000000000001,6,4828,0,62,10000,1384078703,f2541ceb7232a658fcce4a0a61105819a58d97801d336b653e9c66366fe3cc07,True,True
HSI,pinball_0p01,full,headline,semi_quadratic,moirai,0.00049881720360880888,0.81969999999999998,7,4828,0,62,10000,1384078703,f2541ceb7232a658fcce4a0a61105819a58d97801d336b653e9c66366fe3cc07,True,True
HSI,pinball_0p01,full,headline,semi_quadratic,naive,0.00062302462598361132,0.043299999999999998,2,4828,0,62,10000,1384078703,f2541ceb7232a658fcce4a0a61105819a58d97801d336b653e9c66366fe3cc07,False,False
HSI,pinball_0p01,full,headline,semi_quadratic,patchtst,0.00058356004193834841,0.017600000000000001,1,4828,0,62,10000,1384078703,f2541ceb7232a658fcce4a0a61105819a58d97801d336b653e9c66366fe3cc07,False,False
HSI,pinball_0p01,full,headline,semi_quadratic,timesfm,0.00050446509000421518,0.41439999999999999,5,4828,0,62,10000,1384078703,f2541ceb7232a658fcce4a0a61105819a58d97801d336b653e9c66366fe3cc07,True,True
HSI,pinball_0p01,full,drop_gjr,range,autoarima,0.00048495966865404774,0.95299999999999996,11,4828,0,62,10000,865931209,a6a440f1b9d01940b4e46d4b17035cc73a77c4aed0d326c05e14210ea73e2ec3,True,True
HSI,pinball_0p01,full,drop_gjr,range,autoets,0.00048427065755650677,1,12,4828,0,62,10000,865931209,a6a440f1b9d01940b4e46d4b17035cc73a77c4aed0d326c05e14210ea73e2ec3,True,True
HSI,pinball_0p01,full,drop_gjr,range,chronos,0.00050579196880820251,0.5111,4,4828,0,62,10000,865931209,a6a440f1b9d01940b4e46d4b17035cc73a77c4aed0d326c05e14210ea73e2ec3,True,True
HSI,pinball_0p01,full,drop_gjr,range,ewma,0.00049050012420229195,0.91149999999999998,9,4828,0,62,10000,865931209,a6a440f1b9d01940b4e46d4b17035cc73a77c4aed0d326c05e14210ea73e2ec3,True,True
HSI,pinball_0p01,full,drop_gjr,range,garch11,0.00050441633723148356,0.1135,3,4828,0,62,10000,865931209,a6a440f1b9d01940b4e46d4b17035cc73a77c4aed0d326c05e14210ea73e2ec3,True,False
HSI,pinball_0p01,full,drop_gjr,range,garch11_t,0.00048770992663009439,0.95299999999999996,10,4828,0,62,10000,865931209,a6a440f1b9d01940b4e46d4b17035cc73a77c4aed0d326c05e14210ea73e2ec3,True,True
HSI,pinball_0p01,full,drop_gjr,range,har,0.00048912540267759849,0.91149999999999998,8,4828,0,62,10000,865931209,a6a440f1b9d01940b4e46d4b17035cc73a77c4aed0d326c05e14210ea73e2ec3,True,True
HSI,pinball_0p01,full,drop_gjr,range,lgbm,0.00050751086471302013,0.58599999999999997,6,4828,0,62,10000,865931209,a6a440f1b9d01940b4e46d4b17035cc73a77c4aed0d326c05e14210ea73e2ec3,True,True
HSI,pinball_0p01,full,drop_gjr,range,moirai,0.00049881720360880888,0.70920000000000005,7,4828,0,62,10000,865931209,a6a440f1b9d01940b4e46d4b17035cc73a77c4aed0d326c05e14210ea73e2ec3,True,True
HSI,pinball_0p01,full,drop_gjr,range,naive,0.00062302462598361132,0.021899999999999999,2,4828,0,62,10000,865931209,a6a440f1b9d01940b4e46d4b17035cc73a77c4aed0d326c05e14210ea73e2ec3,False,False
HSI,pinball_0p01,full,drop_gjr,range,patchtst,0.00058356004193834841,0.0099000000000000008,1,4828,0,62,10000,865931209,a6a440f1b9d01940b4e46d4b17035cc73a77c4aed0d326c05e14210ea73e2ec3,False,False
HSI,pinball_0p01,full,drop_gjr,range,timesfm,0.00050446509000421518,0.5111,5,4828,0,62,10000,865931209,a6a440f1b9d01940b4e46d4b17035cc73a77c4aed0d326c05e14210ea73e2ec3,True,True
HSI,pinball_0p01,full,drop_gjr,semi_quadratic,autoarima,0.00048495966865404774,0.95009999999999994,11,4828,0,62,10000,1209703251,3a7bad71e24dd184de15a769ed08783872226fcbe203765ef73f000204ba7778,True,True
HSI,pinball_0p01,full,drop_gjr,semi_quadratic,autoets,0.00048427065755650677,1,12,4828,0,62,10000,1209703251,3a7bad71e24dd184de15a769ed08783872226fcbe203765ef73f000204ba7778,True,True
HSI,pinball_0p01,full,drop_gjr,semi_quadratic,chronos,0.00050579196880820251,0.30080000000000001,4,4828,0,62,10000,1209703251,3a7bad71e24dd184de15a769ed08783872226fcbe203765ef73f000204ba7778,True,True
HSI,pinball_0p01,full,drop_gjr,semi_quadratic,ewma,0.00049050012420229195,0.91290000000000004,9,4828,0,62,10000,1209703251,3a7bad71e24dd184de15a769ed08783872226fcbe203765ef73f000204ba7778,True,True
HSI,pinball_0p01,full,drop_gjr,semi_quadratic,garch11,0.00050441633723148356,0.2641,3,4828,0,62,10000,1209703251,3a7bad71e24dd184de15a769ed08783872226fcbe203765ef73f000204ba7778,True,True
HSI,pinball_0p01,full,drop_gjr,semi_quadratic,garch11_t,0.00048770992663009439,0.95009999999999994,10,4828,0,62,10000,1209703251,3a7bad71e24dd184de15a769ed08783872226fcbe203765ef73f000204ba7778,True,True
HSI,pinball_0p01,full,drop_gjr,semi_quadratic,har,0.00048912540267759849,0.91200000000000003,8,4828,0,62,10000,1209703251,3a7bad71e24dd184de15a769ed08783872226fcbe203765ef73f000204ba7778,True,True
HSI,pinball_0p01,full,drop_gjr,semi_quadratic,lgbm,0.00050751086471302013,0.49180000000000001,6,4828,0,62,10000,1209703251,3a7bad71e24dd184de15a769ed08783872226fcbe203765ef73f000204ba7778,True,True
HSI,pinball_0p01,full,drop_gjr,semi_quadratic,moirai,0.00049881720360880888,0.72670000000000001,7,4828,0,62,10000,1209703251,3a7bad71e24dd184de15a769ed08783872226fcbe203765ef73f000204ba7778,True,True
HSI,pinball_0p01,full,drop_gjr,semi_quadratic,naive,0.00062302462598361132,0.033000000000000002,2,4828,0,62,10000,1209703251,3a7bad71e24dd184de15a769ed08783872226fcbe203765ef73f000204ba7778,False,False
HSI,pinball_0p01,full,drop_gjr,semi_quadratic,patchtst,0.00058356004193834841,0.0141,1,4828,0,62,10000,1209703251,3a7bad71e24dd184de15a769ed08783872226fcbe203765ef73f000204ba7778,False,False
HSI,pinball_0p01,full,drop_gjr,semi_quadratic,timesfm,0.00050446509000421518,0.35999999999999999,5,4828,0,62,10000,1209703251,3a7bad71e24dd184de15a769ed08783872226fcbe203765ef73f000204ba7778,True,True
HSI,pinball_0p025,full,headline,range,autoarima,0.00094516775511049379,1,13,4828,0,75,10000,1577891656,50cd026ba681c41606d3e6a87a7f48124c6a48e3cfeea107c6843e734824bac0,True,True
HSI,pinball_0p025,full,headline,range,autoets,0.00094636780109967871,0.79490000000000005,12,4828,0,75,10000,1577891656,50cd026ba681c41606d3e6a87a7f48124c6a48e3cfeea107c6843e734824bac0,True,True
HSI,pinball_0p025,full,headline,range,chronos,0.00096708332093300932,0.41420000000000001,6,4828,0,75,10000,1577891656,50cd026ba681c41606d3e6a87a7f48124c6a48e3cfeea107c6843e734824bac0,True,True
HSI,pinball_0p025,full,headline,range,ewma,0.00096063967917653977,0.69510000000000005,9,4828,0,75,10000,1577891656,50cd026ba681c41606d3e6a87a7f48124c6a48e3cfeea107c6843e734824bac0,True,True
HSI,pinball_0p025,full,headline,range,garch11,0.00098086958291288147,0.28599999999999998,3,4828,0,75,10000,1577891656,50cd026ba681c41606d3e6a87a7f48124c6a48e3cfeea107c6843e734824bac0,True,True
HSI,pinball_0p025,full,headline,range,garch11_t,0.00097538042435081564,0.3654,5,4828,0,75,10000,1577891656,50cd026ba681c41606d3e6a87a7f48124c6a48e3cfeea107c6843e734824bac0,True,True
HSI,pinball_0p025,full,headline,range,gjr,0.00095841628442332183,0.79490000000000005,10,4828,0,75,10000,1577891656,50cd026ba681c41606d3e6a87a7f48124c6a48e3cfeea107c6843e734824bac0,True,True
HSI,pinball_0p025,full,headline,range,har,0.00095045928521442767,0.79490000000000005,11,4828,0,75,10000,1577891656,50cd026ba681c41606d3e6a87a7f48124c6a48e3cfeea107c6843e734824bac0,True,True
HSI,pinball_0p025,full,headline,range,lgbm,0.00097748556161786132,0.45329999999999998,7,4828,0,75,10000,1577891656,50cd026ba681c41606d3e6a87a7f48124c6a48e3cfeea107c6843e734824bac0,True,True
HSI,pinball_0p025,full,headline,range,moirai,0.00095990621185992886,0.69510000000000005,8,4828,0,75,10000,1577891656,50cd026ba681c41606d3e6a87a7f48124c6a48e3cfeea107c6843e734824bac0,True,True
HSI,pinball_0p025,full,headline,range,naive,0.00113092986194315,0.0048999999999999998,2,4828,0,75,10000,1577891656,50cd026ba681c41606d3e6a87a7f48124c6a48e3cfeea107c6843e734824bac0,False,False
HSI,pinball_0p025,full,headline,range,patchtst,0.0010600697634678743,0.0014,1,4828,0,75,10000,1577891656,50cd026ba681c41606d3e6a87a7f48124c6a48e3cfeea107c6843e734824bac0,False,False
HSI,pinball_0p025,full,headline,range,timesfm,0.0009736519994356155,0.28599999999999998,4,4828,0,75,10000,1577891656,50cd026ba681c41606d3e6a87a7f48124c6a48e3cfeea107c6843e734824bac0,True,True
HSI,pinball_0p025,full,headline,semi_quadratic,autoarima,0.00094516775511049379,1,13,4828,0,75,10000,359647789,acc14e0a1a7116a1c18045d1f2b96b26ab9b8eb39bb9f4fc0843f36f5a8d7be8,True,True
HSI,pinball_0p025,full,headline,semi_quadratic,autoets,0.00094636780109967871,0.76270000000000004,12,4828,0,75,10000,359647789,acc14e0a1a7116a1c18045d1f2b96b26ab9b8eb39bb9f4fc0843f36f5a8d7be8,True,True
HSI,pinball_0p025,full,headline,semi_quadratic,chronos,0.00096708332093300932,0.27489999999999998,6,4828,0,75,10000,359647789,acc14e0a1a7116a1c18045d1f2b96b26ab9b8eb39bb9f4fc0843f36f5a8d7be8,True,True
HSI,pinball_0p025,full,headline,semi_quadratic,ewma,0.00096063967917653977,0.5968,9,4828,0,75,10000,359647789,acc14e0a1a7116a1c18045d1f2b96b26ab9b8eb39bb9f4fc0843f36f5a8d7be8,True,True
HSI,pinball_0p025,full,headline,semi_quadratic,garch11,0.00098086958291288147,0.1148,3,4828,0,75,10000,359647789,acc14e0a1a7116a1c18045d1f2b96b26ab9b8eb39bb9f4fc0843f36f5a8d7be8,True,False
HSI,pinball_0p025,full,headline,semi_quadratic,garch11_t,0.00097538042435081564,0.19980000000000001,5,4828,0,75,10000,359647789,acc14e0a1a7116a1c18045d1f2b96b26ab9b8eb39bb9f4fc0843f36f5a8d7be8,True,False
HSI,pinball_0p025,full,headline,semi_quadratic,gjr,0.00095841628442332183,0.71730000000000005,10,4828,0,75,10000,359647789,acc14e0a1a7116a1c18045d1f2b96b26ab9b8eb39bb9f4fc0843f36f5a8d7be8,True,True
HSI,pinball_0p025,full,headline,semi_quadratic,har,0.00095045928521442767,0.74260000000000004,11,4828,0,75,10000,359647789,acc14e0a1a7116a1c18045d1f2b96b26ab9b8eb39bb9f4fc0843f36f5a8d7be8,True,True
HSI,pinball_0p025,full,headline,semi_quadratic,lgbm,0.00097748556161786132,0.35520000000000002,7,4828,0,75,10000,359647789,acc14e0a1a7116a1c18045d1f2b96b26ab9b8eb39bb9f4fc0843f36f5a8d7be8,True,True
HSI,pinball_0p025,full,headline,semi_quadratic,moirai,0.00095990621185992886,0.57730000000000004,8,4828,0,75,10000,359647789,acc14e0a1a7116a1c18045d1f2b96b26ab9b8eb39bb9f4fc0843f36f5a8d7be8,True,True
HSI,pinball_0p025,full,headline,semi_quadratic,naive,0.00113092986194315,0.012500000000000001,2,4828,0,75,10000,359647789,acc14e0a1a7116a1c18045d1f2b96b26ab9b8eb39bb9f4fc0843f36f5a8d7be8,False,False
HSI,pinball_0p025,full,headline,semi_quadratic,patchtst,0.0010600697634678743,0.0044999999999999997,1,4828,0,75,10000,359647789,acc14e0a1a7116a1c18045d1f2b96b26ab9b8eb39bb9f4fc0843f36f5a8d7be8,False,False
HSI,pinball_0p025,full,headline,semi_quadratic,timesfm,0.0009736519994356155,0.15010000000000001,4,4828,0,75,10000,359647789,acc14e0a1a7116a1c18045d1f2b96b26ab9b8eb39bb9f4fc0843f36f5a8d7be8,True,False
HSI,pinball_0p025,full,drop_gjr,range,autoarima,0.00094516775511049379,1,12,4828,0,75,10000,152304325,fc8dfc0180f15d7883b17d0d7a7eb4cb35a9ba3b331b6419895ee8036d933025,True,True
HSI,pinball_0p025,full,drop_gjr,range,autoets,0.00094636780109967871,0.75719999999999998,11,4828,0,75,10000,152304325,fc8dfc0180f15d7883b17d0d7a7eb4cb35a9ba3b331b6419895ee8036d933025,True,True
HSI,pinball_0p025,full,drop_gjr,range,chronos,0.00096708332093300932,0.35399999999999998,6,4828,0,75,10000,152304325,fc8dfc0180f15d7883b17d0d7a7eb4cb35a9ba3b331b6419895ee8036d933025,True,True
HSI,pinball_0p025,full,drop_gjr,range,ewma,0.00096063967917653977,0.6119,9,4828,0,75,10000,152304325,fc8dfc0180f15d7883b17d0d7a7eb4cb35a9ba3b331b6419895ee8036d933025,True,True
HSI,pinball_0p025,full,drop_gjr,range,garch11,0.00098086958291288147,0.24560000000000001,3,4828,0,75,10000,152304325,fc8dfc0180f15d7883b17d0d7a7eb4cb35a9ba3b331b6419895ee8036d933025,True,False
HSI,pinball_0p025,full,drop_gjr,range,garch11_t,0.00097538042435081564,0.30280000000000001,5,4828,0,75,10000,152304325,fc8dfc0180f15d7883b17d0d7a7eb4cb35a9ba3b331b6419895ee8036d933025,True,True
HSI,pinball_0p025,full,drop_gjr,range,har,0.00095045928521442767,0.73150000000000004,10,4828,0,75,10000,152304325,fc8dfc0180f15d7883b17d0d7a7eb4cb35a9ba3b331b6419895ee8036d933025,True,True
HSI,pinball_0p025,full,drop_gjr,range,lgbm,0.00097748556161786132,0.3674,7,4828,0,75,10000,152304325,fc8dfc0180f15d7883b17d0d7a7eb4cb35a9ba3b331b6419895ee8036d933025,True,True
HSI,pinball_0p025,full,drop_gjr,range,moirai,0.00095990621185992886,0.6119,8,4828,0,75,10000,152304325,fc8dfc0180f15d7883b17d0d7a7eb4cb35a9ba3b331b6419895ee8036d933025,True,True
HSI,pinball_0p025,full,drop_gjr,range,naive,0.00113092986194315,0.0054999999999999997,2,4828,0,75,10000,152304325,fc8dfc0180f15d7883b17d0d7a7eb4cb35a9ba3b331b6419895ee8036d933025,False,False
HSI,pinball_0p025,full,drop_gjr,range,patchtst,0.0010600697634678743,0.0014,1,4828,0,75,10000,152304325,fc8dfc0180f15d7883b17d0d7a7eb4cb35a9ba3b331b6419895ee8036d933025,False,False
HSI,pinball_0p025,full,drop_gjr,range,timesfm,0.0009736519994356155,0.24560000000000001,4,4828,0,75,10000,152304325,fc8dfc0180f15d7883b17d0d7a7eb4cb35a9ba3b331b6419895ee8036d933025,True,False
HSI,pinball_0p025,full,drop_gjr,semi_quadratic,autoarima,0.00094516775511049379,1,12,4828,0,75,10000,1354155816,4cea5af007716e9edb61a1db4cd01502b2990f8bdb836cbfc1d528b465b0f501,True,True
HSI,pinball_0p025,full,drop_gjr,semi_quadratic,autoets,0.00094636780109967871,0.76259999999999994,11,4828,0,75,10000,1354155816,4cea5af007716e9edb61a1db4cd01502b2990f8bdb836cbfc1d528b465b0f501,True,True
HSI,pinball_0p025,full,drop_gjr,semi_quadratic,chronos,0.00096708332093300932,0.2051,6,4828,0,75,10000,1354155816,4cea5af007716e9edb61a1db4cd01502b2990f8bdb836cbfc1d528b465b0f501,True,False
HSI,pinball_0p025,full,drop_gjr,semi_quadratic,ewma,0.00096063967917653977,0.49330000000000002,9,4828,0,75,10000,1354155816,4cea5af007716e9edb61a1db4cd01502b2990f8bdb836cbfc1d528b465b0f501,True,True
HSI,pinball_0p025,full,drop_gjr,semi_quadratic,garch11,0.00098086958291288147,0.1028,3,4828,0,75,10000,1354155816,4cea5af007716e9edb61a1db4cd01502b2990f8bdb836cbfc1d528b465b0f501,True,False
HSI,pinball_0p025,full,drop_gjr,semi_quadratic,garch11_t,0.00097538042435081564,0.16919999999999999,5,4828,0,75,10000,1354155816,4cea5af007716e9edb61a1db4cd01502b2990f8bdb836cbfc1d528b465b0f501,True,False
HSI,pinball_0p025,full,drop_gjr,semi_quadratic,har,0.00095045928521442767,0.74809999999999999,10,4828,0,75,10000,1354155816,4cea5af007716e9edb61a1db4cd01502b2990f8bdb836cbfc1d528b465b0f501,True,True
HSI,pinball_0p025,full,drop_gjr,semi_quadratic,lgbm,0.00097748556161786132,0.26029999999999998,7,4828,0,75,10000,1354155816,4cea5af007716e9edb61a1db4cd01502b2990f8bdb836cbfc1d528b465b0f501,True,True
HSI,pinball_0p025,full,drop_gjr,semi_quadratic,moirai,0.00095990621185992886,0.45279999999999998,8,4828,0,75,10000,1354155816,4cea5af007716e9edb61a1db4cd01502b2990f8bdb836cbfc1d528b465b0f501,True,True
HSI,pinball_0p025,full,drop_gjr,semi_quadratic,naive,0.00113092986194315,0.0082000000000000007,2,4828,0,75,10000,1354155816,4cea5af007716e9edb61a1db4cd01502b2990f8bdb836cbfc1d528b465b0f501,False,False
HSI,pinball_0p025,full,drop_gjr,semi_quadratic,patchtst,0.0010600697634678743,0.0016000000000000001,1,4828,0,75,10000,1354155816,4cea5af007716e9edb61a1db4cd01502b2990f8bdb836cbfc1d528b465b0f501,False,False
HSI,pinball_0p025,full,drop_gjr,semi_quadratic,timesfm,0.0009736519994356155,0.1193,4,4828,0,75,10000,1354155816,4cea5af007716e9edb61a1db4cd01502b2990f8bdb836cbfc1d528b465b0f501,True,False
HSI,pinball_0p05,full,headline,range,autoarima,0.0015678292186233117,1,13,4828,0,96,10000,694782931,82e19a364545369c01b7e34bec7809ac4f99d88a0fcffd74132590485a34bcf4,True,True
HSI,pinball_0p05,full,headline,range,autoets,0.0015697840454738559,0.90510000000000002,11,4828,0,96,10000,694782931,82e19a364545369c01b7e34bec7809ac4f99d88a0fcffd74132590485a34bcf4,True,True
HSI,pinball_0p05,full,headline,range,chronos,0.0015920994672019887,0.17150000000000001,4,4828,0,96,10000,694782931,82e19a364545369c01b7e34bec7809ac4f99d88a0fcffd74132590485a34bcf4,True,False
HSI,pinball_0p05,full,headline,range,ewma,0.0015904934736883632,0.37159999999999999,8,4828,0,96,10000,694782931,82e19a364545369c01b7e34bec7809ac4f99d88a0fcffd74132590485a34bcf4,True,True
HSI,pinball_0p05,full,headline,range,garch11,0.0016062195879118768,0.19270000000000001,6,4828,0,96,10000,694782931,82e19a364545369c01b7e34bec7809ac4f99d88a0fcffd74132590485a34bcf4,True,False
HSI,pinball_0p05,full,headline,range,garch11_t,0.0016010000931732623,0.2223,7,4828,0,96,10000,694782931,82e19a364545369c01b7e34bec7809ac4f99d88a0fcffd74132590485a34bcf4,True,False
HSI,pinball_0p05,full,headline,range,gjr,0.0015804819269327136,0.83109999999999995,10,4828,0,96,10000,694782931,82e19a364545369c01b7e34bec7809ac4f99d88a0fcffd74132590485a34bcf4,True,True
HSI,pinball_0p05,full,headline,range,har,0.0015682074701652577,0.96309999999999996,12,4828,0,96,10000,694782931,82e19a364545369c01b7e34bec7809ac4f99d88a0fcffd74132590485a34bcf4,True,True
HSI,pinball_0p05,full,headline,range,lgbm,0.0016160276226733739,0.1162,3,4828,0,96,10000,694782931,82e19a364545369c01b7e34bec7809ac4f99d88a0fcffd74132590485a34bcf4,True,False
HSI,pinball_0p05,full,headline,range,moirai,0.0015792002504393203,0.82230000000000003,9,4828,0,96,10000,694782931,82e19a364545369c01b7e34bec7809ac4f99d88a0fcffd74132590485a34bcf4,True,True
HSI,pinball_0p05,full,headline,range,naive,0.0017867856487246364,0.0025999999999999999,2,4828,0,96,10000,694782931,82e19a364545369c01b7e34bec7809ac4f99d88a0fcffd74132590485a34bcf4,False,False
HSI,pinball_0p05,full,headline,range,patchtst,0.0016913162891514892,0.00020000000000000001,1,4828,0,96,10000,694782931,82e19a364545369c01b7e34bec7809ac4f99d88a0fcffd74132590485a34bcf4,False,False
HSI,pinball_0p05,full,headline,range,timesfm,0.0015968110585689473,0.1883,5,4828,0,96,10000,694782931,82e19a364545369c01b7e34bec7809ac4f99d88a0fcffd74132590485a34bcf4,True,False
HSI,pinball_0p05,full,headline,semi_quadratic,autoarima,0.0015678292186233117,1,13,4828,0,96,10000,883731480,1d6c5d324b7da93392e2f11c268842d5dacf20179470758c3b89757b9dc459d3,True,True
HSI,pinball_0p05,full,headline,semi_quadratic,autoets,0.0015697840454738559,0.93430000000000002,11,4828,0,96,10000,883731480,1d6c5d324b7da93392e2f11c268842d5dacf20179470758c3b89757b9dc459d3,True,True
HSI,pinball_0p05,full,headline,semi_quadratic,chronos,0.0015920994672019887,0.082400000000000001,4,4828,0,96,10000,883731480,1d6c5d324b7da93392e2f11c268842d5dacf20179470758c3b89757b9dc459d3,False,False
HSI,pinball_0p05,full,headline,semi_quadratic,ewma,0.0015904934736883632,0.44180000000000003,8,4828,0,96,10000,883731480,1d6c5d324b7da93392e2f11c268842d5dacf20179470758c3b89757b9dc459d3,True,True
HSI,pinball_0p05,full,headline,semi_quadratic,garch11,0.0016062195879118768,0.094700000000000006,6,4828,0,96,10000,883731480,1d6c5d324b7da93392e2f11c268842d5dacf20179470758c3b89757b9dc459d3,False,False
HSI,pinball_0p05,full,headline,semi_quadratic,garch11_t,0.0016010000931732623,0.18110000000000001,7,4828,0,96,10000,883731480,1d6c5d324b7da93392e2f11c268842d5dacf20179470758c3b89757b9dc459d3,True,False
HSI,pinball_0p05,full,headline,semi_quadratic,gjr,0.0015804819269327136,0.78939999999999999,10,4828,0,96,10000,883731480,1d6c5d324b7da93392e2f11c268842d5dacf20179470758c3b89757b9dc459d3,True,True
HSI,pinball_0p05,full,headline,semi_quadratic,har,0.0015682074701652577,0.96160000000000001,12,4828,0,96,10000,883731480,1d6c5d324b7da93392e2f11c268842d5dacf20179470758c3b89757b9dc459d3,True,True
HSI,pinball_0p05,full,headline,semi_quadratic,lgbm,0.0016160276226733739,0.059400000000000001,3,4828,0,96,10000,883731480,1d6c5d324b7da93392e2f11c268842d5dacf20179470758c3b89757b9dc459d3,False,False
HSI,pinball_0p05,full,headline,semi_quadratic,moirai,0.0015792002504393203,0.74760000000000004,9,4828,0,96,10000,883731480,1d6c5d324b7da93392e2f11c268842d5dacf20179470758c3b89757b9dc459d3,True,True
HSI,pinball_0p05,full,headline,semi_quadratic,naive,0.0017867856487246364,0.0071999999999999998,2,4828,0,96,10000,883731480,1d6c5d324b7da93392e2f11c268842d5dacf20179470758c3b89757b9dc459d3,False,False
HSI,pinball_0p05,full,headline,semi_quadratic,patchtst,0.0016913162891514892,0.0033,1,4828,0,96,10000,883731480,1d6c5d324b7da93392e2f11c268842d5dacf20179470758c3b89757b9dc459d3,False,False
HSI,pinball_0p05,full,headline,semi_quadratic,timesfm,0.0015968110585689473,0.085400000000000004,5,4828,0,96,10000,883731480,1d6c5d324b7da93392e2f11c268842d5dacf20179470758c3b89757b9dc459d3,False,False
HSI,pinball_0p05,full,drop_gjr,range,autoarima,0.0015678292186233117,1,12,4828,0,96,10000,1740273355,a082105ee26ceca2f51cdd54c293d7e16a1ab03051b96c390650aa1b5010ec96,True,True
HSI,pinball_0p05,full,drop_gjr,range,autoets,0.0015697840454738559,0.90400000000000003,10,4828,0,96,10000,1740273355,a082105ee26ceca2f51cdd54c293d7e16a1ab03051b96c390650aa1b5010ec96,True,True
HSI,pinball_0p05,full,drop_gjr,range,chronos,0.0015920994672019887,0.15709999999999999,4,4828,0,96,10000,1740273355,a082105ee26ceca2f51cdd54c293d7e16a1ab03051b96c390650aa1b5010ec96,True,False
HSI,pinball_0p05,full,drop_gjr,range,ewma,0.0015904934736883632,0.31690000000000002,8,4828,0,96,10000,1740273355,a082105ee26ceca2f51cdd54c293d7e16a1ab03051b96c390650aa1b5010ec96,True,True
HSI,pinball_0p05,full,drop_gjr,range,garch11,0.0016062195879118768,0.16250000000000001,6,4828,0,96,10000,1740273355,a082105ee26ceca2f51cdd54c293d7e16a1ab03051b96c390650aa1b5010ec96,True,False
HSI,pinball_0p05,full,drop_gjr,range,garch11_t,0.0016010000931732623,0.18640000000000001,7,4828,0,96,10000,1740273355,a082105ee26ceca2f51cdd54c293d7e16a1ab03051b96c390650aa1b5010ec96,True,False
HSI,pinball_0p05,full,drop_gjr,range,har,0.0015682074701652577,0.96409999999999996,11,4828,0,96,10000,1740273355,a082105ee26ceca2f51cdd54c293d7e16a1ab03051b96c390650aa1b5010ec96,True,True
HSI,pinball_0p05,full,drop_gjr,range,lgbm,0.0016160276226733739,0.094299999999999995,3,4828,0,96,10000,1740273355,a082105ee26ceca2f51cdd54c293d7e16a1ab03051b96c390650aa1b5010ec96,False,False
HSI,pinball_0p05,full,drop_gjr,range,moirai,0.0015792002504393203,0.7349,9,4828,0,96,10000,1740273355,a082105ee26ceca2f51cdd54c293d7e16a1ab03051b96c390650aa1b5010ec96,True,True
HSI,pinball_0p05,full,drop_gjr,range,naive,0.0017867856487246364,0.0023999999999999998,2,4828,0,96,10000,1740273355,a082105ee26ceca2f51cdd54c293d7e16a1ab03051b96c390650aa1b5010ec96,False,False
HSI,pinball_0p05,full,drop_gjr,range,patchtst,0.0016913162891514892,0.0001,1,4828,0,96,10000,1740273355,a082105ee26ceca2f51cdd54c293d7e16a1ab03051b96c390650aa1b5010ec96,False,False
HSI,pinball_0p05,full,drop_gjr,range,timesfm,0.0015968110585689473,0.15709999999999999,5,4828,0,96,10000,1740273355,a082105ee26ceca2f51cdd54c293d7e16a1ab03051b96c390650aa1b5010ec96,True,False
HSI,pinball_0p05,full,drop_gjr,semi_quadratic,autoarima,0.0015678292186233117,1,12,4828,0,96,10000,1513141040,63b477432109bd962b26be2d5bd455283ed75f440a0f857b5e51ad77dad5b92d,True,True
HSI,pinball_0p05,full,drop_gjr,semi_quadratic,autoets,0.0015697840454738559,0.93100000000000005,10,4828,0,96,10000,1513141040,63b477432109bd962b26be2d5bd455283ed75f440a0f857b5e51ad77dad5b92d,True,True
HSI,pinball_0p05,full,drop_gjr,semi_quadratic,chronos,0.0015920994672019887,0.067199999999999996,4,4828,0,96,10000,1513141040,63b477432109bd962b26be2d5bd455283ed75f440a0f857b5e51ad77dad5b92d,False,False
HSI,pinball_0p05,full,drop_gjr,semi_quadratic,ewma,0.0015904934736883632,0.31719999999999998,8,4828,0,96,10000,1513141040,63b477432109bd962b26be2d5bd455283ed75f440a0f857b5e51ad77dad5b92d,True,True
HSI,pinball_0p05,full,drop_gjr,semi_quadratic,garch11,0.0016062195879118768,0.078100000000000003,6,4828,0,96,10000,1513141040,63b477432109bd962b26be2d5bd455283ed75f440a0f857b5e51ad77dad5b92d,False,False
HSI,pinball_0p05,full,drop_gjr,semi_quadratic,garch11_t,0.0016010000931732623,0.13120000000000001,7,4828,0,96,10000,1513141040,63b477432109bd962b26be2d5bd455283ed75f440a0f857b5e51ad77dad5b92d,True,False
HSI,pinball_0p05,full,drop_gjr,semi_quadratic,har,0.0015682074701652577,0.96050000000000002,11,4828,0,96,10000,1513141040,63b477432109bd962b26be2d5bd455283ed75f440a0f857b5e51ad77dad5b92d,True,True
HSI,pinball_0p05,full,drop_gjr,semi_quadratic,lgbm,0.0016160276226733739,0.043099999999999999,3,4828,0,96,10000,1513141040,63b477432109bd962b26be2d5bd455283ed75f440a0f857b5e51ad77dad5b92d,False,False
HSI,pinball_0p05,full,drop_gjr,semi_quadratic,moirai,0.0015792002504393203,0.71150000000000002,9,4828,0,96,10000,1513141040,63b477432109bd962b26be2d5bd455283ed75f440a0f857b5e51ad77dad5b92d,True,True
HSI,pinball_0p05,full,drop_gjr,semi_quadratic,naive,0.0017867856487246364,0.0035999999999999999,2,4828,0,96,10000,1513141040,63b477432109bd962b26be2d5bd455283ed75f440a0f857b5e51ad77dad5b92d,False,False
HSI,pinball_0p05,full,drop_gjr,semi_quadratic,patchtst,0.0016913162891514892,0.0014,1,4828,0,96,10000,1513141040,63b477432109bd962b26be2d5bd455283ed75f440a0f857b5e51ad77dad5b92d,False,False
HSI,pinball_0p05,full,drop_gjr,semi_quadratic,timesfm,0.0015968110585689473,0.069199999999999998,5,4828,0,96,10000,1513141040,63b477432109bd962b26be2d5bd455283ed75f440a0f857b5e51ad77dad5b92d,False,False
HSI,pinball_avg,full,headline,range,autoarima,0.00099931888079595257,1,13,4828,0,80,10000,1770590653,a4c76a22f9a534b53780202bd2d44fdb5edeb36d3ab28a2e880fe7c3ffdbaecc,True,True
HSI,pinball_avg,full,headline,range,autoets,0.0010001408347100138,0.9264,12,4828,0,80,10000,1770590653,a4c76a22f9a534b53780202bd2d44fdb5edeb36d3ab28a2e880fe7c3ffdbaecc,True,True
HSI,pinball_avg,full,headline,range,chronos,0.0010216582523144004,0.30449999999999999,6,4828,0,80,10000,1770590653,a4c76a22f9a534b53780202bd2d44fdb5edeb36d3ab28a2e880fe7c3ffdbaecc,True,True
HSI,pinball_avg,full,headline,range,ewma,0.0010138777590223977,0.70779999999999998,8,4828,0,80,10000,1770590653,a4c76a22f9a534b53780202bd2d44fdb5edeb36d3ab28a2e880fe7c3ffdbaecc,True,True
HSI,pinball_avg,full,headline,range,garch11,0.0010305018360187469,0.1129,3,4828,0,80,10000,1770590653,a4c76a22f9a534b53780202bd2d44fdb5edeb36d3ab28a2e880fe7c3ffdbaecc,True,False
HSI,pinball_avg,full,headline,range,garch11_t,0.0010213634813847239,0.54220000000000002,7,4828,0,80,10000,1770590653,a4c76a22f9a534b53780202bd2d44fdb5edeb36d3ab28a2e880fe7c3ffdbaecc,True,True
HSI,pinball_avg,full,headline,range,gjr,0.0010077388073907224,0.9264,10,4828,0,80,10000,1770590653,a4c76a22f9a534b53780202bd2d44fdb5edeb36d3ab28a2e880fe7c3ffdbaecc,True,True
HSI,pinball_avg,full,headline,range,har,0.0010025973860190928,0.9264,11,4828,0,80,10000,1770590653,a4c76a22f9a534b53780202bd2d44fdb5edeb36d3ab28a2e880fe7c3ffdbaecc,True,True
HSI,pinball_avg,full,headline,range,lgbm,0.0010336746830014174,0.30449999999999999,5,4828,0,80,10000,1770590653,a4c76a22f9a534b53780202bd2d44fdb5edeb36d3ab28a2e880fe7c3ffdbaecc,True,True
HSI,pinball_avg,full,headline,range,moirai,0.0010126412219693495,0.70779999999999998,9,4828,0,80,10000,1770590653,a4c76a22f9a534b53780202bd2d44fdb5edeb36d3ab28a2e880fe7c3ffdbaecc,True,True
HSI,pinball_avg,full,headline,range,naive,0.0011802467122171312,0.0070000000000000001,2,4828,0,80,10000,1770590653,a4c76a22f9a534b53780202bd2d44fdb5edeb36d3ab28a2e880fe7c3ffdbaecc,False,False
HSI,pinball_avg,full,headline,range,patchtst,0.0011116486981859047,0.0012999999999999999,1,4828,0,80,10000,1770590653,a4c76a22f9a534b53780202bd2d44fdb5edeb36d3ab28a2e880fe7c3ffdbaecc,False,False
HSI,pinball_avg,full,headline,range,timesfm,0.0010249760493362622,0.27389999999999998,4,4828,0,80,10000,1770590653,a4c76a22f9a534b53780202bd2d44fdb5edeb36d3ab28a2e880fe7c3ffdbaecc,True,True
HSI,pinball_avg,full,headline,semi_quadratic,autoarima,0.00099931888079595257,1,13,4828,0,80,10000,42632798,67acd0401dbfa6279f44e0d2256e3a1ec89732948ca0cd3b452140c1ae4b7efd,True,True
HSI,pinball_avg,full,headline,semi_quadratic,autoets,0.0010001408347100138,0.88260000000000005,12,4828,0,80,10000,42632798,67acd0401dbfa6279f44e0d2256e3a1ec89732948ca0cd3b452140c1ae4b7efd,True,True
HSI,pinball_avg,full,headline,semi_quadratic,chronos,0.0010216582523144004,0.26679999999999998,6,4828,0,80,10000,42632798,67acd0401dbfa6279f44e0d2256e3a1ec89732948ca0cd3b452140c1ae4b7efd,True,True
HSI,pinball_avg,full,headline,semi_quadratic,ewma,0.0010138777590223977,0.61180000000000001,8,4828,0,80,10000,42632798,67acd0401dbfa6279f44e0d2256e3a1ec89732948ca0cd3b452140c1ae4b7efd,True,True
HSI,pinball_avg,full,headline,semi_quadratic,garch11,0.0010305018360187469,0.1081,3,4828,0,80,10000,42632798,67acd0401dbfa6279f44e0d2256e3a1ec89732948ca0cd3b452140c1ae4b7efd,True,False
HSI,pinball_avg,full,headline,semi_quadratic,garch11_t,0.0010213634813847239,0.43480000000000002,7,4828,0,80,10000,42632798,67acd0401dbfa6279f44e0d2256e3a1ec89732948ca0cd3b452140c1ae4b7efd,True,True
HSI,pinball_avg,full,headline,semi_quadratic,gjr,0.0010077388073907224,0.88260000000000005,10,4828,0,80,10000,42632798,67acd0401dbfa6279f44e0d2256e3a1ec89732948ca0cd3b452140c1ae4b7efd,True,True
HSI,pinball_avg,full,headline,semi_quadratic,har,0.0010025973860190928,0.88260000000000005,11,4828,0,80,10000,42632798,67acd0401dbfa6279f44e0d2256e3a1ec89732948ca0cd3b452140c1ae4b7efd,True,True
HSI,pinball_avg,full,headline,semi_quadratic,lgbm,0.0010336746830014174,0.1772,5,4828,0,80,10000,42632798,67acd0401dbfa6279f44e0d2256e3a1ec89732948ca0cd3b452140c1ae4b7efd,True,False
HSI,pinball_avg,full,headline,semi_quadratic,moirai,0.0010126412219693495,0.68630000000000002,9,4828,0,80,10000,42632798,67acd0401dbfa6279f44e0d2256e3a1ec89732948ca0cd3b452140c1ae4b7efd,True,True
HSI,pinball_avg,full,headline,semi_quadratic,naive,0.0011802467122171312,0.012200000000000001,2,4828,0,80,10000,42632798,67acd0401dbfa6279f44e0d2256e3a1ec89732948ca0cd3b452140c1ae4b7efd,False,False
HSI,pinball_avg,full,headline,semi_quadratic,patchtst,0.0011116486981859047,0.0047999999999999996,1,4828,0,80,10000,42632798,67acd0401dbfa6279f44e0d2256e3a1ec89732948ca0cd3b452140c1ae4b7efd,False,False
HSI,pinball_avg,full,headline,semi_quadratic,timesfm,0.0010249760493362622,0.1434,4,4828,0,80,10000,42632798,67acd0401dbfa6279f44e0d2256e3a1ec89732948ca0cd3b452140c1ae4b7efd,True,False
HSI,pinball_avg,full,drop_gjr,range,autoarima,0.00099931888079595257,1,12,4828,0,80,10000,2001167302,6e4530a2c3292efa062f9d45d1808266f827f83bea075076ce40884ab7bcfb95,True,True
HSI,pinball_avg,full,drop_gjr,range,autoets,0.0010001408347100138,0.84870000000000001,11,4828,0,80,10000,2001167302,6e4530a2c3292efa062f9d45d1808266f827f83bea075076ce40884ab7bcfb95,True,True
HSI,pinball_avg,full,drop_gjr,range,chronos,0.0010216582523144004,0.25929999999999997,6,4828,0,80,10000,2001167302,6e4530a2c3292efa062f9d45d1808266f827f83bea075076ce40884ab7bcfb95,True,True
HSI,pinball_avg,full,drop_gjr,range,ewma,0.0010138777590223977,0.62870000000000004,8,4828,0,80,10000,2001167302,6e4530a2c3292efa062f9d45d1808266f827f83bea075076ce40884ab7bcfb95,True,True
HSI,pinball_avg,full,drop_gjr,range,garch11,0.0010305018360187469,0.096000000000000002,3,4828,0,80,10000,2001167302,6e4530a2c3292efa062f9d45d1808266f827f83bea075076ce40884ab7bcfb95,False,False
HSI,pinball_avg,full,drop_gjr,range,garch11_t,0.0010213634813847239,0.47899999999999998,7,4828,0,80,10000,2001167302,6e4530a2c3292efa062f9d45d1808266f827f83bea075076ce40884ab7bcfb95,True,True
HSI,pinball_avg,full,drop_gjr,range,har,0.0010025973860190928,0.84870000000000001,10,4828,0,80,10000,2001167302,6e4530a2c3292efa062f9d45d1808266f827f83bea075076ce40884ab7bcfb95,True,True
HSI,pinball_avg,full,drop_gjr,range,lgbm,0.0010336746830014174,0.25929999999999997,5,4828,0,80,10000,2001167302,6e4530a2c3292efa062f9d45d1808266f827f83bea075076ce40884ab7bcfb95,True,True
HSI,pinball_avg,full,drop_gjr,range,moirai,0.0010126412219693495,0.62870000000000004,9,4828,0,80,10000,2001167302,6e4530a2c3292efa062f9d45d1808266f827f83bea075076ce40884ab7bcfb95,True,True
HSI,pinball_avg,full,drop_gjr,range,naive,0.0011802467122171312,0.0050000000000000001,2,4828,0,80,10000,2001167302,6e4530a2c3292efa062f9d45d1808266f827f83bea075076ce40884ab7bcfb95,False,False
HSI,pinball_avg,full,drop_gjr,range,patchtst,0.0011116486981859047,0.0011999999999999999,1,4828,0,80,10000,2001167302,6e4530a2c3292efa062f9d45d1808266f827f83bea075076ce40884ab7bcfb95,False,False
HSI,pinball_avg,full,drop_gjr,range,timesfm,0.0010249760493362622,0.25,4,4828,0,80,10000,2001167302,6e4530a2c3292efa062f9d45d1808266f827f83bea075076ce40884ab7bcfb95,True,True
HSI,pinball_avg,full,drop_gjr,semi_quadratic,autoarima,0.00099931888079595257,1,12,4828,0,80,10000,1670750847,644aaaf14171476c4774c73a0f295129a8ac761da69212cfdc85434930b4cd24,True,True
HSI,pinball_avg,full,drop_gjr,semi_quadratic,autoets,0.0010001408347100138,0.85389999999999999,11,4828,0,80,10000,1670750847,644aaaf14171476c4774c73a0f295129a8ac761da69212cfdc85434930b4cd24,True,True
HSI,pinball_avg,full,drop_gjr,semi_quadratic,chronos,0.0010216582523144004,0.18890000000000001,6,4828,0,80,10000,1670750847,644aaaf14171476c4774c73a0f295129a8ac761da69212cfdc85434930b4cd24,True,False
HSI,pinball_avg,full,drop_gjr,semi_quadratic,ewma,0.0010138777590223977,0.44230000000000003,8,4828,0,80,10000,1670750847,644aaaf14171476c4774c73a0f295129a8ac761da69212cfdc85434930b4cd24,True,True
HSI,pinball_avg,full,drop_gjr,semi_quadratic,garch11,0.0010305018360187469,0.086400000000000005,3,4828,0,80,10000,1670750847,644aaaf14171476c4774c73a0f295129a8ac761da69212cfdc85434930b4cd24,False,False
HSI,pinball_avg,full,drop_gjr,semi_quadratic,garch11_t,0.0010213634813847239,0.34599999999999997,7,4828,0,80,10000,1670750847,644aaaf14171476c4774c73a0f295129a8ac761da69212cfdc85434930b4cd24,True,True
HSI,pinball_avg,full,drop_gjr,semi_quadratic,har,0.0010025973860190928,0.85389999999999999,10,4828,0,80,10000,1670750847,644aaaf14171476c4774c73a0f295129a8ac761da69212cfdc85434930b4cd24,True,True
HSI,pinball_avg,full,drop_gjr,semi_quadratic,lgbm,0.0010336746830014174,0.1318,5,4828,0,80,10000,1670750847,644aaaf14171476c4774c73a0f295129a8ac761da69212cfdc85434930b4cd24,True,False
HSI,pinball_avg,full,drop_gjr,semi_quadratic,moirai,0.0010126412219693495,0.49980000000000002,9,4828,0,80,10000,1670750847,644aaaf14171476c4774c73a0f295129a8ac761da69212cfdc85434930b4cd24,True,True
HSI,pinball_avg,full,drop_gjr,semi_quadratic,naive,0.0011802467122171312,0.0089999999999999993,2,4828,0,80,10000,1670750847,644aaaf14171476c4774c73a0f295129a8ac761da69212cfdc85434930b4cd24,False,False
HSI,pinball_avg,full,drop_gjr,semi_quadratic,patchtst,0.0011116486981859047,0.0041000000000000003,1,4828,0,80,10000,1670750847,644aaaf14171476c4774c73a0f295129a8ac761da69212cfdc85434930b4cd24,False,False
HSI,pinball_avg,full,drop_gjr,semi_quadratic,timesfm,0.0010249760493362622,0.1066,4,4828,0,80,10000,1670750847,644aaaf14171476c4774c73a0f295129a8ac761da69212cfdc85434930b4cd24,True,False
HSI,qlike,full,headline,range,autoarima,0.42603661865788001,0.22450000000000001,10,4815,13,82,10000,215257856,e0f0a3da133a2a125ff9a2593b99e7e0e68adeb926d074fbe80d18348657f330,True,False
HSI,qlike,full,headline,range,autoets,0.42762040353810832,0.22450000000000001,11,4815,13,82,10000,215257856,e0f0a3da133a2a125ff9a2593b99e7e0e68adeb926d074fbe80d18348657f330,True,False
HSI,qlike,full,headline,range,chronos,0.42676702499940478,0.0043,5,4815,13,82,10000,215257856,e0f0a3da133a2a125ff9a2593b99e7e0e68adeb926d074fbe80d18348657f330,False,False
HSI,qlike,full,headline,range,ewma,0.42970650474290406,0.22450000000000001,12,4815,13,82,10000,215257856,e0f0a3da133a2a125ff9a2593b99e7e0e68adeb926d074fbe80d18348657f330,True,False
HSI,qlike,full,headline,range,garch11,0.47132833291044079,0.048500000000000001,6,4815,13,82,10000,215257856,e0f0a3da133a2a125ff9a2593b99e7e0e68adeb926d074fbe80d18348657f330,False,False
HSI,qlike,full,headline,range,garch11_t,0.47050407290609736,0.049399999999999999,7,4815,13,82,10000,215257856,e0f0a3da133a2a125ff9a2593b99e7e0e68adeb926d074fbe80d18348657f330,False,False
HSI,qlike,full,headline,range,gjr,0.46245952311964705,0.1595,8,4815,13,82,10000,215257856,e0f0a3da133a2a125ff9a2593b99e7e0e68adeb926d074fbe80d18348657f330,True,False
HSI,qlike,full,headline,range,har,0.42514785734759847,0.22450000000000001,9,4815,13,82,10000,215257856,e0f0a3da133a2a125ff9a2593b99e7e0e68adeb926d074fbe80d18348657f330,True,False
HSI,qlike,full,headline,range,lgbm,0.50917948022938442,0.00020000000000000001,2,4815,13,82,10000,215257856,e0f0a3da133a2a125ff9a2593b99e7e0e68adeb926d074fbe80d18348657f330,False,False
HSI,qlike,full,headline,range,moirai,0.41505983197064716,1,13,4815,13,82,10000,215257856,e0f0a3da133a2a125ff9a2593b99e7e0e68adeb926d074fbe80d18348657f330,True,True
HSI,qlike,full,headline,range,naive,0.69267075000977685,0.0001,1,4815,13,82,10000,215257856,e0f0a3da133a2a125ff9a2593b99e7e0e68adeb926d074fbe80d18348657f330,False,False
HSI,qlike,full,headline,range,patchtst,0.61064502942921917,0.00080000000000000004,3,4815,13,82,10000,215257856,e0f0a3da133a2a125ff9a2593b99e7e0e68adeb926d074fbe80d18348657f330,False,False
HSI,qlike,full,headline,range,timesfm,0.43507103628316079,0.0012999999999999999,4,4815,13,82,10000,215257856,e0f0a3da133a2a125ff9a2593b99e7e0e68adeb926d074fbe80d18348657f330,False,False
HSI,qlike,full,headline,semi_quadratic,autoarima,0.42603661865788001,0.18759999999999999,10,4815,13,82,10000,1040431817,3e58368bad936c94d4cb41c81d24cc666edffa8a587e40058fec6f809bd97294,True,False
HSI,qlike,full,headline,semi_quadratic,autoets,0.42762040353810832,0.18759999999999999,11,4815,13,82,10000,1040431817,3e58368bad936c94d4cb41c81d24cc666edffa8a587e40058fec6f809bd97294,True,False
HSI,qlike,full,headline,semi_quadratic,chronos,0.42676702499940478,0.0149,5,4815,13,82,10000,1040431817,3e58368bad936c94d4cb41c81d24cc666edffa8a587e40058fec6f809bd97294,False,False
HSI,qlike,full,headline,semi_quadratic,ewma,0.42970650474290406,0.18759999999999999,12,4815,13,82,10000,1040431817,3e58368bad936c94d4cb41c81d24cc666edffa8a587e40058fec6f809bd97294,True,False
HSI,qlike,full,headline,semi_quadratic,garch11,0.47132833291044079,0.0149,6,4815,13,82,10000,1040431817,3e58368bad936c94d4cb41c81d24cc666edffa8a587e40058fec6f809bd97294,False,False
HSI,qlike,full,headline,semi_quadratic,garch11_t,0.47050407290609736,0.0189,7,4815,13,82,10000,1040431817,3e58368bad936c94d4cb41c81d24cc666edffa8a587e40058fec6f809bd97294,False,False
HSI,qlike,full,headline,semi_quadratic,gjr,0.46245952311964705,0.0608,8,4815,13,82,10000,1040431817,3e58368bad936c94d4cb41c81d24cc666edffa8a587e40058fec6f809bd97294,False,False
HSI,qlike,full,headline,semi_quadratic,har,0.42514785734759847,0.18759999999999999,9,4815,13,82,10000,1040431817,3e58368bad936c94d4cb41c81d24cc666edffa8a587e40058fec6f809bd97294,True,False
HSI,qlike,full,headline,semi_quadratic,lgbm,0.50917948022938442,0.00020000000000000001,2,4815,13,82,10000,1040431817,3e58368bad936c94d4cb41c81d24cc666edffa8a587e40058fec6f809bd97294,False,False
HSI,qlike,full,headline,semi_quadratic,moirai,0.41505983197064716,1,13,4815,13,82,10000,1040431817,3e58368bad936c94d4cb41c81d24cc666edffa8a587e40058fec6f809bd97294,True,True
HSI,qlike,full,headline,semi_quadratic,naive,0.69267075000977685,0,1,4815,13,82,10000,1040431817,3e58368bad936c94d4cb41c81d24cc666edffa8a587e40058fec6f809bd97294,False,False
HSI,qlike,full,headline,semi_quadratic,patchtst,0.61064502942921917,0.00089999999999999998,3,4815,13,82,10000,1040431817,3e58368bad936c94d4cb41c81d24cc666edffa8a587e40058fec6f809bd97294,False,False
HSI,qlike,full,headline,semi_quadratic,timesfm,0.43507103628316079,0.013299999999999999,4,4815,13,82,10000,1040431817,3e58368bad936c94d4cb41c81d24cc666edffa8a587e40058fec6f809bd97294,False,False
HSI,qlike,full,drop_gjr,range,autoarima,0.42603661865788001,0.23130000000000001,9,4815,13,82,10000,539607192,16c74ff78c3d9eec919ac08b7fbb25d1415c16c3c90fd7516be60a9618ccf700,True,False
HSI,qlike,full,drop_gjr,range,autoets,0.42762040353810832,0.23130000000000001,10,4815,13,82,10000,539607192,16c74ff78c3d9eec919ac08b7fbb25d1415c16c3c90fd7516be60a9618ccf700,True,False
HSI,qlike,full,drop_gjr,range,chronos,0.42676702499940478,0.0041999999999999997,5,4815,13,82,10000,539607192,16c74ff78c3d9eec919ac08b7fbb25d1415c16c3c90fd7516be60a9618ccf700,False,False
HSI,qlike,full,drop_gjr,range,ewma,0.42970650474290406,0.23130000000000001,11,4815,13,82,10000,539607192,16c74ff78c3d9eec919ac08b7fbb25d1415c16c3c90fd7516be60a9618ccf700,True,False
HSI,qlike,full,drop_gjr,range,garch11,0.47132833291044079,0.040899999999999999,6,4815,13,82,10000,539607192,16c74ff78c3d9eec919ac08b7fbb25d1415c16c3c90fd7516be60a9618ccf700,False,False
HSI,qlike,full,drop_gjr,range,garch11_t,0.47050407290609736,0.041700000000000001,7,4815,13,82,10000,539607192,16c74ff78c3d9eec919ac08b7fbb25d1415c16c3c90fd7516be60a9618ccf700,False,False
HSI,qlike,full,drop_gjr,range,har,0.42514785734759847,0.23130000000000001,8,4815,13,82,10000,539607192,16c74ff78c3d9eec919ac08b7fbb25d1415c16c3c90fd7516be60a9618ccf700,True,False
HSI,qlike,full,drop_gjr,range,lgbm,0.50917948022938442,0,2,4815,13,82,10000,539607192,16c74ff78c3d9eec919ac08b7fbb25d1415c16c3c90fd7516be60a9618ccf700,False,False
HSI,qlike,full,drop_gjr,range,moirai,0.41505983197064716,1,12,4815,13,82,10000,539607192,16c74ff78c3d9eec919ac08b7fbb25d1415c16c3c90fd7516be60a9618ccf700,True,True
HSI,qlike,full,drop_gjr,range,naive,0.69267075000977685,0,1,4815,13,82,10000,539607192,16c74ff78c3d9eec919ac08b7fbb25d1415c16c3c90fd7516be60a9618ccf700,False,False
HSI,qlike,full,drop_gjr,range,patchtst,0.61064502942921917,0.00080000000000000004,3,4815,13,82,10000,539607192,16c74ff78c3d9eec919ac08b7fbb25d1415c16c3c90fd7516be60a9618ccf700,False,False
HSI,qlike,full,drop_gjr,range,timesfm,0.43507103628316079,0.0014,4,4815,13,82,10000,539607192,16c74ff78c3d9eec919ac08b7fbb25d1415c16c3c90fd7516be60a9618ccf700,False,False
HSI,qlike,full,drop_gjr,semi_quadratic,autoarima,0.42603661865788001,0.184,9,4815,13,82,10000,1985149923,4ebe74e622e140179883a006f605cfff7470e9de4f67cef75b68967fddffd3a8,True,False
HSI,qlike,full,drop_gjr,semi_quadratic,autoets,0.42762040353810832,0.184,10,4815,13,82,10000,1985149923,4ebe74e622e140179883a006f605cfff7470e9de4f67cef75b68967fddffd3a8,True,False
HSI,qlike,full,drop_gjr,semi_quadratic,chronos,0.42676702499940478,0.0129,5,4815,13,82,10000,1985149923,4ebe74e622e140179883a006f605cfff7470e9de4f67cef75b68967fddffd3a8,False,False
HSI,qlike,full,drop_gjr,semi_quadratic,ewma,0.42970650474290406,0.184,11,4815,13,82,10000,1985149923,4ebe74e622e140179883a006f605cfff7470e9de4f67cef75b68967fddffd3a8,True,False
HSI,qlike,full,drop_gjr,semi_quadratic,garch11,0.47132833291044079,0.0129,6,4815,13,82,10000,1985149923,4ebe74e622e140179883a006f605cfff7470e9de4f67cef75b68967fddffd3a8,False,False
HSI,qlike,full,drop_gjr,semi_quadratic,garch11_t,0.47050407290609736,0.0184,7,4815,13,82,10000,1985149923,4ebe74e622e140179883a006f605cfff7470e9de4f67cef75b68967fddffd3a8,False,False
HSI,qlike,full,drop_gjr,semi_quadratic,har,0.42514785734759847,0.184,8,4815,13,82,10000,1985149923,4ebe74e622e140179883a006f605cfff7470e9de4f67cef75b68967fddffd3a8,True,False
HSI,qlike,full,drop_gjr,semi_quadratic,lgbm,0.50917948022938442,0.00040000000000000002,2,4815,13,82,10000,1985149923,4ebe74e622e140179883a006f605cfff7470e9de4f67cef75b68967fddffd3a8,False,False
HSI,qlike,full,drop_gjr,semi_quadratic,moirai,0.41505983197064716,1,12,4815,13,82,10000,1985149923,4ebe74e622e140179883a006f605cfff7470e9de4f67cef75b68967fddffd3a8,True,True
HSI,qlike,full,drop_gjr,semi_quadratic,naive,0.69267075000977685,0.0001,1,4815,13,82,10000,1985149923,4ebe74e622e140179883a006f605cfff7470e9de4f67cef75b68967fddffd3a8,False,False
HSI,qlike,full,drop_gjr,semi_quadratic,patchtst,0.61064502942921917,0.001,3,4815,13,82,10000,1985149923,4ebe74e622e140179883a006f605cfff7470e9de4f67cef75b68967fddffd3a8,False,False
HSI,qlike,full,drop_gjr,semi_quadratic,timesfm,0.43507103628316079,0.0103,4,4815,13,82,10000,1985149923,4ebe74e622e140179883a006f605cfff7470e9de4f67cef75b68967fddffd3a8,False,False
HSI,fz0_0p01,full,headline,range,autoarima,-3.0129988113826598,0.996,12,4828,0,50,10000,289169218,12a72ed796600a0e324be039b0226945fdcb54205cc6b21aa47576f013a7060f,True,True
HSI,fz0_0p01,full,headline,range,autoets,-3.0120998924745961,0.996,11,4828,0,50,10000,289169218,12a72ed796600a0e324be039b0226945fdcb54205cc6b21aa47576f013a7060f,True,True
HSI,fz0_0p01,full,headline,range,chronos,-2.9543187163609264,0.32800000000000001,4,4828,0,50,10000,289169218,12a72ed796600a0e324be039b0226945fdcb54205cc6b21aa47576f013a7060f,True,True
HSI,fz0_0p01,full,headline,range,ewma,-3.0098094610631883,0.996,9,4828,0,50,10000,289169218,12a72ed796600a0e324be039b0226945fdcb54205cc6b21aa47576f013a7060f,True,True
HSI,fz0_0p01,full,headline,range,garch11,-2.945460340528459,0.066500000000000004,3,4828,0,50,10000,289169218,12a72ed796600a0e324be039b0226945fdcb54205cc6b21aa47576f013a7060f,False,False
HSI,fz0_0p01,full,headline,range,garch11_t,-3.0242938476278494,1,13,4828,0,50,10000,289169218,12a72ed796600a0e324be039b0226945fdcb54205cc6b21aa47576f013a7060f,True,True
HSI,fz0_0p01,full,headline,range,gjr,-2.9781738860316405,0.61150000000000004,8,4828,0,50,10000,289169218,12a72ed796600a0e324be039b0226945fdcb54205cc6b21aa47576f013a7060f,True,True
HSI,fz0_0p01,full,headline,range,har,-3.01143300395022,0.996,10,4828,0,50,10000,289169218,12a72ed796600a0e324be039b0226945fdcb54205cc6b21aa47576f013a7060f,True,True
HSI,fz0_0p01,full,headline,range,lgbm,-2.9508832419391307,0.61150000000000004,7,4828,0,50,10000,289169218,12a72ed796600a0e324be039b0226945fdcb54205cc6b21aa47576f013a7060f,True,True
HSI,fz0_0p01,full,headline,range,moirai,-2.9660125628767626,0.58879999999999999,6,4828,0,50,10000,289169218,12a72ed796600a0e324be039b0226945fdcb54205cc6b21aa47576f013a7060f,True,True
HSI,fz0_0p01,full,headline,range,naive,-2.6056114878162293,0.0146,1,4828,0,50,10000,289169218,12a72ed796600a0e324be039b0226945fdcb54205cc6b21aa47576f013a7060f,False,False
HSI,fz0_0p01,full,headline,range,patchtst,-2.6151612096850481,0.029000000000000001,2,4828,0,50,10000,289169218,12a72ed796600a0e324be039b0226945fdcb54205cc6b21aa47576f013a7060f,False,False
HSI,fz0_0p01,full,headline,range,timesfm,-2.9488657549145283,0.32800000000000001,5,4828,0,50,10000,289169218,12a72ed796600a0e324be039b0226945fdcb54205cc6b21aa47576f013a7060f,True,True
HSI,fz0_0p01,full,headline,semi_quadratic,autoarima,-3.0129988113826598,0.997,12,4828,0,50,10000,2133840293,15f121ac0ec2ad8194cc1c114d8181dedc6f20ed2025c36ee516f3288c8c23b8,True,True
HSI,fz0_0p01,full,headline,semi_quadratic,autoets,-3.0120998924745961,0.997,11,4828,0,50,10000,2133840293,15f121ac0ec2ad8194cc1c114d8181dedc6f20ed2025c36ee516f3288c8c23b8,True,True
HSI,fz0_0p01,full,headline,semi_quadratic,chronos,-2.9543187163609264,0.39860000000000001,5,4828,0,50,10000,2133840293,15f121ac0ec2ad8194cc1c114d8181dedc6f20ed2025c36ee516f3288c8c23b8,True,True
HSI,fz0_0p01,full,headline,semi_quadratic,ewma,-3.0098094610631883,0.997,9,4828,0,50,10000,2133840293,15f121ac0ec2ad8194cc1c114d8181dedc6f20ed2025c36ee516f3288c8c23b8,True,True
HSI,fz0_0p01,full,headline,semi_quadratic,garch11,-2.945460340528459,0.26319999999999999,3,4828,0,50,10000,2133840293,15f121ac0ec2ad8194cc1c114d8181dedc6f20ed2025c36ee516f3288c8c23b8,True,True
HSI,fz0_0p01,full,headline,semi_quadratic,garch11_t,-3.0242938476278494,1,13,4828,0,50,10000,2133840293,15f121ac0ec2ad8194cc1c114d8181dedc6f20ed2025c36ee516f3288c8c23b8,True,True
HSI,fz0_0p01,full,headline,semi_quadratic,gjr,-2.9781738860316405,0.85909999999999997,8,4828,0,50,10000,2133840293,15f121ac0ec2ad8194cc1c114d8181dedc6f20ed2025c36ee516f3288c8c23b8,True,True
HSI,fz0_0p01,full,headline,semi_quadratic,har,-3.01143300395022,0.997,10,4828,0,50,10000,2133840293,15f121ac0ec2ad8194cc1c114d8181dedc6f20ed2025c36ee516f3288c8c23b8,True,True
HSI,fz0_0p01,full,headline,semi_quadratic,lgbm,-2.9508832419391307,0.64939999999999998,7,4828,0,50,10000,2133840293,15f121ac0ec2ad8194cc1c114d8181dedc6f20ed2025c36ee516f3288c8c23b8,True,True
HSI,fz0_0p01,full,headline,semi_quadratic,moirai,-2.9660125628767626,0.54590000000000005,6,4828,0,50,10000,2133840293,15f121ac0ec2ad8194cc1c114d8181dedc6f20ed2025c36ee516f3288c8c23b8,True,True
HSI,fz0_0p01,full,headline,semi_quadratic,naive,-2.6056114878162293,0.0054000000000000003,1,4828,0,50,10000,2133840293,15f121ac0ec2ad8194cc1c114d8181dedc6f20ed2025c36ee516f3288c8c23b8,False,False
HSI,fz0_0p01,full,headline,semi_quadratic,patchtst,-2.6151612096850481,0.0327,2,4828,0,50,10000,2133840293,15f121ac0ec2ad8194cc1c114d8181dedc6f20ed2025c36ee516f3288c8c23b8,False,False
HSI,fz0_0p01,full,headline,semi_quadratic,timesfm,-2.9488657549145283,0.32919999999999999,4,4828,0,50,10000,2133840293,15f121ac0ec2ad8194cc1c114d8181dedc6f20ed2025c36ee516f3288c8c23b8,True,True
HSI,fz0_0p01,full,drop_gjr,range,autoarima,-3.0129988113826598,0.99670000000000003,11,4828,0,50,10000,331972076,8238c37ff8cc12ae157c1eda47c8aa135e606009ecd1cbfbba35fad6122f6099,True,True
HSI,fz0_0p01,full,drop_gjr,range,autoets,-3.0120998924745961,0.99670000000000003,10,4828,0,50,10000,331972076,8238c37ff8cc12ae157c1eda47c8aa135e606009ecd1cbfbba35fad6122f6099,True,True
HSI,fz0_0p01,full,drop_gjr,range,chronos,-2.9543187163609264,0.33169999999999999,4,4828,0,50,10000,331972076,8238c37ff8cc12ae157c1eda47c8aa135e606009ecd1cbfbba35fad6122f6099,True,True
HSI,fz0_0p01,full,drop_gjr,range,ewma,-3.0098094610631883,0.99670000000000003,8,4828,0,50,10000,331972076,8238c37ff8cc12ae157c1eda47c8aa135e606009ecd1cbfbba35fad6122f6099,True,True
HSI,fz0_0p01,full,drop_gjr,range,garch11,-2.945460340528459,0.050299999999999997,3,4828,0,50,10000,331972076,8238c37ff8cc12ae157c1eda47c8aa135e606009ecd1cbfbba35fad6122f6099,False,False
HSI,fz0_0p01,full,drop_gjr,range,garch11_t,-3.0242938476278494,1,12,4828,0,50,10000,331972076,8238c37ff8cc12ae157c1eda47c8aa135e606009ecd1cbfbba35fad6122f6099,True,True
HSI,fz0_0p01,full,drop_gjr,range,har,-3.01143300395022,0.99670000000000003,9,4828,0,50,10000,331972076,8238c37ff8cc12ae157c1eda47c8aa135e606009ecd1cbfbba35fad6122f6099,True,True
HSI,fz0_0p01,full,drop_gjr,range,lgbm,-2.9508832419391307,0.53649999999999998,7,4828,0,50,10000,331972076,8238c37ff8cc12ae157c1eda47c8aa135e606009ecd1cbfbba35fad6122f6099,True,True
HSI,fz0_0p01,full,drop_gjr,range,moirai,-2.9660125628767626,0.53649999999999998,6,4828,0,50,10000,331972076,8238c37ff8cc12ae157c1eda47c8aa135e606009ecd1cbfbba35fad6122f6099,True,True
HSI,fz0_0p01,full,drop_gjr,range,naive,-2.6056114878162293,0.0097000000000000003,1,4828,0,50,10000,331972076,8238c37ff8cc12ae157c1eda47c8aa135e606009ecd1cbfbba35fad6122f6099,False,False
HSI,fz0_0p01,full,drop_gjr,range,patchtst,-2.6151612096850481,0.0235,2,4828,0,50,10000,331972076,8238c37ff8cc12ae157c1eda47c8aa135e606009ecd1cbfbba35fad6122f6099,False,False
HSI,fz0_0p01,full,drop_gjr,range,timesfm,-2.9488657549145283,0.33169999999999999,5,4828,0,50,10000,331972076,8238c37ff8cc12ae157c1eda47c8aa135e606009ecd1cbfbba35fad6122f6099,True,True
HSI,fz0_0p01,full,drop_gjr,semi_quadratic,autoarima,-3.0129988113826598,0.99639999999999995,11,4828,0,50,10000,1050538862,dcc4cc100868155e48276bfe95e80cf13e1e073c2a002d2e2b171b13a47fccc3,True,True
HSI,fz0_0p01,full,drop_gjr,semi_quadratic,autoets,-3.0120998924745961,0.99639999999999995,10,4828,0,50,10000,1050538862,dcc4cc100868155e48276bfe95e80cf13e1e073c2a002d2e2b171b13a47fccc3,True,True
HSI,fz0_0p01,full,drop_gjr,semi_quadratic,chronos,-2.9543187163609264,0.34189999999999998,5,4828,0,50,10000,1050538862,dcc4cc100868155e48276bfe95e80cf13e1e073c2a002d2e2b171b13a47fccc3,True,True
HSI,fz0_0p01,full,drop_gjr,semi_quadratic,ewma,-3.0098094610631883,0.99639999999999995,8,4828,0,50,10000,1050538862,dcc4cc100868155e48276bfe95e80cf13e1e073c2a002d2e2b171b13a47fccc3,True,True
HSI,fz0_0p01,full,drop_gjr,semi_quadratic,garch11,-2.945460340528459,0.21659999999999999,3,4828,0,50,10000,1050538862,dcc4cc100868155e48276bfe95e80cf13e1e073c2a002d2e2b171b13a47fccc3,True,False
HSI,fz0_0p01,full,drop_gjr,semi_quadratic,garch11_t,-3.0242938476278494,1,12,4828,0,50,10000,1050538862,dcc4cc100868155e48276bfe95e80cf13e1e073c2a002d2e2b171b13a47fccc3,True,True
HSI,fz0_0p01,full,drop_gjr,semi_quadratic,har,-3.01143300395022,0.99639999999999995,9,4828,0,50,10000,1050538862,dcc4cc100868155e48276bfe95e80cf13e1e073c2a002d2e2b171b13a47fccc3,True,True
HSI,fz0_0p01,full,drop_gjr,semi_quadratic,lgbm,-2.9508832419391307,0.68510000000000004,7,4828,0,50,10000,1050538862,dcc4cc100868155e48276bfe95e80cf13e1e073c2a002d2e2b171b13a47fccc3,True,True
HSI,fz0_0p01,full,drop_gjr,semi_quadratic,moirai,-2.9660125628767626,0.52359999999999995,6,4828,0,50,10000,1050538862,dcc4cc100868155e48276bfe95e80cf13e1e073c2a002d2e2b171b13a47fccc3,True,True
HSI,fz0_0p01,full,drop_gjr,semi_quadratic,naive,-2.6056114878162293,0.0047000000000000002,1,4828,0,50,10000,1050538862,dcc4cc100868155e48276bfe95e80cf13e1e073c2a002d2e2b171b13a47fccc3,False,False
HSI,fz0_0p01,full,drop_gjr,semi_quadratic,patchtst,-2.6151612096850481,0.023300000000000001,2,4828,0,50,10000,1050538862,dcc4cc100868155e48276bfe95e80cf13e1e073c2a002d2e2b171b13a47fccc3,False,False
HSI,fz0_0p01,full,drop_gjr,semi_quadratic,timesfm,-2.9488657549145283,0.26919999999999999,4,4828,0,50,10000,1050538862,dcc4cc100868155e48276bfe95e80cf13e1e073c2a002d2e2b171b13a47fccc3,True,True
HSI,fz0_0p025,full,headline,range,autoarima,-3.3035934601987758,1,13,4828,0,58,10000,1249412294,1d84cc714b4274602578b28aa26730ebd3d246ba170a8b354157eeacf42a2257,True,True
HSI,fz0_0p025,full,headline,range,autoets,-3.3018193622895042,0.96930000000000005,12,4828,0,58,10000,1249412294,1d84cc714b4274602578b28aa26730ebd3d246ba170a8b354157eeacf42a2257,True,True
HSI,fz0_0p025,full,headline,range,chronos,-3.2714811666602439,0.2762,5,4828,0,58,10000,1249412294,1d84cc714b4274602578b28aa26730ebd3d246ba170a8b354157eeacf42a2257,True,True
HSI,fz0_0p025,full,headline,range,ewma,-3.2909658184551507,0.91890000000000005,10,4828,0,58,10000,1249412294,1d84cc714b4274602578b28aa26730ebd3d246ba170a8b354157eeacf42a2257,True,True
HSI,fz0_0p025,full,headline,range,garch11,-3.2503947673199267,0.18290000000000001,4,4828,0,58,10000,1249412294,1d84cc714b4274602578b28aa26730ebd3d246ba170a8b354157eeacf42a2257,True,False
HSI,fz0_0p025,full,headline,range,garch11_t,-3.2717438200382865,0.75260000000000005,8,4828,0,58,10000,1249412294,1d84cc714b4274602578b28aa26730ebd3d246ba170a8b354157eeacf42a2257,True,True
HSI,fz0_0p025,full,headline,range,gjr,-3.2699992445227153,0.75260000000000005,9,4828,0,58,10000,1249412294,1d84cc714b4274602578b28aa26730ebd3d246ba170a8b354157eeacf42a2257,True,True
HSI,fz0_0p025,full,headline,range,har,-3.3008958367765029,0.96930000000000005,11,4828,0,58,10000,1249412294,1d84cc714b4274602578b28aa26730ebd3d246ba170a8b354157eeacf42a2257,True,True
HSI,fz0_0p025,full,headline,range,lgbm,-3.2623407009163325,0.7208,6,4828,0,58,10000,1249412294,1d84cc714b4274602578b28aa26730ebd3d246ba170a8b354157eeacf42a2257,True,True
HSI,fz0_0p025,full,headline,range,moirai,-3.2796432593836005,0.7208,7,4828,0,58,10000,1249412294,1d84cc714b4274602578b28aa26730ebd3d246ba170a8b354157eeacf42a2257,True,True
HSI,fz0_0p025,full,headline,range,naive,-3.0375984668216454,0.0022000000000000001,1,4828,0,58,10000,1249412294,1d84cc714b4274602578b28aa26730ebd3d246ba170a8b354157eeacf42a2257,False,False
HSI,fz0_0p025,full,headline,range,patchtst,-3.0824851454213431,0.0071000000000000004,2,4828,0,58,10000,1249412294,1d84cc714b4274602578b28aa26730ebd3d246ba170a8b354157eeacf42a2257,False,False
HSI,fz0_0p025,full,headline,range,timesfm,-3.2602617907128746,0.14649999999999999,3,4828,0,58,10000,1249412294,1d84cc714b4274602578b28aa26730ebd3d246ba170a8b354157eeacf42a2257,True,False
HSI,fz0_0p025,full,headline,semi_quadratic,autoarima,-3.3035934601987758,1,13,4828,0,58,10000,1962227192,7a292726580a11a580207e0a976147e1b3c20c4807b29a8ab4ee270038ddb0c6,True,True
HSI,fz0_0p025,full,headline,semi_quadratic,autoets,-3.3018193622895042,0.96399999999999997,12,4828,0,58,10000,1962227192,7a292726580a11a580207e0a976147e1b3c20c4807b29a8ab4ee270038ddb0c6,True,True
HSI,fz0_0p025,full,headline,semi_quadratic,chronos,-3.2714811666602439,0.34839999999999999,5,4828,0,58,10000,1962227192,7a292726580a11a580207e0a976147e1b3c20c4807b29a8ab4ee270038ddb0c6,True,True
HSI,fz0_0p025,full,headline,semi_quadratic,ewma,-3.2909658184551507,0.9083,10,4828,0,58,10000,1962227192,7a292726580a11a580207e0a976147e1b3c20c4807b29a8ab4ee270038ddb0c6,True,True
HSI,fz0_0p025,full,headline,semi_quadratic,garch11,-3.2503947673199267,0.20399999999999999,4,4828,0,58,10000,1962227192,7a292726580a11a580207e0a976147e1b3c20c4807b29a8ab4ee270038ddb0c6,True,False
HSI,fz0_0p025,full,headline,semi_quadratic,garch11_t,-3.2717438200382865,0.50449999999999995,8,4828,0,58,10000,1962227192,7a292726580a11a580207e0a976147e1b3c20c4807b29a8ab4ee270038ddb0c6,True,True
HSI,fz0_0p025,full,headline,semi_quadratic,gjr,-3.2699992445227153,0.60209999999999997,9,4828,0,58,10000,1962227192,7a292726580a11a580207e0a976147e1b3c20c4807b29a8ab4ee270038ddb0c6,True,True
HSI,fz0_0p025,full,headline,semi_quadratic,har,-3.3008958367765029,0.96399999999999997,11,4828,0,58,10000,1962227192,7a292726580a11a580207e0a976147e1b3c20c4807b29a8ab4ee270038ddb0c6,True,True
HSI,fz0_0p025,full,headline,semi_quadratic,lgbm,-3.2623407009163325,0.43259999999999998,7,4828,0,58,10000,1962227192,7a292726580a11a580207e0a976147e1b3c20c4807b29a8ab4ee270038ddb0c6,True,True
HSI,fz0_0p025,full,headline,semi_quadratic,moirai,-3.2796432593836005,0.43259999999999998,6,4828,0,58,10000,1962227192,7a292726580a11a580207e0a976147e1b3c20c4807b29a8ab4ee270038ddb0c6,True,True
HSI,fz0_0p025,full,headline,semi_quadratic,naive,-3.0375984668216454,0.0011000000000000001,1,4828,0,58,10000,1962227192,7a292726580a11a580207e0a976147e1b3c20c4807b29a8ab4ee270038ddb0c6,False,False
HSI,fz0_0p025,full,headline,semi_quadratic,patchtst,-3.0824851454213431,0.0111,2,4828,0,58,10000,1962227192,7a292726580a11a580207e0a976147e1b3c20c4807b29a8ab4ee270038ddb0c6,False,False
HSI,fz0_0p025,full,headline,semi_quadratic,timesfm,-3.2602617907128746,0.1552,3,4828,0,58,10000,1962227192,7a292726580a11a580207e0a976147e1b3c20c4807b29a8ab4ee270038ddb0c6,True,False
HSI,fz0_0p025,full,drop_gjr,range,autoarima,-3.3035934601987758,1,12,4828,0,58,10000,1188418886,30e94327f0a0e957e0a43f036ca16989f2c958c51a9606a022192b5df976dd33,True,True
HSI,fz0_0p025,full,drop_gjr,range,autoets,-3.3018193622895042,0.96740000000000004,11,4828,0,58,10000,1188418886,30e94327f0a0e957e0a43f036ca16989f2c958c51a9606a022192b5df976dd33,True,True
HSI,fz0_0p025,full,drop_gjr,range,chronos,-3.2714811666602439,0.2452,5,4828,0,58,10000,1188418886,30e94327f0a0e957e0a43f036ca16989f2c958c51a9606a022192b5df976dd33,True,False
HSI,fz0_0p025,full,drop_gjr,range,ewma,-3.2909658184551507,0.92390000000000005,9,4828,0,58,10000,1188418886,30e94327f0a0e957e0a43f036ca16989f2c958c51a9606a022192b5df976dd33,True,True
HSI,fz0_0p025,full,drop_gjr,range,garch11,-3.2503947673199267,0.1754,4,4828,0,58,10000,1188418886,30e94327f0a0e957e0a43f036ca16989f2c958c51a9606a022192b5df976dd33,True,False
HSI,fz0_0p025,full,drop_gjr,range,garch11_t,-3.2717438200382865,0.65759999999999996,8,4828,0,58,10000,1188418886,30e94327f0a0e957e0a43f036ca16989f2c958c51a9606a022192b5df976dd33,True,True
HSI,fz0_0p025,full,drop_gjr,range,har,-3.3008958367765029,0.96740000000000004,10,4828,0,58,10000,1188418886,30e94327f0a0e957e0a43f036ca16989f2c958c51a9606a022192b5df976dd33,True,True
HSI,fz0_0p025,full,drop_gjr,range,lgbm,-3.2623407009163325,0.65759999999999996,7,4828,0,58,10000,1188418886,30e94327f0a0e957e0a43f036ca16989f2c958c51a9606a022192b5df976dd33,True,True
HSI,fz0_0p025,full,drop_gjr,range,moirai,-3.2796432593836005,0.65759999999999996,6,4828,0,58,10000,1188418886,30e94327f0a0e957e0a43f036ca16989f2c958c51a9606a022192b5df976dd33,True,True
HSI,fz0_0p025,full,drop_gjr,range,naive,-3.0375984668216454,0.0012999999999999999,1,4828,0,58,10000,1188418886,30e94327f0a0e957e0a43f036ca16989f2c958c51a9606a022192b5df976dd33,False,False
HSI,fz0_0p025,full,drop_gjr,range,patchtst,-3.0824851454213431,0.0058999999999999999,2,4828,0,58,10000,1188418886,30e94327f0a0e957e0a43f036ca16989f2c958c51a9606a022192b5df976dd33,False,False
HSI,fz0_0p025,full,drop_gjr,range,timesfm,-3.2602617907128746,0.1318,3,4828,0,58,10000,1188418886,30e94327f0a0e957e0a43f036ca16989f2c958c51a9606a022192b5df976dd33,True,False
HSI,fz0_0p025,full,drop_gjr,semi_quadratic,autoarima,-3.3035934601987758,1,12,4828,0,58,10000,1662934278,410d8c0c82b1edfc78c15d435a13e14d0b6a662d614cc00b672d8209262433ef,True,True
HSI,fz0_0p025,full,drop_gjr,semi_quadratic,autoets,-3.3018193622895042,0.96289999999999998,11,4828,0,58,10000,1662934278,410d8c0c82b1edfc78c15d435a13e14d0b6a662d614cc00b672d8209262433ef,True,True
HSI,fz0_0p025,full,drop_gjr,semi_quadratic,chronos,-3.2714811666602439,0.28760000000000002,5,4828,0,58,10000,1662934278,410d8c0c82b1edfc78c15d435a13e14d0b6a662d614cc00b672d8209262433ef,True,True
HSI,fz0_0p025,full,drop_gjr,semi_quadratic,ewma,-3.2909658184551507,0.90449999999999997,9,4828,0,58,10000,1662934278,410d8c0c82b1edfc78c15d435a13e14d0b6a662d614cc00b672d8209262433ef,True,True
HSI,fz0_0p025,full,drop_gjr,semi_quadratic,garch11,-3.2503947673199267,0.15620000000000001,4,4828,0,58,10000,1662934278,410d8c0c82b1edfc78c15d435a13e14d0b6a662d614cc00b672d8209262433ef,True,False
HSI,fz0_0p025,full,drop_gjr,semi_quadratic,garch11_t,-3.2717438200382865,0.58399999999999996,8,4828,0,58,10000,1662934278,410d8c0c82b1edfc78c15d435a13e14d0b6a662d614cc00b672d8209262433ef,True,True
HSI,fz0_0p025,full,drop_gjr,semi_quadratic,har,-3.3008958367765029,0.96289999999999998,10,4828,0,58,10000,1662934278,410d8c0c82b1edfc78c15d435a13e14d0b6a662d614cc00b672d8209262433ef,True,True
HSI,fz0_0p025,full,drop_gjr,semi_quadratic,lgbm,-3.2623407009163325,0.39360000000000001,6,4828,0,58,10000,1662934278,410d8c0c82b1edfc78c15d435a13e14d0b6a662d614cc00b672d8209262433ef,True,True
HSI,fz0_0p025,full,drop_gjr,semi_quadratic,moirai,-3.2796432593836005,0.49059999999999998,7,4828,0,58,10000,1662934278,410d8c0c82b1edfc78c15d435a13e14d0b6a662d614cc00b672d8209262433ef,True,True
HSI,fz0_0p025,full,drop_gjr,semi_quadratic,naive,-3.0375984668216454,0.00059999999999999995,1,4828,0,58,10000,1662934278,410d8c0c82b1edfc78c15d435a13e14d0b6a662d614cc00b672d8209262433ef,False,False
HSI,fz0_0p025,full,drop_gjr,semi_quadratic,patchtst,-3.0824851454213431,0.0060000000000000001,2,4828,0,58,10000,1662934278,410d8c0c82b1edfc78c15d435a13e14d0b6a662d614cc00b672d8209262433ef,False,False
HSI,fz0_0p025,full,drop_gjr,semi_quadratic,timesfm,-3.2602617907128746,0.1113,3,4828,0,58,10000,1662934278,410d8c0c82b1edfc78c15d435a13e14d0b6a662d614cc00b672d8209262433ef,True,False
HSI,fz0_0p05,full,headline,range,autoarima,-3.5066893390592551,0.82030000000000003,12,4828,0,63,10000,893372882,e2f76c29b9040fdb842fbcb7735f4d6c34a07f5ea190973770615d4987fe3d01,True,True
HSI,fz0_0p05,full,headline,range,autoets,-3.503488490380728,0.76870000000000005,11,4828,0,63,10000,893372882,e2f76c29b9040fdb842fbcb7735f4d6c34a07f5ea190973770615d4987fe3d01,True,True
HSI,fz0_0p05,full,headline,range,chronos,-3.4826466515947843,0.043700000000000003,3,4828,0,63,10000,893372882,e2f76c29b9040fdb842fbcb7735f4d6c34a07f5ea190973770615d4987fe3d01,False,False
HSI,fz0_0p05,full,headline,range,ewma,-3.4956309022639904,0.6885,10,4828,0,63,10000,893372882,e2f76c29b9040fdb842fbcb7735f4d6c34a07f5ea190973770615d4987fe3d01,True,True
HSI,fz0_0p05,full,headline,range,garch11,-3.4707460247451256,0.1797,6,4828,0,63,10000,893372882,e2f76c29b9040fdb842fbcb7735f4d6c34a07f5ea190973770615d4987fe3d01,True,False
HSI,fz0_0p05,full,headline,range,garch11_t,-3.4785253983422582,0.37830000000000003,7,4828,0,63,10000,893372882,e2f76c29b9040fdb842fbcb7735f4d6c34a07f5ea190973770615d4987fe3d01,True,True
HSI,fz0_0p05,full,headline,range,gjr,-3.4857223263011181,0.56369999999999998,9,4828,0,63,10000,893372882,e2f76c29b9040fdb842fbcb7735f4d6c34a07f5ea190973770615d4987fe3d01,True,True
HSI,fz0_0p05,full,headline,range,har,-3.5084947078497706,1,13,4828,0,63,10000,893372882,e2f76c29b9040fdb842fbcb7735f4d6c34a07f5ea190973770615d4987fe3d01,True,True
HSI,fz0_0p05,full,headline,range,lgbm,-3.4693493773077422,0.14649999999999999,5,4828,0,63,10000,893372882,e2f76c29b9040fdb842fbcb7735f4d6c34a07f5ea190973770615d4987fe3d01,True,False
HSI,fz0_0p05,full,headline,range,moirai,-3.4945799899921366,0.5554,8,4828,0,63,10000,893372882,e2f76c29b9040fdb842fbcb7735f4d6c34a07f5ea190973770615d4987fe3d01,True,True
HSI,fz0_0p05,full,headline,range,naive,-3.3156645738869339,0.00040000000000000002,1,4828,0,63,10000,893372882,e2f76c29b9040fdb842fbcb7735f4d6c34a07f5ea190973770615d4987fe3d01,False,False
HSI,fz0_0p05,full,headline,range,patchtst,-3.3610984085108679,0.001,2,4828,0,63,10000,893372882,e2f76c29b9040fdb842fbcb7735f4d6c34a07f5ea190973770615d4987fe3d01,False,False
HSI,fz0_0p05,full,headline,range,timesfm,-3.4788035499093128,0.043700000000000003,4,4828,0,63,10000,893372882,e2f76c29b9040fdb842fbcb7735f4d6c34a07f5ea190973770615d4987fe3d01,False,False
HSI,fz0_0p05,full,headline,semi_quadratic,autoarima,-3.5066893390592551,0.82410000000000005,12,4828,0,63,10000,1315565074,8cd234c6af8a0312bffeed7107877fac584a6c10388e8e6d9de33ac1900208dd,True,True
HSI,fz0_0p05,full,headline,semi_quadratic,autoets,-3.503488490380728,0.75019999999999998,11,4828,0,63,10000,1315565074,8cd234c6af8a0312bffeed7107877fac584a6c10388e8e6d9de33ac1900208dd,True,True
HSI,fz0_0p05,full,headline,semi_quadratic,chronos,-3.4826466515947843,0.051799999999999999,3,4828,0,63,10000,1315565074,8cd234c6af8a0312bffeed7107877fac584a6c10388e8e6d9de33ac1900208dd,False,False
HSI,fz0_0p05,full,headline,semi_quadratic,ewma,-3.4956309022639904,0.66990000000000005,10,4828,0,63,10000,1315565074,8cd234c6af8a0312bffeed7107877fac584a6c10388e8e6d9de33ac1900208dd,True,True
HSI,fz0_0p05,full,headline,semi_quadratic,garch11,-3.4707460247451256,0.1119,6,4828,0,63,10000,1315565074,8cd234c6af8a0312bffeed7107877fac584a6c10388e8e6d9de33ac1900208dd,True,False
HSI,fz0_0p05,full,headline,semi_quadratic,garch11_t,-3.4785253983422582,0.28789999999999999,7,4828,0,63,10000,1315565074,8cd234c6af8a0312bffeed7107877fac584a6c10388e8e6d9de33ac1900208dd,True,True
HSI,fz0_0p05,full,headline,semi_quadratic,gjr,-3.4857223263011181,0.4919,9,4828,0,63,10000,1315565074,8cd234c6af8a0312bffeed7107877fac584a6c10388e8e6d9de33ac1900208dd,True,True
HSI,fz0_0p05,full,headline,semi_quadratic,har,-3.5084947078497706,1,13,4828,0,63,10000,1315565074,8cd234c6af8a0312bffeed7107877fac584a6c10388e8e6d9de33ac1900208dd,True,True
HSI,fz0_0p05,full,headline,semi_quadratic,lgbm,-3.4693493773077422,0.072599999999999998,5,4828,0,63,10000,1315565074,8cd234c6af8a0312bffeed7107877fac584a6c10388e8e6d9de33ac1900208dd,False,False
HSI,fz0_0p05,full,headline,semi_quadratic,moirai,-3.4945799899921366,0.4919,8,4828,0,63,10000,1315565074,8cd234c6af8a0312bffeed7107877fac584a6c10388e8e6d9de33ac1900208dd,True,True
HSI,fz0_0p05,full,headline,semi_quadratic,naive,-3.3156645738869339,0.00050000000000000001,1,4828,0,63,10000,1315565074,8cd234c6af8a0312bffeed7107877fac584a6c10388e8e6d9de33ac1900208dd,False,False
HSI,fz0_0p05,full,headline,semi_quadratic,patchtst,-3.3610984085108679,0.0023,2,4828,0,63,10000,1315565074,8cd234c6af8a0312bffeed7107877fac584a6c10388e8e6d9de33ac1900208dd,False,False
HSI,fz0_0p05,full,headline,semi_quadratic,timesfm,-3.4788035499093128,0.056500000000000002,4,4828,0,63,10000,1315565074,8cd234c6af8a0312bffeed7107877fac584a6c10388e8e6d9de33ac1900208dd,False,False
HSI,fz0_0p05,full,drop_gjr,range,autoarima,-3.5066893390592551,0.81530000000000002,11,4828,0,63,10000,686880356,8df8a1a4e03e1fa3bd25be3082e6b3877a0b5d4631433e0705183c32ecb04077,True,True
HSI,fz0_0p05,full,drop_gjr,range,autoets,-3.503488490380728,0.77639999999999998,10,4828,0,63,10000,686880356,8df8a1a4e03e1fa3bd25be3082e6b3877a0b5d4631433e0705183c32ecb04077,True,True
HSI,fz0_0p05,full,drop_gjr,range,chronos,-3.4826466515947843,0.034799999999999998,3,4828,0,63,10000,686880356,8df8a1a4e03e1fa3bd25be3082e6b3877a0b5d4631433e0705183c32ecb04077,False,False
HSI,fz0_0p05,full,drop_gjr,range,ewma,-3.4956309022639904,0.70089999999999997,9,4828,0,63,10000,686880356,8df8a1a4e03e1fa3bd25be3082e6b3877a0b5d4631433e0705183c32ecb04077,True,True
HSI,fz0_0p05,full,drop_gjr,range,garch11,-3.4707460247451256,0.1358,6,4828,0,63,10000,686880356,8df8a1a4e03e1fa3bd25be3082e6b3877a0b5d4631433e0705183c32ecb04077,True,False
HSI,fz0_0p05,full,drop_gjr,range,garch11_t,-3.4785253983422582,0.28920000000000001,7,4828,0,63,10000,686880356,8df8a1a4e03e1fa3bd25be3082e6b3877a0b5d4631433e0705183c32ecb04077,True,True
HSI,fz0_0p05,full,drop_gjr,range,har,-3.5084947078497706,1,12,4828,0,63,10000,686880356,8df8a1a4e03e1fa3bd25be3082e6b3877a0b5d4631433e0705183c32ecb04077,True,True
HSI,fz0_0p05,full,drop_gjr,range,lgbm,-3.4693493773077422,0.1116,5,4828,0,63,10000,686880356,8df8a1a4e03e1fa3bd25be3082e6b3877a0b5d4631433e0705183c32ecb04077,True,False
HSI,fz0_0p05,full,drop_gjr,range,moirai,-3.4945799899921366,0.4768,8,4828,0,63,10000,686880356,8df8a1a4e03e1fa3bd25be3082e6b3877a0b5d4631433e0705183c32ecb04077,True,True
HSI,fz0_0p05,full,drop_gjr,range,naive,-3.3156645738869339,0.00069999999999999999,1,4828,0,63,10000,686880356,8df8a1a4e03e1fa3bd25be3082e6b3877a0b5d4631433e0705183c32ecb04077,False,False
HSI,fz0_0p05,full,drop_gjr,range,patchtst,-3.3610984085108679,0.00080000000000000004,2,4828,0,63,10000,686880356,8df8a1a4e03e1fa3bd25be3082e6b3877a0b5d4631433e0705183c32ecb04077,False,False
HSI,fz0_0p05,full,drop_gjr,range,timesfm,-3.4788035499093128,0.034799999999999998,4,4828,0,63,10000,686880356,8df8a1a4e03e1fa3bd25be3082e6b3877a0b5d4631433e0705183c32ecb04077,False,False
HSI,fz0_0p05,full,drop_gjr,semi_quadratic,autoarima,-3.5066893390592551,0.8236,11,4828,0,63,10000,26647949,4de91982b6a97a3b9f65456b900e8feee3e741d02b3544738f6278e669e1eb16,True,True
HSI,fz0_0p05,full,drop_gjr,semi_quadratic,autoets,-3.503488490380728,0.74250000000000005,10,4828,0,63,10000,26647949,4de91982b6a97a3b9f65456b900e8feee3e741d02b3544738f6278e669e1eb16,True,True
HSI,fz0_0p05,full,drop_gjr,semi_quadratic,chronos,-3.4826466515947843,0.032099999999999997,3,4828,0,63,10000,26647949,4de91982b6a97a3b9f65456b900e8feee3e741d02b3544738f6278e669e1eb16,False,False
HSI,fz0_0p05,full,drop_gjr,semi_quadratic,ewma,-3.4956309022639904,0.6694,9,4828,0,63,10000,26647949,4de91982b6a97a3b9f65456b900e8feee3e741d02b3544738f6278e669e1eb16,True,True
HSI,fz0_0p05,full,drop_gjr,semi_quadratic,garch11,-3.4707460247451256,0.086800000000000002,6,4828,0,63,10000,26647949,4de91982b6a97a3b9f65456b900e8feee3e741d02b3544738f6278e669e1eb16,False,False
HSI,fz0_0p05,full,drop_gjr,semi_quadratic,garch11_t,-3.4785253983422582,0.25800000000000001,7,4828,0,63,10000,26647949,4de91982b6a97a3b9f65456b900e8feee3e741d02b3544738f6278e669e1eb16,True,True
HSI,fz0_0p05,full,drop_gjr,semi_quadratic,har,-3.5084947078497706,1,12,4828,0,63,10000,26647949,4de91982b6a97a3b9f65456b900e8feee3e741d02b3544738f6278e669e1eb16,True,True
HSI,fz0_0p05,full,drop_gjr,semi_quadratic,lgbm,-3.4693493773077422,0.051499999999999997,5,4828,0,63,10000,26647949,4de91982b6a97a3b9f65456b900e8feee3e741d02b3544738f6278e669e1eb16,False,False
HSI,fz0_0p05,full,drop_gjr,semi_quadratic,moirai,-3.4945799899921366,0.55269999999999997,8,4828,0,63,10000,26647949,4de91982b6a97a3b9f65456b900e8feee3e741d02b3544738f6278e669e1eb16,True,True
HSI,fz0_0p05,full,drop_gjr,semi_quadratic,naive,-3.3156645738869339,0.0001,1,4828,0,63,10000,26647949,4de91982b6a97a3b9f65456b900e8feee3e741d02b3544738f6278e669e1eb16,False,False
HSI,fz0_0p05,full,drop_gjr,semi_quadratic,patchtst,-3.3610984085108679,0.0011000000000000001,2,4828,0,63,10000,26647949,4de91982b6a97a3b9f65456b900e8feee3e741d02b3544738f6278e669e1eb16,False,False
HSI,fz0_0p05,full,drop_gjr,semi_quadratic,timesfm,-3.4788035499093128,0.035700000000000003,4,4828,0,63,10000,26647949,4de91982b6a97a3b9f65456b900e8feee3e741d02b3544738f6278e669e1eb16,False,False
HSI,fz0_avg,full,headline,range,autoarima,-3.2744272035468871,1,13,4828,0,57,10000,1431906132,67e88cd426f15feb58e9c58c10859e19088f49dec1a7d31430d823357c500367,True,True
HSI,fz0_avg,full,headline,range,autoets,-3.2724692483816122,0.97799999999999998,11,4828,0,57,10000,1431906132,67e88cd426f15feb58e9c58c10859e19088f49dec1a7d31430d823357c500367,True,True
HSI,fz0_avg,full,headline,range,chronos,-3.236148844871984,0.17910000000000001,5,4828,0,57,10000,1431906132,67e88cd426f15feb58e9c58c10859e19088f49dec1a7d31430d823357c500367,True,False
HSI,fz0_avg,full,headline,range,ewma,-3.2654687272607754,0.97799999999999998,10,4828,0,57,10000,1431906132,67e88cd426f15feb58e9c58c10859e19088f49dec1a7d31430d823357c500367,True,True
HSI,fz0_avg,full,headline,range,garch11,-3.2222003775311689,0.083299999999999999,3,4828,0,57,10000,1431906132,67e88cd426f15feb58e9c58c10859e19088f49dec1a7d31430d823357c500367,False,False
HSI,fz0_avg,full,headline,range,garch11_t,-3.2581876886694605,0.97760000000000002,9,4828,0,57,10000,1431906132,67e88cd426f15feb58e9c58c10859e19088f49dec1a7d31430d823357c500367,True,True
HSI,fz0_avg,full,headline,range,gjr,-3.2446318189518331,0.8992,8,4828,0,57,10000,1431906132,67e88cd426f15feb58e9c58c10859e19088f49dec1a7d31430d823357c500367,True,True
HSI,fz0_avg,full,headline,range,har,-3.273607849525495,0.97799999999999998,12,4828,0,57,10000,1431906132,67e88cd426f15feb58e9c58c10859e19088f49dec1a7d31430d823357c500367,True,True
HSI,fz0_avg,full,headline,range,lgbm,-3.2275244400544105,0.63819999999999999,7,4828,0,57,10000,1431906132,67e88cd426f15feb58e9c58c10859e19088f49dec1a7d31430d823357c500367,True,True
HSI,fz0_avg,full,headline,range,moirai,-3.2467452707508357,0.63819999999999999,6,4828,0,57,10000,1431906132,67e88cd426f15feb58e9c58c10859e19088f49dec1a7d31430d823357c500367,True,True
HSI,fz0_avg,full,headline,range,naive,-2.9862915095082641,0.0037000000000000002,1,4828,0,57,10000,1431906132,67e88cd426f15feb58e9c58c10859e19088f49dec1a7d31430d823357c500367,False,False
HSI,fz0_avg,full,headline,range,patchtst,-3.0195815878724126,0.0123,2,4828,0,57,10000,1431906132,67e88cd426f15feb58e9c58c10859e19088f49dec1a7d31430d823357c500367,False,False
HSI,fz0_avg,full,headline,range,timesfm,-3.2293103651789057,0.1754,4,4828,0,57,10000,1431906132,67e88cd426f15feb58e9c58c10859e19088f49dec1a7d31430d823357c500367,True,False
HSI,fz0_avg,full,headline,semi_quadratic,autoarima,-3.2744272035468871,1,13,4828,0,57,10000,1349726704,6ad6978fbb12f1302088a1dd651beeb4fae6b59919deb88d83b85e6a157c0384,True,True
HSI,fz0_avg,full,headline,semi_quadratic,autoets,-3.2724692483816122,0.98399999999999999,11,4828,0,57,10000,1349726704,6ad6978fbb12f1302088a1dd651beeb4fae6b59919deb88d83b85e6a157c0384,True,True
HSI,fz0_avg,full,headline,semi_quadratic,chronos,-3.236148844871984,0.36080000000000001,5,4828,0,57,10000,1349726704,6ad6978fbb12f1302088a1dd651beeb4fae6b59919deb88d83b85e6a157c0384,True,True
HSI,fz0_avg,full,headline,semi_quadratic,ewma,-3.2654687272607754,0.97230000000000005,10,4828,0,57,10000,1349726704,6ad6978fbb12f1302088a1dd651beeb4fae6b59919deb88d83b85e6a157c0384,True,True
HSI,fz0_avg,full,headline,semi_quadratic,garch11,-3.2222003775311689,0.1925,3,4828,0,57,10000,1349726704,6ad6978fbb12f1302088a1dd651beeb4fae6b59919deb88d83b85e6a157c0384,True,False
HSI,fz0_avg,full,headline,semi_quadratic,garch11_t,-3.2581876886694605,0.96020000000000005,9,4828,0,57,10000,1349726704,6ad6978fbb12f1302088a1dd651beeb4fae6b59919deb88d83b85e6a157c0384,True,True
HSI,fz0_avg,full,headline,semi_quadratic,gjr,-3.2446318189518331,0.83179999999999998,8,4828,0,57,10000,1349726704,6ad6978fbb12f1302088a1dd651beeb4fae6b59919deb88d83b85e6a157c0384,True,True
HSI,fz0_avg,full,headline,semi_quadratic,har,-3.273607849525495,0.98399999999999999,12,4828,0,57,10000,1349726704,6ad6978fbb12f1302088a1dd651beeb4fae6b59919deb88d83b85e6a157c0384,True,True
HSI,fz0_avg,full,headline,semi_quadratic,lgbm,-3.2275244400544105,0.57340000000000002,7,4828,0,57,10000,1349726704,6ad6978fbb12f1302088a1dd651beeb4fae6b59919deb88d83b85e6a157c0384,True,True
HSI,fz0_avg,full,headline,semi_quadratic,moirai,-3.2467452707508357,0.53190000000000004,6,4828,0,57,10000,1349726704,6ad6978fbb12f1302088a1dd651beeb4fae6b59919deb88d83b85e6a157c0384,True,True
HSI,fz0_avg,full,headline,semi_quadratic,naive,-2.9862915095082641,0.0028999999999999998,1,4828,0,57,10000,1349726704,6ad6978fbb12f1302088a1dd651beeb4fae6b59919deb88d83b85e6a157c0384,False,False
HSI,fz0_avg,full,headline,semi_quadratic,patchtst,-3.0195815878724126,0.017500000000000002,2,4828,0,57,10000,1349726704,6ad6978fbb12f1302088a1dd651beeb4fae6b59919deb88d83b85e6a157c0384,False,False
HSI,fz0_avg,full,headline,semi_quadratic,timesfm,-3.2293103651789057,0.25600000000000001,4,4828,0,57,10000,1349726704,6ad6978fbb12f1302088a1dd651beeb4fae6b59919deb88d83b85e6a157c0384,True,True
HSI,fz0_avg,full,drop_gjr,range,autoarima,-3.2744272035468871,1,12,4828,0,57,10000,1947696890,397c448f02648b059e3378d934cfd75e466e946140c85ab938849c7a473bc6c5,True,True
HSI,fz0_avg,full,drop_gjr,range,autoets,-3.2724692483816122,0.97870000000000001,10,4828,0,57,10000,1947696890,397c448f02648b059e3378d934cfd75e466e946140c85ab938849c7a473bc6c5,True,True
HSI,fz0_avg,full,drop_gjr,range,chronos,-3.236148844871984,0.15179999999999999,5,4828,0,57,10000,1947696890,397c448f02648b059e3378d934cfd75e466e946140c85ab938849c7a473bc6c5,True,False
HSI,fz0_avg,full,drop_gjr,range,ewma,-3.2654687272607754,0.97870000000000001,9,4828,0,57,10000,1947696890,397c448f02648b059e3378d934cfd75e466e946140c85ab938849c7a473bc6c5,True,True
HSI,fz0_avg,full,drop_gjr,range,garch11,-3.2222003775311689,0.064399999999999999,3,4828,0,57,10000,1947696890,397c448f02648b059e3378d934cfd75e466e946140c85ab938849c7a473bc6c5,False,False
HSI,fz0_avg,full,drop_gjr,range,garch11_t,-3.2581876886694605,0.97870000000000001,8,4828,0,57,10000,1947696890,397c448f02648b059e3378d934cfd75e466e946140c85ab938849c7a473bc6c5,True,True
HSI,fz0_avg,full,drop_gjr,range,har,-3.273607849525495,0.97870000000000001,11,4828,0,57,10000,1947696890,397c448f02648b059e3378d934cfd75e466e946140c85ab938849c7a473bc6c5,True,True
HSI,fz0_avg,full,drop_gjr,range,lgbm,-3.2275244400544105,0.56040000000000001,7,4828,0,57,10000,1947696890,397c448f02648b059e3378d934cfd75e466e946140c85ab938849c7a473bc6c5,True,True
HSI,fz0_avg,full,drop_gjr,range,moirai,-3.2467452707508357,0.56040000000000001,6,4828,0,57,10000,1947696890,397c448f02648b059e3378d934cfd75e466e946140c85ab938849c7a473bc6c5,True,True
HSI,fz0_avg,full,drop_gjr,range,naive,-2.9862915095082641,0.0035000000000000001,1,4828,0,57,10000,1947696890,397c448f02648b059e3378d934cfd75e466e946140c85ab938849c7a473bc6c5,False,False
HSI,fz0_avg,full,drop_gjr,range,patchtst,-3.0195815878724126,0.0106,2,4828,0,57,10000,1947696890,397c448f02648b059e3378d934cfd75e466e946140c85ab938849c7a473bc6c5,False,False
HSI,fz0_avg,full,drop_gjr,range,timesfm,-3.2293103651789057,0.14940000000000001,4,4828,0,57,10000,1947696890,397c448f02648b059e3378d934cfd75e466e946140c85ab938849c7a473bc6c5,True,False
HSI,fz0_avg,full,drop_gjr,semi_quadratic,autoarima,-3.2744272035468871,1,12,4828,0,57,10000,1649367213,e5e02fbfd2ccaf4e081ff695a7690d5405ae5063589296d527e1c304bfd93892,True,True
HSI,fz0_avg,full,drop_gjr,semi_quadratic,autoets,-3.2724692483816122,0.98240000000000005,10,4828,0,57,10000,1649367213,e5e02fbfd2ccaf4e081ff695a7690d5405ae5063589296d527e1c304bfd93892,True,True
HSI,fz0_avg,full,drop_gjr,semi_quadratic,chronos,-3.236148844871984,0.30120000000000002,5,4828,0,57,10000,1649367213,e5e02fbfd2ccaf4e081ff695a7690d5405ae5063589296d527e1c304bfd93892,True,True
HSI,fz0_avg,full,drop_gjr,semi_quadratic,ewma,-3.2654687272607754,0.97189999999999999,9,4828,0,57,10000,1649367213,e5e02fbfd2ccaf4e081ff695a7690d5405ae5063589296d527e1c304bfd93892,True,True
HSI,fz0_avg,full,drop_gjr,semi_quadratic,garch11,-3.2222003775311689,0.1512,3,4828,0,57,10000,1649367213,e5e02fbfd2ccaf4e081ff695a7690d5405ae5063589296d527e1c304bfd93892,True,False
HSI,fz0_avg,full,drop_gjr,semi_quadratic,garch11_t,-3.2581876886694605,0.96150000000000002,8,4828,0,57,10000,1649367213,e5e02fbfd2ccaf4e081ff695a7690d5405ae5063589296d527e1c304bfd93892,True,True
HSI,fz0_avg,full,drop_gjr,semi_quadratic,har,-3.273607849525495,0.98240000000000005,11,4828,0,57,10000,1649367213,e5e02fbfd2ccaf4e081ff695a7690d5405ae5063589296d527e1c304bfd93892,True,True
HSI,fz0_avg,full,drop_gjr,semi_quadratic,lgbm,-3.2275244400544105,0.56040000000000001,7,4828,0,57,10000,1649367213,e5e02fbfd2ccaf4e081ff695a7690d5405ae5063589296d527e1c304bfd93892,True,True
HSI,fz0_avg,full,drop_gjr,semi_quadratic,moirai,-3.2467452707508357,0.48420000000000002,6,4828,0,57,10000,1649367213,e5e02fbfd2ccaf4e081ff695a7690d5405ae5063589296d527e1c304bfd93892,True,True
HSI,fz0_avg,full,drop_gjr,semi_quadratic,naive,-2.9862915095082641,0.0015,1,4828,0,57,10000,1649367213,e5e02fbfd2ccaf4e081ff695a7690d5405ae5063589296d527e1c304bfd93892,False,False
HSI,fz0_avg,full,drop_gjr,semi_quadratic,patchtst,-3.0195815878724126,0.0123,2,4828,0,57,10000,1649367213,e5e02fbfd2ccaf4e081ff695a7690d5405ae5063589296d527e1c304bfd93892,False,False
HSI,fz0_avg,full,drop_gjr,semi_quadratic,timesfm,-3.2293103651789057,0.19969999999999999,4,4828,0,57,10000,1649367213,e5e02fbfd2ccaf4e081ff695a7690d5405ae5063589296d527e1c304bfd93892,True,False
HSI,qlike_ex_near_zero,full,headline,range,autoarima,0.42603661865788001,0.22120000000000001,10,4815,13,82,10000,950375884,a0d1ff8c9ce7cf3f399ac3aee7cdb5e7b5a0e16ba25dfb93a7d1d9929a927b9f,True,False
HSI,qlike_ex_near_zero,full,headline,range,autoets,0.42762040353810832,0.22120000000000001,11,4815,13,82,10000,950375884,a0d1ff8c9ce7cf3f399ac3aee7cdb5e7b5a0e16ba25dfb93a7d1d9929a927b9f,True,False
HSI,qlike_ex_near_zero,full,headline,range,chronos,0.42676702499940478,0.0060000000000000001,5,4815,13,82,10000,950375884,a0d1ff8c9ce7cf3f399ac3aee7cdb5e7b5a0e16ba25dfb93a7d1d9929a927b9f,False,False
HSI,qlike_ex_near_zero,full,headline,range,ewma,0.42970650474290406,0.22120000000000001,12,4815,13,82,10000,950375884,a0d1ff8c9ce7cf3f399ac3aee7cdb5e7b5a0e16ba25dfb93a7d1d9929a927b9f,True,False
HSI,qlike_ex_near_zero,full,headline,range,garch11,0.47132833291044079,0.044499999999999998,6,4815,13,82,10000,950375884,a0d1ff8c9ce7cf3f399ac3aee7cdb5e7b5a0e16ba25dfb93a7d1d9929a927b9f,False,False
HSI,qlike_ex_near_zero,full,headline,range,garch11_t,0.47050407290609736,0.045999999999999999,7,4815,13,82,10000,950375884,a0d1ff8c9ce7cf3f399ac3aee7cdb5e7b5a0e16ba25dfb93a7d1d9929a927b9f,False,False
HSI,qlike_ex_near_zero,full,headline,range,gjr,0.46245952311964705,0.1532,8,4815,13,82,10000,950375884,a0d1ff8c9ce7cf3f399ac3aee7cdb5e7b5a0e16ba25dfb93a7d1d9929a927b9f,True,False
HSI,qlike_ex_near_zero,full,headline,range,har,0.42514785734759847,0.22120000000000001,9,4815,13,82,10000,950375884,a0d1ff8c9ce7cf3f399ac3aee7cdb5e7b5a0e16ba25dfb93a7d1d9929a927b9f,True,False
HSI,qlike_ex_near_zero,full,headline,range,lgbm,0.50917948022938442,0,2,4815,13,82,10000,950375884,a0d1ff8c9ce7cf3f399ac3aee7cdb5e7b5a0e16ba25dfb93a7d1d9929a927b9f,False,False
HSI,qlike_ex_near_zero,full,headline,range,moirai,0.41505983197064716,1,13,4815,13,82,10000,950375884,a0d1ff8c9ce7cf3f399ac3aee7cdb5e7b5a0e16ba25dfb93a7d1d9929a927b9f,True,True
HSI,qlike_ex_near_zero,full,headline,range,naive,0.69267075000977685,0,1,4815,13,82,10000,950375884,a0d1ff8c9ce7cf3f399ac3aee7cdb5e7b5a0e16ba25dfb93a7d1d9929a927b9f,False,False
HSI,qlike_ex_near_zero,full,headline,range,patchtst,0.61064502942921917,0.0011999999999999999,3,4815,13,82,10000,950375884,a0d1ff8c9ce7cf3f399ac3aee7cdb5e7b5a0e16ba25dfb93a7d1d9929a927b9f,False,False
HSI,qlike_ex_near_zero,full,headline,range,timesfm,0.43507103628316079,0.0020999999999999999,4,4815,13,82,10000,950375884,a0d1ff8c9ce7cf3f399ac3aee7cdb5e7b5a0e16ba25dfb93a7d1d9929a927b9f,False,False
HSI,qlike_ex_near_zero,full,headline,semi_quadratic,autoarima,0.42603661865788001,0.19009999999999999,10,4815,13,82,10000,1112634624,e00ba7a890089081cf84b11e977a2e1252f01df8bdf1782d30c1704fbff35a2a,True,False
HSI,qlike_ex_near_zero,full,headline,semi_quadratic,autoets,0.42762040353810832,0.19009999999999999,11,4815,13,82,10000,1112634624,e00ba7a890089081cf84b11e977a2e1252f01df8bdf1782d30c1704fbff35a2a,True,False
HSI,qlike_ex_near_zero,full,headline,semi_quadratic,chronos,0.42676702499940478,0.015800000000000002,5,4815,13,82,10000,1112634624,e00ba7a890089081cf84b11e977a2e1252f01df8bdf1782d30c1704fbff35a2a,False,False
HSI,qlike_ex_near_zero,full,headline,semi_quadratic,ewma,0.42970650474290406,0.19009999999999999,12,4815,13,82,10000,1112634624,e00ba7a890089081cf84b11e977a2e1252f01df8bdf1782d30c1704fbff35a2a,True,False
HSI,qlike_ex_near_zero,full,headline,semi_quadratic,garch11,0.47132833291044079,0.015800000000000002,6,4815,13,82,10000,1112634624,e00ba7a890089081cf84b11e977a2e1252f01df8bdf1782d30c1704fbff35a2a,False,False
HSI,qlike_ex_near_zero,full,headline,semi_quadratic,garch11_t,0.47050407290609736,0.021700000000000001,7,4815,13,82,10000,1112634624,e00ba7a890089081cf84b11e977a2e1252f01df8bdf1782d30c1704fbff35a2a,False,False
HSI,qlike_ex_near_zero,full,headline,semi_quadratic,gjr,0.46245952311964705,0.063399999999999998,8,4815,13,82,10000,1112634624,e00ba7a890089081cf84b11e977a2e1252f01df8bdf1782d30c1704fbff35a2a,False,False
HSI,qlike_ex_near_zero,full,headline,semi_quadratic,har,0.42514785734759847,0.19009999999999999,9,4815,13,82,10000,1112634624,e00ba7a890089081cf84b11e977a2e1252f01df8bdf1782d30c1704fbff35a2a,True,False
HSI,qlike_ex_near_zero,full,headline,semi_quadratic,lgbm,0.50917948022938442,0.00020000000000000001,2,4815,13,82,10000,1112634624,e00ba7a890089081cf84b11e977a2e1252f01df8bdf1782d30c1704fbff35a2a,False,False
HSI,qlike_ex_near_zero,full,headline,semi_quadratic,moirai,0.41505983197064716,1,13,4815,13,82,10000,1112634624,e00ba7a890089081cf84b11e977a2e1252f01df8bdf1782d30c1704fbff35a2a,True,True
HSI,qlike_ex_near_zero,full,headline,semi_quadratic,naive,0.69267075000977685,0,1,4815,13,82,10000,1112634624,e00ba7a890089081cf84b11e977a2e1252f01df8bdf1782d30c1704fbff35a2a,False,False
HSI,qlike_ex_near_zero,full,headline,semi_quadratic,patchtst,0.61064502942921917,0.0011999999999999999,3,4815,13,82,10000,1112634624,e00ba7a890089081cf84b11e977a2e1252f01df8bdf1782d30c1704fbff35a2a,False,False
HSI,qlike_ex_near_zero,full,headline,semi_quadratic,timesfm,0.43507103628316079,0.0134,4,4815,13,82,10000,1112634624,e00ba7a890089081cf84b11e977a2e1252f01df8bdf1782d30c1704fbff35a2a,False,False
HSI,qlike_ex_near_zero,full,drop_gjr,range,autoarima,0.42603661865788001,0.2326,9,4815,13,82,10000,803444484,77a1bf18eaf989086d2e48ae988026d66c6016e53e43e8fe6dfdb48b39c45848,True,False
HSI,qlike_ex_near_zero,full,drop_gjr,range,autoets,0.42762040353810832,0.2326,10,4815,13,82,10000,803444484,77a1bf18eaf989086d2e48ae988026d66c6016e53e43e8fe6dfdb48b39c45848,True,False
HSI,qlike_ex_near_zero,full,drop_gjr,range,chronos,0.42676702499940478,0.0033999999999999998,5,4815,13,82,10000,803444484,77a1bf18eaf989086d2e48ae988026d66c6016e53e43e8fe6dfdb48b39c45848,False,False
HSI,qlike_ex_near_zero,full,drop_gjr,range,ewma,0.42970650474290406,0.2326,11,4815,13,82,10000,803444484,77a1bf18eaf989086d2e48ae988026d66c6016e53e43e8fe6dfdb48b39c45848,True,False
HSI,qlike_ex_near_zero,full,drop_gjr,range,garch11,0.47132833291044079,0.039199999999999999,6,4815,13,82,10000,803444484,77a1bf18eaf989086d2e48ae988026d66c6016e53e43e8fe6dfdb48b39c45848,False,False
HSI,qlike_ex_near_zero,full,drop_gjr,range,garch11_t,0.47050407290609736,0.0419,7,4815,13,82,10000,803444484,77a1bf18eaf989086d2e48ae988026d66c6016e53e43e8fe6dfdb48b39c45848,False,False
HSI,qlike_ex_near_zero,full,drop_gjr,range,har,0.42514785734759847,0.2326,8,4815,13,82,10000,803444484,77a1bf18eaf989086d2e48ae988026d66c6016e53e43e8fe6dfdb48b39c45848,True,False
HSI,qlike_ex_near_zero,full,drop_gjr,range,lgbm,0.50917948022938442,0,2,4815,13,82,10000,803444484,77a1bf18eaf989086d2e48ae988026d66c6016e53e43e8fe6dfdb48b39c45848,False,False
HSI,qlike_ex_near_zero,full,drop_gjr,range,moirai,0.41505983197064716,1,12,4815,13,82,10000,803444484,77a1bf18eaf989086d2e48ae988026d66c6016e53e43e8fe6dfdb48b39c45848,True,True
HSI,qlike_ex_near_zero,full,drop_gjr,range,naive,0.69267075000977685,0,1,4815,13,82,10000,803444484,77a1bf18eaf989086d2e48ae988026d66c6016e53e43e8fe6dfdb48b39c45848,False,False
HSI,qlike_ex_near_zero,full,drop_gjr,range,patchtst,0.61064502942921917,0.00029999999999999997,3,4815,13,82,10000,803444484,77a1bf18eaf989086d2e48ae988026d66c6016e53e43e8fe6dfdb48b39c45848,False,False
HSI,qlike_ex_near_zero,full,drop_gjr,range,timesfm,0.43507103628316079,0.00069999999999999999,4,4815,13,82,10000,803444484,77a1bf18eaf989086d2e48ae988026d66c6016e53e43e8fe6dfdb48b39c45848,False,False
HSI,qlike_ex_near_zero,full,drop_gjr,semi_quadratic,autoarima,0.42603661865788001,0.1865,9,4815,13,82,10000,58235259,d98e672342f339527f7cdc26fb66dbdf160a0ba334dbfc02d40e095673817b22,True,False
HSI,qlike_ex_near_zero,full,drop_gjr,semi_quadratic,autoets,0.42762040353810832,0.1865,10,4815,13,82,10000,58235259,d98e672342f339527f7cdc26fb66dbdf160a0ba334dbfc02d40e095673817b22,True,False
HSI,qlike_ex_near_zero,full,drop_gjr,semi_quadratic,chronos,0.42676702499940478,0.012200000000000001,5,4815,13,82,10000,58235259,d98e672342f339527f7cdc26fb66dbdf160a0ba334dbfc02d40e095673817b22,False,False
HSI,qlike_ex_near_zero,full,drop_gjr,semi_quadratic,ewma,0.42970650474290406,0.1865,11,4815,13,82,10000,58235259,d98e672342f339527f7cdc26fb66dbdf160a0ba334dbfc02d40e095673817b22,True,False
HSI,qlike_ex_near_zero,full,drop_gjr,semi_quadratic,garch11,0.47132833291044079,0.012200000000000001,6,4815,13,82,10000,58235259,d98e672342f339527f7cdc26fb66dbdf160a0ba334dbfc02d40e095673817b22,False,False
HSI,qlike_ex_near_zero,full,drop_gjr,semi_quadratic,garch11_t,0.47050407290609736,0.018599999999999998,7,4815,13,82,10000,58235259,d98e672342f339527f7cdc26fb66dbdf160a0ba334dbfc02d40e095673817b22,False,False
HSI,qlike_ex_near_zero,full,drop_gjr,semi_quadratic,har,0.42514785734759847,0.1865,8,4815,13,82,10000,58235259,d98e672342f339527f7cdc26fb66dbdf160a0ba334dbfc02d40e095673817b22,True,False
HSI,qlike_ex_near_zero,full,drop_gjr,semi_quadratic,lgbm,0.50917948022938442,0.0001,2,4815,13,82,10000,58235259,d98e672342f339527f7cdc26fb66dbdf160a0ba334dbfc02d40e095673817b22,False,False
HSI,qlike_ex_near_zero,full,drop_gjr,semi_quadratic,moirai,0.41505983197064716,1,12,4815,13,82,10000,58235259,d98e672342f339527f7cdc26fb66dbdf160a0ba334dbfc02d40e095673817b22,True,True
HSI,qlike_ex_near_zero,full,drop_gjr,semi_quadratic,naive,0.69267075000977685,0,1,4815,13,82,10000,58235259,d98e672342f339527f7cdc26fb66dbdf160a0ba334dbfc02d40e095673817b22,False,False
HSI,qlike_ex_near_zero,full,drop_gjr,semi_quadratic,patchtst,0.61064502942921917,0.001,3,4815,13,82,10000,58235259,d98e672342f339527f7cdc26fb66dbdf160a0ba334dbfc02d40e095673817b22,False,False
HSI,qlike_ex_near_zero,full,drop_gjr,semi_quadratic,timesfm,0.43507103628316079,0.0097000000000000003,4,4815,13,82,10000,58235259,d98e672342f339527f7cdc26fb66dbdf160a0ba334dbfc02d40e095673817b22,False,False
KOSPI,crps,full,headline,range,autoarima,0.0066477661371821591,0.67120000000000002,9,4837,0,131,10000,405062940,8fad7ba4b12662a3f067cbbaa0ee6a40a22638ffb76a725da26f21be9d606811,True,True
KOSPI,crps,full,headline,range,autoets,0.0066446265398833601,0.67120000000000002,11,4837,0,131,10000,405062940,8fad7ba4b12662a3f067cbbaa0ee6a40a22638ffb76a725da26f21be9d606811,True,True
KOSPI,crps,full,headline,range,chronos,0.0066481742340172038,0.1391,8,4837,0,131,10000,405062940,8fad7ba4b12662a3f067cbbaa0ee6a40a22638ffb76a725da26f21be9d606811,True,False
KOSPI,crps,full,headline,range,ewma,0.0066867628630506463,0.0051000000000000004,4,4837,0,131,10000,405062940,8fad7ba4b12662a3f067cbbaa0ee6a40a22638ffb76a725da26f21be9d606811,False,False
KOSPI,crps,full,headline,range,garch11,0.0066842593392509222,0.00069999999999999999,2,4837,0,131,10000,405062940,8fad7ba4b12662a3f067cbbaa0ee6a40a22638ffb76a725da26f21be9d606811,False,False
KOSPI,crps,full,headline,range,garch11_t,0.0066812234794948145,0.013100000000000001,6,4837,0,131,10000,405062940,8fad7ba4b12662a3f067cbbaa0ee6a40a22638ffb76a725da26f21be9d606811,False,False
KOSPI,crps,full,headline,range,gjr,0.0066471168154368038,0.67120000000000002,12,4837,0,131,10000,405062940,8fad7ba4b12662a3f067cbbaa0ee6a40a22638ffb76a725da26f21be9d606811,True,True
KOSPI,crps,full,headline,range,har,0.006647231927037105,0.67120000000000002,10,4837,0,131,10000,405062940,8fad7ba4b12662a3f067cbbaa0ee6a40a22638ffb76a725da26f21be9d606811,True,True
KOSPI,crps,full,headline,range,lgbm,0.0067411167534902313,0.0114,5,4837,0,131,10000,405062940,8fad7ba4b12662a3f067cbbaa0ee6a40a22638ffb76a725da26f21be9d606811,False,False
KOSPI,crps,full,headline,range,moirai,0.0066393461104872582,1,13,4837,0,131,10000,405062940,8fad7ba4b12662a3f067cbbaa0ee6a40a22638ffb76a725da26f21be9d606811,True,True
KOSPI,crps,full,headline,range,naive,0.0069015362295726445,0.00059999999999999995,1,4837,0,131,10000,405062940,8fad7ba4b12662a3f067cbbaa0ee6a40a22638ffb76a725da26f21be9d606811,False,False
KOSPI,crps,full,headline,range,patchtst,0.006760554818829945,0.00069999999999999999,3,4837,0,131,10000,405062940,8fad7ba4b12662a3f067cbbaa0ee6a40a22638ffb76a725da26f21be9d606811,False,False
KOSPI,crps,full,headline,range,timesfm,0.0066536989588158362,0.1045,7,4837,0,131,10000,405062940,8fad7ba4b12662a3f067cbbaa0ee6a40a22638ffb76a725da26f21be9d606811,True,False
KOSPI,crps,full,headline,semi_quadratic,autoarima,0.0066477661371821591,0.73019999999999996,9,4837,0,131,10000,1908727799,c9e5f0aaf87ea93e9b2be3c6474ff9c9e222246cc01707b59d7622f2eda80b56,True,True
KOSPI,crps,full,headline,semi_quadratic,autoets,0.0066446265398833601,0.73019999999999996,11,4837,0,131,10000,1908727799,c9e5f0aaf87ea93e9b2be3c6474ff9c9e222246cc01707b59d7622f2eda80b56,True,True
KOSPI,crps,full,headline,semi_quadratic,chronos,0.0066481742340172038,0.57830000000000004,8,4837,0,131,10000,1908727799,c9e5f0aaf87ea93e9b2be3c6474ff9c9e222246cc01707b59d7622f2eda80b56,True,True
KOSPI,crps,full,headline,semi_quadratic,ewma,0.0066867628630506463,0.0016000000000000001,4,4837,0,131,10000,1908727799,c9e5f0aaf87ea93e9b2be3c6474ff9c9e222246cc01707b59d7622f2eda80b56,False,False
KOSPI,crps,full,headline,semi_quadratic,garch11,0.0066842593392509222,0.00059999999999999995,3,4837,0,131,10000,1908727799,c9e5f0aaf87ea93e9b2be3c6474ff9c9e222246cc01707b59d7622f2eda80b56,False,False
KOSPI,crps,full,headline,semi_quadratic,garch11_t,0.0066812234794948145,0.021499999999999998,6,4837,0,131,10000,1908727799,c9e5f0aaf87ea93e9b2be3c6474ff9c9e222246cc01707b59d7622f2eda80b56,False,False
KOSPI,crps,full,headline,semi_quadratic,gjr,0.0066471168154368038,0.73019999999999996,12,4837,0,131,10000,1908727799,c9e5f0aaf87ea93e9b2be3c6474ff9c9e222246cc01707b59d7622f2eda80b56,True,True
KOSPI,crps,full,headline,semi_quadratic,har,0.006647231927037105,0.73019999999999996,10,4837,0,131,10000,1908727799,c9e5f0aaf87ea93e9b2be3c6474ff9c9e222246cc01707b59d7622f2eda80b56,True,True
KOSPI,crps,full,headline,semi_quadratic,lgbm,0.0067411167534902313,0.0051999999999999998,5,4837,0,131,10000,1908727799,c9e5f0aaf87ea93e9b2be3c6474ff9c9e222246cc01707b59d7622f2eda80b56,False,False
KOSPI,crps,full,headline,semi_quadratic,moirai,0.0066393461104872582,1,13,4837,0,131,10000,1908727799,c9e5f0aaf87ea93e9b2be3c6474ff9c9e222246cc01707b59d7622f2eda80b56,True,True
KOSPI,crps,full,headline,semi_quadratic,naive,0.0069015362295726445,0.0001,1,4837,0,131,10000,1908727799,c9e5f0aaf87ea93e9b2be3c6474ff9c9e222246cc01707b59d7622f2eda80b56,False,False
KOSPI,crps,full,headline,semi_quadratic,patchtst,0.006760554818829945,0.00040000000000000002,2,4837,0,131,10000,1908727799,c9e5f0aaf87ea93e9b2be3c6474ff9c9e222246cc01707b59d7622f2eda80b56,False,False
KOSPI,crps,full,headline,semi_quadratic,timesfm,0.0066536989588158362,0.37280000000000002,7,4837,0,131,10000,1908727799,c9e5f0aaf87ea93e9b2be3c6474ff9c9e222246cc01707b59d7622f2eda80b56,True,True
KOSPI,log_score,full,headline,range,autoarima,-3.1102228715424309,0.68879999999999997,11,4837,0,84,10000,1679622112,159fb2c3bc37d05877d92ea814bbe89ddd030bac138a6a5a5d802e48fe59139b,True,True
KOSPI,log_score,full,headline,range,autoets,-3.1110687065902689,0.68879999999999997,12,4837,0,84,10000,1679622112,159fb2c3bc37d05877d92ea814bbe89ddd030bac138a6a5a5d802e48fe59139b,True,True
KOSPI,log_score,full,headline,range,chronos,-3.0999470403460192,0.067599999999999993,6,4837,0,84,10000,1679622112,159fb2c3bc37d05877d92ea814bbe89ddd030bac138a6a5a5d802e48fe59139b,False,False
KOSPI,log_score,full,headline,range,ewma,-3.0941501397568953,0.0178,5,4837,0,84,10000,1679622112,159fb2c3bc37d05877d92ea814bbe89ddd030bac138a6a5a5d802e48fe59139b,False,False
KOSPI,log_score,full,headline,range,garch11,-3.0932961450830581,0.0020999999999999999,2,4837,0,84,10000,1679622112,159fb2c3bc37d05877d92ea814bbe89ddd030bac138a6a5a5d802e48fe59139b,False,False
KOSPI,log_score,full,headline,range,garch11_t,-3.1166542669117239,1,13,4837,0,84,10000,1679622112,159fb2c3bc37d05877d92ea814bbe89ddd030bac138a6a5a5d802e48fe59139b,True,True
KOSPI,log_score,full,headline,range,gjr,-3.1065111007241599,0.57069999999999999,8,4837,0,84,10000,1679622112,159fb2c3bc37d05877d92ea814bbe89ddd030bac138a6a5a5d802e48fe59139b,True,True
KOSPI,log_score,full,headline,range,har,-3.1058924726338506,0.68879999999999997,9,4837,0,84,10000,1679622112,159fb2c3bc37d05877d92ea814bbe89ddd030bac138a6a5a5d802e48fe59139b,True,True
KOSPI,log_score,full,headline,range,lgbm,-3.0638270010513593,0.014999999999999999,3,4837,0,84,10000,1679622112,159fb2c3bc37d05877d92ea814bbe89ddd030bac138a6a5a5d802e48fe59139b,False,False
KOSPI,log_score,full,headline,range,moirai,-3.1086753928753983,0.68879999999999997,10,4837,0,84,10000,1679622112,159fb2c3bc37d05877d92ea814bbe89ddd030bac138a6a5a5d802e48fe59139b,True,True
KOSPI,log_score,full,headline,range,naive,-2.9420502650764475,0.0020999999999999999,1,4837,0,84,10000,1679622112,159fb2c3bc37d05877d92ea814bbe89ddd030bac138a6a5a5d802e48fe59139b,False,False
KOSPI,log_score,full,headline,range,patchtst,-2.9922951833297851,0.016199999999999999,4,4837,0,84,10000,1679622112,159fb2c3bc37d05877d92ea814bbe89ddd030bac138a6a5a5d802e48fe59139b,False,False
KOSPI,log_score,full,headline,range,timesfm,-3.1002164684656659,0.2104,7,4837,0,84,10000,1679622112,159fb2c3bc37d05877d92ea814bbe89ddd030bac138a6a5a5d802e48fe59139b,True,False
KOSPI,log_score,full,headline,semi_quadratic,autoarima,-3.1102228715424309,0.64190000000000003,11,4837,0,84,10000,2102024304,966d60192096611c79e93aff436712b45f1418d7b448f1a7745ea965c7af123b,True,True
KOSPI,log_score,full,headline,semi_quadratic,autoets,-3.1110687065902689,0.64190000000000003,12,4837,0,84,10000,2102024304,966d60192096611c79e93aff436712b45f1418d7b448f1a7745ea965c7af123b,True,True
KOSPI,log_score,full,headline,semi_quadratic,chronos,-3.0999470403460192,0.050900000000000001,6,4837,0,84,10000,2102024304,966d60192096611c79e93aff436712b45f1418d7b448f1a7745ea965c7af123b,False,False
KOSPI,log_score,full,headline,semi_quadratic,ewma,-3.0941501397568953,0.0129,5,4837,0,84,10000,2102024304,966d60192096611c79e93aff436712b45f1418d7b448f1a7745ea965c7af123b,False,False
KOSPI,log_score,full,headline,semi_quadratic,garch11,-3.0932961450830581,0.001,2,4837,0,84,10000,2102024304,966d60192096611c79e93aff436712b45f1418d7b448f1a7745ea965c7af123b,False,False
KOSPI,log_score,full,headline,semi_quadratic,garch11_t,-3.1166542669117239,1,13,4837,0,84,10000,2102024304,966d60192096611c79e93aff436712b45f1418d7b448f1a7745ea965c7af123b,True,True
KOSPI,log_score,full,headline,semi_quadratic,gjr,-3.1065111007241599,0.57150000000000001,8,4837,0,84,10000,2102024304,966d60192096611c79e93aff436712b45f1418d7b448f1a7745ea965c7af123b,True,True
KOSPI,log_score,full,headline,semi_quadratic,har,-3.1058924726338506,0.57150000000000001,9,4837,0,84,10000,2102024304,966d60192096611c79e93aff436712b45f1418d7b448f1a7745ea965c7af123b,True,True
KOSPI,log_score,full,headline,semi_quadratic,lgbm,-3.0638270010513593,0.0019,3,4837,0,84,10000,2102024304,966d60192096611c79e93aff436712b45f1418d7b448f1a7745ea965c7af123b,False,False
KOSPI,log_score,full,headline,semi_quadratic,moirai,-3.1086753928753983,0.64190000000000003,10,4837,0,84,10000,2102024304,966d60192096611c79e93aff436712b45f1418d7b448f1a7745ea965c7af123b,True,True
KOSPI,log_score,full,headline,semi_quadratic,naive,-2.9420502650764475,0.00050000000000000001,1,4837,0,84,10000,2102024304,966d60192096611c79e93aff436712b45f1418d7b448f1a7745ea965c7af123b,False,False
KOSPI,log_score,full,headline,semi_quadratic,patchtst,-2.9922951833297851,0.0022000000000000001,4,4837,0,84,10000,2102024304,966d60192096611c79e93aff436712b45f1418d7b448f1a7745ea965c7af123b,False,False
KOSPI,log_score,full,headline,semi_quadratic,timesfm,-3.1002164684656659,0.15279999999999999,7,4837,0,84,10000,2102024304,966d60192096611c79e93aff436712b45f1418d7b448f1a7745ea965c7af123b,True,False
KOSPI,pinball_0p01,full,headline,range,autoarima,0.00044631947084924564,0.5857,12,4837,0,96,10000,173057966,0a4437f9b96a7f69ae88767082a9ae9ce44aef8728eb6f61e99c0110eb68da01,True,True
KOSPI,pinball_0p01,full,headline,range,autoets,0.00044048576545003306,1,13,4837,0,96,10000,173057966,0a4437f9b96a7f69ae88767082a9ae9ce44aef8728eb6f61e99c0110eb68da01,True,True
KOSPI,pinball_0p01,full,headline,range,chronos,0.00047610362822235062,0.087099999999999997,4,4837,0,96,10000,173057966,0a4437f9b96a7f69ae88767082a9ae9ce44aef8728eb6f61e99c0110eb68da01,False,False
KOSPI,pinball_0p01,full,headline,range,ewma,0.0004728783922251092,0.095500000000000002,5,4837,0,96,10000,173057966,0a4437f9b96a7f69ae88767082a9ae9ce44aef8728eb6f61e99c0110eb68da01,False,False
KOSPI,pinball_0p01,full,headline,range,garch11,0.00048224789531486786,0.0155,1,4837,0,96,10000,173057966,0a4437f9b96a7f69ae88767082a9ae9ce44aef8728eb6f61e99c0110eb68da01,False,False
KOSPI,pinball_0p01,full,headline,range,garch11_t,0.00045316312653366931,0.5857,11,4837,0,96,10000,173057966,0a4437f9b96a7f69ae88767082a9ae9ce44aef8728eb6f61e99c0110eb68da01,True,True
KOSPI,pinball_0p01,full,headline,range,gjr,0.00045842231119176972,0.5857,10,4837,0,96,10000,173057966,0a4437f9b96a7f69ae88767082a9ae9ce44aef8728eb6f61e99c0110eb68da01,True,True
KOSPI,pinball_0p01,full,headline,range,har,0.00047061950661678517,0.2271,7,4837,0,96,10000,173057966,0a4437f9b96a7f69ae88767082a9ae9ce44aef8728eb6f61e99c0110eb68da01,True,False
KOSPI,pinball_0p01,full,headline,range,lgbm,0.00048686094374455867,0.28799999999999998,9,4837,0,96,10000,173057966,0a4437f9b96a7f69ae88767082a9ae9ce44aef8728eb6f61e99c0110eb68da01,True,True
KOSPI,pinball_0p01,full,headline,range,moirai,0.00046463278360217878,0.28799999999999998,8,4837,0,96,10000,173057966,0a4437f9b96a7f69ae88767082a9ae9ce44aef8728eb6f61e99c0110eb68da01,True,True
KOSPI,pinball_0p01,full,headline,range,naive,0.00066311132421129548,0.0751,3,4837,0,96,10000,173057966,0a4437f9b96a7f69ae88767082a9ae9ce44aef8728eb6f61e99c0110eb68da01,False,False
KOSPI,pinball_0p01,full,headline,range,patchtst,0.00056139281127776152,0.033799999999999997,2,4837,0,96,10000,173057966,0a4437f9b96a7f69ae88767082a9ae9ce44aef8728eb6f61e99c0110eb68da01,False,False
KOSPI,pinball_0p01,full,headline,range,timesfm,0.00048082176897994372,0.14460000000000001,6,4837,0,96,10000,173057966,0a4437f9b96a7f69ae88767082a9ae9ce44aef8728eb6f61e99c0110eb68da01,True,False
KOSPI,pinball_0p01,full,headline,semi_quadratic,autoarima,0.00044631947084924564,0.43209999999999998,12,4837,0,96,10000,2022359523,34f3f7b9024fea733b20268a0057490d972daef2ec879a8a05b1912b3c555ed1,True,True
KOSPI,pinball_0p01,full,headline,semi_quadratic,autoets,0.00044048576545003306,1,13,4837,0,96,10000,2022359523,34f3f7b9024fea733b20268a0057490d972daef2ec879a8a05b1912b3c555ed1,True,True
KOSPI,pinball_0p01,full,headline,semi_quadratic,chronos,0.00047610362822235062,0.044200000000000003,4,4837,0,96,10000,2022359523,34f3f7b9024fea733b20268a0057490d972daef2ec879a8a05b1912b3c555ed1,False,False
KOSPI,pinball_0p01,full,headline,semi_quadratic,ewma,0.0004728783922251092,0.054600000000000003,5,4837,0,96,10000,2022359523,34f3f7b9024fea733b20268a0057490d972daef2ec879a8a05b1912b3c555ed1,False,False
KOSPI,pinball_0p01,full,headline,semi_quadratic,garch11,0.00048224789531486786,0.0067000000000000002,1,4837,0,96,10000,2022359523,34f3f7b9024fea733b20268a0057490d972daef2ec879a8a05b1912b3c555ed1,False,False
KOSPI,pinball_0p01,full,headline,semi_quadratic,garch11_t,0.00045316312653366931,0.43209999999999998,11,4837,0,96,10000,2022359523,34f3f7b9024fea733b20268a0057490d972daef2ec879a8a05b1912b3c555ed1,True,True
KOSPI,pinball_0p01,full,headline,semi_quadratic,gjr,0.00045842231119176972,0.43209999999999998,10,4837,0,96,10000,2022359523,34f3f7b9024fea733b20268a0057490d972daef2ec879a8a05b1912b3c555ed1,True,True
KOSPI,pinball_0p01,full,headline,semi_quadratic,har,0.00047061950661678517,0.1174,7,4837,0,96,10000,2022359523,34f3f7b9024fea733b20268a0057490d972daef2ec879a8a05b1912b3c555ed1,True,False
KOSPI,pinball_0p01,full,headline,semi_quadratic,lgbm,0.00048686094374455867,0.16350000000000001,9,4837,0,96,10000,2022359523,34f3f7b9024fea733b20268a0057490d972daef2ec879a8a05b1912b3c555ed1,True,False
KOSPI,pinball_0p01,full,headline,semi_quadratic,moirai,0.00046463278360217878,0.15870000000000001,8,4837,0,96,10000,2022359523,34f3f7b9024fea733b20268a0057490d972daef2ec879a8a05b1912b3c555ed1,True,False
KOSPI,pinball_0p01,full,headline,semi_quadratic,naive,0.00066311132421129548,0.0124,3,4837,0,96,10000,2022359523,34f3f7b9024fea733b20268a0057490d972daef2ec879a8a05b1912b3c555ed1,False,False
KOSPI,pinball_0p01,full,headline,semi_quadratic,patchtst,0.00056139281127776152,0.0080000000000000002,2,4837,0,96,10000,2022359523,34f3f7b9024fea733b20268a0057490d972daef2ec879a8a05b1912b3c555ed1,False,False
KOSPI,pinball_0p01,full,headline,semi_quadratic,timesfm,0.00048082176897994372,0.064699999999999994,6,4837,0,96,10000,2022359523,34f3f7b9024fea733b20268a0057490d972daef2ec879a8a05b1912b3c555ed1,False,False
KOSPI,pinball_0p025,full,headline,range,autoarima,0.00087757048396684928,0.80369999999999997,12,4837,0,92,10000,1997477625,62cc5340261d5b7f8b5c3c906c1ff382c47ad0299f7e6ceb6536e90f5669c53a,True,True
KOSPI,pinball_0p025,full,headline,range,autoets,0.00087286247492383395,1,13,4837,0,92,10000,1997477625,62cc5340261d5b7f8b5c3c906c1ff382c47ad0299f7e6ceb6536e90f5669c53a,True,True
KOSPI,pinball_0p025,full,headline,range,chronos,0.00090118935764794289,0.19400000000000001,7,4837,0,92,10000,1997477625,62cc5340261d5b7f8b5c3c906c1ff382c47ad0299f7e6ceb6536e90f5669c53a,True,False
KOSPI,pinball_0p025,full,headline,range,ewma,0.00092065042008149104,0.018200000000000001,2,4837,0,92,10000,1997477625,62cc5340261d5b7f8b5c3c906c1ff382c47ad0299f7e6ceb6536e90f5669c53a,False,False
KOSPI,pinball_0p025,full,headline,range,garch11,0.00093106704571132887,0.0057000000000000002,1,4837,0,92,10000,1997477625,62cc5340261d5b7f8b5c3c906c1ff382c47ad0299f7e6ceb6536e90f5669c53a,False,False
KOSPI,pinball_0p025,full,headline,range,garch11_t,0.00092400282043338501,0.018200000000000001,3,4837,0,92,10000,1997477625,62cc5340261d5b7f8b5c3c906c1ff382c47ad0299f7e6ceb6536e90f5669c53a,False,False
KOSPI,pinball_0p025,full,headline,range,gjr,0.00088443564363259073,0.80369999999999997,11,4837,0,92,10000,1997477625,62cc5340261d5b7f8b5c3c906c1ff382c47ad0299f7e6ceb6536e90f5669c53a,True,True
KOSPI,pinball_0p025,full,headline,range,har,0.00089486812532040233,0.36280000000000001,9,4837,0,92,10000,1997477625,62cc5340261d5b7f8b5c3c906c1ff382c47ad0299f7e6ceb6536e90f5669c53a,True,True
KOSPI,pinball_0p025,full,headline,range,lgbm,0.0009337267485205233,0.19400000000000001,6,4837,0,92,10000,1997477625,62cc5340261d5b7f8b5c3c906c1ff382c47ad0299f7e6ceb6536e90f5669c53a,True,False
KOSPI,pinball_0p025,full,headline,range,moirai,0.00089282569113092103,0.46039999999999998,10,4837,0,92,10000,1997477625,62cc5340261d5b7f8b5c3c906c1ff382c47ad0299f7e6ceb6536e90f5669c53a,True,True
KOSPI,pinball_0p025,full,headline,range,naive,0.0011226228553764738,0.0183,4,4837,0,92,10000,1997477625,62cc5340261d5b7f8b5c3c906c1ff382c47ad0299f7e6ceb6536e90f5669c53a,False,False
KOSPI,pinball_0p025,full,headline,range,patchtst,0.0009994555105992261,0.020299999999999999,5,4837,0,92,10000,1997477625,62cc5340261d5b7f8b5c3c906c1ff382c47ad0299f7e6ceb6536e90f5669c53a,False,False
KOSPI,pinball_0p025,full,headline,range,timesfm,0.00090565777149019132,0.26329999999999998,8,4837,0,92,10000,1997477625,62cc5340261d5b7f8b5c3c906c1ff382c47ad0299f7e6ceb6536e90f5669c53a,True,True
KOSPI,pinball_0p025,full,headline,semi_quadratic,autoarima,0.00087757048396684928,0.75329999999999997,12,4837,0,92,10000,2082546997,ae26e8d2c115b66bdda9b60acbad28f7668072a9c640b32ca91c795ae7ef1003,True,True
KOSPI,pinball_0p025,full,headline,semi_quadratic,autoets,0.00087286247492383395,1,13,4837,0,92,10000,2082546997,ae26e8d2c115b66bdda9b60acbad28f7668072a9c640b32ca91c795ae7ef1003,True,True
KOSPI,pinball_0p025,full,headline,semi_quadratic,chronos,0.00090118935764794289,0.12939999999999999,7,4837,0,92,10000,2082546997,ae26e8d2c115b66bdda9b60acbad28f7668072a9c640b32ca91c795ae7ef1003,True,False
KOSPI,pinball_0p025,full,headline,semi_quadratic,ewma,0.00092065042008149104,0.0033999999999999998,2,4837,0,92,10000,2082546997,ae26e8d2c115b66bdda9b60acbad28f7668072a9c640b32ca91c795ae7ef1003,False,False
KOSPI,pinball_0p025,full,headline,semi_quadratic,garch11,0.00093106704571132887,0.0025999999999999999,1,4837,0,92,10000,2082546997,ae26e8d2c115b66bdda9b60acbad28f7668072a9c640b32ca91c795ae7ef1003,False,False
KOSPI,pinball_0p025,full,headline,semi_quadratic,garch11_t,0.00092400282043338501,0.0038999999999999998,3,4837,0,92,10000,2082546997,ae26e8d2c115b66bdda9b60acbad28f7668072a9c640b32ca91c795ae7ef1003,False,False
KOSPI,pinball_0p025,full,headline,semi_quadratic,gjr,0.00088443564363259073,0.75329999999999997,11,4837,0,92,10000,2082546997,ae26e8d2c115b66bdda9b60acbad28f7668072a9c640b32ca91c795ae7ef1003,True,True
KOSPI,pinball_0p025,full,headline,semi_quadratic,har,0.00089486812532040233,0.37559999999999999,9,4837,0,92,10000,2082546997,ae26e8d2c115b66bdda9b60acbad28f7668072a9c640b32ca91c795ae7ef1003,True,True
KOSPI,pinball_0p025,full,headline,semi_quadratic,lgbm,0.0009337267485205233,0.081600000000000006,6,4837,0,92,10000,2082546997,ae26e8d2c115b66bdda9b60acbad28f7668072a9c640b32ca91c795ae7ef1003,False,False
KOSPI,pinball_0p025,full,headline,semi_quadratic,moirai,0.00089282569113092103,0.53090000000000004,10,4837,0,92,10000,2082546997,ae26e8d2c115b66bdda9b60acbad28f7668072a9c640b32ca91c795ae7ef1003,True,True
KOSPI,pinball_0p025,full,headline,semi_quadratic,naive,0.0011226228553764738,0.0053,4,4837,0,92,10000,2082546997,ae26e8d2c115b66bdda9b60acbad28f7668072a9c640b32ca91c795ae7ef1003,False,False
KOSPI,pinball_0p025,full,headline,semi_quadratic,patchtst,0.0009994555105992261,0.019,5,4837,0,92,10000,2082546997,ae26e8d2c115b66bdda9b60acbad28f7668072a9c640b32ca91c795ae7ef1003,False,False
KOSPI,pinball_0p025,full,headline,semi_quadratic,timesfm,0.00090565777149019132,0.17480000000000001,8,4837,0,92,10000,2082546997,ae26e8d2c115b66bdda9b60acbad28f7668072a9c640b32ca91c795ae7ef1003,True,False
KOSPI,pinball_0p05,full,headline,range,autoarima,0.0014514939847931909,0.65069999999999995,12,4837,0,84,10000,344895716,8001ab58d89af32bdde1b6550e0bdffb52b1c535a39307ebc2869a257e96c03b,True,True
KOSPI,pinball_0p05,full,headline,range,autoets,0.0014425204290715952,1,13,4837,0,84,10000,344895716,8001ab58d89af32bdde1b6550e0bdffb52b1c535a39307ebc2869a257e96c03b,True,True
KOSPI,pinball_0p05,full,headline,range,chronos,0.0014757297467915943,0.16420000000000001,7,4837,0,84,10000,344895716,8001ab58d89af32bdde1b6550e0bdffb52b1c535a39307ebc2869a257e96c03b,True,False
KOSPI,pinball_0p05,full,headline,range,ewma,0.001503937567279557,0.0086,1,4837,0,84,10000,344895716,8001ab58d89af32bdde1b6550e0bdffb52b1c535a39307ebc2869a257e96c03b,False,False
KOSPI,pinball_0p05,full,headline,range,garch11,0.0015117450307952386,0.019900000000000001,3,4837,0,84,10000,344895716,8001ab58d89af32bdde1b6550e0bdffb52b1c535a39307ebc2869a257e96c03b,False,False
KOSPI,pinball_0p05,full,headline,range,garch11_t,0.0015185811699563168,0.025899999999999999,5,4837,0,84,10000,344895716,8001ab58d89af32bdde1b6550e0bdffb52b1c535a39307ebc2869a257e96c03b,False,False
KOSPI,pinball_0p05,full,headline,range,gjr,0.0014691709727579863,0.65069999999999995,10,4837,0,84,10000,344895716,8001ab58d89af32bdde1b6550e0bdffb52b1c535a39307ebc2869a257e96c03b,True,True
KOSPI,pinball_0p05,full,headline,range,har,0.0014612114444941117,0.65069999999999995,11,4837,0,84,10000,344895716,8001ab58d89af32bdde1b6550e0bdffb52b1c535a39307ebc2869a257e96c03b,True,True
KOSPI,pinball_0p05,full,headline,range,lgbm,0.0015251675848075841,0.0848,6,4837,0,84,10000,344895716,8001ab58d89af32bdde1b6550e0bdffb52b1c535a39307ebc2869a257e96c03b,False,False
KOSPI,pinball_0p05,full,headline,range,moirai,0.001463292693057191,0.65069999999999995,9,4837,0,84,10000,344895716,8001ab58d89af32bdde1b6550e0bdffb52b1c535a39307ebc2869a257e96c03b,True,True
KOSPI,pinball_0p05,full,headline,range,naive,0.0017056527820042066,0.0097999999999999997,2,4837,0,84,10000,344895716,8001ab58d89af32bdde1b6550e0bdffb52b1c535a39307ebc2869a257e96c03b,False,False
KOSPI,pinball_0p05,full,headline,range,patchtst,0.0015695637505460454,0.023099999999999999,4,4837,0,84,10000,344895716,8001ab58d89af32bdde1b6550e0bdffb52b1c535a39307ebc2869a257e96c03b,False,False
KOSPI,pinball_0p05,full,headline,range,timesfm,0.0014799829643261364,0.19789999999999999,8,4837,0,84,10000,344895716,8001ab58d89af32bdde1b6550e0bdffb52b1c535a39307ebc2869a257e96c03b,True,False
KOSPI,pinball_0p05,full,headline,semi_quadratic,autoarima,0.0014514939847931909,0.46300000000000002,12,4837,0,84,10000,1265101762,8c708596941a7420dff95df9f301b3a1d24f9ad08e6ef22056f6be22ce0f3fff,True,True
KOSPI,pinball_0p05,full,headline,semi_quadratic,autoets,0.0014425204290715952,1,13,4837,0,84,10000,1265101762,8c708596941a7420dff95df9f301b3a1d24f9ad08e6ef22056f6be22ce0f3fff,True,True
KOSPI,pinball_0p05,full,headline,semi_quadratic,chronos,0.0014757297467915943,0.1193,7,4837,0,84,10000,1265101762,8c708596941a7420dff95df9f301b3a1d24f9ad08e6ef22056f6be22ce0f3fff,True,False
KOSPI,pinball_0p05,full,headline,semi_quadratic,ewma,0.001503937567279557,0.0011999999999999999,1,4837,0,84,10000,1265101762,8c708596941a7420dff95df9f301b3a1d24f9ad08e6ef22056f6be22ce0f3fff,False,False
KOSPI,pinball_0p05,full,headline,semi_quadratic,garch11,0.0015117450307952386,0.0047000000000000002,3,4837,0,84,10000,1265101762,8c708596941a7420dff95df9f301b3a1d24f9ad08e6ef22056f6be22ce0f3fff,False,False
KOSPI,pinball_0p05,full,headline,semi_quadratic,garch11_t,0.0015185811699563168,0.0111,5,4837,0,84,10000,1265101762,8c708596941a7420dff95df9f301b3a1d24f9ad08e6ef22056f6be22ce0f3fff,False,False
KOSPI,pinball_0p05,full,headline,semi_quadratic,gjr,0.0014691709727579863,0.46300000000000002,9,4837,0,84,10000,1265101762,8c708596941a7420dff95df9f301b3a1d24f9ad08e6ef22056f6be22ce0f3fff,True,True
KOSPI,pinball_0p05,full,headline,semi_quadratic,har,0.0014612114444941117,0.46300000000000002,11,4837,0,84,10000,1265101762,8c708596941a7420dff95df9f301b3a1d24f9ad08e6ef22056f6be22ce0f3fff,True,True
KOSPI,pinball_0p05,full,headline,semi_quadratic,lgbm,0.0015251675848075841,0.0453,6,4837,0,84,10000,1265101762,8c708596941a7420dff95df9f301b3a1d24f9ad08e6ef22056f6be22ce0f3fff,False,False
KOSPI,pinball_0p05,full,headline,semi_quadratic,moirai,0.001463292693057191,0.46300000000000002,10,4837,0,84,10000,1265101762,8c708596941a7420dff95df9f301b3a1d24f9ad08e6ef22056f6be22ce0f3fff,True,True
KOSPI,pinball_0p05,full,headline,semi_quadratic,naive,0.0017056527820042066,0.0015,2,4837,0,84,10000,1265101762,8c708596941a7420dff95df9f301b3a1d24f9ad08e6ef22056f6be22ce0f3fff,False,False
KOSPI,pinball_0p05,full,headline,semi_quadratic,patchtst,0.0015695637505460454,0.0064999999999999997,4,4837,0,84,10000,1265101762,8c708596941a7420dff95df9f301b3a1d24f9ad08e6ef22056f6be22ce0f3fff,False,False
KOSPI,pinball_0p05,full,headline,semi_quadratic,timesfm,0.0014799829643261364,0.17199999999999999,8,4837,0,84,10000,1265101762,8c708596941a7420dff95df9f301b3a1d24f9ad08e6ef22056f6be22ce0f3fff,True,False
KOSPI,pinball_avg,full,headline,range,autoarima,0.00092512797986976441,0.49170000000000003,12,4837,0,90,10000,319115878,dac6b30b015147e0cf02ed28f375e35ae8dc4b9d10db89137bd08e204a870a09,True,True
KOSPI,pinball_avg,full,headline,range,autoets,0.00091862288981515267,1,13,4837,0,90,10000,319115878,dac6b30b015147e0cf02ed28f375e35ae8dc4b9d10db89137bd08e204a870a09,True,True
KOSPI,pinball_avg,full,headline,range,chronos,0.00095100757755396345,0.12590000000000001,6,4837,0,90,10000,319115878,dac6b30b015147e0cf02ed28f375e35ae8dc4b9d10db89137bd08e204a870a09,True,False
KOSPI,pinball_avg,full,headline,range,ewma,0.00096582212652871857,0.018200000000000001,2,4837,0,90,10000,319115878,dac6b30b015147e0cf02ed28f375e35ae8dc4b9d10db89137bd08e204a870a09,False,False
KOSPI,pinball_avg,full,headline,range,garch11,0.00097501999060714529,0.017399999999999999,1,4837,0,90,10000,319115878,dac6b30b015147e0cf02ed28f375e35ae8dc4b9d10db89137bd08e204a870a09,False,False
KOSPI,pinball_avg,full,headline,range,garch11_t,0.00096524903897445447,0.0974,5,4837,0,90,10000,319115878,dac6b30b015147e0cf02ed28f375e35ae8dc4b9d10db89137bd08e204a870a09,False,False
KOSPI,pinball_avg,full,headline,range,gjr,0.00093734297586077974,0.49170000000000003,11,4837,0,90,10000,319115878,dac6b30b015147e0cf02ed28f375e35ae8dc4b9d10db89137bd08e204a870a09,True,True
KOSPI,pinball_avg,full,headline,range,har,0.00094223302547709494,0.32329999999999998,9,4837,0,90,10000,319115878,dac6b30b015147e0cf02ed28f375e35ae8dc4b9d10db89137bd08e204a870a09,True,True
KOSPI,pinball_avg,full,headline,range,lgbm,0.00098191842569088773,0.14130000000000001,7,4837,0,90,10000,319115878,dac6b30b015147e0cf02ed28f375e35ae8dc4b9d10db89137bd08e204a870a09,True,False
KOSPI,pinball_avg,full,headline,range,moirai,0.00094025038926343063,0.3654,10,4837,0,90,10000,319115878,dac6b30b015147e0cf02ed28f375e35ae8dc4b9d10db89137bd08e204a870a09,True,True
KOSPI,pinball_avg,full,headline,range,naive,0.0011637956538639912,0.025600000000000001,3,4837,0,90,10000,319115878,dac6b30b015147e0cf02ed28f375e35ae8dc4b9d10db89137bd08e204a870a09,False,False
KOSPI,pinball_avg,full,headline,range,patchtst,0.0010434706908076796,0.025700000000000001,4,4837,0,90,10000,319115878,dac6b30b015147e0cf02ed28f375e35ae8dc4b9d10db89137bd08e204a870a09,False,False
KOSPI,pinball_avg,full,headline,range,timesfm,0.00095548750159875969,0.1658,8,4837,0,90,10000,319115878,dac6b30b015147e0cf02ed28f375e35ae8dc4b9d10db89137bd08e204a870a09,True,False
KOSPI,pinball_avg,full,headline,semi_quadratic,autoarima,0.00092512797986976441,0.46810000000000002,12,4837,0,90,10000,796589821,4825a38f5fc1780f4b7374b72bd9ede585c8b147b8cfb980667bf2656e831b8d,True,True
KOSPI,pinball_avg,full,headline,semi_quadratic,autoets,0.00091862288981515267,1,13,4837,0,90,10000,796589821,4825a38f5fc1780f4b7374b72bd9ede585c8b147b8cfb980667bf2656e831b8d,True,True
KOSPI,pinball_avg,full,headline,semi_quadratic,chronos,0.00095100757755396345,0.047699999999999999,6,4837,0,90,10000,796589821,4825a38f5fc1780f4b7374b72bd9ede585c8b147b8cfb980667bf2656e831b8d,False,False
KOSPI,pinball_avg,full,headline,semi_quadratic,ewma,0.00096582212652871857,0.0035999999999999999,2,4837,0,90,10000,796589821,4825a38f5fc1780f4b7374b72bd9ede585c8b147b8cfb980667bf2656e831b8d,False,False
KOSPI,pinball_avg,full,headline,semi_quadratic,garch11,0.00097501999060714529,0.0020999999999999999,1,4837,0,90,10000,796589821,4825a38f5fc1780f4b7374b72bd9ede585c8b147b8cfb980667bf2656e831b8d,False,False
KOSPI,pinball_avg,full,headline,semi_quadratic,garch11_t,0.00096524903897445447,0.029600000000000001,5,4837,0,90,10000,796589821,4825a38f5fc1780f4b7374b72bd9ede585c8b147b8cfb980667bf2656e831b8d,False,False
KOSPI,pinball_avg,full,headline,semi_quadratic,gjr,0.00093734297586077974,0.46810000000000002,11,4837,0,90,10000,796589821,4825a38f5fc1780f4b7374b72bd9ede585c8b147b8cfb980667bf2656e831b8d,True,True
KOSPI,pinball_avg,full,headline,semi_quadratic,har,0.00094223302547709494,0.26519999999999999,9,4837,0,90,10000,796589821,4825a38f5fc1780f4b7374b72bd9ede585c8b147b8cfb980667bf2656e831b8d,True,True
KOSPI,pinball_avg,full,headline,semi_quadratic,lgbm,0.00098191842569088773,0.054699999999999999,7,4837,0,90,10000,796589821,4825a38f5fc1780f4b7374b72bd9ede585c8b147b8cfb980667bf2656e831b8d,False,False
KOSPI,pinball_avg,full,headline,semi_quadratic,moirai,0.00094025038926343063,0.36730000000000002,10,4837,0,90,10000,796589821,4825a38f5fc1780f4b7374b72bd9ede585c8b147b8cfb980667bf2656e831b8d,True,True
KOSPI,pinball_avg,full,headline,semi_quadratic,naive,0.0011637956538639912,0.0038999999999999998,3,4837,0,90,10000,796589821,4825a38f5fc1780f4b7374b72bd9ede585c8b147b8cfb980667bf2656e831b8d,False,False
KOSPI,pinball_avg,full,headline,semi_quadratic,patchtst,0.0010434706908076796,0.012500000000000001,4,4837,0,90,10000,796589821,4825a38f5fc1780f4b7374b72bd9ede585c8b147b8cfb980667bf2656e831b8d,False,False
KOSPI,pinball_avg,full,headline,semi_quadratic,timesfm,0.00095548750159875969,0.0998,8,4837,0,90,10000,796589821,4825a38f5fc1780f4b7374b72bd9ede585c8b147b8cfb980667bf2656e831b8d,False,False
KOSPI,qlike,full,headline,range,autoarima,0.41805985196904738,0.77190000000000003,10,4837,0,84,10000,635191135,d87e37a18b92601ea99fa07a2f4cf71fbdb011cdf46a511056d84f30291582a2,True,True
KOSPI,qlike,full,headline,range,autoets,0.4195354133814983,0.77190000000000003,11,4837,0,84,10000,635191135,d87e37a18b92601ea99fa07a2f4cf71fbdb011cdf46a511056d84f30291582a2,True,True
KOSPI,qlike,full,headline,range,chronos,0.42485044658905619,0.0121,5,4837,0,84,10000,635191135,d87e37a18b92601ea99fa07a2f4cf71fbdb011cdf46a511056d84f30291582a2,False,False
KOSPI,qlike,full,headline,range,ewma,0.42488533766668468,0.68779999999999997,8,4837,0,84,10000,635191135,d87e37a18b92601ea99fa07a2f4cf71fbdb011cdf46a511056d84f30291582a2,True,True
KOSPI,qlike,full,headline,range,garch11,0.42705614887971349,0.68779999999999997,9,4837,0,84,10000,635191135,d87e37a18b92601ea99fa07a2f4cf71fbdb011cdf46a511056d84f30291582a2,True,True
KOSPI,qlike,full,headline,range,garch11_t,0.42794827416617603,0.68779999999999997,6,4837,0,84,10000,635191135,d87e37a18b92601ea99fa07a2f4cf71fbdb011cdf46a511056d84f30291582a2,True,True
KOSPI,qlike,full,headline,range,gjr,0.4116012631939695,1,13,4837,0,84,10000,635191135,d87e37a18b92601ea99fa07a2f4cf71fbdb011cdf46a511056d84f30291582a2,True,True
KOSPI,qlike,full,headline,range,har,0.41795234801345105,0.68779999999999997,7,4837,0,84,10000,635191135,d87e37a18b92601ea99fa07a2f4cf71fbdb011cdf46a511056d84f30291582a2,True,True
KOSPI,qlike,full,headline,range,lgbm,0.51491191889744492,0.00089999999999999998,2,4837,0,84,10000,635191135,d87e37a18b92601ea99fa07a2f4cf71fbdb011cdf46a511056d84f30291582a2,False,False
KOSPI,qlike,full,headline,range,moirai,0.4118267491676692,0.98729999999999996,12,4837,0,84,10000,635191135,d87e37a18b92601ea99fa07a2f4cf71fbdb011cdf46a511056d84f30291582a2,True,True
KOSPI,qlike,full,headline,range,naive,0.73187504843500095,0.00029999999999999997,1,4837,0,84,10000,635191135,d87e37a18b92601ea99fa07a2f4cf71fbdb011cdf46a511056d84f30291582a2,False,False
KOSPI,qlike,full,headline,range,patchtst,0.65039558381665208,0.0041000000000000003,4,4837,0,84,10000,635191135,d87e37a18b92601ea99fa07a2f4cf71fbdb011cdf46a511056d84f30291582a2,False,False
KOSPI,qlike,full,headline,range,timesfm,0.42838049867960709,0.0035999999999999999,3,4837,0,84,10000,635191135,d87e37a18b92601ea99fa07a2f4cf71fbdb011cdf46a511056d84f30291582a2,False,False
KOSPI,qlike,full,headline,semi_quadratic,autoarima,0.41805985196904738,0.74660000000000004,10,4837,0,84,10000,1387867694,8a5634b6bf59829d75360dafac2c4b3fbe23c20463af74d3087f0bedfd5130c6,True,True
KOSPI,qlike,full,headline,semi_quadratic,autoets,0.4195354133814983,0.74660000000000004,11,4837,0,84,10000,1387867694,8a5634b6bf59829d75360dafac2c4b3fbe23c20463af74d3087f0bedfd5130c6,True,True
KOSPI,qlike,full,headline,semi_quadratic,chronos,0.42485044658905619,0.32029999999999997,5,4837,0,84,10000,1387867694,8a5634b6bf59829d75360dafac2c4b3fbe23c20463af74d3087f0bedfd5130c6,True,True
KOSPI,qlike,full,headline,semi_quadratic,ewma,0.42488533766668468,0.55859999999999999,8,4837,0,84,10000,1387867694,8a5634b6bf59829d75360dafac2c4b3fbe23c20463af74d3087f0bedfd5130c6,True,True
KOSPI,qlike,full,headline,semi_quadratic,garch11,0.42705614887971349,0.56559999999999999,9,4837,0,84,10000,1387867694,8a5634b6bf59829d75360dafac2c4b3fbe23c20463af74d3087f0bedfd5130c6,True,True
KOSPI,qlike,full,headline,semi_quadratic,garch11_t,0.42794827416617603,0.4869,6,4837,0,84,10000,1387867694,8a5634b6bf59829d75360dafac2c4b3fbe23c20463af74d3087f0bedfd5130c6,True,True
KOSPI,qlike,full,headline,semi_quadratic,gjr,0.4116012631939695,1,13,4837,0,84,10000,1387867694,8a5634b6bf59829d75360dafac2c4b3fbe23c20463af74d3087f0bedfd5130c6,True,True
KOSPI,qlike,full,headline,semi_quadratic,har,0.41795234801345105,0.55859999999999999,7,4837,0,84,10000,1387867694,8a5634b6bf59829d75360dafac2c4b3fbe23c20463af74d3087f0bedfd5130c6,True,True
KOSPI,qlike,full,headline,semi_quadratic,lgbm,0.51491191889744492,0.00089999999999999998,2,4837,0,84,10000,1387867694,8a5634b6bf59829d75360dafac2c4b3fbe23c20463af74d3087f0bedfd5130c6,False,False
KOSPI,qlike,full,headline,semi_quadratic,moirai,0.4118267491676692,0.98519999999999996,12,4837,0,84,10000,1387867694,8a5634b6bf59829d75360dafac2c4b3fbe23c20463af74d3087f0bedfd5130c6,True,True
KOSPI,qlike,full,headline,semi_quadratic,naive,0.73187504843500095,0.00020000000000000001,1,4837,0,84,10000,1387867694,8a5634b6bf59829d75360dafac2c4b3fbe23c20463af74d3087f0bedfd5130c6,False,False
KOSPI,qlike,full,headline,semi_quadratic,patchtst,0.65039558381665208,0.0058999999999999999,4,4837,0,84,10000,1387867694,8a5634b6bf59829d75360dafac2c4b3fbe23c20463af74d3087f0bedfd5130c6,False,False
KOSPI,qlike,full,headline,semi_quadratic,timesfm,0.42838049867960709,0.0051999999999999998,3,4837,0,84,10000,1387867694,8a5634b6bf59829d75360dafac2c4b3fbe23c20463af74d3087f0bedfd5130c6,False,False
KOSPI,fz0_0p01,full,headline,range,autoarima,-3.1442458731792318,0.25740000000000002,11,4837,0,81,10000,135452714,e341ec1abc6a7c13301a41baf661a8106b3e257007f32ebb9508253eeef8b10f,True,True
KOSPI,fz0_0p01,full,headline,range,autoets,-3.1553626643784982,0.26050000000000001,12,4837,0,81,10000,135452714,e341ec1abc6a7c13301a41baf661a8106b3e257007f32ebb9508253eeef8b10f,True,True
KOSPI,fz0_0p01,full,headline,range,chronos,-3.0422995692680699,0.045600000000000002,5,4837,0,81,10000,135452714,e341ec1abc6a7c13301a41baf661a8106b3e257007f32ebb9508253eeef8b10f,False,False
KOSPI,fz0_0p01,full,headline,range,ewma,-3.0527251353991538,0.0037000000000000002,2,4837,0,81,10000,135452714,e341ec1abc6a7c13301a41baf661a8106b3e257007f32ebb9508253eeef8b10f,False,False
KOSPI,fz0_0p01,full,headline,range,garch11,-3.0539670679108242,0.001,1,4837,0,81,10000,135452714,e341ec1abc6a7c13301a41baf661a8106b3e257007f32ebb9508253eeef8b10f,False,False
KOSPI,fz0_0p01,full,headline,range,garch11_t,-3.2037164943412981,1,13,4837,0,81,10000,135452714,e341ec1abc6a7c13301a41baf661a8106b3e257007f32ebb9508253eeef8b10f,True,True
KOSPI,fz0_0p01,full,headline,range,gjr,-3.1227886978989039,0.185,10,4837,0,81,10000,135452714,e341ec1abc6a7c13301a41baf661a8106b3e257007f32ebb9508253eeef8b10f,True,False
KOSPI,fz0_0p01,full,headline,range,har,-3.0844759933711989,0.1216,8,4837,0,81,10000,135452714,e341ec1abc6a7c13301a41baf661a8106b3e257007f32ebb9508253eeef8b10f,True,False
KOSPI,fz0_0p01,full,headline,range,lgbm,-2.9888691739650621,0.060499999999999998,7,4837,0,81,10000,135452714,e341ec1abc6a7c13301a41baf661a8106b3e257007f32ebb9508253eeef8b10f,False,False
KOSPI,fz0_0p01,full,headline,range,moirai,-3.0950433752699524,0.185,9,4837,0,81,10000,135452714,e341ec1abc6a7c13301a41baf661a8106b3e257007f32ebb9508253eeef8b10f,True,False
KOSPI,fz0_0p01,full,headline,range,naive,-2.4738570916608884,0.038100000000000002,4,4837,0,81,10000,135452714,e341ec1abc6a7c13301a41baf661a8106b3e257007f32ebb9508253eeef8b10f,False,False
KOSPI,fz0_0p01,full,headline,range,patchtst,-2.5727065582670674,0.0064000000000000003,3,4837,0,81,10000,135452714,e341ec1abc6a7c13301a41baf661a8106b3e257007f32ebb9508253eeef8b10f,False,False
KOSPI,fz0_0p01,full,headline,range,timesfm,-3.046664475435346,0.060499999999999998,6,4837,0,81,10000,135452714,e341ec1abc6a7c13301a41baf661a8106b3e257007f32ebb9508253eeef8b10f,False,False
KOSPI,fz0_0p01,full,headline,semi_quadratic,autoarima,-3.1442458731792318,0.26740000000000003,11,4837,0,81,10000,1725907365,8eb99d03df0330a53ad4e303c8123d3c23a029bceb837d8deea19272ef5128f4,True,True
KOSPI,fz0_0p01,full,headline,semi_quadratic,autoets,-3.1553626643784982,0.26740000000000003,12,4837,0,81,10000,1725907365,8eb99d03df0330a53ad4e303c8123d3c23a029bceb837d8deea19272ef5128f4,True,True
KOSPI,fz0_0p01,full,headline,semi_quadratic,chronos,-3.0422995692680699,0.0088999999999999999,5,4837,0,81,10000,1725907365,8eb99d03df0330a53ad4e303c8123d3c23a029bceb837d8deea19272ef5128f4,False,False
KOSPI,fz0_0p01,full,headline,semi_quadratic,ewma,-3.0527251353991538,0.0027000000000000001,2,4837,0,81,10000,1725907365,8eb99d03df0330a53ad4e303c8123d3c23a029bceb837d8deea19272ef5128f4,False,False
KOSPI,fz0_0p01,full,headline,semi_quadratic,garch11,-3.0539670679108242,0.0025000000000000001,1,4837,0,81,10000,1725907365,8eb99d03df0330a53ad4e303c8123d3c23a029bceb837d8deea19272ef5128f4,False,False
KOSPI,fz0_0p01,full,headline,semi_quadratic,garch11_t,-3.2037164943412981,1,13,4837,0,81,10000,1725907365,8eb99d03df0330a53ad4e303c8123d3c23a029bceb837d8deea19272ef5128f4,True,True
KOSPI,fz0_0p01,full,headline,semi_quadratic,gjr,-3.1227886978989039,0.23330000000000001,10,4837,0,81,10000,1725907365,8eb99d03df0330a53ad4e303c8123d3c23a029bceb837d8deea19272ef5128f4,True,False
KOSPI,fz0_0p01,full,headline,semi_quadratic,har,-3.0844759933711989,0.083799999999999999,8,4837,0,81,10000,1725907365,8eb99d03df0330a53ad4e303c8123d3c23a029bceb837d8deea19272ef5128f4,False,False
KOSPI,fz0_0p01,full,headline,semi_quadratic,lgbm,-2.9888691739650621,0.0304,7,4837,0,81,10000,1725907365,8eb99d03df0330a53ad4e303c8123d3c23a029bceb837d8deea19272ef5128f4,False,False
KOSPI,fz0_0p01,full,headline,semi_quadratic,moirai,-3.0950433752699524,0.13650000000000001,9,4837,0,81,10000,1725907365,8eb99d03df0330a53ad4e303c8123d3c23a029bceb837d8deea19272ef5128f4,True,False
KOSPI,fz0_0p01,full,headline,semi_quadratic,naive,-2.4738570916608884,0.0033999999999999998,4,4837,0,81,10000,1725907365,8eb99d03df0330a53ad4e303c8123d3c23a029bceb837d8deea19272ef5128f4,False,False
KOSPI,fz0_0p01,full,headline,semi_quadratic,patchtst,-2.5727065582670674,0.0027000000000000001,3,4837,0,81,10000,1725907365,8eb99d03df0330a53ad4e303c8123d3c23a029bceb837d8deea19272ef5128f4,False,False
KOSPI,fz0_0p01,full,headline,semi_quadratic,timesfm,-3.046664475435346,0.0178,6,4837,0,81,10000,1725907365,8eb99d03df0330a53ad4e303c8123d3c23a029bceb837d8deea19272ef5128f4,False,False
KOSPI,fz0_0p025,full,headline,range,autoarima,-3.4375933826070182,0.98999999999999999,12,4837,0,77,10000,403407447,6de4cc960144152dbe764eb7d1386c9ceef7849c85ff8929dabf653b31261bfd,True,True
KOSPI,fz0_0p025,full,headline,range,autoets,-3.4382195857794717,1,13,4837,0,77,10000,403407447,6de4cc960144152dbe764eb7d1386c9ceef7849c85ff8929dabf653b31261bfd,True,True
KOSPI,fz0_0p025,full,headline,range,chronos,-3.3896942293994949,0.087599999999999997,5,4837,0,77,10000,403407447,6de4cc960144152dbe764eb7d1386c9ceef7849c85ff8929dabf653b31261bfd,False,False
KOSPI,fz0_0p025,full,headline,range,ewma,-3.3622517868089297,0.027,4,4837,0,77,10000,403407447,6de4cc960144152dbe764eb7d1386c9ceef7849c85ff8929dabf653b31261bfd,False,False
KOSPI,fz0_0p025,full,headline,range,garch11,-3.3698234555793163,0.00050000000000000001,1,4837,0,77,10000,403407447,6de4cc960144152dbe764eb7d1386c9ceef7849c85ff8929dabf653b31261bfd,False,False
KOSPI,fz0_0p025,full,headline,range,garch11_t,-3.4150606673943082,0.66610000000000003,10,4837,0,77,10000,403407447,6de4cc960144152dbe764eb7d1386c9ceef7849c85ff8929dabf653b31261bfd,True,True
KOSPI,fz0_0p025,full,headline,range,gjr,-3.4344992335560698,0.98999999999999999,11,4837,0,77,10000,403407447,6de4cc960144152dbe764eb7d1386c9ceef7849c85ff8929dabf653b31261bfd,True,True
KOSPI,fz0_0p025,full,headline,range,har,-3.4118833613077757,0.49890000000000001,8,4837,0,77,10000,403407447,6de4cc960144152dbe764eb7d1386c9ceef7849c85ff8929dabf653b31261bfd,True,True
KOSPI,fz0_0p025,full,headline,range,lgbm,-3.3395220878783123,0.11509999999999999,6,4837,0,77,10000,403407447,6de4cc960144152dbe764eb7d1386c9ceef7849c85ff8929dabf653b31261bfd,True,False
KOSPI,fz0_0p025,full,headline,range,moirai,-3.4130591767766525,0.63490000000000002,9,4837,0,77,10000,403407447,6de4cc960144152dbe764eb7d1386c9ceef7849c85ff8929dabf653b31261bfd,True,True
KOSPI,fz0_0p025,full,headline,range,naive,-3.0573373614211401,0.015699999999999999,3,4837,0,77,10000,403407447,6de4cc960144152dbe764eb7d1386c9ceef7849c85ff8929dabf653b31261bfd,False,False
KOSPI,fz0_0p025,full,headline,range,patchtst,-3.1371819470877043,0.012200000000000001,2,4837,0,77,10000,403407447,6de4cc960144152dbe764eb7d1386c9ceef7849c85ff8929dabf653b31261bfd,False,False
KOSPI,fz0_0p025,full,headline,range,timesfm,-3.3934471509202262,0.24740000000000001,7,4837,0,77,10000,403407447,6de4cc960144152dbe764eb7d1386c9ceef7849c85ff8929dabf653b31261bfd,True,False
KOSPI,fz0_0p025,full,headline,semi_quadratic,autoarima,-3.4375933826070182,0.98919999999999997,12,4837,0,77,10000,1557079708,ae26ea9c86b4c9008513dd73aee4c70f272a92a2f01821fd4b64aceb90421212,True,True
KOSPI,fz0_0p025,full,headline,semi_quadratic,autoets,-3.4382195857794717,1,13,4837,0,77,10000,1557079708,ae26ea9c86b4c9008513dd73aee4c70f272a92a2f01821fd4b64aceb90421212,True,True
KOSPI,fz0_0p025,full,headline,semi_quadratic,chronos,-3.3896942293994949,0.050200000000000002,5,4837,0,77,10000,1557079708,ae26ea9c86b4c9008513dd73aee4c70f272a92a2f01821fd4b64aceb90421212,False,False
KOSPI,fz0_0p025,full,headline,semi_quadratic,ewma,-3.3622517868089297,0.0147,4,4837,0,77,10000,1557079708,ae26ea9c86b4c9008513dd73aee4c70f272a92a2f01821fd4b64aceb90421212,False,False
KOSPI,fz0_0p025,full,headline,semi_quadratic,garch11,-3.3698234555793163,0.0011999999999999999,1,4837,0,77,10000,1557079708,ae26ea9c86b4c9008513dd73aee4c70f272a92a2f01821fd4b64aceb90421212,False,False
KOSPI,fz0_0p025,full,headline,semi_quadratic,garch11_t,-3.4150606673943082,0.64449999999999996,10,4837,0,77,10000,1557079708,ae26ea9c86b4c9008513dd73aee4c70f272a92a2f01821fd4b64aceb90421212,True,True
KOSPI,fz0_0p025,full,headline,semi_quadratic,gjr,-3.4344992335560698,0.98919999999999997,11,4837,0,77,10000,1557079708,ae26ea9c86b4c9008513dd73aee4c70f272a92a2f01821fd4b64aceb90421212,True,True
KOSPI,fz0_0p025,full,headline,semi_quadratic,har,-3.4118833613077757,0.50749999999999995,8,4837,0,77,10000,1557079708,ae26ea9c86b4c9008513dd73aee4c70f272a92a2f01821fd4b64aceb90421212,True,True
KOSPI,fz0_0p025,full,headline,semi_quadratic,lgbm,-3.3395220878783123,0.073099999999999998,6,4837,0,77,10000,1557079708,ae26ea9c86b4c9008513dd73aee4c70f272a92a2f01821fd4b64aceb90421212,False,False
KOSPI,fz0_0p025,full,headline,semi_quadratic,moirai,-3.4130591767766525,0.56089999999999995,9,4837,0,77,10000,1557079708,ae26ea9c86b4c9008513dd73aee4c70f272a92a2f01821fd4b64aceb90421212,True,True
KOSPI,fz0_0p025,full,headline,semi_quadratic,naive,-3.0573373614211401,0.0025000000000000001,3,4837,0,77,10000,1557079708,ae26ea9c86b4c9008513dd73aee4c70f272a92a2f01821fd4b64aceb90421212,False,False
KOSPI,fz0_0p025,full,headline,semi_quadratic,patchtst,-3.1371819470877043,0.0016999999999999999,2,4837,0,77,10000,1557079708,ae26ea9c86b4c9008513dd73aee4c70f272a92a2f01821fd4b64aceb90421212,False,False
KOSPI,fz0_0p025,full,headline,semi_quadratic,timesfm,-3.3934471509202262,0.25559999999999999,7,4837,0,77,10000,1557079708,ae26ea9c86b4c9008513dd73aee4c70f272a92a2f01821fd4b64aceb90421212,True,True
KOSPI,fz0_0p05,full,headline,range,autoarima,-3.6458176513072131,0.8679,12,4837,0,71,10000,986850430,7a34775210763fd29311e11ae1139d9577e8d5d7d1558bb88761a93d459564c2,True,True
KOSPI,fz0_0p05,full,headline,range,autoets,-3.6475173740625082,1,13,4837,0,71,10000,986850430,7a34775210763fd29311e11ae1139d9577e8d5d7d1558bb88761a93d459564c2,True,True
KOSPI,fz0_0p05,full,headline,range,chronos,-3.6173612039326257,0.085999999999999993,6,4837,0,71,10000,986850430,7a34775210763fd29311e11ae1139d9577e8d5d7d1558bb88761a93d459564c2,False,False
KOSPI,fz0_0p05,full,headline,range,ewma,-3.5939573053774931,0.0149,4,4837,0,71,10000,986850430,7a34775210763fd29311e11ae1139d9577e8d5d7d1558bb88761a93d459564c2,False,False
KOSPI,fz0_0p05,full,headline,range,garch11,-3.5978081395456067,0.014500000000000001,3,4837,0,71,10000,986850430,7a34775210763fd29311e11ae1139d9577e8d5d7d1558bb88761a93d459564c2,False,False
KOSPI,fz0_0p05,full,headline,range,garch11_t,-3.6086632728127968,0.113,7,4837,0,71,10000,986850430,7a34775210763fd29311e11ae1139d9577e8d5d7d1558bb88761a93d459564c2,True,False
KOSPI,fz0_0p05,full,headline,range,gjr,-3.6383902103187307,0.85360000000000003,11,4837,0,71,10000,986850430,7a34775210763fd29311e11ae1139d9577e8d5d7d1558bb88761a93d459564c2,True,True
KOSPI,fz0_0p05,full,headline,range,har,-3.6343392765281819,0.6673,9,4837,0,71,10000,986850430,7a34775210763fd29311e11ae1139d9577e8d5d7d1558bb88761a93d459564c2,True,True
KOSPI,fz0_0p05,full,headline,range,lgbm,-3.5780163821708535,0.073499999999999996,5,4837,0,71,10000,986850430,7a34775210763fd29311e11ae1139d9577e8d5d7d1558bb88761a93d459564c2,False,False
KOSPI,fz0_0p05,full,headline,range,moirai,-3.6344745821041049,0.72729999999999995,10,4837,0,71,10000,986850430,7a34775210763fd29311e11ae1139d9577e8d5d7d1558bb88761a93d459564c2,True,True
KOSPI,fz0_0p05,full,headline,range,naive,-3.3968710190001477,0.0091000000000000004,1,4837,0,71,10000,986850430,7a34775210763fd29311e11ae1139d9577e8d5d7d1558bb88761a93d459564c2,False,False
KOSPI,fz0_0p05,full,headline,range,patchtst,-3.4682494653382707,0.014500000000000001,2,4837,0,71,10000,986850430,7a34775210763fd29311e11ae1139d9577e8d5d7d1558bb88761a93d459564c2,False,False
KOSPI,fz0_0p05,full,headline,range,timesfm,-3.6192320139526331,0.2024,8,4837,0,71,10000,986850430,7a34775210763fd29311e11ae1139d9577e8d5d7d1558bb88761a93d459564c2,True,False
KOSPI,fz0_0p05,full,headline,semi_quadratic,autoarima,-3.6458176513072131,0.86680000000000001,12,4837,0,71,10000,1109904253,e23ef892aeccbcab02a33c2856a34245713d37dac00301bfc698aa9b33ff9fed,True,True
KOSPI,fz0_0p05,full,headline,semi_quadratic,autoets,-3.6475173740625082,1,13,4837,0,71,10000,1109904253,e23ef892aeccbcab02a33c2856a34245713d37dac00301bfc698aa9b33ff9fed,True,True
KOSPI,fz0_0p05,full,headline,semi_quadratic,chronos,-3.6173612039326257,0.040300000000000002,6,4837,0,71,10000,1109904253,e23ef892aeccbcab02a33c2856a34245713d37dac00301bfc698aa9b33ff9fed,False,False
KOSPI,fz0_0p05,full,headline,semi_quadratic,ewma,-3.5939573053774931,0.0064000000000000003,4,4837,0,71,10000,1109904253,e23ef892aeccbcab02a33c2856a34245713d37dac00301bfc698aa9b33ff9fed,False,False
KOSPI,fz0_0p05,full,headline,semi_quadratic,garch11,-3.5978081395456067,0.0033,3,4837,0,71,10000,1109904253,e23ef892aeccbcab02a33c2856a34245713d37dac00301bfc698aa9b33ff9fed,False,False
KOSPI,fz0_0p05,full,headline,semi_quadratic,garch11_t,-3.6086632728127968,0.070699999999999999,7,4837,0,71,10000,1109904253,e23ef892aeccbcab02a33c2856a34245713d37dac00301bfc698aa9b33ff9fed,False,False
KOSPI,fz0_0p05,full,headline,semi_quadratic,gjr,-3.6383902103187307,0.84250000000000003,11,4837,0,71,10000,1109904253,e23ef892aeccbcab02a33c2856a34245713d37dac00301bfc698aa9b33ff9fed,True,True
KOSPI,fz0_0p05,full,headline,semi_quadratic,har,-3.6343392765281819,0.71099999999999997,9,4837,0,71,10000,1109904253,e23ef892aeccbcab02a33c2856a34245713d37dac00301bfc698aa9b33ff9fed,True,True
KOSPI,fz0_0p05,full,headline,semi_quadratic,lgbm,-3.5780163821708535,0.017600000000000001,5,4837,0,71,10000,1109904253,e23ef892aeccbcab02a33c2856a34245713d37dac00301bfc698aa9b33ff9fed,False,False
KOSPI,fz0_0p05,full,headline,semi_quadratic,moirai,-3.6344745821041049,0.73629999999999995,10,4837,0,71,10000,1109904253,e23ef892aeccbcab02a33c2856a34245713d37dac00301bfc698aa9b33ff9fed,True,True
KOSPI,fz0_0p05,full,headline,semi_quadratic,naive,-3.3968710190001477,0.00069999999999999999,1,4837,0,71,10000,1109904253,e23ef892aeccbcab02a33c2856a34245713d37dac00301bfc698aa9b33ff9fed,False,False
KOSPI,fz0_0p05,full,headline,semi_quadratic,patchtst,-3.4682494653382707,0.001,2,4837,0,71,10000,1109904253,e23ef892aeccbcab02a33c2856a34245713d37dac00301bfc698aa9b33ff9fed,False,False
KOSPI,fz0_0p05,full,headline,semi_quadratic,timesfm,-3.6192320139526331,0.249,8,4837,0,71,10000,1109904253,e23ef892aeccbcab02a33c2856a34245713d37dac00301bfc698aa9b33ff9fed,True,False
KOSPI,fz0_avg,full,headline,range,autoarima,-3.4092189690311629,0.96479999999999999,11,4837,0,78,10000,740255448,1867120e310702d6448afe7456e763978ab2b1e65b949ea11e6ca3eccc50a79f,True,True
KOSPI,fz0_avg,full,headline,range,autoets,-3.4136998747401588,1,13,4837,0,78,10000,740255448,1867120e310702d6448afe7456e763978ab2b1e65b949ea11e6ca3eccc50a79f,True,True
KOSPI,fz0_avg,full,headline,range,chronos,-3.349785000866738,0.052600000000000001,5,4837,0,78,10000,740255448,1867120e310702d6448afe7456e763978ab2b1e65b949ea11e6ca3eccc50a79f,False,False
KOSPI,fz0_avg,full,headline,range,ewma,-3.3363114091951971,0.027099999999999999,3,4837,0,78,10000,740255448,1867120e310702d6448afe7456e763978ab2b1e65b949ea11e6ca3eccc50a79f,False,False
KOSPI,fz0_avg,full,headline,range,garch11,-3.3405328876785871,0.00040000000000000002,1,4837,0,78,10000,740255448,1867120e310702d6448afe7456e763978ab2b1e65b949ea11e6ca3eccc50a79f,False,False
KOSPI,fz0_avg,full,headline,range,garch11_t,-3.4091468115161385,0.96479999999999999,12,4837,0,78,10000,740255448,1867120e310702d6448afe7456e763978ab2b1e65b949ea11e6ca3eccc50a79f,True,True
KOSPI,fz0_avg,full,headline,range,gjr,-3.3985593805912386,0.95899999999999996,10,4837,0,78,10000,740255448,1867120e310702d6448afe7456e763978ab2b1e65b949ea11e6ca3eccc50a79f,True,True
KOSPI,fz0_avg,full,headline,range,har,-3.3768995437357225,0.45729999999999998,8,4837,0,78,10000,740255448,1867120e310702d6448afe7456e763978ab2b1e65b949ea11e6ca3eccc50a79f,True,True
KOSPI,fz0_avg,full,headline,range,lgbm,-3.3021358813380766,0.16009999999999999,6,4837,0,78,10000,740255448,1867120e310702d6448afe7456e763978ab2b1e65b949ea11e6ca3eccc50a79f,True,False
KOSPI,fz0_avg,full,headline,range,moirai,-3.3808590447169031,0.57650000000000001,9,4837,0,78,10000,740255448,1867120e310702d6448afe7456e763978ab2b1e65b949ea11e6ca3eccc50a79f,True,True
KOSPI,fz0_avg,full,headline,range,naive,-2.9760218240273981,0.027099999999999999,4,4837,0,78,10000,740255448,1867120e310702d6448afe7456e763978ab2b1e65b949ea11e6ca3eccc50a79f,False,False
KOSPI,fz0_avg,full,headline,range,patchtst,-3.0593793235643689,0.0152,2,4837,0,78,10000,740255448,1867120e310702d6448afe7456e763978ab2b1e65b949ea11e6ca3eccc50a79f,False,False
KOSPI,fz0_avg,full,headline,range,timesfm,-3.3531145467693926,0.1764,7,4837,0,78,10000,740255448,1867120e310702d6448afe7456e763978ab2b1e65b949ea11e6ca3eccc50a79f,True,False
KOSPI,fz0_avg,full,headline,semi_quadratic,autoarima,-3.4092189690311629,0.96660000000000001,11,4837,0,78,10000,2107457424,833cc81b92999f91421a73781020f13afae79e325fbdeb9a0b3f6f5840432e2b,True,True
KOSPI,fz0_avg,full,headline,semi_quadratic,autoets,-3.4136998747401588,1,13,4837,0,78,10000,2107457424,833cc81b92999f91421a73781020f13afae79e325fbdeb9a0b3f6f5840432e2b,True,True
KOSPI,fz0_avg,full,headline,semi_quadratic,chronos,-3.349785000866738,0.031,5,4837,0,78,10000,2107457424,833cc81b92999f91421a73781020f13afae79e325fbdeb9a0b3f6f5840432e2b,False,False
KOSPI,fz0_avg,full,headline,semi_quadratic,ewma,-3.3363114091951971,0.0038,3,4837,0,78,10000,2107457424,833cc81b92999f91421a73781020f13afae79e325fbdeb9a0b3f6f5840432e2b,False,False
KOSPI,fz0_avg,full,headline,semi_quadratic,garch11,-3.3405328876785871,0.002,1,4837,0,78,10000,2107457424,833cc81b92999f91421a73781020f13afae79e325fbdeb9a0b3f6f5840432e2b,False,False
KOSPI,fz0_avg,full,headline,semi_quadratic,garch11_t,-3.4091468115161385,0.96660000000000001,12,4837,0,78,10000,2107457424,833cc81b92999f91421a73781020f13afae79e325fbdeb9a0b3f6f5840432e2b,True,True
KOSPI,fz0_avg,full,headline,semi_quadratic,gjr,-3.3985593805912386,0.9466,10,4837,0,78,10000,2107457424,833cc81b92999f91421a73781020f13afae79e325fbdeb9a0b3f6f5840432e2b,True,True
KOSPI,fz0_avg,full,headline,semi_quadratic,har,-3.3768995437357225,0.47449999999999998,8,4837,0,78,10000,2107457424,833cc81b92999f91421a73781020f13afae79e325fbdeb9a0b3f6f5840432e2b,True,True
KOSPI,fz0_avg,full,headline,semi_quadratic,lgbm,-3.3021358813380766,0.056000000000000001,6,4837,0,78,10000,2107457424,833cc81b92999f91421a73781020f13afae79e325fbdeb9a0b3f6f5840432e2b,False,False
KOSPI,fz0_avg,full,headline,semi_quadratic,moirai,-3.3808590447169031,0.65359999999999996,9,4837,0,78,10000,2107457424,833cc81b92999f91421a73781020f13afae79e325fbdeb9a0b3f6f5840432e2b,True,True
KOSPI,fz0_avg,full,headline,semi_quadratic,naive,-2.9760218240273981,0.0054999999999999997,4,4837,0,78,10000,2107457424,833cc81b92999f91421a73781020f13afae79e325fbdeb9a0b3f6f5840432e2b,False,False
KOSPI,fz0_avg,full,headline,semi_quadratic,patchtst,-3.0593793235643689,0.0022000000000000001,2,4837,0,78,10000,2107457424,833cc81b92999f91421a73781020f13afae79e325fbdeb9a0b3f6f5840432e2b,False,False
KOSPI,fz0_avg,full,headline,semi_quadratic,timesfm,-3.3531145467693926,0.1507,7,4837,0,78,10000,2107457424,833cc81b92999f91421a73781020f13afae79e325fbdeb9a0b3f6f5840432e2b,True,False
KOSPI,qlike_ex_near_zero,full,headline,range,autoarima,0.41805985196904738,0.76119999999999999,10,4837,0,84,10000,129952001,497773e212ed776ea9ce4a34dd2ad097afc4e2588f895e4d19e31656bf3071e4,True,True
KOSPI,qlike_ex_near_zero,full,headline,range,autoets,0.4195354133814983,0.76119999999999999,11,4837,0,84,10000,129952001,497773e212ed776ea9ce4a34dd2ad097afc4e2588f895e4d19e31656bf3071e4,True,True
KOSPI,qlike_ex_near_zero,full,headline,range,chronos,0.42485044658905619,0.0121,5,4837,0,84,10000,129952001,497773e212ed776ea9ce4a34dd2ad097afc4e2588f895e4d19e31656bf3071e4,False,False
KOSPI,qlike_ex_near_zero,full,headline,range,ewma,0.42488533766668468,0.66700000000000004,8,4837,0,84,10000,129952001,497773e212ed776ea9ce4a34dd2ad097afc4e2588f895e4d19e31656bf3071e4,True,True
KOSPI,qlike_ex_near_zero,full,headline,range,garch11,0.42705614887971349,0.66700000000000004,9,4837,0,84,10000,129952001,497773e212ed776ea9ce4a34dd2ad097afc4e2588f895e4d19e31656bf3071e4,True,True
KOSPI,qlike_ex_near_zero,full,headline,range,garch11_t,0.42794827416617603,0.66700000000000004,6,4837,0,84,10000,129952001,497773e212ed776ea9ce4a34dd2ad097afc4e2588f895e4d19e31656bf3071e4,True,True
KOSPI,qlike_ex_near_zero,full,headline,range,gjr,0.4116012631939695,1,13,4837,0,84,10000,129952001,497773e212ed776ea9ce4a34dd2ad097afc4e2588f895e4d19e31656bf3071e4,True,True
KOSPI,qlike_ex_near_zero,full,headline,range,har,0.41795234801345105,0.66700000000000004,7,4837,0,84,10000,129952001,497773e212ed776ea9ce4a34dd2ad097afc4e2588f895e4d19e31656bf3071e4,True,True
KOSPI,qlike_ex_near_zero,full,headline,range,lgbm,0.51491191889744492,0.00089999999999999998,2,4837,0,84,10000,129952001,497773e212ed776ea9ce4a34dd2ad097afc4e2588f895e4d19e31656bf3071e4,False,False
KOSPI,qlike_ex_near_zero,full,headline,range,moirai,0.4118267491676692,0.98460000000000003,12,4837,0,84,10000,129952001,497773e212ed776ea9ce4a34dd2ad097afc4e2588f895e4d19e31656bf3071e4,True,True
KOSPI,qlike_ex_near_zero,full,headline,range,naive,0.73187504843500095,0.00029999999999999997,1,4837,0,84,10000,129952001,497773e212ed776ea9ce4a34dd2ad097afc4e2588f895e4d19e31656bf3071e4,False,False
KOSPI,qlike_ex_near_zero,full,headline,range,patchtst,0.65039558381665208,0.0038999999999999998,4,4837,0,84,10000,129952001,497773e212ed776ea9ce4a34dd2ad097afc4e2588f895e4d19e31656bf3071e4,False,False
KOSPI,qlike_ex_near_zero,full,headline,range,timesfm,0.42838049867960709,0.0038999999999999998,3,4837,0,84,10000,129952001,497773e212ed776ea9ce4a34dd2ad097afc4e2588f895e4d19e31656bf3071e4,False,False
KOSPI,qlike_ex_near_zero,full,headline,semi_quadratic,autoarima,0.41805985196904738,0.75119999999999998,10,4837,0,84,10000,323550977,103af05ca69b7f97a344cf20a46d2d1fe3cf7c548776ee0f8bde788e9ec6835f,True,True
KOSPI,qlike_ex_near_zero,full,headline,semi_quadratic,autoets,0.4195354133814983,0.75119999999999998,11,4837,0,84,10000,323550977,103af05ca69b7f97a344cf20a46d2d1fe3cf7c548776ee0f8bde788e9ec6835f,True,True
KOSPI,qlike_ex_near_zero,full,headline,semi_quadratic,chronos,0.42485044658905619,0.312,5,4837,0,84,10000,323550977,103af05ca69b7f97a344cf20a46d2d1fe3cf7c548776ee0f8bde788e9ec6835f,True,True
KOSPI,qlike_ex_near_zero,full,headline,semi_quadratic,ewma,0.42488533766668468,0.55389999999999995,8,4837,0,84,10000,323550977,103af05ca69b7f97a344cf20a46d2d1fe3cf7c548776ee0f8bde788e9ec6835f,True,True
KOSPI,qlike_ex_near_zero,full,headline,semi_quadratic,garch11,0.42705614887971349,0.57310000000000005,9,4837,0,84,10000,323550977,103af05ca69b7f97a344cf20a46d2d1fe3cf7c548776ee0f8bde788e9ec6835f,True,True
KOSPI,qlike_ex_near_zero,full,headline,semi_quadratic,garch11_t,0.42794827416617603,0.48580000000000001,6,4837,0,84,10000,323550977,103af05ca69b7f97a344cf20a46d2d1fe3cf7c548776ee0f8bde788e9ec6835f,True,True
KOSPI,qlike_ex_near_zero,full,headline,semi_quadratic,gjr,0.4116012631939695,1,13,4837,0,84,10000,323550977,103af05ca69b7f97a344cf20a46d2d1fe3cf7c548776ee0f8bde788e9ec6835f,True,True
KOSPI,qlike_ex_near_zero,full,headline,semi_quadratic,har,0.41795234801345105,0.55389999999999995,7,4837,0,84,10000,323550977,103af05ca69b7f97a344cf20a46d2d1fe3cf7c548776ee0f8bde788e9ec6835f,True,True
KOSPI,qlike_ex_near_zero,full,headline,semi_quadratic,lgbm,0.51491191889744492,0.00069999999999999999,2,4837,0,84,10000,323550977,103af05ca69b7f97a344cf20a46d2d1fe3cf7c548776ee0f8bde788e9ec6835f,False,False
KOSPI,qlike_ex_near_zero,full,headline,semi_quadratic,moirai,0.4118267491676692,0.9849,12,4837,0,84,10000,323550977,103af05ca69b7f97a344cf20a46d2d1fe3cf7c548776ee0f8bde788e9ec6835f,True,True
KOSPI,qlike_ex_near_zero,full,headline,semi_quadratic,naive,0.73187504843500095,0.0001,1,4837,0,84,10000,323550977,103af05ca69b7f97a344cf20a46d2d1fe3cf7c548776ee0f8bde788e9ec6835f,False,False
KOSPI,qlike_ex_near_zero,full,headline,semi_quadratic,patchtst,0.65039558381665208,0.0047000000000000002,4,4837,0,84,10000,323550977,103af05ca69b7f97a344cf20a46d2d1fe3cf7c548776ee0f8bde788e9ec6835f,False,False
KOSPI,qlike_ex_near_zero,full,headline,semi_quadratic,timesfm,0.42838049867960709,0.0037000000000000002,3,4837,0,84,10000,323550977,103af05ca69b7f97a344cf20a46d2d1fe3cf7c548776ee0f8bde788e9ec6835f,False,False
NDX,crps,full,headline,range,autoarima,0.0070633951306620637,0.062,10,4942,0,111,10000,2017461865,0b646e308ab050daf29852f5cd4c08d0ddb6a8ea8bb50e128709d4847efeff09,False,False
NDX,crps,full,headline,range,autoets,0.0070512957778108461,1,13,4942,0,111,10000,2017461865,0b646e308ab050daf29852f5cd4c08d0ddb6a8ea8bb50e128709d4847efeff09,True,True
NDX,crps,full,headline,range,chronos,0.0070845661022110344,0.001,7,4942,0,111,10000,2017461865,0b646e308ab050daf29852f5cd4c08d0ddb6a8ea8bb50e128709d4847efeff09,False,False
NDX,crps,full,headline,range,ewma,0.0071325407173935679,0.001,8,4942,0,111,10000,2017461865,0b646e308ab050daf29852f5cd4c08d0ddb6a8ea8bb50e128709d4847efeff09,False,False
NDX,crps,full,headline,range,garch11,0.0071207268984391781,0,1,4942,0,111,10000,2017461865,0b646e308ab050daf29852f5cd4c08d0ddb6a8ea8bb50e128709d4847efeff09,False,False
NDX,crps,full,headline,range,garch11_t,0.007109023029073523,0,3,4942,0,111,10000,2017461865,0b646e308ab050daf29852f5cd4c08d0ddb6a8ea8bb50e128709d4847efeff09,False,False
NDX,crps,full,headline,range,gjr,0.007064228436183758,0.097500000000000003,12,4942,0,111,10000,2017461865,0b646e308ab050daf29852f5cd4c08d0ddb6a8ea8bb50e128709d4847efeff09,False,False
NDX,crps,full,headline,range,har,0.0070684981935072531,0.030599999999999999,9,4942,0,111,10000,2017461865,0b646e308ab050daf29852f5cd4c08d0ddb6a8ea8bb50e128709d4847efeff09,False,False
NDX,crps,full,headline,range,lgbm,0.0072087006906730285,0.00069999999999999999,5,4942,0,111,10000,2017461865,0b646e308ab050daf29852f5cd4c08d0ddb6a8ea8bb50e128709d4847efeff09,False,False
NDX,crps,full,headline,range,moirai,0.0070732512474499616,0.062,11,4942,0,111,10000,2017461865,0b646e308ab050daf29852f5cd4c08d0ddb6a8ea8bb50e128709d4847efeff09,False,False
NDX,crps,full,headline,range,naive,0.007408908267643918,0,4,4942,0,111,10000,2017461865,0b646e308ab050daf29852f5cd4c08d0ddb6a8ea8bb50e128709d4847efeff09,False,False
NDX,crps,full,headline,range,patchtst,0.0072378501849534472,0,2,4942,0,111,10000,2017461865,0b646e308ab050daf29852f5cd4c08d0ddb6a8ea8bb50e128709d4847efeff09,False,False
NDX,crps,full,headline,range,timesfm,0.0070960139466796626,0.00069999999999999999,6,4942,0,111,10000,2017461865,0b646e308ab050daf29852f5cd4c08d0ddb6a8ea8bb50e128709d4847efeff09,False,False
NDX,crps,full,headline,semi_quadratic,autoarima,0.0070633951306620637,0.047,10,4942,0,111,10000,1246984846,2e142b1fcb8b7ac052ff2cb6601b8b44138a47e484b64ebc84a5d0efc6358576,False,False
NDX,crps,full,headline,semi_quadratic,autoets,0.0070512957778108461,1,13,4942,0,111,10000,1246984846,2e142b1fcb8b7ac052ff2cb6601b8b44138a47e484b64ebc84a5d0efc6358576,True,True
NDX,crps,full,headline,semi_quadratic,chronos,0.0070845661022110344,0.0001,7,4942,0,111,10000,1246984846,2e142b1fcb8b7ac052ff2cb6601b8b44138a47e484b64ebc84a5d0efc6358576,False,False
NDX,crps,full,headline,semi_quadratic,ewma,0.0071325407173935679,0.0011000000000000001,8,4942,0,111,10000,1246984846,2e142b1fcb8b7ac052ff2cb6601b8b44138a47e484b64ebc84a5d0efc6358576,False,False
NDX,crps,full,headline,semi_quadratic,garch11,0.0071207268984391781,0,1,4942,0,111,10000,1246984846,2e142b1fcb8b7ac052ff2cb6601b8b44138a47e484b64ebc84a5d0efc6358576,False,False
NDX,crps,full,headline,semi_quadratic,garch11_t,0.007109023029073523,0,3,4942,0,111,10000,1246984846,2e142b1fcb8b7ac052ff2cb6601b8b44138a47e484b64ebc84a5d0efc6358576,False,False
NDX,crps,full,headline,semi_quadratic,gjr,0.007064228436183758,0.093799999999999994,12,4942,0,111,10000,1246984846,2e142b1fcb8b7ac052ff2cb6601b8b44138a47e484b64ebc84a5d0efc6358576,False,False
NDX,crps,full,headline,semi_quadratic,har,0.0070684981935072531,0.039399999999999998,9,4942,0,111,10000,1246984846,2e142b1fcb8b7ac052ff2cb6601b8b44138a47e484b64ebc84a5d0efc6358576,False,False
NDX,crps,full,headline,semi_quadratic,lgbm,0.0072087006906730285,0,5,4942,0,111,10000,1246984846,2e142b1fcb8b7ac052ff2cb6601b8b44138a47e484b64ebc84a5d0efc6358576,False,False
NDX,crps,full,headline,semi_quadratic,moirai,0.0070732512474499616,0.0516,11,4942,0,111,10000,1246984846,2e142b1fcb8b7ac052ff2cb6601b8b44138a47e484b64ebc84a5d0efc6358576,False,False
NDX,crps,full,headline,semi_quadratic,naive,0.007408908267643918,0,4,4942,0,111,10000,1246984846,2e142b1fcb8b7ac052ff2cb6601b8b44138a47e484b64ebc84a5d0efc6358576,False,False
NDX,crps,full,headline,semi_quadratic,patchtst,0.0072378501849534472,0,2,4942,0,111,10000,1246984846,2e142b1fcb8b7ac052ff2cb6601b8b44138a47e484b64ebc84a5d0efc6358576,False,False
NDX,crps,full,headline,semi_quadratic,timesfm,0.0070960139466796626,0,6,4942,0,111,10000,1246984846,2e142b1fcb8b7ac052ff2cb6601b8b44138a47e484b64ebc84a5d0efc6358576,False,False
NDX,log_score,full,headline,range,autoarima,-3.0265779776175314,0.090999999999999998,8,4942,0,68,10000,46145809,5e3fb95e5bd35f6a131a7103fcc112ca2f28f6e920a9acf09ba654de149a23fa,False,False
NDX,log_score,full,headline,range,autoets,-3.0330340250648695,1,13,4942,0,68,10000,46145809,5e3fb95e5bd35f6a131a7103fcc112ca2f28f6e920a9acf09ba654de149a23fa,True,True
NDX,log_score,full,headline,range,chronos,-3.018637900485079,0.0212,7,4942,0,68,10000,46145809,5e3fb95e5bd35f6a131a7103fcc112ca2f28f6e920a9acf09ba654de149a23fa,False,False
NDX,log_score,full,headline,range,ewma,-2.992082875836239,0.0001,3,4942,0,68,10000,46145809,5e3fb95e5bd35f6a131a7103fcc112ca2f28f6e920a9acf09ba654de149a23fa,False,False
NDX,log_score,full,headline,range,garch11,-3.0008695300826522,0.00029999999999999997,5,4942,0,68,10000,46145809,5e3fb95e5bd35f6a131a7103fcc112ca2f28f6e920a9acf09ba654de149a23fa,False,False
NDX,log_score,full,headline,range,garch11_t,-3.0234204119590613,0.3085,10,4942,0,68,10000,46145809,5e3fb95e5bd35f6a131a7103fcc112ca2f28f6e920a9acf09ba654de149a23fa,True,True
NDX,log_score,full,headline,range,gjr,-3.0237915639414972,0.3085,12,4942,0,68,10000,46145809,5e3fb95e5bd35f6a131a7103fcc112ca2f28f6e920a9acf09ba654de149a23fa,True,True
NDX,log_score,full,headline,range,har,-3.0279940963275318,0.3085,11,4942,0,68,10000,46145809,5e3fb95e5bd35f6a131a7103fcc112ca2f28f6e920a9acf09ba654de149a23fa,True,True
NDX,log_score,full,headline,range,lgbm,-2.9676282086696086,0.0001,2,4942,0,68,10000,46145809,5e3fb95e5bd35f6a131a7103fcc112ca2f28f6e920a9acf09ba654de149a23fa,False,False
NDX,log_score,full,headline,range,moirai,-3.0227381110060878,0.15609999999999999,9,4942,0,68,10000,46145809,5e3fb95e5bd35f6a131a7103fcc112ca2f28f6e920a9acf09ba654de149a23fa,True,False
NDX,log_score,full,headline,range,naive,-2.8421728012238088,0.00029999999999999997,4,4942,0,68,10000,46145809,5e3fb95e5bd35f6a131a7103fcc112ca2f28f6e920a9acf09ba654de149a23fa,False,False
NDX,log_score,full,headline,range,patchtst,-2.9019366351980951,0,1,4942,0,68,10000,46145809,5e3fb95e5bd35f6a131a7103fcc112ca2f28f6e920a9acf09ba654de149a23fa,False,False
NDX,log_score,full,headline,range,timesfm,-3.0161348330014319,0.013100000000000001,6,4942,0,68,10000,46145809,5e3fb95e5bd35f6a131a7103fcc112ca2f28f6e920a9acf09ba654de149a23fa,False,False
NDX,log_score,full,headline,semi_quadratic,autoarima,-3.0265779776175314,0.17510000000000001,8,4942,0,68,10000,1976563838,99378979ccbed31ad44ac88dbf1a216406f78c5801f99fc7237ef5ee10c72462,True,False
NDX,log_score,full,headline,semi_quadratic,autoets,-3.0330340250648695,1,13,4942,0,68,10000,1976563838,99378979ccbed31ad44ac88dbf1a216406f78c5801f99fc7237ef5ee10c72462,True,True
NDX,log_score,full,headline,semi_quadratic,chronos,-3.018637900485079,0.055500000000000001,7,4942,0,68,10000,1976563838,99378979ccbed31ad44ac88dbf1a216406f78c5801f99fc7237ef5ee10c72462,False,False
NDX,log_score,full,headline,semi_quadratic,ewma,-2.992082875836239,0,3,4942,0,68,10000,1976563838,99378979ccbed31ad44ac88dbf1a216406f78c5801f99fc7237ef5ee10c72462,False,False
NDX,log_score,full,headline,semi_quadratic,garch11,-3.0008695300826522,0,4,4942,0,68,10000,1976563838,99378979ccbed31ad44ac88dbf1a216406f78c5801f99fc7237ef5ee10c72462,False,False
NDX,log_score,full,headline,semi_quadratic,garch11_t,-3.0234204119590613,0.23849999999999999,10,4942,0,68,10000,1976563838,99378979ccbed31ad44ac88dbf1a216406f78c5801f99fc7237ef5ee10c72462,True,False
NDX,log_score,full,headline,semi_quadratic,gjr,-3.0237915639414972,0.23849999999999999,12,4942,0,68,10000,1976563838,99378979ccbed31ad44ac88dbf1a216406f78c5801f99fc7237ef5ee10c72462,True,False
NDX,log_score,full,headline,semi_quadratic,har,-3.0279940963275318,0.23849999999999999,11,4942,0,68,10000,1976563838,99378979ccbed31ad44ac88dbf1a216406f78c5801f99fc7237ef5ee10c72462,True,False
NDX,log_score,full,headline,semi_quadratic,lgbm,-2.9676282086696086,0,2,4942,0,68,10000,1976563838,99378979ccbed31ad44ac88dbf1a216406f78c5801f99fc7237ef5ee10c72462,False,False
NDX,log_score,full,headline,semi_quadratic,moirai,-3.0227381110060878,0.19370000000000001,9,4942,0,68,10000,1976563838,99378979ccbed31ad44ac88dbf1a216406f78c5801f99fc7237ef5ee10c72462,True,False
NDX,log_score,full,headline,semi_quadratic,naive,-2.8421728012238088,0.0001,5,4942,0,68,10000,1976563838,99378979ccbed31ad44ac88dbf1a216406f78c5801f99fc7237ef5ee10c72462,False,False
NDX,log_score,full,headline,semi_quadratic,patchtst,-2.9019366351980951,0,1,4942,0,68,10000,1976563838,99378979ccbed31ad44ac88dbf1a216406f78c5801f99fc7237ef5ee10c72462,False,False
NDX,log_score,full,headline,semi_quadratic,timesfm,-3.0161348330014319,0.018100000000000002,6,4942,0,68,10000,1976563838,99378979ccbed31ad44ac88dbf1a216406f78c5801f99fc7237ef5ee10c72462,False,False
NDX,pinball_0p01,full,headline,range,autoarima,0.00044950839126105127,0.30790000000000001,6,4942,0,75,10000,1135366245,28d3f0ed15b5ea9c973875d2e8f183df3767dcb0b8a5c20562a9a22d6f05539b,True,True
NDX,pinball_0p01,full,headline,range,autoets,0.00043980765360668805,1,13,4942,0,75,10000,1135366245,28d3f0ed15b5ea9c973875d2e8f183df3767dcb0b8a5c20562a9a22d6f05539b,True,True
NDX,pinball_0p01,full,headline,range,chronos,0.000460793484111359,0.33410000000000001,7,4942,0,75,10000,1135366245,28d3f0ed15b5ea9c973875d2e8f183df3767dcb0b8a5c20562a9a22d6f05539b,True,True
NDX,pinball_0p01,full,headline,range,ewma,0.00048849261742341576,0.1986,4,4942,0,75,10000,1135366245,28d3f0ed15b5ea9c973875d2e8f183df3767dcb0b8a5c20562a9a22d6f05539b,True,False
NDX,pinball_0p01,full,headline,range,garch11,0.00047021160694295309,0.1986,5,4942,0,75,10000,1135366245,28d3f0ed15b5ea9c973875d2e8f183df3767dcb0b8a5c20562a9a22d6f05539b,True,False
NDX,pinball_0p01,full,headline,range,garch11_t,0.00045670173721455715,0.4637,9,4942,0,75,10000,1135366245,28d3f0ed15b5ea9c973875d2e8f183df3767dcb0b8a5c20562a9a22d6f05539b,True,True
NDX,pinball_0p01,full,headline,range,gjr,0.00045155996401040815,0.58360000000000001,11,4942,0,75,10000,1135366245,28d3f0ed15b5ea9c973875d2e8f183df3767dcb0b8a5c20562a9a22d6f05539b,True,True
NDX,pinball_0p01,full,headline,range,har,0.00044414696660882805,0.58360000000000001,12,4942,0,75,10000,1135366245,28d3f0ed15b5ea9c973875d2e8f183df3767dcb0b8a5c20562a9a22d6f05539b,True,True
NDX,pinball_0p01,full,headline,range,lgbm,0.00051581730638816539,0.0717,2,4942,0,75,10000,1135366245,28d3f0ed15b5ea9c973875d2e8f183df3767dcb0b8a5c20562a9a22d6f05539b,False,False
NDX,pinball_0p01,full,headline,range,moirai,0.00046146956039197642,0.37219999999999998,8,4942,0,75,10000,1135366245,28d3f0ed15b5ea9c973875d2e8f183df3767dcb0b8a5c20562a9a22d6f05539b,True,True
NDX,pinball_0p01,full,headline,range,naive,0.00061998029149148536,0.096500000000000002,3,4942,0,75,10000,1135366245,28d3f0ed15b5ea9c973875d2e8f183df3767dcb0b8a5c20562a9a22d6f05539b,False,False
NDX,pinball_0p01,full,headline,range,patchtst,0.00058626861576422848,0.0001,1,4942,0,75,10000,1135366245,28d3f0ed15b5ea9c973875d2e8f183df3767dcb0b8a5c20562a9a22d6f05539b,False,False
NDX,pinball_0p01,full,headline,range,timesfm,0.00045822520389584718,0.4637,10,4942,0,75,10000,1135366245,28d3f0ed15b5ea9c973875d2e8f183df3767dcb0b8a5c20562a9a22d6f05539b,True,True
NDX,pinball_0p01,full,headline,semi_quadratic,autoarima,0.00044950839126105127,0.26479999999999998,6,4942,0,75,10000,2052425982,3da35579ecb496f737a5f0aa9e3b0da2d35cfb935a8964ca6857e2f23af3e7fb,True,True
NDX,pinball_0p01,full,headline,semi_quadratic,autoets,0.00043980765360668805,1,13,4942,0,75,10000,2052425982,3da35579ecb496f737a5f0aa9e3b0da2d35cfb935a8964ca6857e2f23af3e7fb,True,True
NDX,pinball_0p01,full,headline,semi_quadratic,chronos,0.000460793484111359,0.26479999999999998,7,4942,0,75,10000,2052425982,3da35579ecb496f737a5f0aa9e3b0da2d35cfb935a8964ca6857e2f23af3e7fb,True,True
NDX,pinball_0p01,full,headline,semi_quadratic,ewma,0.00048849261742341576,0.1076,5,4942,0,75,10000,2052425982,3da35579ecb496f737a5f0aa9e3b0da2d35cfb935a8964ca6857e2f23af3e7fb,True,False
NDX,pinball_0p01,full,headline,semi_quadratic,garch11,0.00047021160694295309,0.079100000000000004,4,4942,0,75,10000,2052425982,3da35579ecb496f737a5f0aa9e3b0da2d35cfb935a8964ca6857e2f23af3e7fb,False,False
NDX,pinball_0p01,full,headline,semi_quadratic,garch11_t,0.00045670173721455715,0.35539999999999999,9,4942,0,75,10000,2052425982,3da35579ecb496f737a5f0aa9e3b0da2d35cfb935a8964ca6857e2f23af3e7fb,True,True
NDX,pinball_0p01,full,headline,semi_quadratic,gjr,0.00045155996401040815,0.52900000000000003,11,4942,0,75,10000,2052425982,3da35579ecb496f737a5f0aa9e3b0da2d35cfb935a8964ca6857e2f23af3e7fb,True,True
NDX,pinball_0p01,full,headline,semi_quadratic,har,0.00044414696660882805,0.52900000000000003,12,4942,0,75,10000,2052425982,3da35579ecb496f737a5f0aa9e3b0da2d35cfb935a8964ca6857e2f23af3e7fb,True,True
NDX,pinball_0p01,full,headline,semi_quadratic,lgbm,0.00051581730638816539,0.018599999999999998,2,4942,0,75,10000,2052425982,3da35579ecb496f737a5f0aa9e3b0da2d35cfb935a8964ca6857e2f23af3e7fb,False,False
NDX,pinball_0p01,full,headline,semi_quadratic,moirai,0.00046146956039197642,0.2979,8,4942,0,75,10000,2052425982,3da35579ecb496f737a5f0aa9e3b0da2d35cfb935a8964ca6857e2f23af3e7fb,True,True
NDX,pinball_0p01,full,headline,semi_quadratic,naive,0.00061998029149148536,0.027900000000000001,3,4942,0,75,10000,2052425982,3da35579ecb496f737a5f0aa9e3b0da2d35cfb935a8964ca6857e2f23af3e7fb,False,False
NDX,pinball_0p01,full,headline,semi_quadratic,patchtst,0.00058626861576422848,0.0028999999999999998,1,4942,0,75,10000,2052425982,3da35579ecb496f737a5f0aa9e3b0da2d35cfb935a8964ca6857e2f23af3e7fb,False,False
NDX,pinball_0p01,full,headline,semi_quadratic,timesfm,0.00045822520389584718,0.35539999999999999,10,4942,0,75,10000,2052425982,3da35579ecb496f737a5f0aa9e3b0da2d35cfb935a8964ca6857e2f23af3e7fb,True,True
NDX,pinball_0p025,full,headline,range,autoarima,0.00090117246558671208,0.1174,8,4942,0,83,10000,1088747879,30df8b77fbdaa5daea7e2aa4911aa1d09e3a728fe79c7e00a64e0fcc809b27b6,True,False
NDX,pinball_0p025,full,headline,range,autoets,0.00088173489511902535,1,13,4942,0,83,10000,1088747879,30df8b77fbdaa5daea7e2aa4911aa1d09e3a728fe79c7e00a64e0fcc809b27b6,True,True
NDX,pinball_0p025,full,headline,range,chronos,0.00091912183637743233,0.1174,6,4942,0,83,10000,1088747879,30df8b77fbdaa5daea7e2aa4911aa1d09e3a728fe79c7e00a64e0fcc809b27b6,True,False
NDX,pinball_0p025,full,headline,range,ewma,0.00094742281141897537,0.1174,7,4942,0,83,10000,1088747879,30df8b77fbdaa5daea7e2aa4911aa1d09e3a728fe79c7e00a64e0fcc809b27b6,True,False
NDX,pinball_0p025,full,headline,range,garch11,0.0009274451942987694,0.039699999999999999,4,4942,0,83,10000,1088747879,30df8b77fbdaa5daea7e2aa4911aa1d09e3a728fe79c7e00a64e0fcc809b27b6,False,False
NDX,pinball_0p025,full,headline,range,garch11_t,0.0009222005982471895,0.054300000000000001,5,4942,0,83,10000,1088747879,30df8b77fbdaa5daea7e2aa4911aa1d09e3a728fe79c7e00a64e0fcc809b27b6,False,False
NDX,pinball_0p025,full,headline,range,gjr,0.00090731245962011699,0.16830000000000001,12,4942,0,83,10000,1088747879,30df8b77fbdaa5daea7e2aa4911aa1d09e3a728fe79c7e00a64e0fcc809b27b6,True,False
NDX,pinball_0p025,full,headline,range,har,0.00090117725601183757,0.16830000000000001,11,4942,0,83,10000,1088747879,30df8b77fbdaa5daea7e2aa4911aa1d09e3a728fe79c7e00a64e0fcc809b27b6,True,False
NDX,pinball_0p025,full,headline,range,lgbm,0.00098409493316152052,0.0206,2,4942,0,83,10000,1088747879,30df8b77fbdaa5daea7e2aa4911aa1d09e3a728fe79c7e00a64e0fcc809b27b6,False,False
NDX,pinball_0p025,full,headline,range,moirai,0.00091289333195555529,0.16830000000000001,10,4942,0,83,10000,1088747879,30df8b77fbdaa5daea7e2aa4911aa1d09e3a728fe79c7e00a64e0fcc809b27b6,True,False
NDX,pinball_0p025,full,headline,range,naive,0.0011200722066314374,0.0286,3,4942,0,83,10000,1088747879,30df8b77fbdaa5daea7e2aa4911aa1d09e3a728fe79c7e00a64e0fcc809b27b6,False,False
NDX,pinball_0p025,full,headline,range,patchtst,0.0010675127228736004,0,1,4942,0,83,10000,1088747879,30df8b77fbdaa5daea7e2aa4911aa1d09e3a728fe79c7e00a64e0fcc809b27b6,False,False
NDX,pinball_0p025,full,headline,range,timesfm,0.00091711597968405884,0.12479999999999999,9,4942,0,83,10000,1088747879,30df8b77fbdaa5daea7e2aa4911aa1d09e3a728fe79c7e00a64e0fcc809b27b6,True,False
NDX,pinball_0p025,full,headline,semi_quadratic,autoarima,0.00090117246558671208,0.092299999999999993,8,4942,0,83,10000,724368613,bb8393d6487bc1e09c9b43f439b6ff7e8a3b7c20f03803eab23593505611189f,False,False
NDX,pinball_0p025,full,headline,semi_quadratic,autoets,0.00088173489511902535,1,13,4942,0,83,10000,724368613,bb8393d6487bc1e09c9b43f439b6ff7e8a3b7c20f03803eab23593505611189f,True,True
NDX,pinball_0p025,full,headline,semi_quadratic,chronos,0.00091912183637743233,0.035400000000000001,6,4942,0,83,10000,724368613,bb8393d6487bc1e09c9b43f439b6ff7e8a3b7c20f03803eab23593505611189f,False,False
NDX,pinball_0p025,full,headline,semi_quadratic,ewma,0.00094742281141897537,0.037400000000000003,7,4942,0,83,10000,724368613,bb8393d6487bc1e09c9b43f439b6ff7e8a3b7c20f03803eab23593505611189f,False,False
NDX,pinball_0p025,full,headline,semi_quadratic,garch11,0.0009274451942987694,0.032500000000000001,4,4942,0,83,10000,724368613,bb8393d6487bc1e09c9b43f439b6ff7e8a3b7c20f03803eab23593505611189f,False,False
NDX,pinball_0p025,full,headline,semi_quadratic,garch11_t,0.0009222005982471895,0.035400000000000001,5,4942,0,83,10000,724368613,bb8393d6487bc1e09c9b43f439b6ff7e8a3b7c20f03803eab23593505611189f,False,False
NDX,pinball_0p025,full,headline,semi_quadratic,gjr,0.00090731245962011699,0.1145,12,4942,0,83,10000,724368613,bb8393d6487bc1e09c9b43f439b6ff7e8a3b7c20f03803eab23593505611189f,True,False
NDX,pinball_0p025,full,headline,semi_quadratic,har,0.00090117725601183757,0.1145,11,4942,0,83,10000,724368613,bb8393d6487bc1e09c9b43f439b6ff7e8a3b7c20f03803eab23593505611189f,True,False
NDX,pinball_0p025,full,headline,semi_quadratic,lgbm,0.00098409493316152052,0.0064999999999999997,2,4942,0,83,10000,724368613,bb8393d6487bc1e09c9b43f439b6ff7e8a3b7c20f03803eab23593505611189f,False,False
NDX,pinball_0p025,full,headline,semi_quadratic,moirai,0.00091289333195555529,0.10390000000000001,10,4942,0,83,10000,724368613,bb8393d6487bc1e09c9b43f439b6ff7e8a3b7c20f03803eab23593505611189f,True,False
NDX,pinball_0p025,full,headline,semi_quadratic,naive,0.0011200722066314374,0.0103,3,4942,0,83,10000,724368613,bb8393d6487bc1e09c9b43f439b6ff7e8a3b7c20f03803eab23593505611189f,False,False
NDX,pinball_0p025,full,headline,semi_quadratic,patchtst,0.0010675127228736004,0.00029999999999999997,1,4942,0,83,10000,724368613,bb8393d6487bc1e09c9b43f439b6ff7e8a3b7c20f03803eab23593505611189f,False,False
NDX,pinball_0p025,full,headline,semi_quadratic,timesfm,0.00091711597968405884,0.092299999999999993,9,4942,0,83,10000,724368613,bb8393d6487bc1e09c9b43f439b6ff7e8a3b7c20f03803eab23593505611189f,False,False
NDX,pinball_0p05,full,headline,range,autoarima,0.0015087965485969862,0.1956,10,4942,0,70,10000,1610482569,9e5af64dea2f34386e4ed81df63c000e6f13a3152929aee1394996a9a86f1796,True,False
NDX,pinball_0p05,full,headline,range,autoets,0.0014889422581530057,1,13,4942,0,70,10000,1610482569,9e5af64dea2f34386e4ed81df63c000e6f13a3152929aee1394996a9a86f1796,True,True
NDX,pinball_0p05,full,headline,range,chronos,0.001527557077787937,0.125,8,4942,0,70,10000,1610482569,9e5af64dea2f34386e4ed81df63c000e6f13a3152929aee1394996a9a86f1796,True,False
NDX,pinball_0p05,full,headline,range,ewma,0.0015619422970189281,0.125,6,4942,0,70,10000,1610482569,9e5af64dea2f34386e4ed81df63c000e6f13a3152929aee1394996a9a86f1796,True,False
NDX,pinball_0p05,full,headline,range,garch11,0.001549287480025272,0.0082000000000000007,4,4942,0,70,10000,1610482569,9e5af64dea2f34386e4ed81df63c000e6f13a3152929aee1394996a9a86f1796,False,False
NDX,pinball_0p05,full,headline,range,garch11_t,0.0015492617585560204,0.0106,5,4942,0,70,10000,1610482569,9e5af64dea2f34386e4ed81df63c000e6f13a3152929aee1394996a9a86f1796,False,False
NDX,pinball_0p05,full,headline,range,gjr,0.0015252024581200001,0.1956,9,4942,0,70,10000,1610482569,9e5af64dea2f34386e4ed81df63c000e6f13a3152929aee1394996a9a86f1796,True,False
NDX,pinball_0p05,full,headline,range,har,0.0015097975925799454,0.1956,11,4942,0,70,10000,1610482569,9e5af64dea2f34386e4ed81df63c000e6f13a3152929aee1394996a9a86f1796,True,False
NDX,pinball_0p05,full,headline,range,lgbm,0.0016088839156532374,0.0037000000000000002,3,4942,0,70,10000,1610482569,9e5af64dea2f34386e4ed81df63c000e6f13a3152929aee1394996a9a86f1796,False,False
NDX,pinball_0p05,full,headline,range,moirai,0.0015166989259203449,0.1956,12,4942,0,70,10000,1610482569,9e5af64dea2f34386e4ed81df63c000e6f13a3152929aee1394996a9a86f1796,True,False
NDX,pinball_0p05,full,headline,range,naive,0.0017680437678748526,0.0032000000000000002,2,4942,0,70,10000,1610482569,9e5af64dea2f34386e4ed81df63c000e6f13a3152929aee1394996a9a86f1796,False,False
NDX,pinball_0p05,full,headline,range,patchtst,0.001684379937217003,0,1,4942,0,70,10000,1610482569,9e5af64dea2f34386e4ed81df63c000e6f13a3152929aee1394996a9a86f1796,False,False
NDX,pinball_0p05,full,headline,range,timesfm,0.0015280465374983598,0.125,7,4942,0,70,10000,1610482569,9e5af64dea2f34386e4ed81df63c000e6f13a3152929aee1394996a9a86f1796,True,False
NDX,pinball_0p05,full,headline,semi_quadratic,autoarima,0.0015087965485969862,0.1331,10,4942,0,70,10000,1526077231,ecf60049ed5aba3a233d9bfa834ebd2221101deb19ec4079f1072d8c5c10ccf2,True,False
NDX,pinball_0p05,full,headline,semi_quadratic,autoets,0.0014889422581530057,1,13,4942,0,70,10000,1526077231,ecf60049ed5aba3a233d9bfa834ebd2221101deb19ec4079f1072d8c5c10ccf2,True,True
NDX,pinball_0p05,full,headline,semi_quadratic,chronos,0.001527557077787937,0.070800000000000002,8,4942,0,70,10000,1526077231,ecf60049ed5aba3a233d9bfa834ebd2221101deb19ec4079f1072d8c5c10ccf2,False,False
NDX,pinball_0p05,full,headline,semi_quadratic,ewma,0.0015619422970189281,0.025700000000000001,7,4942,0,70,10000,1526077231,ecf60049ed5aba3a233d9bfa834ebd2221101deb19ec4079f1072d8c5c10ccf2,False,False
NDX,pinball_0p05,full,headline,semi_quadratic,garch11,0.001549287480025272,0.0068999999999999999,4,4942,0,70,10000,1526077231,ecf60049ed5aba3a233d9bfa834ebd2221101deb19ec4079f1072d8c5c10ccf2,False,False
NDX,pinball_0p05,full,headline,semi_quadratic,garch11_t,0.0015492617585560204,0.0115,5,4942,0,70,10000,1526077231,ecf60049ed5aba3a233d9bfa834ebd2221101deb19ec4079f1072d8c5c10ccf2,False,False
NDX,pinball_0p05,full,headline,semi_quadratic,gjr,0.0015252024581200001,0.1331,9,4942,0,70,10000,1526077231,ecf60049ed5aba3a233d9bfa834ebd2221101deb19ec4079f1072d8c5c10ccf2,True,False
NDX,pinball_0p05,full,headline,semi_quadratic,har,0.0015097975925799454,0.1331,11,4942,0,70,10000,1526077231,ecf60049ed5aba3a233d9bfa834ebd2221101deb19ec4079f1072d8c5c10ccf2,True,False
NDX,pinball_0p05,full,headline,semi_quadratic,lgbm,0.0016088839156532374,0.0015,3,4942,0,70,10000,1526077231,ecf60049ed5aba3a233d9bfa834ebd2221101deb19ec4079f1072d8c5c10ccf2,False,False
NDX,pinball_0p05,full,headline,semi_quadratic,moirai,0.0015166989259203449,0.1331,12,4942,0,70,10000,1526077231,ecf60049ed5aba3a233d9bfa834ebd2221101deb19ec4079f1072d8c5c10ccf2,True,False
NDX,pinball_0p05,full,headline,semi_quadratic,naive,0.0017680437678748526,0.00040000000000000002,2,4942,0,70,10000,1526077231,ecf60049ed5aba3a233d9bfa834ebd2221101deb19ec4079f1072d8c5c10ccf2,False,False
NDX,pinball_0p05,full,headline,semi_quadratic,patchtst,0.001684379937217003,0.0001,1,4942,0,70,10000,1526077231,ecf60049ed5aba3a233d9bfa834ebd2221101deb19ec4079f1072d8c5c10ccf2,False,False
NDX,pinball_0p05,full,headline,semi_quadratic,timesfm,0.0015280465374983598,0.022499999999999999,6,4942,0,70,10000,1526077231,ecf60049ed5aba3a233d9bfa834ebd2221101deb19ec4079f1072d8c5c10ccf2,False,False
NDX,pinball_avg,full,headline,range,autoarima,0.00095315913514824793,0.1265,7,4942,0,74,10000,1907004735,1eb7301da8c1a1d0a87c34775955e30b5a9230aaa7a00ce4bcfbbd7c398d7d36,True,False
NDX,pinball_avg,full,headline,range,autoets,0.00093682826895957749,1,13,4942,0,74,10000,1907004735,1eb7301da8c1a1d0a87c34775955e30b5a9230aaa7a00ce4bcfbbd7c398d7d36,True,True
NDX,pinball_avg,full,headline,range,chronos,0.00096915746609224076,0.1265,6,4942,0,74,10000,1907004735,1eb7301da8c1a1d0a87c34775955e30b5a9230aaa7a00ce4bcfbbd7c398d7d36,True,False
NDX,pinball_avg,full,headline,range,ewma,0.00099928590862043858,0.1265,8,4942,0,74,10000,1907004735,1eb7301da8c1a1d0a87c34775955e30b5a9230aaa7a00ce4bcfbbd7c398d7d36,True,False
NDX,pinball_avg,full,headline,range,garch11,0.0009823147604223338,0.022800000000000001,4,4942,0,74,10000,1907004735,1eb7301da8c1a1d0a87c34775955e30b5a9230aaa7a00ce4bcfbbd7c398d7d36,False,False
NDX,pinball_avg,full,headline,range,garch11_t,0.00097605469800592017,0.034700000000000002,5,4942,0,74,10000,1907004735,1eb7301da8c1a1d0a87c34775955e30b5a9230aaa7a00ce4bcfbbd7c398d7d36,False,False
NDX,pinball_avg,full,headline,range,gjr,0.00096135829391684284,0.17380000000000001,11,4942,0,74,10000,1907004735,1eb7301da8c1a1d0a87c34775955e30b5a9230aaa7a00ce4bcfbbd7c398d7d36,True,False
NDX,pinball_avg,full,headline,range,har,0.00095170727173353844,0.17380000000000001,12,4942,0,74,10000,1907004735,1eb7301da8c1a1d0a87c34775955e30b5a9230aaa7a00ce4bcfbbd7c398d7d36,True,False
NDX,pinball_avg,full,headline,range,lgbm,0.0010362653850676386,0.0135,2,4942,0,74,10000,1907004735,1eb7301da8c1a1d0a87c34775955e30b5a9230aaa7a00ce4bcfbbd7c398d7d36,False,False
NDX,pinball_avg,full,headline,range,moirai,0.000963687272755957,0.17380000000000001,10,4942,0,74,10000,1907004735,1eb7301da8c1a1d0a87c34775955e30b5a9230aaa7a00ce4bcfbbd7c398d7d36,True,False
NDX,pinball_avg,full,headline,range,naive,0.0011693654219992638,0.017999999999999999,3,4942,0,74,10000,1907004735,1eb7301da8c1a1d0a87c34775955e30b5a9230aaa7a00ce4bcfbbd7c398d7d36,False,False
NDX,pinball_avg,full,headline,range,patchtst,0.0011127204252849457,0.00020000000000000001,1,4942,0,74,10000,1907004735,1eb7301da8c1a1d0a87c34775955e30b5a9230aaa7a00ce4bcfbbd7c398d7d36,False,False
NDX,pinball_avg,full,headline,range,timesfm,0.0009677959070260912,0.1265,9,4942,0,74,10000,1907004735,1eb7301da8c1a1d0a87c34775955e30b5a9230aaa7a00ce4bcfbbd7c398d7d36,True,False
NDX,pinball_avg,full,headline,semi_quadratic,autoarima,0.00095315913514824793,0.085999999999999993,8,4942,0,74,10000,371332329,8c7d345dbcb947db57f76f7f2b2b3817d90265cc29fcebbb44bb56dbf6e9a491,False,False
NDX,pinball_avg,full,headline,semi_quadratic,autoets,0.00093682826895957749,1,13,4942,0,74,10000,371332329,8c7d345dbcb947db57f76f7f2b2b3817d90265cc29fcebbb44bb56dbf6e9a491,True,True
NDX,pinball_avg,full,headline,semi_quadratic,chronos,0.00096915746609224076,0.0683,7,4942,0,74,10000,371332329,8c7d345dbcb947db57f76f7f2b2b3817d90265cc29fcebbb44bb56dbf6e9a491,False,False
NDX,pinball_avg,full,headline,semi_quadratic,ewma,0.00099928590862043858,0.032300000000000002,6,4942,0,74,10000,371332329,8c7d345dbcb947db57f76f7f2b2b3817d90265cc29fcebbb44bb56dbf6e9a491,False,False
NDX,pinball_avg,full,headline,semi_quadratic,garch11,0.0009823147604223338,0.02,4,4942,0,74,10000,371332329,8c7d345dbcb947db57f76f7f2b2b3817d90265cc29fcebbb44bb56dbf6e9a491,False,False
NDX,pinball_avg,full,headline,semi_quadratic,garch11_t,0.00097605469800592017,0.028299999999999999,5,4942,0,74,10000,371332329,8c7d345dbcb947db57f76f7f2b2b3817d90265cc29fcebbb44bb56dbf6e9a491,False,False
NDX,pinball_avg,full,headline,semi_quadratic,gjr,0.00096135829391684284,0.1077,11,4942,0,74,10000,371332329,8c7d345dbcb947db57f76f7f2b2b3817d90265cc29fcebbb44bb56dbf6e9a491,True,False
NDX,pinball_avg,full,headline,semi_quadratic,har,0.00095170727173353844,0.1077,12,4942,0,74,10000,371332329,8c7d345dbcb947db57f76f7f2b2b3817d90265cc29fcebbb44bb56dbf6e9a491,True,False
NDX,pinball_avg,full,headline,semi_quadratic,lgbm,0.0010362653850676386,0.0033999999999999998,2,4942,0,74,10000,371332329,8c7d345dbcb947db57f76f7f2b2b3817d90265cc29fcebbb44bb56dbf6e9a491,False,False
NDX,pinball_avg,full,headline,semi_quadratic,moirai,0.000963687272755957,0.1077,10,4942,0,74,10000,371332329,8c7d345dbcb947db57f76f7f2b2b3817d90265cc29fcebbb44bb56dbf6e9a491,True,False
NDX,pinball_avg,full,headline,semi_quadratic,naive,0.0011693654219992638,0.0050000000000000001,3,4942,0,74,10000,371332329,8c7d345dbcb947db57f76f7f2b2b3817d90265cc29fcebbb44bb56dbf6e9a491,False,False
NDX,pinball_avg,full,headline,semi_quadratic,patchtst,0.0011127204252849457,0.00040000000000000002,1,4942,0,74,10000,371332329,8c7d345dbcb947db57f76f7f2b2b3817d90265cc29fcebbb44bb56dbf6e9a491,False,False
NDX,pinball_avg,full,headline,semi_quadratic,timesfm,0.0009677959070260912,0.085999999999999993,9,4942,0,74,10000,371332329,8c7d345dbcb947db57f76f7f2b2b3817d90265cc29fcebbb44bb56dbf6e9a491,False,False
NDX,qlike,full,headline,range,autoarima,0.45635090217269259,0.15390000000000001,9,4942,0,55,10000,1115902939,4ffa9e7ea58bc5a2a1f81f56a980d1b2eb0b08ada9c2a76c27c1ae3e999b5038,True,False
NDX,qlike,full,headline,range,autoets,0.44801015730061744,0.26540000000000002,10,4942,0,55,10000,1115902939,4ffa9e7ea58bc5a2a1f81f56a980d1b2eb0b08ada9c2a76c27c1ae3e999b5038,True,True
NDX,qlike,full,headline,range,chronos,0.45502520343961123,0.15390000000000001,8,4942,0,55,10000,1115902939,4ffa9e7ea58bc5a2a1f81f56a980d1b2eb0b08ada9c2a76c27c1ae3e999b5038,True,False
NDX,qlike,full,headline,range,ewma,0.48604276592919898,0.0016000000000000001,5,4942,0,55,10000,1115902939,4ffa9e7ea58bc5a2a1f81f56a980d1b2eb0b08ada9c2a76c27c1ae3e999b5038,False,False
NDX,qlike,full,headline,range,garch11,0.46354836300782137,0.0016000000000000001,4,4942,0,55,10000,1115902939,4ffa9e7ea58bc5a2a1f81f56a980d1b2eb0b08ada9c2a76c27c1ae3e999b5038,False,False
NDX,qlike,full,headline,range,garch11_t,0.47311904051811016,0.0040000000000000001,6,4942,0,55,10000,1115902939,4ffa9e7ea58bc5a2a1f81f56a980d1b2eb0b08ada9c2a76c27c1ae3e999b5038,False,False
NDX,qlike,full,headline,range,gjr,0.41974995530077247,1,13,4942,0,55,10000,1115902939,4ffa9e7ea58bc5a2a1f81f56a980d1b2eb0b08ada9c2a76c27c1ae3e999b5038,True,True
NDX,qlike,full,headline,range,har,0.44585736795810788,0.26900000000000002,11,4942,0,55,10000,1115902939,4ffa9e7ea58bc5a2a1f81f56a980d1b2eb0b08ada9c2a76c27c1ae3e999b5038,True,True
NDX,qlike,full,headline,range,lgbm,0.56115462995901444,0,2,4942,0,55,10000,1115902939,4ffa9e7ea58bc5a2a1f81f56a980d1b2eb0b08ada9c2a76c27c1ae3e999b5038,False,False
NDX,qlike,full,headline,range,moirai,0.4388853141790075,0.26900000000000002,12,4942,0,55,10000,1115902939,4ffa9e7ea58bc5a2a1f81f56a980d1b2eb0b08ada9c2a76c27c1ae3e999b5038,True,True
NDX,qlike,full,headline,range,naive,0.78741065347234451,0.00020000000000000001,3,4942,0,55,10000,1115902939,4ffa9e7ea58bc5a2a1f81f56a980d1b2eb0b08ada9c2a76c27c1ae3e999b5038,False,False
NDX,qlike,full,headline,range,patchtst,0.68049402527324132,0,1,4942,0,55,10000,1115902939,4ffa9e7ea58bc5a2a1f81f56a980d1b2eb0b08ada9c2a76c27c1ae3e999b5038,False,False
NDX,qlike,full,headline,range,timesfm,0.45039571550449919,0.098699999999999996,7,4942,0,55,10000,1115902939,4ffa9e7ea58bc5a2a1f81f56a980d1b2eb0b08ada9c2a76c27c1ae3e999b5038,False,False
NDX,qlike,full,headline,semi_quadratic,autoarima,0.45635090217269259,0.082000000000000003,9,4942,0,55,10000,1067192607,945d79036a12173ad665af89e304b2fe14be49d868c3a615b21b88b07e295698,False,False
NDX,qlike,full,headline,semi_quadratic,autoets,0.44801015730061744,0.19209999999999999,10,4942,0,55,10000,1067192607,945d79036a12173ad665af89e304b2fe14be49d868c3a615b21b88b07e295698,True,False
NDX,qlike,full,headline,semi_quadratic,chronos,0.45502520343961123,0.072900000000000006,8,4942,0,55,10000,1067192607,945d79036a12173ad665af89e304b2fe14be49d868c3a615b21b88b07e295698,False,False
NDX,qlike,full,headline,semi_quadratic,ewma,0.48604276592919898,0.0077999999999999996,5,4942,0,55,10000,1067192607,945d79036a12173ad665af89e304b2fe14be49d868c3a615b21b88b07e295698,False,False
NDX,qlike,full,headline,semi_quadratic,garch11,0.46354836300782137,0.0076,4,4942,0,55,10000,1067192607,945d79036a12173ad665af89e304b2fe14be49d868c3a615b21b88b07e295698,False,False
NDX,qlike,full,headline,semi_quadratic,garch11_t,0.47311904051811016,0.042299999999999997,6,4942,0,55,10000,1067192607,945d79036a12173ad665af89e304b2fe14be49d868c3a615b21b88b07e295698,False,False
NDX,qlike,full,headline,semi_quadratic,gjr,0.41974995530077247,1,13,4942,0,55,10000,1067192607,945d79036a12173ad665af89e304b2fe14be49d868c3a615b21b88b07e295698,True,True
NDX,qlike,full,headline,semi_quadratic,har,0.44585736795810788,0.19209999999999999,11,4942,0,55,10000,1067192607,945d79036a12173ad665af89e304b2fe14be49d868c3a615b21b88b07e295698,True,False
NDX,qlike,full,headline,semi_quadratic,lgbm,0.56115462995901444,0,2,4942,0,55,10000,1067192607,945d79036a12173ad665af89e304b2fe14be49d868c3a615b21b88b07e295698,False,False
NDX,qlike,full,headline,semi_quadratic,moirai,0.4388853141790075,0.19209999999999999,12,4942,0,55,10000,1067192607,945d79036a12173ad665af89e304b2fe14be49d868c3a615b21b88b07e295698,True,False
NDX,qlike,full,headline,semi_quadratic,naive,0.78741065347234451,0,3,4942,0,55,10000,1067192607,945d79036a12173ad665af89e304b2fe14be49d868c3a615b21b88b07e295698,False,False
NDX,qlike,full,headline,semi_quadratic,patchtst,0.68049402527324132,0,1,4942,0,55,10000,1067192607,945d79036a12173ad665af89e304b2fe14be49d868c3a615b21b88b07e295698,False,False
NDX,qlike,full,headline,semi_quadratic,timesfm,0.45039571550449919,0.072499999999999995,7,4942,0,55,10000,1067192607,945d79036a12173ad665af89e304b2fe14be49d868c3a615b21b88b07e295698,False,False
NDX,fz0_0p01,full,headline,range,autoarima,-3.0503860655182709,0.18290000000000001,7,4942,0,67,10000,1486778490,e57de494109778eff786fc5a3306ae65bbd7464f329979fb2fb6a1080a076c70,True,False
NDX,fz0_0p01,full,headline,range,autoets,-3.0959592552220982,0.95830000000000004,11,4942,0,67,10000,1486778490,e57de494109778eff786fc5a3306ae65bbd7464f329979fb2fb6a1080a076c70,True,True
NDX,fz0_0p01,full,headline,range,chronos,-3.0478120931045929,0.47410000000000002,8,4942,0,67,10000,1486778490,e57de494109778eff786fc5a3306ae65bbd7464f329979fb2fb6a1080a076c70,True,True
NDX,fz0_0p01,full,headline,range,ewma,-2.9116146410972021,0.030099999999999998,3,4942,0,67,10000,1486778490,e57de494109778eff786fc5a3306ae65bbd7464f329979fb2fb6a1080a076c70,False,False
NDX,fz0_0p01,full,headline,range,garch11,-2.9953941025055757,0.064799999999999996,4,4942,0,67,10000,1486778490,e57de494109778eff786fc5a3306ae65bbd7464f329979fb2fb6a1080a076c70,False,False
NDX,fz0_0p01,full,headline,range,garch11_t,-3.1073456806304955,1,13,4942,0,67,10000,1486778490,e57de494109778eff786fc5a3306ae65bbd7464f329979fb2fb6a1080a076c70,True,True
NDX,fz0_0p01,full,headline,range,gjr,-3.0417494905817803,0.61470000000000002,9,4942,0,67,10000,1486778490,e57de494109778eff786fc5a3306ae65bbd7464f329979fb2fb6a1080a076c70,True,True
NDX,fz0_0p01,full,headline,range,har,-3.0984278593451782,0.95830000000000004,12,4942,0,67,10000,1486778490,e57de494109778eff786fc5a3306ae65bbd7464f329979fb2fb6a1080a076c70,True,True
NDX,fz0_0p01,full,headline,range,lgbm,-2.903003565127535,0.0038,2,4942,0,67,10000,1486778490,e57de494109778eff786fc5a3306ae65bbd7464f329979fb2fb6a1080a076c70,False,False
NDX,fz0_0p01,full,headline,range,moirai,-3.025298936237423,0.18290000000000001,6,4942,0,67,10000,1486778490,e57de494109778eff786fc5a3306ae65bbd7464f329979fb2fb6a1080a076c70,True,False
NDX,fz0_0p01,full,headline,range,naive,-2.5652647509554307,0.086800000000000002,5,4942,0,67,10000,1486778490,e57de494109778eff786fc5a3306ae65bbd7464f329979fb2fb6a1080a076c70,False,False
NDX,fz0_0p01,full,headline,range,patchtst,-2.4982545597764259,0,1,4942,0,67,10000,1486778490,e57de494109778eff786fc5a3306ae65bbd7464f329979fb2fb6a1080a076c70,False,False
NDX,fz0_0p01,full,headline,range,timesfm,-3.067892158214403,0.70740000000000003,10,4942,0,67,10000,1486778490,e57de494109778eff786fc5a3306ae65bbd7464f329979fb2fb6a1080a076c70,True,True
NDX,fz0_0p01,full,headline,semi_quadratic,autoarima,-3.0503860655182709,0.30759999999999998,7,4942,0,67,10000,1948876601,43a06cf82481550258c4bded7080075ebc177679f607aa0b5771e7e1bb1ca593,True,True
NDX,fz0_0p01,full,headline,semi_quadratic,autoets,-3.0959592552220982,0.96509999999999996,11,4942,0,67,10000,1948876601,43a06cf82481550258c4bded7080075ebc177679f607aa0b5771e7e1bb1ca593,True,True
NDX,fz0_0p01,full,headline,semi_quadratic,chronos,-3.0478120931045929,0.47270000000000001,8,4942,0,67,10000,1948876601,43a06cf82481550258c4bded7080075ebc177679f607aa0b5771e7e1bb1ca593,True,True
NDX,fz0_0p01,full,headline,semi_quadratic,ewma,-2.9116146410972021,0.0057000000000000002,3,4942,0,67,10000,1948876601,43a06cf82481550258c4bded7080075ebc177679f607aa0b5771e7e1bb1ca593,False,False
NDX,fz0_0p01,full,headline,semi_quadratic,garch11,-2.9953941025055757,0.019900000000000001,4,4942,0,67,10000,1948876601,43a06cf82481550258c4bded7080075ebc177679f607aa0b5771e7e1bb1ca593,False,False
NDX,fz0_0p01,full,headline,semi_quadratic,garch11_t,-3.1073456806304955,1,13,4942,0,67,10000,1948876601,43a06cf82481550258c4bded7080075ebc177679f607aa0b5771e7e1bb1ca593,True,True
NDX,fz0_0p01,full,headline,semi_quadratic,gjr,-3.0417494905817803,0.59370000000000001,9,4942,0,67,10000,1948876601,43a06cf82481550258c4bded7080075ebc177679f607aa0b5771e7e1bb1ca593,True,True
NDX,fz0_0p01,full,headline,semi_quadratic,har,-3.0984278593451782,0.96509999999999996,12,4942,0,67,10000,1948876601,43a06cf82481550258c4bded7080075ebc177679f607aa0b5771e7e1bb1ca593,True,True
NDX,fz0_0p01,full,headline,semi_quadratic,lgbm,-2.903003565127535,0.0016999999999999999,2,4942,0,67,10000,1948876601,43a06cf82481550258c4bded7080075ebc177679f607aa0b5771e7e1bb1ca593,False,False
NDX,fz0_0p01,full,headline,semi_quadratic,moirai,-3.025298936237423,0.2019,6,4942,0,67,10000,1948876601,43a06cf82481550258c4bded7080075ebc177679f607aa0b5771e7e1bb1ca593,True,False
NDX,fz0_0p01,full,headline,semi_quadratic,naive,-2.5652647509554307,0.025600000000000001,5,4942,0,67,10000,1948876601,43a06cf82481550258c4bded7080075ebc177679f607aa0b5771e7e1bb1ca593,False,False
NDX,fz0_0p01,full,headline,semi_quadratic,patchtst,-2.4982545597764259,0,1,4942,0,67,10000,1948876601,43a06cf82481550258c4bded7080075ebc177679f607aa0b5771e7e1bb1ca593,False,False
NDX,fz0_0p01,full,headline,semi_quadratic,timesfm,-3.067892158214403,0.72140000000000004,10,4942,0,67,10000,1948876601,43a06cf82481550258c4bded7080075ebc177679f607aa0b5771e7e1bb1ca593,True,True
NDX,fz0_0p025,full,headline,range,autoarima,-3.3504381071864313,0.1739,6,4942,0,69,10000,1514539788,dfe3311f0b40985c760d0d1a965b3ae5dc6ebcdfcd37b1abe8b98c55f2ee4ab1,True,False
NDX,fz0_0p025,full,headline,range,autoets,-3.3773330034414553,1,13,4942,0,69,10000,1514539788,dfe3311f0b40985c760d0d1a965b3ae5dc6ebcdfcd37b1abe8b98c55f2ee4ab1,True,True
NDX,fz0_0p025,full,headline,range,chronos,-3.3341103784740667,0.312,7,4942,0,69,10000,1514539788,dfe3311f0b40985c760d0d1a965b3ae5dc6ebcdfcd37b1abe8b98c55f2ee4ab1,True,True
NDX,fz0_0p025,full,headline,range,ewma,-3.2666477013957338,0.018599999999999998,3,4942,0,69,10000,1514539788,dfe3311f0b40985c760d0d1a965b3ae5dc6ebcdfcd37b1abe8b98c55f2ee4ab1,False,False
NDX,fz0_0p025,full,headline,range,garch11,-3.303575483972629,0.1056,5,4942,0,69,10000,1514539788,dfe3311f0b40985c760d0d1a965b3ae5dc6ebcdfcd37b1abe8b98c55f2ee4ab1,True,False
NDX,fz0_0p025,full,headline,range,garch11_t,-3.3350386448821454,0.32550000000000001,9,4942,0,69,10000,1514539788,dfe3311f0b40985c760d0d1a965b3ae5dc6ebcdfcd37b1abe8b98c55f2ee4ab1,True,True
NDX,fz0_0p025,full,headline,range,gjr,-3.3357682870797278,0.32550000000000001,11,4942,0,69,10000,1514539788,dfe3311f0b40985c760d0d1a965b3ae5dc6ebcdfcd37b1abe8b98c55f2ee4ab1,True,True
NDX,fz0_0p025,full,headline,range,har,-3.3657980189109007,0.4299,12,4942,0,69,10000,1514539788,dfe3311f0b40985c760d0d1a965b3ae5dc6ebcdfcd37b1abe8b98c55f2ee4ab1,True,True
NDX,fz0_0p025,full,headline,range,lgbm,-3.2527125365737311,0.0035000000000000001,2,4942,0,69,10000,1514539788,dfe3311f0b40985c760d0d1a965b3ae5dc6ebcdfcd37b1abe8b98c55f2ee4ab1,False,False
NDX,fz0_0p025,full,headline,range,moirai,-3.3370351634970969,0.312,8,4942,0,69,10000,1514539788,dfe3311f0b40985c760d0d1a965b3ae5dc6ebcdfcd37b1abe8b98c55f2ee4ab1,True,True
NDX,fz0_0p025,full,headline,range,naive,-3.0332279332429684,0.023699999999999999,4,4942,0,69,10000,1514539788,dfe3311f0b40985c760d0d1a965b3ae5dc6ebcdfcd37b1abe8b98c55f2ee4ab1,False,False
NDX,fz0_0p025,full,headline,range,patchtst,-3.0243877934501358,0.0001,1,4942,0,69,10000,1514539788,dfe3311f0b40985c760d0d1a965b3ae5dc6ebcdfcd37b1abe8b98c55f2ee4ab1,False,False
NDX,fz0_0p025,full,headline,range,timesfm,-3.3420140039509323,0.32550000000000001,10,4942,0,69,10000,1514539788,dfe3311f0b40985c760d0d1a965b3ae5dc6ebcdfcd37b1abe8b98c55f2ee4ab1,True,True
NDX,fz0_0p025,full,headline,semi_quadratic,autoarima,-3.3504381071864313,0.18740000000000001,6,4942,0,69,10000,1001281483,91cc51289d27130fb470c8bd4e345666a7ef0f91976905769aa84060c5115497,True,False
NDX,fz0_0p025,full,headline,semi_quadratic,autoets,-3.3773330034414553,1,13,4942,0,69,10000,1001281483,91cc51289d27130fb470c8bd4e345666a7ef0f91976905769aa84060c5115497,True,True
NDX,fz0_0p025,full,headline,semi_quadratic,chronos,-3.3341103784740667,0.18740000000000001,7,4942,0,69,10000,1001281483,91cc51289d27130fb470c8bd4e345666a7ef0f91976905769aa84060c5115497,True,False
NDX,fz0_0p025,full,headline,semi_quadratic,ewma,-3.2666477013957338,0.0019,3,4942,0,69,10000,1001281483,91cc51289d27130fb470c8bd4e345666a7ef0f91976905769aa84060c5115497,False,False
NDX,fz0_0p025,full,headline,semi_quadratic,garch11,-3.303575483972629,0.078399999999999997,5,4942,0,69,10000,1001281483,91cc51289d27130fb470c8bd4e345666a7ef0f91976905769aa84060c5115497,False,False
NDX,fz0_0p025,full,headline,semi_quadratic,garch11_t,-3.3350386448821454,0.21609999999999999,9,4942,0,69,10000,1001281483,91cc51289d27130fb470c8bd4e345666a7ef0f91976905769aa84060c5115497,True,False
NDX,fz0_0p025,full,headline,semi_quadratic,gjr,-3.3357682870797278,0.29449999999999998,11,4942,0,69,10000,1001281483,91cc51289d27130fb470c8bd4e345666a7ef0f91976905769aa84060c5115497,True,True
NDX,fz0_0p025,full,headline,semi_quadratic,har,-3.3657980189109007,0.44400000000000001,12,4942,0,69,10000,1001281483,91cc51289d27130fb470c8bd4e345666a7ef0f91976905769aa84060c5115497,True,True
NDX,fz0_0p025,full,headline,semi_quadratic,lgbm,-3.2527125365737311,0.00089999999999999998,2,4942,0,69,10000,1001281483,91cc51289d27130fb470c8bd4e345666a7ef0f91976905769aa84060c5115497,False,False
NDX,fz0_0p025,full,headline,semi_quadratic,moirai,-3.3370351634970969,0.18740000000000001,8,4942,0,69,10000,1001281483,91cc51289d27130fb470c8bd4e345666a7ef0f91976905769aa84060c5115497,True,False
NDX,fz0_0p025,full,headline,semi_quadratic,naive,-3.0332279332429684,0.0060000000000000001,4,4942,0,69,10000,1001281483,91cc51289d27130fb470c8bd4e345666a7ef0f91976905769aa84060c5115497,False,False
NDX,fz0_0p025,full,headline,semi_quadratic,patchtst,-3.0243877934501358,0,1,4942,0,69,10000,1001281483,91cc51289d27130fb470c8bd4e345666a7ef0f91976905769aa84060c5115497,False,False
NDX,fz0_0p025,full,headline,semi_quadratic,timesfm,-3.3420140039509323,0.21609999999999999,10,4942,0,69,10000,1001281483,91cc51289d27130fb470c8bd4e345666a7ef0f91976905769aa84060c5115497,True,False
NDX,fz0_0p05,full,headline,range,autoarima,-3.5656268584500075,0.16400000000000001,7,4942,0,67,10000,2119892970,18230ea47b7b1a8fe319d1f060188334b3d2fdf0a42149f5cc0fc5ba6ee18c55,True,False
NDX,fz0_0p05,full,headline,range,autoets,-3.5818314511166869,1,13,4942,0,67,10000,2119892970,18230ea47b7b1a8fe319d1f060188334b3d2fdf0a42149f5cc0fc5ba6ee18c55,True,True
NDX,fz0_0p05,full,headline,range,chronos,-3.5517303095434447,0.17119999999999999,9,4942,0,67,10000,2119892970,18230ea47b7b1a8fe319d1f060188334b3d2fdf0a42149f5cc0fc5ba6ee18c55,True,False
NDX,fz0_0p05,full,headline,range,ewma,-3.5058605219729273,0.0068999999999999999,4,4942,0,67,10000,2119892970,18230ea47b7b1a8fe319d1f060188334b3d2fdf0a42149f5cc0fc5ba6ee18c55,False,False
NDX,fz0_0p05,full,headline,range,garch11,-3.522483080347905,0.0114,5,4942,0,67,10000,2119892970,18230ea47b7b1a8fe319d1f060188334b3d2fdf0a42149f5cc0fc5ba6ee18c55,False,False
NDX,fz0_0p05,full,headline,range,garch11_t,-3.5309746703884697,0.018100000000000002,6,4942,0,67,10000,2119892970,18230ea47b7b1a8fe319d1f060188334b3d2fdf0a42149f5cc0fc5ba6ee18c55,False,False
NDX,fz0_0p05,full,headline,range,gjr,-3.5471817581323548,0.2135,10,4942,0,67,10000,2119892970,18230ea47b7b1a8fe319d1f060188334b3d2fdf0a42149f5cc0fc5ba6ee18c55,True,False
NDX,fz0_0p05,full,headline,range,har,-3.5712019321241435,0.23019999999999999,12,4942,0,67,10000,2119892970,18230ea47b7b1a8fe319d1f060188334b3d2fdf0a42149f5cc0fc5ba6ee18c55,True,False
NDX,fz0_0p05,full,headline,range,lgbm,-3.4885404753533056,0.0011999999999999999,2,4942,0,67,10000,2119892970,18230ea47b7b1a8fe319d1f060188334b3d2fdf0a42149f5cc0fc5ba6ee18c55,False,False
NDX,fz0_0p05,full,headline,range,moirai,-3.5598984193720491,0.2135,11,4942,0,67,10000,2119892970,18230ea47b7b1a8fe319d1f060188334b3d2fdf0a42149f5cc0fc5ba6ee18c55,True,False
NDX,fz0_0p05,full,headline,range,naive,-3.3231959400276607,0.0025000000000000001,3,4942,0,67,10000,2119892970,18230ea47b7b1a8fe319d1f060188334b3d2fdf0a42149f5cc0fc5ba6ee18c55,False,False
NDX,fz0_0p05,full,headline,range,patchtst,-3.3513198628651302,0,1,4942,0,67,10000,2119892970,18230ea47b7b1a8fe319d1f060188334b3d2fdf0a42149f5cc0fc5ba6ee18c55,False,False
NDX,fz0_0p05,full,headline,range,timesfm,-3.5520413660157826,0.17119999999999999,8,4942,0,67,10000,2119892970,18230ea47b7b1a8fe319d1f060188334b3d2fdf0a42149f5cc0fc5ba6ee18c55,True,False
NDX,fz0_0p05,full,headline,semi_quadratic,autoarima,-3.5656268584500075,0.084400000000000003,7,4942,0,67,10000,903201677,2d4d70ac87f2e1ff638d54e666ad0cf7da1ca45e06c263bbfb228835c13029ab,False,False
NDX,fz0_0p05,full,headline,semi_quadratic,autoets,-3.5818314511166869,1,13,4942,0,67,10000,903201677,2d4d70ac87f2e1ff638d54e666ad0cf7da1ca45e06c263bbfb228835c13029ab,True,True
NDX,fz0_0p05,full,headline,semi_quadratic,chronos,-3.5517303095434447,0.084400000000000003,9,4942,0,67,10000,903201677,2d4d70ac87f2e1ff638d54e666ad0cf7da1ca45e06c263bbfb228835c13029ab,False,False
NDX,fz0_0p05,full,headline,semi_quadratic,ewma,-3.5058605219729273,0.0020999999999999999,4,4942,0,67,10000,903201677,2d4d70ac87f2e1ff638d54e666ad0cf7da1ca45e06c263bbfb228835c13029ab,False,False
NDX,fz0_0p05,full,headline,semi_quadratic,garch11,-3.522483080347905,0.0094999999999999998,5,4942,0,67,10000,903201677,2d4d70ac87f2e1ff638d54e666ad0cf7da1ca45e06c263bbfb228835c13029ab,False,False
NDX,fz0_0p05,full,headline,semi_quadratic,garch11_t,-3.5309746703884697,0.029600000000000001,6,4942,0,67,10000,903201677,2d4d70ac87f2e1ff638d54e666ad0cf7da1ca45e06c263bbfb228835c13029ab,False,False
NDX,fz0_0p05,full,headline,semi_quadratic,gjr,-3.5471817581323548,0.113,10,4942,0,67,10000,903201677,2d4d70ac87f2e1ff638d54e666ad0cf7da1ca45e06c263bbfb228835c13029ab,True,False
NDX,fz0_0p05,full,headline,semi_quadratic,har,-3.5712019321241435,0.22969999999999999,12,4942,0,67,10000,903201677,2d4d70ac87f2e1ff638d54e666ad0cf7da1ca45e06c263bbfb228835c13029ab,True,False
NDX,fz0_0p05,full,headline,semi_quadratic,lgbm,-3.4885404753533056,0,2,4942,0,67,10000,903201677,2d4d70ac87f2e1ff638d54e666ad0cf7da1ca45e06c263bbfb228835c13029ab,False,False
NDX,fz0_0p05,full,headline,semi_quadratic,moirai,-3.5598984193720491,0.1255,11,4942,0,67,10000,903201677,2d4d70ac87f2e1ff638d54e666ad0cf7da1ca45e06c263bbfb228835c13029ab,True,False
NDX,fz0_0p05,full,headline,semi_quadratic,naive,-3.3231959400276607,0.0001,3,4942,0,67,10000,903201677,2d4d70ac87f2e1ff638d54e666ad0cf7da1ca45e06c263bbfb228835c13029ab,False,False
NDX,fz0_0p05,full,headline,semi_quadratic,patchtst,-3.3513198628651302,0,1,4942,0,67,10000,903201677,2d4d70ac87f2e1ff638d54e666ad0cf7da1ca45e06c263bbfb228835c13029ab,False,False
NDX,fz0_0p05,full,headline,semi_quadratic,timesfm,-3.5520413660157826,0.084400000000000003,8,4942,0,67,10000,903201677,2d4d70ac87f2e1ff638d54e666ad0cf7da1ca45e06c263bbfb228835c13029ab,False,False
NDX,fz0_avg,full,headline,range,autoarima,-3.3221503437182389,0.14729999999999999,6,4942,0,68,10000,733506534,f1d38126fccf6fbfac5296edcd84d5c73dacc8971cf05a725f6ad66c2fc2de3a,True,False
NDX,fz0_avg,full,headline,range,autoets,-3.3517079032600856,1,13,4942,0,68,10000,733506534,f1d38126fccf6fbfac5296edcd84d5c73dacc8971cf05a725f6ad66c2fc2de3a,True,True
NDX,fz0_avg,full,headline,range,chronos,-3.3112175937073625,0.33610000000000001,8,4942,0,68,10000,733506534,f1d38126fccf6fbfac5296edcd84d5c73dacc8971cf05a725f6ad66c2fc2de3a,True,True
NDX,fz0_avg,full,headline,range,ewma,-3.228040954821954,0.018700000000000001,3,4942,0,68,10000,733506534,f1d38126fccf6fbfac5296edcd84d5c73dacc8971cf05a725f6ad66c2fc2de3a,False,False
NDX,fz0_avg,full,headline,range,garch11,-3.2738175556087006,0.1381,5,4942,0,68,10000,733506534,f1d38126fccf6fbfac5296edcd84d5c73dacc8971cf05a725f6ad66c2fc2de3a,True,False
NDX,fz0_avg,full,headline,range,garch11_t,-3.3244529986336988,0.57089999999999996,11,4942,0,68,10000,733506534,f1d38126fccf6fbfac5296edcd84d5c73dacc8971cf05a725f6ad66c2fc2de3a,True,True
NDX,fz0_avg,full,headline,range,gjr,-3.3082331785979484,0.57089999999999996,10,4942,0,68,10000,733506534,f1d38126fccf6fbfac5296edcd84d5c73dacc8971cf05a725f6ad66c2fc2de3a,True,True
NDX,fz0_avg,full,headline,range,har,-3.3451426034600744,0.68820000000000003,12,4942,0,68,10000,733506534,f1d38126fccf6fbfac5296edcd84d5c73dacc8971cf05a725f6ad66c2fc2de3a,True,True
NDX,fz0_avg,full,headline,range,lgbm,-3.2147521923515252,0.0023999999999999998,2,4942,0,68,10000,733506534,f1d38126fccf6fbfac5296edcd84d5c73dacc8971cf05a725f6ad66c2fc2de3a,False,False
NDX,fz0_avg,full,headline,range,moirai,-3.3074108397021882,0.24329999999999999,7,4942,0,68,10000,733506534,f1d38126fccf6fbfac5296edcd84d5c73dacc8971cf05a725f6ad66c2fc2de3a,True,False
NDX,fz0_avg,full,headline,range,naive,-2.9738962080753528,0.038300000000000001,4,4942,0,68,10000,733506534,f1d38126fccf6fbfac5296edcd84d5c73dacc8971cf05a725f6ad66c2fc2de3a,False,False
NDX,fz0_avg,full,headline,range,patchtst,-2.9579874053639168,0,1,4942,0,68,10000,733506534,f1d38126fccf6fbfac5296edcd84d5c73dacc8971cf05a725f6ad66c2fc2de3a,False,False
NDX,fz0_avg,full,headline,range,timesfm,-3.3206491760603787,0.57089999999999996,9,4942,0,68,10000,733506534,f1d38126fccf6fbfac5296edcd84d5c73dacc8971cf05a725f6ad66c2fc2de3a,True,True
NDX,fz0_avg,full,headline,semi_quadratic,autoarima,-3.3221503437182389,0.25559999999999999,6,4942,0,68,10000,358236127,2b71a436b9decfd347bd090d16e7da5126689264d5e37679c26f3682e973a90b,True,True
NDX,fz0_avg,full,headline,semi_quadratic,autoets,-3.3517079032600856,1,13,4942,0,68,10000,358236127,2b71a436b9decfd347bd090d16e7da5126689264d5e37679c26f3682e973a90b,True,True
NDX,fz0_avg,full,headline,semi_quadratic,chronos,-3.3112175937073625,0.35770000000000002,8,4942,0,68,10000,358236127,2b71a436b9decfd347bd090d16e7da5126689264d5e37679c26f3682e973a90b,True,True
NDX,fz0_avg,full,headline,semi_quadratic,ewma,-3.228040954821954,0.0035999999999999999,3,4942,0,68,10000,358236127,2b71a436b9decfd347bd090d16e7da5126689264d5e37679c26f3682e973a90b,False,False
NDX,fz0_avg,full,headline,semi_quadratic,garch11,-3.2738175556087006,0.1017,5,4942,0,68,10000,358236127,2b71a436b9decfd347bd090d16e7da5126689264d5e37679c26f3682e973a90b,True,False
NDX,fz0_avg,full,headline,semi_quadratic,garch11_t,-3.3244529986336988,0.53290000000000004,11,4942,0,68,10000,358236127,2b71a436b9decfd347bd090d16e7da5126689264d5e37679c26f3682e973a90b,True,True
NDX,fz0_avg,full,headline,semi_quadratic,gjr,-3.3082331785979484,0.4577,10,4942,0,68,10000,358236127,2b71a436b9decfd347bd090d16e7da5126689264d5e37679c26f3682e973a90b,True,True
NDX,fz0_avg,full,headline,semi_quadratic,har,-3.3451426034600744,0.68820000000000003,12,4942,0,68,10000,358236127,2b71a436b9decfd347bd090d16e7da5126689264d5e37679c26f3682e973a90b,True,True
NDX,fz0_avg,full,headline,semi_quadratic,lgbm,-3.2147521923515252,0.001,2,4942,0,68,10000,358236127,2b71a436b9decfd347bd090d16e7da5126689264d5e37679c26f3682e973a90b,False,False
NDX,fz0_avg,full,headline,semi_quadratic,moirai,-3.3074108397021882,0.27779999999999999,7,4942,0,68,10000,358236127,2b71a436b9decfd347bd090d16e7da5126689264d5e37679c26f3682e973a90b,True,True
NDX,fz0_avg,full,headline,semi_quadratic,naive,-2.9738962080753528,0.012,4,4942,0,68,10000,358236127,2b71a436b9decfd347bd090d16e7da5126689264d5e37679c26f3682e973a90b,False,False
NDX,fz0_avg,full,headline,semi_quadratic,patchtst,-2.9579874053639168,0.0001,1,4942,0,68,10000,358236127,2b71a436b9decfd347bd090d16e7da5126689264d5e37679c26f3682e973a90b,False,False
NDX,fz0_avg,full,headline,semi_quadratic,timesfm,-3.3206491760603787,0.44569999999999999,9,4942,0,68,10000,358236127,2b71a436b9decfd347bd090d16e7da5126689264d5e37679c26f3682e973a90b,True,True
NDX,qlike_ex_near_zero,full,headline,range,autoarima,0.45635090217269259,0.15310000000000001,9,4942,0,55,10000,1329756942,e296e8c3dbb0139a0b5a16680eb60655439c6850062b96eeaf6682cf97c1ebce,True,False
NDX,qlike_ex_near_zero,full,headline,range,autoets,0.44801015730061744,0.25829999999999997,10,4942,0,55,10000,1329756942,e296e8c3dbb0139a0b5a16680eb60655439c6850062b96eeaf6682cf97c1ebce,True,True
NDX,qlike_ex_near_zero,full,headline,range,chronos,0.45502520343961123,0.15310000000000001,8,4942,0,55,10000,1329756942,e296e8c3dbb0139a0b5a16680eb60655439c6850062b96eeaf6682cf97c1ebce,True,False
NDX,qlike_ex_near_zero,full,headline,range,ewma,0.48604276592919898,0.0015,5,4942,0,55,10000,1329756942,e296e8c3dbb0139a0b5a16680eb60655439c6850062b96eeaf6682cf97c1ebce,False,False
NDX,qlike_ex_near_zero,full,headline,range,garch11,0.46354836300782137,0.0015,4,4942,0,55,10000,1329756942,e296e8c3dbb0139a0b5a16680eb60655439c6850062b96eeaf6682cf97c1ebce,False,False
NDX,qlike_ex_near_zero,full,headline,range,garch11_t,0.47311904051811016,0.0050000000000000001,6,4942,0,55,10000,1329756942,e296e8c3dbb0139a0b5a16680eb60655439c6850062b96eeaf6682cf97c1ebce,False,False
NDX,qlike_ex_near_zero,full,headline,range,gjr,0.41974995530077247,1,13,4942,0,55,10000,1329756942,e296e8c3dbb0139a0b5a16680eb60655439c6850062b96eeaf6682cf97c1ebce,True,True
NDX,qlike_ex_near_zero,full,headline,range,har,0.44585736795810788,0.27300000000000002,11,4942,0,55,10000,1329756942,e296e8c3dbb0139a0b5a16680eb60655439c6850062b96eeaf6682cf97c1ebce,True,True
NDX,qlike_ex_near_zero,full,headline,range,lgbm,0.56115462995901444,0,2,4942,0,55,10000,1329756942,e296e8c3dbb0139a0b5a16680eb60655439c6850062b96eeaf6682cf97c1ebce,False,False
NDX,qlike_ex_near_zero,full,headline,range,moirai,0.4388853141790075,0.27300000000000002,12,4942,0,55,10000,1329756942,e296e8c3dbb0139a0b5a16680eb60655439c6850062b96eeaf6682cf97c1ebce,True,True
NDX,qlike_ex_near_zero,full,headline,range,naive,0.78741065347234451,0.00020000000000000001,3,4942,0,55,10000,1329756942,e296e8c3dbb0139a0b5a16680eb60655439c6850062b96eeaf6682cf97c1ebce,False,False
NDX,qlike_ex_near_zero,full,headline,range,patchtst,0.68049402527324132,0,1,4942,0,55,10000,1329756942,e296e8c3dbb0139a0b5a16680eb60655439c6850062b96eeaf6682cf97c1ebce,False,False
NDX,qlike_ex_near_zero,full,headline,range,timesfm,0.45039571550449919,0.1042,7,4942,0,55,10000,1329756942,e296e8c3dbb0139a0b5a16680eb60655439c6850062b96eeaf6682cf97c1ebce,True,False
NDX,qlike_ex_near_zero,full,headline,semi_quadratic,autoarima,0.45635090217269259,0.079000000000000001,9,4942,0,55,10000,1978126991,dce5fc38fa6179d41f990d720458f5b08edc57cdad154341d9dc0430cfbb299b,False,False
NDX,qlike_ex_near_zero,full,headline,semi_quadratic,autoets,0.44801015730061744,0.1913,10,4942,0,55,10000,1978126991,dce5fc38fa6179d41f990d720458f5b08edc57cdad154341d9dc0430cfbb299b,True,False
NDX,qlike_ex_near_zero,full,headline,semi_quadratic,chronos,0.45502520343961123,0.071199999999999999,8,4942,0,55,10000,1978126991,dce5fc38fa6179d41f990d720458f5b08edc57cdad154341d9dc0430cfbb299b,False,False
NDX,qlike_ex_near_zero,full,headline,semi_quadratic,ewma,0.48604276592919898,0.0085000000000000006,5,4942,0,55,10000,1978126991,dce5fc38fa6179d41f990d720458f5b08edc57cdad154341d9dc0430cfbb299b,False,False
NDX,qlike_ex_near_zero,full,headline,semi_quadratic,garch11,0.46354836300782137,0.0085000000000000006,4,4942,0,55,10000,1978126991,dce5fc38fa6179d41f990d720458f5b08edc57cdad154341d9dc0430cfbb299b,False,False
NDX,qlike_ex_near_zero,full,headline,semi_quadratic,garch11_t,0.47311904051811016,0.044499999999999998,6,4942,0,55,10000,1978126991,dce5fc38fa6179d41f990d720458f5b08edc57cdad154341d9dc0430cfbb299b,False,False
NDX,qlike_ex_near_zero,full,headline,semi_quadratic,gjr,0.41974995530077247,1,13,4942,0,55,10000,1978126991,dce5fc38fa6179d41f990d720458f5b08edc57cdad154341d9dc0430cfbb299b,True,True
NDX,qlike_ex_near_zero,full,headline,semi_quadratic,har,0.44585736795810788,0.1913,11,4942,0,55,10000,1978126991,dce5fc38fa6179d41f990d720458f5b08edc57cdad154341d9dc0430cfbb299b,True,False
NDX,qlike_ex_near_zero,full,headline,semi_quadratic,lgbm,0.56115462995901444,0,2,4942,0,55,10000,1978126991,dce5fc38fa6179d41f990d720458f5b08edc57cdad154341d9dc0430cfbb299b,False,False
NDX,qlike_ex_near_zero,full,headline,semi_quadratic,moirai,0.4388853141790075,0.19589999999999999,12,4942,0,55,10000,1978126991,dce5fc38fa6179d41f990d720458f5b08edc57cdad154341d9dc0430cfbb299b,True,False
NDX,qlike_ex_near_zero,full,headline,semi_quadratic,naive,0.78741065347234451,0.00029999999999999997,3,4942,0,55,10000,1978126991,dce5fc38fa6179d41f990d720458f5b08edc57cdad154341d9dc0430cfbb299b,False,False
NDX,qlike_ex_near_zero,full,headline,semi_quadratic,patchtst,0.68049402527324132,0,1,4942,0,55,10000,1978126991,dce5fc38fa6179d41f990d720458f5b08edc57cdad154341d9dc0430cfbb299b,False,False
NDX,qlike_ex_near_zero,full,headline,semi_quadratic,timesfm,0.45039571550449919,0.071199999999999999,7,4942,0,55,10000,1978126991,dce5fc38fa6179d41f990d720458f5b08edc57cdad154341d9dc0430cfbb299b,False,False
NKX,crps,full,headline,range,autoarima,0.0077379170650063384,0.48509999999999998,10,4774,21,154,10000,900651400,e9f93ebb57de999f1e2fd424d5d037978ab1062553260a7c272da575d1a2ced9,True,True
NKX,crps,full,headline,range,autoets,0.0076215987030038897,0.48509999999999998,11,4774,21,154,10000,900651400,e9f93ebb57de999f1e2fd424d5d037978ab1062553260a7c272da575d1a2ced9,True,True
NKX,crps,full,headline,range,chronos,0.0076327987316724072,0.1196,8,4774,21,154,10000,900651400,e9f93ebb57de999f1e2fd424d5d037978ab1062553260a7c272da575d1a2ced9,True,False
NKX,crps,full,headline,range,ewma,0.0076321254509224635,0.055899999999999998,7,4774,21,154,10000,900651400,e9f93ebb57de999f1e2fd424d5d037978ab1062553260a7c272da575d1a2ced9,False,False
NKX,crps,full,headline,range,garch11,0.0076139719126959134,0.0015,3,4774,21,154,10000,900651400,e9f93ebb57de999f1e2fd424d5d037978ab1062553260a7c272da575d1a2ced9,False,False
NKX,crps,full,headline,range,garch11_t,0.0076048177980725896,0.055899999999999998,6,4774,21,154,10000,900651400,e9f93ebb57de999f1e2fd424d5d037978ab1062553260a7c272da575d1a2ced9,False,False
NKX,crps,full,headline,range,gjr,0.0075792597233625587,1,13,4774,21,154,10000,900651400,e9f93ebb57de999f1e2fd424d5d037978ab1062553260a7c272da575d1a2ced9,True,True
NKX,crps,full,headline,range,har,0.0076220389150268896,0.48509999999999998,9,4774,21,154,10000,900651400,e9f93ebb57de999f1e2fd424d5d037978ab1062553260a7c272da575d1a2ced9,True,True
NKX,crps,full,headline,range,lgbm,0.0076733542055828349,0.0045999999999999999,4,4774,21,154,10000,900651400,e9f93ebb57de999f1e2fd424d5d037978ab1062553260a7c272da575d1a2ced9,False,False
NKX,crps,full,headline,range,moirai,0.007623080077737497,0.48509999999999998,12,4774,21,154,10000,900651400,e9f93ebb57de999f1e2fd424d5d037978ab1062553260a7c272da575d1a2ced9,True,True
NKX,crps,full,headline,range,naive,0.0078207276253980558,0.0011000000000000001,2,4774,21,154,10000,900651400,e9f93ebb57de999f1e2fd424d5d037978ab1062553260a7c272da575d1a2ced9,False,False
NKX,crps,full,headline,range,patchtst,0.0077457819778089026,0.00020000000000000001,1,4774,21,154,10000,900651400,e9f93ebb57de999f1e2fd424d5d037978ab1062553260a7c272da575d1a2ced9,False,False
NKX,crps,full,headline,range,timesfm,0.0076422502634529241,0.034500000000000003,5,4774,21,154,10000,900651400,e9f93ebb57de999f1e2fd424d5d037978ab1062553260a7c272da575d1a2ced9,False,False
NKX,crps,full,headline,semi_quadratic,autoarima,0.0077379170650063384,0.32300000000000001,10,4774,21,154,10000,1561346861,93ee712c5cf4828b4e05015cfc8fb7fc92c67a2f849b975ea9047749446921fd,True,True
NKX,crps,full,headline,semi_quadratic,autoets,0.0076215987030038897,0.34420000000000001,11,4774,21,154,10000,1561346861,93ee712c5cf4828b4e05015cfc8fb7fc92c67a2f849b975ea9047749446921fd,True,True
NKX,crps,full,headline,semi_quadratic,chronos,0.0076327987316724072,0.18779999999999999,8,4774,21,154,10000,1561346861,93ee712c5cf4828b4e05015cfc8fb7fc92c67a2f849b975ea9047749446921fd,True,False
NKX,crps,full,headline,semi_quadratic,ewma,0.0076321254509224635,0.17860000000000001,7,4774,21,154,10000,1561346861,93ee712c5cf4828b4e05015cfc8fb7fc92c67a2f849b975ea9047749446921fd,True,False
NKX,crps,full,headline,semi_quadratic,garch11,0.0076139719126959134,0.0385,3,4774,21,154,10000,1561346861,93ee712c5cf4828b4e05015cfc8fb7fc92c67a2f849b975ea9047749446921fd,False,False
NKX,crps,full,headline,semi_quadratic,garch11_t,0.0076048177980725896,0.1457,6,4774,21,154,10000,1561346861,93ee712c5cf4828b4e05015cfc8fb7fc92c67a2f849b975ea9047749446921fd,True,False
NKX,crps,full,headline,semi_quadratic,gjr,0.0075792597233625587,1,13,4774,21,154,10000,1561346861,93ee712c5cf4828b4e05015cfc8fb7fc92c67a2f849b975ea9047749446921fd,True,True
NKX,crps,full,headline,semi_quadratic,har,0.0076220389150268896,0.32300000000000001,9,4774,21,154,10000,1561346861,93ee712c5cf4828b4e05015cfc8fb7fc92c67a2f849b975ea9047749446921fd,True,True
NKX,crps,full,headline,semi_quadratic,lgbm,0.0076733542055828349,0.0385,4,4774,21,154,10000,1561346861,93ee712c5cf4828b4e05015cfc8fb7fc92c67a2f849b975ea9047749446921fd,False,False
NKX,crps,full,headline,semi_quadratic,moirai,0.007623080077737497,0.34420000000000001,12,4774,21,154,10000,1561346861,93ee712c5cf4828b4e05015cfc8fb7fc92c67a2f849b975ea9047749446921fd,True,True
NKX,crps,full,headline,semi_quadratic,naive,0.0078207276253980558,0.0080000000000000002,2,4774,21,154,10000,1561346861,93ee712c5cf4828b4e05015cfc8fb7fc92c67a2f849b975ea9047749446921fd,False,False
NKX,crps,full,headline,semi_quadratic,patchtst,0.0077457819778089026,0.0037000000000000002,1,4774,21,154,10000,1561346861,93ee712c5cf4828b4e05015cfc8fb7fc92c67a2f849b975ea9047749446921fd,False,False
NKX,crps,full,headline,semi_quadratic,timesfm,0.0076422502634529241,0.1079,5,4774,21,154,10000,1561346861,93ee712c5cf4828b4e05015cfc8fb7fc92c67a2f849b975ea9047749446921fd,True,False
NKX,log_score,full,headline,range,autoarima,-2.8401499271214194,0.0074999999999999997,2,4774,21,64,10000,140398981,32e2be8d1579dc0911168b8b030be212f358608437212bee32cee8deac6d195c,False,False
NKX,log_score,full,headline,range,autoets,-2.8564856068963569,0.0088000000000000005,8,4774,21,64,10000,140398981,32e2be8d1579dc0911168b8b030be212f358608437212bee32cee8deac6d195c,False,False
NKX,log_score,full,headline,range,chronos,-2.8640131782512599,0.0074999999999999997,3,4774,21,64,10000,140398981,32e2be8d1579dc0911168b8b030be212f358608437212bee32cee8deac6d195c,False,False
NKX,log_score,full,headline,range,ewma,-2.9007487701992125,0.0088000000000000005,11,4774,21,64,10000,140398981,32e2be8d1579dc0911168b8b030be212f358608437212bee32cee8deac6d195c,False,False
NKX,log_score,full,headline,range,garch11,-2.9030967797109763,0.0082000000000000007,5,4774,21,64,10000,140398981,32e2be8d1579dc0911168b8b030be212f358608437212bee32cee8deac6d195c,False,False
NKX,log_score,full,headline,range,garch11_t,-2.9271259129864013,1,13,4774,21,64,10000,140398981,32e2be8d1579dc0911168b8b030be212f358608437212bee32cee8deac6d195c,True,True
NKX,log_score,full,headline,range,gjr,-2.9255613019483508,0.7581,12,4774,21,64,10000,140398981,32e2be8d1579dc0911168b8b030be212f358608437212bee32cee8deac6d195c,True,True
NKX,log_score,full,headline,range,har,-2.8599660601555366,0.0082000000000000007,6,4774,21,64,10000,140398981,32e2be8d1579dc0911168b8b030be212f358608437212bee32cee8deac6d195c,False,False
NKX,log_score,full,headline,range,lgbm,-2.8151510676082685,0.0088000000000000005,10,4774,21,64,10000,140398981,32e2be8d1579dc0911168b8b030be212f358608437212bee32cee8deac6d195c,False,False
NKX,log_score,full,headline,range,moirai,-2.8747678571371251,0.0088000000000000005,9,4774,21,64,10000,140398981,32e2be8d1579dc0911168b8b030be212f358608437212bee32cee8deac6d195c,False,False
NKX,log_score,full,headline,range,naive,-2.7768651858670519,0.0067000000000000002,1,4774,21,64,10000,140398981,32e2be8d1579dc0911168b8b030be212f358608437212bee32cee8deac6d195c,False,False
NKX,log_score,full,headline,range,patchtst,-2.655967384498354,0.0074999999999999997,4,4774,21,64,10000,140398981,32e2be8d1579dc0911168b8b030be212f358608437212bee32cee8deac6d195c,False,False
NKX,log_score,full,headline,range,timesfm,-2.8599095327930169,0.0082000000000000007,7,4774,21,64,10000,140398981,32e2be8d1579dc0911168b8b030be212f358608437212bee32cee8deac6d195c,False,False
NKX,log_score,full,headline,semi_quadratic,autoarima,-2.8401499271214194,0.00059999999999999995,2,4774,21,64,10000,426253132,a8b37a809bd83b4f331279d6936ca271ded9fa41697219a3525f94fd31642238,False,False
NKX,log_score,full,headline,semi_quadratic,autoets,-2.8564856068963569,0.0016999999999999999,9,4774,21,64,10000,426253132,a8b37a809bd83b4f331279d6936ca271ded9fa41697219a3525f94fd31642238,False,False
NKX,log_score,full,headline,semi_quadratic,chronos,-2.8640131782512599,0.00080000000000000004,3,4774,21,64,10000,426253132,a8b37a809bd83b4f331279d6936ca271ded9fa41697219a3525f94fd31642238,False,False
NKX,log_score,full,headline,semi_quadratic,ewma,-2.9007487701992125,0.0025000000000000001,11,4774,21,64,10000,426253132,a8b37a809bd83b4f331279d6936ca271ded9fa41697219a3525f94fd31642238,False,False
NKX,log_score,full,headline,semi_quadratic,garch11,-2.9030967797109763,0.0016999999999999999,7,4774,21,64,10000,426253132,a8b37a809bd83b4f331279d6936ca271ded9fa41697219a3525f94fd31642238,False,False
NKX,log_score,full,headline,semi_quadratic,garch11_t,-2.9271259129864013,1,13,4774,21,64,10000,426253132,a8b37a809bd83b4f331279d6936ca271ded9fa41697219a3525f94fd31642238,True,True
NKX,log_score,full,headline,semi_quadratic,gjr,-2.9255613019483508,0.74550000000000005,12,4774,21,64,10000,426253132,a8b37a809bd83b4f331279d6936ca271ded9fa41697219a3525f94fd31642238,True,True
NKX,log_score,full,headline,semi_quadratic,har,-2.8599660601555366,0.0016999999999999999,5,4774,21,64,10000,426253132,a8b37a809bd83b4f331279d6936ca271ded9fa41697219a3525f94fd31642238,False,False
NKX,log_score,full,headline,semi_quadratic,lgbm,-2.8151510676082685,0.0016999999999999999,10,4774,21,64,10000,426253132,a8b37a809bd83b4f331279d6936ca271ded9fa41697219a3525f94fd31642238,False,False
NKX,log_score,full,headline,semi_quadratic,moirai,-2.8747678571371251,0.0016999999999999999,8,4774,21,64,10000,426253132,a8b37a809bd83b4f331279d6936ca271ded9fa41697219a3525f94fd31642238,False,False
NKX,log_score,full,headline,semi_quadratic,naive,-2.7768651858670519,0.00040000000000000002,1,4774,21,64,10000,426253132,a8b37a809bd83b4f331279d6936ca271ded9fa41697219a3525f94fd31642238,False,False
NKX,log_score,full,headline,semi_quadratic,patchtst,-2.655967384498354,0.00080000000000000004,4,4774,21,64,10000,426253132,a8b37a809bd83b4f331279d6936ca271ded9fa41697219a3525f94fd31642238,False,False
NKX,log_score,full,headline,semi_quadratic,timesfm,-2.8599095327930169,0.0016999999999999999,6,4774,21,64,10000,426253132,a8b37a809bd83b4f331279d6936ca271ded9fa41697219a3525f94fd31642238,False,False
NKX,pinball_0p01,full,headline,range,autoarima,0.00063259564160882034,0.10829999999999999,3,4774,21,117,10000,1959406401,cedb553d83b3ea810268d34f34180dc6fdef284dfe35904b8c63a7c97e200b32,True,False
NKX,pinball_0p01,full,headline,range,autoets,0.00060742311154140421,0.1774,5,4774,21,117,10000,1959406401,cedb553d83b3ea810268d34f34180dc6fdef284dfe35904b8c63a7c97e200b32,True,False
NKX,pinball_0p01,full,headline,range,chronos,0.00062851242435403966,0.1774,8,4774,21,117,10000,1959406401,cedb553d83b3ea810268d34f34180dc6fdef284dfe35904b8c63a7c97e200b32,True,False
NKX,pinball_0p01,full,headline,range,ewma,0.00053844788128934006,0.1774,11,4774,21,117,10000,1959406401,cedb553d83b3ea810268d34f34180dc6fdef284dfe35904b8c63a7c97e200b32,True,False
NKX,pinball_0p01,full,headline,range,garch11,0.00053241432788713795,0.10829999999999999,2,4774,21,117,10000,1959406401,cedb553d83b3ea810268d34f34180dc6fdef284dfe35904b8c63a7c97e200b32,True,False
NKX,pinball_0p01,full,headline,range,garch11_t,0.0005230138307561619,0.1774,12,4774,21,117,10000,1959406401,cedb553d83b3ea810268d34f34180dc6fdef284dfe35904b8c63a7c97e200b32,True,False
NKX,pinball_0p01,full,headline,range,gjr,0.0005064354350644033,1,13,4774,21,117,10000,1959406401,cedb553d83b3ea810268d34f34180dc6fdef284dfe35904b8c63a7c97e200b32,True,True
NKX,pinball_0p01,full,headline,range,har,0.00062381704188869838,0.1305,4,4774,21,117,10000,1959406401,cedb553d83b3ea810268d34f34180dc6fdef284dfe35904b8c63a7c97e200b32,True,False
NKX,pinball_0p01,full,headline,range,lgbm,0.00064967164160596627,0.1774,6,4774,21,117,10000,1959406401,cedb553d83b3ea810268d34f34180dc6fdef284dfe35904b8c63a7c97e200b32,True,False
NKX,pinball_0p01,full,headline,range,moirai,0.00062337486218513513,0.1774,9,4774,21,117,10000,1959406401,cedb553d83b3ea810268d34f34180dc6fdef284dfe35904b8c63a7c97e200b32,True,False
NKX,pinball_0p01,full,headline,range,naive,0.00066868889548515735,0.1774,7,4774,21,117,10000,1959406401,cedb553d83b3ea810268d34f34180dc6fdef284dfe35904b8c63a7c97e200b32,True,False
NKX,pinball_0p01,full,headline,range,patchtst,0.00074231832444631503,0.032199999999999999,1,4774,21,117,10000,1959406401,cedb553d83b3ea810268d34f34180dc6fdef284dfe35904b8c63a7c97e200b32,False,False
NKX,pinball_0p01,full,headline,range,timesfm,0.00063556362006724919,0.1774,10,4774,21,117,10000,1959406401,cedb553d83b3ea810268d34f34180dc6fdef284dfe35904b8c63a7c97e200b32,True,False
NKX,pinball_0p01,full,headline,semi_quadratic,autoarima,0.00063259564160882034,0.0419,2,4774,21,117,10000,190840955,f2126743a8c2bee4ff7c6ec623b34de88374df6b081aaf8a1401c6b90290dd66,False,False
NKX,pinball_0p01,full,headline,semi_quadratic,autoets,0.00060742311154140421,0.0465,5,4774,21,117,10000,190840955,f2126743a8c2bee4ff7c6ec623b34de88374df6b081aaf8a1401c6b90290dd66,False,False
NKX,pinball_0p01,full,headline,semi_quadratic,chronos,0.00062851242435403966,0.0465,7,4774,21,117,10000,190840955,f2126743a8c2bee4ff7c6ec623b34de88374df6b081aaf8a1401c6b90290dd66,False,False
NKX,pinball_0p01,full,headline,semi_quadratic,ewma,0.00053844788128934006,0.1036,11,4774,21,117,10000,190840955,f2126743a8c2bee4ff7c6ec623b34de88374df6b081aaf8a1401c6b90290dd66,True,False
NKX,pinball_0p01,full,headline,semi_quadratic,garch11,0.00053241432788713795,0.042700000000000002,3,4774,21,117,10000,190840955,f2126743a8c2bee4ff7c6ec623b34de88374df6b081aaf8a1401c6b90290dd66,False,False
NKX,pinball_0p01,full,headline,semi_quadratic,garch11_t,0.0005230138307561619,0.1172,12,4774,21,117,10000,190840955,f2126743a8c2bee4ff7c6ec623b34de88374df6b081aaf8a1401c6b90290dd66,True,False
NKX,pinball_0p01,full,headline,semi_quadratic,gjr,0.0005064354350644033,1,13,4774,21,117,10000,190840955,f2126743a8c2bee4ff7c6ec623b34de88374df6b081aaf8a1401c6b90290dd66,True,True
NKX,pinball_0p01,full,headline,semi_quadratic,har,0.00062381704188869838,0.0465,4,4774,21,117,10000,190840955,f2126743a8c2bee4ff7c6ec623b34de88374df6b081aaf8a1401c6b90290dd66,False,False
NKX,pinball_0p01,full,headline,semi_quadratic,lgbm,0.00064967164160596627,0.0465,6,4774,21,117,10000,190840955,f2126743a8c2bee4ff7c6ec623b34de88374df6b081aaf8a1401c6b90290dd66,False,False
NKX,pinball_0p01,full,headline,semi_quadratic,moirai,0.00062337486218513513,0.0465,9,4774,21,117,10000,190840955,f2126743a8c2bee4ff7c6ec623b34de88374df6b081aaf8a1401c6b90290dd66,False,False
NKX,pinball_0p01,full,headline,semi_quadratic,naive,0.00066868889548515735,0.0465,8,4774,21,117,10000,190840955,f2126743a8c2bee4ff7c6ec623b34de88374df6b081aaf8a1401c6b90290dd66,False,False
NKX,pinball_0p01,full,headline,semi_quadratic,patchtst,0.00074231832444631503,0.022800000000000001,1,4774,21,117,10000,190840955,f2126743a8c2bee4ff7c6ec623b34de88374df6b081aaf8a1401c6b90290dd66,False,False
NKX,pinball_0p01,full,headline,semi_quadratic,timesfm,0.00063556362006724919,0.0465,10,4774,21,117,10000,190840955,f2126743a8c2bee4ff7c6ec623b34de88374df6b081aaf8a1401c6b90290dd66,False,False
NKX,pinball_0p025,full,headline,range,autoarima,0.0011227453616443838,0.17019999999999999,5,4774,21,123,10000,934852116,e8cc11b429a6170c1344c24567c2772b08dc03cb80ff1aafd91d3b848a394f10,True,False
NKX,pinball_0p025,full,headline,range,autoets,0.0010843741087270115,0.17019999999999999,10,4774,21,123,10000,934852116,e8cc11b429a6170c1344c24567c2772b08dc03cb80ff1aafd91d3b848a394f10,True,False
NKX,pinball_0p025,full,headline,range,chronos,0.001117380652224426,0.17019999999999999,8,4774,21,123,10000,934852116,e8cc11b429a6170c1344c24567c2772b08dc03cb80ff1aafd91d3b848a394f10,True,False
NKX,pinball_0p025,full,headline,range,ewma,0.0010190354488846828,0.17019999999999999,12,4774,21,123,10000,934852116,e8cc11b429a6170c1344c24567c2772b08dc03cb80ff1aafd91d3b848a394f10,True,False
NKX,pinball_0p025,full,headline,range,garch11,0.0010131359967235599,0.098299999999999998,2,4774,21,123,10000,934852116,e8cc11b429a6170c1344c24567c2772b08dc03cb80ff1aafd91d3b848a394f10,False,False
NKX,pinball_0p025,full,headline,range,garch11_t,0.0010150256301301591,0.1236,3,4774,21,123,10000,934852116,e8cc11b429a6170c1344c24567c2772b08dc03cb80ff1aafd91d3b848a394f10,True,False
NKX,pinball_0p025,full,headline,range,gjr,0.00098422973238660848,1,13,4774,21,123,10000,934852116,e8cc11b429a6170c1344c24567c2772b08dc03cb80ff1aafd91d3b848a394f10,True,True
NKX,pinball_0p025,full,headline,range,har,0.0011035450394768038,0.17019999999999999,7,4774,21,123,10000,934852116,e8cc11b429a6170c1344c24567c2772b08dc03cb80ff1aafd91d3b848a394f10,True,False
NKX,pinball_0p025,full,headline,range,lgbm,0.0011350579663210849,0.17019999999999999,6,4774,21,123,10000,934852116,e8cc11b429a6170c1344c24567c2772b08dc03cb80ff1aafd91d3b848a394f10,True,False
NKX,pinball_0p025,full,headline,range,moirai,0.0011098238433681191,0.17019999999999999,11,4774,21,123,10000,934852116,e8cc11b429a6170c1344c24567c2772b08dc03cb80ff1aafd91d3b848a394f10,True,False
NKX,pinball_0p025,full,headline,range,naive,0.0011729257901419592,0.14080000000000001,4,4774,21,123,10000,934852116,e8cc11b429a6170c1344c24567c2772b08dc03cb80ff1aafd91d3b848a394f10,True,False
NKX,pinball_0p025,full,headline,range,patchtst,0.0012172499366590202,0.046699999999999998,1,4774,21,123,10000,934852116,e8cc11b429a6170c1344c24567c2772b08dc03cb80ff1aafd91d3b848a394f10,False,False
NKX,pinball_0p025,full,headline,range,timesfm,0.0011233907200996363,0.17019999999999999,9,4774,21,123,10000,934852116,e8cc11b429a6170c1344c24567c2772b08dc03cb80ff1aafd91d3b848a394f10,True,False
NKX,pinball_0p025,full,headline,semi_quadratic,autoarima,0.0011227453616443838,0.043700000000000003,5,4774,21,123,10000,354033811,997bffb56ef4a30f2eb1d60f9dd05b22aee7ec5d2d8940fe5c6b7c31510b50eb,False,False
NKX,pinball_0p025,full,headline,semi_quadratic,autoets,0.0010843741087270115,0.043700000000000003,10,4774,21,123,10000,354033811,997bffb56ef4a30f2eb1d60f9dd05b22aee7ec5d2d8940fe5c6b7c31510b50eb,False,False
NKX,pinball_0p025,full,headline,semi_quadratic,chronos,0.001117380652224426,0.043700000000000003,8,4774,21,123,10000,354033811,997bffb56ef4a30f2eb1d60f9dd05b22aee7ec5d2d8940fe5c6b7c31510b50eb,False,False
NKX,pinball_0p025,full,headline,semi_quadratic,ewma,0.0010190354488846828,0.043700000000000003,12,4774,21,123,10000,354033811,997bffb56ef4a30f2eb1d60f9dd05b22aee7ec5d2d8940fe5c6b7c31510b50eb,False,False
NKX,pinball_0p025,full,headline,semi_quadratic,garch11,0.0010131359967235599,0.034700000000000002,2,4774,21,123,10000,354033811,997bffb56ef4a30f2eb1d60f9dd05b22aee7ec5d2d8940fe5c6b7c31510b50eb,False,False
NKX,pinball_0p025,full,headline,semi_quadratic,garch11_t,0.0010150256301301591,0.034700000000000002,3,4774,21,123,10000,354033811,997bffb56ef4a30f2eb1d60f9dd05b22aee7ec5d2d8940fe5c6b7c31510b50eb,False,False
NKX,pinball_0p025,full,headline,semi_quadratic,gjr,0.00098422973238660848,1,13,4774,21,123,10000,354033811,997bffb56ef4a30f2eb1d60f9dd05b22aee7ec5d2d8940fe5c6b7c31510b50eb,True,True
NKX,pinball_0p025,full,headline,semi_quadratic,har,0.0011035450394768038,0.043700000000000003,7,4774,21,123,10000,354033811,997bffb56ef4a30f2eb1d60f9dd05b22aee7ec5d2d8940fe5c6b7c31510b50eb,False,False
NKX,pinball_0p025,full,headline,semi_quadratic,lgbm,0.0011350579663210849,0.043700000000000003,6,4774,21,123,10000,354033811,997bffb56ef4a30f2eb1d60f9dd05b22aee7ec5d2d8940fe5c6b7c31510b50eb,False,False
NKX,pinball_0p025,full,headline,semi_quadratic,moirai,0.0011098238433681191,0.043700000000000003,11,4774,21,123,10000,354033811,997bffb56ef4a30f2eb1d60f9dd05b22aee7ec5d2d8940fe5c6b7c31510b50eb,False,False
NKX,pinball_0p025,full,headline,semi_quadratic,naive,0.0011729257901419592,0.034700000000000002,4,4774,21,123,10000,354033811,997bffb56ef4a30f2eb1d60f9dd05b22aee7ec5d2d8940fe5c6b7c31510b50eb,False,False
NKX,pinball_0p025,full,headline,semi_quadratic,patchtst,0.0012172499366590202,0.0195,1,4774,21,123,10000,354033811,997bffb56ef4a30f2eb1d60f9dd05b22aee7ec5d2d8940fe5c6b7c31510b50eb,False,False
NKX,pinball_0p025,full,headline,semi_quadratic,timesfm,0.0011233907200996363,0.043700000000000003,9,4774,21,123,10000,354033811,997bffb56ef4a30f2eb1d60f9dd05b22aee7ec5d2d8940fe5c6b7c31510b50eb,False,False
NKX,pinball_0p05,full,headline,range,autoarima,0.0017678046642009048,0.16389999999999999,8,4774,21,113,10000,1563601151,fab9001aa5ade66935433a28b6fed6710551f34429106e20a43baa686909ec34,True,False
NKX,pinball_0p05,full,headline,range,autoets,0.00171297979423651,0.16389999999999999,11,4774,21,113,10000,1563601151,fab9001aa5ade66935433a28b6fed6710551f34429106e20a43baa686909ec34,True,False
NKX,pinball_0p05,full,headline,range,chronos,0.0017452031705773275,0.16389999999999999,9,4774,21,113,10000,1563601151,fab9001aa5ade66935433a28b6fed6710551f34429106e20a43baa686909ec34,True,False
NKX,pinball_0p05,full,headline,range,ewma,0.0016651295858693157,0.1079,5,4774,21,113,10000,1563601151,fab9001aa5ade66935433a28b6fed6710551f34429106e20a43baa686909ec34,True,False
NKX,pinball_0p05,full,headline,range,garch11,0.0016631148367777851,0.0051999999999999998,1,4774,21,113,10000,1563601151,fab9001aa5ade66935433a28b6fed6710551f34429106e20a43baa686909ec34,False,False
NKX,pinball_0p05,full,headline,range,garch11_t,0.0016699677402360151,0.010200000000000001,2,4774,21,113,10000,1563601151,fab9001aa5ade66935433a28b6fed6710551f34429106e20a43baa686909ec34,False,False
NKX,pinball_0p05,full,headline,range,gjr,0.0016213954788037224,1,13,4774,21,113,10000,1563601151,fab9001aa5ade66935433a28b6fed6710551f34429106e20a43baa686909ec34,True,True
NKX,pinball_0p05,full,headline,range,har,0.0017263164075122142,0.16389999999999999,10,4774,21,113,10000,1563601151,fab9001aa5ade66935433a28b6fed6710551f34429106e20a43baa686909ec34,True,False
NKX,pinball_0p05,full,headline,range,lgbm,0.0017601433646864714,0.1583,6,4774,21,113,10000,1563601151,fab9001aa5ade66935433a28b6fed6710551f34429106e20a43baa686909ec34,True,False
NKX,pinball_0p05,full,headline,range,moirai,0.0017316244746985877,0.16389999999999999,12,4774,21,113,10000,1563601151,fab9001aa5ade66935433a28b6fed6710551f34429106e20a43baa686909ec34,True,False
NKX,pinball_0p05,full,headline,range,naive,0.0018352286506714774,0.030499999999999999,3,4774,21,113,10000,1563601151,fab9001aa5ade66935433a28b6fed6710551f34429106e20a43baa686909ec34,False,False
NKX,pinball_0p05,full,headline,range,patchtst,0.0018340686249648064,0.034799999999999998,4,4774,21,113,10000,1563601151,fab9001aa5ade66935433a28b6fed6710551f34429106e20a43baa686909ec34,False,False
NKX,pinball_0p05,full,headline,range,timesfm,0.0017501074640082306,0.16389999999999999,7,4774,21,113,10000,1563601151,fab9001aa5ade66935433a28b6fed6710551f34429106e20a43baa686909ec34,True,False
NKX,pinball_0p05,full,headline,semi_quadratic,autoarima,0.0017678046642009048,0.048399999999999999,8,4774,21,113,10000,1052572719,6b5cd14107a305c5b27f019a7f9ad2b8e0eab2ff20ba8b352ff951e5df38d8b0,False,False
NKX,pinball_0p05,full,headline,semi_quadratic,autoets,0.00171297979423651,0.062700000000000006,11,4774,21,113,10000,1052572719,6b5cd14107a305c5b27f019a7f9ad2b8e0eab2ff20ba8b352ff951e5df38d8b0,False,False
NKX,pinball_0p05,full,headline,semi_quadratic,chronos,0.0017452031705773275,0.048399999999999999,9,4774,21,113,10000,1052572719,6b5cd14107a305c5b27f019a7f9ad2b8e0eab2ff20ba8b352ff951e5df38d8b0,False,False
NKX,pinball_0p05,full,headline,semi_quadratic,ewma,0.0016651295858693157,0.038699999999999998,5,4774,21,113,10000,1052572719,6b5cd14107a305c5b27f019a7f9ad2b8e0eab2ff20ba8b352ff951e5df38d8b0,False,False
NKX,pinball_0p05,full,headline,semi_quadratic,garch11,0.0016631148367777851,0.013100000000000001,1,4774,21,113,10000,1052572719,6b5cd14107a305c5b27f019a7f9ad2b8e0eab2ff20ba8b352ff951e5df38d8b0,False,False
NKX,pinball_0p05,full,headline,semi_quadratic,garch11_t,0.0016699677402360151,0.013100000000000001,2,4774,21,113,10000,1052572719,6b5cd14107a305c5b27f019a7f9ad2b8e0eab2ff20ba8b352ff951e5df38d8b0,False,False
NKX,pinball_0p05,full,headline,semi_quadratic,gjr,0.0016213954788037224,1,13,4774,21,113,10000,1052572719,6b5cd14107a305c5b27f019a7f9ad2b8e0eab2ff20ba8b352ff951e5df38d8b0,True,True
NKX,pinball_0p05,full,headline,semi_quadratic,har,0.0017263164075122142,0.062700000000000006,10,4774,21,113,10000,1052572719,6b5cd14107a305c5b27f019a7f9ad2b8e0eab2ff20ba8b352ff951e5df38d8b0,False,False
NKX,pinball_0p05,full,headline,semi_quadratic,lgbm,0.0017601433646864714,0.041300000000000003,6,4774,21,113,10000,1052572719,6b5cd14107a305c5b27f019a7f9ad2b8e0eab2ff20ba8b352ff951e5df38d8b0,False,False
NKX,pinball_0p05,full,headline,semi_quadratic,moirai,0.0017316244746985877,0.062700000000000006,12,4774,21,113,10000,1052572719,6b5cd14107a305c5b27f019a7f9ad2b8e0eab2ff20ba8b352ff951e5df38d8b0,False,False
NKX,pinball_0p05,full,headline,semi_quadratic,naive,0.0018352286506714774,0.013100000000000001,3,4774,21,113,10000,1052572719,6b5cd14107a305c5b27f019a7f9ad2b8e0eab2ff20ba8b352ff951e5df38d8b0,False,False
NKX,pinball_0p05,full,headline,semi_quadratic,patchtst,0.0018340686249648064,0.015599999999999999,4,4774,21,113,10000,1052572719,6b5cd14107a305c5b27f019a7f9ad2b8e0eab2ff20ba8b352ff951e5df38d8b0,False,False
NKX,pinball_0p05,full,headline,semi_quadratic,timesfm,0.0017501074640082306,0.0448,7,4774,21,113,10000,1052572719,6b5cd14107a305c5b27f019a7f9ad2b8e0eab2ff20ba8b352ff951e5df38d8b0,False,False
NKX,pinball_avg,full,headline,range,autoarima,0.0011743818891513688,0.13900000000000001,5,4774,21,122,10000,1009185610,c849c2c1d687bc989230a5356c777ec2b1c0bf2cf7240788a46cfb92eefb6436,True,False
NKX,pinball_avg,full,headline,range,autoets,0.0011349256715016433,0.13900000000000001,10,4774,21,122,10000,1009185610,c849c2c1d687bc989230a5356c777ec2b1c0bf2cf7240788a46cfb92eefb6436,True,False
NKX,pinball_avg,full,headline,range,chronos,0.0011636987490519291,0.13900000000000001,9,4774,21,122,10000,1009185610,c849c2c1d687bc989230a5356c777ec2b1c0bf2cf7240788a46cfb92eefb6436,True,False
NKX,pinball_avg,full,headline,range,ewma,0.001074204305347781,0.13900000000000001,8,4774,21,122,10000,1009185610,c849c2c1d687bc989230a5356c777ec2b1c0bf2cf7240788a46cfb92eefb6436,True,False
NKX,pinball_avg,full,headline,range,garch11,0.0010695550537961666,0.02,1,4774,21,122,10000,1009185610,c849c2c1d687bc989230a5356c777ec2b1c0bf2cf7240788a46cfb92eefb6436,False,False
NKX,pinball_avg,full,headline,range,garch11_t,0.0010693357337074449,0.049799999999999997,3,4774,21,122,10000,1009185610,c849c2c1d687bc989230a5356c777ec2b1c0bf2cf7240788a46cfb92eefb6436,False,False
NKX,pinball_avg,full,headline,range,gjr,0.0010373535487515778,1,13,4774,21,122,10000,1009185610,c849c2c1d687bc989230a5356c777ec2b1c0bf2cf7240788a46cfb92eefb6436,True,True
NKX,pinball_avg,full,headline,range,har,0.0011512261629592372,0.13900000000000001,6,4774,21,122,10000,1009185610,c849c2c1d687bc989230a5356c777ec2b1c0bf2cf7240788a46cfb92eefb6436,True,False
NKX,pinball_avg,full,headline,range,lgbm,0.0011816243242045077,0.13900000000000001,7,4774,21,122,10000,1009185610,c849c2c1d687bc989230a5356c777ec2b1c0bf2cf7240788a46cfb92eefb6436,True,False
NKX,pinball_avg,full,headline,range,moirai,0.0011549410600839498,0.13900000000000001,12,4774,21,122,10000,1009185610,c849c2c1d687bc989230a5356c777ec2b1c0bf2cf7240788a46cfb92eefb6436,True,False
NKX,pinball_avg,full,headline,range,naive,0.0012256144454328662,0.1057,4,4774,21,122,10000,1009185610,c849c2c1d687bc989230a5356c777ec2b1c0bf2cf7240788a46cfb92eefb6436,True,False
NKX,pinball_avg,full,headline,range,patchtst,0.0012645456286900464,0.032399999999999998,2,4774,21,122,10000,1009185610,c849c2c1d687bc989230a5356c777ec2b1c0bf2cf7240788a46cfb92eefb6436,False,False
NKX,pinball_avg,full,headline,range,timesfm,0.0011696872680583728,0.13900000000000001,11,4774,21,122,10000,1009185610,c849c2c1d687bc989230a5356c777ec2b1c0bf2cf7240788a46cfb92eefb6436,True,False
NKX,pinball_avg,full,headline,semi_quadratic,autoarima,0.0011743818891513688,0.046699999999999998,5,4774,21,122,10000,1748519566,163505342c817c6171e461355dfc93f7ae49137558b84fb3ccacb70fc4b57b99,False,False
NKX,pinball_avg,full,headline,semi_quadratic,autoets,0.0011349256715016433,0.046699999999999998,10,4774,21,122,10000,1748519566,163505342c817c6171e461355dfc93f7ae49137558b84fb3ccacb70fc4b57b99,False,False
NKX,pinball_avg,full,headline,semi_quadratic,chronos,0.0011636987490519291,0.046699999999999998,9,4774,21,122,10000,1748519566,163505342c817c6171e461355dfc93f7ae49137558b84fb3ccacb70fc4b57b99,False,False
NKX,pinball_avg,full,headline,semi_quadratic,ewma,0.001074204305347781,0.046699999999999998,8,4774,21,122,10000,1748519566,163505342c817c6171e461355dfc93f7ae49137558b84fb3ccacb70fc4b57b99,False,False
NKX,pinball_avg,full,headline,semi_quadratic,garch11,0.0010695550537961666,0.018499999999999999,1,4774,21,122,10000,1748519566,163505342c817c6171e461355dfc93f7ae49137558b84fb3ccacb70fc4b57b99,False,False
NKX,pinball_avg,full,headline,semi_quadratic,garch11_t,0.0010693357337074449,0.030200000000000001,3,4774,21,122,10000,1748519566,163505342c817c6171e461355dfc93f7ae49137558b84fb3ccacb70fc4b57b99,False,False
NKX,pinball_avg,full,headline,semi_quadratic,gjr,0.0010373535487515778,1,13,4774,21,122,10000,1748519566,163505342c817c6171e461355dfc93f7ae49137558b84fb3ccacb70fc4b57b99,True,True
NKX,pinball_avg,full,headline,semi_quadratic,har,0.0011512261629592372,0.046699999999999998,6,4774,21,122,10000,1748519566,163505342c817c6171e461355dfc93f7ae49137558b84fb3ccacb70fc4b57b99,False,False
NKX,pinball_avg,full,headline,semi_quadratic,lgbm,0.0011816243242045077,0.046699999999999998,7,4774,21,122,10000,1748519566,163505342c817c6171e461355dfc93f7ae49137558b84fb3ccacb70fc4b57b99,False,False
NKX,pinball_avg,full,headline,semi_quadratic,moirai,0.0011549410600839498,0.046699999999999998,12,4774,21,122,10000,1748519566,163505342c817c6171e461355dfc93f7ae49137558b84fb3ccacb70fc4b57b99,False,False
NKX,pinball_avg,full,headline,semi_quadratic,naive,0.0012256144454328662,0.030700000000000002,4,4774,21,122,10000,1748519566,163505342c817c6171e461355dfc93f7ae49137558b84fb3ccacb70fc4b57b99,False,False
NKX,pinball_avg,full,headline,semi_quadratic,patchtst,0.0012645456286900464,0.018499999999999999,2,4774,21,122,10000,1748519566,163505342c817c6171e461355dfc93f7ae49137558b84fb3ccacb70fc4b57b99,False,False
NKX,pinball_avg,full,headline,semi_quadratic,timesfm,0.0011696872680583728,0.046699999999999998,11,4774,21,122,10000,1748519566,163505342c817c6171e461355dfc93f7ae49137558b84fb3ccacb70fc4b57b99,False,False
NKX,qlike,full,headline,range,autoarima,0.46267132732762112,0.063700000000000007,11,4773,22,114,10000,850108278,60740a65e113f3faa0be29b43a904ec3ad388df8fa9aa4e4e4f6809d67a90247,False,False
NKX,qlike,full,headline,range,autoets,0.44464413513240242,0.039899999999999998,10,4773,22,114,10000,850108278,60740a65e113f3faa0be29b43a904ec3ad388df8fa9aa4e4e4f6809d67a90247,False,False
NKX,qlike,full,headline,range,chronos,0.43046772296243713,0.039899999999999998,8,4773,22,114,10000,850108278,60740a65e113f3faa0be29b43a904ec3ad388df8fa9aa4e4e4f6809d67a90247,False,False
NKX,qlike,full,headline,range,ewma,0.4812226276937554,0.00029999999999999997,5,4773,22,114,10000,850108278,60740a65e113f3faa0be29b43a904ec3ad388df8fa9aa4e4e4f6809d67a90247,False,False
NKX,qlike,full,headline,range,garch11,0.46880811484813473,0.0001,4,4773,22,114,10000,850108278,60740a65e113f3faa0be29b43a904ec3ad388df8fa9aa4e4e4f6809d67a90247,False,False
NKX,qlike,full,headline,range,garch11_t,0.48421547244193414,0.0001,3,4773,22,114,10000,850108278,60740a65e113f3faa0be29b43a904ec3ad388df8fa9aa4e4e4f6809d67a90247,False,False
NKX,qlike,full,headline,range,gjr,0.44412542297589208,0.039899999999999998,9,4773,22,114,10000,850108278,60740a65e113f3faa0be29b43a904ec3ad388df8fa9aa4e4e4f6809d67a90247,False,False
NKX,qlike,full,headline,range,har,0.42577859495429371,0.22170000000000001,12,4773,22,114,10000,850108278,60740a65e113f3faa0be29b43a904ec3ad388df8fa9aa4e4e4f6809d67a90247,True,False
NKX,qlike,full,headline,range,lgbm,0.49102287079871831,0,2,4773,22,114,10000,850108278,60740a65e113f3faa0be29b43a904ec3ad388df8fa9aa4e4e4f6809d67a90247,False,False
NKX,qlike,full,headline,range,moirai,0.41846464264768651,1,13,4773,22,114,10000,850108278,60740a65e113f3faa0be29b43a904ec3ad388df8fa9aa4e4e4f6809d67a90247,True,True
NKX,qlike,full,headline,range,naive,0.6387814706831445,0,1,4773,22,114,10000,850108278,60740a65e113f3faa0be29b43a904ec3ad388df8fa9aa4e4e4f6809d67a90247,False,False
NKX,qlike,full,headline,range,patchtst,0.64623580025336302,0.0011000000000000001,7,4773,22,114,10000,850108278,60740a65e113f3faa0be29b43a904ec3ad388df8fa9aa4e4e4f6809d67a90247,False,False
NKX,qlike,full,headline,range,timesfm,0.44372098785814101,0.00069999999999999999,6,4773,22,114,10000,850108278,60740a65e113f3faa0be29b43a904ec3ad388df8fa9aa4e4e4f6809d67a90247,False,False
NKX,qlike,full,headline,semi_quadratic,autoarima,0.46267132732762112,0.0407,11,4773,22,114,10000,1031967153,b3a2db5cb1e4b0cafb492d087e36cbfe8a4ab5f866daa419f87a48a4fb832ba5,False,False
NKX,qlike,full,headline,semi_quadratic,autoets,0.44464413513240242,0.023699999999999999,9,4773,22,114,10000,1031967153,b3a2db5cb1e4b0cafb492d087e36cbfe8a4ab5f866daa419f87a48a4fb832ba5,False,False
NKX,qlike,full,headline,semi_quadratic,chronos,0.43046772296243713,0.022200000000000001,8,4773,22,114,10000,1031967153,b3a2db5cb1e4b0cafb492d087e36cbfe8a4ab5f866daa419f87a48a4fb832ba5,False,False
NKX,qlike,full,headline,semi_quadratic,ewma,0.4812226276937554,0.0001,5,4773,22,114,10000,1031967153,b3a2db5cb1e4b0cafb492d087e36cbfe8a4ab5f866daa419f87a48a4fb832ba5,False,False
NKX,qlike,full,headline,semi_quadratic,garch11,0.46880811484813473,0.0001,4,4773,22,114,10000,1031967153,b3a2db5cb1e4b0cafb492d087e36cbfe8a4ab5f866daa419f87a48a4fb832ba5,False,False
NKX,qlike,full,headline,semi_quadratic,garch11_t,0.48421547244193414,0,3,4773,22,114,10000,1031967153,b3a2db5cb1e4b0cafb492d087e36cbfe8a4ab5f866daa419f87a48a4fb832ba5,False,False
NKX,qlike,full,headline,semi_quadratic,gjr,0.44412542297589208,0.027199999999999998,10,4773,22,114,10000,1031967153,b3a2db5cb1e4b0cafb492d087e36cbfe8a4ab5f866daa419f87a48a4fb832ba5,False,False
NKX,qlike,full,headline,semi_quadratic,har,0.42577859495429371,0.21079999999999999,12,4773,22,114,10000,1031967153,b3a2db5cb1e4b0cafb492d087e36cbfe8a4ab5f866daa419f87a48a4fb832ba5,True,False
NKX,qlike,full,headline,semi_quadratic,lgbm,0.49102287079871831,0,2,4773,22,114,10000,1031967153,b3a2db5cb1e4b0cafb492d087e36cbfe8a4ab5f866daa419f87a48a4fb832ba5,False,False
NKX,qlike,full,headline,semi_quadratic,moirai,0.41846464264768651,1,13,4773,22,114,10000,1031967153,b3a2db5cb1e4b0cafb492d087e36cbfe8a4ab5f866daa419f87a48a4fb832ba5,True,True
NKX,qlike,full,headline,semi_quadratic,naive,0.6387814706831445,0,1,4773,22,114,10000,1031967153,b3a2db5cb1e4b0cafb492d087e36cbfe8a4ab5f866daa419f87a48a4fb832ba5,False,False
NKX,qlike,full,headline,semi_quadratic,patchtst,0.64623580025336302,0.00080000000000000004,7,4773,22,114,10000,1031967153,b3a2db5cb1e4b0cafb492d087e36cbfe8a4ab5f866daa419f87a48a4fb832ba5,False,False
NKX,qlike,full,headline,semi_quadratic,timesfm,0.44372098785814101,0.00050000000000000001,6,4773,22,114,10000,1031967153,b3a2db5cb1e4b0cafb492d087e36cbfe8a4ab5f866daa419f87a48a4fb832ba5,False,False
NKX,fz0_0p01,full,headline,range,autoarima,-2.4964814490819092,0.0050000000000000001,2,4774,21,100,10000,1973073309,d2c5707e048962ecbd10f8d3a174262aad31f5fcfa1bd010bb6c1978cf8ef6c7,False,False
NKX,fz0_0p01,full,headline,range,autoets,-2.5608416440155279,0.010500000000000001,4,4774,21,100,10000,1973073309,d2c5707e048962ecbd10f8d3a174262aad31f5fcfa1bd010bb6c1978cf8ef6c7,False,False
NKX,fz0_0p01,full,headline,range,chronos,-2.545509693488694,0.0201,5,4774,21,100,10000,1973073309,d2c5707e048962ecbd10f8d3a174262aad31f5fcfa1bd010bb6c1978cf8ef6c7,False,False
NKX,fz0_0p01,full,headline,range,ewma,-2.8633590476398676,0.14990000000000001,11,4774,21,100,10000,1973073309,d2c5707e048962ecbd10f8d3a174262aad31f5fcfa1bd010bb6c1978cf8ef6c7,True,False
NKX,fz0_0p01,full,headline,range,garch11,-2.8794216897374398,0.064799999999999996,9,4774,21,100,10000,1973073309,d2c5707e048962ecbd10f8d3a174262aad31f5fcfa1bd010bb6c1978cf8ef6c7,False,False
NKX,fz0_0p01,full,headline,range,garch11_t,-2.9548084606771061,0.57410000000000005,12,4774,21,100,10000,1973073309,d2c5707e048962ecbd10f8d3a174262aad31f5fcfa1bd010bb6c1978cf8ef6c7,True,True
NKX,fz0_0p01,full,headline,range,gjr,-2.9787708988249246,1,13,4774,21,100,10000,1973073309,d2c5707e048962ecbd10f8d3a174262aad31f5fcfa1bd010bb6c1978cf8ef6c7,True,True
NKX,fz0_0p01,full,headline,range,har,-2.5406483683429637,0.0088000000000000005,3,4774,21,100,10000,1973073309,d2c5707e048962ecbd10f8d3a174262aad31f5fcfa1bd010bb6c1978cf8ef6c7,False,False
NKX,fz0_0p01,full,headline,range,lgbm,-2.4451726794644877,0.027300000000000001,8,4774,21,100,10000,1973073309,d2c5707e048962ecbd10f8d3a174262aad31f5fcfa1bd010bb6c1978cf8ef6c7,False,False
NKX,fz0_0p01,full,headline,range,moirai,-2.5882072769349667,0.027300000000000001,6,4774,21,100,10000,1973073309,d2c5707e048962ecbd10f8d3a174262aad31f5fcfa1bd010bb6c1978cf8ef6c7,False,False
NKX,fz0_0p01,full,headline,range,naive,-2.4766566835088413,0.064799999999999996,10,4774,21,100,10000,1973073309,d2c5707e048962ecbd10f8d3a174262aad31f5fcfa1bd010bb6c1978cf8ef6c7,False,False
NKX,fz0_0p01,full,headline,range,patchtst,-1.8187640427446601,0.0041999999999999997,1,4774,21,100,10000,1973073309,d2c5707e048962ecbd10f8d3a174262aad31f5fcfa1bd010bb6c1978cf8ef6c7,False,False
NKX,fz0_0p01,full,headline,range,timesfm,-2.5288374264020677,0.027300000000000001,7,4774,21,100,10000,1973073309,d2c5707e048962ecbd10f8d3a174262aad31f5fcfa1bd010bb6c1978cf8ef6c7,False,False
NKX,fz0_0p01,full,headline,semi_quadratic,autoarima,-2.4964814490819092,0.0043,2,4774,21,100,10000,434339848,82ec36adf35647ecfddf114ce31d108dddba75148d31428f38687cec00f70f95,False,False
NKX,fz0_0p01,full,headline,semi_quadratic,autoets,-2.5608416440155279,0.0060000000000000001,4,4774,21,100,10000,434339848,82ec36adf35647ecfddf114ce31d108dddba75148d31428f38687cec00f70f95,False,False
NKX,fz0_0p01,full,headline,semi_quadratic,chronos,-2.545509693488694,0.0060000000000000001,5,4774,21,100,10000,434339848,82ec36adf35647ecfddf114ce31d108dddba75148d31428f38687cec00f70f95,False,False
NKX,fz0_0p01,full,headline,semi_quadratic,ewma,-2.8633590476398676,0.1048,11,4774,21,100,10000,434339848,82ec36adf35647ecfddf114ce31d108dddba75148d31428f38687cec00f70f95,True,False
NKX,fz0_0p01,full,headline,semi_quadratic,garch11,-2.8794216897374398,0.010200000000000001,9,4774,21,100,10000,434339848,82ec36adf35647ecfddf114ce31d108dddba75148d31428f38687cec00f70f95,False,False
NKX,fz0_0p01,full,headline,semi_quadratic,garch11_t,-2.9548084606771061,0.57779999999999998,12,4774,21,100,10000,434339848,82ec36adf35647ecfddf114ce31d108dddba75148d31428f38687cec00f70f95,True,True
NKX,fz0_0p01,full,headline,semi_quadratic,gjr,-2.9787708988249246,1,13,4774,21,100,10000,434339848,82ec36adf35647ecfddf114ce31d108dddba75148d31428f38687cec00f70f95,True,True
NKX,fz0_0p01,full,headline,semi_quadratic,har,-2.5406483683429637,0.0055999999999999999,3,4774,21,100,10000,434339848,82ec36adf35647ecfddf114ce31d108dddba75148d31428f38687cec00f70f95,False,False
NKX,fz0_0p01,full,headline,semi_quadratic,lgbm,-2.4451726794644877,0.0063,8,4774,21,100,10000,434339848,82ec36adf35647ecfddf114ce31d108dddba75148d31428f38687cec00f70f95,False,False
NKX,fz0_0p01,full,headline,semi_quadratic,moirai,-2.5882072769349667,0.0060000000000000001,6,4774,21,100,10000,434339848,82ec36adf35647ecfddf114ce31d108dddba75148d31428f38687cec00f70f95,False,False
NKX,fz0_0p01,full,headline,semi_quadratic,naive,-2.4766566835088413,0.017500000000000002,10,4774,21,100,10000,434339848,82ec36adf35647ecfddf114ce31d108dddba75148d31428f38687cec00f70f95,False,False
NKX,fz0_0p01,full,headline,semi_quadratic,patchtst,-1.8187640427446601,0.0020999999999999999,1,4774,21,100,10000,434339848,82ec36adf35647ecfddf114ce31d108dddba75148d31428f38687cec00f70f95,False,False
NKX,fz0_0p01,full,headline,semi_quadratic,timesfm,-2.5288374264020677,0.0061000000000000004,7,4774,21,100,10000,434339848,82ec36adf35647ecfddf114ce31d108dddba75148d31428f38687cec00f70f95,False,False
NKX,fz0_0p025,full,headline,range,autoarima,-3.0310641085954355,0.0054999999999999997,2,4774,21,104,10000,1187660693,78f16bc580182e49a02d2b19b11817d11281ada1a0562075f49f3b4e978b0773,False,False
NKX,fz0_0p025,full,headline,range,autoets,-3.0680602422984791,0.0134,4,4774,21,104,10000,1187660693,78f16bc580182e49a02d2b19b11817d11281ada1a0562075f49f3b4e978b0773,False,False
NKX,fz0_0p025,full,headline,range,chronos,-3.0434394495759816,0.0138,5,4774,21,104,10000,1187660693,78f16bc580182e49a02d2b19b11817d11281ada1a0562075f49f3b4e978b0773,False,False
NKX,fz0_0p025,full,headline,range,ewma,-3.2122783522943181,0.088999999999999996,12,4774,21,104,10000,1187660693,78f16bc580182e49a02d2b19b11817d11281ada1a0562075f49f3b4e978b0773,False,False
NKX,fz0_0p025,full,headline,range,garch11,-3.2158093019177514,0.0195,9,4774,21,104,10000,1187660693,78f16bc580182e49a02d2b19b11817d11281ada1a0562075f49f3b4e978b0773,False,False
NKX,fz0_0p025,full,headline,range,garch11_t,-3.2269241400831925,0.088999999999999996,11,4774,21,104,10000,1187660693,78f16bc580182e49a02d2b19b11817d11281ada1a0562075f49f3b4e978b0773,False,False
NKX,fz0_0p025,full,headline,range,gjr,-3.276762679147021,1,13,4774,21,104,10000,1187660693,78f16bc580182e49a02d2b19b11817d11281ada1a0562075f49f3b4e978b0773,True,True
NKX,fz0_0p025,full,headline,range,har,-3.0579396875371683,0.0083000000000000001,3,4774,21,104,10000,1187660693,78f16bc580182e49a02d2b19b11817d11281ada1a0562075f49f3b4e978b0773,False,False
NKX,fz0_0p025,full,headline,range,lgbm,-2.9955501392993176,0.0195,6,4774,21,104,10000,1187660693,78f16bc580182e49a02d2b19b11817d11281ada1a0562075f49f3b4e978b0773,False,False
NKX,fz0_0p025,full,headline,range,moirai,-3.0694340103238495,0.0195,8,4774,21,104,10000,1187660693,78f16bc580182e49a02d2b19b11817d11281ada1a0562075f49f3b4e978b0773,False,False
NKX,fz0_0p025,full,headline,range,naive,-2.9866314718364766,0.0195,10,4774,21,104,10000,1187660693,78f16bc580182e49a02d2b19b11817d11281ada1a0562075f49f3b4e978b0773,False,False
NKX,fz0_0p025,full,headline,range,patchtst,-2.6980966363934535,0.0035999999999999999,1,4774,21,104,10000,1187660693,78f16bc580182e49a02d2b19b11817d11281ada1a0562075f49f3b4e978b0773,False,False
NKX,fz0_0p025,full,headline,range,timesfm,-3.0382022386927234,0.0195,7,4774,21,104,10000,1187660693,78f16bc580182e49a02d2b19b11817d11281ada1a0562075f49f3b4e978b0773,False,False
NKX,fz0_0p025,full,headline,semi_quadratic,autoarima,-3.0310641085954355,0.0044000000000000003,2,4774,21,104,10000,41126475,6e28c58396cec2fcad7c98f27110742c9c780e36eb140e096afee30bfaebaeb7,False,False
NKX,fz0_0p025,full,headline,semi_quadratic,autoets,-3.0680602422984791,0.0047000000000000002,4,4774,21,104,10000,41126475,6e28c58396cec2fcad7c98f27110742c9c780e36eb140e096afee30bfaebaeb7,False,False
NKX,fz0_0p025,full,headline,semi_quadratic,chronos,-3.0434394495759816,0.0047000000000000002,5,4774,21,104,10000,41126475,6e28c58396cec2fcad7c98f27110742c9c780e36eb140e096afee30bfaebaeb7,False,False
NKX,fz0_0p025,full,headline,semi_quadratic,ewma,-3.2122783522943181,0.051799999999999999,12,4774,21,104,10000,41126475,6e28c58396cec2fcad7c98f27110742c9c780e36eb140e096afee30bfaebaeb7,False,False
NKX,fz0_0p025,full,headline,semi_quadratic,garch11,-3.2158093019177514,0.0051999999999999998,9,4774,21,104,10000,41126475,6e28c58396cec2fcad7c98f27110742c9c780e36eb140e096afee30bfaebaeb7,False,False
NKX,fz0_0p025,full,headline,semi_quadratic,garch11_t,-3.2269241400831925,0.051799999999999999,11,4774,21,104,10000,41126475,6e28c58396cec2fcad7c98f27110742c9c780e36eb140e096afee30bfaebaeb7,False,False
NKX,fz0_0p025,full,headline,semi_quadratic,gjr,-3.276762679147021,1,13,4774,21,104,10000,41126475,6e28c58396cec2fcad7c98f27110742c9c780e36eb140e096afee30bfaebaeb7,True,True
NKX,fz0_0p025,full,headline,semi_quadratic,har,-3.0579396875371683,0.0047000000000000002,3,4774,21,104,10000,41126475,6e28c58396cec2fcad7c98f27110742c9c780e36eb140e096afee30bfaebaeb7,False,False
NKX,fz0_0p025,full,headline,semi_quadratic,lgbm,-2.9955501392993176,0.0047000000000000002,6,4774,21,104,10000,41126475,6e28c58396cec2fcad7c98f27110742c9c780e36eb140e096afee30bfaebaeb7,False,False
NKX,fz0_0p025,full,headline,semi_quadratic,moirai,-3.0694340103238495,0.0051999999999999998,8,4774,21,104,10000,41126475,6e28c58396cec2fcad7c98f27110742c9c780e36eb140e096afee30bfaebaeb7,False,False
NKX,fz0_0p025,full,headline,semi_quadratic,naive,-2.9866314718364766,0.0071000000000000004,10,4774,21,104,10000,41126475,6e28c58396cec2fcad7c98f27110742c9c780e36eb140e096afee30bfaebaeb7,False,False
NKX,fz0_0p025,full,headline,semi_quadratic,patchtst,-2.6980966363934535,0.0015,1,4774,21,104,10000,41126475,6e28c58396cec2fcad7c98f27110742c9c780e36eb140e096afee30bfaebaeb7,False,False
NKX,fz0_0p025,full,headline,semi_quadratic,timesfm,-3.0382022386927234,0.0048999999999999998,7,4774,21,104,10000,41126475,6e28c58396cec2fcad7c98f27110742c9c780e36eb140e096afee30bfaebaeb7,False,False
NKX,fz0_0p05,full,headline,range,autoarima,-3.3385777796313687,0.0070000000000000001,3,4774,21,100,10000,1879180434,166670b1abb16a4632982315fd4b1dd076d36f6485052fda35e71561d8f716ce,False,False
NKX,fz0_0p05,full,headline,range,autoets,-3.365746175582307,0.0109,7,4774,21,100,10000,1879180434,166670b1abb16a4632982315fd4b1dd076d36f6485052fda35e71561d8f716ce,False,False
NKX,fz0_0p05,full,headline,range,chronos,-3.3479347932425552,0.0109,6,4774,21,100,10000,1879180434,166670b1abb16a4632982315fd4b1dd076d36f6485052fda35e71561d8f716ce,False,False
NKX,fz0_0p05,full,headline,range,ewma,-3.4415699333306047,0.0109,12,4774,21,100,10000,1879180434,166670b1abb16a4632982315fd4b1dd076d36f6485052fda35e71561d8f716ce,False,False
NKX,fz0_0p05,full,headline,range,garch11,-3.4401534008501113,0.0037000000000000002,1,4774,21,100,10000,1879180434,166670b1abb16a4632982315fd4b1dd076d36f6485052fda35e71561d8f716ce,False,False
NKX,fz0_0p05,full,headline,range,garch11_t,-3.4363642559922103,0.0109,10,4774,21,100,10000,1879180434,166670b1abb16a4632982315fd4b1dd076d36f6485052fda35e71561d8f716ce,False,False
NKX,fz0_0p05,full,headline,range,gjr,-3.489683043809364,1,13,4774,21,100,10000,1879180434,166670b1abb16a4632982315fd4b1dd076d36f6485052fda35e71561d8f716ce,True,True
NKX,fz0_0p05,full,headline,range,har,-3.3620342611301992,0.0109,5,4774,21,100,10000,1879180434,166670b1abb16a4632982315fd4b1dd076d36f6485052fda35e71561d8f716ce,False,False
NKX,fz0_0p05,full,headline,range,lgbm,-3.3214238540223211,0.0109,8,4774,21,100,10000,1879180434,166670b1abb16a4632982315fd4b1dd076d36f6485052fda35e71561d8f716ce,False,False
NKX,fz0_0p05,full,headline,range,moirai,-3.3697843822454843,0.0109,11,4774,21,100,10000,1879180434,166670b1abb16a4632982315fd4b1dd076d36f6485052fda35e71561d8f716ce,False,False
NKX,fz0_0p05,full,headline,range,naive,-3.2806693341412898,0.0109,4,4774,21,100,10000,1879180434,166670b1abb16a4632982315fd4b1dd076d36f6485052fda35e71561d8f716ce,False,False
NKX,fz0_0p05,full,headline,range,patchtst,-3.1492479768734403,0.0048999999999999998,2,4774,21,100,10000,1879180434,166670b1abb16a4632982315fd4b1dd076d36f6485052fda35e71561d8f716ce,False,False
NKX,fz0_0p05,full,headline,range,timesfm,-3.3451867925156398,0.0109,9,4774,21,100,10000,1879180434,166670b1abb16a4632982315fd4b1dd076d36f6485052fda35e71561d8f716ce,False,False
NKX,fz0_0p05,full,headline,semi_quadratic,autoarima,-3.3385777796313687,0.0028999999999999998,3,4774,21,100,10000,1308664852,86f016952e60bdc67fa43ccc99b0b251d514d5f7cd21d0abf144eb8a30390ccc,False,False
NKX,fz0_0p05,full,headline,semi_quadratic,autoets,-3.365746175582307,0.0045999999999999999,7,4774,21,100,10000,1308664852,86f016952e60bdc67fa43ccc99b0b251d514d5f7cd21d0abf144eb8a30390ccc,False,False
NKX,fz0_0p05,full,headline,semi_quadratic,chronos,-3.3479347932425552,0.0045999999999999999,6,4774,21,100,10000,1308664852,86f016952e60bdc67fa43ccc99b0b251d514d5f7cd21d0abf144eb8a30390ccc,False,False
NKX,fz0_0p05,full,headline,semi_quadratic,ewma,-3.4415699333306047,0.010699999999999999,12,4774,21,100,10000,1308664852,86f016952e60bdc67fa43ccc99b0b251d514d5f7cd21d0abf144eb8a30390ccc,False,False
NKX,fz0_0p05,full,headline,semi_quadratic,garch11,-3.4401534008501113,0.001,1,4774,21,100,10000,1308664852,86f016952e60bdc67fa43ccc99b0b251d514d5f7cd21d0abf144eb8a30390ccc,False,False
NKX,fz0_0p05,full,headline,semi_quadratic,garch11_t,-3.4363642559922103,0.0045999999999999999,9,4774,21,100,10000,1308664852,86f016952e60bdc67fa43ccc99b0b251d514d5f7cd21d0abf144eb8a30390ccc,False,False
NKX,fz0_0p05,full,headline,semi_quadratic,gjr,-3.489683043809364,1,13,4774,21,100,10000,1308664852,86f016952e60bdc67fa43ccc99b0b251d514d5f7cd21d0abf144eb8a30390ccc,True,True
NKX,fz0_0p05,full,headline,semi_quadratic,har,-3.3620342611301992,0.0045999999999999999,5,4774,21,100,10000,1308664852,86f016952e60bdc67fa43ccc99b0b251d514d5f7cd21d0abf144eb8a30390ccc,False,False
NKX,fz0_0p05,full,headline,semi_quadratic,lgbm,-3.3214238540223211,0.0045999999999999999,8,4774,21,100,10000,1308664852,86f016952e60bdc67fa43ccc99b0b251d514d5f7cd21d0abf144eb8a30390ccc,False,False
NKX,fz0_0p05,full,headline,semi_quadratic,moirai,-3.3697843822454843,0.0045999999999999999,11,4774,21,100,10000,1308664852,86f016952e60bdc67fa43ccc99b0b251d514d5f7cd21d0abf144eb8a30390ccc,False,False
NKX,fz0_0p05,full,headline,semi_quadratic,naive,-3.2806693341412898,0.0035000000000000001,4,4774,21,100,10000,1308664852,86f016952e60bdc67fa43ccc99b0b251d514d5f7cd21d0abf144eb8a30390ccc,False,False
NKX,fz0_0p05,full,headline,semi_quadratic,patchtst,-3.1492479768734403,0.001,2,4774,21,100,10000,1308664852,86f016952e60bdc67fa43ccc99b0b251d514d5f7cd21d0abf144eb8a30390ccc,False,False
NKX,fz0_0p05,full,headline,semi_quadratic,timesfm,-3.3451867925156398,0.0045999999999999999,10,4774,21,100,10000,1308664852,86f016952e60bdc67fa43ccc99b0b251d514d5f7cd21d0abf144eb8a30390ccc,False,False
NKX,fz0_avg,full,headline,range,autoarima,-2.9553744457695683,0.0053,2,4774,21,102,10000,1739926736,d846113b8b7321ea530a533e7e6705678ba402dd57abfdac76b4805154a560bf,False,False
NKX,fz0_avg,full,headline,range,autoets,-2.9982160206320994,0.014,4,4774,21,102,10000,1739926736,d846113b8b7321ea530a533e7e6705678ba402dd57abfdac76b4805154a560bf,False,False
NKX,fz0_avg,full,headline,range,chronos,-2.9789613121024079,0.0166,5,4774,21,102,10000,1739926736,d846113b8b7321ea530a533e7e6705678ba402dd57abfdac76b4805154a560bf,False,False
NKX,fz0_avg,full,headline,range,ewma,-3.1724024444215932,0.098100000000000007,11,4774,21,102,10000,1739926736,d846113b8b7321ea530a533e7e6705678ba402dd57abfdac76b4805154a560bf,False,False
NKX,fz0_avg,full,headline,range,garch11,-3.1784614641684388,0.026599999999999999,9,4774,21,102,10000,1739926736,d846113b8b7321ea530a533e7e6705678ba402dd57abfdac76b4805154a560bf,False,False
NKX,fz0_avg,full,headline,range,garch11_t,-3.206032285584159,0.1004,12,4774,21,102,10000,1739926736,d846113b8b7321ea530a533e7e6705678ba402dd57abfdac76b4805154a560bf,True,False
NKX,fz0_avg,full,headline,range,gjr,-3.2484055405937675,1,13,4774,21,102,10000,1739926736,d846113b8b7321ea530a533e7e6705678ba402dd57abfdac76b4805154a560bf,True,True
NKX,fz0_avg,full,headline,range,har,-2.9868741056701054,0.0092999999999999992,3,4774,21,102,10000,1739926736,d846113b8b7321ea530a533e7e6705678ba402dd57abfdac76b4805154a560bf,False,False
NKX,fz0_avg,full,headline,range,lgbm,-2.9207155575953792,0.026599999999999999,6,4774,21,102,10000,1739926736,d846113b8b7321ea530a533e7e6705678ba402dd57abfdac76b4805154a560bf,False,False
NKX,fz0_avg,full,headline,range,moirai,-3.0091418898347668,0.026599999999999999,8,4774,21,102,10000,1739926736,d846113b8b7321ea530a533e7e6705678ba402dd57abfdac76b4805154a560bf,False,False
NKX,fz0_avg,full,headline,range,naive,-2.9146524964955312,0.026599999999999999,10,4774,21,102,10000,1739926736,d846113b8b7321ea530a533e7e6705678ba402dd57abfdac76b4805154a560bf,False,False
NKX,fz0_avg,full,headline,range,patchtst,-2.5553695520038575,0.0038,1,4774,21,102,10000,1739926736,d846113b8b7321ea530a533e7e6705678ba402dd57abfdac76b4805154a560bf,False,False
NKX,fz0_avg,full,headline,range,timesfm,-2.9707421525368134,0.026599999999999999,7,4774,21,102,10000,1739926736,d846113b8b7321ea530a533e7e6705678ba402dd57abfdac76b4805154a560bf,False,False
NKX,fz0_avg,full,headline,semi_quadratic,autoarima,-2.9553744457695683,0.0041999999999999997,2,4774,21,102,10000,1297220824,1a2ea80de85782c60edc401369bcf77fc548a45c7f4264afd42f0065b5dbf77e,False,False
NKX,fz0_avg,full,headline,semi_quadratic,autoets,-2.9982160206320994,0.0047000000000000002,4,4774,21,102,10000,1297220824,1a2ea80de85782c60edc401369bcf77fc548a45c7f4264afd42f0065b5dbf77e,False,False
NKX,fz0_avg,full,headline,semi_quadratic,chronos,-2.9789613121024079,0.0050000000000000001,5,4774,21,102,10000,1297220824,1a2ea80de85782c60edc401369bcf77fc548a45c7f4264afd42f0065b5dbf77e,False,False
NKX,fz0_avg,full,headline,semi_quadratic,ewma,-3.1724024444215932,0.0683,11,4774,21,102,10000,1297220824,1a2ea80de85782c60edc401369bcf77fc548a45c7f4264afd42f0065b5dbf77e,False,False
NKX,fz0_avg,full,headline,semi_quadratic,garch11,-3.1784614641684388,0.0055999999999999999,9,4774,21,102,10000,1297220824,1a2ea80de85782c60edc401369bcf77fc548a45c7f4264afd42f0065b5dbf77e,False,False
NKX,fz0_avg,full,headline,semi_quadratic,garch11_t,-3.206032285584159,0.106,12,4774,21,102,10000,1297220824,1a2ea80de85782c60edc401369bcf77fc548a45c7f4264afd42f0065b5dbf77e,True,False
NKX,fz0_avg,full,headline,semi_quadratic,gjr,-3.2484055405937675,1,13,4774,21,102,10000,1297220824,1a2ea80de85782c60edc401369bcf77fc548a45c7f4264afd42f0065b5dbf77e,True,True
NKX,fz0_avg,full,headline,semi_quadratic,har,-2.9868741056701054,0.0047000000000000002,3,4774,21,102,10000,1297220824,1a2ea80de85782c60edc401369bcf77fc548a45c7f4264afd42f0065b5dbf77e,False,False
NKX,fz0_avg,full,headline,semi_quadratic,lgbm,-2.9207155575953792,0.0051999999999999998,7,4774,21,102,10000,1297220824,1a2ea80de85782c60edc401369bcf77fc548a45c7f4264afd42f0065b5dbf77e,False,False
NKX,fz0_avg,full,headline,semi_quadratic,moirai,-3.0091418898347668,0.0055999999999999999,8,4774,21,102,10000,1297220824,1a2ea80de85782c60edc401369bcf77fc548a45c7f4264afd42f0065b5dbf77e,False,False
NKX,fz0_avg,full,headline,semi_quadratic,naive,-2.9146524964955312,0.0077000000000000002,10,4774,21,102,10000,1297220824,1a2ea80de85782c60edc401369bcf77fc548a45c7f4264afd42f0065b5dbf77e,False,False
NKX,fz0_avg,full,headline,semi_quadratic,patchtst,-2.5553695520038575,0.0012999999999999999,1,4774,21,102,10000,1297220824,1a2ea80de85782c60edc401369bcf77fc548a45c7f4264afd42f0065b5dbf77e,False,False
NKX,fz0_avg,full,headline,semi_quadratic,timesfm,-2.9707421525368134,0.0051999999999999998,6,4774,21,102,10000,1297220824,1a2ea80de85782c60edc401369bcf77fc548a45c7f4264afd42f0065b5dbf77e,False,False
NKX,qlike_ex_near_zero,full,headline,range,autoarima,0.46004415976583607,0.058500000000000003,11,4772,23,114,10000,1107398909,d8a5d6f32ab7d8a6e07dd4d611a644137dae86455c5e630b8e353acadf98ed24,False,False
NKX,qlike_ex_near_zero,full,headline,range,autoets,0.44201346853260925,0.039,9,4772,23,114,10000,1107398909,d8a5d6f32ab7d8a6e07dd4d611a644137dae86455c5e630b8e353acadf98ed24,False,False
NKX,qlike_ex_near_zero,full,headline,range,chronos,0.4277540506282152,0.039,8,4772,23,114,10000,1107398909,d8a5d6f32ab7d8a6e07dd4d611a644137dae86455c5e630b8e353acadf98ed24,False,False
NKX,qlike_ex_near_zero,full,headline,range,ewma,0.47859310590629017,0.00029999999999999997,5,4772,23,114,10000,1107398909,d8a5d6f32ab7d8a6e07dd4d611a644137dae86455c5e630b8e353acadf98ed24,False,False
NKX,qlike_ex_near_zero,full,headline,range,garch11,0.46610635561040592,0.0001,4,4772,23,114,10000,1107398909,d8a5d6f32ab7d8a6e07dd4d611a644137dae86455c5e630b8e353acadf98ed24,False,False
NKX,qlike_ex_near_zero,full,headline,range,garch11_t,0.48151709681991611,0.0001,3,4772,23,114,10000,1107398909,d8a5d6f32ab7d8a6e07dd4d611a644137dae86455c5e630b8e353acadf98ed24,False,False
NKX,qlike_ex_near_zero,full,headline,range,gjr,0.44140344806065379,0.039,10,4772,23,114,10000,1107398909,d8a5d6f32ab7d8a6e07dd4d611a644137dae86455c5e630b8e353acadf98ed24,False,False
NKX,qlike_ex_near_zero,full,headline,range,har,0.42312618580060374,0.21759999999999999,12,4772,23,114,10000,1107398909,d8a5d6f32ab7d8a6e07dd4d611a644137dae86455c5e630b8e353acadf98ed24,True,False
NKX,qlike_ex_near_zero,full,headline,range,lgbm,0.4883460602651104,0,2,4772,23,114,10000,1107398909,d8a5d6f32ab7d8a6e07dd4d611a644137dae86455c5e630b8e353acadf98ed24,False,False
NKX,qlike_ex_near_zero,full,headline,range,moirai,0.41587760372510535,1,13,4772,23,114,10000,1107398909,d8a5d6f32ab7d8a6e07dd4d611a644137dae86455c5e630b8e353acadf98ed24,True,True
NKX,qlike_ex_near_zero,full,headline,range,naive,0.63601215528934119,0,1,4772,23,114,10000,1107398909,d8a5d6f32ab7d8a6e07dd4d611a644137dae86455c5e630b8e353acadf98ed24,False,False
NKX,qlike_ex_near_zero,full,headline,range,patchtst,0.64369108335790226,0.0012999999999999999,7,4772,23,114,10000,1107398909,d8a5d6f32ab7d8a6e07dd4d611a644137dae86455c5e630b8e353acadf98ed24,False,False
NKX,qlike_ex_near_zero,full,headline,range,timesfm,0.4410781928839061,0.00059999999999999995,6,4772,23,114,10000,1107398909,d8a5d6f32ab7d8a6e07dd4d611a644137dae86455c5e630b8e353acadf98ed24,False,False
NKX,qlike_ex_near_zero,full,headline,semi_quadratic,autoarima,0.46004415976583607,0.037999999999999999,11,4772,23,114,10000,1136036140,f42ce22e8de27ba0b0256194516edb2af7f271e3be0ff420f11ce17cac86b15f,False,False
NKX,qlike_ex_near_zero,full,headline,semi_quadratic,autoets,0.44201346853260925,0.0253,9,4772,23,114,10000,1136036140,f42ce22e8de27ba0b0256194516edb2af7f271e3be0ff420f11ce17cac86b15f,False,False
NKX,qlike_ex_near_zero,full,headline,semi_quadratic,chronos,0.4277540506282152,0.0235,8,4772,23,114,10000,1136036140,f42ce22e8de27ba0b0256194516edb2af7f271e3be0ff420f11ce17cac86b15f,False,False
NKX,qlike_ex_near_zero,full,headline,semi_quadratic,ewma,0.47859310590629017,0.00020000000000000001,5,4772,23,114,10000,1136036140,f42ce22e8de27ba0b0256194516edb2af7f271e3be0ff420f11ce17cac86b15f,False,False
NKX,qlike_ex_near_zero,full,headline,semi_quadratic,garch11,0.46610635561040592,0.00020000000000000001,4,4772,23,114,10000,1136036140,f42ce22e8de27ba0b0256194516edb2af7f271e3be0ff420f11ce17cac86b15f,False,False
NKX,qlike_ex_near_zero,full,headline,semi_quadratic,garch11_t,0.48151709681991611,0.00020000000000000001,3,4772,23,114,10000,1136036140,f42ce22e8de27ba0b0256194516edb2af7f271e3be0ff420f11ce17cac86b15f,False,False
NKX,qlike_ex_near_zero,full,headline,semi_quadratic,gjr,0.44140344806065379,0.027799999999999998,10,4772,23,114,10000,1136036140,f42ce22e8de27ba0b0256194516edb2af7f271e3be0ff420f11ce17cac86b15f,False,False
NKX,qlike_ex_near_zero,full,headline,semi_quadratic,har,0.42312618580060374,0.22359999999999999,12,4772,23,114,10000,1136036140,f42ce22e8de27ba0b0256194516edb2af7f271e3be0ff420f11ce17cac86b15f,True,False
NKX,qlike_ex_near_zero,full,headline,semi_quadratic,lgbm,0.4883460602651104,0.00020000000000000001,2,4772,23,114,10000,1136036140,f42ce22e8de27ba0b0256194516edb2af7f271e3be0ff420f11ce17cac86b15f,False,False
NKX,qlike_ex_near_zero,full,headline,semi_quadratic,moirai,0.41587760372510535,1,13,4772,23,114,10000,1136036140,f42ce22e8de27ba0b0256194516edb2af7f271e3be0ff420f11ce17cac86b15f,True,True
NKX,qlike_ex_near_zero,full,headline,semi_quadratic,naive,0.63601215528934119,0,1,4772,23,114,10000,1136036140,f42ce22e8de27ba0b0256194516edb2af7f271e3be0ff420f11ce17cac86b15f,False,False
NKX,qlike_ex_near_zero,full,headline,semi_quadratic,patchtst,0.64369108335790226,0.0019,7,4772,23,114,10000,1136036140,f42ce22e8de27ba0b0256194516edb2af7f271e3be0ff420f11ce17cac86b15f,False,False
NKX,qlike_ex_near_zero,full,headline,semi_quadratic,timesfm,0.4410781928839061,0.0015,6,4772,23,114,10000,1136036140,f42ce22e8de27ba0b0256194516edb2af7f271e3be0ff420f11ce17cac86b15f,False,False
SPY,crps,full,headline,range,autoarima,0.0057845212337072861,0.42230000000000001,11,4904,0,163,10000,1044701273,e96c4b9333c87f77cec0f8ad7127c412cd1ed5b1d7cb116fdafffe2b3aeb833f,True,True
SPY,crps,full,headline,range,autoets,0.0057792548646594857,0.48270000000000002,12,4904,0,163,10000,1044701273,e96c4b9333c87f77cec0f8ad7127c412cd1ed5b1d7cb116fdafffe2b3aeb833f,True,True
SPY,crps,full,headline,range,chronos,0.0058042405344811499,0.0126,8,4904,0,163,10000,1044701273,e96c4b9333c87f77cec0f8ad7127c412cd1ed5b1d7cb116fdafffe2b3aeb833f,False,False
SPY,crps,full,headline,range,ewma,0.0058483243044971794,0.0028999999999999998,5,4904,0,163,10000,1044701273,e96c4b9333c87f77cec0f8ad7127c412cd1ed5b1d7cb116fdafffe2b3aeb833f,False,False
SPY,crps,full,headline,range,garch11,0.0058238616390553716,0,2,4904,0,163,10000,1044701273,e96c4b9333c87f77cec0f8ad7127c412cd1ed5b1d7cb116fdafffe2b3aeb833f,False,False
SPY,crps,full,headline,range,garch11_t,0.0058114149605090187,0.0028999999999999998,4,4904,0,163,10000,1044701273,e96c4b9333c87f77cec0f8ad7127c412cd1ed5b1d7cb116fdafffe2b3aeb833f,False,False
SPY,crps,full,headline,range,gjr,0.0057731692540780311,1,13,4904,0,163,10000,1044701273,e96c4b9333c87f77cec0f8ad7127c412cd1ed5b1d7cb116fdafffe2b3aeb833f,True,True
SPY,crps,full,headline,range,har,0.0057962638641842418,0.0286,9,4904,0,163,10000,1044701273,e96c4b9333c87f77cec0f8ad7127c412cd1ed5b1d7cb116fdafffe2b3aeb833f,False,False
SPY,crps,full,headline,range,lgbm,0.0060350735481960391,0.0094000000000000004,7,4904,0,163,10000,1044701273,e96c4b9333c87f77cec0f8ad7127c412cd1ed5b1d7cb116fdafffe2b3aeb833f,False,False
SPY,crps,full,headline,range,moirai,0.0057888648973898451,0.38450000000000001,10,4904,0,163,10000,1044701273,e96c4b9333c87f77cec0f8ad7127c412cd1ed5b1d7cb116fdafffe2b3aeb833f,True,True
SPY,crps,full,headline,range,naive,0.006180041425752552,0,3,4904,0,163,10000,1044701273,e96c4b9333c87f77cec0f8ad7127c412cd1ed5b1d7cb116fdafffe2b3aeb833f,False,False
SPY,crps,full,headline,range,patchtst,0.0059687466638664232,0,1,4904,0,163,10000,1044701273,e96c4b9333c87f77cec0f8ad7127c412cd1ed5b1d7cb116fdafffe2b3aeb833f,False,False
SPY,crps,full,headline,range,timesfm,0.005813750729391616,0.0030999999999999999,6,4904,0,163,10000,1044701273,e96c4b9333c87f77cec0f8ad7127c412cd1ed5b1d7cb116fdafffe2b3aeb833f,False,False
SPY,crps,full,headline,semi_quadratic,autoarima,0.0057845212337072861,0.31180000000000002,11,4904,0,163,10000,226551880,84bf5cc06e2cb3855d2c50cfab706978a38e4b153c8452ab399beeca1bb40901,True,True
SPY,crps,full,headline,semi_quadratic,autoets,0.0057792548646594857,0.48430000000000001,12,4904,0,163,10000,226551880,84bf5cc06e2cb3855d2c50cfab706978a38e4b153c8452ab399beeca1bb40901,True,True
SPY,crps,full,headline,semi_quadratic,chronos,0.0058042405344811499,0.0044999999999999997,8,4904,0,163,10000,226551880,84bf5cc06e2cb3855d2c50cfab706978a38e4b153c8452ab399beeca1bb40901,False,False
SPY,crps,full,headline,semi_quadratic,ewma,0.0058483243044971794,0.0001,5,4904,0,163,10000,226551880,84bf5cc06e2cb3855d2c50cfab706978a38e4b153c8452ab399beeca1bb40901,False,False
SPY,crps,full,headline,semi_quadratic,garch11,0.0058238616390553716,0,2,4904,0,163,10000,226551880,84bf5cc06e2cb3855d2c50cfab706978a38e4b153c8452ab399beeca1bb40901,False,False
SPY,crps,full,headline,semi_quadratic,garch11_t,0.0058114149605090187,0.0001,4,4904,0,163,10000,226551880,84bf5cc06e2cb3855d2c50cfab706978a38e4b153c8452ab399beeca1bb40901,False,False
SPY,crps,full,headline,semi_quadratic,gjr,0.0057731692540780311,1,13,4904,0,163,10000,226551880,84bf5cc06e2cb3855d2c50cfab706978a38e4b153c8452ab399beeca1bb40901,True,True
SPY,crps,full,headline,semi_quadratic,har,0.0057962638641842418,0.047199999999999999,9,4904,0,163,10000,226551880,84bf5cc06e2cb3855d2c50cfab706978a38e4b153c8452ab399beeca1bb40901,False,False
SPY,crps,full,headline,semi_quadratic,lgbm,0.0060350735481960391,0.0011000000000000001,7,4904,0,163,10000,226551880,84bf5cc06e2cb3855d2c50cfab706978a38e4b153c8452ab399beeca1bb40901,False,False
SPY,crps,full,headline,semi_quadratic,moirai,0.0057888648973898451,0.28470000000000001,10,4904,0,163,10000,226551880,84bf5cc06e2cb3855d2c50cfab706978a38e4b153c8452ab399beeca1bb40901,True,True
SPY,crps,full,headline,semi_quadratic,naive,0.006180041425752552,0,3,4904,0,163,10000,226551880,84bf5cc06e2cb3855d2c50cfab706978a38e4b153c8452ab399beeca1bb40901,False,False
SPY,crps,full,headline,semi_quadratic,patchtst,0.0059687466638664232,0,1,4904,0,163,10000,226551880,84bf5cc06e2cb3855d2c50cfab706978a38e4b153c8452ab399beeca1bb40901,False,False
SPY,crps,full,headline,semi_quadratic,timesfm,0.005813750729391616,0.00029999999999999997,6,4904,0,163,10000,226551880,84bf5cc06e2cb3855d2c50cfab706978a38e4b153c8452ab399beeca1bb40901,False,False
SPY,log_score,full,headline,range,autoarima,-3.2576254341247362,0.85450000000000004,11,4904,0,74,10000,2076353308,f316213fd036937f5cce3e9e75037f39f95ff985db18238a5eeaa9293865eadd,True,True
SPY,log_score,full,headline,range,autoets,-3.2590796994689213,0.96879999999999999,12,4904,0,74,10000,2076353308,f316213fd036937f5cce3e9e75037f39f95ff985db18238a5eeaa9293865eadd,True,True
SPY,log_score,full,headline,range,chronos,-3.2414418250392099,0.0047999999999999996,7,4904,0,74,10000,2076353308,f316213fd036937f5cce3e9e75037f39f95ff985db18238a5eeaa9293865eadd,False,False
SPY,log_score,full,headline,range,ewma,-3.2056793707279407,0.0001,2,4904,0,74,10000,2076353308,f316213fd036937f5cce3e9e75037f39f95ff985db18238a5eeaa9293865eadd,False,False
SPY,log_score,full,headline,range,garch11,-3.2271525967307362,0.00020000000000000001,4,4904,0,74,10000,2076353308,f316213fd036937f5cce3e9e75037f39f95ff985db18238a5eeaa9293865eadd,False,False
SPY,log_score,full,headline,range,garch11_t,-3.2593768987184362,1,13,4904,0,74,10000,2076353308,f316213fd036937f5cce3e9e75037f39f95ff985db18238a5eeaa9293865eadd,True,True
SPY,log_score,full,headline,range,gjr,-3.2505028852205098,0.75119999999999998,10,4904,0,74,10000,2076353308,f316213fd036937f5cce3e9e75037f39f95ff985db18238a5eeaa9293865eadd,True,True
SPY,log_score,full,headline,range,har,-3.2522406206301331,0.21809999999999999,9,4904,0,74,10000,2076353308,f316213fd036937f5cce3e9e75037f39f95ff985db18238a5eeaa9293865eadd,True,False
SPY,log_score,full,headline,range,lgbm,-3.1651529153901925,0.0001,3,4904,0,74,10000,2076353308,f316213fd036937f5cce3e9e75037f39f95ff985db18238a5eeaa9293865eadd,False,False
SPY,log_score,full,headline,range,moirai,-3.2475860763570767,0.1908,8,4904,0,74,10000,2076353308,f316213fd036937f5cce3e9e75037f39f95ff985db18238a5eeaa9293865eadd,True,False
SPY,log_score,full,headline,range,naive,-2.9816005056359316,0.00020000000000000001,5,4904,0,74,10000,2076353308,f316213fd036937f5cce3e9e75037f39f95ff985db18238a5eeaa9293865eadd,False,False
SPY,log_score,full,headline,range,patchtst,-3.087885346646309,0,1,4904,0,74,10000,2076353308,f316213fd036937f5cce3e9e75037f39f95ff985db18238a5eeaa9293865eadd,False,False
SPY,log_score,full,headline,range,timesfm,-3.2377970131164382,0.00020000000000000001,6,4904,0,74,10000,2076353308,f316213fd036937f5cce3e9e75037f39f95ff985db18238a5eeaa9293865eadd,False,False
SPY,log_score,full,headline,semi_quadratic,autoarima,-3.2576254341247362,0.88660000000000005,11,4904,0,74,10000,836406641,ecffbe3b5b9dd8ca97678bbb5341cd9fe0aee9f5236c237281957378a3ef0879,True,True
SPY,log_score,full,headline,semi_quadratic,autoets,-3.2590796994689213,0.96860000000000002,12,4904,0,74,10000,836406641,ecffbe3b5b9dd8ca97678bbb5341cd9fe0aee9f5236c237281957378a3ef0879,True,True
SPY,log_score,full,headline,semi_quadratic,chronos,-3.2414418250392099,0.0152,7,4904,0,74,10000,836406641,ecffbe3b5b9dd8ca97678bbb5341cd9fe0aee9f5236c237281957378a3ef0879,False,False
SPY,log_score,full,headline,semi_quadratic,ewma,-3.2056793707279407,0,2,4904,0,74,10000,836406641,ecffbe3b5b9dd8ca97678bbb5341cd9fe0aee9f5236c237281957378a3ef0879,False,False
SPY,log_score,full,headline,semi_quadratic,garch11,-3.2271525967307362,0.0001,5,4904,0,74,10000,836406641,ecffbe3b5b9dd8ca97678bbb5341cd9fe0aee9f5236c237281957378a3ef0879,False,False
SPY,log_score,full,headline,semi_quadratic,garch11_t,-3.2593768987184362,1,13,4904,0,74,10000,836406641,ecffbe3b5b9dd8ca97678bbb5341cd9fe0aee9f5236c237281957378a3ef0879,True,True
SPY,log_score,full,headline,semi_quadratic,gjr,-3.2505028852205098,0.70989999999999998,10,4904,0,74,10000,836406641,ecffbe3b5b9dd8ca97678bbb5341cd9fe0aee9f5236c237281957378a3ef0879,True,True
SPY,log_score,full,headline,semi_quadratic,har,-3.2522406206301331,0.32469999999999999,9,4904,0,74,10000,836406641,ecffbe3b5b9dd8ca97678bbb5341cd9fe0aee9f5236c237281957378a3ef0879,True,True
SPY,log_score,full,headline,semi_quadratic,lgbm,-3.1651529153901925,0,3,4904,0,74,10000,836406641,ecffbe3b5b9dd8ca97678bbb5341cd9fe0aee9f5236c237281957378a3ef0879,False,False
SPY,log_score,full,headline,semi_quadratic,moirai,-3.2475860763570767,0.15160000000000001,8,4904,0,74,10000,836406641,ecffbe3b5b9dd8ca97678bbb5341cd9fe0aee9f5236c237281957378a3ef0879,True,False
SPY,log_score,full,headline,semi_quadratic,naive,-2.9816005056359316,0.0001,4,4904,0,74,10000,836406641,ecffbe3b5b9dd8ca97678bbb5341cd9fe0aee9f5236c237281957378a3ef0879,False,False
SPY,log_score,full,headline,semi_quadratic,patchtst,-3.087885346646309,0,1,4904,0,74,10000,836406641,ecffbe3b5b9dd8ca97678bbb5341cd9fe0aee9f5236c237281957378a3ef0879,False,False
SPY,log_score,full,headline,semi_quadratic,timesfm,-3.2377970131164382,0.00069999999999999999,6,4904,0,74,10000,836406641,ecffbe3b5b9dd8ca97678bbb5341cd9fe0aee9f5236c237281957378a3ef0879,False,False
SPY,pinball_0p01,full,headline,range,autoarima,0.00039161073190950677,0.58660000000000001,9,4904,0,110,10000,1211730344,fecaa43fbce2067c98d49e3618bd1a58db2bf6362e810ca0796fccf8cffbd6cc,True,True
SPY,pinball_0p01,full,headline,range,autoets,0.00038491357183628467,0.86409999999999998,12,4904,0,110,10000,1211730344,fecaa43fbce2067c98d49e3618bd1a58db2bf6362e810ca0796fccf8cffbd6cc,True,True
SPY,pinball_0p01,full,headline,range,chronos,0.00040366854155528471,0.38840000000000002,7,4904,0,110,10000,1211730344,fecaa43fbce2067c98d49e3618bd1a58db2bf6362e810ca0796fccf8cffbd6cc,True,True
SPY,pinball_0p01,full,headline,range,ewma,0.00042962450602342133,0.1004,3,4904,0,110,10000,1211730344,fecaa43fbce2067c98d49e3618bd1a58db2bf6362e810ca0796fccf8cffbd6cc,True,False
SPY,pinball_0p01,full,headline,range,garch11,0.00040188162334803338,0.062399999999999997,2,4904,0,110,10000,1211730344,fecaa43fbce2067c98d49e3618bd1a58db2bf6362e810ca0796fccf8cffbd6cc,False,False
SPY,pinball_0p01,full,headline,range,garch11_t,0.00038134540423612369,1,13,4904,0,110,10000,1211730344,fecaa43fbce2067c98d49e3618bd1a58db2bf6362e810ca0796fccf8cffbd6cc,True,True
SPY,pinball_0p01,full,headline,range,gjr,0.00038581302030264004,0.86409999999999998,11,4904,0,110,10000,1211730344,fecaa43fbce2067c98d49e3618bd1a58db2bf6362e810ca0796fccf8cffbd6cc,True,True
SPY,pinball_0p01,full,headline,range,har,0.00038989947912634274,0.7218,10,4904,0,110,10000,1211730344,fecaa43fbce2067c98d49e3618bd1a58db2bf6362e810ca0796fccf8cffbd6cc,True,True
SPY,pinball_0p01,full,headline,range,lgbm,0.00046560123505690206,0.13370000000000001,5,4904,0,110,10000,1211730344,fecaa43fbce2067c98d49e3618bd1a58db2bf6362e810ca0796fccf8cffbd6cc,True,False
SPY,pinball_0p01,full,headline,range,moirai,0.00040951209867753761,0.35980000000000001,6,4904,0,110,10000,1211730344,fecaa43fbce2067c98d49e3618bd1a58db2bf6362e810ca0796fccf8cffbd6cc,True,True
SPY,pinball_0p01,full,headline,range,naive,0.00061472130601522871,0.108,4,4904,0,110,10000,1211730344,fecaa43fbce2067c98d49e3618bd1a58db2bf6362e810ca0796fccf8cffbd6cc,True,False
SPY,pinball_0p01,full,headline,range,patchtst,0.00053957664208577523,0.00059999999999999995,1,4904,0,110,10000,1211730344,fecaa43fbce2067c98d49e3618bd1a58db2bf6362e810ca0796fccf8cffbd6cc,False,False
SPY,pinball_0p01,full,headline,range,timesfm,0.00040107596445361428,0.48470000000000002,8,4904,0,110,10000,1211730344,fecaa43fbce2067c98d49e3618bd1a58db2bf6362e810ca0796fccf8cffbd6cc,True,True
SPY,pinball_0p01,full,headline,semi_quadratic,autoarima,0.00039161073190950677,0.62609999999999999,9,4904,0,110,10000,33478679,a41e0a279fda6b23cbbe3d722c0bd3c7b8d7305eb92ebb0f0bfef4b5fe4ee588,True,True
SPY,pinball_0p01,full,headline,semi_quadratic,autoets,0.00038491357183628467,0.85580000000000001,12,4904,0,110,10000,33478679,a41e0a279fda6b23cbbe3d722c0bd3c7b8d7305eb92ebb0f0bfef4b5fe4ee588,True,True
SPY,pinball_0p01,full,headline,semi_quadratic,chronos,0.00040366854155528471,0.20799999999999999,7,4904,0,110,10000,33478679,a41e0a279fda6b23cbbe3d722c0bd3c7b8d7305eb92ebb0f0bfef4b5fe4ee588,True,False
SPY,pinball_0p01,full,headline,semi_quadratic,ewma,0.00042962450602342133,0.025399999999999999,3,4904,0,110,10000,33478679,a41e0a279fda6b23cbbe3d722c0bd3c7b8d7305eb92ebb0f0bfef4b5fe4ee588,False,False
SPY,pinball_0p01,full,headline,semi_quadratic,garch11,0.00040188162334803338,0.025000000000000001,2,4904,0,110,10000,33478679,a41e0a279fda6b23cbbe3d722c0bd3c7b8d7305eb92ebb0f0bfef4b5fe4ee588,False,False
SPY,pinball_0p01,full,headline,semi_quadratic,garch11_t,0.00038134540423612369,1,13,4904,0,110,10000,33478679,a41e0a279fda6b23cbbe3d722c0bd3c7b8d7305eb92ebb0f0bfef4b5fe4ee588,True,True
SPY,pinball_0p01,full,headline,semi_quadratic,gjr,0.00038581302030264004,0.85580000000000001,11,4904,0,110,10000,33478679,a41e0a279fda6b23cbbe3d722c0bd3c7b8d7305eb92ebb0f0bfef4b5fe4ee588,True,True
SPY,pinball_0p01,full,headline,semi_quadratic,har,0.00038989947912634274,0.74670000000000003,10,4904,0,110,10000,33478679,a41e0a279fda6b23cbbe3d722c0bd3c7b8d7305eb92ebb0f0bfef4b5fe4ee588,True,True
SPY,pinball_0p01,full,headline,semi_quadratic,lgbm,0.00046560123505690206,0.0448,5,4904,0,110,10000,33478679,a41e0a279fda6b23cbbe3d722c0bd3c7b8d7305eb92ebb0f0bfef4b5fe4ee588,False,False
SPY,pinball_0p01,full,headline,semi_quadratic,moirai,0.00040951209867753761,0.13039999999999999,6,4904,0,110,10000,33478679,a41e0a279fda6b23cbbe3d722c0bd3c7b8d7305eb92ebb0f0bfef4b5fe4ee588,True,False
SPY,pinball_0p01,full,headline,semi_quadratic,naive,0.00061472130601522871,0.029600000000000001,4,4904,0,110,10000,33478679,a41e0a279fda6b23cbbe3d722c0bd3c7b8d7305eb92ebb0f0bfef4b5fe4ee588,False,False
SPY,pinball_0p01,full,headline,semi_quadratic,patchtst,0.00053957664208577523,0.0048999999999999998,1,4904,0,110,10000,33478679,a41e0a279fda6b23cbbe3d722c0bd3c7b8d7305eb92ebb0f0bfef4b5fe4ee588,False,False
SPY,pinball_0p01,full,headline,semi_quadratic,timesfm,0.00040107596445361428,0.3533,8,4904,0,110,10000,33478679,a41e0a279fda6b23cbbe3d722c0bd3c7b8d7305eb92ebb0f0bfef4b5fe4ee588,True,True
SPY,pinball_0p025,full,headline,range,autoarima,0.00076306064390307905,0.43030000000000002,9,4904,0,100,10000,509234008,3a16c925faf7e93e091c3ef924840e77216c3f9cdccbe94344808294f021cf73,True,True
SPY,pinball_0p025,full,headline,range,autoets,0.00075300766319234044,1,13,4904,0,100,10000,509234008,3a16c925faf7e93e091c3ef924840e77216c3f9cdccbe94344808294f021cf73,True,True
SPY,pinball_0p025,full,headline,range,chronos,0.00077703197187942337,0.3987,6,4904,0,100,10000,509234008,3a16c925faf7e93e091c3ef924840e77216c3f9cdccbe94344808294f021cf73,True,True
SPY,pinball_0p025,full,headline,range,ewma,0.00081350139252284594,0.11890000000000001,5,4904,0,100,10000,509234008,3a16c925faf7e93e091c3ef924840e77216c3f9cdccbe94344808294f021cf73,True,False
SPY,pinball_0p025,full,headline,range,garch11,0.00078294065913056066,0.1173,4,4904,0,100,10000,509234008,3a16c925faf7e93e091c3ef924840e77216c3f9cdccbe94344808294f021cf73,True,False
SPY,pinball_0p025,full,headline,range,garch11_t,0.00077063632903135316,0.43030000000000002,10,4904,0,100,10000,509234008,3a16c925faf7e93e091c3ef924840e77216c3f9cdccbe94344808294f021cf73,True,True
SPY,pinball_0p025,full,headline,range,gjr,0.00076135355969179246,0.51139999999999997,12,4904,0,100,10000,509234008,3a16c925faf7e93e091c3ef924840e77216c3f9cdccbe94344808294f021cf73,True,True
SPY,pinball_0p025,full,headline,range,har,0.00076444284906172322,0.43030000000000002,11,4904,0,100,10000,509234008,3a16c925faf7e93e091c3ef924840e77216c3f9cdccbe94344808294f021cf73,True,True
SPY,pinball_0p025,full,headline,range,lgbm,0.00087777981663266056,0.044400000000000002,3,4904,0,100,10000,509234008,3a16c925faf7e93e091c3ef924840e77216c3f9cdccbe94344808294f021cf73,False,False
SPY,pinball_0p025,full,headline,range,moirai,0.0007831076584337278,0.3987,8,4904,0,100,10000,509234008,3a16c925faf7e93e091c3ef924840e77216c3f9cdccbe94344808294f021cf73,True,True
SPY,pinball_0p025,full,headline,range,naive,0.0010364576079773347,0.036799999999999999,2,4904,0,100,10000,509234008,3a16c925faf7e93e091c3ef924840e77216c3f9cdccbe94344808294f021cf73,False,False
SPY,pinball_0p025,full,headline,range,patchtst,0.0009283474980449892,0.00089999999999999998,1,4904,0,100,10000,509234008,3a16c925faf7e93e091c3ef924840e77216c3f9cdccbe94344808294f021cf73,False,False
SPY,pinball_0p025,full,headline,range,timesfm,0.00077648130958934687,0.3987,7,4904,0,100,10000,509234008,3a16c925faf7e93e091c3ef924840e77216c3f9cdccbe94344808294f021cf73,True,True
SPY,pinball_0p025,full,headline,semi_quadratic,autoarima,0.00076306064390307905,0.39700000000000002,9,4904,0,100,10000,273087943,7db40d1f2ff333e1deca191f4311391c3af7acfbf0748f300efd7a9792eff262,True,True
SPY,pinball_0p025,full,headline,semi_quadratic,autoets,0.00075300766319234044,1,13,4904,0,100,10000,273087943,7db40d1f2ff333e1deca191f4311391c3af7acfbf0748f300efd7a9792eff262,True,True
SPY,pinball_0p025,full,headline,semi_quadratic,chronos,0.00077703197187942337,0.19439999999999999,6,4904,0,100,10000,273087943,7db40d1f2ff333e1deca191f4311391c3af7acfbf0748f300efd7a9792eff262,True,False
SPY,pinball_0p025,full,headline,semi_quadratic,ewma,0.00081350139252284594,0.063700000000000007,5,4904,0,100,10000,273087943,7db40d1f2ff333e1deca191f4311391c3af7acfbf0748f300efd7a9792eff262,False,False
SPY,pinball_0p025,full,headline,semi_quadratic,garch11,0.00078294065913056066,0.052200000000000003,4,4904,0,100,10000,273087943,7db40d1f2ff333e1deca191f4311391c3af7acfbf0748f300efd7a9792eff262,False,False
SPY,pinball_0p025,full,headline,semi_quadratic,garch11_t,0.00077063632903135316,0.39700000000000002,10,4904,0,100,10000,273087943,7db40d1f2ff333e1deca191f4311391c3af7acfbf0748f300efd7a9792eff262,True,True
SPY,pinball_0p025,full,headline,semi_quadratic,gjr,0.00076135355969179246,0.51039999999999996,12,4904,0,100,10000,273087943,7db40d1f2ff333e1deca191f4311391c3af7acfbf0748f300efd7a9792eff262,True,True
SPY,pinball_0p025,full,headline,semi_quadratic,har,0.00076444284906172322,0.4466,11,4904,0,100,10000,273087943,7db40d1f2ff333e1deca191f4311391c3af7acfbf0748f300efd7a9792eff262,True,True
SPY,pinball_0p025,full,headline,semi_quadratic,lgbm,0.00087777981663266056,0.0183,3,4904,0,100,10000,273087943,7db40d1f2ff333e1deca191f4311391c3af7acfbf0748f300efd7a9792eff262,False,False
SPY,pinball_0p025,full,headline,semi_quadratic,moirai,0.0007831076584337278,0.25469999999999998,8,4904,0,100,10000,273087943,7db40d1f2ff333e1deca191f4311391c3af7acfbf0748f300efd7a9792eff262,True,True
SPY,pinball_0p025,full,headline,semi_quadratic,naive,0.0010364576079773347,0.0099000000000000008,2,4904,0,100,10000,273087943,7db40d1f2ff333e1deca191f4311391c3af7acfbf0748f300efd7a9792eff262,False,False
SPY,pinball_0p025,full,headline,semi_quadratic,patchtst,0.0009283474980449892,0.002,1,4904,0,100,10000,273087943,7db40d1f2ff333e1deca191f4311391c3af7acfbf0748f300efd7a9792eff262,False,False
SPY,pinball_0p025,full,headline,semi_quadratic,timesfm,0.00077648130958934687,0.20760000000000001,7,4904,0,100,10000,273087943,7db40d1f2ff333e1deca191f4311391c3af7acfbf0748f300efd7a9792eff262,True,False
SPY,pinball_0p05,full,headline,range,autoarima,0.0012638445393711444,0.3538,9,4904,0,89,10000,2042420299,83f7abe72c1e0ab6292b1ea3e4a72b50921a88a41451aa91005d55692742c990,True,True
SPY,pinball_0p05,full,headline,range,autoets,0.0012496835609235957,1,13,4904,0,89,10000,2042420299,83f7abe72c1e0ab6292b1ea3e4a72b50921a88a41451aa91005d55692742c990,True,True
SPY,pinball_0p05,full,headline,range,chronos,0.0012814351883483714,0.16009999999999999,8,4904,0,89,10000,2042420299,83f7abe72c1e0ab6292b1ea3e4a72b50921a88a41451aa91005d55692742c990,True,False
SPY,pinball_0p05,full,headline,range,ewma,0.0013257494216800064,0.045400000000000003,4,4904,0,89,10000,2042420299,83f7abe72c1e0ab6292b1ea3e4a72b50921a88a41451aa91005d55692742c990,False,False
SPY,pinball_0p05,full,headline,range,garch11,0.0012941413641450676,0.055500000000000001,5,4904,0,89,10000,2042420299,83f7abe72c1e0ab6292b1ea3e4a72b50921a88a41451aa91005d55692742c990,False,False
SPY,pinball_0p05,full,headline,range,garch11_t,0.001294426112847783,0.055500000000000001,6,4904,0,89,10000,2042420299,83f7abe72c1e0ab6292b1ea3e4a72b50921a88a41451aa91005d55692742c990,False,False
SPY,pinball_0p05,full,headline,range,gjr,0.0012646184168833756,0.3538,12,4904,0,89,10000,2042420299,83f7abe72c1e0ab6292b1ea3e4a72b50921a88a41451aa91005d55692742c990,True,True
SPY,pinball_0p05,full,headline,range,har,0.0012647926106183311,0.3538,10,4904,0,89,10000,2042420299,83f7abe72c1e0ab6292b1ea3e4a72b50921a88a41451aa91005d55692742c990,True,True
SPY,pinball_0p05,full,headline,range,lgbm,0.0014165781666658939,0.019599999999999999,3,4904,0,89,10000,2042420299,83f7abe72c1e0ab6292b1ea3e4a72b50921a88a41451aa91005d55692742c990,False,False
SPY,pinball_0p05,full,headline,range,moirai,0.0012797737373679641,0.3538,11,4904,0,89,10000,2042420299,83f7abe72c1e0ab6292b1ea3e4a72b50921a88a41451aa91005d55692742c990,True,True
SPY,pinball_0p05,full,headline,range,naive,0.0015769458683624086,0.0082000000000000007,2,4904,0,89,10000,2042420299,83f7abe72c1e0ab6292b1ea3e4a72b50921a88a41451aa91005d55692742c990,False,False
SPY,pinball_0p05,full,headline,range,patchtst,0.0014250741780556101,0.00040000000000000002,1,4904,0,89,10000,2042420299,83f7abe72c1e0ab6292b1ea3e4a72b50921a88a41451aa91005d55692742c990,False,False
SPY,pinball_0p05,full,headline,range,timesfm,0.0012898428028743707,0.114,7,4904,0,89,10000,2042420299,83f7abe72c1e0ab6292b1ea3e4a72b50921a88a41451aa91005d55692742c990,True,False
SPY,pinball_0p05,full,headline,semi_quadratic,autoarima,0.0012638445393711444,0.28210000000000002,9,4904,0,89,10000,2077783616,989e939049fa25c4f2d22f80715896810e8711c3b15d89963ccb5293f5209f8c,True,True
SPY,pinball_0p05,full,headline,semi_quadratic,autoets,0.0012496835609235957,1,13,4904,0,89,10000,2077783616,989e939049fa25c4f2d22f80715896810e8711c3b15d89963ccb5293f5209f8c,True,True
SPY,pinball_0p05,full,headline,semi_quadratic,chronos,0.0012814351883483714,0.15429999999999999,8,4904,0,89,10000,2077783616,989e939049fa25c4f2d22f80715896810e8711c3b15d89963ccb5293f5209f8c,True,False
SPY,pinball_0p05,full,headline,semi_quadratic,ewma,0.0013257494216800064,0.012500000000000001,4,4904,0,89,10000,2077783616,989e939049fa25c4f2d22f80715896810e8711c3b15d89963ccb5293f5209f8c,False,False
SPY,pinball_0p05,full,headline,semi_quadratic,garch11,0.0012941413641450676,0.021399999999999999,5,4904,0,89,10000,2077783616,989e939049fa25c4f2d22f80715896810e8711c3b15d89963ccb5293f5209f8c,False,False
SPY,pinball_0p05,full,headline,semi_quadratic,garch11_t,0.001294426112847783,0.032500000000000001,6,4904,0,89,10000,2077783616,989e939049fa25c4f2d22f80715896810e8711c3b15d89963ccb5293f5209f8c,False,False
SPY,pinball_0p05,full,headline,semi_quadratic,gjr,0.0012646184168833756,0.28210000000000002,12,4904,0,89,10000,2077783616,989e939049fa25c4f2d22f80715896810e8711c3b15d89963ccb5293f5209f8c,True,True
SPY,pinball_0p05,full,headline,semi_quadratic,har,0.0012647926106183311,0.28210000000000002,10,4904,0,89,10000,2077783616,989e939049fa25c4f2d22f80715896810e8711c3b15d89963ccb5293f5209f8c,True,True
SPY,pinball_0p05,full,headline,semi_quadratic,lgbm,0.0014165781666658939,0.0047000000000000002,3,4904,0,89,10000,2077783616,989e939049fa25c4f2d22f80715896810e8711c3b15d89963ccb5293f5209f8c,False,False
SPY,pinball_0p05,full,headline,semi_quadratic,moirai,0.0012797737373679641,0.28210000000000002,11,4904,0,89,10000,2077783616,989e939049fa25c4f2d22f80715896810e8711c3b15d89963ccb5293f5209f8c,True,True
SPY,pinball_0p05,full,headline,semi_quadratic,naive,0.0015769458683624086,0.0027000000000000001,2,4904,0,89,10000,2077783616,989e939049fa25c4f2d22f80715896810e8711c3b15d89963ccb5293f5209f8c,False,False
SPY,pinball_0p05,full,headline,semi_quadratic,patchtst,0.0014250741780556101,0.00050000000000000001,1,4904,0,89,10000,2077783616,989e939049fa25c4f2d22f80715896810e8711c3b15d89963ccb5293f5209f8c,False,False
SPY,pinball_0p05,full,headline,semi_quadratic,timesfm,0.0012898428028743707,0.071599999999999997,7,4904,0,89,10000,2077783616,989e939049fa25c4f2d22f80715896810e8711c3b15d89963ccb5293f5209f8c,False,False
SPY,pinball_avg,full,headline,range,autoarima,0.0008061719717279087,0.34239999999999998,10,4904,0,102,10000,1069233194,d016602a935897ad645e62e1ca7a53735d8b29e4a8837ab6aada5c48a9438ac8,True,True
SPY,pinball_avg,full,headline,range,autoets,0.00079586826531740913,1,13,4904,0,102,10000,1069233194,d016602a935897ad645e62e1ca7a53735d8b29e4a8837ab6aada5c48a9438ac8,True,True
SPY,pinball_avg,full,headline,range,chronos,0.00082071190059435659,0.312,7,4904,0,102,10000,1069233194,d016602a935897ad645e62e1ca7a53735d8b29e4a8837ab6aada5c48a9438ac8,True,True
SPY,pinball_avg,full,headline,range,ewma,0.00085629177340875774,0.070800000000000002,5,4904,0,102,10000,1069233194,d016602a935897ad645e62e1ca7a53735d8b29e4a8837ab6aada5c48a9438ac8,False,False
SPY,pinball_avg,full,headline,range,garch11,0.00082632121554121972,0.060199999999999997,4,4904,0,102,10000,1069233194,d016602a935897ad645e62e1ca7a53735d8b29e4a8837ab6aada5c48a9438ac8,False,False
SPY,pinball_avg,full,headline,range,garch11_t,0.00081546928203842233,0.3281,8,4904,0,102,10000,1069233194,d016602a935897ad645e62e1ca7a53735d8b29e4a8837ab6aada5c48a9438ac8,True,True
SPY,pinball_avg,full,headline,range,gjr,0.00080392833229260129,0.496,12,4904,0,102,10000,1069233194,d016602a935897ad645e62e1ca7a53735d8b29e4a8837ab6aada5c48a9438ac8,True,True
SPY,pinball_avg,full,headline,range,har,0.00080637831293546504,0.34239999999999998,11,4904,0,102,10000,1069233194,d016602a935897ad645e62e1ca7a53735d8b29e4a8837ab6aada5c48a9438ac8,True,True
SPY,pinball_avg,full,headline,range,lgbm,0.00091998640611848479,0.042999999999999997,3,4904,0,102,10000,1069233194,d016602a935897ad645e62e1ca7a53735d8b29e4a8837ab6aada5c48a9438ac8,False,False
SPY,pinball_avg,full,headline,range,moirai,0.00082413116482641215,0.34239999999999998,9,4904,0,102,10000,1069233194,d016602a935897ad645e62e1ca7a53735d8b29e4a8837ab6aada5c48a9438ac8,True,True
SPY,pinball_avg,full,headline,range,naive,0.0010760415941183194,0.032899999999999999,2,4904,0,102,10000,1069233194,d016602a935897ad645e62e1ca7a53735d8b29e4a8837ab6aada5c48a9438ac8,False,False
SPY,pinball_avg,full,headline,range,patchtst,0.00096433277272878779,0.00029999999999999997,1,4904,0,102,10000,1069233194,d016602a935897ad645e62e1ca7a53735d8b29e4a8837ab6aada5c48a9438ac8,False,False
SPY,pinball_avg,full,headline,range,timesfm,0.00082246669230577596,0.312,6,4904,0,102,10000,1069233194,d016602a935897ad645e62e1ca7a53735d8b29e4a8837ab6aada5c48a9438ac8,True,True
SPY,pinball_avg,full,headline,semi_quadratic,autoarima,0.0008061719717279087,0.4113,10,4904,0,102,10000,1056347930,c74cfbf3cb1a4f03e83382d5918bdb7696f28fcc5604ed696c121e5c3ac036cd,True,True
SPY,pinball_avg,full,headline,semi_quadratic,autoets,0.00079586826531740913,1,13,4904,0,102,10000,1056347930,c74cfbf3cb1a4f03e83382d5918bdb7696f28fcc5604ed696c121e5c3ac036cd,True,True
SPY,pinball_avg,full,headline,semi_quadratic,chronos,0.00082071190059435659,0.13969999999999999,7,4904,0,102,10000,1056347930,c74cfbf3cb1a4f03e83382d5918bdb7696f28fcc5604ed696c121e5c3ac036cd,True,False
SPY,pinball_avg,full,headline,semi_quadratic,ewma,0.00085629177340875774,0.0395,5,4904,0,102,10000,1056347930,c74cfbf3cb1a4f03e83382d5918bdb7696f28fcc5604ed696c121e5c3ac036cd,False,False
SPY,pinball_avg,full,headline,semi_quadratic,garch11,0.00082632121554121972,0.028899999999999999,4,4904,0,102,10000,1056347930,c74cfbf3cb1a4f03e83382d5918bdb7696f28fcc5604ed696c121e5c3ac036cd,False,False
SPY,pinball_avg,full,headline,semi_quadratic,garch11_t,0.00081546928203842233,0.18490000000000001,8,4904,0,102,10000,1056347930,c74cfbf3cb1a4f03e83382d5918bdb7696f28fcc5604ed696c121e5c3ac036cd,True,False
SPY,pinball_avg,full,headline,semi_quadratic,gjr,0.00080392833229260129,0.49199999999999999,12,4904,0,102,10000,1056347930,c74cfbf3cb1a4f03e83382d5918bdb7696f28fcc5604ed696c121e5c3ac036cd,True,True
SPY,pinball_avg,full,headline,semi_quadratic,har,0.00080637831293546504,0.4229,11,4904,0,102,10000,1056347930,c74cfbf3cb1a4f03e83382d5918bdb7696f28fcc5604ed696c121e5c3ac036cd,True,True
SPY,pinball_avg,full,headline,semi_quadratic,lgbm,0.00091998640611848479,0.014500000000000001,3,4904,0,102,10000,1056347930,c74cfbf3cb1a4f03e83382d5918bdb7696f28fcc5604ed696c121e5c3ac036cd,False,False
SPY,pinball_avg,full,headline,semi_quadratic,moirai,0.00082413116482641215,0.2104,9,4904,0,102,10000,1056347930,c74cfbf3cb1a4f03e83382d5918bdb7696f28fcc5604ed696c121e5c3ac036cd,True,False
SPY,pinball_avg,full,headline,semi_quadratic,naive,0.0010760415941183194,0.0083999999999999995,2,4904,0,102,10000,1056347930,c74cfbf3cb1a4f03e83382d5918bdb7696f28fcc5604ed696c121e5c3ac036cd,False,False
SPY,pinball_avg,full,headline,semi_quadratic,patchtst,0.00096433277272878779,0.002,1,4904,0,102,10000,1056347930,c74cfbf3cb1a4f03e83382d5918bdb7696f28fcc5604ed696c121e5c3ac036cd,False,False
SPY,pinball_avg,full,headline,semi_quadratic,timesfm,0.00082246669230577596,0.11799999999999999,6,4904,0,102,10000,1056347930,c74cfbf3cb1a4f03e83382d5918bdb7696f28fcc5604ed696c121e5c3ac036cd,True,False
SPY,qlike,full,headline,range,autoarima,0.45769697060813319,0.22370000000000001,11,4904,0,76,10000,1057591611,f436665cf9b384389ff7712e5dbbb0da76b8d3bf8e5576adec667b0f3fcc2507,True,False
SPY,qlike,full,headline,range,autoets,0.45100208355622717,1,13,4904,0,76,10000,1057591611,f436665cf9b384389ff7712e5dbbb0da76b8d3bf8e5576adec667b0f3fcc2507,True,True
SPY,qlike,full,headline,range,chronos,0.47936006978566809,0.037400000000000003,6,4904,0,76,10000,1057591611,f436665cf9b384389ff7712e5dbbb0da76b8d3bf8e5576adec667b0f3fcc2507,False,False
SPY,qlike,full,headline,range,ewma,0.52220815623243,0.0012999999999999999,4,4904,0,76,10000,1057591611,f436665cf9b384389ff7712e5dbbb0da76b8d3bf8e5576adec667b0f3fcc2507,False,False
SPY,qlike,full,headline,range,garch11,0.49488617074794711,0.066000000000000003,7,4904,0,76,10000,1057591611,f436665cf9b384389ff7712e5dbbb0da76b8d3bf8e5576adec667b0f3fcc2507,False,False
SPY,qlike,full,headline,range,garch11_t,0.48068464798127253,0.092499999999999999,8,4904,0,76,10000,1057591611,f436665cf9b384389ff7712e5dbbb0da76b8d3bf8e5576adec667b0f3fcc2507,False,False
SPY,qlike,full,headline,range,gjr,0.45117430312210327,0.99439999999999995,12,4904,0,76,10000,1057591611,f436665cf9b384389ff7712e5dbbb0da76b8d3bf8e5576adec667b0f3fcc2507,True,True
SPY,qlike,full,headline,range,har,0.46235509592457363,0.1172,9,4904,0,76,10000,1057591611,f436665cf9b384389ff7712e5dbbb0da76b8d3bf8e5576adec667b0f3fcc2507,True,False
SPY,qlike,full,headline,range,lgbm,0.62846982085101821,0,2,4904,0,76,10000,1057591611,f436665cf9b384389ff7712e5dbbb0da76b8d3bf8e5576adec667b0f3fcc2507,False,False
SPY,qlike,full,headline,range,moirai,0.47173888977994477,0.13370000000000001,10,4904,0,76,10000,1057591611,f436665cf9b384389ff7712e5dbbb0da76b8d3bf8e5576adec667b0f3fcc2507,True,False
SPY,qlike,full,headline,range,naive,1.0097103873549591,0.00089999999999999998,3,4904,0,76,10000,1057591611,f436665cf9b384389ff7712e5dbbb0da76b8d3bf8e5576adec667b0f3fcc2507,False,False
SPY,qlike,full,headline,range,patchtst,0.82206710818865314,0,1,4904,0,76,10000,1057591611,f436665cf9b384389ff7712e5dbbb0da76b8d3bf8e5576adec667b0f3fcc2507,False,False
SPY,qlike,full,headline,range,timesfm,0.48235308114319481,0.017000000000000001,5,4904,0,76,10000,1057591611,f436665cf9b384389ff7712e5dbbb0da76b8d3bf8e5576adec667b0f3fcc2507,False,False
SPY,qlike,full,headline,semi_quadratic,autoarima,0.45769697060813319,0.39279999999999998,11,4904,0,76,10000,2103688460,1d8c6d8402e99dc4095b9e93261ffcb6435c99d6f83e94b052bc7008543562dc,True,True
SPY,qlike,full,headline,semi_quadratic,autoets,0.45100208355622717,1,13,4904,0,76,10000,2103688460,1d8c6d8402e99dc4095b9e93261ffcb6435c99d6f83e94b052bc7008543562dc,True,True
SPY,qlike,full,headline,semi_quadratic,chronos,0.47936006978566809,0.019199999999999998,6,4904,0,76,10000,2103688460,1d8c6d8402e99dc4095b9e93261ffcb6435c99d6f83e94b052bc7008543562dc,False,False
SPY,qlike,full,headline,semi_quadratic,ewma,0.52220815623243,0.0016999999999999999,4,4904,0,76,10000,2103688460,1d8c6d8402e99dc4095b9e93261ffcb6435c99d6f83e94b052bc7008543562dc,False,False
SPY,qlike,full,headline,semi_quadratic,garch11,0.49488617074794711,0.0235,7,4904,0,76,10000,2103688460,1d8c6d8402e99dc4095b9e93261ffcb6435c99d6f83e94b052bc7008543562dc,False,False
SPY,qlike,full,headline,semi_quadratic,garch11_t,0.48068464798127253,0.0533,8,4904,0,76,10000,2103688460,1d8c6d8402e99dc4095b9e93261ffcb6435c99d6f83e94b052bc7008543562dc,False,False
SPY,qlike,full,headline,semi_quadratic,gjr,0.45117430312210327,0.99280000000000002,12,4904,0,76,10000,2103688460,1d8c6d8402e99dc4095b9e93261ffcb6435c99d6f83e94b052bc7008543562dc,True,True
SPY,qlike,full,headline,semi_quadratic,har,0.46235509592457363,0.1164,9,4904,0,76,10000,2103688460,1d8c6d8402e99dc4095b9e93261ffcb6435c99d6f83e94b052bc7008543562dc,True,False
SPY,qlike,full,headline,semi_quadratic,lgbm,0.62846982085101821,0,2,4904,0,76,10000,2103688460,1d8c6d8402e99dc4095b9e93261ffcb6435c99d6f83e94b052bc7008543562dc,False,False
SPY,qlike,full,headline,semi_quadratic,moirai,0.47173888977994477,0.14999999999999999,10,4904,0,76,10000,2103688460,1d8c6d8402e99dc4095b9e93261ffcb6435c99d6f83e94b052bc7008543562dc,True,False
SPY,qlike,full,headline,semi_quadratic,naive,1.0097103873549591,0.00029999999999999997,3,4904,0,76,10000,2103688460,1d8c6d8402e99dc4095b9e93261ffcb6435c99d6f83e94b052bc7008543562dc,False,False
SPY,qlike,full,headline,semi_quadratic,patchtst,0.82206710818865314,0,1,4904,0,76,10000,2103688460,1d8c6d8402e99dc4095b9e93261ffcb6435c99d6f83e94b052bc7008543562dc,False,False
SPY,qlike,full,headline,semi_quadratic,timesfm,0.48235308114319481,0.012200000000000001,5,4904,0,76,10000,2103688460,1d8c6d8402e99dc4095b9e93261ffcb6435c99d6f83e94b052bc7008543562dc,False,False
SPY,fz0_0p01,full,headline,range,autoarima,-3.2218185991682811,0.49170000000000003,10,4904,0,71,10000,1825371995,5272b9c818cb4405eab72669ba1cdaf67eb676acfca57cc895d3872ec9cf2840,True,True
SPY,fz0_0p01,full,headline,range,autoets,-3.2372709671124493,0.49170000000000003,11,4904,0,71,10000,1825371995,5272b9c818cb4405eab72669ba1cdaf67eb676acfca57cc895d3872ec9cf2840,True,True
SPY,fz0_0p01,full,headline,range,chronos,-3.1792117778856133,0.22120000000000001,9,4904,0,71,10000,1825371995,5272b9c818cb4405eab72669ba1cdaf67eb676acfca57cc895d3872ec9cf2840,True,False
SPY,fz0_0p01,full,headline,range,ewma,-2.9605593242581056,0.0001,2,4904,0,71,10000,1825371995,5272b9c818cb4405eab72669ba1cdaf67eb676acfca57cc895d3872ec9cf2840,False,False
SPY,fz0_0p01,full,headline,range,garch11,-3.1295989737286063,0.002,3,4904,0,71,10000,1825371995,5272b9c818cb4405eab72669ba1cdaf67eb676acfca57cc895d3872ec9cf2840,False,False
SPY,fz0_0p01,full,headline,range,garch11_t,-3.2879741832561411,1,13,4904,0,71,10000,1825371995,5272b9c818cb4405eab72669ba1cdaf67eb676acfca57cc895d3872ec9cf2840,True,True
SPY,fz0_0p01,full,headline,range,gjr,-3.1784155149115061,0.20219999999999999,8,4904,0,71,10000,1825371995,5272b9c818cb4405eab72669ba1cdaf67eb676acfca57cc895d3872ec9cf2840,True,False
SPY,fz0_0p01,full,headline,range,har,-3.2453174906773055,0.49170000000000003,12,4904,0,71,10000,1825371995,5272b9c818cb4405eab72669ba1cdaf67eb676acfca57cc895d3872ec9cf2840,True,True
SPY,fz0_0p01,full,headline,range,lgbm,-3.0498907133464734,0.10489999999999999,6,4904,0,71,10000,1825371995,5272b9c818cb4405eab72669ba1cdaf67eb676acfca57cc895d3872ec9cf2840,True,False
SPY,fz0_0p01,full,headline,range,moirai,-3.1359658402316684,0.033000000000000002,4,4904,0,71,10000,1825371995,5272b9c818cb4405eab72669ba1cdaf67eb676acfca57cc895d3872ec9cf2840,False,False
SPY,fz0_0p01,full,headline,range,naive,-2.3759400591584905,0.042700000000000002,5,4904,0,71,10000,1825371995,5272b9c818cb4405eab72669ba1cdaf67eb676acfca57cc895d3872ec9cf2840,False,False
SPY,fz0_0p01,full,headline,range,patchtst,-2.3957427674925591,0,1,4904,0,71,10000,1825371995,5272b9c818cb4405eab72669ba1cdaf67eb676acfca57cc895d3872ec9cf2840,False,False
SPY,fz0_0p01,full,headline,range,timesfm,-3.1812218143859621,0.20219999999999999,7,4904,0,71,10000,1825371995,5272b9c818cb4405eab72669ba1cdaf67eb676acfca57cc895d3872ec9cf2840,True,False
SPY,fz0_0p01,full,headline,semi_quadratic,autoarima,-3.2218185991682811,0.38469999999999999,10,4904,0,71,10000,817750231,c363b11c9b09c41fd0f25c630253a00d5f28a941f341651e0f4bdf6752184e61,True,True
SPY,fz0_0p01,full,headline,semi_quadratic,autoets,-3.2372709671124493,0.48139999999999999,11,4904,0,71,10000,817750231,c363b11c9b09c41fd0f25c630253a00d5f28a941f341651e0f4bdf6752184e61,True,True
SPY,fz0_0p01,full,headline,semi_quadratic,chronos,-3.1792117778856133,0.1671,9,4904,0,71,10000,817750231,c363b11c9b09c41fd0f25c630253a00d5f28a941f341651e0f4bdf6752184e61,True,False
SPY,fz0_0p01,full,headline,semi_quadratic,ewma,-2.9605593242581056,0.002,2,4904,0,71,10000,817750231,c363b11c9b09c41fd0f25c630253a00d5f28a941f341651e0f4bdf6752184e61,False,False
SPY,fz0_0p01,full,headline,semi_quadratic,garch11,-3.1295989737286063,0.0077999999999999996,3,4904,0,71,10000,817750231,c363b11c9b09c41fd0f25c630253a00d5f28a941f341651e0f4bdf6752184e61,False,False
SPY,fz0_0p01,full,headline,semi_quadratic,garch11_t,-3.2879741832561411,1,13,4904,0,71,10000,817750231,c363b11c9b09c41fd0f25c630253a00d5f28a941f341651e0f4bdf6752184e61,True,True
SPY,fz0_0p01,full,headline,semi_quadratic,gjr,-3.1784155149115061,0.1671,8,4904,0,71,10000,817750231,c363b11c9b09c41fd0f25c630253a00d5f28a941f341651e0f4bdf6752184e61,True,False
SPY,fz0_0p01,full,headline,semi_quadratic,har,-3.2453174906773055,0.48139999999999999,12,4904,0,71,10000,817750231,c363b11c9b09c41fd0f25c630253a00d5f28a941f341651e0f4bdf6752184e61,True,True
SPY,fz0_0p01,full,headline,semi_quadratic,lgbm,-3.0498907133464734,0.041200000000000001,6,4904,0,71,10000,817750231,c363b11c9b09c41fd0f25c630253a00d5f28a941f341651e0f4bdf6752184e61,False,False
SPY,fz0_0p01,full,headline,semi_quadratic,moirai,-3.1359658402316684,0.0088000000000000005,4,4904,0,71,10000,817750231,c363b11c9b09c41fd0f25c630253a00d5f28a941f341651e0f4bdf6752184e61,False,False
SPY,fz0_0p01,full,headline,semi_quadratic,naive,-2.3759400591584905,0.012,5,4904,0,71,10000,817750231,c363b11c9b09c41fd0f25c630253a00d5f28a941f341651e0f4bdf6752184e61,False,False
SPY,fz0_0p01,full,headline,semi_quadratic,patchtst,-2.3957427674925591,0.00029999999999999997,1,4904,0,71,10000,817750231,c363b11c9b09c41fd0f25c630253a00d5f28a941f341651e0f4bdf6752184e61,False,False
SPY,fz0_0p01,full,headline,semi_quadratic,timesfm,-3.1812218143859621,0.12720000000000001,7,4904,0,71,10000,817750231,c363b11c9b09c41fd0f25c630253a00d5f28a941f341651e0f4bdf6752184e61,True,False
SPY,fz0_0p025,full,headline,range,autoarima,-3.5518262009908397,0.64910000000000001,11,4904,0,75,10000,2032818205,01564eb60c2a93cc563f8ff39a703497ed73cae5616772f9a3e520c7c6d43b20,True,True
SPY,fz0_0p025,full,headline,range,autoets,-3.5637683098606354,1,13,4904,0,75,10000,2032818205,01564eb60c2a93cc563f8ff39a703497ed73cae5616772f9a3e520c7c6d43b20,True,True
SPY,fz0_0p025,full,headline,range,chronos,-3.5256940352738328,0.42080000000000001,8,4904,0,75,10000,2032818205,01564eb60c2a93cc563f8ff39a703497ed73cae5616772f9a3e520c7c6d43b20,True,True
SPY,fz0_0p025,full,headline,range,ewma,-3.4060875511157409,0.001,2,4904,0,75,10000,2032818205,01564eb60c2a93cc563f8ff39a703497ed73cae5616772f9a3e520c7c6d43b20,False,False
SPY,fz0_0p025,full,headline,range,garch11,-3.485759290154137,0.0037000000000000002,3,4904,0,75,10000,2032818205,01564eb60c2a93cc563f8ff39a703497ed73cae5616772f9a3e520c7c6d43b20,False,False
SPY,fz0_0p025,full,headline,range,garch11_t,-3.5360898345845841,0.64910000000000001,10,4904,0,75,10000,2032818205,01564eb60c2a93cc563f8ff39a703497ed73cae5616772f9a3e520c7c6d43b20,True,True
SPY,fz0_0p025,full,headline,range,gjr,-3.5218961815946903,0.61939999999999995,9,4904,0,75,10000,2032818205,01564eb60c2a93cc563f8ff39a703497ed73cae5616772f9a3e520c7c6d43b20,True,True
SPY,fz0_0p025,full,headline,range,har,-3.5549615266666459,0.64910000000000001,12,4904,0,75,10000,2032818205,01564eb60c2a93cc563f8ff39a703497ed73cae5616772f9a3e520c7c6d43b20,True,True
SPY,fz0_0p025,full,headline,range,lgbm,-3.4184459705814727,0.013100000000000001,4,4904,0,75,10000,2032818205,01564eb60c2a93cc563f8ff39a703497ed73cae5616772f9a3e520c7c6d43b20,False,False
SPY,fz0_0p025,full,headline,range,moirai,-3.5095192626726539,0.18990000000000001,7,4904,0,75,10000,2032818205,01564eb60c2a93cc563f8ff39a703497ed73cae5616772f9a3e520c7c6d43b20,True,False
SPY,fz0_0p025,full,headline,range,naive,-3.0383235526191834,0.013100000000000001,5,4904,0,75,10000,2032818205,01564eb60c2a93cc563f8ff39a703497ed73cae5616772f9a3e520c7c6d43b20,False,False
SPY,fz0_0p025,full,headline,range,patchtst,-3.112814457616746,0,1,4904,0,75,10000,2032818205,01564eb60c2a93cc563f8ff39a703497ed73cae5616772f9a3e520c7c6d43b20,False,False
SPY,fz0_0p025,full,headline,range,timesfm,-3.5206778746066889,0.18990000000000001,6,4904,0,75,10000,2032818205,01564eb60c2a93cc563f8ff39a703497ed73cae5616772f9a3e520c7c6d43b20,True,False
SPY,fz0_0p025,full,headline,semi_quadratic,autoarima,-3.5518262009908397,0.60829999999999995,11,4904,0,75,10000,1333319782,70768aeb8efb84d00f70cd6fb8c78a798ca8db3b725853a0fb2e441cbcc3bee9,True,True
SPY,fz0_0p025,full,headline,semi_quadratic,autoets,-3.5637683098606354,1,13,4904,0,75,10000,1333319782,70768aeb8efb84d00f70cd6fb8c78a798ca8db3b725853a0fb2e441cbcc3bee9,True,True
SPY,fz0_0p025,full,headline,semi_quadratic,chronos,-3.5256940352738328,0.33979999999999999,8,4904,0,75,10000,1333319782,70768aeb8efb84d00f70cd6fb8c78a798ca8db3b725853a0fb2e441cbcc3bee9,True,True
SPY,fz0_0p025,full,headline,semi_quadratic,ewma,-3.4060875511157409,0.00059999999999999995,2,4904,0,75,10000,1333319782,70768aeb8efb84d00f70cd6fb8c78a798ca8db3b725853a0fb2e441cbcc3bee9,False,False
SPY,fz0_0p025,full,headline,semi_quadratic,garch11,-3.485759290154137,0.0023,3,4904,0,75,10000,1333319782,70768aeb8efb84d00f70cd6fb8c78a798ca8db3b725853a0fb2e441cbcc3bee9,False,False
SPY,fz0_0p025,full,headline,semi_quadratic,garch11_t,-3.5360898345845841,0.56799999999999995,10,4904,0,75,10000,1333319782,70768aeb8efb84d00f70cd6fb8c78a798ca8db3b725853a0fb2e441cbcc3bee9,True,True
SPY,fz0_0p025,full,headline,semi_quadratic,gjr,-3.5218961815946903,0.4763,9,4904,0,75,10000,1333319782,70768aeb8efb84d00f70cd6fb8c78a798ca8db3b725853a0fb2e441cbcc3bee9,True,True
SPY,fz0_0p025,full,headline,semi_quadratic,har,-3.5549615266666459,0.60829999999999995,12,4904,0,75,10000,1333319782,70768aeb8efb84d00f70cd6fb8c78a798ca8db3b725853a0fb2e441cbcc3bee9,True,True
SPY,fz0_0p025,full,headline,semi_quadratic,lgbm,-3.4184459705814727,0.014800000000000001,5,4904,0,75,10000,1333319782,70768aeb8efb84d00f70cd6fb8c78a798ca8db3b725853a0fb2e441cbcc3bee9,False,False
SPY,fz0_0p025,full,headline,semi_quadratic,moirai,-3.5095192626726539,0.16539999999999999,7,4904,0,75,10000,1333319782,70768aeb8efb84d00f70cd6fb8c78a798ca8db3b725853a0fb2e441cbcc3bee9,True,False
SPY,fz0_0p025,full,headline,semi_quadratic,naive,-3.0383235526191834,0.0035000000000000001,4,4904,0,75,10000,1333319782,70768aeb8efb84d00f70cd6fb8c78a798ca8db3b725853a0fb2e441cbcc3bee9,False,False
SPY,fz0_0p025,full,headline,semi_quadratic,patchtst,-3.112814457616746,0.0001,1,4904,0,75,10000,1333319782,70768aeb8efb84d00f70cd6fb8c78a798ca8db3b725853a0fb2e441cbcc3bee9,False,False
SPY,fz0_0p025,full,headline,semi_quadratic,timesfm,-3.5206778746066889,0.13100000000000001,6,4904,0,75,10000,1333319782,70768aeb8efb84d00f70cd6fb8c78a798ca8db3b725853a0fb2e441cbcc3bee9,True,False
SPY,fz0_0p05,full,headline,range,autoarima,-3.7813428312334074,0.435,12,4904,0,76,10000,1722402042,36a184722466b0204de7756a265c1ef0e8462aeec48dfb709b87d5c86d8c0e17,True,True
SPY,fz0_0p05,full,headline,range,autoets,-3.7888782990194181,1,13,4904,0,76,10000,1722402042,36a184722466b0204de7756a265c1ef0e8462aeec48dfb709b87d5c86d8c0e17,True,True
SPY,fz0_0p05,full,headline,range,chronos,-3.7553300888111787,0.13120000000000001,8,4904,0,76,10000,1722402042,36a184722466b0204de7756a265c1ef0e8462aeec48dfb709b87d5c86d8c0e17,True,False
SPY,fz0_0p05,full,headline,range,ewma,-3.6774537443604998,0.00020000000000000001,2,4904,0,76,10000,1722402042,36a184722466b0204de7756a265c1ef0e8462aeec48dfb709b87d5c86d8c0e17,False,False
SPY,fz0_0p05,full,headline,range,garch11,-3.7231467320776042,0.0030999999999999999,5,4904,0,76,10000,1722402042,36a184722466b0204de7756a265c1ef0e8462aeec48dfb709b87d5c86d8c0e17,False,False
SPY,fz0_0p05,full,headline,range,garch11_t,-3.7383879168860417,0.027099999999999999,6,4904,0,76,10000,1722402042,36a184722466b0204de7756a265c1ef0e8462aeec48dfb709b87d5c86d8c0e17,False,False
SPY,fz0_0p05,full,headline,range,gjr,-3.7530252216495876,0.2215,10,4904,0,76,10000,1722402042,36a184722466b0204de7756a265c1ef0e8462aeec48dfb709b87d5c86d8c0e17,True,False
SPY,fz0_0p05,full,headline,range,har,-3.7780939847123043,0.435,11,4904,0,76,10000,1722402042,36a184722466b0204de7756a265c1ef0e8462aeec48dfb709b87d5c86d8c0e17,True,True
SPY,fz0_0p05,full,headline,range,lgbm,-3.6673527130452972,0.0019,4,4904,0,76,10000,1722402042,36a184722466b0204de7756a265c1ef0e8462aeec48dfb709b87d5c86d8c0e17,False,False
SPY,fz0_0p05,full,headline,range,moirai,-3.7568098340473273,0.2215,9,4904,0,76,10000,1722402042,36a184722466b0204de7756a265c1ef0e8462aeec48dfb709b87d5c86d8c0e17,True,False
SPY,fz0_0p05,full,headline,range,naive,-3.4072737449340913,0.0016999999999999999,3,4904,0,76,10000,1722402042,36a184722466b0204de7756a265c1ef0e8462aeec48dfb709b87d5c86d8c0e17,False,False
SPY,fz0_0p05,full,headline,range,patchtst,-3.5068370136477847,0,1,4904,0,76,10000,1722402042,36a184722466b0204de7756a265c1ef0e8462aeec48dfb709b87d5c86d8c0e17,False,False
SPY,fz0_0p05,full,headline,range,timesfm,-3.7467447410314341,0.027099999999999999,7,4904,0,76,10000,1722402042,36a184722466b0204de7756a265c1ef0e8462aeec48dfb709b87d5c86d8c0e17,False,False
SPY,fz0_0p05,full,headline,semi_quadratic,autoarima,-3.7813428312334074,0.34029999999999999,12,4904,0,76,10000,1571235367,eb4f98595c1e0de648646b39ba34c9fc547c82aa498fd636d5aaab72b5c5d7b9,True,True
SPY,fz0_0p05,full,headline,semi_quadratic,autoets,-3.7888782990194181,1,13,4904,0,76,10000,1571235367,eb4f98595c1e0de648646b39ba34c9fc547c82aa498fd636d5aaab72b5c5d7b9,True,True
SPY,fz0_0p05,full,headline,semi_quadratic,chronos,-3.7553300888111787,0.044900000000000002,8,4904,0,76,10000,1571235367,eb4f98595c1e0de648646b39ba34c9fc547c82aa498fd636d5aaab72b5c5d7b9,False,False
SPY,fz0_0p05,full,headline,semi_quadratic,ewma,-3.6774537443604998,0.0001,2,4904,0,76,10000,1571235367,eb4f98595c1e0de648646b39ba34c9fc547c82aa498fd636d5aaab72b5c5d7b9,False,False
SPY,fz0_0p05,full,headline,semi_quadratic,garch11,-3.7231467320776042,0.0011999999999999999,5,4904,0,76,10000,1571235367,eb4f98595c1e0de648646b39ba34c9fc547c82aa498fd636d5aaab72b5c5d7b9,False,False
SPY,fz0_0p05,full,headline,semi_quadratic,garch11_t,-3.7383879168860417,0.0064999999999999997,6,4904,0,76,10000,1571235367,eb4f98595c1e0de648646b39ba34c9fc547c82aa498fd636d5aaab72b5c5d7b9,False,False
SPY,fz0_0p05,full,headline,semi_quadratic,gjr,-3.7530252216495876,0.12720000000000001,10,4904,0,76,10000,1571235367,eb4f98595c1e0de648646b39ba34c9fc547c82aa498fd636d5aaab72b5c5d7b9,True,False
SPY,fz0_0p05,full,headline,semi_quadratic,har,-3.7780939847123043,0.34029999999999999,11,4904,0,76,10000,1571235367,eb4f98595c1e0de648646b39ba34c9fc547c82aa498fd636d5aaab72b5c5d7b9,True,True
SPY,fz0_0p05,full,headline,semi_quadratic,lgbm,-3.6673527130452972,0.00020000000000000001,4,4904,0,76,10000,1571235367,eb4f98595c1e0de648646b39ba34c9fc547c82aa498fd636d5aaab72b5c5d7b9,False,False
SPY,fz0_0p05,full,headline,semi_quadratic,moirai,-3.7568098340473273,0.083799999999999999,9,4904,0,76,10000,1571235367,eb4f98595c1e0de648646b39ba34c9fc547c82aa498fd636d5aaab72b5c5d7b9,False,False
SPY,fz0_0p05,full,headline,semi_quadratic,naive,-3.4072737449340913,0.0001,3,4904,0,76,10000,1571235367,eb4f98595c1e0de648646b39ba34c9fc547c82aa498fd636d5aaab72b5c5d7b9,False,False
SPY,fz0_0p05,full,headline,semi_quadratic,patchtst,-3.5068370136477847,0,1,4904,0,76,10000,1571235367,eb4f98595c1e0de648646b39ba34c9fc547c82aa498fd636d5aaab72b5c5d7b9,False,False
SPY,fz0_0p05,full,headline,semi_quadratic,timesfm,-3.7467447410314341,0.012800000000000001,7,4904,0,76,10000,1571235367,eb4f98595c1e0de648646b39ba34c9fc547c82aa498fd636d5aaab72b5c5d7b9,False,False
SPY,fz0_avg,full,headline,range,autoarima,-3.5183292104641839,0.79669999999999996,10,4904,0,74,10000,1198039672,c4226a0859cfced2e9a17829e68e66ebd43ecfc473046f0b44c1633143404b58,True,True
SPY,fz0_avg,full,headline,range,autoets,-3.5299725253308347,1,13,4904,0,74,10000,1198039672,c4226a0859cfced2e9a17829e68e66ebd43ecfc473046f0b44c1633143404b58,True,True
SPY,fz0_avg,full,headline,range,chronos,-3.4867453006568767,0.29160000000000003,8,4904,0,74,10000,1198039672,c4226a0859cfced2e9a17829e68e66ebd43ecfc473046f0b44c1633143404b58,True,True
SPY,fz0_avg,full,headline,range,ewma,-3.3480335399114471,0.00050000000000000001,2,4904,0,74,10000,1198039672,c4226a0859cfced2e9a17829e68e66ebd43ecfc473046f0b44c1633143404b58,False,False
SPY,fz0_avg,full,headline,range,garch11,-3.446168331986784,0.0023999999999999998,3,4904,0,74,10000,1198039672,c4226a0859cfced2e9a17829e68e66ebd43ecfc473046f0b44c1633143404b58,False,False
SPY,fz0_avg,full,headline,range,garch11_t,-3.520817311575593,0.93959999999999999,11,4904,0,74,10000,1198039672,c4226a0859cfced2e9a17829e68e66ebd43ecfc473046f0b44c1633143404b58,True,True
SPY,fz0_avg,full,headline,range,gjr,-3.4844456393852585,0.63349999999999995,9,4904,0,74,10000,1198039672,c4226a0859cfced2e9a17829e68e66ebd43ecfc473046f0b44c1633143404b58,True,True
SPY,fz0_avg,full,headline,range,har,-3.5261243340187542,0.93959999999999999,12,4904,0,74,10000,1198039672,c4226a0859cfced2e9a17829e68e66ebd43ecfc473046f0b44c1633143404b58,True,True
SPY,fz0_avg,full,headline,range,lgbm,-3.3785631323244218,0.0276,5,4904,0,74,10000,1198039672,c4226a0859cfced2e9a17829e68e66ebd43ecfc473046f0b44c1633143404b58,False,False
SPY,fz0_avg,full,headline,range,moirai,-3.4674316456505512,0.098100000000000007,6,4904,0,74,10000,1198039672,c4226a0859cfced2e9a17829e68e66ebd43ecfc473046f0b44c1633143404b58,False,False
SPY,fz0_avg,full,headline,range,naive,-2.9405124522372592,0.023099999999999999,4,4904,0,74,10000,1198039672,c4226a0859cfced2e9a17829e68e66ebd43ecfc473046f0b44c1633143404b58,False,False
SPY,fz0_avg,full,headline,range,patchtst,-3.005131412919019,0,1,4904,0,74,10000,1198039672,c4226a0859cfced2e9a17829e68e66ebd43ecfc473046f0b44c1633143404b58,False,False
SPY,fz0_avg,full,headline,range,timesfm,-3.4828814766746912,0.1186,7,4904,0,74,10000,1198039672,c4226a0859cfced2e9a17829e68e66ebd43ecfc473046f0b44c1633143404b58,True,False
SPY,fz0_avg,full,headline,semi_quadratic,autoarima,-3.5183292104641839,0.84689999999999999,10,4904,0,74,10000,95119211,b96b1a92fd83060e5b2eb76f4c0ceb5c517e4f46146bb25427dfd9c6ff1f2b2f,True,True
SPY,fz0_avg,full,headline,semi_quadratic,autoets,-3.5299725253308347,1,13,4904,0,74,10000,95119211,b96b1a92fd83060e5b2eb76f4c0ceb5c517e4f46146bb25427dfd9c6ff1f2b2f,True,True
SPY,fz0_avg,full,headline,semi_quadratic,chronos,-3.4867453006568767,0.3019,8,4904,0,74,10000,95119211,b96b1a92fd83060e5b2eb76f4c0ceb5c517e4f46146bb25427dfd9c6ff1f2b2f,True,True
SPY,fz0_avg,full,headline,semi_quadratic,ewma,-3.3480335399114471,0.00089999999999999998,2,4904,0,74,10000,95119211,b96b1a92fd83060e5b2eb76f4c0ceb5c517e4f46146bb25427dfd9c6ff1f2b2f,False,False
SPY,fz0_avg,full,headline,semi_quadratic,garch11,-3.446168331986784,0.0032000000000000002,3,4904,0,74,10000,95119211,b96b1a92fd83060e5b2eb76f4c0ceb5c517e4f46146bb25427dfd9c6ff1f2b2f,False,False
SPY,fz0_avg,full,headline,semi_quadratic,garch11_t,-3.520817311575593,0.93120000000000003,11,4904,0,74,10000,95119211,b96b1a92fd83060e5b2eb76f4c0ceb5c517e4f46146bb25427dfd9c6ff1f2b2f,True,True
SPY,fz0_avg,full,headline,semi_quadratic,gjr,-3.4844456393852585,0.53039999999999998,9,4904,0,74,10000,95119211,b96b1a92fd83060e5b2eb76f4c0ceb5c517e4f46146bb25427dfd9c6ff1f2b2f,True,True
SPY,fz0_avg,full,headline,semi_quadratic,har,-3.5261243340187542,0.93120000000000003,12,4904,0,74,10000,95119211,b96b1a92fd83060e5b2eb76f4c0ceb5c517e4f46146bb25427dfd9c6ff1f2b2f,True,True
SPY,fz0_avg,full,headline,semi_quadratic,lgbm,-3.3785631323244218,0.016899999999999998,5,4904,0,74,10000,95119211,b96b1a92fd83060e5b2eb76f4c0ceb5c517e4f46146bb25427dfd9c6ff1f2b2f,False,False
SPY,fz0_avg,full,headline,semi_quadratic,moirai,-3.4674316456505512,0.085099999999999995,6,4904,0,74,10000,95119211,b96b1a92fd83060e5b2eb76f4c0ceb5c517e4f46146bb25427dfd9c6ff1f2b2f,False,False
SPY,fz0_avg,full,headline,semi_quadratic,naive,-2.9405124522372592,0.0047999999999999996,4,4904,0,74,10000,95119211,b96b1a92fd83060e5b2eb76f4c0ceb5c517e4f46146bb25427dfd9c6ff1f2b2f,False,False
SPY,fz0_avg,full,headline,semi_quadratic,patchtst,-3.005131412919019,0.0001,1,4904,0,74,10000,95119211,b96b1a92fd83060e5b2eb76f4c0ceb5c517e4f46146bb25427dfd9c6ff1f2b2f,False,False
SPY,fz0_avg,full,headline,semi_quadratic,timesfm,-3.4828814766746912,0.16700000000000001,7,4904,0,74,10000,95119211,b96b1a92fd83060e5b2eb76f4c0ceb5c517e4f46146bb25427dfd9c6ff1f2b2f,True,False
SPY,qlike_ex_near_zero,full,headline,range,autoarima,0.45769697060813319,0.2203,11,4904,0,76,10000,1670275855,fa309ff884736bb59b25b331da545eb806992ad923d1195e5e277e59b1b315f6,True,False
SPY,qlike_ex_near_zero,full,headline,range,autoets,0.45100208355622717,1,13,4904,0,76,10000,1670275855,fa309ff884736bb59b25b331da545eb806992ad923d1195e5e277e59b1b315f6,True,True
SPY,qlike_ex_near_zero,full,headline,range,chronos,0.47936006978566809,0.038199999999999998,6,4904,0,76,10000,1670275855,fa309ff884736bb59b25b331da545eb806992ad923d1195e5e277e59b1b315f6,False,False
SPY,qlike_ex_near_zero,full,headline,range,ewma,0.52220815623243,0.0015,4,4904,0,76,10000,1670275855,fa309ff884736bb59b25b331da545eb806992ad923d1195e5e277e59b1b315f6,False,False
SPY,qlike_ex_near_zero,full,headline,range,garch11,0.49488617074794711,0.059499999999999997,7,4904,0,76,10000,1670275855,fa309ff884736bb59b25b331da545eb806992ad923d1195e5e277e59b1b315f6,False,False
SPY,qlike_ex_near_zero,full,headline,range,garch11_t,0.48068464798127253,0.10100000000000001,8,4904,0,76,10000,1670275855,fa309ff884736bb59b25b331da545eb806992ad923d1195e5e277e59b1b315f6,True,False
SPY,qlike_ex_near_zero,full,headline,range,gjr,0.45117430312210327,0.99150000000000005,12,4904,0,76,10000,1670275855,fa309ff884736bb59b25b331da545eb806992ad923d1195e5e277e59b1b315f6,True,True
SPY,qlike_ex_near_zero,full,headline,range,har,0.46235509592457363,0.11119999999999999,9,4904,0,76,10000,1670275855,fa309ff884736bb59b25b331da545eb806992ad923d1195e5e277e59b1b315f6,True,False
SPY,qlike_ex_near_zero,full,headline,range,lgbm,0.62846982085101821,0,2,4904,0,76,10000,1670275855,fa309ff884736bb59b25b331da545eb806992ad923d1195e5e277e59b1b315f6,False,False
SPY,qlike_ex_near_zero,full,headline,range,moirai,0.47173888977994477,0.1449,10,4904,0,76,10000,1670275855,fa309ff884736bb59b25b331da545eb806992ad923d1195e5e277e59b1b315f6,True,False
SPY,qlike_ex_near_zero,full,headline,range,naive,1.0097103873549591,0.0014,3,4904,0,76,10000,1670275855,fa309ff884736bb59b25b331da545eb806992ad923d1195e5e277e59b1b315f6,False,False
SPY,qlike_ex_near_zero,full,headline,range,patchtst,0.82206710818865314,0,1,4904,0,76,10000,1670275855,fa309ff884736bb59b25b331da545eb806992ad923d1195e5e277e59b1b315f6,False,False
SPY,qlike_ex_near_zero,full,headline,range,timesfm,0.48235308114319481,0.019900000000000001,5,4904,0,76,10000,1670275855,fa309ff884736bb59b25b331da545eb806992ad923d1195e5e277e59b1b315f6,False,False
SPY,qlike_ex_near_zero,full,headline,semi_quadratic,autoarima,0.45769697060813319,0.40060000000000001,11,4904,0,76,10000,2106244965,4c0f95163975d9b08a047f3e29a2453b226829ad6db12f26f2503c271e47723b,True,True
SPY,qlike_ex_near_zero,full,headline,semi_quadratic,autoets,0.45100208355622717,1,13,4904,0,76,10000,2106244965,4c0f95163975d9b08a047f3e29a2453b226829ad6db12f26f2503c271e47723b,True,True
SPY,qlike_ex_near_zero,full,headline,semi_quadratic,chronos,0.47936006978566809,0.020299999999999999,6,4904,0,76,10000,2106244965,4c0f95163975d9b08a047f3e29a2453b226829ad6db12f26f2503c271e47723b,False,False
SPY,qlike_ex_near_zero,full,headline,semi_quadratic,ewma,0.52220815623243,0.0016999999999999999,4,4904,0,76,10000,2106244965,4c0f95163975d9b08a047f3e29a2453b226829ad6db12f26f2503c271e47723b,False,False
SPY,qlike_ex_near_zero,full,headline,semi_quadratic,garch11,0.49488617074794711,0.0276,7,4904,0,76,10000,2106244965,4c0f95163975d9b08a047f3e29a2453b226829ad6db12f26f2503c271e47723b,False,False
SPY,qlike_ex_near_zero,full,headline,semi_quadratic,garch11_t,0.48068464798127253,0.058900000000000001,8,4904,0,76,10000,2106244965,4c0f95163975d9b08a047f3e29a2453b226829ad6db12f26f2503c271e47723b,False,False
SPY,qlike_ex_near_zero,full,headline,semi_quadratic,gjr,0.45117430312210327,0.99209999999999998,12,4904,0,76,10000,2106244965,4c0f95163975d9b08a047f3e29a2453b226829ad6db12f26f2503c271e47723b,True,True
SPY,qlike_ex_near_zero,full,headline,semi_quadratic,har,0.46235509592457363,0.1226,9,4904,0,76,10000,2106244965,4c0f95163975d9b08a047f3e29a2453b226829ad6db12f26f2503c271e47723b,True,False
SPY,qlike_ex_near_zero,full,headline,semi_quadratic,lgbm,0.62846982085101821,0,2,4904,0,76,10000,2106244965,4c0f95163975d9b08a047f3e29a2453b226829ad6db12f26f2503c271e47723b,False,False
SPY,qlike_ex_near_zero,full,headline,semi_quadratic,moirai,0.47173888977994477,0.154,10,4904,0,76,10000,2106244965,4c0f95163975d9b08a047f3e29a2453b226829ad6db12f26f2503c271e47723b,True,False
SPY,qlike_ex_near_zero,full,headline,semi_quadratic,naive,1.0097103873549591,0.0001,3,4904,0,76,10000,2106244965,4c0f95163975d9b08a047f3e29a2453b226829ad6db12f26f2503c271e47723b,False,False
SPY,qlike_ex_near_zero,full,headline,semi_quadratic,patchtst,0.82206710818865314,0,1,4904,0,76,10000,2106244965,4c0f95163975d9b08a047f3e29a2453b226829ad6db12f26f2503c271e47723b,False,False
SPY,qlike_ex_near_zero,full,headline,semi_quadratic,timesfm,0.48235308114319481,0.0135,5,4904,0,76,10000,2106244965,4c0f95163975d9b08a047f3e29a2453b226829ad6db12f26f2503c271e47723b,False,False
TWSE,crps,full,headline,range,autoarima,0.0061350854189782256,0.26540000000000002,9,4801,0,144,10000,1474393794,57ac09eb8377f161b7611571d60f51ab67e47555991c7e0ebe1c9a2681d6ba49,True,True
TWSE,crps,full,headline,range,autoets,0.0061273422146929492,0.35399999999999998,12,4801,0,144,10000,1474393794,57ac09eb8377f161b7611571d60f51ab67e47555991c7e0ebe1c9a2681d6ba49,True,True
TWSE,crps,full,headline,range,chronos,0.0061431116762698584,0.22559999999999999,7,4801,0,144,10000,1474393794,57ac09eb8377f161b7611571d60f51ab67e47555991c7e0ebe1c9a2681d6ba49,True,False
TWSE,crps,full,headline,range,ewma,0.0061456764554382558,0.1716,6,4801,0,144,10000,1474393794,57ac09eb8377f161b7611571d60f51ab67e47555991c7e0ebe1c9a2681d6ba49,True,False
TWSE,crps,full,headline,range,garch11,0.0061472194361495468,0.0041999999999999997,3,4801,0,144,10000,1474393794,57ac09eb8377f161b7611571d60f51ab67e47555991c7e0ebe1c9a2681d6ba49,False,False
TWSE,crps,full,headline,range,garch11_t,0.0061313435301473592,0.26540000000000002,8,4801,0,144,10000,1474393794,57ac09eb8377f161b7611571d60f51ab67e47555991c7e0ebe1c9a2681d6ba49,True,True
TWSE,crps,full,headline,range,gjr,0.0061117183105202592,1,13,4801,0,144,10000,1474393794,57ac09eb8377f161b7611571d60f51ab67e47555991c7e0ebe1c9a2681d6ba49,True,True
TWSE,crps,full,headline,range,har,0.0061332990529409286,0.35399999999999998,11,4801,0,144,10000,1474393794,57ac09eb8377f161b7611571d60f51ab67e47555991c7e0ebe1c9a2681d6ba49,True,True
TWSE,crps,full,headline,range,lgbm,0.0061759692887306738,0.0327,4,4801,0,144,10000,1474393794,57ac09eb8377f161b7611571d60f51ab67e47555991c7e0ebe1c9a2681d6ba49,False,False
TWSE,crps,full,headline,range,moirai,0.0061387923673849034,0.26540000000000002,10,4801,0,144,10000,1474393794,57ac09eb8377f161b7611571d60f51ab67e47555991c7e0ebe1c9a2681d6ba49,True,True
TWSE,crps,full,headline,range,naive,0.0062591024805820549,0.00040000000000000002,2,4801,0,144,10000,1474393794,57ac09eb8377f161b7611571d60f51ab67e47555991c7e0ebe1c9a2681d6ba49,False,False
TWSE,crps,full,headline,range,patchtst,0.0062276265959896309,0,1,4801,0,144,10000,1474393794,57ac09eb8377f161b7611571d60f51ab67e47555991c7e0ebe1c9a2681d6ba49,False,False
TWSE,crps,full,headline,range,timesfm,0.0061498374214666298,0.0722,5,4801,0,144,10000,1474393794,57ac09eb8377f161b7611571d60f51ab67e47555991c7e0ebe1c9a2681d6ba49,False,False
TWSE,crps,full,headline,semi_quadratic,autoarima,0.0061350854189782256,0.2286,9,4801,0,144,10000,1172960007,62734b9eef5d14a2ea40928b9d179f11fe4544c74fd5c4129b2f13c38d2428a4,True,False
TWSE,crps,full,headline,semi_quadratic,autoets,0.0061273422146929492,0.33029999999999998,12,4801,0,144,10000,1172960007,62734b9eef5d14a2ea40928b9d179f11fe4544c74fd5c4129b2f13c38d2428a4,True,True
TWSE,crps,full,headline,semi_quadratic,chronos,0.0061431116762698584,0.17050000000000001,7,4801,0,144,10000,1172960007,62734b9eef5d14a2ea40928b9d179f11fe4544c74fd5c4129b2f13c38d2428a4,True,False
TWSE,crps,full,headline,semi_quadratic,ewma,0.0061456764554382558,0.14760000000000001,6,4801,0,144,10000,1172960007,62734b9eef5d14a2ea40928b9d179f11fe4544c74fd5c4129b2f13c38d2428a4,True,False
TWSE,crps,full,headline,semi_quadratic,garch11,0.0061472194361495468,0.0207,3,4801,0,144,10000,1172960007,62734b9eef5d14a2ea40928b9d179f11fe4544c74fd5c4129b2f13c38d2428a4,False,False
TWSE,crps,full,headline,semi_quadratic,garch11_t,0.0061313435301473592,0.2286,8,4801,0,144,10000,1172960007,62734b9eef5d14a2ea40928b9d179f11fe4544c74fd5c4129b2f13c38d2428a4,True,False
TWSE,crps,full,headline,semi_quadratic,gjr,0.0061117183105202592,1,13,4801,0,144,10000,1172960007,62734b9eef5d14a2ea40928b9d179f11fe4544c74fd5c4129b2f13c38d2428a4,True,True
TWSE,crps,full,headline,semi_quadratic,har,0.0061332990529409286,0.27989999999999998,11,4801,0,144,10000,1172960007,62734b9eef5d14a2ea40928b9d179f11fe4544c74fd5c4129b2f13c38d2428a4,True,True
TWSE,crps,full,headline,semi_quadratic,lgbm,0.0061759692887306738,0.021700000000000001,4,4801,0,144,10000,1172960007,62734b9eef5d14a2ea40928b9d179f11fe4544c74fd5c4129b2f13c38d2428a4,False,False
TWSE,crps,full,headline,semi_quadratic,moirai,0.0061387923673849034,0.2286,10,4801,0,144,10000,1172960007,62734b9eef5d14a2ea40928b9d179f11fe4544c74fd5c4129b2f13c38d2428a4,True,False
TWSE,crps,full,headline,semi_quadratic,naive,0.0062591024805820549,0.00050000000000000001,2,4801,0,144,10000,1172960007,62734b9eef5d14a2ea40928b9d179f11fe4544c74fd5c4129b2f13c38d2428a4,False,False
TWSE,crps,full,headline,semi_quadratic,patchtst,0.0062276265959896309,0,1,4801,0,144,10000,1172960007,62734b9eef5d14a2ea40928b9d179f11fe4544c74fd5c4129b2f13c38d2428a4,False,False
TWSE,crps,full,headline,semi_quadratic,timesfm,0.0061498374214666298,0.069900000000000004,5,4801,0,144,10000,1172960007,62734b9eef5d14a2ea40928b9d179f11fe4544c74fd5c4129b2f13c38d2428a4,False,False
TWSE,log_score,full,headline,range,autoarima,-3.0891836434016753,0.0086999999999999994,9,4801,0,39,10000,1388315030,adc9756ff8837fe991eae97345a8aefa08e66f26b88086f2678873ddf0e6034c,False,False
TWSE,log_score,full,headline,range,autoets,-3.0992079469414158,0.0101,11,4801,0,39,10000,1388315030,adc9756ff8837fe991eae97345a8aefa08e66f26b88086f2678873ddf0e6034c,False,False
TWSE,log_score,full,headline,range,chronos,-3.0579527421763295,0.0076,7,4801,0,39,10000,1388315030,adc9756ff8837fe991eae97345a8aefa08e66f26b88086f2678873ddf0e6034c,False,False
TWSE,log_score,full,headline,range,ewma,-3.1202306611602735,0.0076,6,4801,0,39,10000,1388315030,adc9756ff8837fe991eae97345a8aefa08e66f26b88086f2678873ddf0e6034c,False,False
TWSE,log_score,full,headline,range,garch11,-3.1209292222259806,0.0019,2,4801,0,39,10000,1388315030,adc9756ff8837fe991eae97345a8aefa08e66f26b88086f2678873ddf0e6034c,False,False
TWSE,log_score,full,headline,range,garch11_t,-3.1579792787307754,1,13,4801,0,39,10000,1388315030,adc9756ff8837fe991eae97345a8aefa08e66f26b88086f2678873ddf0e6034c,True,True
TWSE,log_score,full,headline,range,gjr,-3.1406828573428371,0.025399999999999999,12,4801,0,39,10000,1388315030,adc9756ff8837fe991eae97345a8aefa08e66f26b88086f2678873ddf0e6034c,False,False
TWSE,log_score,full,headline,range,har,-3.097473114825712,0.0086999999999999994,10,4801,0,39,10000,1388315030,adc9756ff8837fe991eae97345a8aefa08e66f26b88086f2678873ddf0e6034c,False,False
TWSE,log_score,full,headline,range,lgbm,-3.0676989307904541,0.0047000000000000002,4,4801,0,39,10000,1388315030,adc9756ff8837fe991eae97345a8aefa08e66f26b88086f2678873ddf0e6034c,False,False
TWSE,log_score,full,headline,range,moirai,-3.0670111920666181,0.0076,8,4801,0,39,10000,1388315030,adc9756ff8837fe991eae97345a8aefa08e66f26b88086f2678873ddf0e6034c,False,False
TWSE,log_score,full,headline,range,naive,-3.0286705124934117,0.0001,1,4801,0,39,10000,1388315030,adc9756ff8837fe991eae97345a8aefa08e66f26b88086f2678873ddf0e6034c,False,False
TWSE,log_score,full,headline,range,patchtst,-2.914592988193935,0.0047000000000000002,3,4801,0,39,10000,1388315030,adc9756ff8837fe991eae97345a8aefa08e66f26b88086f2678873ddf0e6034c,False,False
TWSE,log_score,full,headline,range,timesfm,-3.067311618383866,0.0076,5,4801,0,39,10000,1388315030,adc9756ff8837fe991eae97345a8aefa08e66f26b88086f2678873ddf0e6034c,False,False
TWSE,log_score,full,headline,semi_quadratic,autoarima,-3.0891836434016753,0.0030000000000000001,9,4801,0,39,10000,596560313,d78d7872fa21d371bf874bfe947f673a9b60b6cf81c0206d67a2dafdf9c09c83,False,False
TWSE,log_score,full,headline,semi_quadratic,autoets,-3.0992079469414158,0.0045999999999999999,11,4801,0,39,10000,596560313,d78d7872fa21d371bf874bfe947f673a9b60b6cf81c0206d67a2dafdf9c09c83,False,False
TWSE,log_score,full,headline,semi_quadratic,chronos,-3.0579527421763295,0.0015,6,4801,0,39,10000,596560313,d78d7872fa21d371bf874bfe947f673a9b60b6cf81c0206d67a2dafdf9c09c83,False,False
TWSE,log_score,full,headline,semi_quadratic,ewma,-3.1202306611602735,0.0030000000000000001,8,4801,0,39,10000,596560313,d78d7872fa21d371bf874bfe947f673a9b60b6cf81c0206d67a2dafdf9c09c83,False,False
TWSE,log_score,full,headline,semi_quadratic,garch11,-3.1209292222259806,0.00059999999999999995,2,4801,0,39,10000,596560313,d78d7872fa21d371bf874bfe947f673a9b60b6cf81c0206d67a2dafdf9c09c83,False,False
TWSE,log_score,full,headline,semi_quadratic,garch11_t,-3.1579792787307754,1,13,4801,0,39,10000,596560313,d78d7872fa21d371bf874bfe947f673a9b60b6cf81c0206d67a2dafdf9c09c83,True,True
TWSE,log_score,full,headline,semi_quadratic,gjr,-3.1406828573428371,0.027199999999999998,12,4801,0,39,10000,596560313,d78d7872fa21d371bf874bfe947f673a9b60b6cf81c0206d67a2dafdf9c09c83,False,False
TWSE,log_score,full,headline,semi_quadratic,har,-3.097473114825712,0.0035999999999999999,10,4801,0,39,10000,596560313,d78d7872fa21d371bf874bfe947f673a9b60b6cf81c0206d67a2dafdf9c09c83,False,False
TWSE,log_score,full,headline,semi_quadratic,lgbm,-3.0676989307904541,0.0011999999999999999,4,4801,0,39,10000,596560313,d78d7872fa21d371bf874bfe947f673a9b60b6cf81c0206d67a2dafdf9c09c83,False,False
TWSE,log_score,full,headline,semi_quadratic,moirai,-3.0670111920666181,0.0016999999999999999,7,4801,0,39,10000,596560313,d78d7872fa21d371bf874bfe947f673a9b60b6cf81c0206d67a2dafdf9c09c83,False,False
TWSE,log_score,full,headline,semi_quadratic,naive,-3.0286705124934117,0.0001,1,4801,0,39,10000,596560313,d78d7872fa21d371bf874bfe947f673a9b60b6cf81c0206d67a2dafdf9c09c83,False,False
TWSE,log_score,full,headline,semi_quadratic,patchtst,-2.914592988193935,0.00059999999999999995,3,4801,0,39,10000,596560313,d78d7872fa21d371bf874bfe947f673a9b60b6cf81c0206d67a2dafdf9c09c83,False,False
TWSE,log_score,full,headline,semi_quadratic,timesfm,-3.067311618383866,0.0014,5,4801,0,39,10000,596560313,d78d7872fa21d371bf874bfe947f673a9b60b6cf81c0206d67a2dafdf9c09c83,False,False
TWSE,pinball_0p01,full,headline,range,autoarima,0.00051164118505358017,0.0083999999999999995,6,4801,0,40,10000,1476105722,d8a0ef71974d03ee58862b1866667e60f2274a20e7b9080fe786e3f9bb110c90,False,False
TWSE,pinball_0p01,full,headline,range,autoets,0.00049670486213573037,0.014500000000000001,9,4801,0,40,10000,1476105722,d8a0ef71974d03ee58862b1866667e60f2274a20e7b9080fe786e3f9bb110c90,False,False
TWSE,pinball_0p01,full,headline,range,chronos,0.0005238538173207649,0.0079000000000000008,3,4801,0,40,10000,1476105722,d8a0ef71974d03ee58862b1866667e60f2274a20e7b9080fe786e3f9bb110c90,False,False
TWSE,pinball_0p01,full,headline,range,ewma,0.00045946570015626765,0.078299999999999995,11,4801,0,40,10000,1476105722,d8a0ef71974d03ee58862b1866667e60f2274a20e7b9080fe786e3f9bb110c90,False,False
TWSE,pinball_0p01,full,headline,range,garch11,0.00046413851971519152,0.014500000000000001,8,4801,0,40,10000,1476105722,d8a0ef71974d03ee58862b1866667e60f2274a20e7b9080fe786e3f9bb110c90,False,False
TWSE,pinball_0p01,full,headline,range,garch11_t,0.00044208962425911879,1,13,4801,0,40,10000,1476105722,d8a0ef71974d03ee58862b1866667e60f2274a20e7b9080fe786e3f9bb110c90,True,True
TWSE,pinball_0p01,full,headline,range,gjr,0.00044425726214012443,0.79830000000000001,12,4801,0,40,10000,1476105722,d8a0ef71974d03ee58862b1866667e60f2274a20e7b9080fe786e3f9bb110c90,True,True
TWSE,pinball_0p01,full,headline,range,har,0.00049883641833199589,0.0080999999999999996,5,4801,0,40,10000,1476105722,d8a0ef71974d03ee58862b1866667e60f2274a20e7b9080fe786e3f9bb110c90,False,False
TWSE,pinball_0p01,full,headline,range,lgbm,0.00050211331046909813,0.051900000000000002,10,4801,0,40,10000,1476105722,d8a0ef71974d03ee58862b1866667e60f2274a20e7b9080fe786e3f9bb110c90,False,False
TWSE,pinball_0p01,full,headline,range,moirai,0.00051854124825909727,0.0079000000000000008,4,4801,0,40,10000,1476105722,d8a0ef71974d03ee58862b1866667e60f2274a20e7b9080fe786e3f9bb110c90,False,False
TWSE,pinball_0p01,full,headline,range,naive,0.00053596747745972176,0.0124,7,4801,0,40,10000,1476105722,d8a0ef71974d03ee58862b1866667e60f2274a20e7b9080fe786e3f9bb110c90,False,False
TWSE,pinball_0p01,full,headline,range,patchtst,0.00059731469247149165,0.0030999999999999999,1,4801,0,40,10000,1476105722,d8a0ef71974d03ee58862b1866667e60f2274a20e7b9080fe786e3f9bb110c90,False,False
TWSE,pinball_0p01,full,headline,range,timesfm,0.00051821356080911302,0.0038999999999999998,2,4801,0,40,10000,1476105722,d8a0ef71974d03ee58862b1866667e60f2274a20e7b9080fe786e3f9bb110c90,False,False
TWSE,pinball_0p01,full,headline,semi_quadratic,autoarima,0.00051164118505358017,0.0033999999999999998,6,4801,0,40,10000,1636768105,100ed2427c9d091faca84d889ddbac57b4aadbc869187136617754bdf6d7639c,False,False
TWSE,pinball_0p01,full,headline,semi_quadratic,autoets,0.00049670486213573037,0.013299999999999999,9,4801,0,40,10000,1636768105,100ed2427c9d091faca84d889ddbac57b4aadbc869187136617754bdf6d7639c,False,False
TWSE,pinball_0p01,full,headline,semi_quadratic,chronos,0.0005238538173207649,0.0020999999999999999,3,4801,0,40,10000,1636768105,100ed2427c9d091faca84d889ddbac57b4aadbc869187136617754bdf6d7639c,False,False
TWSE,pinball_0p01,full,headline,semi_quadratic,ewma,0.00045946570015626765,0.092399999999999996,11,4801,0,40,10000,1636768105,100ed2427c9d091faca84d889ddbac57b4aadbc869187136617754bdf6d7639c,False,False
TWSE,pinball_0p01,full,headline,semi_quadratic,garch11,0.00046413851971519152,0.011599999999999999,8,4801,0,40,10000,1636768105,100ed2427c9d091faca84d889ddbac57b4aadbc869187136617754bdf6d7639c,False,False
TWSE,pinball_0p01,full,headline,semi_quadratic,garch11_t,0.00044208962425911879,1,13,4801,0,40,10000,1636768105,100ed2427c9d091faca84d889ddbac57b4aadbc869187136617754bdf6d7639c,True,True
TWSE,pinball_0p01,full,headline,semi_quadratic,gjr,0.00044425726214012443,0.78800000000000003,12,4801,0,40,10000,1636768105,100ed2427c9d091faca84d889ddbac57b4aadbc869187136617754bdf6d7639c,True,True
TWSE,pinball_0p01,full,headline,semi_quadratic,har,0.00049883641833199589,0.0033,5,4801,0,40,10000,1636768105,100ed2427c9d091faca84d889ddbac57b4aadbc869187136617754bdf6d7639c,False,False
TWSE,pinball_0p01,full,headline,semi_quadratic,lgbm,0.00050211331046909813,0.026800000000000001,10,4801,0,40,10000,1636768105,100ed2427c9d091faca84d889ddbac57b4aadbc869187136617754bdf6d7639c,False,False
TWSE,pinball_0p01,full,headline,semi_quadratic,moirai,0.00051854124825909727,0.0023,4,4801,0,40,10000,1636768105,100ed2427c9d091faca84d889ddbac57b4aadbc869187136617754bdf6d7639c,False,False
TWSE,pinball_0p01,full,headline,semi_quadratic,naive,0.00053596747745972176,0.0057000000000000002,7,4801,0,40,10000,1636768105,100ed2427c9d091faca84d889ddbac57b4aadbc869187136617754bdf6d7639c,False,False
TWSE,pinball_0p01,full,headline,semi_quadratic,patchtst,0.00059731469247149165,0.00089999999999999998,1,4801,0,40,10000,1636768105,100ed2427c9d091faca84d889ddbac57b4aadbc869187136617754bdf6d7639c,False,False
TWSE,pinball_0p01,full,headline,semi_quadratic,timesfm,0.00051821356080911302,0.0016000000000000001,2,4801,0,40,10000,1636768105,100ed2427c9d091faca84d889ddbac57b4aadbc869187136617754bdf6d7639c,False,False
TWSE,pinball_0p025,full,headline,range,autoarima,0.00090557623617647351,0.038300000000000001,7,4801,0,42,10000,281046905,6f6c882f724de948baf1ced80a497f86188e92d9a3d18218add67648f8fdcb2e,False,False
TWSE,pinball_0p025,full,headline,range,autoets,0.00089053539566768755,0.079600000000000004,8,4801,0,42,10000,281046905,6f6c882f724de948baf1ced80a497f86188e92d9a3d18218add67648f8fdcb2e,False,False
TWSE,pinball_0p025,full,headline,range,chronos,0.0009173762689073324,0.026599999999999999,4,4801,0,42,10000,281046905,6f6c882f724de948baf1ced80a497f86188e92d9a3d18218add67648f8fdcb2e,False,False
TWSE,pinball_0p025,full,headline,range,ewma,0.00086120721962619268,0.1208,12,4801,0,42,10000,281046905,6f6c882f724de948baf1ced80a497f86188e92d9a3d18218add67648f8fdcb2e,True,False
TWSE,pinball_0p025,full,headline,range,garch11,0.00086463526929558832,0.11409999999999999,9,4801,0,42,10000,281046905,6f6c882f724de948baf1ced80a497f86188e92d9a3d18218add67648f8fdcb2e,True,False
TWSE,pinball_0p025,full,headline,range,garch11_t,0.00086045643517393259,0.1208,10,4801,0,42,10000,281046905,6f6c882f724de948baf1ced80a497f86188e92d9a3d18218add67648f8fdcb2e,True,False
TWSE,pinball_0p025,full,headline,range,gjr,0.00083779599855303703,1,13,4801,0,42,10000,281046905,6f6c882f724de948baf1ced80a497f86188e92d9a3d18218add67648f8fdcb2e,True,True
TWSE,pinball_0p025,full,headline,range,har,0.00089596011153181602,0.038300000000000001,6,4801,0,42,10000,281046905,6f6c882f724de948baf1ced80a497f86188e92d9a3d18218add67648f8fdcb2e,False,False
TWSE,pinball_0p025,full,headline,range,lgbm,0.00089947428908178503,0.1208,11,4801,0,42,10000,281046905,6f6c882f724de948baf1ced80a497f86188e92d9a3d18218add67648f8fdcb2e,True,False
TWSE,pinball_0p025,full,headline,range,moirai,0.00091146770581892827,0.0292,5,4801,0,42,10000,281046905,6f6c882f724de948baf1ced80a497f86188e92d9a3d18218add67648f8fdcb2e,False,False
TWSE,pinball_0p025,full,headline,range,naive,0.00095598051382204475,0.015800000000000002,2,4801,0,42,10000,281046905,6f6c882f724de948baf1ced80a497f86188e92d9a3d18218add67648f8fdcb2e,False,False
TWSE,pinball_0p025,full,headline,range,patchtst,0.00099437294446371219,0.0051000000000000004,1,4801,0,42,10000,281046905,6f6c882f724de948baf1ced80a497f86188e92d9a3d18218add67648f8fdcb2e,False,False
TWSE,pinball_0p025,full,headline,range,timesfm,0.00091403913918449884,0.016299999999999999,3,4801,0,42,10000,281046905,6f6c882f724de948baf1ced80a497f86188e92d9a3d18218add67648f8fdcb2e,False,False
TWSE,pinball_0p025,full,headline,semi_quadratic,autoarima,0.00090557623617647351,0.017600000000000001,7,4801,0,42,10000,2036895720,353e8c0070d083622ead49f4cb57333fc963fc8a490dce79a7b96896e5ec4d4c,False,False
TWSE,pinball_0p025,full,headline,semi_quadratic,autoets,0.00089053539566768755,0.034200000000000001,8,4801,0,42,10000,2036895720,353e8c0070d083622ead49f4cb57333fc963fc8a490dce79a7b96896e5ec4d4c,False,False
TWSE,pinball_0p025,full,headline,semi_quadratic,chronos,0.0009173762689073324,0.0064000000000000003,4,4801,0,42,10000,2036895720,353e8c0070d083622ead49f4cb57333fc963fc8a490dce79a7b96896e5ec4d4c,False,False
TWSE,pinball_0p025,full,headline,semi_quadratic,ewma,0.00086120721962619268,0.053999999999999999,12,4801,0,42,10000,2036895720,353e8c0070d083622ead49f4cb57333fc963fc8a490dce79a7b96896e5ec4d4c,False,False
TWSE,pinball_0p025,full,headline,semi_quadratic,garch11,0.00086463526929558832,0.042299999999999997,9,4801,0,42,10000,2036895720,353e8c0070d083622ead49f4cb57333fc963fc8a490dce79a7b96896e5ec4d4c,False,False
TWSE,pinball_0p025,full,headline,semi_quadratic,garch11_t,0.00086045643517393259,0.053999999999999999,11,4801,0,42,10000,2036895720,353e8c0070d083622ead49f4cb57333fc963fc8a490dce79a7b96896e5ec4d4c,False,False
TWSE,pinball_0p025,full,headline,semi_quadratic,gjr,0.00083779599855303703,1,13,4801,0,42,10000,2036895720,353e8c0070d083622ead49f4cb57333fc963fc8a490dce79a7b96896e5ec4d4c,True,True
TWSE,pinball_0p025,full,headline,semi_quadratic,har,0.00089596011153181602,0.0154,6,4801,0,42,10000,2036895720,353e8c0070d083622ead49f4cb57333fc963fc8a490dce79a7b96896e5ec4d4c,False,False
TWSE,pinball_0p025,full,headline,semi_quadratic,lgbm,0.00089947428908178503,0.042299999999999997,10,4801,0,42,10000,2036895720,353e8c0070d083622ead49f4cb57333fc963fc8a490dce79a7b96896e5ec4d4c,False,False
TWSE,pinball_0p025,full,headline,semi_quadratic,moirai,0.00091146770581892827,0.0097000000000000003,5,4801,0,42,10000,2036895720,353e8c0070d083622ead49f4cb57333fc963fc8a490dce79a7b96896e5ec4d4c,False,False
TWSE,pinball_0p025,full,headline,semi_quadratic,naive,0.00095598051382204475,0.0019,2,4801,0,42,10000,2036895720,353e8c0070d083622ead49f4cb57333fc963fc8a490dce79a7b96896e5ec4d4c,False,False
TWSE,pinball_0p025,full,headline,semi_quadratic,patchtst,0.00099437294446371219,0.0015,1,4801,0,42,10000,2036895720,353e8c0070d083622ead49f4cb57333fc963fc8a490dce79a7b96896e5ec4d4c,False,False
TWSE,pinball_0p025,full,headline,semi_quadratic,timesfm,0.00091403913918449884,0.0044000000000000003,3,4801,0,42,10000,2036895720,353e8c0070d083622ead49f4cb57333fc963fc8a490dce79a7b96896e5ec4d4c,False,False
TWSE,pinball_0p05,full,headline,range,autoarima,0.0014119359572969923,0.12970000000000001,10,4801,0,44,10000,1713980510,045a3217072800cf328a0f8deba949331b1e35db3328ceda99128f9be7cd0aa2,True,False
TWSE,pinball_0p05,full,headline,range,autoets,0.0013974270331777114,0.12970000000000001,12,4801,0,44,10000,1713980510,045a3217072800cf328a0f8deba949331b1e35db3328ceda99128f9be7cd0aa2,True,False
TWSE,pinball_0p05,full,headline,range,chronos,0.0014265585756669935,0.1164,6,4801,0,44,10000,1713980510,045a3217072800cf328a0f8deba949331b1e35db3328ceda99128f9be7cd0aa2,True,False
TWSE,pinball_0p05,full,headline,range,ewma,0.0013882373072596564,0.12970000000000001,11,4801,0,44,10000,1713980510,045a3217072800cf328a0f8deba949331b1e35db3328ceda99128f9be7cd0aa2,True,False
TWSE,pinball_0p05,full,headline,range,garch11,0.0013974297757478114,0.1037,3,4801,0,44,10000,1713980510,045a3217072800cf328a0f8deba949331b1e35db3328ceda99128f9be7cd0aa2,True,False
TWSE,pinball_0p05,full,headline,range,garch11_t,0.0013973601100254953,0.1037,4,4801,0,44,10000,1713980510,045a3217072800cf328a0f8deba949331b1e35db3328ceda99128f9be7cd0aa2,True,False
TWSE,pinball_0p05,full,headline,range,gjr,0.0013601481904103583,1,13,4801,0,44,10000,1713980510,045a3217072800cf328a0f8deba949331b1e35db3328ceda99128f9be7cd0aa2,True,True
TWSE,pinball_0p05,full,headline,range,har,0.0014142048806761063,0.1166,7,4801,0,44,10000,1713980510,045a3217072800cf328a0f8deba949331b1e35db3328ceda99128f9be7cd0aa2,True,False
TWSE,pinball_0p05,full,headline,range,lgbm,0.0014240893715460937,0.12970000000000001,9,4801,0,44,10000,1713980510,045a3217072800cf328a0f8deba949331b1e35db3328ceda99128f9be7cd0aa2,True,False
TWSE,pinball_0p05,full,headline,range,moirai,0.0014186082218453631,0.12970000000000001,8,4801,0,44,10000,1713980510,045a3217072800cf328a0f8deba949331b1e35db3328ceda99128f9be7cd0aa2,True,False
TWSE,pinball_0p05,full,headline,range,naive,0.0014944011274340158,0.0063,1,4801,0,44,10000,1713980510,045a3217072800cf328a0f8deba949331b1e35db3328ceda99128f9be7cd0aa2,False,False
TWSE,pinball_0p05,full,headline,range,patchtst,0.001501433797760361,0.0106,2,4801,0,44,10000,1713980510,045a3217072800cf328a0f8deba949331b1e35db3328ceda99128f9be7cd0aa2,False,False
TWSE,pinball_0p05,full,headline,range,timesfm,0.0014241618813741739,0.1037,5,4801,0,44,10000,1713980510,045a3217072800cf328a0f8deba949331b1e35db3328ceda99128f9be7cd0aa2,True,False
TWSE,pinball_0p05,full,headline,semi_quadratic,autoarima,0.0014119359572969923,0.0453,10,4801,0,44,10000,483656373,d4c0e5ec266b2c3e1a8740a272ff483e11ab7023b14dae1d37f82b971370c75c,False,False
TWSE,pinball_0p05,full,headline,semi_quadratic,autoets,0.0013974270331777114,0.086699999999999999,12,4801,0,44,10000,483656373,d4c0e5ec266b2c3e1a8740a272ff483e11ab7023b14dae1d37f82b971370c75c,False,False
TWSE,pinball_0p05,full,headline,semi_quadratic,chronos,0.0014265585756669935,0.0453,6,4801,0,44,10000,483656373,d4c0e5ec266b2c3e1a8740a272ff483e11ab7023b14dae1d37f82b971370c75c,False,False
TWSE,pinball_0p05,full,headline,semi_quadratic,ewma,0.0013882373072596564,0.086699999999999999,11,4801,0,44,10000,483656373,d4c0e5ec266b2c3e1a8740a272ff483e11ab7023b14dae1d37f82b971370c75c,False,False
TWSE,pinball_0p05,full,headline,semi_quadratic,garch11,0.0013974297757478114,0.0453,3,4801,0,44,10000,483656373,d4c0e5ec266b2c3e1a8740a272ff483e11ab7023b14dae1d37f82b971370c75c,False,False
TWSE,pinball_0p05,full,headline,semi_quadratic,garch11_t,0.0013973601100254953,0.0453,5,4801,0,44,10000,483656373,d4c0e5ec266b2c3e1a8740a272ff483e11ab7023b14dae1d37f82b971370c75c,False,False
TWSE,pinball_0p05,full,headline,semi_quadratic,gjr,0.0013601481904103583,1,13,4801,0,44,10000,483656373,d4c0e5ec266b2c3e1a8740a272ff483e11ab7023b14dae1d37f82b971370c75c,True,True
TWSE,pinball_0p05,full,headline,semi_quadratic,har,0.0014142048806761063,0.0453,7,4801,0,44,10000,483656373,d4c0e5ec266b2c3e1a8740a272ff483e11ab7023b14dae1d37f82b971370c75c,False,False
TWSE,pinball_0p05,full,headline,semi_quadratic,lgbm,0.0014240893715460937,0.0453,9,4801,0,44,10000,483656373,d4c0e5ec266b2c3e1a8740a272ff483e11ab7023b14dae1d37f82b971370c75c,False,False
TWSE,pinball_0p05,full,headline,semi_quadratic,moirai,0.0014186082218453631,0.0453,8,4801,0,44,10000,483656373,d4c0e5ec266b2c3e1a8740a272ff483e11ab7023b14dae1d37f82b971370c75c,False,False
TWSE,pinball_0p05,full,headline,semi_quadratic,naive,0.0014944011274340158,0.0032000000000000002,1,4801,0,44,10000,483656373,d4c0e5ec266b2c3e1a8740a272ff483e11ab7023b14dae1d37f82b971370c75c,False,False
TWSE,pinball_0p05,full,headline,semi_quadratic,patchtst,0.001501433797760361,0.010200000000000001,2,4801,0,44,10000,483656373,d4c0e5ec266b2c3e1a8740a272ff483e11ab7023b14dae1d37f82b971370c75c,False,False
TWSE,pinball_0p05,full,headline,semi_quadratic,timesfm,0.0014241618813741739,0.0453,4,4801,0,44,10000,483656373,d4c0e5ec266b2c3e1a8740a272ff483e11ab7023b14dae1d37f82b971370c75c,False,False
TWSE,pinball_avg,full,headline,range,autoarima,0.00094305112617568099,0.040300000000000002,7,4801,0,42,10000,2132444031,ee7d15fb98e31e44b032155a641f44800f755caed290fe6f00b7047a6234e599,False,False
TWSE,pinball_avg,full,headline,range,autoets,0.00092822243032704248,0.096000000000000002,9,4801,0,42,10000,2132444031,ee7d15fb98e31e44b032155a641f44800f755caed290fe6f00b7047a6234e599,False,False
TWSE,pinball_avg,full,headline,range,chronos,0.00095592955396502912,0.029899999999999999,4,4801,0,42,10000,2132444031,ee7d15fb98e31e44b032155a641f44800f755caed290fe6f00b7047a6234e599,False,False
TWSE,pinball_avg,full,headline,range,ewma,0.00090297007568070347,0.11119999999999999,11,4801,0,42,10000,2132444031,ee7d15fb98e31e44b032155a641f44800f755caed290fe6f00b7047a6234e599,True,False
TWSE,pinball_avg,full,headline,range,garch11,0.00090873452158619873,0.096000000000000002,8,4801,0,42,10000,2132444031,ee7d15fb98e31e44b032155a641f44800f755caed290fe6f00b7047a6234e599,False,False
TWSE,pinball_avg,full,headline,range,garch11_t,0.00089996872315284491,0.11119999999999999,12,4801,0,42,10000,2132444031,ee7d15fb98e31e44b032155a641f44800f755caed290fe6f00b7047a6234e599,True,False
TWSE,pinball_avg,full,headline,range,gjr,0.00088073381703450448,1,13,4801,0,42,10000,2132444031,ee7d15fb98e31e44b032155a641f44800f755caed290fe6f00b7047a6234e599,True,True
TWSE,pinball_avg,full,headline,range,har,0.00093633380351330539,0.040300000000000002,6,4801,0,42,10000,2132444031,ee7d15fb98e31e44b032155a641f44800f755caed290fe6f00b7047a6234e599,False,False
TWSE,pinball_avg,full,headline,range,lgbm,0.00094189232369899334,0.096000000000000002,10,4801,0,42,10000,2132444031,ee7d15fb98e31e44b032155a641f44800f755caed290fe6f00b7047a6234e599,False,False
TWSE,pinball_avg,full,headline,range,moirai,0.00094953905864113221,0.038399999999999997,5,4801,0,42,10000,2132444031,ee7d15fb98e31e44b032155a641f44800f755caed290fe6f00b7047a6234e599,False,False
TWSE,pinball_avg,full,headline,range,naive,0.00099544970623859346,0.0129,2,4801,0,42,10000,2132444031,ee7d15fb98e31e44b032155a641f44800f755caed290fe6f00b7047a6234e599,False,False
TWSE,pinball_avg,full,headline,range,patchtst,0.0010310404782318597,0.0050000000000000001,1,4801,0,42,10000,2132444031,ee7d15fb98e31e44b032155a641f44800f755caed290fe6f00b7047a6234e599,False,False
TWSE,pinball_avg,full,headline,range,timesfm,0.00095213819378926463,0.0207,3,4801,0,42,10000,2132444031,ee7d15fb98e31e44b032155a641f44800f755caed290fe6f00b7047a6234e599,False,False
TWSE,pinball_avg,full,headline,semi_quadratic,autoarima,0.00094305112617568099,0.019599999999999999,7,4801,0,42,10000,1426777365,0bae8e7b811864a5534c3a6b123a8fbc686f6fdcc1162cb56afc8a2f7aba1f9a,False,False
TWSE,pinball_avg,full,headline,semi_quadratic,autoets,0.00092822243032704248,0.036499999999999998,9,4801,0,42,10000,1426777365,0bae8e7b811864a5534c3a6b123a8fbc686f6fdcc1162cb56afc8a2f7aba1f9a,False,False
TWSE,pinball_avg,full,headline,semi_quadratic,chronos,0.00095592955396502912,0.0080000000000000002,4,4801,0,42,10000,1426777365,0bae8e7b811864a5534c3a6b123a8fbc686f6fdcc1162cb56afc8a2f7aba1f9a,False,False
TWSE,pinball_avg,full,headline,semi_quadratic,ewma,0.00090297007568070347,0.074999999999999997,11,4801,0,42,10000,1426777365,0bae8e7b811864a5534c3a6b123a8fbc686f6fdcc1162cb56afc8a2f7aba1f9a,False,False
TWSE,pinball_avg,full,headline,semi_quadratic,garch11,0.00090873452158619873,0.032899999999999999,8,4801,0,42,10000,1426777365,0bae8e7b811864a5534c3a6b123a8fbc686f6fdcc1162cb56afc8a2f7aba1f9a,False,False
TWSE,pinball_avg,full,headline,semi_quadratic,garch11_t,0.00089996872315284491,0.074999999999999997,12,4801,0,42,10000,1426777365,0bae8e7b811864a5534c3a6b123a8fbc686f6fdcc1162cb56afc8a2f7aba1f9a,False,False
TWSE,pinball_avg,full,headline,semi_quadratic,gjr,0.00088073381703450448,1,13,4801,0,42,10000,1426777365,0bae8e7b811864a5534c3a6b123a8fbc686f6fdcc1162cb56afc8a2f7aba1f9a,True,True
TWSE,pinball_avg,full,headline,semi_quadratic,har,0.00093633380351330539,0.017000000000000001,6,4801,0,42,10000,1426777365,0bae8e7b811864a5534c3a6b123a8fbc686f6fdcc1162cb56afc8a2f7aba1f9a,False,False
TWSE,pinball_avg,full,headline,semi_quadratic,lgbm,0.00094189232369899334,0.036499999999999998,10,4801,0,42,10000,1426777365,0bae8e7b811864a5534c3a6b123a8fbc686f6fdcc1162cb56afc8a2f7aba1f9a,False,False
TWSE,pinball_avg,full,headline,semi_quadratic,moirai,0.00094953905864113221,0.0124,5,4801,0,42,10000,1426777365,0bae8e7b811864a5534c3a6b123a8fbc686f6fdcc1162cb56afc8a2f7aba1f9a,False,False
TWSE,pinball_avg,full,headline,semi_quadratic,naive,0.00099544970623859346,0.0035999999999999999,2,4801,0,42,10000,1426777365,0bae8e7b811864a5534c3a6b123a8fbc686f6fdcc1162cb56afc8a2f7aba1f9a,False,False
TWSE,pinball_avg,full,headline,semi_quadratic,patchtst,0.0010310404782318597,0.0022000000000000001,1,4801,0,42,10000,1426777365,0bae8e7b811864a5534c3a6b123a8fbc686f6fdcc1162cb56afc8a2f7aba1f9a,False,False
TWSE,pinball_avg,full,headline,semi_quadratic,timesfm,0.00095213819378926463,0.0061000000000000004,3,4801,0,42,10000,1426777365,0bae8e7b811864a5534c3a6b123a8fbc686f6fdcc1162cb56afc8a2f7aba1f9a,False,False
TWSE,qlike,full,headline,range,autoarima,0.54002366360073273,0.51100000000000001,9,4721,80,61,10000,1067656797,c99722c11c94af71e24166e55bd0bb9a3d9fe25708041ca2ca7678e03032e62e,True,True
TWSE,qlike,full,headline,range,autoets,0.53670860398006348,0.72330000000000005,10,4721,80,61,10000,1067656797,c99722c11c94af71e24166e55bd0bb9a3d9fe25708041ca2ca7678e03032e62e,True,True
TWSE,qlike,full,headline,range,chronos,0.54255653113442737,0.016,4,4721,80,61,10000,1067656797,c99722c11c94af71e24166e55bd0bb9a3d9fe25708041ca2ca7678e03032e62e,False,False
TWSE,qlike,full,headline,range,ewma,0.56537084127118464,0.079100000000000004,7,4721,80,61,10000,1067656797,c99722c11c94af71e24166e55bd0bb9a3d9fe25708041ca2ca7678e03032e62e,False,False
TWSE,qlike,full,headline,range,garch11,0.57059757204664474,0.0361,6,4721,80,61,10000,1067656797,c99722c11c94af71e24166e55bd0bb9a3d9fe25708041ca2ca7678e03032e62e,False,False
TWSE,qlike,full,headline,range,garch11_t,0.57154553505946715,0.081799999999999998,8,4721,80,61,10000,1067656797,c99722c11c94af71e24166e55bd0bb9a3d9fe25708041ca2ca7678e03032e62e,False,False
TWSE,qlike,full,headline,range,gjr,0.54381182245643633,0.72330000000000005,11,4721,80,61,10000,1067656797,c99722c11c94af71e24166e55bd0bb9a3d9fe25708041ca2ca7678e03032e62e,True,True
TWSE,qlike,full,headline,range,har,0.53237741569103869,0.72330000000000005,12,4721,80,61,10000,1067656797,c99722c11c94af71e24166e55bd0bb9a3d9fe25708041ca2ca7678e03032e62e,True,True
TWSE,qlike,full,headline,range,lgbm,0.59672886782127721,0.0011000000000000001,2,4721,80,61,10000,1067656797,c99722c11c94af71e24166e55bd0bb9a3d9fe25708041ca2ca7678e03032e62e,False,False
TWSE,qlike,full,headline,range,moirai,0.52861307393490864,1,13,4721,80,61,10000,1067656797,c99722c11c94af71e24166e55bd0bb9a3d9fe25708041ca2ca7678e03032e62e,True,True
TWSE,qlike,full,headline,range,naive,0.76210119301567092,0,1,4721,80,61,10000,1067656797,c99722c11c94af71e24166e55bd0bb9a3d9fe25708041ca2ca7678e03032e62e,False,False
TWSE,qlike,full,headline,range,patchtst,0.75763212895653775,0.010999999999999999,3,4721,80,61,10000,1067656797,c99722c11c94af71e24166e55bd0bb9a3d9fe25708041ca2ca7678e03032e62e,False,False
TWSE,qlike,full,headline,range,timesfm,0.54708305489122222,0.016500000000000001,5,4721,80,61,10000,1067656797,c99722c11c94af71e24166e55bd0bb9a3d9fe25708041ca2ca7678e03032e62e,False,False
TWSE,qlike,full,headline,semi_quadratic,autoarima,0.54002366360073273,0.57279999999999998,9,4721,80,61,10000,1467631528,d016a77b2f7711405609bfa223d1f3845e20bbfb44fe9bf4ae2a1a97402e08c9,True,True
TWSE,qlike,full,headline,semi_quadratic,autoets,0.53670860398006348,0.65200000000000002,10,4721,80,61,10000,1467631528,d016a77b2f7711405609bfa223d1f3845e20bbfb44fe9bf4ae2a1a97402e08c9,True,True
TWSE,qlike,full,headline,semi_quadratic,chronos,0.54255653113442737,0.0161,4,4721,80,61,10000,1467631528,d016a77b2f7711405609bfa223d1f3845e20bbfb44fe9bf4ae2a1a97402e08c9,False,False
TWSE,qlike,full,headline,semi_quadratic,ewma,0.56537084127118464,0.033099999999999997,7,4721,80,61,10000,1467631528,d016a77b2f7711405609bfa223d1f3845e20bbfb44fe9bf4ae2a1a97402e08c9,False,False
TWSE,qlike,full,headline,semi_quadratic,garch11,0.57059757204664474,0.017399999999999999,6,4721,80,61,10000,1467631528,d016a77b2f7711405609bfa223d1f3845e20bbfb44fe9bf4ae2a1a97402e08c9,False,False
TWSE,qlike,full,headline,semi_quadratic,garch11_t,0.57154553505946715,0.070699999999999999,8,4721,80,61,10000,1467631528,d016a77b2f7711405609bfa223d1f3845e20bbfb44fe9bf4ae2a1a97402e08c9,False,False
TWSE,qlike,full,headline,semi_quadratic,gjr,0.54381182245643633,0.65200000000000002,11,4721,80,61,10000,1467631528,d016a77b2f7711405609bfa223d1f3845e20bbfb44fe9bf4ae2a1a97402e08c9,True,True
TWSE,qlike,full,headline,semi_quadratic,har,0.53237741569103869,0.65200000000000002,12,4721,80,61,10000,1467631528,d016a77b2f7711405609bfa223d1f3845e20bbfb44fe9bf4ae2a1a97402e08c9,True,True
TWSE,qlike,full,headline,semi_quadratic,lgbm,0.59672886782127721,0.0020999999999999999,2,4721,80,61,10000,1467631528,d016a77b2f7711405609bfa223d1f3845e20bbfb44fe9bf4ae2a1a97402e08c9,False,False
TWSE,qlike,full,headline,semi_quadratic,moirai,0.52861307393490864,1,13,4721,80,61,10000,1467631528,d016a77b2f7711405609bfa223d1f3845e20bbfb44fe9bf4ae2a1a97402e08c9,True,True
TWSE,qlike,full,headline,semi_quadratic,naive,0.76210119301567092,0,1,4721,80,61,10000,1467631528,d016a77b2f7711405609bfa223d1f3845e20bbfb44fe9bf4ae2a1a97402e08c9,False,False
TWSE,qlike,full,headline,semi_quadratic,patchtst,0.75763212895653775,0.0041000000000000003,3,4721,80,61,10000,1467631528,d016a77b2f7711405609bfa223d1f3845e20bbfb44fe9bf4ae2a1a97402e08c9,False,False
TWSE,qlike,full,headline,semi_quadratic,timesfm,0.54708305489122222,0.0161,5,4721,80,61,10000,1467631528,d016a77b2f7711405609bfa223d1f3845e20bbfb44fe9bf4ae2a1a97402e08c9,False,False
TWSE,fz0_0p01,full,headline,range,autoarima,-2.673826757571955,0.0035000000000000001,3,4801,0,42,10000,695856226,c3c70256db39b60c64e99703db7106443898497c98c6a093981fbe4c3150dbd6,False,False
TWSE,fz0_0p01,full,headline,range,autoets,-2.7359508443544609,0.0067999999999999996,6,4801,0,42,10000,695856226,c3c70256db39b60c64e99703db7106443898497c98c6a093981fbe4c3150dbd6,False,False
TWSE,fz0_0p01,full,headline,range,chronos,-2.5456243086127808,0.0033,1,4801,0,42,10000,695856226,c3c70256db39b60c64e99703db7106443898497c98c6a093981fbe4c3150dbd6,False,False
TWSE,fz0_0p01,full,headline,range,ewma,-2.9457519485076973,0.0073000000000000001,9,4801,0,42,10000,695856226,c3c70256db39b60c64e99703db7106443898497c98c6a093981fbe4c3150dbd6,False,False
TWSE,fz0_0p01,full,headline,range,garch11,-2.9634189619586104,0.0073000000000000001,8,4801,0,42,10000,695856226,c3c70256db39b60c64e99703db7106443898497c98c6a093981fbe4c3150dbd6,False,False
TWSE,fz0_0p01,full,headline,range,garch11_t,-3.1102564206969903,1,13,4801,0,42,10000,695856226,c3c70256db39b60c64e99703db7106443898497c98c6a093981fbe4c3150dbd6,True,True
TWSE,fz0_0p01,full,headline,range,gjr,-3.0489905563037727,0.15540000000000001,12,4801,0,42,10000,695856226,c3c70256db39b60c64e99703db7106443898497c98c6a093981fbe4c3150dbd6,True,False
TWSE,fz0_0p01,full,headline,range,har,-2.7482797401785346,0.0064999999999999997,5,4801,0,42,10000,695856226,c3c70256db39b60c64e99703db7106443898497c98c6a093981fbe4c3150dbd6,False,False
TWSE,fz0_0p01,full,headline,range,lgbm,-2.702879620577574,0.0088000000000000005,11,4801,0,42,10000,695856226,c3c70256db39b60c64e99703db7106443898497c98c6a093981fbe4c3150dbd6,False,False
TWSE,fz0_0p01,full,headline,range,moirai,-2.5889664070947256,0.0038,4,4801,0,42,10000,695856226,c3c70256db39b60c64e99703db7106443898497c98c6a093981fbe4c3150dbd6,False,False
TWSE,fz0_0p01,full,headline,range,naive,-2.6715201322912616,0.0073000000000000001,10,4801,0,42,10000,695856226,c3c70256db39b60c64e99703db7106443898497c98c6a093981fbe4c3150dbd6,False,False
TWSE,fz0_0p01,full,headline,range,patchtst,-1.8926438060725008,0.0073000000000000001,7,4801,0,42,10000,695856226,c3c70256db39b60c64e99703db7106443898497c98c6a093981fbe4c3150dbd6,False,False
TWSE,fz0_0p01,full,headline,range,timesfm,-2.6062997960405645,0.0035000000000000001,2,4801,0,42,10000,695856226,c3c70256db39b60c64e99703db7106443898497c98c6a093981fbe4c3150dbd6,False,False
TWSE,fz0_0p01,full,headline,semi_quadratic,autoarima,-2.673826757571955,0.00059999999999999995,2,4801,0,42,10000,422150306,e66eda707b155d58f5fb01d6ed802107b2c3e64929dd58dc4dea0519e621f500,False,False
TWSE,fz0_0p01,full,headline,semi_quadratic,autoets,-2.7359508443544609,0.0018,6,4801,0,42,10000,422150306,e66eda707b155d58f5fb01d6ed802107b2c3e64929dd58dc4dea0519e621f500,False,False
TWSE,fz0_0p01,full,headline,semi_quadratic,chronos,-2.5456243086127808,0.00059999999999999995,1,4801,0,42,10000,422150306,e66eda707b155d58f5fb01d6ed802107b2c3e64929dd58dc4dea0519e621f500,False,False
TWSE,fz0_0p01,full,headline,semi_quadratic,ewma,-2.9457519485076973,0.0025000000000000001,9,4801,0,42,10000,422150306,e66eda707b155d58f5fb01d6ed802107b2c3e64929dd58dc4dea0519e621f500,False,False
TWSE,fz0_0p01,full,headline,semi_quadratic,garch11,-2.9634189619586104,0.0025000000000000001,8,4801,0,42,10000,422150306,e66eda707b155d58f5fb01d6ed802107b2c3e64929dd58dc4dea0519e621f500,False,False
TWSE,fz0_0p01,full,headline,semi_quadratic,garch11_t,-3.1102564206969903,1,13,4801,0,42,10000,422150306,e66eda707b155d58f5fb01d6ed802107b2c3e64929dd58dc4dea0519e621f500,True,True
TWSE,fz0_0p01,full,headline,semi_quadratic,gjr,-3.0489905563037727,0.15790000000000001,12,4801,0,42,10000,422150306,e66eda707b155d58f5fb01d6ed802107b2c3e64929dd58dc4dea0519e621f500,True,False
TWSE,fz0_0p01,full,headline,semi_quadratic,har,-2.7482797401785346,0.0018,5,4801,0,42,10000,422150306,e66eda707b155d58f5fb01d6ed802107b2c3e64929dd58dc4dea0519e621f500,False,False
TWSE,fz0_0p01,full,headline,semi_quadratic,lgbm,-2.702879620577574,0.0064999999999999997,11,4801,0,42,10000,422150306,e66eda707b155d58f5fb01d6ed802107b2c3e64929dd58dc4dea0519e621f500,False,False
TWSE,fz0_0p01,full,headline,semi_quadratic,moirai,-2.5889664070947256,0.00080000000000000004,4,4801,0,42,10000,422150306,e66eda707b155d58f5fb01d6ed802107b2c3e64929dd58dc4dea0519e621f500,False,False
TWSE,fz0_0p01,full,headline,semi_quadratic,naive,-2.6715201322912616,0.0037000000000000002,10,4801,0,42,10000,422150306,e66eda707b155d58f5fb01d6ed802107b2c3e64929dd58dc4dea0519e621f500,False,False
TWSE,fz0_0p01,full,headline,semi_quadratic,patchtst,-1.8926438060725008,0.002,7,4801,0,42,10000,422150306,e66eda707b155d58f5fb01d6ed802107b2c3e64929dd58dc4dea0519e621f500,False,False
TWSE,fz0_0p01,full,headline,semi_quadratic,timesfm,-2.6062997960405645,0.00059999999999999995,3,4801,0,42,10000,422150306,e66eda707b155d58f5fb01d6ed802107b2c3e64929dd58dc4dea0519e621f500,False,False
TWSE,fz0_0p025,full,headline,range,autoarima,-3.2339942700749882,0.0183,4,4801,0,44,10000,1913578194,afd3bb34e3d43dee1b84c8ee8e686c70b2eb43b5d20965e168b6eb2bdc0d2d54,False,False
TWSE,fz0_0p025,full,headline,range,autoets,-3.2655346259028439,0.0293,8,4801,0,44,10000,1913578194,afd3bb34e3d43dee1b84c8ee8e686c70b2eb43b5d20965e168b6eb2bdc0d2d54,False,False
TWSE,fz0_0p025,full,headline,range,chronos,-3.1726127675073985,0.013899999999999999,2,4801,0,44,10000,1913578194,afd3bb34e3d43dee1b84c8ee8e686c70b2eb43b5d20965e168b6eb2bdc0d2d54,False,False
TWSE,fz0_0p025,full,headline,range,ewma,-3.3556905936172021,0.067000000000000004,10,4801,0,44,10000,1913578194,afd3bb34e3d43dee1b84c8ee8e686c70b2eb43b5d20965e168b6eb2bdc0d2d54,False,False
TWSE,fz0_0p025,full,headline,range,garch11,-3.3627121386033276,0.067000000000000004,11,4801,0,44,10000,1913578194,afd3bb34e3d43dee1b84c8ee8e686c70b2eb43b5d20965e168b6eb2bdc0d2d54,False,False
TWSE,fz0_0p025,full,headline,range,garch11_t,-3.3926926243531206,0.30309999999999998,12,4801,0,44,10000,1913578194,afd3bb34e3d43dee1b84c8ee8e686c70b2eb43b5d20965e168b6eb2bdc0d2d54,True,True
TWSE,fz0_0p025,full,headline,range,gjr,-3.415702739288939,1,13,4801,0,44,10000,1913578194,afd3bb34e3d43dee1b84c8ee8e686c70b2eb43b5d20965e168b6eb2bdc0d2d54,True,True
TWSE,fz0_0p025,full,headline,range,har,-3.2676350778754868,0.0293,7,4801,0,44,10000,1913578194,afd3bb34e3d43dee1b84c8ee8e686c70b2eb43b5d20965e168b6eb2bdc0d2d54,False,False
TWSE,fz0_0p025,full,headline,range,lgbm,-3.241027769158078,0.067000000000000004,9,4801,0,44,10000,1913578194,afd3bb34e3d43dee1b84c8ee8e686c70b2eb43b5d20965e168b6eb2bdc0d2d54,False,False
TWSE,fz0_0p025,full,headline,range,moirai,-3.1928166835836298,0.0152,3,4801,0,44,10000,1913578194,afd3bb34e3d43dee1b84c8ee8e686c70b2eb43b5d20965e168b6eb2bdc0d2d54,False,False
TWSE,fz0_0p025,full,headline,range,naive,-3.185756445230262,0.022100000000000002,6,4801,0,44,10000,1913578194,afd3bb34e3d43dee1b84c8ee8e686c70b2eb43b5d20965e168b6eb2bdc0d2d54,False,False
TWSE,fz0_0p025,full,headline,range,patchtst,-2.8406945859147799,0.0183,5,4801,0,44,10000,1913578194,afd3bb34e3d43dee1b84c8ee8e686c70b2eb43b5d20965e168b6eb2bdc0d2d54,False,False
TWSE,fz0_0p025,full,headline,range,timesfm,-3.1973172917941119,0.013899999999999999,1,4801,0,44,10000,1913578194,afd3bb34e3d43dee1b84c8ee8e686c70b2eb43b5d20965e168b6eb2bdc0d2d54,False,False
TWSE,fz0_0p025,full,headline,semi_quadratic,autoarima,-3.2339942700749882,0.0032000000000000002,5,4801,0,44,10000,1072604583,31a4d5ede46020e981babf99029bffa86872ef70f5b53786487c1dbbc6fb5e57,False,False
TWSE,fz0_0p025,full,headline,semi_quadratic,autoets,-3.2655346259028439,0.0067000000000000002,8,4801,0,44,10000,1072604583,31a4d5ede46020e981babf99029bffa86872ef70f5b53786487c1dbbc6fb5e57,False,False
TWSE,fz0_0p025,full,headline,semi_quadratic,chronos,-3.1726127675073985,0.0018,2,4801,0,44,10000,1072604583,31a4d5ede46020e981babf99029bffa86872ef70f5b53786487c1dbbc6fb5e57,False,False
TWSE,fz0_0p025,full,headline,semi_quadratic,ewma,-3.3556905936172021,0.0253,10,4801,0,44,10000,1072604583,31a4d5ede46020e981babf99029bffa86872ef70f5b53786487c1dbbc6fb5e57,False,False
TWSE,fz0_0p025,full,headline,semi_quadratic,garch11,-3.3627121386033276,0.035499999999999997,11,4801,0,44,10000,1072604583,31a4d5ede46020e981babf99029bffa86872ef70f5b53786487c1dbbc6fb5e57,False,False
TWSE,fz0_0p025,full,headline,semi_quadratic,garch11_t,-3.3926926243531206,0.31530000000000002,12,4801,0,44,10000,1072604583,31a4d5ede46020e981babf99029bffa86872ef70f5b53786487c1dbbc6fb5e57,True,True
TWSE,fz0_0p025,full,headline,semi_quadratic,gjr,-3.415702739288939,1,13,4801,0,44,10000,1072604583,31a4d5ede46020e981babf99029bffa86872ef70f5b53786487c1dbbc6fb5e57,True,True
TWSE,fz0_0p025,full,headline,semi_quadratic,har,-3.2676350778754868,0.0064000000000000003,7,4801,0,44,10000,1072604583,31a4d5ede46020e981babf99029bffa86872ef70f5b53786487c1dbbc6fb5e57,False,False
TWSE,fz0_0p025,full,headline,semi_quadratic,lgbm,-3.241027769158078,0.0112,9,4801,0,44,10000,1072604583,31a4d5ede46020e981babf99029bffa86872ef70f5b53786487c1dbbc6fb5e57,False,False
TWSE,fz0_0p025,full,headline,semi_quadratic,moirai,-3.1928166835836298,0.0023,3,4801,0,44,10000,1072604583,31a4d5ede46020e981babf99029bffa86872ef70f5b53786487c1dbbc6fb5e57,False,False
TWSE,fz0_0p025,full,headline,semi_quadratic,naive,-3.185756445230262,0.0035999999999999999,6,4801,0,44,10000,1072604583,31a4d5ede46020e981babf99029bffa86872ef70f5b53786487c1dbbc6fb5e57,False,False
TWSE,fz0_0p025,full,headline,semi_quadratic,patchtst,-2.8406945859147799,0.0025999999999999999,4,4801,0,44,10000,1072604583,31a4d5ede46020e981babf99029bffa86872ef70f5b53786487c1dbbc6fb5e57,False,False
TWSE,fz0_0p025,full,headline,semi_quadratic,timesfm,-3.1973172917941119,0.0014,1,4801,0,44,10000,1072604583,31a4d5ede46020e981babf99029bffa86872ef70f5b53786487c1dbbc6fb5e57,False,False
TWSE,fz0_0p05,full,headline,range,autoarima,-3.5641286224657018,0.043700000000000003,6,4801,0,46,10000,860313380,6d57ffdbe68a15c8d201cd35b778b7a3128c6b9af627dac99fbe8e333b674ebf,False,False
TWSE,fz0_0p05,full,headline,range,autoets,-3.5840950488487078,0.0458,11,4801,0,46,10000,860313380,6d57ffdbe68a15c8d201cd35b778b7a3128c6b9af627dac99fbe8e333b674ebf,False,False
TWSE,fz0_0p05,full,headline,range,chronos,-3.5280421517114338,0.0281,4,4801,0,46,10000,860313380,6d57ffdbe68a15c8d201cd35b778b7a3128c6b9af627dac99fbe8e333b674ebf,False,False
TWSE,fz0_0p05,full,headline,range,ewma,-3.6213731005980287,0.0458,10,4801,0,46,10000,860313380,6d57ffdbe68a15c8d201cd35b778b7a3128c6b9af627dac99fbe8e333b674ebf,False,False
TWSE,fz0_0p05,full,headline,range,garch11,-3.6184109393005213,0.043700000000000003,8,4801,0,46,10000,860313380,6d57ffdbe68a15c8d201cd35b778b7a3128c6b9af627dac99fbe8e333b674ebf,False,False
TWSE,fz0_0p05,full,headline,range,garch11_t,-3.6231479141985585,0.0458,12,4801,0,46,10000,860313380,6d57ffdbe68a15c8d201cd35b778b7a3128c6b9af627dac99fbe8e333b674ebf,False,False
TWSE,fz0_0p05,full,headline,range,gjr,-3.6608184589261734,1,13,4801,0,46,10000,860313380,6d57ffdbe68a15c8d201cd35b778b7a3128c6b9af627dac99fbe8e333b674ebf,True,True
TWSE,fz0_0p05,full,headline,range,har,-3.5748214809478158,0.043700000000000003,7,4801,0,46,10000,860313380,6d57ffdbe68a15c8d201cd35b778b7a3128c6b9af627dac99fbe8e333b674ebf,False,False
TWSE,fz0_0p05,full,headline,range,lgbm,-3.5519707293069547,0.043799999999999999,9,4801,0,46,10000,860313380,6d57ffdbe68a15c8d201cd35b778b7a3128c6b9af627dac99fbe8e333b674ebf,False,False
TWSE,fz0_0p05,full,headline,range,moirai,-3.5419720295905583,0.037699999999999997,5,4801,0,46,10000,860313380,6d57ffdbe68a15c8d201cd35b778b7a3128c6b9af627dac99fbe8e333b674ebf,False,False
TWSE,fz0_0p05,full,headline,range,naive,-3.4977172637213525,0.0085000000000000006,1,4801,0,46,10000,860313380,6d57ffdbe68a15c8d201cd35b778b7a3128c6b9af627dac99fbe8e333b674ebf,False,False
TWSE,fz0_0p05,full,headline,range,patchtst,-3.3286456684994614,0.0269,2,4801,0,46,10000,860313380,6d57ffdbe68a15c8d201cd35b778b7a3128c6b9af627dac99fbe8e333b674ebf,False,False
TWSE,fz0_0p05,full,headline,range,timesfm,-3.5407390381117678,0.0281,3,4801,0,46,10000,860313380,6d57ffdbe68a15c8d201cd35b778b7a3128c6b9af627dac99fbe8e333b674ebf,False,False
TWSE,fz0_0p05,full,headline,semi_quadratic,autoarima,-3.5641286224657018,0.013599999999999999,6,4801,0,46,10000,1335024761,ed72b1e9cb109b6410da6b71e96f025b39d7dd1963e7602943a7580fd558bd8e,False,False
TWSE,fz0_0p05,full,headline,semi_quadratic,autoets,-3.5840950488487078,0.016899999999999998,11,4801,0,46,10000,1335024761,ed72b1e9cb109b6410da6b71e96f025b39d7dd1963e7602943a7580fd558bd8e,False,False
TWSE,fz0_0p05,full,headline,semi_quadratic,chronos,-3.5280421517114338,0.0076,4,4801,0,46,10000,1335024761,ed72b1e9cb109b6410da6b71e96f025b39d7dd1963e7602943a7580fd558bd8e,False,False
TWSE,fz0_0p05,full,headline,semi_quadratic,ewma,-3.6213731005980287,0.016899999999999998,10,4801,0,46,10000,1335024761,ed72b1e9cb109b6410da6b71e96f025b39d7dd1963e7602943a7580fd558bd8e,False,False
TWSE,fz0_0p05,full,headline,semi_quadratic,garch11,-3.6184109393005213,0.0149,7,4801,0,46,10000,1335024761,ed72b1e9cb109b6410da6b71e96f025b39d7dd1963e7602943a7580fd558bd8e,False,False
TWSE,fz0_0p05,full,headline,semi_quadratic,garch11_t,-3.6231479141985585,0.018100000000000002,12,4801,0,46,10000,1335024761,ed72b1e9cb109b6410da6b71e96f025b39d7dd1963e7602943a7580fd558bd8e,False,False
TWSE,fz0_0p05,full,headline,semi_quadratic,gjr,-3.6608184589261734,1,13,4801,0,46,10000,1335024761,ed72b1e9cb109b6410da6b71e96f025b39d7dd1963e7602943a7580fd558bd8e,True,True
TWSE,fz0_0p05,full,headline,semi_quadratic,har,-3.5748214809478158,0.0149,8,4801,0,46,10000,1335024761,ed72b1e9cb109b6410da6b71e96f025b39d7dd1963e7602943a7580fd558bd8e,False,False
TWSE,fz0_0p05,full,headline,semi_quadratic,lgbm,-3.5519707293069547,0.0149,9,4801,0,46,10000,1335024761,ed72b1e9cb109b6410da6b71e96f025b39d7dd1963e7602943a7580fd558bd8e,False,False
TWSE,fz0_0p05,full,headline,semi_quadratic,moirai,-3.5419720295905583,0.0106,5,4801,0,46,10000,1335024761,ed72b1e9cb109b6410da6b71e96f025b39d7dd1963e7602943a7580fd558bd8e,False,False
TWSE,fz0_0p05,full,headline,semi_quadratic,naive,-3.4977172637213525,0.0032000000000000002,1,4801,0,46,10000,1335024761,ed72b1e9cb109b6410da6b71e96f025b39d7dd1963e7602943a7580fd558bd8e,False,False
TWSE,fz0_0p05,full,headline,semi_quadratic,patchtst,-3.3286456684994614,0.0044000000000000003,2,4801,0,46,10000,1335024761,ed72b1e9cb109b6410da6b71e96f025b39d7dd1963e7602943a7580fd558bd8e,False,False
TWSE,fz0_0p05,full,headline,semi_quadratic,timesfm,-3.5407390381117678,0.0068999999999999999,3,4801,0,46,10000,1335024761,ed72b1e9cb109b6410da6b71e96f025b39d7dd1963e7602943a7580fd558bd8e,False,False
TWSE,fz0_avg,full,headline,range,autoarima,-3.1573165500375477,0.014,4,4801,0,43,10000,1310475641,7f5118927547fbd64279cc6d721f2a4f750d4acdde7819dd333f1281cadd7ec3,False,False
TWSE,fz0_avg,full,headline,range,autoets,-3.1951935063686721,0.019400000000000001,8,4801,0,43,10000,1310475641,7f5118927547fbd64279cc6d721f2a4f750d4acdde7819dd333f1281cadd7ec3,False,False
TWSE,fz0_avg,full,headline,range,chronos,-3.0820930759438823,0.0104,1,4801,0,43,10000,1310475641,7f5118927547fbd64279cc6d721f2a4f750d4acdde7819dd333f1281cadd7ec3,False,False
TWSE,fz0_avg,full,headline,range,ewma,-3.3076052142409771,0.028299999999999999,11,4801,0,43,10000,1310475641,7f5118927547fbd64279cc6d721f2a4f750d4acdde7819dd333f1281cadd7ec3,False,False
TWSE,fz0_avg,full,headline,range,garch11,-3.3148473466208155,0.0263,9,4801,0,43,10000,1310475641,7f5118927547fbd64279cc6d721f2a4f750d4acdde7819dd333f1281cadd7ec3,False,False
TWSE,fz0_avg,full,headline,range,garch11_t,-3.3753656530828842,1,13,4801,0,43,10000,1310475641,7f5118927547fbd64279cc6d721f2a4f750d4acdde7819dd333f1281cadd7ec3,True,True
TWSE,fz0_avg,full,headline,range,gjr,-3.3751705848396303,0.99460000000000004,12,4801,0,43,10000,1310475641,7f5118927547fbd64279cc6d721f2a4f750d4acdde7819dd333f1281cadd7ec3,True,True
TWSE,fz0_avg,full,headline,range,har,-3.1969120996672782,0.0143,7,4801,0,43,10000,1310475641,7f5118927547fbd64279cc6d721f2a4f750d4acdde7819dd333f1281cadd7ec3,False,False
TWSE,fz0_avg,full,headline,range,lgbm,-3.1652927063475396,0.028299999999999999,10,4801,0,43,10000,1310475641,7f5118927547fbd64279cc6d721f2a4f750d4acdde7819dd333f1281cadd7ec3,False,False
TWSE,fz0_avg,full,headline,range,moirai,-3.1079183734229732,0.012500000000000001,3,4801,0,43,10000,1310475641,7f5118927547fbd64279cc6d721f2a4f750d4acdde7819dd333f1281cadd7ec3,False,False
TWSE,fz0_avg,full,headline,range,naive,-3.1183312804142886,0.0143,6,4801,0,43,10000,1310475641,7f5118927547fbd64279cc6d721f2a4f750d4acdde7819dd333f1281cadd7ec3,False,False
TWSE,fz0_avg,full,headline,range,patchtst,-2.6873280201622141,0.0141,5,4801,0,43,10000,1310475641,7f5118927547fbd64279cc6d721f2a4f750d4acdde7819dd333f1281cadd7ec3,False,False
TWSE,fz0_avg,full,headline,range,timesfm,-3.1147853753154866,0.0104,2,4801,0,43,10000,1310475641,7f5118927547fbd64279cc6d721f2a4f750d4acdde7819dd333f1281cadd7ec3,False,False
TWSE,fz0_avg,full,headline,semi_quadratic,autoarima,-3.1573165500375477,0.0014,4,4801,0,43,10000,1862916533,b0f5dee13d4849e299c6d8462f36f42d06b9bb2eea5ef662690d9a25a7184768,False,False
TWSE,fz0_avg,full,headline,semi_quadratic,autoets,-3.1951935063686721,0.0028,8,4801,0,43,10000,1862916533,b0f5dee13d4849e299c6d8462f36f42d06b9bb2eea5ef662690d9a25a7184768,False,False
TWSE,fz0_avg,full,headline,semi_quadratic,chronos,-3.0820930759438823,0.0011000000000000001,1,4801,0,43,10000,1862916533,b0f5dee13d4849e299c6d8462f36f42d06b9bb2eea5ef662690d9a25a7184768,False,False
TWSE,fz0_avg,full,headline,semi_quadratic,ewma,-3.3076052142409771,0.012800000000000001,11,4801,0,43,10000,1862916533,b0f5dee13d4849e299c6d8462f36f42d06b9bb2eea5ef662690d9a25a7184768,False,False
TWSE,fz0_avg,full,headline,semi_quadratic,garch11,-3.3148473466208155,0.0054000000000000003,9,4801,0,43,10000,1862916533,b0f5dee13d4849e299c6d8462f36f42d06b9bb2eea5ef662690d9a25a7184768,False,False
TWSE,fz0_avg,full,headline,semi_quadratic,garch11_t,-3.3753656530828842,1,13,4801,0,43,10000,1862916533,b0f5dee13d4849e299c6d8462f36f42d06b9bb2eea5ef662690d9a25a7184768,True,True
TWSE,fz0_avg,full,headline,semi_quadratic,gjr,-3.3751705848396303,0.99299999999999999,12,4801,0,43,10000,1862916533,b0f5dee13d4849e299c6d8462f36f42d06b9bb2eea5ef662690d9a25a7184768,True,True
TWSE,fz0_avg,full,headline,semi_quadratic,har,-3.1969120996672782,0.0028,7,4801,0,43,10000,1862916533,b0f5dee13d4849e299c6d8462f36f42d06b9bb2eea5ef662690d9a25a7184768,False,False
TWSE,fz0_avg,full,headline,semi_quadratic,lgbm,-3.1652927063475396,0.0054000000000000003,10,4801,0,43,10000,1862916533,b0f5dee13d4849e299c6d8462f36f42d06b9bb2eea5ef662690d9a25a7184768,False,False
TWSE,fz0_avg,full,headline,semi_quadratic,moirai,-3.1079183734229732,0.0012999999999999999,3,4801,0,43,10000,1862916533,b0f5dee13d4849e299c6d8462f36f42d06b9bb2eea5ef662690d9a25a7184768,False,False
TWSE,fz0_avg,full,headline,semi_quadratic,naive,-3.1183312804142886,0.0018,6,4801,0,43,10000,1862916533,b0f5dee13d4849e299c6d8462f36f42d06b9bb2eea5ef662690d9a25a7184768,False,False
TWSE,fz0_avg,full,headline,semi_quadratic,patchtst,-2.6873280201622141,0.0015,5,4801,0,43,10000,1862916533,b0f5dee13d4849e299c6d8462f36f42d06b9bb2eea5ef662690d9a25a7184768,False,False
TWSE,fz0_avg,full,headline,semi_quadratic,timesfm,-3.1147853753154866,0.0012999999999999999,2,4801,0,43,10000,1862916533,b0f5dee13d4849e299c6d8462f36f42d06b9bb2eea5ef662690d9a25a7184768,False,False
TWSE,qlike_ex_near_zero,full,headline,range,autoarima,0.53521588445541901,0.50790000000000002,9,4719,82,60,10000,1630244520,7b385bb6867f11de16450e0310f95b68003872ba42970411c3053bed8ecca96b,True,True
TWSE,qlike_ex_near_zero,full,headline,range,autoets,0.53191684916776083,0.71460000000000001,10,4719,82,60,10000,1630244520,7b385bb6867f11de16450e0310f95b68003872ba42970411c3053bed8ecca96b,True,True
TWSE,qlike_ex_near_zero,full,headline,range,chronos,0.53777143832001761,0.014500000000000001,4,4719,82,60,10000,1630244520,7b385bb6867f11de16450e0310f95b68003872ba42970411c3053bed8ecca96b,False,False
TWSE,qlike_ex_near_zero,full,headline,range,ewma,0.56047097190714723,0.080199999999999994,7,4719,82,60,10000,1630244520,7b385bb6867f11de16450e0310f95b68003872ba42970411c3053bed8ecca96b,False,False
TWSE,qlike_ex_near_zero,full,headline,range,garch11,0.56554459925307743,0.034500000000000003,6,4719,82,60,10000,1630244520,7b385bb6867f11de16450e0310f95b68003872ba42970411c3053bed8ecca96b,False,False
TWSE,qlike_ex_near_zero,full,headline,range,garch11_t,0.56648884613018025,0.080199999999999994,8,4719,82,60,10000,1630244520,7b385bb6867f11de16450e0310f95b68003872ba42970411c3053bed8ecca96b,False,False
TWSE,qlike_ex_near_zero,full,headline,range,gjr,0.53881033157559433,0.71460000000000001,11,4719,82,60,10000,1630244520,7b385bb6867f11de16450e0310f95b68003872ba42970411c3053bed8ecca96b,True,True
TWSE,qlike_ex_near_zero,full,headline,range,har,0.52748756527063123,0.71460000000000001,12,4719,82,60,10000,1630244520,7b385bb6867f11de16450e0310f95b68003872ba42970411c3053bed8ecca96b,True,True
TWSE,qlike_ex_near_zero,full,headline,range,lgbm,0.5918455750697148,0.00050000000000000001,2,4719,82,60,10000,1630244520,7b385bb6867f11de16450e0310f95b68003872ba42970411c3053bed8ecca96b,False,False
TWSE,qlike_ex_near_zero,full,headline,range,moirai,0.52384867480734087,1,13,4719,82,60,10000,1630244520,7b385bb6867f11de16450e0310f95b68003872ba42970411c3053bed8ecca96b,True,True
TWSE,qlike_ex_near_zero,full,headline,range,naive,0.75696444250496453,0,1,4719,82,60,10000,1630244520,7b385bb6867f11de16450e0310f95b68003872ba42970411c3053bed8ecca96b,False,False
TWSE,qlike_ex_near_zero,full,headline,range,patchtst,0.75304874318942094,0.0109,3,4719,82,60,10000,1630244520,7b385bb6867f11de16450e0310f95b68003872ba42970411c3053bed8ecca96b,False,False
TWSE,qlike_ex_near_zero,full,headline,range,timesfm,0.54214355651966439,0.0189,5,4719,82,60,10000,1630244520,7b385bb6867f11de16450e0310f95b68003872ba42970411c3053bed8ecca96b,False,False
TWSE,qlike_ex_near_zero,full,headline,semi_quadratic,autoarima,0.53521588445541901,0.57330000000000003,9,4719,82,60,10000,536790212,4079fe58d91cd8bf479af6d1739799e54ed3a143b0ad3fdd433402df6d93487e,True,True
TWSE,qlike_ex_near_zero,full,headline,semi_quadratic,autoets,0.53191684916776083,0.65639999999999998,10,4719,82,60,10000,536790212,4079fe58d91cd8bf479af6d1739799e54ed3a143b0ad3fdd433402df6d93487e,True,True
TWSE,qlike_ex_near_zero,full,headline,semi_quadratic,chronos,0.53777143832001761,0.0161,4,4719,82,60,10000,536790212,4079fe58d91cd8bf479af6d1739799e54ed3a143b0ad3fdd433402df6d93487e,False,False
TWSE,qlike_ex_near_zero,full,headline,semi_quadratic,ewma,0.56047097190714723,0.033300000000000003,7,4719,82,60,10000,536790212,4079fe58d91cd8bf479af6d1739799e54ed3a143b0ad3fdd433402df6d93487e,False,False
TWSE,qlike_ex_near_zero,full,headline,semi_quadratic,garch11,0.56554459925307743,0.0161,6,4719,82,60,10000,536790212,4079fe58d91cd8bf479af6d1739799e54ed3a143b0ad3fdd433402df6d93487e,False,False
TWSE,qlike_ex_near_zero,full,headline,semi_quadratic,garch11_t,0.56648884613018025,0.075200000000000003,8,4719,82,60,10000,536790212,4079fe58d91cd8bf479af6d1739799e54ed3a143b0ad3fdd433402df6d93487e,False,False
TWSE,qlike_ex_near_zero,full,headline,semi_quadratic,gjr,0.53881033157559433,0.65639999999999998,11,4719,82,60,10000,536790212,4079fe58d91cd8bf479af6d1739799e54ed3a143b0ad3fdd433402df6d93487e,True,True
TWSE,qlike_ex_near_zero,full,headline,semi_quadratic,har,0.52748756527063123,0.65639999999999998,12,4719,82,60,10000,536790212,4079fe58d91cd8bf479af6d1739799e54ed3a143b0ad3fdd433402df6d93487e,True,True
TWSE,qlike_ex_near_zero,full,headline,semi_quadratic,lgbm,0.5918455750697148,0.0012999999999999999,2,4719,82,60,10000,536790212,4079fe58d91cd8bf479af6d1739799e54ed3a143b0ad3fdd433402df6d93487e,False,False
TWSE,qlike_ex_near_zero,full,headline,semi_quadratic,moirai,0.52384867480734087,1,13,4719,82,60,10000,536790212,4079fe58d91cd8bf479af6d1739799e54ed3a143b0ad3fdd433402df6d93487e,True,True
TWSE,qlike_ex_near_zero,full,headline,semi_quadratic,naive,0.75696444250496453,0,1,4719,82,60,10000,536790212,4079fe58d91cd8bf479af6d1739799e54ed3a143b0ad3fdd433402df6d93487e,False,False
TWSE,qlike_ex_near_zero,full,headline,semi_quadratic,patchtst,0.75304874318942094,0.0043,3,4719,82,60,10000,536790212,4079fe58d91cd8bf479af6d1739799e54ed3a143b0ad3fdd433402df6d93487e,False,False
TWSE,qlike_ex_near_zero,full,headline,semi_quadratic,timesfm,0.54214355651966439,0.0161,5,4719,82,60,10000,536790212,4079fe58d91cd8bf479af6d1739799e54ed3a143b0ad3fdd433402df6d93487e,False,False
