asset,loss,model_a,model_b,origins,n_used,dropped
BTC-USD,crps,autoarima,autoarima,2791,2791,0
BTC-USD,crps,autoarima,autoets,2791,2791,0
BTC-USD,crps,autoarima,chronos,2791,2791,0
BTC-USD,crps,autoarima,ewma,2791,2791,0
BTC-USD,crps,autoarima,garch11,2791,2791,0
BTC-USD,crps,autoarima,garch11_t,2791,2791,0
BTC-USD,crps,autoarima,gjr,2791,2791,0
BTC-USD,crps,autoarima,har,2791,2791,0
BTC-USD,crps,autoarima,lgbm,2791,2791,0
BTC-USD,crps,autoarima,moirai,2791,2791,0
BTC-USD,crps,autoarima,naive,2791,2791,0
BTC-USD,crps,autoarima,patchtst,2791,2791,0
BTC-USD,crps,autoarima,timesfm,2791,2791,0
BTC-USD,crps,autoets,autoarima,2791,2791,0
BTC-USD,crps,autoets,autoets,2791,2791,0
BTC-USD,crps,autoets,chronos,2791,2791,0
BTC-USD,crps,autoets,ewma,2791,2791,0
BTC-USD,crps,autoets,garch11,2791,2791,0
BTC-USD,crps,autoets,garch11_t,2791,2791,0
BTC-USD,crps,autoets,gjr,2791,2791,0
BTC-USD,crps,autoets,har,2791,2791,0
BTC-USD,crps,autoets,lgbm,2791,2791,0
BTC-USD,crps,autoets,moirai,2791,2791,0
BTC-USD,crps,autoets,naive,2791,2791,0
BTC-USD,crps,autoets,patchtst,2791,2791,0
BTC-USD,crps,autoets,timesfm,2791,2791,0
BTC-USD,crps,chronos,autoarima,2791,2791,0
BTC-USD,crps,chronos,autoets,2791,2791,0
BTC-USD,crps,chronos,chronos,2791,2791,0
BTC-USD,crps,chronos,ewma,2791,2791,0
BTC-USD,crps,chronos,garch11,2791,2791,0
BTC-USD,crps,chronos,garch11_t,2791,2791,0
BTC-USD,crps,chronos,gjr,2791,2791,0
BTC-USD,crps,chronos,har,2791,2791,0
BTC-USD,crps,chronos,lgbm,2791,2791,0
BTC-USD,crps,chronos,moirai,2791,2791,0
BTC-USD,crps,chronos,naive,2791,2791,0
BTC-USD,crps,chronos,patchtst,2791,2791,0
BTC-USD,crps,chronos,timesfm,2791,2791,0
BTC-USD,crps,ewma,autoarima,2791,2791,0
BTC-USD,crps,ewma,autoets,2791,2791,0
BTC-USD,crps,ewma,chronos,2791,2791,0
BTC-USD,crps,ewma,ewma,2791,2791,0
BTC-USD,crps,ewma,garch11,2791,2791,0
BTC-USD,crps,ewma,garch11_t,2791,2791,0
BTC-USD,crps,ewma,gjr,2791,2791,0
BTC-USD,crps,ewma,har,2791,2791,0
BTC-USD,crps,ewma,lgbm,2791,2791,0
BTC-USD,crps,ewma,moirai,2791,2791,0
BTC-USD,crps,ewma,naive,2791,2791,0
BTC-USD,crps,ewma,patchtst,2791,2791,0
BTC-USD,crps,ewma,timesfm,2791,2791,0
BTC-USD,crps,garch11,autoarima,2791,2791,0
BTC-USD,crps,garch11,autoets,2791,2791,0
BTC-USD,crps,garch11,chronos,2791,2791,0
BTC-USD,crps,garch11,ewma,2791,2791,0
BTC-USD,crps,garch11,garch11,2791,2791,0
BTC-USD,crps,garch11,garch11_t,2791,2791,0
BTC-USD,crps,garch11,gjr,2791,2791,0
BTC-USD,crps,garch11,har,2791,2791,0
BTC-USD,crps,garch11,lgbm,2791,2791,0
BTC-USD,crps,garch11,moirai,2791,2791,0
BTC-USD,crps,garch11,naive,2791,2791,0
BTC-USD,crps,garch11,patchtst,2791,2791,0
BTC-USD,crps,garch11,timesfm,2791,2791,0
BTC-USD,crps,garch11_t,autoarima,2791,2791,0
BTC-USD,crps,garch11_t,autoets,2791,2791,0
BTC-USD,crps,garch11_t,chronos,2791,2791,0
BTC-USD,crps,garch11_t,ewma,2791,2791,0
BTC-USD,crps,garch11_t,garch11,2791,2791,0
BTC-USD,crps,garch11_t,garch11_t,2791,2791,0
BTC-USD,crps,garch11_t,gjr,2791,2791,0
BTC-USD,crps,garch11_t,har,2791,2791,0
BTC-USD,crps,garch11_t,lgbm,2791,2791,0
BTC-USD,crps,garch11_t,moirai,2791,2791,0
BTC-USD,crps,garch11_t,naive,2791,2791,0
BTC-USD,crps,garch11_t,patchtst,2791,2791,0
BTC-USD,crps,garch11_t,timesfm,2791,2791,0
BTC-USD,crps,gjr,autoarima,2791,2791,0
BTC-USD,crps,gjr,autoets,2791,2791,0
BTC-USD,crps,gjr,chronos,2791,2791,0
BTC-USD,crps,gjr,ewma,2791,2791,0
BTC-USD,crps,gjr,garch11,2791,2791,0
BTC-USD,crps,gjr,garch11_t,2791,2791,0
BTC-USD,crps,gjr,gjr,2791,2791,0
BTC-USD,crps,gjr,har,2791,2791,0
BTC-USD,crps,gjr,lgbm,2791,2791,0
BTC-USD,crps,gjr,moirai,2791,2791,0
BTC-USD,crps,gjr,naive,2791,2791,0
BTC-USD,crps,gjr,patchtst,2791,2791,0
BTC-USD,crps,gjr,timesfm,2791,2791,0
BTC-USD,crps,har,autoarima,2791,2791,0
BTC-USD,crps,har,autoets,2791,2791,0
BTC-USD,crps,har,chronos,2791,2791,0
BTC-USD,crps,har,ewma,2791,2791,0
BTC-USD,crps,har,garch11,2791,2791,0
BTC-USD,crps,har,garch11_t,2791,2791,0
BTC-USD,crps,har,gjr,2791,2791,0
BTC-USD,crps,har,har,2791,2791,0
BTC-USD,crps,har,lgbm,2791,2791,0
BTC-USD,crps,har,moirai,2791,2791,0
BTC-USD,crps,har,naive,2791,2791,0
BTC-USD,crps,har,patchtst,2791,2791,0
BTC-USD,crps,har,timesfm,2791,2791,0
BTC-USD,crps,lgbm,autoarima,2791,2791,0
BTC-USD,crps,lgbm,autoets,2791,2791,0
BTC-USD,crps,lgbm,chronos,2791,2791,0
BTC-USD,crps,lgbm,ewma,2791,2791,0
BTC-USD,crps,lgbm,garch11,2791,2791,0
BTC-USD,crps,lgbm,garch11_t,2791,2791,0
BTC-USD,crps,lgbm,gjr,2791,2791,0
BTC-USD,crps,lgbm,har,2791,2791,0
BTC-USD,crps,lgbm,lgbm,2791,2791,0
BTC-USD,crps,lgbm,moirai,2791,2791,0
BTC-USD,crps,lgbm,naive,2791,2791,0
BTC-USD,crps,lgbm,patchtst,2791,2791,0
BTC-USD,crps,lgbm,timesfm,2791,2791,0
BTC-USD,crps,moirai,autoarima,2791,2791,0
BTC-USD,crps,moirai,autoets,2791,2791,0
BTC-USD,crps,moirai,chronos,2791,2791,0
BTC-USD,crps,moirai,ewma,2791,2791,0
BTC-USD,crps,moirai,garch11,2791,2791,0
BTC-USD,crps,moirai,garch11_t,2791,2791,0
BTC-USD,crps,moirai,gjr,2791,2791,0
BTC-USD,crps,moirai,har,2791,2791,0
BTC-USD,crps,moirai,lgbm,2791,2791,0
BTC-USD,crps,moirai,moirai,2791,2791,0
BTC-USD,crps,moirai,naive,2791,2791,0
BTC-USD,crps,moirai,patchtst,2791,2791,0
BTC-USD,crps,moirai,timesfm,2791,2791,0
BTC-USD,crps,naive,autoarima,2791,2791,0
BTC-USD,crps,naive,autoets,2791,2791,0
BTC-USD,crps,naive,chronos,2791,2791,0
BTC-USD,crps,naive,ewma,2791,2791,0
BTC-USD,crps,naive,garch11,2791,2791,0
BTC-USD,crps,naive,garch11_t,2791,2791,0
BTC-USD,crps,naive,gjr,2791,2791,0
BTC-USD,crps,naive,har,2791,2791,0
BTC-USD,crps,naive,lgbm,2791,2791,0
BTC-USD,crps,naive,moirai,2791,2791,0
BTC-USD,crps,naive,naive,2791,2791,0
BTC-USD,crps,naive,patchtst,2791,2791,0
BTC-USD,crps,naive,timesfm,2791,2791,0
BTC-USD,crps,patchtst,autoarima,2791,2791,0
BTC-USD,crps,patchtst,autoets,2791,2791,0
BTC-USD,crps,patchtst,chronos,2791,2791,0
BTC-USD,crps,patchtst,ewma,2791,2791,0
BTC-USD,crps,patchtst,garch11,2791,2791,0
BTC-USD,crps,patchtst,garch11_t,2791,2791,0
BTC-USD,crps,patchtst,gjr,2791,2791,0
BTC-USD,crps,patchtst,har,2791,2791,0
BTC-USD,crps,patchtst,lgbm,2791,2791,0
BTC-USD,crps,patchtst,moirai,2791,2791,0
BTC-USD,crps,patchtst,naive,2791,2791,0
BTC-USD,crps,patchtst,patchtst,2791,2791,0
BTC-USD,crps,patchtst,timesfm,2791,2791,0
BTC-USD,crps,timesfm,autoarima,2791,2791,0
BTC-USD,crps,timesfm,autoets,2791,2791,0
BTC-USD,crps,timesfm,chronos,2791,2791,0
BTC-USD,crps,timesfm,ewma,2791,2791,0
BTC-USD,crps,timesfm,garch11,2791,2791,0
BTC-USD,crps,timesfm,garch11_t,2791,2791,0
BTC-USD,crps,timesfm,gjr,2791,2791,0
BTC-USD,crps,timesfm,har,2791,2791,0
BTC-USD,crps,timesfm,lgbm,2791,2791,0
BTC-USD,crps,timesfm,moirai,2791,2791,0
BTC-USD,crps,timesfm,naive,2791,2791,0
BTC-USD,crps,timesfm,patchtst,2791,2791,0
BTC-USD,crps,timesfm,timesfm,2791,2791,0
BTC-USD,log_score,autoarima,autoarima,2791,2791,0
BTC-USD,log_score,autoarima,autoets,2791,2791,0
BTC-USD,log_score,autoarima,chronos,2791,2791,0
BTC-USD,log_score,autoarima,ewma,2791,2791,0
BTC-USD,log_score,autoarima,garch11,2791,2791,0
BTC-USD,log_score,autoarima,garch11_t,2791,2791,0
BTC-USD,log_score,autoarima,gjr,2791,2791,0
BTC-USD,log_score,autoarima,har,2791,2791,0
BTC-USD,log_score,autoarima,lgbm,2791,2791,0
BTC-USD,log_score,autoarima,moirai,2791,2791,0
BTC-USD,log_score,autoarima,naive,2791,2791,0
BTC-USD,log_score,autoarima,patchtst,2791,2791,0
BTC-USD,log_score,autoarima,timesfm,2791,2791,0
BTC-USD,log_score,autoets,autoarima,2791,2791,0
BTC-USD,log_score,autoets,autoets,2791,2791,0
BTC-USD,log_score,autoets,chronos,2791,2791,0
BTC-USD,log_score,autoets,ewma,2791,2791,0
BTC-USD,log_score,autoets,garch11,2791,2791,0
BTC-USD,log_score,autoets,garch11_t,2791,2791,0
BTC-USD,log_score,autoets,gjr,2791,2791,0
BTC-USD,log_score,autoets,har,2791,2791,0
BTC-USD,log_score,autoets,lgbm,2791,2791,0
BTC-USD,log_score,autoets,moirai,2791,2791,0
BTC-USD,log_score,autoets,naive,2791,2791,0
BTC-USD,log_score,autoets,patchtst,2791,2791,0
BTC-USD,log_score,autoets,timesfm,2791,2791,0
BTC-USD,log_score,chronos,autoarima,2791,2791,0
BTC-USD,log_score,chronos,autoets,2791,2791,0
BTC-USD,log_score,chronos,chronos,2791,2791,0
BTC-USD,log_score,chronos,ewma,2791,2791,0
BTC-USD,log_score,chronos,garch11,2791,2791,0
BTC-USD,log_score,chronos,garch11_t,2791,2791,0
BTC-USD,log_score,chronos,gjr,2791,2791,0
BTC-USD,log_score,chronos,har,2791,2791,0
BTC-USD,log_score,chronos,lgbm,2791,2791,0
BTC-USD,log_score,chronos,moirai,2791,2791,0
BTC-USD,log_score,chronos,naive,2791,2791,0
BTC-USD,log_score,chronos,patchtst,2791,2791,0
BTC-USD,log_score,chronos,timesfm,2791,2791,0
BTC-USD,log_score,ewma,autoarima,2791,2791,0
BTC-USD,log_score,ewma,autoets,2791,2791,0
BTC-USD,log_score,ewma,chronos,2791,2791,0
BTC-USD,log_score,ewma,ewma,2791,2791,0
BTC-USD,log_score,ewma,garch11,2791,2791,0
BTC-USD,log_score,ewma,garch11_t,2791,2791,0
BTC-USD,log_score,ewma,gjr,2791,2791,0
BTC-USD,log_score,ewma,har,2791,2791,0
BTC-USD,log_score,ewma,lgbm,2791,2791,0
BTC-USD,log_score,ewma,moirai,2791,2791,0
BTC-USD,log_score,ewma,naive,2791,2791,0
BTC-USD,log_score,ewma,patchtst,2791,2791,0
BTC-USD,log_score,ewma,timesfm,2791,2791,0
BTC-USD,log_score,garch11,autoarima,2791,2791,0
BTC-USD,log_score,garch11,autoets,2791,2791,0
BTC-USD,log_score,garch11,chronos,2791,2791,0
BTC-USD,log_score,garch11,ewma,2791,2791,0
BTC-USD,log_score,garch11,garch11,2791,2791,0
BTC-USD,log_score,garch11,garch11_t,2791,2791,0
BTC-USD,log_score,garch11,gjr,2791,2791,0
BTC-USD,log_score,garch11,har,2791,2791,0
BTC-USD,log_score,garch11,lgbm,2791,2791,0
BTC-USD,log_score,garch11,moirai,2791,2791,0
BTC-USD,log_score,garch11,naive,2791,2791,0
BTC-USD,log_score,garch11,patchtst,2791,2791,0
BTC-USD,log_score,garch11,timesfm,2791,2791,0
BTC-USD,log_score,garch11_t,autoarima,2791,2791,0
BTC-USD,log_score,garch11_t,autoets,2791,2791,0
BTC-USD,log_score,garch11_t,chronos,2791,2791,0
BTC-USD,log_score,garch11_t,ewma,2791,2791,0
BTC-USD,log_score,garch11_t,garch11,2791,2791,0
BTC-USD,log_score,garch11_t,garch11_t,2791,2791,0
BTC-USD,log_score,garch11_t,gjr,2791,2791,0
BTC-USD,log_score,garch11_t,har,2791,2791,0
BTC-USD,log_score,garch11_t,lgbm,2791,2791,0
BTC-USD,log_score,garch11_t,moirai,2791,2791,0
BTC-USD,log_score,garch11_t,naive,2791,2791,0
BTC-USD,log_score,garch11_t,patchtst,2791,2791,0
BTC-USD,log_score,garch11_t,timesfm,2791,2791,0
BTC-USD,log_score,gjr,autoarima,2791,2791,0
BTC-USD,log_score,gjr,autoets,2791,2791,0
BTC-USD,log_score,gjr,chronos,2791,2791,0
BTC-USD,log_score,gjr,ewma,2791,2791,0
BTC-USD,log_score,gjr,garch11,2791,2791,0
BTC-USD,log_score,gjr,garch11_t,2791,2791,0
BTC-USD,log_score,gjr,gjr,2791,2791,0
BTC-USD,log_score,gjr,har,2791,2791,0
BTC-USD,log_score,gjr,lgbm,2791,2791,0
BTC-USD,log_score,gjr,moirai,2791,2791,0
BTC-USD,log_score,gjr,naive,2791,2791,0
BTC-USD,log_score,gjr,patchtst,2791,2791,0
BTC-USD,log_score,gjr,timesfm,2791,2791,0
BTC-USD,log_score,har,autoarima,2791,2791,0
BTC-USD,log_score,har,autoets,2791,2791,0
BTC-USD,log_score,har,chronos,2791,2791,0
BTC-USD,log_score,har,ewma,2791,2791,0
BTC-USD,log_score,har,garch11,2791,2791,0
BTC-USD,log_score,har,garch11_t,2791,2791,0
BTC-USD,log_score,har,gjr,2791,2791,0
BTC-USD,log_score,har,har,2791,2791,0
BTC-USD,log_score,har,lgbm,2791,2791,0
BTC-USD,log_score,har,moirai,2791,2791,0
BTC-USD,log_score,har,naive,2791,2791,0
BTC-USD,log_score,har,patchtst,2791,2791,0
BTC-USD,log_score,har,timesfm,2791,2791,0
BTC-USD,log_score,lgbm,autoarima,2791,2791,0
BTC-USD,log_score,lgbm,autoets,2791,2791,0
BTC-USD,log_score,lgbm,chronos,2791,2791,0
BTC-USD,log_score,lgbm,ewma,2791,2791,0
BTC-USD,log_score,lgbm,garch11,2791,2791,0
BTC-USD,log_score,lgbm,garch11_t,2791,2791,0
BTC-USD,log_score,lgbm,gjr,2791,2791,0
BTC-USD,log_score,lgbm,har,2791,2791,0
BTC-USD,log_score,lgbm,lgbm,2791,2791,0
BTC-USD,log_score,lgbm,moirai,2791,2791,0
BTC-USD,log_score,lgbm,naive,2791,2791,0
BTC-USD,log_score,lgbm,patchtst,2791,2791,0
BTC-USD,log_score,lgbm,timesfm,2791,2791,0
BTC-USD,log_score,moirai,autoarima,2791,2791,0
BTC-USD,log_score,moirai,autoets,2791,2791,0
BTC-USD,log_score,moirai,chronos,2791,2791,0
BTC-USD,log_score,moirai,ewma,2791,2791,0
BTC-USD,log_score,moirai,garch11,2791,2791,0
BTC-USD,log_score,moirai,garch11_t,2791,2791,0
BTC-USD,log_score,moirai,gjr,2791,2791,0
BTC-USD,log_score,moirai,har,2791,2791,0
BTC-USD,log_score,moirai,lgbm,2791,2791,0
BTC-USD,log_score,moirai,moirai,2791,2791,0
BTC-USD,log_score,moirai,naive,2791,2791,0
BTC-USD,log_score,moirai,patchtst,2791,2791,0
BTC-USD,log_score,moirai,timesfm,2791,2791,0
BTC-USD,log_score,naive,autoarima,2791,2791,0
BTC-USD,log_score,naive,autoets,2791,2791,0
BTC-USD,log_score,naive,chronos,2791,2791,0
BTC-USD,log_score,naive,ewma,2791,2791,0
BTC-USD,log_score,naive,garch11,2791,2791,0
BTC-USD,log_score,naive,garch11_t,2791,2791,0
BTC-USD,log_score,naive,gjr,2791,2791,0
BTC-USD,log_score,naive,har,2791,2791,0
BTC-USD,log_score,naive,lgbm,2791,2791,0
BTC-USD,log_score,naive,moirai,2791,2791,0
BTC-USD,log_score,naive,naive,2791,2791,0
BTC-USD,log_score,naive,patchtst,2791,2791,0
BTC-USD,log_score,naive,timesfm,2791,2791,0
BTC-USD,log_score,patchtst,autoarima,2791,2791,0
BTC-USD,log_score,patchtst,autoets,2791,2791,0
BTC-USD,log_score,patchtst,chronos,2791,2791,0
BTC-USD,log_score,patchtst,ewma,2791,2791,0
BTC-USD,log_score,patchtst,garch11,2791,2791,0
BTC-USD,log_score,patchtst,garch11_t,2791,2791,0
BTC-USD,log_score,patchtst,gjr,2791,2791,0
BTC-USD,log_score,patchtst,har,2791,2791,0
BTC-USD,log_score,patchtst,lgbm,2791,2791,0
BTC-USD,log_score,patchtst,moirai,2791,2791,0
BTC-USD,log_score,patchtst,naive,2791,2791,0
BTC-USD,log_score,patchtst,patchtst,2791,2791,0
BTC-USD,log_score,patchtst,timesfm,2791,2791,0
BTC-USD,log_score,timesfm,autoarima,2791,2791,0
BTC-USD,log_score,timesfm,autoets,2791,2791,0
BTC-USD,log_score,timesfm,chronos,2791,2791,0
BTC-USD,log_score,timesfm,ewma,2791,2791,0
BTC-USD,log_score,timesfm,garch11,2791,2791,0
BTC-USD,log_score,timesfm,garch11_t,2791,2791,0
BTC-USD,log_score,timesfm,gjr,2791,2791,0
BTC-USD,log_score,timesfm,har,2791,2791,0
BTC-USD,log_score,timesfm,lgbm,2791,2791,0
BTC-USD,log_score,timesfm,moirai,2791,2791,0
BTC-USD,log_score,timesfm,naive,2791,2791,0
BTC-USD,log_score,timesfm,patchtst,2791,2791,0
BTC-USD,log_score,timesfm,timesfm,2791,2791,0
BTC-USD,pinball_0p01,autoarima,autoarima,2791,2791,0
BTC-USD,pinball_0p01,autoarima,autoets,2791,2791,0
BTC-USD,pinball_0p01,autoarima,chronos,2791,2791,0
BTC-USD,pinball_0p01,autoarima,ewma,2791,2791,0
BTC-USD,pinball_0p01,autoarima,garch11,2791,2791,0
BTC-USD,pinball_0p01,autoarima,garch11_t,2791,2791,0
BTC-USD,pinball_0p01,autoarima,gjr,2791,2791,0
BTC-USD,pinball_0p01,autoarima,har,2791,2791,0
BTC-USD,pinball_0p01,autoarima,lgbm,2791,2791,0
BTC-USD,pinball_0p01,autoarima,moirai,2791,2791,0
BTC-USD,pinball_0p01,autoarima,naive,2791,2791,0
BTC-USD,pinball_0p01,autoarima,patchtst,2791,2791,0
BTC-USD,pinball_0p01,autoarima,timesfm,2791,2791,0
BTC-USD,pinball_0p01,autoets,autoarima,2791,2791,0
BTC-USD,pinball_0p01,autoets,autoets,2791,2791,0
BTC-USD,pinball_0p01,autoets,chronos,2791,2791,0
BTC-USD,pinball_0p01,autoets,ewma,2791,2791,0
BTC-USD,pinball_0p01,autoets,garch11,2791,2791,0
BTC-USD,pinball_0p01,autoets,garch11_t,2791,2791,0
BTC-USD,pinball_0p01,autoets,gjr,2791,2791,0
BTC-USD,pinball_0p01,autoets,har,2791,2791,0
BTC-USD,pinball_0p01,autoets,lgbm,2791,2791,0
BTC-USD,pinball_0p01,autoets,moirai,2791,2791,0
BTC-USD,pinball_0p01,autoets,naive,2791,2791,0
BTC-USD,pinball_0p01,autoets,patchtst,2791,2791,0
BTC-USD,pinball_0p01,autoets,timesfm,2791,2791,0
BTC-USD,pinball_0p01,chronos,autoarima,2791,2791,0
BTC-USD,pinball_0p01,chronos,autoets,2791,2791,0
BTC-USD,pinball_0p01,chronos,chronos,2791,2791,0
BTC-USD,pinball_0p01,chronos,ewma,2791,2791,0
BTC-USD,pinball_0p01,chronos,garch11,2791,2791,0
BTC-USD,pinball_0p01,chronos,garch11_t,2791,2791,0
BTC-USD,pinball_0p01,chronos,gjr,2791,2791,0
BTC-USD,pinball_0p01,chronos,har,2791,2791,0
BTC-USD,pinball_0p01,chronos,lgbm,2791,2791,0
BTC-USD,pinball_0p01,chronos,moirai,2791,2791,0
BTC-USD,pinball_0p01,chronos,naive,2791,2791,0
BTC-USD,pinball_0p01,chronos,patchtst,2791,2791,0
BTC-USD,pinball_0p01,chronos,timesfm,2791,2791,0
BTC-USD,pinball_0p01,ewma,autoarima,2791,2791,0
BTC-USD,pinball_0p01,ewma,autoets,2791,2791,0
BTC-USD,pinball_0p01,ewma,chronos,2791,2791,0
BTC-USD,pinball_0p01,ewma,ewma,2791,2791,0
BTC-USD,pinball_0p01,ewma,garch11,2791,2791,0
BTC-USD,pinball_0p01,ewma,garch11_t,2791,2791,0
BTC-USD,pinball_0p01,ewma,gjr,2791,2791,0
BTC-USD,pinball_0p01,ewma,har,2791,2791,0
BTC-USD,pinball_0p01,ewma,lgbm,2791,2791,0
BTC-USD,pinball_0p01,ewma,moirai,2791,2791,0
BTC-USD,pinball_0p01,ewma,naive,2791,2791,0
BTC-USD,pinball_0p01,ewma,patchtst,2791,2791,0
BTC-USD,pinball_0p01,ewma,timesfm,2791,2791,0
BTC-USD,pinball_0p01,garch11,autoarima,2791,2791,0
BTC-USD,pinball_0p01,garch11,autoets,2791,2791,0
BTC-USD,pinball_0p01,garch11,chronos,2791,2791,0
BTC-USD,pinball_0p01,garch11,ewma,2791,2791,0
BTC-USD,pinball_0p01,garch11,garch11,2791,2791,0
BTC-USD,pinball_0p01,garch11,garch11_t,2791,2791,0
BTC-USD,pinball_0p01,garch11,gjr,2791,2791,0
BTC-USD,pinball_0p01,garch11,har,2791,2791,0
BTC-USD,pinball_0p01,garch11,lgbm,2791,2791,0
BTC-USD,pinball_0p01,garch11,moirai,2791,2791,0
BTC-USD,pinball_0p01,garch11,naive,2791,2791,0
BTC-USD,pinball_0p01,garch11,patchtst,2791,2791,0
BTC-USD,pinball_0p01,garch11,timesfm,2791,2791,0
BTC-USD,pinball_0p01,garch11_t,autoarima,2791,2791,0
BTC-USD,pinball_0p01,garch11_t,autoets,2791,2791,0
BTC-USD,pinball_0p01,garch11_t,chronos,2791,2791,0
BTC-USD,pinball_0p01,garch11_t,ewma,2791,2791,0
BTC-USD,pinball_0p01,garch11_t,garch11,2791,2791,0
BTC-USD,pinball_0p01,garch11_t,garch11_t,2791,2791,0
BTC-USD,pinball_0p01,garch11_t,gjr,2791,2791,0
BTC-USD,pinball_0p01,garch11_t,har,2791,2791,0
BTC-USD,pinball_0p01,garch11_t,lgbm,2791,2791,0
BTC-USD,pinball_0p01,garch11_t,moirai,2791,2791,0
BTC-USD,pinball_0p01,garch11_t,naive,2791,2791,0
BTC-USD,pinball_0p01,garch11_t,patchtst,2791,2791,0
BTC-USD,pinball_0p01,garch11_t,timesfm,2791,2791,0
BTC-USD,pinball_0p01,gjr,autoarima,2791,2791,0
BTC-USD,pinball_0p01,gjr,autoets,2791,2791,0
BTC-USD,pinball_0p01,gjr,chronos,2791,2791,0
BTC-USD,pinball_0p01,gjr,ewma,2791,2791,0
BTC-USD,pinball_0p01,gjr,garch11,2791,2791,0
BTC-USD,pinball_0p01,gjr,garch11_t,2791,2791,0
BTC-USD,pinball_0p01,gjr,gjr,2791,2791,0
BTC-USD,pinball_0p01,gjr,har,2791,2791,0
BTC-USD,pinball_0p01,gjr,lgbm,2791,2791,0
BTC-USD,pinball_0p01,gjr,moirai,2791,2791,0
BTC-USD,pinball_0p01,gjr,naive,2791,2791,0
BTC-USD,pinball_0p01,gjr,patchtst,2791,2791,0
BTC-USD,pinball_0p01,gjr,timesfm,2791,2791,0
BTC-USD,pinball_0p01,har,autoarima,2791,2791,0
BTC-USD,pinball_0p01,har,autoets,2791,2791,0
BTC-USD,pinball_0p01,har,chronos,2791,2791,0
BTC-USD,pinball_0p01,har,ewma,2791,2791,0
BTC-USD,pinball_0p01,har,garch11,2791,2791,0
BTC-USD,pinball_0p01,har,garch11_t,2791,2791,0
BTC-USD,pinball_0p01,har,gjr,2791,2791,0
BTC-USD,pinball_0p01,har,har,2791,2791,0
BTC-USD,pinball_0p01,har,lgbm,2791,2791,0
BTC-USD,pinball_0p01,har,moirai,2791,2791,0
BTC-USD,pinball_0p01,har,naive,2791,2791,0
BTC-USD,pinball_0p01,har,patchtst,2791,2791,0
BTC-USD,pinball_0p01,har,timesfm,2791,2791,0
BTC-USD,pinball_0p01,lgbm,autoarima,2791,2791,0
BTC-USD,pinball_0p01,lgbm,autoets,2791,2791,0
BTC-USD,pinball_0p01,lgbm,chronos,2791,2791,0
BTC-USD,pinball_0p01,lgbm,ewma,2791,2791,0
BTC-USD,pinball_0p01,lgbm,garch11,2791,2791,0
BTC-USD,pinball_0p01,lgbm,garch11_t,2791,2791,0
BTC-USD,pinball_0p01,lgbm,gjr,2791,2791,0
BTC-USD,pinball_0p01,lgbm,har,2791,2791,0
BTC-USD,pinball_0p01,lgbm,lgbm,2791,2791,0
BTC-USD,pinball_0p01,lgbm,moirai,2791,2791,0
BTC-USD,pinball_0p01,lgbm,naive,2791,2791,0
BTC-USD,pinball_0p01,lgbm,patchtst,2791,2791,0
BTC-USD,pinball_0p01,lgbm,timesfm,2791,2791,0
BTC-USD,pinball_0p01,moirai,autoarima,2791,2791,0
BTC-USD,pinball_0p01,moirai,autoets,2791,2791,0
BTC-USD,pinball_0p01,moirai,chronos,2791,2791,0
BTC-USD,pinball_0p01,moirai,ewma,2791,2791,0
BTC-USD,pinball_0p01,moirai,garch11,2791,2791,0
BTC-USD,pinball_0p01,moirai,garch11_t,2791,2791,0
BTC-USD,pinball_0p01,moirai,gjr,2791,2791,0
BTC-USD,pinball_0p01,moirai,har,2791,2791,0
BTC-USD,pinball_0p01,moirai,lgbm,2791,2791,0
BTC-USD,pinball_0p01,moirai,moirai,2791,2791,0
BTC-USD,pinball_0p01,moirai,naive,2791,2791,0
BTC-USD,pinball_0p01,moirai,patchtst,2791,2791,0
BTC-USD,pinball_0p01,moirai,timesfm,2791,2791,0
BTC-USD,pinball_0p01,naive,autoarima,2791,2791,0
BTC-USD,pinball_0p01,naive,autoets,2791,2791,0
BTC-USD,pinball_0p01,naive,chronos,2791,2791,0
BTC-USD,pinball_0p01,naive,ewma,2791,2791,0
BTC-USD,pinball_0p01,naive,garch11,2791,2791,0
BTC-USD,pinball_0p01,naive,garch11_t,2791,2791,0
BTC-USD,pinball_0p01,naive,gjr,2791,2791,0
BTC-USD,pinball_0p01,naive,har,2791,2791,0
BTC-USD,pinball_0p01,naive,lgbm,2791,2791,0
BTC-USD,pinball_0p01,naive,moirai,2791,2791,0
BTC-USD,pinball_0p01,naive,naive,2791,2791,0
BTC-USD,pinball_0p01,naive,patchtst,2791,2791,0
BTC-USD,pinball_0p01,naive,timesfm,2791,2791,0
BTC-USD,pinball_0p01,patchtst,autoarima,2791,2791,0
BTC-USD,pinball_0p01,patchtst,autoets,2791,2791,0
BTC-USD,pinball_0p01,patchtst,chronos,2791,2791,0
BTC-USD,pinball_0p01,patchtst,ewma,2791,2791,0
BTC-USD,pinball_0p01,patchtst,garch11,2791,2791,0
BTC-USD,pinball_0p01,patchtst,garch11_t,2791,2791,0
BTC-USD,pinball_0p01,patchtst,gjr,2791,2791,0
BTC-USD,pinball_0p01,patchtst,har,2791,2791,0
BTC-USD,pinball_0p01,patchtst,lgbm,2791,2791,0
BTC-USD,pinball_0p01,patchtst,moirai,2791,2791,0
BTC-USD,pinball_0p01,patchtst,naive,2791,2791,0
BTC-USD,pinball_0p01,patchtst,patchtst,2791,2791,0
BTC-USD,pinball_0p01,patchtst,timesfm,2791,2791,0
BTC-USD,pinball_0p01,timesfm,autoarima,2791,2791,0
BTC-USD,pinball_0p01,timesfm,autoets,2791,2791,0
BTC-USD,pinball_0p01,timesfm,chronos,2791,2791,0
BTC-USD,pinball_0p01,timesfm,ewma,2791,2791,0
BTC-USD,pinball_0p01,timesfm,garch11,2791,2791,0
BTC-USD,pinball_0p01,timesfm,garch11_t,2791,2791,0
BTC-USD,pinball_0p01,timesfm,gjr,2791,2791,0
BTC-USD,pinball_0p01,timesfm,har,2791,2791,0
BTC-USD,pinball_0p01,timesfm,lgbm,2791,2791,0
BTC-USD,pinball_0p01,timesfm,moirai,2791,2791,0
BTC-USD,pinball_0p01,timesfm,naive,2791,2791,0
BTC-USD,pinball_0p01,timesfm,patchtst,2791,2791,0
BTC-USD,pinball_0p01,timesfm,timesfm,2791,2791,0
BTC-USD,pinball_0p025,autoarima,autoarima,2791,2791,0
BTC-USD,pinball_0p025,autoarima,autoets,2791,2791,0
BTC-USD,pinball_0p025,autoarima,chronos,2791,2791,0
BTC-USD,pinball_0p025,autoarima,ewma,2791,2791,0
BTC-USD,pinball_0p025,autoarima,garch11,2791,2791,0
BTC-USD,pinball_0p025,autoarima,garch11_t,2791,2791,0
BTC-USD,pinball_0p025,autoarima,gjr,2791,2791,0
BTC-USD,pinball_0p025,autoarima,har,2791,2791,0
BTC-USD,pinball_0p025,autoarima,lgbm,2791,2791,0
BTC-USD,pinball_0p025,autoarima,moirai,2791,2791,0
BTC-USD,pinball_0p025,autoarima,naive,2791,2791,0
BTC-USD,pinball_0p025,autoarima,patchtst,2791,2791,0
BTC-USD,pinball_0p025,autoarima,timesfm,2791,2791,0
BTC-USD,pinball_0p025,autoets,autoarima,2791,2791,0
BTC-USD,pinball_0p025,autoets,autoets,2791,2791,0
BTC-USD,pinball_0p025,autoets,chronos,2791,2791,0
BTC-USD,pinball_0p025,autoets,ewma,2791,2791,0
BTC-USD,pinball_0p025,autoets,garch11,2791,2791,0
BTC-USD,pinball_0p025,autoets,garch11_t,2791,2791,0
BTC-USD,pinball_0p025,autoets,gjr,2791,2791,0
BTC-USD,pinball_0p025,autoets,har,2791,2791,0
BTC-USD,pinball_0p025,autoets,lgbm,2791,2791,0
BTC-USD,pinball_0p025,autoets,moirai,2791,2791,0
BTC-USD,pinball_0p025,autoets,naive,2791,2791,0
BTC-USD,pinball_0p025,autoets,patchtst,2791,2791,0
BTC-USD,pinball_0p025,autoets,timesfm,2791,2791,0
BTC-USD,pinball_0p025,chronos,autoarima,2791,2791,0
BTC-USD,pinball_0p025,chronos,autoets,2791,2791,0
BTC-USD,pinball_0p025,chronos,chronos,2791,2791,0
BTC-USD,pinball_0p025,chronos,ewma,2791,2791,0
BTC-USD,pinball_0p025,chronos,garch11,2791,2791,0
BTC-USD,pinball_0p025,chronos,garch11_t,2791,2791,0
BTC-USD,pinball_0p025,chronos,gjr,2791,2791,0
BTC-USD,pinball_0p025,chronos,har,2791,2791,0
BTC-USD,pinball_0p025,chronos,lgbm,2791,2791,0
BTC-USD,pinball_0p025,chronos,moirai,2791,2791,0
BTC-USD,pinball_0p025,chronos,naive,2791,2791,0
BTC-USD,pinball_0p025,chronos,patchtst,2791,2791,0
BTC-USD,pinball_0p025,chronos,timesfm,2791,2791,0
BTC-USD,pinball_0p025,ewma,autoarima,2791,2791,0
BTC-USD,pinball_0p025,ewma,autoets,2791,2791,0
BTC-USD,pinball_0p025,ewma,chronos,2791,2791,0
BTC-USD,pinball_0p025,ewma,ewma,2791,2791,0
BTC-USD,pinball_0p025,ewma,garch11,2791,2791,0
BTC-USD,pinball_0p025,ewma,garch11_t,2791,2791,0
BTC-USD,pinball_0p025,ewma,gjr,2791,2791,0
BTC-USD,pinball_0p025,ewma,har,2791,2791,0
BTC-USD,pinball_0p025,ewma,lgbm,2791,2791,0
BTC-USD,pinball_0p025,ewma,moirai,2791,2791,0
BTC-USD,pinball_0p025,ewma,naive,2791,2791,0
BTC-USD,pinball_0p025,ewma,patchtst,2791,2791,0
BTC-USD,pinball_0p025,ewma,timesfm,2791,2791,0
BTC-USD,pinball_0p025,garch11,autoarima,2791,2791,0
BTC-USD,pinball_0p025,garch11,autoets,2791,2791,0
BTC-USD,pinball_0p025,garch11,chronos,2791,2791,0
BTC-USD,pinball_0p025,garch11,ewma,2791,2791,0
BTC-USD,pinball_0p025,garch11,garch11,2791,2791,0
BTC-USD,pinball_0p025,garch11,garch11_t,2791,2791,0
BTC-USD,pinball_0p025,garch11,gjr,2791,2791,0
BTC-USD,pinball_0p025,garch11,har,2791,2791,0
BTC-USD,pinball_0p025,garch11,lgbm,2791,2791,0
BTC-USD,pinball_0p025,garch11,moirai,2791,2791,0
BTC-USD,pinball_0p025,garch11,naive,2791,2791,0
BTC-USD,pinball_0p025,garch11,patchtst,2791,2791,0
BTC-USD,pinball_0p025,garch11,timesfm,2791,2791,0
BTC-USD,pinball_0p025,garch11_t,autoarima,2791,2791,0
BTC-USD,pinball_0p025,garch11_t,autoets,2791,2791,0
BTC-USD,pinball_0p025,garch11_t,chronos,2791,2791,0
BTC-USD,pinball_0p025,garch11_t,ewma,2791,2791,0
BTC-USD,pinball_0p025,garch11_t,garch11,2791,2791,0
BTC-USD,pinball_0p025,garch11_t,garch11_t,2791,2791,0
BTC-USD,pinball_0p025,garch11_t,gjr,2791,2791,0
BTC-USD,pinball_0p025,garch11_t,har,2791,2791,0
BTC-USD,pinball_0p025,garch11_t,lgbm,2791,2791,0
BTC-USD,pinball_0p025,garch11_t,moirai,2791,2791,0
BTC-USD,pinball_0p025,garch11_t,naive,2791,2791,0
BTC-USD,pinball_0p025,garch11_t,patchtst,2791,2791,0
BTC-USD,pinball_0p025,garch11_t,timesfm,2791,2791,0
BTC-USD,pinball_0p025,gjr,autoarima,2791,2791,0
BTC-USD,pinball_0p025,gjr,autoets,2791,2791,0
BTC-USD,pinball_0p025,gjr,chronos,2791,2791,0
BTC-USD,pinball_0p025,gjr,ewma,2791,2791,0
BTC-USD,pinball_0p025,gjr,garch11,2791,2791,0
BTC-USD,pinball_0p025,gjr,garch11_t,2791,2791,0
BTC-USD,pinball_0p025,gjr,gjr,2791,2791,0
BTC-USD,pinball_0p025,gjr,har,2791,2791,0
BTC-USD,pinball_0p025,gjr,lgbm,2791,2791,0
BTC-USD,pinball_0p025,gjr,moirai,2791,2791,0
BTC-USD,pinball_0p025,gjr,naive,2791,2791,0
BTC-USD,pinball_0p025,gjr,patchtst,2791,2791,0
BTC-USD,pinball_0p025,gjr,timesfm,2791,2791,0
BTC-USD,pinball_0p025,har,autoarima,2791,2791,0
BTC-USD,pinball_0p025,har,autoets,2791,2791,0
BTC-USD,pinball_0p025,har,chronos,2791,2791,0
BTC-USD,pinball_0p025,har,ewma,2791,2791,0
BTC-USD,pinball_0p025,har,garch11,2791,2791,0
BTC-USD,pinball_0p025,har,garch11_t,2791,2791,0
BTC-USD,pinball_0p025,har,gjr,2791,2791,0
BTC-USD,pinball_0p025,har,har,2791,2791,0
BTC-USD,pinball_0p025,har,lgbm,2791,2791,0
BTC-USD,pinball_0p025,har,moirai,2791,2791,0
BTC-USD,pinball_0p025,har,naive,2791,2791,0
BTC-USD,pinball_0p025,har,patchtst,2791,2791,0
BTC-USD,pinball_0p025,har,timesfm,2791,2791,0
BTC-USD,pinball_0p025,lgbm,autoarima,2791,2791,0
BTC-USD,pinball_0p025,lgbm,autoets,2791,2791,0
BTC-USD,pinball_0p025,lgbm,chronos,2791,2791,0
BTC-USD,pinball_0p025,lgbm,ewma,2791,2791,0
BTC-USD,pinball_0p025,lgbm,garch11,2791,2791,0
BTC-USD,pinball_0p025,lgbm,garch11_t,2791,2791,0
BTC-USD,pinball_0p025,lgbm,gjr,2791,2791,0
BTC-USD,pinball_0p025,lgbm,har,2791,2791,0
BTC-USD,pinball_0p025,lgbm,lgbm,2791,2791,0
BTC-USD,pinball_0p025,lgbm,moirai,2791,2791,0
BTC-USD,pinball_0p025,lgbm,naive,2791,2791,0
BTC-USD,pinball_0p025,lgbm,patchtst,2791,2791,0
BTC-USD,pinball_0p025,lgbm,timesfm,2791,2791,0
BTC-USD,pinball_0p025,moirai,autoarima,2791,2791,0
BTC-USD,pinball_0p025,moirai,autoets,2791,2791,0
BTC-USD,pinball_0p025,moirai,chronos,2791,2791,0
BTC-USD,pinball_0p025,moirai,ewma,2791,2791,0
BTC-USD,pinball_0p025,moirai,garch11,2791,2791,0
BTC-USD,pinball_0p025,moirai,garch11_t,2791,2791,0
BTC-USD,pinball_0p025,moirai,gjr,2791,2791,0
BTC-USD,pinball_0p025,moirai,har,2791,2791,0
BTC-USD,pinball_0p025,moirai,lgbm,2791,2791,0
BTC-USD,pinball_0p025,moirai,moirai,2791,2791,0
BTC-USD,pinball_0p025,moirai,naive,2791,2791,0
BTC-USD,pinball_0p025,moirai,patchtst,2791,2791,0
BTC-USD,pinball_0p025,moirai,timesfm,2791,2791,0
BTC-USD,pinball_0p025,naive,autoarima,2791,2791,0
BTC-USD,pinball_0p025,naive,autoets,2791,2791,0
BTC-USD,pinball_0p025,naive,chronos,2791,2791,0
BTC-USD,pinball_0p025,naive,ewma,2791,2791,0
BTC-USD,pinball_0p025,naive,garch11,2791,2791,0
BTC-USD,pinball_0p025,naive,garch11_t,2791,2791,0
BTC-USD,pinball_0p025,naive,gjr,2791,2791,0
BTC-USD,pinball_0p025,naive,har,2791,2791,0
BTC-USD,pinball_0p025,naive,lgbm,2791,2791,0
BTC-USD,pinball_0p025,naive,moirai,2791,2791,0
BTC-USD,pinball_0p025,naive,naive,2791,2791,0
BTC-USD,pinball_0p025,naive,patchtst,2791,2791,0
BTC-USD,pinball_0p025,naive,timesfm,2791,2791,0
BTC-USD,pinball_0p025,patchtst,autoarima,2791,2791,0
BTC-USD,pinball_0p025,patchtst,autoets,2791,2791,0
BTC-USD,pinball_0p025,patchtst,chronos,2791,2791,0
BTC-USD,pinball_0p025,patchtst,ewma,2791,2791,0
BTC-USD,pinball_0p025,patchtst,garch11,2791,2791,0
BTC-USD,pinball_0p025,patchtst,garch11_t,2791,2791,0
BTC-USD,pinball_0p025,patchtst,gjr,2791,2791,0
BTC-USD,pinball_0p025,patchtst,har,2791,2791,0
BTC-USD,pinball_0p025,patchtst,lgbm,2791,2791,0
BTC-USD,pinball_0p025,patchtst,moirai,2791,2791,0
BTC-USD,pinball_0p025,patchtst,naive,2791,2791,0
BTC-USD,pinball_0p025,patchtst,patchtst,2791,2791,0
BTC-USD,pinball_0p025,patchtst,timesfm,2791,2791,0
BTC-USD,pinball_0p025,timesfm,autoarima,2791,2791,0
BTC-USD,pinball_0p025,timesfm,autoets,2791,2791,0
BTC-USD,pinball_0p025,timesfm,chronos,2791,2791,0
BTC-USD,pinball_0p025,timesfm,ewma,2791,2791,0
BTC-USD,pinball_0p025,timesfm,garch11,2791,2791,0
BTC-USD,pinball_0p025,timesfm,garch11_t,2791,2791,0
BTC-USD,pinball_0p025,timesfm,gjr,2791,2791,0
BTC-USD,pinball_0p025,timesfm,har,2791,2791,0
BTC-USD,pinball_0p025,timesfm,lgbm,2791,2791,0
BTC-USD,pinball_0p025,timesfm,moirai,2791,2791,0
BTC-USD,pinball_0p025,timesfm,naive,2791,2791,0
BTC-USD,pinball_0p025,timesfm,patchtst,2791,2791,0
BTC-USD,pinball_0p025,timesfm,timesfm,2791,2791,0
BTC-USD,pinball_0p05,autoarima,autoarima,2791,2791,0
BTC-USD,pinball_0p05,autoarima,autoets,2791,2791,0
BTC-USD,pinball_0p05,autoarima,chronos,2791,2791,0
BTC-USD,pinball_0p05,autoarima,ewma,2791,2791,0
BTC-USD,pinball_0p05,autoarima,garch11,2791,2791,0
BTC-USD,pinball_0p05,autoarima,garch11_t,2791,2791,0
BTC-USD,pinball_0p05,autoarima,gjr,2791,2791,0
BTC-USD,pinball_0p05,autoarima,har,2791,2791,0
BTC-USD,pinball_0p05,autoarima,lgbm,2791,2791,0
BTC-USD,pinball_0p05,autoarima,moirai,2791,2791,0
BTC-USD,pinball_0p05,autoarima,naive,2791,2791,0
BTC-USD,pinball_0p05,autoarima,patchtst,2791,2791,0
BTC-USD,pinball_0p05,autoarima,timesfm,2791,2791,0
BTC-USD,pinball_0p05,autoets,autoarima,2791,2791,0
BTC-USD,pinball_0p05,autoets,autoets,2791,2791,0
BTC-USD,pinball_0p05,autoets,chronos,2791,2791,0
BTC-USD,pinball_0p05,autoets,ewma,2791,2791,0
BTC-USD,pinball_0p05,autoets,garch11,2791,2791,0
BTC-USD,pinball_0p05,autoets,garch11_t,2791,2791,0
BTC-USD,pinball_0p05,autoets,gjr,2791,2791,0
BTC-USD,pinball_0p05,autoets,har,2791,2791,0
BTC-USD,pinball_0p05,autoets,lgbm,2791,2791,0
BTC-USD,pinball_0p05,autoets,moirai,2791,2791,0
BTC-USD,pinball_0p05,autoets,naive,2791,2791,0
BTC-USD,pinball_0p05,autoets,patchtst,2791,2791,0
BTC-USD,pinball_0p05,autoets,timesfm,2791,2791,0
BTC-USD,pinball_0p05,chronos,autoarima,2791,2791,0
BTC-USD,pinball_0p05,chronos,autoets,2791,2791,0
BTC-USD,pinball_0p05,chronos,chronos,2791,2791,0
BTC-USD,pinball_0p05,chronos,ewma,2791,2791,0
BTC-USD,pinball_0p05,chronos,garch11,2791,2791,0
BTC-USD,pinball_0p05,chronos,garch11_t,2791,2791,0
BTC-USD,pinball_0p05,chronos,gjr,2791,2791,0
BTC-USD,pinball_0p05,chronos,har,2791,2791,0
BTC-USD,pinball_0p05,chronos,lgbm,2791,2791,0
BTC-USD,pinball_0p05,chronos,moirai,2791,2791,0
BTC-USD,pinball_0p05,chronos,naive,2791,2791,0
BTC-USD,pinball_0p05,chronos,patchtst,2791,2791,0
BTC-USD,pinball_0p05,chronos,timesfm,2791,2791,0
BTC-USD,pinball_0p05,ewma,autoarima,2791,2791,0
BTC-USD,pinball_0p05,ewma,autoets,2791,2791,0
BTC-USD,pinball_0p05,ewma,chronos,2791,2791,0
BTC-USD,pinball_0p05,ewma,ewma,2791,2791,0
BTC-USD,pinball_0p05,ewma,garch11,2791,2791,0
BTC-USD,pinball_0p05,ewma,garch11_t,2791,2791,0
BTC-USD,pinball_0p05,ewma,gjr,2791,2791,0
BTC-USD,pinball_0p05,ewma,har,2791,2791,0
BTC-USD,pinball_0p05,ewma,lgbm,2791,2791,0
BTC-USD,pinball_0p05,ewma,moirai,2791,2791,0
BTC-USD,pinball_0p05,ewma,naive,2791,2791,0
BTC-USD,pinball_0p05,ewma,patchtst,2791,2791,0
BTC-USD,pinball_0p05,ewma,timesfm,2791,2791,0
BTC-USD,pinball_0p05,garch11,autoarima,2791,2791,0
BTC-USD,pinball_0p05,garch11,autoets,2791,2791,0
BTC-USD,pinball_0p05,garch11,chronos,2791,2791,0
BTC-USD,pinball_0p05,garch11,ewma,2791,2791,0
BTC-USD,pinball_0p05,garch11,garch11,2791,2791,0
BTC-USD,pinball_0p05,garch11,garch11_t,2791,2791,0
BTC-USD,pinball_0p05,garch11,gjr,2791,2791,0
BTC-USD,pinball_0p05,garch11,har,2791,2791,0
BTC-USD,pinball_0p05,garch11,lgbm,2791,2791,0
BTC-USD,pinball_0p05,garch11,moirai,2791,2791,0
BTC-USD,pinball_0p05,garch11,naive,2791,2791,0
BTC-USD,pinball_0p05,garch11,patchtst,2791,2791,0
BTC-USD,pinball_0p05,garch11,timesfm,2791,2791,0
BTC-USD,pinball_0p05,garch11_t,autoarima,2791,2791,0
BTC-USD,pinball_0p05,garch11_t,autoets,2791,2791,0
BTC-USD,pinball_0p05,garch11_t,chronos,2791,2791,0
BTC-USD,pinball_0p05,garch11_t,ewma,2791,2791,0
BTC-USD,pinball_0p05,garch11_t,garch11,2791,2791,0
BTC-USD,pinball_0p05,garch11_t,garch11_t,2791,2791,0
BTC-USD,pinball_0p05,garch11_t,gjr,2791,2791,0
BTC-USD,pinball_0p05,garch11_t,har,2791,2791,0
BTC-USD,pinball_0p05,garch11_t,lgbm,2791,2791,0
BTC-USD,pinball_0p05,garch11_t,moirai,2791,2791,0
BTC-USD,pinball_0p05,garch11_t,naive,2791,2791,0
BTC-USD,pinball_0p05,garch11_t,patchtst,2791,2791,0
BTC-USD,pinball_0p05,garch11_t,timesfm,2791,2791,0
BTC-USD,pinball_0p05,gjr,autoarima,2791,2791,0
BTC-USD,pinball_0p05,gjr,autoets,2791,2791,0
BTC-USD,pinball_0p05,gjr,chronos,2791,2791,0
BTC-USD,pinball_0p05,gjr,ewma,2791,2791,0
BTC-USD,pinball_0p05,gjr,garch11,2791,2791,0
BTC-USD,pinball_0p05,gjr,garch11_t,2791,2791,0
BTC-USD,pinball_0p05,gjr,gjr,2791,2791,0
BTC-USD,pinball_0p05,gjr,har,2791,2791,0
BTC-USD,pinball_0p05,gjr,lgbm,2791,2791,0
BTC-USD,pinball_0p05,gjr,moirai,2791,2791,0
BTC-USD,pinball_0p05,gjr,naive,2791,2791,0
BTC-USD,pinball_0p05,gjr,patchtst,2791,2791,0
BTC-USD,pinball_0p05,gjr,timesfm,2791,2791,0
BTC-USD,pinball_0p05,har,autoarima,2791,2791,0
BTC-USD,pinball_0p05,har,autoets,2791,2791,0
BTC-USD,pinball_0p05,har,chronos,2791,2791,0
BTC-USD,pinball_0p05,har,ewma,2791,2791,0
BTC-USD,pinball_0p05,har,garch11,2791,2791,0
BTC-USD,pinball_0p05,har,garch11_t,2791,2791,0
BTC-USD,pinball_0p05,har,gjr,2791,2791,0
BTC-USD,pinball_0p05,har,har,2791,2791,0
BTC-USD,pinball_0p05,har,lgbm,2791,2791,0
BTC-USD,pinball_0p05,har,moirai,2791,2791,0
BTC-USD,pinball_0p05,har,naive,2791,2791,0
BTC-USD,pinball_0p05,har,patchtst,2791,2791,0
BTC-USD,pinball_0p05,har,timesfm,2791,2791,0
BTC-USD,pinball_0p05,lgbm,autoarima,2791,2791,0
BTC-USD,pinball_0p05,lgbm,autoets,2791,2791,0
BTC-USD,pinball_0p05,lgbm,chronos,2791,2791,0
BTC-USD,pinball_0p05,lgbm,ewma,2791,2791,0
BTC-USD,pinball_0p05,lgbm,garch11,2791,2791,0
BTC-USD,pinball_0p05,lgbm,garch11_t,2791,2791,0
BTC-USD,pinball_0p05,lgbm,gjr,2791,2791,0
BTC-USD,pinball_0p05,lgbm,har,2791,2791,0
BTC-USD,pinball_0p05,lgbm,lgbm,2791,2791,0
BTC-USD,pinball_0p05,lgbm,moirai,2791,2791,0
BTC-USD,pinball_0p05,lgbm,naive,2791,2791,0
BTC-USD,pinball_0p05,lgbm,patchtst,2791,2791,0
BTC-USD,pinball_0p05,lgbm,timesfm,2791,2791,0
BTC-USD,pinball_0p05,moirai,autoarima,2791,2791,0
BTC-USD,pinball_0p05,moirai,autoets,2791,2791,0
BTC-USD,pinball_0p05,moirai,chronos,2791,2791,0
BTC-USD,pinball_0p05,moirai,ewma,2791,2791,0
BTC-USD,pinball_0p05,moirai,garch11,2791,2791,0
BTC-USD,pinball_0p05,moirai,garch11_t,2791,2791,0
BTC-USD,pinball_0p05,moirai,gjr,2791,2791,0
BTC-USD,pinball_0p05,moirai,har,2791,2791,0
BTC-USD,pinball_0p05,moirai,lgbm,2791,2791,0
BTC-USD,pinball_0p05,moirai,moirai,2791,2791,0
BTC-USD,pinball_0p05,moirai,naive,2791,2791,0
BTC-USD,pinball_0p05,moirai,patchtst,2791,2791,0
BTC-USD,pinball_0p05,moirai,timesfm,2791,2791,0
BTC-USD,pinball_0p05,naive,autoarima,2791,2791,0
BTC-USD,pinball_0p05,naive,autoets,2791,2791,0
BTC-USD,pinball_0p05,naive,chronos,2791,2791,0
BTC-USD,pinball_0p05,naive,ewma,2791,2791,0
BTC-USD,pinball_0p05,naive,garch11,2791,2791,0
BTC-USD,pinball_0p05,naive,garch11_t,2791,2791,0
BTC-USD,pinball_0p05,naive,gjr,2791,2791,0
BTC-USD,pinball_0p05,naive,har,2791,2791,0
BTC-USD,pinball_0p05,naive,lgbm,2791,2791,0
BTC-USD,pinball_0p05,naive,moirai,2791,2791,0
BTC-USD,pinball_0p05,naive,naive,2791,2791,0
BTC-USD,pinball_0p05,naive,patchtst,2791,2791,0
BTC-USD,pinball_0p05,naive,timesfm,2791,2791,0
BTC-USD,pinball_0p05,patchtst,autoarima,2791,2791,0
BTC-USD,pinball_0p05,patchtst,autoets,2791,2791,0
BTC-USD,pinball_0p05,patchtst,chronos,2791,2791,0
BTC-USD,pinball_0p05,patchtst,ewma,2791,2791,0
BTC-USD,pinball_0p05,patchtst,garch11,2791,2791,0
BTC-USD,pinball_0p05,patchtst,garch11_t,2791,2791,0
BTC-USD,pinball_0p05,patchtst,gjr,2791,2791,0
BTC-USD,pinball_0p05,patchtst,har,2791,2791,0
BTC-USD,pinball_0p05,patchtst,lgbm,2791,2791,0
BTC-USD,pinball_0p05,patchtst,moirai,2791,2791,0
BTC-USD,pinball_0p05,patchtst,naive,2791,2791,0
BTC-USD,pinball_0p05,patchtst,patchtst,2791,2791,0
BTC-USD,pinball_0p05,patchtst,timesfm,2791,2791,0
BTC-USD,pinball_0p05,timesfm,autoarima,2791,2791,0
BTC-USD,pinball_0p05,timesfm,autoets,2791,2791,0
BTC-USD,pinball_0p05,timesfm,chronos,2791,2791,0
BTC-USD,pinball_0p05,timesfm,ewma,2791,2791,0
BTC-USD,pinball_0p05,timesfm,garch11,2791,2791,0
BTC-USD,pinball_0p05,timesfm,garch11_t,2791,2791,0
BTC-USD,pinball_0p05,timesfm,gjr,2791,2791,0
BTC-USD,pinball_0p05,timesfm,har,2791,2791,0
BTC-USD,pinball_0p05,timesfm,lgbm,2791,2791,0
BTC-USD,pinball_0p05,timesfm,moirai,2791,2791,0
BTC-USD,pinball_0p05,timesfm,naive,2791,2791,0
BTC-USD,pinball_0p05,timesfm,patchtst,2791,2791,0
BTC-USD,pinball_0p05,timesfm,timesfm,2791,2791,0
BTC-USD,pinball_avg,autoarima,autoarima,2791,2791,0
BTC-USD,pinball_avg,autoarima,autoets,2791,2791,0
BTC-USD,pinball_avg,autoarima,chronos,2791,2791,0
BTC-USD,pinball_avg,autoarima,ewma,2791,2791,0
BTC-USD,pinball_avg,autoarima,garch11,2791,2791,0
BTC-USD,pinball_avg,autoarima,garch11_t,2791,2791,0
BTC-USD,pinball_avg,autoarima,gjr,2791,2791,0
BTC-USD,pinball_avg,autoarima,har,2791,2791,0
BTC-USD,pinball_avg,autoarima,lgbm,2791,2791,0
BTC-USD,pinball_avg,autoarima,moirai,2791,2791,0
BTC-USD,pinball_avg,autoarima,naive,2791,2791,0
BTC-USD,pinball_avg,autoarima,patchtst,2791,2791,0
BTC-USD,pinball_avg,autoarima,timesfm,2791,2791,0
BTC-USD,pinball_avg,autoets,autoarima,2791,2791,0
BTC-USD,pinball_avg,autoets,autoets,2791,2791,0
BTC-USD,pinball_avg,autoets,chronos,2791,2791,0
BTC-USD,pinball_avg,autoets,ewma,2791,2791,0
BTC-USD,pinball_avg,autoets,garch11,2791,2791,0
BTC-USD,pinball_avg,autoets,garch11_t,2791,2791,0
BTC-USD,pinball_avg,autoets,gjr,2791,2791,0
BTC-USD,pinball_avg,autoets,har,2791,2791,0
BTC-USD,pinball_avg,autoets,lgbm,2791,2791,0
BTC-USD,pinball_avg,autoets,moirai,2791,2791,0
BTC-USD,pinball_avg,autoets,naive,2791,2791,0
BTC-USD,pinball_avg,autoets,patchtst,2791,2791,0
BTC-USD,pinball_avg,autoets,timesfm,2791,2791,0
BTC-USD,pinball_avg,chronos,autoarima,2791,2791,0
BTC-USD,pinball_avg,chronos,autoets,2791,2791,0
BTC-USD,pinball_avg,chronos,chronos,2791,2791,0
BTC-USD,pinball_avg,chronos,ewma,2791,2791,0
BTC-USD,pinball_avg,chronos,garch11,2791,2791,0
BTC-USD,pinball_avg,chronos,garch11_t,2791,2791,0
BTC-USD,pinball_avg,chronos,gjr,2791,2791,0
BTC-USD,pinball_avg,chronos,har,2791,2791,0
BTC-USD,pinball_avg,chronos,lgbm,2791,2791,0
BTC-USD,pinball_avg,chronos,moirai,2791,2791,0
BTC-USD,pinball_avg,chronos,naive,2791,2791,0
BTC-USD,pinball_avg,chronos,patchtst,2791,2791,0
BTC-USD,pinball_avg,chronos,timesfm,2791,2791,0
BTC-USD,pinball_avg,ewma,autoarima,2791,2791,0
BTC-USD,pinball_avg,ewma,autoets,2791,2791,0
BTC-USD,pinball_avg,ewma,chronos,2791,2791,0
BTC-USD,pinball_avg,ewma,ewma,2791,2791,0
BTC-USD,pinball_avg,ewma,garch11,2791,2791,0
BTC-USD,pinball_avg,ewma,garch11_t,2791,2791,0
BTC-USD,pinball_avg,ewma,gjr,2791,2791,0
BTC-USD,pinball_avg,ewma,har,2791,2791,0
BTC-USD,pinball_avg,ewma,lgbm,2791,2791,0
BTC-USD,pinball_avg,ewma,moirai,2791,2791,0
BTC-USD,pinball_avg,ewma,naive,2791,2791,0
BTC-USD,pinball_avg,ewma,patchtst,2791,2791,0
BTC-USD,pinball_avg,ewma,timesfm,2791,2791,0
BTC-USD,pinball_avg,garch11,autoarima,2791,2791,0
BTC-USD,pinball_avg,garch11,autoets,2791,2791,0
BTC-USD,pinball_avg,garch11,chronos,2791,2791,0
BTC-USD,pinball_avg,garch11,ewma,2791,2791,0
BTC-USD,pinball_avg,garch11,garch11,2791,2791,0
BTC-USD,pinball_avg,garch11,garch11_t,2791,2791,0
BTC-USD,pinball_avg,garch11,gjr,2791,2791,0
BTC-USD,pinball_avg,garch11,har,2791,2791,0
BTC-USD,pinball_avg,garch11,lgbm,2791,2791,0
BTC-USD,pinball_avg,garch11,moirai,2791,2791,0
BTC-USD,pinball_avg,garch11,naive,2791,2791,0
BTC-USD,pinball_avg,garch11,patchtst,2791,2791,0
BTC-USD,pinball_avg,garch11,timesfm,2791,2791,0
BTC-USD,pinball_avg,garch11_t,autoarima,2791,2791,0
BTC-USD,pinball_avg,garch11_t,autoets,2791,2791,0
BTC-USD,pinball_avg,garch11_t,chronos,2791,2791,0
BTC-USD,pinball_avg,garch11_t,ewma,2791,2791,0
BTC-USD,pinball_avg,garch11_t,garch11,2791,2791,0
BTC-USD,pinball_avg,garch11_t,garch11_t,2791,2791,0
BTC-USD,pinball_avg,garch11_t,gjr,2791,2791,0
BTC-USD,pinball_avg,garch11_t,har,2791,2791,0
BTC-USD,pinball_avg,garch11_t,lgbm,2791,2791,0
BTC-USD,pinball_avg,garch11_t,moirai,2791,2791,0
BTC-USD,pinball_avg,garch11_t,naive,2791,2791,0
BTC-USD,pinball_avg,garch11_t,patchtst,2791,2791,0
BTC-USD,pinball_avg,garch11_t,timesfm,2791,2791,0
BTC-USD,pinball_avg,gjr,autoarima,2791,2791,0
BTC-USD,pinball_avg,gjr,autoets,2791,2791,0
BTC-USD,pinball_avg,gjr,chronos,2791,2791,0
BTC-USD,pinball_avg,gjr,ewma,2791,2791,0
BTC-USD,pinball_avg,gjr,garch11,2791,2791,0
BTC-USD,pinball_avg,gjr,garch11_t,2791,2791,0
BTC-USD,pinball_avg,gjr,gjr,2791,2791,0
BTC-USD,pinball_avg,gjr,har,2791,2791,0
BTC-USD,pinball_avg,gjr,lgbm,2791,2791,0
BTC-USD,pinball_avg,gjr,moirai,2791,2791,0
BTC-USD,pinball_avg,gjr,naive,2791,2791,0
BTC-USD,pinball_avg,gjr,patchtst,2791,2791,0
BTC-USD,pinball_avg,gjr,timesfm,2791,2791,0
BTC-USD,pinball_avg,har,autoarima,2791,2791,0
BTC-USD,pinball_avg,har,autoets,2791,2791,0
BTC-USD,pinball_avg,har,chronos,2791,2791,0
BTC-USD,pinball_avg,har,ewma,2791,2791,0
BTC-USD,pinball_avg,har,garch11,2791,2791,0
BTC-USD,pinball_avg,har,garch11_t,2791,2791,0
BTC-USD,pinball_avg,har,gjr,2791,2791,0
BTC-USD,pinball_avg,har,har,2791,2791,0
BTC-USD,pinball_avg,har,lgbm,2791,2791,0
BTC-USD,pinball_avg,har,moirai,2791,2791,0
BTC-USD,pinball_avg,har,naive,2791,2791,0
BTC-USD,pinball_avg,har,patchtst,2791,2791,0
BTC-USD,pinball_avg,har,timesfm,2791,2791,0
BTC-USD,pinball_avg,lgbm,autoarima,2791,2791,0
BTC-USD,pinball_avg,lgbm,autoets,2791,2791,0
BTC-USD,pinball_avg,lgbm,chronos,2791,2791,0
BTC-USD,pinball_avg,lgbm,ewma,2791,2791,0
BTC-USD,pinball_avg,lgbm,garch11,2791,2791,0
BTC-USD,pinball_avg,lgbm,garch11_t,2791,2791,0
BTC-USD,pinball_avg,lgbm,gjr,2791,2791,0
BTC-USD,pinball_avg,lgbm,har,2791,2791,0
BTC-USD,pinball_avg,lgbm,lgbm,2791,2791,0
BTC-USD,pinball_avg,lgbm,moirai,2791,2791,0
BTC-USD,pinball_avg,lgbm,naive,2791,2791,0
BTC-USD,pinball_avg,lgbm,patchtst,2791,2791,0
BTC-USD,pinball_avg,lgbm,timesfm,2791,2791,0
BTC-USD,pinball_avg,moirai,autoarima,2791,2791,0
BTC-USD,pinball_avg,moirai,autoets,2791,2791,0
BTC-USD,pinball_avg,moirai,chronos,2791,2791,0
BTC-USD,pinball_avg,moirai,ewma,2791,2791,0
BTC-USD,pinball_avg,moirai,garch11,2791,2791,0
BTC-USD,pinball_avg,moirai,garch11_t,2791,2791,0
BTC-USD,pinball_avg,moirai,gjr,2791,2791,0
BTC-USD,pinball_avg,moirai,har,2791,2791,0
BTC-USD,pinball_avg,moirai,lgbm,2791,2791,0
BTC-USD,pinball_avg,moirai,moirai,2791,2791,0
BTC-USD,pinball_avg,moirai,naive,2791,2791,0
BTC-USD,pinball_avg,moirai,patchtst,2791,2791,0
BTC-USD,pinball_avg,moirai,timesfm,2791,2791,0
BTC-USD,pinball_avg,naive,autoarima,2791,2791,0
BTC-USD,pinball_avg,naive,autoets,2791,2791,0
BTC-USD,pinball_avg,naive,chronos,2791,2791,0
BTC-USD,pinball_avg,naive,ewma,2791,2791,0
BTC-USD,pinball_avg,naive,garch11,2791,2791,0
BTC-USD,pinball_avg,naive,garch11_t,2791,2791,0
BTC-USD,pinball_avg,naive,gjr,2791,2791,0
BTC-USD,pinball_avg,naive,har,2791,2791,0
BTC-USD,pinball_avg,naive,lgbm,2791,2791,0
BTC-USD,pinball_avg,naive,moirai,2791,2791,0
BTC-USD,pinball_avg,naive,naive,2791,2791,0
BTC-USD,pinball_avg,naive,patchtst,2791,2791,0
BTC-USD,pinball_avg,naive,timesfm,2791,2791,0
BTC-USD,pinball_avg,patchtst,autoarima,2791,2791,0
BTC-USD,pinball_avg,patchtst,autoets,2791,2791,0
BTC-USD,pinball_avg,patchtst,chronos,2791,2791,0
BTC-USD,pinball_avg,patchtst,ewma,2791,2791,0
BTC-USD,pinball_avg,patchtst,garch11,2791,2791,0
BTC-USD,pinball_avg,patchtst,garch11_t,2791,2791,0
BTC-USD,pinball_avg,patchtst,gjr,2791,2791,0
BTC-USD,pinball_avg,patchtst,har,2791,2791,0
BTC-USD,pinball_avg,patchtst,lgbm,2791,2791,0
BTC-USD,pinball_avg,patchtst,moirai,2791,2791,0
BTC-USD,pinball_avg,patchtst,naive,2791,2791,0
BTC-USD,pinball_avg,patchtst,patchtst,2791,2791,0
BTC-USD,pinball_avg,patchtst,timesfm,2791,2791,0
BTC-USD,pinball_avg,timesfm,autoarima,2791,2791,0
BTC-USD,pinball_avg,timesfm,autoets,2791,2791,0
BTC-USD,pinball_avg,timesfm,chronos,2791,2791,0
BTC-USD,pinball_avg,timesfm,ewma,2791,2791,0
BTC-USD,pinball_avg,timesfm,garch11,2791,2791,0
BTC-USD,pinball_avg,timesfm,garch11_t,2791,2791,0
BTC-USD,pinball_avg,timesfm,gjr,2791,2791,0
BTC-USD,pinball_avg,timesfm,har,2791,2791,0
BTC-USD,pinball_avg,timesfm,lgbm,2791,2791,0
BTC-USD,pinball_avg,timesfm,moirai,2791,2791,0
BTC-USD,pinball_avg,timesfm,naive,2791,2791,0
BTC-USD,pinball_avg,timesfm,patchtst,2791,2791,0
BTC-USD,pinball_avg,timesfm,timesfm,2791,2791,0
BTC-USD,qlike,autoarima,autoarima,2791,2791,0
BTC-USD,qlike,autoarima,autoets,2791,2791,0
BTC-USD,qlike,autoarima,chronos,2791,2791,0
BTC-USD,qlike,autoarima,ewma,2791,2791,0
BTC-USD,qlike,autoarima,garch11,2791,2791,0
BTC-USD,qlike,autoarima,garch11_t,2791,2791,0
BTC-USD,qlike,autoarima,gjr,2791,2791,0
BTC-USD,qlike,autoarima,har,2791,2791,0
BTC-USD,qlike,autoarima,lgbm,2791,2791,0
BTC-USD,qlike,autoarima,moirai,2791,2791,0
BTC-USD,qlike,autoarima,naive,2791,2791,0
BTC-USD,qlike,autoarima,patchtst,2791,2791,0
BTC-USD,qlike,autoarima,timesfm,2791,2791,0
BTC-USD,qlike,autoets,autoarima,2791,2791,0
BTC-USD,qlike,autoets,autoets,2791,2791,0
BTC-USD,qlike,autoets,chronos,2791,2791,0
BTC-USD,qlike,autoets,ewma,2791,2791,0
BTC-USD,qlike,autoets,garch11,2791,2791,0
BTC-USD,qlike,autoets,garch11_t,2791,2791,0
BTC-USD,qlike,autoets,gjr,2791,2791,0
BTC-USD,qlike,autoets,har,2791,2791,0
BTC-USD,qlike,autoets,lgbm,2791,2791,0
BTC-USD,qlike,autoets,moirai,2791,2791,0
BTC-USD,qlike,autoets,naive,2791,2791,0
BTC-USD,qlike,autoets,patchtst,2791,2791,0
BTC-USD,qlike,autoets,timesfm,2791,2791,0
BTC-USD,qlike,chronos,autoarima,2791,2791,0
BTC-USD,qlike,chronos,autoets,2791,2791,0
BTC-USD,qlike,chronos,chronos,2791,2791,0
BTC-USD,qlike,chronos,ewma,2791,2791,0
BTC-USD,qlike,chronos,garch11,2791,2791,0
BTC-USD,qlike,chronos,garch11_t,2791,2791,0
BTC-USD,qlike,chronos,gjr,2791,2791,0
BTC-USD,qlike,chronos,har,2791,2791,0
BTC-USD,qlike,chronos,lgbm,2791,2791,0
BTC-USD,qlike,chronos,moirai,2791,2791,0
BTC-USD,qlike,chronos,naive,2791,2791,0
BTC-USD,qlike,chronos,patchtst,2791,2791,0
BTC-USD,qlike,chronos,timesfm,2791,2791,0
BTC-USD,qlike,ewma,autoarima,2791,2791,0
BTC-USD,qlike,ewma,autoets,2791,2791,0
BTC-USD,qlike,ewma,chronos,2791,2791,0
BTC-USD,qlike,ewma,ewma,2791,2791,0
BTC-USD,qlike,ewma,garch11,2791,2791,0
BTC-USD,qlike,ewma,garch11_t,2791,2791,0
BTC-USD,qlike,ewma,gjr,2791,2791,0
BTC-USD,qlike,ewma,har,2791,2791,0
BTC-USD,qlike,ewma,lgbm,2791,2791,0
BTC-USD,qlike,ewma,moirai,2791,2791,0
BTC-USD,qlike,ewma,naive,2791,2791,0
BTC-USD,qlike,ewma,patchtst,2791,2791,0
BTC-USD,qlike,ewma,timesfm,2791,2791,0
BTC-USD,qlike,garch11,autoarima,2791,2791,0
BTC-USD,qlike,garch11,autoets,2791,2791,0
BTC-USD,qlike,garch11,chronos,2791,2791,0
BTC-USD,qlike,garch11,ewma,2791,2791,0
BTC-USD,qlike,garch11,garch11,2791,2791,0
BTC-USD,qlike,garch11,garch11_t,2791,2791,0
BTC-USD,qlike,garch11,gjr,2791,2791,0
BTC-USD,qlike,garch11,har,2791,2791,0
BTC-USD,qlike,garch11,lgbm,2791,2791,0
BTC-USD,qlike,garch11,moirai,2791,2791,0
BTC-USD,qlike,garch11,naive,2791,2791,0
BTC-USD,qlike,garch11,patchtst,2791,2791,0
BTC-USD,qlike,garch11,timesfm,2791,2791,0
BTC-USD,qlike,garch11_t,autoarima,2791,2791,0
BTC-USD,qlike,garch11_t,autoets,2791,2791,0
BTC-USD,qlike,garch11_t,chronos,2791,2791,0
BTC-USD,qlike,garch11_t,ewma,2791,2791,0
BTC-USD,qlike,garch11_t,garch11,2791,2791,0
BTC-USD,qlike,garch11_t,garch11_t,2791,2791,0
BTC-USD,qlike,garch11_t,gjr,2791,2791,0
BTC-USD,qlike,garch11_t,har,2791,2791,0
BTC-USD,qlike,garch11_t,lgbm,2791,2791,0
BTC-USD,qlike,garch11_t,moirai,2791,2791,0
BTC-USD,qlike,garch11_t,naive,2791,2791,0
BTC-USD,qlike,garch11_t,patchtst,2791,2791,0
BTC-USD,qlike,garch11_t,timesfm,2791,2791,0
BTC-USD,qlike,gjr,autoarima,2791,2791,0
BTC-USD,qlike,gjr,autoets,2791,2791,0
BTC-USD,qlike,gjr,chronos,2791,2791,0
BTC-USD,qlike,gjr,ewma,2791,2791,0
BTC-USD,qlike,gjr,garch11,2791,2791,0
BTC-USD,qlike,gjr,garch11_t,2791,2791,0
BTC-USD,qlike,gjr,gjr,2791,2791,0
BTC-USD,qlike,gjr,har,2791,2791,0
BTC-USD,qlike,gjr,lgbm,2791,2791,0
BTC-USD,qlike,gjr,moirai,2791,2791,0
BTC-USD,qlike,gjr,naive,2791,2791,0
BTC-USD,qlike,gjr,patchtst,2791,2791,0
BTC-USD,qlike,gjr,timesfm,2791,2791,0
BTC-USD,qlike,har,autoarima,2791,2791,0
BTC-USD,qlike,har,autoets,2791,2791,0
BTC-USD,qlike,har,chronos,2791,2791,0
BTC-USD,qlike,har,ewma,2791,2791,0
BTC-USD,qlike,har,garch11,2791,2791,0
BTC-USD,qlike,har,garch11_t,2791,2791,0
BTC-USD,qlike,har,gjr,2791,2791,0
BTC-USD,qlike,har,har,2791,2791,0
BTC-USD,qlike,har,lgbm,2791,2791,0
BTC-USD,qlike,har,moirai,2791,2791,0
BTC-USD,qlike,har,naive,2791,2791,0
BTC-USD,qlike,har,patchtst,2791,2791,0
BTC-USD,qlike,har,timesfm,2791,2791,0
BTC-USD,qlike,lgbm,autoarima,2791,2791,0
BTC-USD,qlike,lgbm,autoets,2791,2791,0
BTC-USD,qlike,lgbm,chronos,2791,2791,0
BTC-USD,qlike,lgbm,ewma,2791,2791,0
BTC-USD,qlike,lgbm,garch11,2791,2791,0
BTC-USD,qlike,lgbm,garch11_t,2791,2791,0
BTC-USD,qlike,lgbm,gjr,2791,2791,0
BTC-USD,qlike,lgbm,har,2791,2791,0
BTC-USD,qlike,lgbm,lgbm,2791,2791,0
BTC-USD,qlike,lgbm,moirai,2791,2791,0
BTC-USD,qlike,lgbm,naive,2791,2791,0
BTC-USD,qlike,lgbm,patchtst,2791,2791,0
BTC-USD,qlike,lgbm,timesfm,2791,2791,0
BTC-USD,qlike,moirai,autoarima,2791,2791,0
BTC-USD,qlike,moirai,autoets,2791,2791,0
BTC-USD,qlike,moirai,chronos,2791,2791,0
BTC-USD,qlike,moirai,ewma,2791,2791,0
BTC-USD,qlike,moirai,garch11,2791,2791,0
BTC-USD,qlike,moirai,garch11_t,2791,2791,0
BTC-USD,qlike,moirai,gjr,2791,2791,0
BTC-USD,qlike,moirai,har,2791,2791,0
BTC-USD,qlike,moirai,lgbm,2791,2791,0
BTC-USD,qlike,moirai,moirai,2791,2791,0
BTC-USD,qlike,moirai,naive,2791,2791,0
BTC-USD,qlike,moirai,patchtst,2791,2791,0
BTC-USD,qlike,moirai,timesfm,2791,2791,0
BTC-USD,qlike,naive,autoarima,2791,2791,0
BTC-USD,qlike,naive,autoets,2791,2791,0
BTC-USD,qlike,naive,chronos,2791,2791,0
BTC-USD,qlike,naive,ewma,2791,2791,0
BTC-USD,qlike,naive,garch11,2791,2791,0
BTC-USD,qlike,naive,garch11_t,2791,2791,0
BTC-USD,qlike,naive,gjr,2791,2791,0
BTC-USD,qlike,naive,har,2791,2791,0
BTC-USD,qlike,naive,lgbm,2791,2791,0
BTC-USD,qlike,naive,moirai,2791,2791,0
BTC-USD,qlike,naive,naive,2791,2791,0
BTC-USD,qlike,naive,patchtst,2791,2791,0
BTC-USD,qlike,naive,timesfm,2791,2791,0
BTC-USD,qlike,patchtst,autoarima,2791,2791,0
BTC-USD,qlike,patchtst,autoets,2791,2791,0
BTC-USD,qlike,patchtst,chronos,2791,2791,0
BTC-USD,qlike,patchtst,ewma,2791,2791,0
BTC-USD,qlike,patchtst,garch11,2791,2791,0
BTC-USD,qlike,patchtst,garch11_t,2791,2791,0
BTC-USD,qlike,patchtst,gjr,2791,2791,0
BTC-USD,qlike,patchtst,har,2791,2791,0
BTC-USD,qlike,patchtst,lgbm,2791,2791,0
BTC-USD,qlike,patchtst,moirai,2791,2791,0
BTC-USD,qlike,patchtst,naive,2791,2791,0
BTC-USD,qlike,patchtst,patchtst,2791,2791,0
BTC-USD,qlike,patchtst,timesfm,2791,2791,0
BTC-USD,qlike,timesfm,autoarima,2791,2791,0
BTC-USD,qlike,timesfm,autoets,2791,2791,0
BTC-USD,qlike,timesfm,chronos,2791,2791,0
BTC-USD,qlike,timesfm,ewma,2791,2791,0
BTC-USD,qlike,timesfm,garch11,2791,2791,0
BTC-USD,qlike,timesfm,garch11_t,2791,2791,0
BTC-USD,qlike,timesfm,gjr,2791,2791,0
BTC-USD,qlike,timesfm,har,2791,2791,0
BTC-USD,qlike,timesfm,lgbm,2791,2791,0
BTC-USD,qlike,timesfm,moirai,2791,2791,0
BTC-USD,qlike,timesfm,naive,2791,2791,0
BTC-USD,qlike,timesfm,patchtst,2791,2791,0
BTC-USD,qlike,timesfm,timesfm,2791,2791,0
BTC-USD,fz0_0p01,autoarima,autoarima,2791,2791,0
BTC-USD,fz0_0p01,autoarima,autoets,2791,2791,0
BTC-USD,fz0_0p01,autoarima,chronos,2791,2791,0
BTC-USD,fz0_0p01,autoarima,ewma,2791,2791,0
BTC-USD,fz0_0p01,autoarima,garch11,2791,2791,0
BTC-USD,fz0_0p01,autoarima,garch11_t,2791,2791,0
BTC-USD,fz0_0p01,autoarima,gjr,2791,2791,0
BTC-USD,fz0_0p01,autoarima,har,2791,2791,0
BTC-USD,fz0_0p01,autoarima,lgbm,2791,2791,0
BTC-USD,fz0_0p01,autoarima,moirai,2791,2791,0
BTC-USD,fz0_0p01,autoarima,naive,2791,2791,0
BTC-USD,fz0_0p01,autoarima,patchtst,2791,2791,0
BTC-USD,fz0_0p01,autoarima,timesfm,2791,2791,0
BTC-USD,fz0_0p01,autoets,autoarima,2791,2791,0
BTC-USD,fz0_0p01,autoets,autoets,2791,2791,0
BTC-USD,fz0_0p01,autoets,chronos,2791,2791,0
BTC-USD,fz0_0p01,autoets,ewma,2791,2791,0
BTC-USD,fz0_0p01,autoets,garch11,2791,2791,0
BTC-USD,fz0_0p01,autoets,garch11_t,2791,2791,0
BTC-USD,fz0_0p01,autoets,gjr,2791,2791,0
BTC-USD,fz0_0p01,autoets,har,2791,2791,0
BTC-USD,fz0_0p01,autoets,lgbm,2791,2791,0
BTC-USD,fz0_0p01,autoets,moirai,2791,2791,0
BTC-USD,fz0_0p01,autoets,naive,2791,2791,0
BTC-USD,fz0_0p01,autoets,patchtst,2791,2791,0
BTC-USD,fz0_0p01,autoets,timesfm,2791,2791,0
BTC-USD,fz0_0p01,chronos,autoarima,2791,2791,0
BTC-USD,fz0_0p01,chronos,autoets,2791,2791,0
BTC-USD,fz0_0p01,chronos,chronos,2791,2791,0
BTC-USD,fz0_0p01,chronos,ewma,2791,2791,0
BTC-USD,fz0_0p01,chronos,garch11,2791,2791,0
BTC-USD,fz0_0p01,chronos,garch11_t,2791,2791,0
BTC-USD,fz0_0p01,chronos,gjr,2791,2791,0
BTC-USD,fz0_0p01,chronos,har,2791,2791,0
BTC-USD,fz0_0p01,chronos,lgbm,2791,2791,0
BTC-USD,fz0_0p01,chronos,moirai,2791,2791,0
BTC-USD,fz0_0p01,chronos,naive,2791,2791,0
BTC-USD,fz0_0p01,chronos,patchtst,2791,2791,0
BTC-USD,fz0_0p01,chronos,timesfm,2791,2791,0
BTC-USD,fz0_0p01,ewma,autoarima,2791,2791,0
BTC-USD,fz0_0p01,ewma,autoets,2791,2791,0
BTC-USD,fz0_0p01,ewma,chronos,2791,2791,0
BTC-USD,fz0_0p01,ewma,ewma,2791,2791,0
BTC-USD,fz0_0p01,ewma,garch11,2791,2791,0
BTC-USD,fz0_0p01,ewma,garch11_t,2791,2791,0
BTC-USD,fz0_0p01,ewma,gjr,2791,2791,0
BTC-USD,fz0_0p01,ewma,har,2791,2791,0
BTC-USD,fz0_0p01,ewma,lgbm,2791,2791,0
BTC-USD,fz0_0p01,ewma,moirai,2791,2791,0
BTC-USD,fz0_0p01,ewma,naive,2791,2791,0
BTC-USD,fz0_0p01,ewma,patchtst,2791,2791,0
BTC-USD,fz0_0p01,ewma,timesfm,2791,2791,0
BTC-USD,fz0_0p01,garch11,autoarima,2791,2791,0
BTC-USD,fz0_0p01,garch11,autoets,2791,2791,0
BTC-USD,fz0_0p01,garch11,chronos,2791,2791,0
BTC-USD,fz0_0p01,garch11,ewma,2791,2791,0
BTC-USD,fz0_0p01,garch11,garch11,2791,2791,0
BTC-USD,fz0_0p01,garch11,garch11_t,2791,2791,0
BTC-USD,fz0_0p01,garch11,gjr,2791,2791,0
BTC-USD,fz0_0p01,garch11,har,2791,2791,0
BTC-USD,fz0_0p01,garch11,lgbm,2791,2791,0
BTC-USD,fz0_0p01,garch11,moirai,2791,2791,0
BTC-USD,fz0_0p01,garch11,naive,2791,2791,0
BTC-USD,fz0_0p01,garch11,patchtst,2791,2791,0
BTC-USD,fz0_0p01,garch11,timesfm,2791,2791,0
BTC-USD,fz0_0p01,garch11_t,autoarima,2791,2791,0
BTC-USD,fz0_0p01,garch11_t,autoets,2791,2791,0
BTC-USD,fz0_0p01,garch11_t,chronos,2791,2791,0
BTC-USD,fz0_0p01,garch11_t,ewma,2791,2791,0
BTC-USD,fz0_0p01,garch11_t,garch11,2791,2791,0
BTC-USD,fz0_0p01,garch11_t,garch11_t,2791,2791,0
BTC-USD,fz0_0p01,garch11_t,gjr,2791,2791,0
BTC-USD,fz0_0p01,garch11_t,har,2791,2791,0
BTC-USD,fz0_0p01,garch11_t,lgbm,2791,2791,0
BTC-USD,fz0_0p01,garch11_t,moirai,2791,2791,0
BTC-USD,fz0_0p01,garch11_t,naive,2791,2791,0
BTC-USD,fz0_0p01,garch11_t,patchtst,2791,2791,0
BTC-USD,fz0_0p01,garch11_t,timesfm,2791,2791,0
BTC-USD,fz0_0p01,gjr,autoarima,2791,2791,0
BTC-USD,fz0_0p01,gjr,autoets,2791,2791,0
BTC-USD,fz0_0p01,gjr,chronos,2791,2791,0
BTC-USD,fz0_0p01,gjr,ewma,2791,2791,0
BTC-USD,fz0_0p01,gjr,garch11,2791,2791,0
BTC-USD,fz0_0p01,gjr,garch11_t,2791,2791,0
BTC-USD,fz0_0p01,gjr,gjr,2791,2791,0
BTC-USD,fz0_0p01,gjr,har,2791,2791,0
BTC-USD,fz0_0p01,gjr,lgbm,2791,2791,0
BTC-USD,fz0_0p01,gjr,moirai,2791,2791,0
BTC-USD,fz0_0p01,gjr,naive,2791,2791,0
BTC-USD,fz0_0p01,gjr,patchtst,2791,2791,0
BTC-USD,fz0_0p01,gjr,timesfm,2791,2791,0
BTC-USD,fz0_0p01,har,autoarima,2791,2791,0
BTC-USD,fz0_0p01,har,autoets,2791,2791,0
BTC-USD,fz0_0p01,har,chronos,2791,2791,0
BTC-USD,fz0_0p01,har,ewma,2791,2791,0
BTC-USD,fz0_0p01,har,garch11,2791,2791,0
BTC-USD,fz0_0p01,har,garch11_t,2791,2791,0
BTC-USD,fz0_0p01,har,gjr,2791,2791,0
BTC-USD,fz0_0p01,har,har,2791,2791,0
BTC-USD,fz0_0p01,har,lgbm,2791,2791,0
BTC-USD,fz0_0p01,har,moirai,2791,2791,0
BTC-USD,fz0_0p01,har,naive,2791,2791,0
BTC-USD,fz0_0p01,har,patchtst,2791,2791,0
BTC-USD,fz0_0p01,har,timesfm,2791,2791,0
BTC-USD,fz0_0p01,lgbm,autoarima,2791,2791,0
BTC-USD,fz0_0p01,lgbm,autoets,2791,2791,0
BTC-USD,fz0_0p01,lgbm,chronos,2791,2791,0
BTC-USD,fz0_0p01,lgbm,ewma,2791,2791,0
BTC-USD,fz0_0p01,lgbm,garch11,2791,2791,0
BTC-USD,fz0_0p01,lgbm,garch11_t,2791,2791,0
BTC-USD,fz0_0p01,lgbm,gjr,2791,2791,0
BTC-USD,fz0_0p01,lgbm,har,2791,2791,0
BTC-USD,fz0_0p01,lgbm,lgbm,2791,2791,0
BTC-USD,fz0_0p01,lgbm,moirai,2791,2791,0
BTC-USD,fz0_0p01,lgbm,naive,2791,2791,0
BTC-USD,fz0_0p01,lgbm,patchtst,2791,2791,0
BTC-USD,fz0_0p01,lgbm,timesfm,2791,2791,0
BTC-USD,fz0_0p01,moirai,autoarima,2791,2791,0
BTC-USD,fz0_0p01,moirai,autoets,2791,2791,0
BTC-USD,fz0_0p01,moirai,chronos,2791,2791,0
BTC-USD,fz0_0p01,moirai,ewma,2791,2791,0
BTC-USD,fz0_0p01,moirai,garch11,2791,2791,0
BTC-USD,fz0_0p01,moirai,garch11_t,2791,2791,0
BTC-USD,fz0_0p01,moirai,gjr,2791,2791,0
BTC-USD,fz0_0p01,moirai,har,2791,2791,0
BTC-USD,fz0_0p01,moirai,lgbm,2791,2791,0
BTC-USD,fz0_0p01,moirai,moirai,2791,2791,0
BTC-USD,fz0_0p01,moirai,naive,2791,2791,0
BTC-USD,fz0_0p01,moirai,patchtst,2791,2791,0
BTC-USD,fz0_0p01,moirai,timesfm,2791,2791,0
BTC-USD,fz0_0p01,naive,autoarima,2791,2791,0
BTC-USD,fz0_0p01,naive,autoets,2791,2791,0
BTC-USD,fz0_0p01,naive,chronos,2791,2791,0
BTC-USD,fz0_0p01,naive,ewma,2791,2791,0
BTC-USD,fz0_0p01,naive,garch11,2791,2791,0
BTC-USD,fz0_0p01,naive,garch11_t,2791,2791,0
BTC-USD,fz0_0p01,naive,gjr,2791,2791,0
BTC-USD,fz0_0p01,naive,har,2791,2791,0
BTC-USD,fz0_0p01,naive,lgbm,2791,2791,0
BTC-USD,fz0_0p01,naive,moirai,2791,2791,0
BTC-USD,fz0_0p01,naive,naive,2791,2791,0
BTC-USD,fz0_0p01,naive,patchtst,2791,2791,0
BTC-USD,fz0_0p01,naive,timesfm,2791,2791,0
BTC-USD,fz0_0p01,patchtst,autoarima,2791,2791,0
BTC-USD,fz0_0p01,patchtst,autoets,2791,2791,0
BTC-USD,fz0_0p01,patchtst,chronos,2791,2791,0
BTC-USD,fz0_0p01,patchtst,ewma,2791,2791,0
BTC-USD,fz0_0p01,patchtst,garch11,2791,2791,0
BTC-USD,fz0_0p01,patchtst,garch11_t,2791,2791,0
BTC-USD,fz0_0p01,patchtst,gjr,2791,2791,0
BTC-USD,fz0_0p01,patchtst,har,2791,2791,0
BTC-USD,fz0_0p01,patchtst,lgbm,2791,2791,0
BTC-USD,fz0_0p01,patchtst,moirai,2791,2791,0
BTC-USD,fz0_0p01,patchtst,naive,2791,2791,0
BTC-USD,fz0_0p01,patchtst,patchtst,2791,2791,0
BTC-USD,fz0_0p01,patchtst,timesfm,2791,2791,0
BTC-USD,fz0_0p01,timesfm,autoarima,2791,2791,0
BTC-USD,fz0_0p01,timesfm,autoets,2791,2791,0
BTC-USD,fz0_0p01,timesfm,chronos,2791,2791,0
BTC-USD,fz0_0p01,timesfm,ewma,2791,2791,0
BTC-USD,fz0_0p01,timesfm,garch11,2791,2791,0
BTC-USD,fz0_0p01,timesfm,garch11_t,2791,2791,0
BTC-USD,fz0_0p01,timesfm,gjr,2791,2791,0
BTC-USD,fz0_0p01,timesfm,har,2791,2791,0
BTC-USD,fz0_0p01,timesfm,lgbm,2791,2791,0
BTC-USD,fz0_0p01,timesfm,moirai,2791,2791,0
BTC-USD,fz0_0p01,timesfm,naive,2791,2791,0
BTC-USD,fz0_0p01,timesfm,patchtst,2791,2791,0
BTC-USD,fz0_0p01,timesfm,timesfm,2791,2791,0
BTC-USD,fz0_0p025,autoarima,autoarima,2791,2791,0
BTC-USD,fz0_0p025,autoarima,autoets,2791,2791,0
BTC-USD,fz0_0p025,autoarima,chronos,2791,2791,0
BTC-USD,fz0_0p025,autoarima,ewma,2791,2791,0
BTC-USD,fz0_0p025,autoarima,garch11,2791,2791,0
BTC-USD,fz0_0p025,autoarima,garch11_t,2791,2791,0
BTC-USD,fz0_0p025,autoarima,gjr,2791,2791,0
BTC-USD,fz0_0p025,autoarima,har,2791,2791,0
BTC-USD,fz0_0p025,autoarima,lgbm,2791,2791,0
BTC-USD,fz0_0p025,autoarima,moirai,2791,2791,0
BTC-USD,fz0_0p025,autoarima,naive,2791,2791,0
BTC-USD,fz0_0p025,autoarima,patchtst,2791,2791,0
BTC-USD,fz0_0p025,autoarima,timesfm,2791,2791,0
BTC-USD,fz0_0p025,autoets,autoarima,2791,2791,0
BTC-USD,fz0_0p025,autoets,autoets,2791,2791,0
BTC-USD,fz0_0p025,autoets,chronos,2791,2791,0
BTC-USD,fz0_0p025,autoets,ewma,2791,2791,0
BTC-USD,fz0_0p025,autoets,garch11,2791,2791,0
BTC-USD,fz0_0p025,autoets,garch11_t,2791,2791,0
BTC-USD,fz0_0p025,autoets,gjr,2791,2791,0
BTC-USD,fz0_0p025,autoets,har,2791,2791,0
BTC-USD,fz0_0p025,autoets,lgbm,2791,2791,0
BTC-USD,fz0_0p025,autoets,moirai,2791,2791,0
BTC-USD,fz0_0p025,autoets,naive,2791,2791,0
BTC-USD,fz0_0p025,autoets,patchtst,2791,2791,0
BTC-USD,fz0_0p025,autoets,timesfm,2791,2791,0
BTC-USD,fz0_0p025,chronos,autoarima,2791,2791,0
BTC-USD,fz0_0p025,chronos,autoets,2791,2791,0
BTC-USD,fz0_0p025,chronos,chronos,2791,2791,0
BTC-USD,fz0_0p025,chronos,ewma,2791,2791,0
BTC-USD,fz0_0p025,chronos,garch11,2791,2791,0
BTC-USD,fz0_0p025,chronos,garch11_t,2791,2791,0
BTC-USD,fz0_0p025,chronos,gjr,2791,2791,0
BTC-USD,fz0_0p025,chronos,har,2791,2791,0
BTC-USD,fz0_0p025,chronos,lgbm,2791,2791,0
BTC-USD,fz0_0p025,chronos,moirai,2791,2791,0
BTC-USD,fz0_0p025,chronos,naive,2791,2791,0
BTC-USD,fz0_0p025,chronos,patchtst,2791,2791,0
BTC-USD,fz0_0p025,chronos,timesfm,2791,2791,0
BTC-USD,fz0_0p025,ewma,autoarima,2791,2791,0
BTC-USD,fz0_0p025,ewma,autoets,2791,2791,0
BTC-USD,fz0_0p025,ewma,chronos,2791,2791,0
BTC-USD,fz0_0p025,ewma,ewma,2791,2791,0
BTC-USD,fz0_0p025,ewma,garch11,2791,2791,0
BTC-USD,fz0_0p025,ewma,garch11_t,2791,2791,0
BTC-USD,fz0_0p025,ewma,gjr,2791,2791,0
BTC-USD,fz0_0p025,ewma,har,2791,2791,0
BTC-USD,fz0_0p025,ewma,lgbm,2791,2791,0
BTC-USD,fz0_0p025,ewma,moirai,2791,2791,0
BTC-USD,fz0_0p025,ewma,naive,2791,2791,0
BTC-USD,fz0_0p025,ewma,patchtst,2791,2791,0
BTC-USD,fz0_0p025,ewma,timesfm,2791,2791,0
BTC-USD,fz0_0p025,garch11,autoarima,2791,2791,0
BTC-USD,fz0_0p025,garch11,autoets,2791,2791,0
BTC-USD,fz0_0p025,garch11,chronos,2791,2791,0
BTC-USD,fz0_0p025,garch11,ewma,2791,2791,0
BTC-USD,fz0_0p025,garch11,garch11,2791,2791,0
BTC-USD,fz0_0p025,garch11,garch11_t,2791,2791,0
BTC-USD,fz0_0p025,garch11,gjr,2791,2791,0
BTC-USD,fz0_0p025,garch11,har,2791,2791,0
BTC-USD,fz0_0p025,garch11,lgbm,2791,2791,0
BTC-USD,fz0_0p025,garch11,moirai,2791,2791,0
BTC-USD,fz0_0p025,garch11,naive,2791,2791,0
BTC-USD,fz0_0p025,garch11,patchtst,2791,2791,0
BTC-USD,fz0_0p025,garch11,timesfm,2791,2791,0
BTC-USD,fz0_0p025,garch11_t,autoarima,2791,2791,0
BTC-USD,fz0_0p025,garch11_t,autoets,2791,2791,0
BTC-USD,fz0_0p025,garch11_t,chronos,2791,2791,0
BTC-USD,fz0_0p025,garch11_t,ewma,2791,2791,0
BTC-USD,fz0_0p025,garch11_t,garch11,2791,2791,0
BTC-USD,fz0_0p025,garch11_t,garch11_t,2791,2791,0
BTC-USD,fz0_0p025,garch11_t,gjr,2791,2791,0
BTC-USD,fz0_0p025,garch11_t,har,2791,2791,0
BTC-USD,fz0_0p025,garch11_t,lgbm,2791,2791,0
BTC-USD,fz0_0p025,garch11_t,moirai,2791,2791,0
BTC-USD,fz0_0p025,garch11_t,naive,2791,2791,0
BTC-USD,fz0_0p025,garch11_t,patchtst,2791,2791,0
BTC-USD,fz0_0p025,garch11_t,timesfm,2791,2791,0
BTC-USD,fz0_0p025,gjr,autoarima,2791,2791,0
BTC-USD,fz0_0p025,gjr,autoets,2791,2791,0
BTC-USD,fz0_0p025,gjr,chronos,2791,2791,0
BTC-USD,fz0_0p025,gjr,ewma,2791,2791,0
BTC-USD,fz0_0p025,gjr,garch11,2791,2791,0
BTC-USD,fz0_0p025,gjr,garch11_t,2791,2791,0
BTC-USD,fz0_0p025,gjr,gjr,2791,2791,0
BTC-USD,fz0_0p025,gjr,har,2791,2791,0
BTC-USD,fz0_0p025,gjr,lgbm,2791,2791,0
BTC-USD,fz0_0p025,gjr,moirai,2791,2791,0
BTC-USD,fz0_0p025,gjr,naive,2791,2791,0
BTC-USD,fz0_0p025,gjr,patchtst,2791,2791,0
BTC-USD,fz0_0p025,gjr,timesfm,2791,2791,0
BTC-USD,fz0_0p025,har,autoarima,2791,2791,0
BTC-USD,fz0_0p025,har,autoets,2791,2791,0
BTC-USD,fz0_0p025,har,chronos,2791,2791,0
BTC-USD,fz0_0p025,har,ewma,2791,2791,0
BTC-USD,fz0_0p025,har,garch11,2791,2791,0
BTC-USD,fz0_0p025,har,garch11_t,2791,2791,0
BTC-USD,fz0_0p025,har,gjr,2791,2791,0
BTC-USD,fz0_0p025,har,har,2791,2791,0
BTC-USD,fz0_0p025,har,lgbm,2791,2791,0
BTC-USD,fz0_0p025,har,moirai,2791,2791,0
BTC-USD,fz0_0p025,har,naive,2791,2791,0
BTC-USD,fz0_0p025,har,patchtst,2791,2791,0
BTC-USD,fz0_0p025,har,timesfm,2791,2791,0
BTC-USD,fz0_0p025,lgbm,autoarima,2791,2791,0
BTC-USD,fz0_0p025,lgbm,autoets,2791,2791,0
BTC-USD,fz0_0p025,lgbm,chronos,2791,2791,0
BTC-USD,fz0_0p025,lgbm,ewma,2791,2791,0
BTC-USD,fz0_0p025,lgbm,garch11,2791,2791,0
BTC-USD,fz0_0p025,lgbm,garch11_t,2791,2791,0
BTC-USD,fz0_0p025,lgbm,gjr,2791,2791,0
BTC-USD,fz0_0p025,lgbm,har,2791,2791,0
BTC-USD,fz0_0p025,lgbm,lgbm,2791,2791,0
BTC-USD,fz0_0p025,lgbm,moirai,2791,2791,0
BTC-USD,fz0_0p025,lgbm,naive,2791,2791,0
BTC-USD,fz0_0p025,lgbm,patchtst,2791,2791,0
BTC-USD,fz0_0p025,lgbm,timesfm,2791,2791,0
BTC-USD,fz0_0p025,moirai,autoarima,2791,2791,0
BTC-USD,fz0_0p025,moirai,autoets,2791,2791,0
BTC-USD,fz0_0p025,moirai,chronos,2791,2791,0
BTC-USD,fz0_0p025,moirai,ewma,2791,2791,0
BTC-USD,fz0_0p025,moirai,garch11,2791,2791,0
BTC-USD,fz0_0p025,moirai,garch11_t,2791,2791,0
BTC-USD,fz0_0p025,moirai,gjr,2791,2791,0
BTC-USD,fz0_0p025,moirai,har,2791,2791,0
BTC-USD,fz0_0p025,moirai,lgbm,2791,2791,0
BTC-USD,fz0_0p025,moirai,moirai,2791,2791,0
BTC-USD,fz0_0p025,moirai,naive,2791,2791,0
BTC-USD,fz0_0p025,moirai,patchtst,2791,2791,0
BTC-USD,fz0_0p025,moirai,timesfm,2791,2791,0
BTC-USD,fz0_0p025,naive,autoarima,2791,2791,0
BTC-USD,fz0_0p025,naive,autoets,2791,2791,0
BTC-USD,fz0_0p025,naive,chronos,2791,2791,0
BTC-USD,fz0_0p025,naive,ewma,2791,2791,0
BTC-USD,fz0_0p025,naive,garch11,2791,2791,0
BTC-USD,fz0_0p025,naive,garch11_t,2791,2791,0
BTC-USD,fz0_0p025,naive,gjr,2791,2791,0
BTC-USD,fz0_0p025,naive,har,2791,2791,0
BTC-USD,fz0_0p025,naive,lgbm,2791,2791,0
BTC-USD,fz0_0p025,naive,moirai,2791,2791,0
BTC-USD,fz0_0p025,naive,naive,2791,2791,0
BTC-USD,fz0_0p025,naive,patchtst,2791,2791,0
BTC-USD,fz0_0p025,naive,timesfm,2791,2791,0
BTC-USD,fz0_0p025,patchtst,autoarima,2791,2791,0
BTC-USD,fz0_0p025,patchtst,autoets,2791,2791,0
BTC-USD,fz0_0p025,patchtst,chronos,2791,2791,0
BTC-USD,fz0_0p025,patchtst,ewma,2791,2791,0
BTC-USD,fz0_0p025,patchtst,garch11,2791,2791,0
BTC-USD,fz0_0p025,patchtst,garch11_t,2791,2791,0
BTC-USD,fz0_0p025,patchtst,gjr,2791,2791,0
BTC-USD,fz0_0p025,patchtst,har,2791,2791,0
BTC-USD,fz0_0p025,patchtst,lgbm,2791,2791,0
BTC-USD,fz0_0p025,patchtst,moirai,2791,2791,0
BTC-USD,fz0_0p025,patchtst,naive,2791,2791,0
BTC-USD,fz0_0p025,patchtst,patchtst,2791,2791,0
BTC-USD,fz0_0p025,patchtst,timesfm,2791,2791,0
BTC-USD,fz0_0p025,timesfm,autoarima,2791,2791,0
BTC-USD,fz0_0p025,timesfm,autoets,2791,2791,0
BTC-USD,fz0_0p025,timesfm,chronos,2791,2791,0
BTC-USD,fz0_0p025,timesfm,ewma,2791,2791,0
BTC-USD,fz0_0p025,timesfm,garch11,2791,2791,0
BTC-USD,fz0_0p025,timesfm,garch11_t,2791,2791,0
BTC-USD,fz0_0p025,timesfm,gjr,2791,2791,0
BTC-USD,fz0_0p025,timesfm,har,2791,2791,0
BTC-USD,fz0_0p025,timesfm,lgbm,2791,2791,0
BTC-USD,fz0_0p025,timesfm,moirai,2791,2791,0
BTC-USD,fz0_0p025,timesfm,naive,2791,2791,0
BTC-USD,fz0_0p025,timesfm,patchtst,2791,2791,0
BTC-USD,fz0_0p025,timesfm,timesfm,2791,2791,0
BTC-USD,fz0_0p05,autoarima,autoarima,2791,2791,0
BTC-USD,fz0_0p05,autoarima,autoets,2791,2791,0
BTC-USD,fz0_0p05,autoarima,chronos,2791,2791,0
BTC-USD,fz0_0p05,autoarima,ewma,2791,2791,0
BTC-USD,fz0_0p05,autoarima,garch11,2791,2791,0
BTC-USD,fz0_0p05,autoarima,garch11_t,2791,2791,0
BTC-USD,fz0_0p05,autoarima,gjr,2791,2791,0
BTC-USD,fz0_0p05,autoarima,har,2791,2791,0
BTC-USD,fz0_0p05,autoarima,lgbm,2791,2791,0
BTC-USD,fz0_0p05,autoarima,moirai,2791,2791,0
BTC-USD,fz0_0p05,autoarima,naive,2791,2791,0
BTC-USD,fz0_0p05,autoarima,patchtst,2791,2791,0
BTC-USD,fz0_0p05,autoarima,timesfm,2791,2791,0
BTC-USD,fz0_0p05,autoets,autoarima,2791,2791,0
BTC-USD,fz0_0p05,autoets,autoets,2791,2791,0
BTC-USD,fz0_0p05,autoets,chronos,2791,2791,0
BTC-USD,fz0_0p05,autoets,ewma,2791,2791,0
BTC-USD,fz0_0p05,autoets,garch11,2791,2791,0
BTC-USD,fz0_0p05,autoets,garch11_t,2791,2791,0
BTC-USD,fz0_0p05,autoets,gjr,2791,2791,0
BTC-USD,fz0_0p05,autoets,har,2791,2791,0
BTC-USD,fz0_0p05,autoets,lgbm,2791,2791,0
BTC-USD,fz0_0p05,autoets,moirai,2791,2791,0
BTC-USD,fz0_0p05,autoets,naive,2791,2791,0
BTC-USD,fz0_0p05,autoets,patchtst,2791,2791,0
BTC-USD,fz0_0p05,autoets,timesfm,2791,2791,0
BTC-USD,fz0_0p05,chronos,autoarima,2791,2791,0
BTC-USD,fz0_0p05,chronos,autoets,2791,2791,0
BTC-USD,fz0_0p05,chronos,chronos,2791,2791,0
BTC-USD,fz0_0p05,chronos,ewma,2791,2791,0
BTC-USD,fz0_0p05,chronos,garch11,2791,2791,0
BTC-USD,fz0_0p05,chronos,garch11_t,2791,2791,0
BTC-USD,fz0_0p05,chronos,gjr,2791,2791,0
BTC-USD,fz0_0p05,chronos,har,2791,2791,0
BTC-USD,fz0_0p05,chronos,lgbm,2791,2791,0
BTC-USD,fz0_0p05,chronos,moirai,2791,2791,0
BTC-USD,fz0_0p05,chronos,naive,2791,2791,0
BTC-USD,fz0_0p05,chronos,patchtst,2791,2791,0
BTC-USD,fz0_0p05,chronos,timesfm,2791,2791,0
BTC-USD,fz0_0p05,ewma,autoarima,2791,2791,0
BTC-USD,fz0_0p05,ewma,autoets,2791,2791,0
BTC-USD,fz0_0p05,ewma,chronos,2791,2791,0
BTC-USD,fz0_0p05,ewma,ewma,2791,2791,0
BTC-USD,fz0_0p05,ewma,garch11,2791,2791,0
BTC-USD,fz0_0p05,ewma,garch11_t,2791,2791,0
BTC-USD,fz0_0p05,ewma,gjr,2791,2791,0
BTC-USD,fz0_0p05,ewma,har,2791,2791,0
BTC-USD,fz0_0p05,ewma,lgbm,2791,2791,0
BTC-USD,fz0_0p05,ewma,moirai,2791,2791,0
BTC-USD,fz0_0p05,ewma,naive,2791,2791,0
BTC-USD,fz0_0p05,ewma,patchtst,2791,2791,0
BTC-USD,fz0_0p05,ewma,timesfm,2791,2791,0
BTC-USD,fz0_0p05,garch11,autoarima,2791,2791,0
BTC-USD,fz0_0p05,garch11,autoets,2791,2791,0
BTC-USD,fz0_0p05,garch11,chronos,2791,2791,0
BTC-USD,fz0_0p05,garch11,ewma,2791,2791,0
BTC-USD,fz0_0p05,garch11,garch11,2791,2791,0
BTC-USD,fz0_0p05,garch11,garch11_t,2791,2791,0
BTC-USD,fz0_0p05,garch11,gjr,2791,2791,0
BTC-USD,fz0_0p05,garch11,har,2791,2791,0
BTC-USD,fz0_0p05,garch11,lgbm,2791,2791,0
BTC-USD,fz0_0p05,garch11,moirai,2791,2791,0
BTC-USD,fz0_0p05,garch11,naive,2791,2791,0
BTC-USD,fz0_0p05,garch11,patchtst,2791,2791,0
BTC-USD,fz0_0p05,garch11,timesfm,2791,2791,0
BTC-USD,fz0_0p05,garch11_t,autoarima,2791,2791,0
BTC-USD,fz0_0p05,garch11_t,autoets,2791,2791,0
BTC-USD,fz0_0p05,garch11_t,chronos,2791,2791,0
BTC-USD,fz0_0p05,garch11_t,ewma,2791,2791,0
BTC-USD,fz0_0p05,garch11_t,garch11,2791,2791,0
BTC-USD,fz0_0p05,garch11_t,garch11_t,2791,2791,0
BTC-USD,fz0_0p05,garch11_t,gjr,2791,2791,0
BTC-USD,fz0_0p05,garch11_t,har,2791,2791,0
BTC-USD,fz0_0p05,garch11_t,lgbm,2791,2791,0
BTC-USD,fz0_0p05,garch11_t,moirai,2791,2791,0
BTC-USD,fz0_0p05,garch11_t,naive,2791,2791,0
BTC-USD,fz0_0p05,garch11_t,patchtst,2791,2791,0
BTC-USD,fz0_0p05,garch11_t,timesfm,2791,2791,0
BTC-USD,fz0_0p05,gjr,autoarima,2791,2791,0
BTC-USD,fz0_0p05,gjr,autoets,2791,2791,0
BTC-USD,fz0_0p05,gjr,chronos,2791,2791,0
BTC-USD,fz0_0p05,gjr,ewma,2791,2791,0
BTC-USD,fz0_0p05,gjr,garch11,2791,2791,0
BTC-USD,fz0_0p05,gjr,garch11_t,2791,2791,0
BTC-USD,fz0_0p05,gjr,gjr,2791,2791,0
BTC-USD,fz0_0p05,gjr,har,2791,2791,0
BTC-USD,fz0_0p05,gjr,lgbm,2791,2791,0
BTC-USD,fz0_0p05,gjr,moirai,2791,2791,0
BTC-USD,fz0_0p05,gjr,naive,2791,2791,0
BTC-USD,fz0_0p05,gjr,patchtst,2791,2791,0
BTC-USD,fz0_0p05,gjr,timesfm,2791,2791,0
BTC-USD,fz0_0p05,har,autoarima,2791,2791,0
BTC-USD,fz0_0p05,har,autoets,2791,2791,0
BTC-USD,fz0_0p05,har,chronos,2791,2791,0
BTC-USD,fz0_0p05,har,ewma,2791,2791,0
BTC-USD,fz0_0p05,har,garch11,2791,2791,0
BTC-USD,fz0_0p05,har,garch11_t,2791,2791,0
BTC-USD,fz0_0p05,har,gjr,2791,2791,0
BTC-USD,fz0_0p05,har,har,2791,2791,0
BTC-USD,fz0_0p05,har,lgbm,2791,2791,0
BTC-USD,fz0_0p05,har,moirai,2791,2791,0
BTC-USD,fz0_0p05,har,naive,2791,2791,0
BTC-USD,fz0_0p05,har,patchtst,2791,2791,0
BTC-USD,fz0_0p05,har,timesfm,2791,2791,0
BTC-USD,fz0_0p05,lgbm,autoarima,2791,2791,0
BTC-USD,fz0_0p05,lgbm,autoets,2791,2791,0
BTC-USD,fz0_0p05,lgbm,chronos,2791,2791,0
BTC-USD,fz0_0p05,lgbm,ewma,2791,2791,0
BTC-USD,fz0_0p05,lgbm,garch11,2791,2791,0
BTC-USD,fz0_0p05,lgbm,garch11_t,2791,2791,0
BTC-USD,fz0_0p05,lgbm,gjr,2791,2791,0
BTC-USD,fz0_0p05,lgbm,har,2791,2791,0
BTC-USD,fz0_0p05,lgbm,lgbm,2791,2791,0
BTC-USD,fz0_0p05,lgbm,moirai,2791,2791,0
BTC-USD,fz0_0p05,lgbm,naive,2791,2791,0
BTC-USD,fz0_0p05,lgbm,patchtst,2791,2791,0
BTC-USD,fz0_0p05,lgbm,timesfm,2791,2791,0
BTC-USD,fz0_0p05,moirai,autoarima,2791,2791,0
BTC-USD,fz0_0p05,moirai,autoets,2791,2791,0
BTC-USD,fz0_0p05,moirai,chronos,2791,2791,0
BTC-USD,fz0_0p05,moirai,ewma,2791,2791,0
BTC-USD,fz0_0p05,moirai,garch11,2791,2791,0
BTC-USD,fz0_0p05,moirai,garch11_t,2791,2791,0
BTC-USD,fz0_0p05,moirai,gjr,2791,2791,0
BTC-USD,fz0_0p05,moirai,har,2791,2791,0
BTC-USD,fz0_0p05,moirai,lgbm,2791,2791,0
BTC-USD,fz0_0p05,moirai,moirai,2791,2791,0
BTC-USD,fz0_0p05,moirai,naive,2791,2791,0
BTC-USD,fz0_0p05,moirai,patchtst,2791,2791,0
BTC-USD,fz0_0p05,moirai,timesfm,2791,2791,0
BTC-USD,fz0_0p05,naive,autoarima,2791,2791,0
BTC-USD,fz0_0p05,naive,autoets,2791,2791,0
BTC-USD,fz0_0p05,naive,chronos,2791,2791,0
BTC-USD,fz0_0p05,naive,ewma,2791,2791,0
BTC-USD,fz0_0p05,naive,garch11,2791,2791,0
BTC-USD,fz0_0p05,naive,garch11_t,2791,2791,0
BTC-USD,fz0_0p05,naive,gjr,2791,2791,0
BTC-USD,fz0_0p05,naive,har,2791,2791,0
BTC-USD,fz0_0p05,naive,lgbm,2791,2791,0
BTC-USD,fz0_0p05,naive,moirai,2791,2791,0
BTC-USD,fz0_0p05,naive,naive,2791,2791,0
BTC-USD,fz0_0p05,naive,patchtst,2791,2791,0
BTC-USD,fz0_0p05,naive,timesfm,2791,2791,0
BTC-USD,fz0_0p05,patchtst,autoarima,2791,2791,0
BTC-USD,fz0_0p05,patchtst,autoets,2791,2791,0
BTC-USD,fz0_0p05,patchtst,chronos,2791,2791,0
BTC-USD,fz0_0p05,patchtst,ewma,2791,2791,0
BTC-USD,fz0_0p05,patchtst,garch11,2791,2791,0
BTC-USD,fz0_0p05,patchtst,garch11_t,2791,2791,0
BTC-USD,fz0_0p05,patchtst,gjr,2791,2791,0
BTC-USD,fz0_0p05,patchtst,har,2791,2791,0
BTC-USD,fz0_0p05,patchtst,lgbm,2791,2791,0
BTC-USD,fz0_0p05,patchtst,moirai,2791,2791,0
BTC-USD,fz0_0p05,patchtst,naive,2791,2791,0
BTC-USD,fz0_0p05,patchtst,patchtst,2791,2791,0
BTC-USD,fz0_0p05,patchtst,timesfm,2791,2791,0
BTC-USD,fz0_0p05,timesfm,autoarima,2791,2791,0
BTC-USD,fz0_0p05,timesfm,autoets,2791,2791,0
BTC-USD,fz0_0p05,timesfm,chronos,2791,2791,0
BTC-USD,fz0_0p05,timesfm,ewma,2791,2791,0
BTC-USD,fz0_0p05,timesfm,garch11,2791,2791,0
BTC-USD,fz0_0p05,timesfm,garch11_t,2791,2791,0
BTC-USD,fz0_0p05,timesfm,gjr,2791,2791,0
BTC-USD,fz0_0p05,timesfm,har,2791,2791,0
BTC-USD,fz0_0p05,timesfm,lgbm,2791,2791,0
BTC-USD,fz0_0p05,timesfm,moirai,2791,2791,0
BTC-USD,fz0_0p05,timesfm,naive,2791,2791,0
BTC-USD,fz0_0p05,timesfm,patchtst,2791,2791,0
BTC-USD,fz0_0p05,timesfm,timesfm,2791,2791,0
BTC-USD,fz0_avg,autoarima,autoarima,2791,2791,0
BTC-USD,fz0_avg,autoarima,autoets,2791,2791,0
BTC-USD,fz0_avg,autoarima,chronos,2791,2791,0
BTC-USD,fz0_avg,autoarima,ewma,2791,2791,0
BTC-USD,fz0_avg,autoarima,garch11,2791,2791,0
BTC-USD,fz0_avg,autoarima,garch11_t,2791,2791,0
BTC-USD,fz0_avg,autoarima,gjr,2791,2791,0
BTC-USD,fz0_avg,autoarima,har,2791,2791,0
BTC-USD,fz0_avg,autoarima,lgbm,2791,2791,0
BTC-USD,fz0_avg,autoarima,moirai,2791,2791,0
BTC-USD,fz0_avg,autoarima,naive,2791,2791,0
BTC-USD,fz0_avg,autoarima,patchtst,2791,2791,0
BTC-USD,fz0_avg,autoarima,timesfm,2791,2791,0
BTC-USD,fz0_avg,autoets,autoarima,2791,2791,0
BTC-USD,fz0_avg,autoets,autoets,2791,2791,0
BTC-USD,fz0_avg,autoets,chronos,2791,2791,0
BTC-USD,fz0_avg,autoets,ewma,2791,2791,0
BTC-USD,fz0_avg,autoets,garch11,2791,2791,0
BTC-USD,fz0_avg,autoets,garch11_t,2791,2791,0
BTC-USD,fz0_avg,autoets,gjr,2791,2791,0
BTC-USD,fz0_avg,autoets,har,2791,2791,0
BTC-USD,fz0_avg,autoets,lgbm,2791,2791,0
BTC-USD,fz0_avg,autoets,moirai,2791,2791,0
BTC-USD,fz0_avg,autoets,naive,2791,2791,0
BTC-USD,fz0_avg,autoets,patchtst,2791,2791,0
BTC-USD,fz0_avg,autoets,timesfm,2791,2791,0
BTC-USD,fz0_avg,chronos,autoarima,2791,2791,0
BTC-USD,fz0_avg,chronos,autoets,2791,2791,0
BTC-USD,fz0_avg,chronos,chronos,2791,2791,0
BTC-USD,fz0_avg,chronos,ewma,2791,2791,0
BTC-USD,fz0_avg,chronos,garch11,2791,2791,0
BTC-USD,fz0_avg,chronos,garch11_t,2791,2791,0
BTC-USD,fz0_avg,chronos,gjr,2791,2791,0
BTC-USD,fz0_avg,chronos,har,2791,2791,0
BTC-USD,fz0_avg,chronos,lgbm,2791,2791,0
BTC-USD,fz0_avg,chronos,moirai,2791,2791,0
BTC-USD,fz0_avg,chronos,naive,2791,2791,0
BTC-USD,fz0_avg,chronos,patchtst,2791,2791,0
BTC-USD,fz0_avg,chronos,timesfm,2791,2791,0
BTC-USD,fz0_avg,ewma,autoarima,2791,2791,0
BTC-USD,fz0_avg,ewma,autoets,2791,2791,0
BTC-USD,fz0_avg,ewma,chronos,2791,2791,0
BTC-USD,fz0_avg,ewma,ewma,2791,2791,0
BTC-USD,fz0_avg,ewma,garch11,2791,2791,0
BTC-USD,fz0_avg,ewma,garch11_t,2791,2791,0
BTC-USD,fz0_avg,ewma,gjr,2791,2791,0
BTC-USD,fz0_avg,ewma,har,2791,2791,0
BTC-USD,fz0_avg,ewma,lgbm,2791,2791,0
BTC-USD,fz0_avg,ewma,moirai,2791,2791,0
BTC-USD,fz0_avg,ewma,naive,2791,2791,0
BTC-USD,fz0_avg,ewma,patchtst,2791,2791,0
BTC-USD,fz0_avg,ewma,timesfm,2791,2791,0
BTC-USD,fz0_avg,garch11,autoarima,2791,2791,0
BTC-USD,fz0_avg,garch11,autoets,2791,2791,0
BTC-USD,fz0_avg,garch11,chronos,2791,2791,0
BTC-USD,fz0_avg,garch11,ewma,2791,2791,0
BTC-USD,fz0_avg,garch11,garch11,2791,2791,0
BTC-USD,fz0_avg,garch11,garch11_t,2791,2791,0
BTC-USD,fz0_avg,garch11,gjr,2791,2791,0
BTC-USD,fz0_avg,garch11,har,2791,2791,0
BTC-USD,fz0_avg,garch11,lgbm,2791,2791,0
BTC-USD,fz0_avg,garch11,moirai,2791,2791,0
BTC-USD,fz0_avg,garch11,naive,2791,2791,0
BTC-USD,fz0_avg,garch11,patchtst,2791,2791,0
BTC-USD,fz0_avg,garch11,timesfm,2791,2791,0
BTC-USD,fz0_avg,garch11_t,autoarima,2791,2791,0
BTC-USD,fz0_avg,garch11_t,autoets,2791,2791,0
BTC-USD,fz0_avg,garch11_t,chronos,2791,2791,0
BTC-USD,fz0_avg,garch11_t,ewma,2791,2791,0
BTC-USD,fz0_avg,garch11_t,garch11,2791,2791,0
BTC-USD,fz0_avg,garch11_t,garch11_t,2791,2791,0
BTC-USD,fz0_avg,garch11_t,gjr,2791,2791,0
BTC-USD,fz0_avg,garch11_t,har,2791,2791,0
BTC-USD,fz0_avg,garch11_t,lgbm,2791,2791,0
BTC-USD,fz0_avg,garch11_t,moirai,2791,2791,0
BTC-USD,fz0_avg,garch11_t,naive,2791,2791,0
BTC-USD,fz0_avg,garch11_t,patchtst,2791,2791,0
BTC-USD,fz0_avg,garch11_t,timesfm,2791,2791,0
BTC-USD,fz0_avg,gjr,autoarima,2791,2791,0
BTC-USD,fz0_avg,gjr,autoets,2791,2791,0
BTC-USD,fz0_avg,gjr,chronos,2791,2791,0
BTC-USD,fz0_avg,gjr,ewma,2791,2791,0
BTC-USD,fz0_avg,gjr,garch11,2791,2791,0
BTC-USD,fz0_avg,gjr,garch11_t,2791,2791,0
BTC-USD,fz0_avg,gjr,gjr,2791,2791,0
BTC-USD,fz0_avg,gjr,har,2791,2791,0
BTC-USD,fz0_avg,gjr,lgbm,2791,2791,0
BTC-USD,fz0_avg,gjr,moirai,2791,2791,0
BTC-USD,fz0_avg,gjr,naive,2791,2791,0
BTC-USD,fz0_avg,gjr,patchtst,2791,2791,0
BTC-USD,fz0_avg,gjr,timesfm,2791,2791,0
BTC-USD,fz0_avg,har,autoarima,2791,2791,0
BTC-USD,fz0_avg,har,autoets,2791,2791,0
BTC-USD,fz0_avg,har,chronos,2791,2791,0
BTC-USD,fz0_avg,har,ewma,2791,2791,0
BTC-USD,fz0_avg,har,garch11,2791,2791,0
BTC-USD,fz0_avg,har,garch11_t,2791,2791,0
BTC-USD,fz0_avg,har,gjr,2791,2791,0
BTC-USD,fz0_avg,har,har,2791,2791,0
BTC-USD,fz0_avg,har,lgbm,2791,2791,0
BTC-USD,fz0_avg,har,moirai,2791,2791,0
BTC-USD,fz0_avg,har,naive,2791,2791,0
BTC-USD,fz0_avg,har,patchtst,2791,2791,0
BTC-USD,fz0_avg,har,timesfm,2791,2791,0
BTC-USD,fz0_avg,lgbm,autoarima,2791,2791,0
BTC-USD,fz0_avg,lgbm,autoets,2791,2791,0
BTC-USD,fz0_avg,lgbm,chronos,2791,2791,0
BTC-USD,fz0_avg,lgbm,ewma,2791,2791,0
BTC-USD,fz0_avg,lgbm,garch11,2791,2791,0
BTC-USD,fz0_avg,lgbm,garch11_t,2791,2791,0
BTC-USD,fz0_avg,lgbm,gjr,2791,2791,0
BTC-USD,fz0_avg,lgbm,har,2791,2791,0
BTC-USD,fz0_avg,lgbm,lgbm,2791,2791,0
BTC-USD,fz0_avg,lgbm,moirai,2791,2791,0
BTC-USD,fz0_avg,lgbm,naive,2791,2791,0
BTC-USD,fz0_avg,lgbm,patchtst,2791,2791,0
BTC-USD,fz0_avg,lgbm,timesfm,2791,2791,0
BTC-USD,fz0_avg,moirai,autoarima,2791,2791,0
BTC-USD,fz0_avg,moirai,autoets,2791,2791,0
BTC-USD,fz0_avg,moirai,chronos,2791,2791,0
BTC-USD,fz0_avg,moirai,ewma,2791,2791,0
BTC-USD,fz0_avg,moirai,garch11,2791,2791,0
BTC-USD,fz0_avg,moirai,garch11_t,2791,2791,0
BTC-USD,fz0_avg,moirai,gjr,2791,2791,0
BTC-USD,fz0_avg,moirai,har,2791,2791,0
BTC-USD,fz0_avg,moirai,lgbm,2791,2791,0
BTC-USD,fz0_avg,moirai,moirai,2791,2791,0
BTC-USD,fz0_avg,moirai,naive,2791,2791,0
BTC-USD,fz0_avg,moirai,patchtst,2791,2791,0
BTC-USD,fz0_avg,moirai,timesfm,2791,2791,0
BTC-USD,fz0_avg,naive,autoarima,2791,2791,0
BTC-USD,fz0_avg,naive,autoets,2791,2791,0
BTC-USD,fz0_avg,naive,chronos,2791,2791,0
BTC-USD,fz0_avg,naive,ewma,2791,2791,0
BTC-USD,fz0_avg,naive,garch11,2791,2791,0
BTC-USD,fz0_avg,naive,garch11_t,2791,2791,0
BTC-USD,fz0_avg,naive,gjr,2791,2791,0
BTC-USD,fz0_avg,naive,har,2791,2791,0
BTC-USD,fz0_avg,naive,lgbm,2791,2791,0
BTC-USD,fz0_avg,naive,moirai,2791,2791,0
BTC-USD,fz0_avg,naive,naive,2791,2791,0
BTC-USD,fz0_avg,naive,patchtst,2791,2791,0
BTC-USD,fz0_avg,naive,timesfm,2791,2791,0
BTC-USD,fz0_avg,patchtst,autoarima,2791,2791,0
BTC-USD,fz0_avg,patchtst,autoets,2791,2791,0
BTC-USD,fz0_avg,patchtst,chronos,2791,2791,0
BTC-USD,fz0_avg,patchtst,ewma,2791,2791,0
BTC-USD,fz0_avg,patchtst,garch11,2791,2791,0
BTC-USD,fz0_avg,patchtst,garch11_t,2791,2791,0
BTC-USD,fz0_avg,patchtst,gjr,2791,2791,0
BTC-USD,fz0_avg,patchtst,har,2791,2791,0
BTC-USD,fz0_avg,patchtst,lgbm,2791,2791,0
BTC-USD,fz0_avg,patchtst,moirai,2791,2791,0
BTC-USD,fz0_avg,patchtst,naive,2791,2791,0
BTC-USD,fz0_avg,patchtst,patchtst,2791,2791,0
BTC-USD,fz0_avg,patchtst,timesfm,2791,2791,0
BTC-USD,fz0_avg,timesfm,autoarima,2791,2791,0
BTC-USD,fz0_avg,timesfm,autoets,2791,2791,0
BTC-USD,fz0_avg,timesfm,chronos,2791,2791,0
BTC-USD,fz0_avg,timesfm,ewma,2791,2791,0
BTC-USD,fz0_avg,timesfm,garch11,2791,2791,0
BTC-USD,fz0_avg,timesfm,garch11_t,2791,2791,0
BTC-USD,fz0_avg,timesfm,gjr,2791,2791,0
BTC-USD,fz0_avg,timesfm,har,2791,2791,0
BTC-USD,fz0_avg,timesfm,lgbm,2791,2791,0
BTC-USD,fz0_avg,timesfm,moirai,2791,2791,0
BTC-USD,fz0_avg,timesfm,naive,2791,2791,0
BTC-USD,fz0_avg,timesfm,patchtst,2791,2791,0
BTC-USD,fz0_avg,timesfm,timesfm,2791,2791,0
CAC,crps,autoarima,autoarima,5038,5038,0
CAC,crps,autoarima,autoets,5038,5038,0
CAC,crps,autoarima,chronos,5038,5038,0
CAC,crps,autoarima,ewma,5038,5038,0
CAC,crps,autoarima,garch11,5038,5038,0
CAC,crps,autoarima,garch11_t,5038,5038,0
CAC,crps,autoarima,gjr,5038,5038,0
CAC,crps,autoarima,har,5038,5038,0
CAC,crps,autoarima,lgbm,5038,5038,0
CAC,crps,autoarima,moirai,5038,5038,0
CAC,crps,autoarima,naive,5038,5038,0
CAC,crps,autoarima,patchtst,5038,5038,0
CAC,crps,autoarima,timesfm,5038,5038,0
CAC,crps,autoets,autoarima,5038,5038,0
CAC,crps,autoets,autoets,5038,5038,0
CAC,crps,autoets,chronos,5038,5038,0
CAC,crps,autoets,ewma,5038,5038,0
CAC,crps,autoets,garch11,5038,5038,0
CAC,crps,autoets,garch11_t,5038,5038,0
CAC,crps,autoets,gjr,5038,5038,0
CAC,crps,autoets,har,5038,5038,0
CAC,crps,autoets,lgbm,5038,5038,0
CAC,crps,autoets,moirai,5038,5038,0
CAC,crps,autoets,naive,5038,5038,0
CAC,crps,autoets,patchtst,5038,5038,0
CAC,crps,autoets,timesfm,5038,5038,0
CAC,crps,chronos,autoarima,5038,5038,0
CAC,crps,chronos,autoets,5038,5038,0
CAC,crps,chronos,chronos,5038,5038,0
CAC,crps,chronos,ewma,5038,5038,0
CAC,crps,chronos,garch11,5038,5038,0
CAC,crps,chronos,garch11_t,5038,5038,0
CAC,crps,chronos,gjr,5038,5038,0
CAC,crps,chronos,har,5038,5038,0
CAC,crps,chronos,lgbm,5038,5038,0
CAC,crps,chronos,moirai,5038,5038,0
CAC,crps,chronos,naive,5038,5038,0
CAC,crps,chronos,patchtst,5038,5038,0
CAC,crps,chronos,timesfm,5038,5038,0
CAC,crps,ewma,autoarima,5038,5038,0
CAC,crps,ewma,autoets,5038,5038,0
CAC,crps,ewma,chronos,5038,5038,0
CAC,crps,ewma,ewma,5038,5038,0
CAC,crps,ewma,garch11,5038,5038,0
CAC,crps,ewma,garch11_t,5038,5038,0
CAC,crps,ewma,gjr,5038,5038,0
CAC,crps,ewma,har,5038,5038,0
CAC,crps,ewma,lgbm,5038,5038,0
CAC,crps,ewma,moirai,5038,5038,0
CAC,crps,ewma,naive,5038,5038,0
CAC,crps,ewma,patchtst,5038,5038,0
CAC,crps,ewma,timesfm,5038,5038,0
CAC,crps,garch11,autoarima,5038,5038,0
CAC,crps,garch11,autoets,5038,5038,0
CAC,crps,garch11,chronos,5038,5038,0
CAC,crps,garch11,ewma,5038,5038,0
CAC,crps,garch11,garch11,5038,5038,0
CAC,crps,garch11,garch11_t,5038,5038,0
CAC,crps,garch11,gjr,5038,5038,0
CAC,crps,garch11,har,5038,5038,0
CAC,crps,garch11,lgbm,5038,5038,0
CAC,crps,garch11,moirai,5038,5038,0
CAC,crps,garch11,naive,5038,5038,0
CAC,crps,garch11,patchtst,5038,5038,0
CAC,crps,garch11,timesfm,5038,5038,0
CAC,crps,garch11_t,autoarima,5038,5038,0
CAC,crps,garch11_t,autoets,5038,5038,0
CAC,crps,garch11_t,chronos,5038,5038,0
CAC,crps,garch11_t,ewma,5038,5038,0
CAC,crps,garch11_t,garch11,5038,5038,0
CAC,crps,garch11_t,garch11_t,5038,5038,0
CAC,crps,garch11_t,gjr,5038,5038,0
CAC,crps,garch11_t,har,5038,5038,0
CAC,crps,garch11_t,lgbm,5038,5038,0
CAC,crps,garch11_t,moirai,5038,5038,0
CAC,crps,garch11_t,naive,5038,5038,0
CAC,crps,garch11_t,patchtst,5038,5038,0
CAC,crps,garch11_t,timesfm,5038,5038,0
CAC,crps,gjr,autoarima,5038,5038,0
CAC,crps,gjr,autoets,5038,5038,0
CAC,crps,gjr,chronos,5038,5038,0
CAC,crps,gjr,ewma,5038,5038,0
CAC,crps,gjr,garch11,5038,5038,0
CAC,crps,gjr,garch11_t,5038,5038,0
CAC,crps,gjr,gjr,5038,5038,0
CAC,crps,gjr,har,5038,5038,0
CAC,crps,gjr,lgbm,5038,5038,0
CAC,crps,gjr,moirai,5038,5038,0
CAC,crps,gjr,naive,5038,5038,0
CAC,crps,gjr,patchtst,5038,5038,0
CAC,crps,gjr,timesfm,5038,5038,0
CAC,crps,har,autoarima,5038,5038,0
CAC,crps,har,autoets,5038,5038,0
CAC,crps,har,chronos,5038,5038,0
CAC,crps,har,ewma,5038,5038,0
CAC,crps,har,garch11,5038,5038,0
CAC,crps,har,garch11_t,5038,5038,0
CAC,crps,har,gjr,5038,5038,0
CAC,crps,har,har,5038,5038,0
CAC,crps,har,lgbm,5038,5038,0
CAC,crps,har,moirai,5038,5038,0
CAC,crps,har,naive,5038,5038,0
CAC,crps,har,patchtst,5038,5038,0
CAC,crps,har,timesfm,5038,5038,0
CAC,crps,lgbm,autoarima,5038,5038,0
CAC,crps,lgbm,autoets,5038,5038,0
CAC,crps,lgbm,chronos,5038,5038,0
CAC,crps,lgbm,ewma,5038,5038,0
CAC,crps,lgbm,garch11,5038,5038,0
CAC,crps,lgbm,garch11_t,5038,5038,0
CAC,crps,lgbm,gjr,5038,5038,0
CAC,crps,lgbm,har,5038,5038,0
CAC,crps,lgbm,lgbm,5038,5038,0
CAC,crps,lgbm,moirai,5038,5038,0
CAC,crps,lgbm,naive,5038,5038,0
CAC,crps,lgbm,patchtst,5038,5038,0
CAC,crps,lgbm,timesfm,5038,5038,0
CAC,crps,moirai,autoarima,5038,5038,0
CAC,crps,moirai,autoets,5038,5038,0
CAC,crps,moirai,chronos,5038,5038,0
CAC,crps,moirai,ewma,5038,5038,0
CAC,crps,moirai,garch11,5038,5038,0
CAC,crps,moirai,garch11_t,5038,5038,0
CAC,crps,moirai,gjr,5038,5038,0
CAC,crps,moirai,har,5038,5038,0
CAC,crps,moirai,lgbm,5038,5038,0
CAC,crps,moirai,moirai,5038,5038,0
CAC,crps,moirai,naive,5038,5038,0
CAC,crps,moirai,patchtst,5038,5038,0
CAC,crps,moirai,timesfm,5038,5038,0
CAC,crps,naive,autoarima,5038,5038,0
CAC,crps,naive,autoets,5038,5038,0
CAC,crps,naive,chronos,5038,5038,0
CAC,crps,naive,ewma,5038,5038,0
CAC,crps,naive,garch11,5038,5038,0
CAC,crps,naive,garch11_t,5038,5038,0
CAC,crps,naive,gjr,5038,5038,0
CAC,crps,naive,har,5038,5038,0
CAC,crps,naive,lgbm,5038,5038,0
CAC,crps,naive,moirai,5038,5038,0
CAC,crps,naive,naive,5038,5038,0
CAC,crps,naive,patchtst,5038,5038,0
CAC,crps,naive,timesfm,5038,5038,0
CAC,crps,patchtst,autoarima,5038,5038,0
CAC,crps,patchtst,autoets,5038,5038,0
CAC,crps,patchtst,chronos,5038,5038,0
CAC,crps,patchtst,ewma,5038,5038,0
CAC,crps,patchtst,garch11,5038,5038,0
CAC,crps,patchtst,garch11_t,5038,5038,0
CAC,crps,patchtst,gjr,5038,5038,0
CAC,crps,patchtst,har,5038,5038,0
CAC,crps,patchtst,lgbm,5038,5038,0
CAC,crps,patchtst,moirai,5038,5038,0
CAC,crps,patchtst,naive,5038,5038,0
CAC,crps,patchtst,patchtst,5038,5038,0
CAC,crps,patchtst,timesfm,5038,5038,0
CAC,crps,timesfm,autoarima,5038,5038,0
CAC,crps,timesfm,autoets,5038,5038,0
CAC,crps,timesfm,chronos,5038,5038,0
CAC,crps,timesfm,ewma,5038,5038,0
CAC,crps,timesfm,garch11,5038,5038,0
CAC,crps,timesfm,garch11_t,5038,5038,0
CAC,crps,timesfm,gjr,5038,5038,0
CAC,crps,timesfm,har,5038,5038,0
CAC,crps,timesfm,lgbm,5038,5038,0
CAC,crps,timesfm,moirai,5038,5038,0
CAC,crps,timesfm,naive,5038,5038,0
CAC,crps,timesfm,patchtst,5038,5038,0
CAC,crps,timesfm,timesfm,5038,5038,0
CAC,log_score,autoarima,autoarima,5038,5038,0
CAC,log_score,autoarima,autoets,5038,5038,0
CAC,log_score,autoarima,chronos,5038,5038,0
CAC,log_score,autoarima,ewma,5038,5038,0
CAC,log_score,autoarima,garch11,5038,5038,0
CAC,log_score,autoarima,garch11_t,5038,5038,0
CAC,log_score,autoarima,gjr,5038,5038,0
CAC,log_score,autoarima,har,5038,5038,0
CAC,log_score,autoarima,lgbm,5038,5038,0
CAC,log_score,autoarima,moirai,5038,5038,0
CAC,log_score,autoarima,naive,5038,5038,0
CAC,log_score,autoarima,patchtst,5038,5038,0
CAC,log_score,autoarima,timesfm,5038,5038,0
CAC,log_score,autoets,autoarima,5038,5038,0
CAC,log_score,autoets,autoets,5038,5038,0
CAC,log_score,autoets,chronos,5038,5038,0
CAC,log_score,autoets,ewma,5038,5038,0
CAC,log_score,autoets,garch11,5038,5038,0
CAC,log_score,autoets,garch11_t,5038,5038,0
CAC,log_score,autoets,gjr,5038,5038,0
CAC,log_score,autoets,har,5038,5038,0
CAC,log_score,autoets,lgbm,5038,5038,0
CAC,log_score,autoets,moirai,5038,5038,0
CAC,log_score,autoets,naive,5038,5038,0
CAC,log_score,autoets,patchtst,5038,5038,0
CAC,log_score,autoets,timesfm,5038,5038,0
CAC,log_score,chronos,autoarima,5038,5038,0
CAC,log_score,chronos,autoets,5038,5038,0
CAC,log_score,chronos,chronos,5038,5038,0
CAC,log_score,chronos,ewma,5038,5038,0
CAC,log_score,chronos,garch11,5038,5038,0
CAC,log_score,chronos,garch11_t,5038,5038,0
CAC,log_score,chronos,gjr,5038,5038,0
CAC,log_score,chronos,har,5038,5038,0
CAC,log_score,chronos,lgbm,5038,5038,0
CAC,log_score,chronos,moirai,5038,5038,0
CAC,log_score,chronos,naive,5038,5038,0
CAC,log_score,chronos,patchtst,5038,5038,0
CAC,log_score,chronos,timesfm,5038,5038,0
CAC,log_score,ewma,autoarima,5038,5038,0
CAC,log_score,ewma,autoets,5038,5038,0
CAC,log_score,ewma,chronos,5038,5038,0
CAC,log_score,ewma,ewma,5038,5038,0
CAC,log_score,ewma,garch11,5038,5038,0
CAC,log_score,ewma,garch11_t,5038,5038,0
CAC,log_score,ewma,gjr,5038,5038,0
CAC,log_score,ewma,har,5038,5038,0
CAC,log_score,ewma,lgbm,5038,5038,0
CAC,log_score,ewma,moirai,5038,5038,0
CAC,log_score,ewma,naive,5038,5038,0
CAC,log_score,ewma,patchtst,5038,5038,0
CAC,log_score,ewma,timesfm,5038,5038,0
CAC,log_score,garch11,autoarima,5038,5038,0
CAC,log_score,garch11,autoets,5038,5038,0
CAC,log_score,garch11,chronos,5038,5038,0
CAC,log_score,garch11,ewma,5038,5038,0
CAC,log_score,garch11,garch11,5038,5038,0
CAC,log_score,garch11,garch11_t,5038,5038,0
CAC,log_score,garch11,gjr,5038,5038,0
CAC,log_score,garch11,har,5038,5038,0
CAC,log_score,garch11,lgbm,5038,5038,0
CAC,log_score,garch11,moirai,5038,5038,0
CAC,log_score,garch11,naive,5038,5038,0
CAC,log_score,garch11,patchtst,5038,5038,0
CAC,log_score,garch11,timesfm,5038,5038,0
CAC,log_score,garch11_t,autoarima,5038,5038,0
CAC,log_score,garch11_t,autoets,5038,5038,0
CAC,log_score,garch11_t,chronos,5038,5038,0
CAC,log_score,garch11_t,ewma,5038,5038,0
CAC,log_score,garch11_t,garch11,5038,5038,0
CAC,log_score,garch11_t,garch11_t,5038,5038,0
CAC,log_score,garch11_t,gjr,5038,5038,0
CAC,log_score,garch11_t,har,5038,5038,0
CAC,log_score,garch11_t,lgbm,5038,5038,0
CAC,log_score,garch11_t,moirai,5038,5038,0
CAC,log_score,garch11_t,naive,5038,5038,0
CAC,log_score,garch11_t,patchtst,5038,5038,0
CAC,log_score,garch11_t,timesfm,5038,5038,0
CAC,log_score,gjr,autoarima,5038,5038,0
CAC,log_score,gjr,autoets,5038,5038,0
CAC,log_score,gjr,chronos,5038,5038,0
CAC,log_score,gjr,ewma,5038,5038,0
CAC,log_score,gjr,garch11,5038,5038,0
CAC,log_score,gjr,garch11_t,5038,5038,0
CAC,log_score,gjr,gjr,5038,5038,0
CAC,log_score,gjr,har,5038,5038,0
CAC,log_score,gjr,lgbm,5038,5038,0
CAC,log_score,gjr,moirai,5038,5038,0
CAC,log_score,gjr,naive,5038,5038,0
CAC,log_score,gjr,patchtst,5038,5038,0
CAC,log_score,gjr,timesfm,5038,5038,0
CAC,log_score,har,autoarima,5038,5038,0
CAC,log_score,har,autoets,5038,5038,0
CAC,log_score,har,chronos,5038,5038,0
CAC,log_score,har,ewma,5038,5038,0
CAC,log_score,har,garch11,5038,5038,0
CAC,log_score,har,garch11_t,5038,5038,0
CAC,log_score,har,gjr,5038,5038,0
CAC,log_score,har,har,5038,5038,0
CAC,log_score,har,lgbm,5038,5038,0
CAC,log_score,har,moirai,5038,5038,0
CAC,log_score,har,naive,5038,5038,0
CAC,log_score,har,patchtst,5038,5038,0
CAC,log_score,har,timesfm,5038,5038,0
CAC,log_score,lgbm,autoarima,5038,5038,0
CAC,log_score,lgbm,autoets,5038,5038,0
CAC,log_score,lgbm,chronos,5038,5038,0
CAC,log_score,lgbm,ewma,5038,5038,0
CAC,log_score,lgbm,garch11,5038,5038,0
CAC,log_score,lgbm,garch11_t,5038,5038,0
CAC,log_score,lgbm,gjr,5038,5038,0
CAC,log_score,lgbm,har,5038,5038,0
CAC,log_score,lgbm,lgbm,5038,5038,0
CAC,log_score,lgbm,moirai,5038,5038,0
CAC,log_score,lgbm,naive,5038,5038,0
CAC,log_score,lgbm,patchtst,5038,5038,0
CAC,log_score,lgbm,timesfm,5038,5038,0
CAC,log_score,moirai,autoarima,5038,5038,0
CAC,log_score,moirai,autoets,5038,5038,0
CAC,log_score,moirai,chronos,5038,5038,0
CAC,log_score,moirai,ewma,5038,5038,0
CAC,log_score,moirai,garch11,5038,5038,0
CAC,log_score,moirai,garch11_t,5038,5038,0
CAC,log_score,moirai,gjr,5038,5038,0
CAC,log_score,moirai,har,5038,5038,0
CAC,log_score,moirai,lgbm,5038,5038,0
CAC,log_score,moirai,moirai,5038,5038,0
CAC,log_score,moirai,naive,5038,5038,0
CAC,log_score,moirai,patchtst,5038,5038,0
CAC,log_score,moirai,timesfm,5038,5038,0
CAC,log_score,naive,autoarima,5038,5038,0
CAC,log_score,naive,autoets,5038,5038,0
CAC,log_score,naive,chronos,5038,5038,0
CAC,log_score,naive,ewma,5038,5038,0
CAC,log_score,naive,garch11,5038,5038,0
CAC,log_score,naive,garch11_t,5038,5038,0
CAC,log_score,naive,gjr,5038,5038,0
CAC,log_score,naive,har,5038,5038,0
CAC,log_score,naive,lgbm,5038,5038,0
CAC,log_score,naive,moirai,5038,5038,0
CAC,log_score,naive,naive,5038,5038,0
CAC,log_score,naive,patchtst,5038,5038,0
CAC,log_score,naive,timesfm,5038,5038,0
CAC,log_score,patchtst,autoarima,5038,5038,0
CAC,log_score,patchtst,autoets,5038,5038,0
CAC,log_score,patchtst,chronos,5038,5038,0
CAC,log_score,patchtst,ewma,5038,5038,0
CAC,log_score,patchtst,garch11,5038,5038,0
CAC,log_score,patchtst,garch11_t,5038,5038,0
CAC,log_score,patchtst,gjr,5038,5038,0
CAC,log_score,patchtst,har,5038,5038,0
CAC,log_score,patchtst,lgbm,5038,5038,0
CAC,log_score,patchtst,moirai,5038,5038,0
CAC,log_score,patchtst,naive,5038,5038,0
CAC,log_score,patchtst,patchtst,5038,5038,0
CAC,log_score,patchtst,timesfm,5038,5038,0
CAC,log_score,timesfm,autoarima,5038,5038,0
CAC,log_score,timesfm,autoets,5038,5038,0
CAC,log_score,timesfm,chronos,5038,5038,0
CAC,log_score,timesfm,ewma,5038,5038,0
CAC,log_score,timesfm,garch11,5038,5038,0
CAC,log_score,timesfm,garch11_t,5038,5038,0
CAC,log_score,timesfm,gjr,5038,5038,0
CAC,log_score,timesfm,har,5038,5038,0
CAC,log_score,timesfm,lgbm,5038,5038,0
CAC,log_score,timesfm,moirai,5038,5038,0
CAC,log_score,timesfm,naive,5038,5038,0
CAC,log_score,timesfm,patchtst,5038,5038,0
CAC,log_score,timesfm,timesfm,5038,5038,0
CAC,pinball_0p01,autoarima,autoarima,5038,5038,0
CAC,pinball_0p01,autoarima,autoets,5038,5038,0
CAC,pinball_0p01,autoarima,chronos,5038,5038,0
CAC,pinball_0p01,autoarima,ewma,5038,5038,0
CAC,pinball_0p01,autoarima,garch11,5038,5038,0
CAC,pinball_0p01,autoarima,garch11_t,5038,5038,0
CAC,pinball_0p01,autoarima,gjr,5038,5038,0
CAC,pinball_0p01,autoarima,har,5038,5038,0
CAC,pinball_0p01,autoarima,lgbm,5038,5038,0
CAC,pinball_0p01,autoarima,moirai,5038,5038,0
CAC,pinball_0p01,autoarima,naive,5038,5038,0
CAC,pinball_0p01,autoarima,patchtst,5038,5038,0
CAC,pinball_0p01,autoarima,timesfm,5038,5038,0
CAC,pinball_0p01,autoets,autoarima,5038,5038,0
CAC,pinball_0p01,autoets,autoets,5038,5038,0
CAC,pinball_0p01,autoets,chronos,5038,5038,0
CAC,pinball_0p01,autoets,ewma,5038,5038,0
CAC,pinball_0p01,autoets,garch11,5038,5038,0
CAC,pinball_0p01,autoets,garch11_t,5038,5038,0
CAC,pinball_0p01,autoets,gjr,5038,5038,0
CAC,pinball_0p01,autoets,har,5038,5038,0
CAC,pinball_0p01,autoets,lgbm,5038,5038,0
CAC,pinball_0p01,autoets,moirai,5038,5038,0
CAC,pinball_0p01,autoets,naive,5038,5038,0
CAC,pinball_0p01,autoets,patchtst,5038,5038,0
CAC,pinball_0p01,autoets,timesfm,5038,5038,0
CAC,pinball_0p01,chronos,autoarima,5038,5038,0
CAC,pinball_0p01,chronos,autoets,5038,5038,0
CAC,pinball_0p01,chronos,chronos,5038,5038,0
CAC,pinball_0p01,chronos,ewma,5038,5038,0
CAC,pinball_0p01,chronos,garch11,5038,5038,0
CAC,pinball_0p01,chronos,garch11_t,5038,5038,0
CAC,pinball_0p01,chronos,gjr,5038,5038,0
CAC,pinball_0p01,chronos,har,5038,5038,0
CAC,pinball_0p01,chronos,lgbm,5038,5038,0
CAC,pinball_0p01,chronos,moirai,5038,5038,0
CAC,pinball_0p01,chronos,naive,5038,5038,0
CAC,pinball_0p01,chronos,patchtst,5038,5038,0
CAC,pinball_0p01,chronos,timesfm,5038,5038,0
CAC,pinball_0p01,ewma,autoarima,5038,5038,0
CAC,pinball_0p01,ewma,autoets,5038,5038,0
CAC,pinball_0p01,ewma,chronos,5038,5038,0
CAC,pinball_0p01,ewma,ewma,5038,5038,0
CAC,pinball_0p01,ewma,garch11,5038,5038,0
CAC,pinball_0p01,ewma,garch11_t,5038,5038,0
CAC,pinball_0p01,ewma,gjr,5038,5038,0
CAC,pinball_0p01,ewma,har,5038,5038,0
CAC,pinball_0p01,ewma,lgbm,5038,5038,0
CAC,pinball_0p01,ewma,moirai,5038,5038,0
CAC,pinball_0p01,ewma,naive,5038,5038,0
CAC,pinball_0p01,ewma,patchtst,5038,5038,0
CAC,pinball_0p01,ewma,timesfm,5038,5038,0
CAC,pinball_0p01,garch11,autoarima,5038,5038,0
CAC,pinball_0p01,garch11,autoets,5038,5038,0
CAC,pinball_0p01,garch11,chronos,5038,5038,0
CAC,pinball_0p01,garch11,ewma,5038,5038,0
CAC,pinball_0p01,garch11,garch11,5038,5038,0
CAC,pinball_0p01,garch11,garch11_t,5038,5038,0
CAC,pinball_0p01,garch11,gjr,5038,5038,0
CAC,pinball_0p01,garch11,har,5038,5038,0
CAC,pinball_0p01,garch11,lgbm,5038,5038,0
CAC,pinball_0p01,garch11,moirai,5038,5038,0
CAC,pinball_0p01,garch11,naive,5038,5038,0
CAC,pinball_0p01,garch11,patchtst,5038,5038,0
CAC,pinball_0p01,garch11,timesfm,5038,5038,0
CAC,pinball_0p01,garch11_t,autoarima,5038,5038,0
CAC,pinball_0p01,garch11_t,autoets,5038,5038,0
CAC,pinball_0p01,garch11_t,chronos,5038,5038,0
CAC,pinball_0p01,garch11_t,ewma,5038,5038,0
CAC,pinball_0p01,garch11_t,garch11,5038,5038,0
CAC,pinball_0p01,garch11_t,garch11_t,5038,5038,0
CAC,pinball_0p01,garch11_t,gjr,5038,5038,0
CAC,pinball_0p01,garch11_t,har,5038,5038,0
CAC,pinball_0p01,garch11_t,lgbm,5038,5038,0
CAC,pinball_0p01,garch11_t,moirai,5038,5038,0
CAC,pinball_0p01,garch11_t,naive,5038,5038,0
CAC,pinball_0p01,garch11_t,patchtst,5038,5038,0
CAC,pinball_0p01,garch11_t,timesfm,5038,5038,0
CAC,pinball_0p01,gjr,autoarima,5038,5038,0
CAC,pinball_0p01,gjr,autoets,5038,5038,0
CAC,pinball_0p01,gjr,chronos,5038,5038,0
CAC,pinball_0p01,gjr,ewma,5038,5038,0
CAC,pinball_0p01,gjr,garch11,5038,5038,0
CAC,pinball_0p01,gjr,garch11_t,5038,5038,0
CAC,pinball_0p01,gjr,gjr,5038,5038,0
CAC,pinball_0p01,gjr,har,5038,5038,0
CAC,pinball_0p01,gjr,lgbm,5038,5038,0
CAC,pinball_0p01,gjr,moirai,5038,5038,0
CAC,pinball_0p01,gjr,naive,5038,5038,0
CAC,pinball_0p01,gjr,patchtst,5038,5038,0
CAC,pinball_0p01,gjr,timesfm,5038,5038,0
CAC,pinball_0p01,har,autoarima,5038,5038,0
CAC,pinball_0p01,har,autoets,5038,5038,0
CAC,pinball_0p01,har,chronos,5038,5038,0
CAC,pinball_0p01,har,ewma,5038,5038,0
CAC,pinball_0p01,har,garch11,5038,5038,0
CAC,pinball_0p01,har,garch11_t,5038,5038,0
CAC,pinball_0p01,har,gjr,5038,5038,0
CAC,pinball_0p01,har,har,5038,5038,0
CAC,pinball_0p01,har,lgbm,5038,5038,0
CAC,pinball_0p01,har,moirai,5038,5038,0
CAC,pinball_0p01,har,naive,5038,5038,0
CAC,pinball_0p01,har,patchtst,5038,5038,0
CAC,pinball_0p01,har,timesfm,5038,5038,0
CAC,pinball_0p01,lgbm,autoarima,5038,5038,0
CAC,pinball_0p01,lgbm,autoets,5038,5038,0
CAC,pinball_0p01,lgbm,chronos,5038,5038,0
CAC,pinball_0p01,lgbm,ewma,5038,5038,0
CAC,pinball_0p01,lgbm,garch11,5038,5038,0
CAC,pinball_0p01,lgbm,garch11_t,5038,5038,0
CAC,pinball_0p01,lgbm,gjr,5038,5038,0
CAC,pinball_0p01,lgbm,har,5038,5038,0
CAC,pinball_0p01,lgbm,lgbm,5038,5038,0
CAC,pinball_0p01,lgbm,moirai,5038,5038,0
CAC,pinball_0p01,lgbm,naive,5038,5038,0
CAC,pinball_0p01,lgbm,patchtst,5038,5038,0
CAC,pinball_0p01,lgbm,timesfm,5038,5038,0
CAC,pinball_0p01,moirai,autoarima,5038,5038,0
CAC,pinball_0p01,moirai,autoets,5038,5038,0
CAC,pinball_0p01,moirai,chronos,5038,5038,0
CAC,pinball_0p01,moirai,ewma,5038,5038,0
CAC,pinball_0p01,moirai,garch11,5038,5038,0
CAC,pinball_0p01,moirai,garch11_t,5038,5038,0
CAC,pinball_0p01,moirai,gjr,5038,5038,0
CAC,pinball_0p01,moirai,har,5038,5038,0
CAC,pinball_0p01,moirai,lgbm,5038,5038,0
CAC,pinball_0p01,moirai,moirai,5038,5038,0
CAC,pinball_0p01,moirai,naive,5038,5038,0
CAC,pinball_0p01,moirai,patchtst,5038,5038,0
CAC,pinball_0p01,moirai,timesfm,5038,5038,0
CAC,pinball_0p01,naive,autoarima,5038,5038,0
CAC,pinball_0p01,naive,autoets,5038,5038,0
CAC,pinball_0p01,naive,chronos,5038,5038,0
CAC,pinball_0p01,naive,ewma,5038,5038,0
CAC,pinball_0p01,naive,garch11,5038,5038,0
CAC,pinball_0p01,naive,garch11_t,5038,5038,0
CAC,pinball_0p01,naive,gjr,5038,5038,0
CAC,pinball_0p01,naive,har,5038,5038,0
CAC,pinball_0p01,naive,lgbm,5038,5038,0
CAC,pinball_0p01,naive,moirai,5038,5038,0
CAC,pinball_0p01,naive,naive,5038,5038,0
CAC,pinball_0p01,naive,patchtst,5038,5038,0
CAC,pinball_0p01,naive,timesfm,5038,5038,0
CAC,pinball_0p01,patchtst,autoarima,5038,5038,0
CAC,pinball_0p01,patchtst,autoets,5038,5038,0
CAC,pinball_0p01,patchtst,chronos,5038,5038,0
CAC,pinball_0p01,patchtst,ewma,5038,5038,0
CAC,pinball_0p01,patchtst,garch11,5038,5038,0
CAC,pinball_0p01,patchtst,garch11_t,5038,5038,0
CAC,pinball_0p01,patchtst,gjr,5038,5038,0
CAC,pinball_0p01,patchtst,har,5038,5038,0
CAC,pinball_0p01,patchtst,lgbm,5038,5038,0
CAC,pinball_0p01,patchtst,moirai,5038,5038,0
CAC,pinball_0p01,patchtst,naive,5038,5038,0
CAC,pinball_0p01,patchtst,patchtst,5038,5038,0
CAC,pinball_0p01,patchtst,timesfm,5038,5038,0
CAC,pinball_0p01,timesfm,autoarima,5038,5038,0
CAC,pinball_0p01,timesfm,autoets,5038,5038,0
CAC,pinball_0p01,timesfm,chronos,5038,5038,0
CAC,pinball_0p01,timesfm,ewma,5038,5038,0
CAC,pinball_0p01,timesfm,garch11,5038,5038,0
CAC,pinball_0p01,timesfm,garch11_t,5038,5038,0
CAC,pinball_0p01,timesfm,gjr,5038,5038,0
CAC,pinball_0p01,timesfm,har,5038,5038,0
CAC,pinball_0p01,timesfm,lgbm,5038,5038,0
CAC,pinball_0p01,timesfm,moirai,5038,5038,0
CAC,pinball_0p01,timesfm,naive,5038,5038,0
CAC,pinball_0p01,timesfm,patchtst,5038,5038,0
CAC,pinball_0p01,timesfm,timesfm,5038,5038,0
CAC,pinball_0p025,autoarima,autoarima,5038,5038,0
CAC,pinball_0p025,autoarima,autoets,5038,5038,0
CAC,pinball_0p025,autoarima,chronos,5038,5038,0
CAC,pinball_0p025,autoarima,ewma,5038,5038,0
CAC,pinball_0p025,autoarima,garch11,5038,5038,0
CAC,pinball_0p025,autoarima,garch11_t,5038,5038,0
CAC,pinball_0p025,autoarima,gjr,5038,5038,0
CAC,pinball_0p025,autoarima,har,5038,5038,0
CAC,pinball_0p025,autoarima,lgbm,5038,5038,0
CAC,pinball_0p025,autoarima,moirai,5038,5038,0
CAC,pinball_0p025,autoarima,naive,5038,5038,0
CAC,pinball_0p025,autoarima,patchtst,5038,5038,0
CAC,pinball_0p025,autoarima,timesfm,5038,5038,0
CAC,pinball_0p025,autoets,autoarima,5038,5038,0
CAC,pinball_0p025,autoets,autoets,5038,5038,0
CAC,pinball_0p025,autoets,chronos,5038,5038,0
CAC,pinball_0p025,autoets,ewma,5038,5038,0
CAC,pinball_0p025,autoets,garch11,5038,5038,0
CAC,pinball_0p025,autoets,garch11_t,5038,5038,0
CAC,pinball_0p025,autoets,gjr,5038,5038,0
CAC,pinball_0p025,autoets,har,5038,5038,0
CAC,pinball_0p025,autoets,lgbm,5038,5038,0
CAC,pinball_0p025,autoets,moirai,5038,5038,0
CAC,pinball_0p025,autoets,naive,5038,5038,0
CAC,pinball_0p025,autoets,patchtst,5038,5038,0
CAC,pinball_0p025,autoets,timesfm,5038,5038,0
CAC,pinball_0p025,chronos,autoarima,5038,5038,0
CAC,pinball_0p025,chronos,autoets,5038,5038,0
CAC,pinball_0p025,chronos,chronos,5038,5038,0
CAC,pinball_0p025,chronos,ewma,5038,5038,0
CAC,pinball_0p025,chronos,garch11,5038,5038,0
CAC,pinball_0p025,chronos,garch11_t,5038,5038,0
CAC,pinball_0p025,chronos,gjr,5038,5038,0
CAC,pinball_0p025,chronos,har,5038,5038,0
CAC,pinball_0p025,chronos,lgbm,5038,5038,0
CAC,pinball_0p025,chronos,moirai,5038,5038,0
CAC,pinball_0p025,chronos,naive,5038,5038,0
CAC,pinball_0p025,chronos,patchtst,5038,5038,0
CAC,pinball_0p025,chronos,timesfm,5038,5038,0
CAC,pinball_0p025,ewma,autoarima,5038,5038,0
CAC,pinball_0p025,ewma,autoets,5038,5038,0
CAC,pinball_0p025,ewma,chronos,5038,5038,0
CAC,pinball_0p025,ewma,ewma,5038,5038,0
CAC,pinball_0p025,ewma,garch11,5038,5038,0
CAC,pinball_0p025,ewma,garch11_t,5038,5038,0
CAC,pinball_0p025,ewma,gjr,5038,5038,0
CAC,pinball_0p025,ewma,har,5038,5038,0
CAC,pinball_0p025,ewma,lgbm,5038,5038,0
CAC,pinball_0p025,ewma,moirai,5038,5038,0
CAC,pinball_0p025,ewma,naive,5038,5038,0
CAC,pinball_0p025,ewma,patchtst,5038,5038,0
CAC,pinball_0p025,ewma,timesfm,5038,5038,0
CAC,pinball_0p025,garch11,autoarima,5038,5038,0
CAC,pinball_0p025,garch11,autoets,5038,5038,0
CAC,pinball_0p025,garch11,chronos,5038,5038,0
CAC,pinball_0p025,garch11,ewma,5038,5038,0
CAC,pinball_0p025,garch11,garch11,5038,5038,0
CAC,pinball_0p025,garch11,garch11_t,5038,5038,0
CAC,pinball_0p025,garch11,gjr,5038,5038,0
CAC,pinball_0p025,garch11,har,5038,5038,0
CAC,pinball_0p025,garch11,lgbm,5038,5038,0
CAC,pinball_0p025,garch11,moirai,5038,5038,0
CAC,pinball_0p025,garch11,naive,5038,5038,0
CAC,pinball_0p025,garch11,patchtst,5038,5038,0
CAC,pinball_0p025,garch11,timesfm,5038,5038,0
CAC,pinball_0p025,garch11_t,autoarima,5038,5038,0
CAC,pinball_0p025,garch11_t,autoets,5038,5038,0
CAC,pinball_0p025,garch11_t,chronos,5038,5038,0
CAC,pinball_0p025,garch11_t,ewma,5038,5038,0
CAC,pinball_0p025,garch11_t,garch11,5038,5038,0
CAC,pinball_0p025,garch11_t,garch11_t,5038,5038,0
CAC,pinball_0p025,garch11_t,gjr,5038,5038,0
CAC,pinball_0p025,garch11_t,har,5038,5038,0
CAC,pinball_0p025,garch11_t,lgbm,5038,5038,0
CAC,pinball_0p025,garch11_t,moirai,5038,5038,0
CAC,pinball_0p025,garch11_t,naive,5038,5038,0
CAC,pinball_0p025,garch11_t,patchtst,5038,5038,0
CAC,pinball_0p025,garch11_t,timesfm,5038,5038,0
CAC,pinball_0p025,gjr,autoarima,5038,5038,0
CAC,pinball_0p025,gjr,autoets,5038,5038,0
CAC,pinball_0p025,gjr,chronos,5038,5038,0
CAC,pinball_0p025,gjr,ewma,5038,5038,0
CAC,pinball_0p025,gjr,garch11,5038,5038,0
CAC,pinball_0p025,gjr,garch11_t,5038,5038,0
CAC,pinball_0p025,gjr,gjr,5038,5038,0
CAC,pinball_0p025,gjr,har,5038,5038,0
CAC,pinball_0p025,gjr,lgbm,5038,5038,0
CAC,pinball_0p025,gjr,moirai,5038,5038,0
CAC,pinball_0p025,gjr,naive,5038,5038,0
CAC,pinball_0p025,gjr,patchtst,5038,5038,0
CAC,pinball_0p025,gjr,timesfm,5038,5038,0
CAC,pinball_0p025,har,autoarima,5038,5038,0
CAC,pinball_0p025,har,autoets,5038,5038,0
CAC,pinball_0p025,har,chronos,5038,5038,0
CAC,pinball_0p025,har,ewma,5038,5038,0
CAC,pinball_0p025,har,garch11,5038,5038,0
CAC,pinball_0p025,har,garch11_t,5038,5038,0
CAC,pinball_0p025,har,gjr,5038,5038,0
CAC,pinball_0p025,har,har,5038,5038,0
CAC,pinball_0p025,har,lgbm,5038,5038,0
CAC,pinball_0p025,har,moirai,5038,5038,0
CAC,pinball_0p025,har,naive,5038,5038,0
CAC,pinball_0p025,har,patchtst,5038,5038,0
CAC,pinball_0p025,har,timesfm,5038,5038,0
CAC,pinball_0p025,lgbm,autoarima,5038,5038,0
CAC,pinball_0p025,lgbm,autoets,5038,5038,0
CAC,pinball_0p025,lgbm,chronos,5038,5038,0
CAC,pinball_0p025,lgbm,ewma,5038,5038,0
CAC,pinball_0p025,lgbm,garch11,5038,5038,0
CAC,pinball_0p025,lgbm,garch11_t,5038,5038,0
CAC,pinball_0p025,lgbm,gjr,5038,5038,0
CAC,pinball_0p025,lgbm,har,5038,5038,0
CAC,pinball_0p025,lgbm,lgbm,5038,5038,0
CAC,pinball_0p025,lgbm,moirai,5038,5038,0
CAC,pinball_0p025,lgbm,naive,5038,5038,0
CAC,pinball_0p025,lgbm,patchtst,5038,5038,0
CAC,pinball_0p025,lgbm,timesfm,5038,5038,0
CAC,pinball_0p025,moirai,autoarima,5038,5038,0
CAC,pinball_0p025,moirai,autoets,5038,5038,0
CAC,pinball_0p025,moirai,chronos,5038,5038,0
CAC,pinball_0p025,moirai,ewma,5038,5038,0
CAC,pinball_0p025,moirai,garch11,5038,5038,0
CAC,pinball_0p025,moirai,garch11_t,5038,5038,0
CAC,pinball_0p025,moirai,gjr,5038,5038,0
CAC,pinball_0p025,moirai,har,5038,5038,0
CAC,pinball_0p025,moirai,lgbm,5038,5038,0
CAC,pinball_0p025,moirai,moirai,5038,5038,0
CAC,pinball_0p025,moirai,naive,5038,5038,0
CAC,pinball_0p025,moirai,patchtst,5038,5038,0
CAC,pinball_0p025,moirai,timesfm,5038,5038,0
CAC,pinball_0p025,naive,autoarima,5038,5038,0
CAC,pinball_0p025,naive,autoets,5038,5038,0
CAC,pinball_0p025,naive,chronos,5038,5038,0
CAC,pinball_0p025,naive,ewma,5038,5038,0
CAC,pinball_0p025,naive,garch11,5038,5038,0
CAC,pinball_0p025,naive,garch11_t,5038,5038,0
CAC,pinball_0p025,naive,gjr,5038,5038,0
CAC,pinball_0p025,naive,har,5038,5038,0
CAC,pinball_0p025,naive,lgbm,5038,5038,0
CAC,pinball_0p025,naive,moirai,5038,5038,0
CAC,pinball_0p025,naive,naive,5038,5038,0
CAC,pinball_0p025,naive,patchtst,5038,5038,0
CAC,pinball_0p025,naive,timesfm,5038,5038,0
CAC,pinball_0p025,patchtst,autoarima,5038,5038,0
CAC,pinball_0p025,patchtst,autoets,5038,5038,0
CAC,pinball_0p025,patchtst,chronos,5038,5038,0
CAC,pinball_0p025,patchtst,ewma,5038,5038,0
CAC,pinball_0p025,patchtst,garch11,5038,5038,0
CAC,pinball_0p025,patchtst,garch11_t,5038,5038,0
CAC,pinball_0p025,patchtst,gjr,5038,5038,0
CAC,pinball_0p025,patchtst,har,5038,5038,0
CAC,pinball_0p025,patchtst,lgbm,5038,5038,0
CAC,pinball_0p025,patchtst,moirai,5038,5038,0
CAC,pinball_0p025,patchtst,naive,5038,5038,0
CAC,pinball_0p025,patchtst,patchtst,5038,5038,0
CAC,pinball_0p025,patchtst,timesfm,5038,5038,0
CAC,pinball_0p025,timesfm,autoarima,5038,5038,0
CAC,pinball_0p025,timesfm,autoets,5038,5038,0
CAC,pinball_0p025,timesfm,chronos,5038,5038,0
CAC,pinball_0p025,timesfm,ewma,5038,5038,0
CAC,pinball_0p025,timesfm,garch11,5038,5038,0
CAC,pinball_0p025,timesfm,garch11_t,5038,5038,0
CAC,pinball_0p025,timesfm,gjr,5038,5038,0
CAC,pinball_0p025,timesfm,har,5038,5038,0
CAC,pinball_0p025,timesfm,lgbm,5038,5038,0
CAC,pinball_0p025,timesfm,moirai,5038,5038,0
CAC,pinball_0p025,timesfm,naive,5038,5038,0
CAC,pinball_0p025,timesfm,patchtst,5038,5038,0
CAC,pinball_0p025,timesfm,timesfm,5038,5038,0
CAC,pinball_0p05,autoarima,autoarima,5038,5038,0
CAC,pinball_0p05,autoarima,autoets,5038,5038,0
CAC,pinball_0p05,autoarima,chronos,5038,5038,0
CAC,pinball_0p05,autoarima,ewma,5038,5038,0
CAC,pinball_0p05,autoarima,garch11,5038,5038,0
CAC,pinball_0p05,autoarima,garch11_t,5038,5038,0
CAC,pinball_0p05,autoarima,gjr,5038,5038,0
CAC,pinball_0p05,autoarima,har,5038,5038,0
CAC,pinball_0p05,autoarima,lgbm,5038,5038,0
CAC,pinball_0p05,autoarima,moirai,5038,5038,0
CAC,pinball_0p05,autoarima,naive,5038,5038,0
CAC,pinball_0p05,autoarima,patchtst,5038,5038,0
CAC,pinball_0p05,autoarima,timesfm,5038,5038,0
CAC,pinball_0p05,autoets,autoarima,5038,5038,0
CAC,pinball_0p05,autoets,autoets,5038,5038,0
CAC,pinball_0p05,autoets,chronos,5038,5038,0
CAC,pinball_0p05,autoets,ewma,5038,5038,0
CAC,pinball_0p05,autoets,garch11,5038,5038,0
CAC,pinball_0p05,autoets,garch11_t,5038,5038,0
CAC,pinball_0p05,autoets,gjr,5038,5038,0
CAC,pinball_0p05,autoets,har,5038,5038,0
CAC,pinball_0p05,autoets,lgbm,5038,5038,0
CAC,pinball_0p05,autoets,moirai,5038,5038,0
CAC,pinball_0p05,autoets,naive,5038,5038,0
CAC,pinball_0p05,autoets,patchtst,5038,5038,0
CAC,pinball_0p05,autoets,timesfm,5038,5038,0
CAC,pinball_0p05,chronos,autoarima,5038,5038,0
CAC,pinball_0p05,chronos,autoets,5038,5038,0
CAC,pinball_0p05,chronos,chronos,5038,5038,0
CAC,pinball_0p05,chronos,ewma,5038,5038,0
CAC,pinball_0p05,chronos,garch11,5038,5038,0
CAC,pinball_0p05,chronos,garch11_t,5038,5038,0
CAC,pinball_0p05,chronos,gjr,5038,5038,0
CAC,pinball_0p05,chronos,har,5038,5038,0
CAC,pinball_0p05,chronos,lgbm,5038,5038,0
CAC,pinball_0p05,chronos,moirai,5038,5038,0
CAC,pinball_0p05,chronos,naive,5038,5038,0
CAC,pinball_0p05,chronos,patchtst,5038,5038,0
CAC,pinball_0p05,chronos,timesfm,5038,5038,0
CAC,pinball_0p05,ewma,autoarima,5038,5038,0
CAC,pinball_0p05,ewma,autoets,5038,5038,0
CAC,pinball_0p05,ewma,chronos,5038,5038,0
CAC,pinball_0p05,ewma,ewma,5038,5038,0
CAC,pinball_0p05,ewma,garch11,5038,5038,0
CAC,pinball_0p05,ewma,garch11_t,5038,5038,0
CAC,pinball_0p05,ewma,gjr,5038,5038,0
CAC,pinball_0p05,ewma,har,5038,5038,0
CAC,pinball_0p05,ewma,lgbm,5038,5038,0
CAC,pinball_0p05,ewma,moirai,5038,5038,0
CAC,pinball_0p05,ewma,naive,5038,5038,0
CAC,pinball_0p05,ewma,patchtst,5038,5038,0
CAC,pinball_0p05,ewma,timesfm,5038,5038,0
CAC,pinball_0p05,garch11,autoarima,5038,5038,0
CAC,pinball_0p05,garch11,autoets,5038,5038,0
CAC,pinball_0p05,garch11,chronos,5038,5038,0
CAC,pinball_0p05,garch11,ewma,5038,5038,0
CAC,pinball_0p05,garch11,garch11,5038,5038,0
CAC,pinball_0p05,garch11,garch11_t,5038,5038,0
CAC,pinball_0p05,garch11,gjr,5038,5038,0
CAC,pinball_0p05,garch11,har,5038,5038,0
CAC,pinball_0p05,garch11,lgbm,5038,5038,0
CAC,pinball_0p05,garch11,moirai,5038,5038,0
CAC,pinball_0p05,garch11,naive,5038,5038,0
CAC,pinball_0p05,garch11,patchtst,5038,5038,0
CAC,pinball_0p05,garch11,timesfm,5038,5038,0
CAC,pinball_0p05,garch11_t,autoarima,5038,5038,0
CAC,pinball_0p05,garch11_t,autoets,5038,5038,0
CAC,pinball_0p05,garch11_t,chronos,5038,5038,0
CAC,pinball_0p05,garch11_t,ewma,5038,5038,0
CAC,pinball_0p05,garch11_t,garch11,5038,5038,0
CAC,pinball_0p05,garch11_t,garch11_t,5038,5038,0
CAC,pinball_0p05,garch11_t,gjr,5038,5038,0
CAC,pinball_0p05,garch11_t,har,5038,5038,0
CAC,pinball_0p05,garch11_t,lgbm,5038,5038,0
CAC,pinball_0p05,garch11_t,moirai,5038,5038,0
CAC,pinball_0p05,garch11_t,naive,5038,5038,0
CAC,pinball_0p05,garch11_t,patchtst,5038,5038,0
CAC,pinball_0p05,garch11_t,timesfm,5038,5038,0
CAC,pinball_0p05,gjr,autoarima,5038,5038,0
CAC,pinball_0p05,gjr,autoets,5038,5038,0
CAC,pinball_0p05,gjr,chronos,5038,5038,0
CAC,pinball_0p05,gjr,ewma,5038,5038,0
CAC,pinball_0p05,gjr,garch11,5038,5038,0
CAC,pinball_0p05,gjr,garch11_t,5038,5038,0
CAC,pinball_0p05,gjr,gjr,5038,5038,0
CAC,pinball_0p05,gjr,har,5038,5038,0
CAC,pinball_0p05,gjr,lgbm,5038,5038,0
CAC,pinball_0p05,gjr,moirai,5038,5038,0
CAC,pinball_0p05,gjr,naive,5038,5038,0
CAC,pinball_0p05,gjr,patchtst,5038,5038,0
CAC,pinball_0p05,gjr,timesfm,5038,5038,0
CAC,pinball_0p05,har,autoarima,5038,5038,0
CAC,pinball_0p05,har,autoets,5038,5038,0
CAC,pinball_0p05,har,chronos,5038,5038,0
CAC,pinball_0p05,har,ewma,5038,5038,0
CAC,pinball_0p05,har,garch11,5038,5038,0
CAC,pinball_0p05,har,garch11_t,5038,5038,0
CAC,pinball_0p05,har,gjr,5038,5038,0
CAC,pinball_0p05,har,har,5038,5038,0
CAC,pinball_0p05,har,lgbm,5038,5038,0
CAC,pinball_0p05,har,moirai,5038,5038,0
CAC,pinball_0p05,har,naive,5038,5038,0
CAC,pinball_0p05,har,patchtst,5038,5038,0
CAC,pinball_0p05,har,timesfm,5038,5038,0
CAC,pinball_0p05,lgbm,autoarima,5038,5038,0
CAC,pinball_0p05,lgbm,autoets,5038,5038,0
CAC,pinball_0p05,lgbm,chronos,5038,5038,0
CAC,pinball_0p05,lgbm,ewma,5038,5038,0
CAC,pinball_0p05,lgbm,garch11,5038,5038,0
CAC,pinball_0p05,lgbm,garch11_t,5038,5038,0
CAC,pinball_0p05,lgbm,gjr,5038,5038,0
CAC,pinball_0p05,lgbm,har,5038,5038,0
CAC,pinball_0p05,lgbm,lgbm,5038,5038,0
CAC,pinball_0p05,lgbm,moirai,5038,5038,0
CAC,pinball_0p05,lgbm,naive,5038,5038,0
CAC,pinball_0p05,lgbm,patchtst,5038,5038,0
CAC,pinball_0p05,lgbm,timesfm,5038,5038,0
CAC,pinball_0p05,moirai,autoarima,5038,5038,0
CAC,pinball_0p05,moirai,autoets,5038,5038,0
CAC,pinball_0p05,moirai,chronos,5038,5038,0
CAC,pinball_0p05,moirai,ewma,5038,5038,0
CAC,pinball_0p05,moirai,garch11,5038,5038,0
CAC,pinball_0p05,moirai,garch11_t,5038,5038,0
CAC,pinball_0p05,moirai,gjr,5038,5038,0
CAC,pinball_0p05,moirai,har,5038,5038,0
CAC,pinball_0p05,moirai,lgbm,5038,5038,0
CAC,pinball_0p05,moirai,moirai,5038,5038,0
CAC,pinball_0p05,moirai,naive,5038,5038,0
CAC,pinball_0p05,moirai,patchtst,5038,5038,0
CAC,pinball_0p05,moirai,timesfm,5038,5038,0
CAC,pinball_0p05,naive,autoarima,5038,5038,0
CAC,pinball_0p05,naive,autoets,5038,5038,0
CAC,pinball_0p05,naive,chronos,5038,5038,0
CAC,pinball_0p05,naive,ewma,5038,5038,0
CAC,pinball_0p05,naive,garch11,5038,5038,0
CAC,pinball_0p05,naive,garch11_t,5038,5038,0
CAC,pinball_0p05,naive,gjr,5038,5038,0
CAC,pinball_0p05,naive,har,5038,5038,0
CAC,pinball_0p05,naive,lgbm,5038,5038,0
CAC,pinball_0p05,naive,moirai,5038,5038,0
CAC,pinball_0p05,naive,naive,5038,5038,0
CAC,pinball_0p05,naive,patchtst,5038,5038,0
CAC,pinball_0p05,naive,timesfm,5038,5038,0
CAC,pinball_0p05,patchtst,autoarima,5038,5038,0
CAC,pinball_0p05,patchtst,autoets,5038,5038,0
CAC,pinball_0p05,patchtst,chronos,5038,5038,0
CAC,pinball_0p05,patchtst,ewma,5038,5038,0
CAC,pinball_0p05,patchtst,garch11,5038,5038,0
CAC,pinball_0p05,patchtst,garch11_t,5038,5038,0
CAC,pinball_0p05,patchtst,gjr,5038,5038,0
CAC,pinball_0p05,patchtst,har,5038,5038,0
CAC,pinball_0p05,patchtst,lgbm,5038,5038,0
CAC,pinball_0p05,patchtst,moirai,5038,5038,0
CAC,pinball_0p05,patchtst,naive,5038,5038,0
CAC,pinball_0p05,patchtst,patchtst,5038,5038,0
CAC,pinball_0p05,patchtst,timesfm,5038,5038,0
CAC,pinball_0p05,timesfm,autoarima,5038,5038,0
CAC,pinball_0p05,timesfm,autoets,5038,5038,0
CAC,pinball_0p05,timesfm,chronos,5038,5038,0
CAC,pinball_0p05,timesfm,ewma,5038,5038,0
CAC,pinball_0p05,timesfm,garch11,5038,5038,0
CAC,pinball_0p05,timesfm,garch11_t,5038,5038,0
CAC,pinball_0p05,timesfm,gjr,5038,5038,0
CAC,pinball_0p05,timesfm,har,5038,5038,0
CAC,pinball_0p05,timesfm,lgbm,5038,5038,0
CAC,pinball_0p05,timesfm,moirai,5038,5038,0
CAC,pinball_0p05,timesfm,naive,5038,5038,0
CAC,pinball_0p05,timesfm,patchtst,5038,5038,0
CAC,pinball_0p05,timesfm,timesfm,5038,5038,0
CAC,pinball_avg,autoarima,autoarima,5038,5038,0
CAC,pinball_avg,autoarima,autoets,5038,5038,0
CAC,pinball_avg,autoarima,chronos,5038,5038,0
CAC,pinball_avg,autoarima,ewma,5038,5038,0
CAC,pinball_avg,autoarima,garch11,5038,5038,0
CAC,pinball_avg,autoarima,garch11_t,5038,5038,0
CAC,pinball_avg,autoarima,gjr,5038,5038,0
CAC,pinball_avg,autoarima,har,5038,5038,0
CAC,pinball_avg,autoarima,lgbm,5038,5038,0
CAC,pinball_avg,autoarima,moirai,5038,5038,0
CAC,pinball_avg,autoarima,naive,5038,5038,0
CAC,pinball_avg,autoarima,patchtst,5038,5038,0
CAC,pinball_avg,autoarima,timesfm,5038,5038,0
CAC,pinball_avg,autoets,autoarima,5038,5038,0
CAC,pinball_avg,autoets,autoets,5038,5038,0
CAC,pinball_avg,autoets,chronos,5038,5038,0
CAC,pinball_avg,autoets,ewma,5038,5038,0
CAC,pinball_avg,autoets,garch11,5038,5038,0
CAC,pinball_avg,autoets,garch11_t,5038,5038,0
CAC,pinball_avg,autoets,gjr,5038,5038,0
CAC,pinball_avg,autoets,har,5038,5038,0
CAC,pinball_avg,autoets,lgbm,5038,5038,0
CAC,pinball_avg,autoets,moirai,5038,5038,0
CAC,pinball_avg,autoets,naive,5038,5038,0
CAC,pinball_avg,autoets,patchtst,5038,5038,0
CAC,pinball_avg,autoets,timesfm,5038,5038,0
CAC,pinball_avg,chronos,autoarima,5038,5038,0
CAC,pinball_avg,chronos,autoets,5038,5038,0
CAC,pinball_avg,chronos,chronos,5038,5038,0
CAC,pinball_avg,chronos,ewma,5038,5038,0
CAC,pinball_avg,chronos,garch11,5038,5038,0
CAC,pinball_avg,chronos,garch11_t,5038,5038,0
CAC,pinball_avg,chronos,gjr,5038,5038,0
CAC,pinball_avg,chronos,har,5038,5038,0
CAC,pinball_avg,chronos,lgbm,5038,5038,0
CAC,pinball_avg,chronos,moirai,5038,5038,0
CAC,pinball_avg,chronos,naive,5038,5038,0
CAC,pinball_avg,chronos,patchtst,5038,5038,0
CAC,pinball_avg,chronos,timesfm,5038,5038,0
CAC,pinball_avg,ewma,autoarima,5038,5038,0
CAC,pinball_avg,ewma,autoets,5038,5038,0
CAC,pinball_avg,ewma,chronos,5038,5038,0
CAC,pinball_avg,ewma,ewma,5038,5038,0
CAC,pinball_avg,ewma,garch11,5038,5038,0
CAC,pinball_avg,ewma,garch11_t,5038,5038,0
CAC,pinball_avg,ewma,gjr,5038,5038,0
CAC,pinball_avg,ewma,har,5038,5038,0
CAC,pinball_avg,ewma,lgbm,5038,5038,0
CAC,pinball_avg,ewma,moirai,5038,5038,0
CAC,pinball_avg,ewma,naive,5038,5038,0
CAC,pinball_avg,ewma,patchtst,5038,5038,0
CAC,pinball_avg,ewma,timesfm,5038,5038,0
CAC,pinball_avg,garch11,autoarima,5038,5038,0
CAC,pinball_avg,garch11,autoets,5038,5038,0
CAC,pinball_avg,garch11,chronos,5038,5038,0
CAC,pinball_avg,garch11,ewma,5038,5038,0
CAC,pinball_avg,garch11,garch11,5038,5038,0
CAC,pinball_avg,garch11,garch11_t,5038,5038,0
CAC,pinball_avg,garch11,gjr,5038,5038,0
CAC,pinball_avg,garch11,har,5038,5038,0
CAC,pinball_avg,garch11,lgbm,5038,5038,0
CAC,pinball_avg,garch11,moirai,5038,5038,0
CAC,pinball_avg,garch11,naive,5038,5038,0
CAC,pinball_avg,garch11,patchtst,5038,5038,0
CAC,pinball_avg,garch11,timesfm,5038,5038,0
CAC,pinball_avg,garch11_t,autoarima,5038,5038,0
CAC,pinball_avg,garch11_t,autoets,5038,5038,0
CAC,pinball_avg,garch11_t,chronos,5038,5038,0
CAC,pinball_avg,garch11_t,ewma,5038,5038,0
CAC,pinball_avg,garch11_t,garch11,5038,5038,0
CAC,pinball_avg,garch11_t,garch11_t,5038,5038,0
CAC,pinball_avg,garch11_t,gjr,5038,5038,0
CAC,pinball_avg,garch11_t,har,5038,5038,0
CAC,pinball_avg,garch11_t,lgbm,5038,5038,0
CAC,pinball_avg,garch11_t,moirai,5038,5038,0
CAC,pinball_avg,garch11_t,naive,5038,5038,0
CAC,pinball_avg,garch11_t,patchtst,5038,5038,0
CAC,pinball_avg,garch11_t,timesfm,5038,5038,0
CAC,pinball_avg,gjr,autoarima,5038,5038,0
CAC,pinball_avg,gjr,autoets,5038,5038,0
CAC,pinball_avg,gjr,chronos,5038,5038,0
CAC,pinball_avg,gjr,ewma,5038,5038,0
CAC,pinball_avg,gjr,garch11,5038,5038,0
CAC,pinball_avg,gjr,garch11_t,5038,5038,0
CAC,pinball_avg,gjr,gjr,5038,5038,0
CAC,pinball_avg,gjr,har,5038,5038,0
CAC,pinball_avg,gjr,lgbm,5038,5038,0
CAC,pinball_avg,gjr,moirai,5038,5038,0
CAC,pinball_avg,gjr,naive,5038,5038,0
CAC,pinball_avg,gjr,patchtst,5038,5038,0
CAC,pinball_avg,gjr,timesfm,5038,5038,0
CAC,pinball_avg,har,autoarima,5038,5038,0
CAC,pinball_avg,har,autoets,5038,5038,0
CAC,pinball_avg,har,chronos,5038,5038,0
CAC,pinball_avg,har,ewma,5038,5038,0
CAC,pinball_avg,har,garch11,5038,5038,0
CAC,pinball_avg,har,garch11_t,5038,5038,0
CAC,pinball_avg,har,gjr,5038,5038,0
CAC,pinball_avg,har,har,5038,5038,0
CAC,pinball_avg,har,lgbm,5038,5038,0
CAC,pinball_avg,har,moirai,5038,5038,0
CAC,pinball_avg,har,naive,5038,5038,0
CAC,pinball_avg,har,patchtst,5038,5038,0
CAC,pinball_avg,har,timesfm,5038,5038,0
CAC,pinball_avg,lgbm,autoarima,5038,5038,0
CAC,pinball_avg,lgbm,autoets,5038,5038,0
CAC,pinball_avg,lgbm,chronos,5038,5038,0
CAC,pinball_avg,lgbm,ewma,5038,5038,0
CAC,pinball_avg,lgbm,garch11,5038,5038,0
CAC,pinball_avg,lgbm,garch11_t,5038,5038,0
CAC,pinball_avg,lgbm,gjr,5038,5038,0
CAC,pinball_avg,lgbm,har,5038,5038,0
CAC,pinball_avg,lgbm,lgbm,5038,5038,0
CAC,pinball_avg,lgbm,moirai,5038,5038,0
CAC,pinball_avg,lgbm,naive,5038,5038,0
CAC,pinball_avg,lgbm,patchtst,5038,5038,0
CAC,pinball_avg,lgbm,timesfm,5038,5038,0
CAC,pinball_avg,moirai,autoarima,5038,5038,0
CAC,pinball_avg,moirai,autoets,5038,5038,0
CAC,pinball_avg,moirai,chronos,5038,5038,0
CAC,pinball_avg,moirai,ewma,5038,5038,0
CAC,pinball_avg,moirai,garch11,5038,5038,0
CAC,pinball_avg,moirai,garch11_t,5038,5038,0
CAC,pinball_avg,moirai,gjr,5038,5038,0
CAC,pinball_avg,moirai,har,5038,5038,0
CAC,pinball_avg,moirai,lgbm,5038,5038,0
CAC,pinball_avg,moirai,moirai,5038,5038,0
CAC,pinball_avg,moirai,naive,5038,5038,0
CAC,pinball_avg,moirai,patchtst,5038,5038,0
CAC,pinball_avg,moirai,timesfm,5038,5038,0
CAC,pinball_avg,naive,autoarima,5038,5038,0
CAC,pinball_avg,naive,autoets,5038,5038,0
CAC,pinball_avg,naive,chronos,5038,5038,0
CAC,pinball_avg,naive,ewma,5038,5038,0
CAC,pinball_avg,naive,garch11,5038,5038,0
CAC,pinball_avg,naive,garch11_t,5038,5038,0
CAC,pinball_avg,naive,gjr,5038,5038,0
CAC,pinball_avg,naive,har,5038,5038,0
CAC,pinball_avg,naive,lgbm,5038,5038,0
CAC,pinball_avg,naive,moirai,5038,5038,0
CAC,pinball_avg,naive,naive,5038,5038,0
CAC,pinball_avg,naive,patchtst,5038,5038,0
CAC,pinball_avg,naive,timesfm,5038,5038,0
CAC,pinball_avg,patchtst,autoarima,5038,5038,0
CAC,pinball_avg,patchtst,autoets,5038,5038,0
CAC,pinball_avg,patchtst,chronos,5038,5038,0
CAC,pinball_avg,patchtst,ewma,5038,5038,0
CAC,pinball_avg,patchtst,garch11,5038,5038,0
CAC,pinball_avg,patchtst,garch11_t,5038,5038,0
CAC,pinball_avg,patchtst,gjr,5038,5038,0
CAC,pinball_avg,patchtst,har,5038,5038,0
CAC,pinball_avg,patchtst,lgbm,5038,5038,0
CAC,pinball_avg,patchtst,moirai,5038,5038,0
CAC,pinball_avg,patchtst,naive,5038,5038,0
CAC,pinball_avg,patchtst,patchtst,5038,5038,0
CAC,pinball_avg,patchtst,timesfm,5038,5038,0
CAC,pinball_avg,timesfm,autoarima,5038,5038,0
CAC,pinball_avg,timesfm,autoets,5038,5038,0
CAC,pinball_avg,timesfm,chronos,5038,5038,0
CAC,pinball_avg,timesfm,ewma,5038,5038,0
CAC,pinball_avg,timesfm,garch11,5038,5038,0
CAC,pinball_avg,timesfm,garch11_t,5038,5038,0
CAC,pinball_avg,timesfm,gjr,5038,5038,0
CAC,pinball_avg,timesfm,har,5038,5038,0
CAC,pinball_avg,timesfm,lgbm,5038,5038,0
CAC,pinball_avg,timesfm,moirai,5038,5038,0
CAC,pinball_avg,timesfm,naive,5038,5038,0
CAC,pinball_avg,timesfm,patchtst,5038,5038,0
CAC,pinball_avg,timesfm,timesfm,5038,5038,0
CAC,qlike,autoarima,autoarima,5038,5010,28
CAC,qlike,autoarima,autoets,5038,5010,28
CAC,qlike,autoarima,chronos,5038,5010,28
CAC,qlike,autoarima,ewma,5038,5010,28
CAC,qlike,autoarima,garch11,5038,5010,28
CAC,qlike,autoarima,garch11_t,5038,5010,28
CAC,qlike,autoarima,gjr,5038,5010,28
CAC,qlike,autoarima,har,5038,5010,28
CAC,qlike,autoarima,lgbm,5038,5010,28
CAC,qlike,autoarima,moirai,5038,5010,28
CAC,qlike,autoarima,naive,5038,5010,28
CAC,qlike,autoarima,patchtst,5038,5010,28
CAC,qlike,autoarima,timesfm,5038,5010,28
CAC,qlike,autoets,autoarima,5038,5010,28
CAC,qlike,autoets,autoets,5038,5010,28
CAC,qlike,autoets,chronos,5038,5010,28
CAC,qlike,autoets,ewma,5038,5010,28
CAC,qlike,autoets,garch11,5038,5010,28
CAC,qlike,autoets,garch11_t,5038,5010,28
CAC,qlike,autoets,gjr,5038,5010,28
CAC,qlike,autoets,har,5038,5010,28
CAC,qlike,autoets,lgbm,5038,5010,28
CAC,qlike,autoets,moirai,5038,5010,28
CAC,qlike,autoets,naive,5038,5010,28
CAC,qlike,autoets,patchtst,5038,5010,28
CAC,qlike,autoets,timesfm,5038,5010,28
CAC,qlike,chronos,autoarima,5038,5010,28
CAC,qlike,chronos,autoets,5038,5010,28
CAC,qlike,chronos,chronos,5038,5010,28
CAC,qlike,chronos,ewma,5038,5010,28
CAC,qlike,chronos,garch11,5038,5010,28
CAC,qlike,chronos,garch11_t,5038,5010,28
CAC,qlike,chronos,gjr,5038,5010,28
CAC,qlike,chronos,har,5038,5010,28
CAC,qlike,chronos,lgbm,5038,5010,28
CAC,qlike,chronos,moirai,5038,5010,28
CAC,qlike,chronos,naive,5038,5010,28
CAC,qlike,chronos,patchtst,5038,5010,28
CAC,qlike,chronos,timesfm,5038,5010,28
CAC,qlike,ewma,autoarima,5038,5010,28
CAC,qlike,ewma,autoets,5038,5010,28
CAC,qlike,ewma,chronos,5038,5010,28
CAC,qlike,ewma,ewma,5038,5010,28
CAC,qlike,ewma,garch11,5038,5010,28
CAC,qlike,ewma,garch11_t,5038,5010,28
CAC,qlike,ewma,gjr,5038,5010,28
CAC,qlike,ewma,har,5038,5010,28
CAC,qlike,ewma,lgbm,5038,5010,28
CAC,qlike,ewma,moirai,5038,5010,28
CAC,qlike,ewma,naive,5038,5010,28
CAC,qlike,ewma,patchtst,5038,5010,28
CAC,qlike,ewma,timesfm,5038,5010,28
CAC,qlike,garch11,autoarima,5038,5010,28
CAC,qlike,garch11,autoets,5038,5010,28
CAC,qlike,garch11,chronos,5038,5010,28
CAC,qlike,garch11,ewma,5038,5010,28
CAC,qlike,garch11,garch11,5038,5010,28
CAC,qlike,garch11,garch11_t,5038,5010,28
CAC,qlike,garch11,gjr,5038,5010,28
CAC,qlike,garch11,har,5038,5010,28
CAC,qlike,garch11,lgbm,5038,5010,28
CAC,qlike,garch11,moirai,5038,5010,28
CAC,qlike,garch11,naive,5038,5010,28
CAC,qlike,garch11,patchtst,5038,5010,28
CAC,qlike,garch11,timesfm,5038,5010,28
CAC,qlike,garch11_t,autoarima,5038,5010,28
CAC,qlike,garch11_t,autoets,5038,5010,28
CAC,qlike,garch11_t,chronos,5038,5010,28
CAC,qlike,garch11_t,ewma,5038,5010,28
CAC,qlike,garch11_t,garch11,5038,5010,28
CAC,qlike,garch11_t,garch11_t,5038,5010,28
CAC,qlike,garch11_t,gjr,5038,5010,28
CAC,qlike,garch11_t,har,5038,5010,28
CAC,qlike,garch11_t,lgbm,5038,5010,28
CAC,qlike,garch11_t,moirai,5038,5010,28
CAC,qlike,garch11_t,naive,5038,5010,28
CAC,qlike,garch11_t,patchtst,5038,5010,28
CAC,qlike,garch11_t,timesfm,5038,5010,28
CAC,qlike,gjr,autoarima,5038,5010,28
CAC,qlike,gjr,autoets,5038,5010,28
CAC,qlike,gjr,chronos,5038,5010,28
CAC,qlike,gjr,ewma,5038,5010,28
CAC,qlike,gjr,garch11,5038,5010,28
CAC,qlike,gjr,garch11_t,5038,5010,28
CAC,qlike,gjr,gjr,5038,5010,28
CAC,qlike,gjr,har,5038,5010,28
CAC,qlike,gjr,lgbm,5038,5010,28
CAC,qlike,gjr,moirai,5038,5010,28
CAC,qlike,gjr,naive,5038,5010,28
CAC,qlike,gjr,patchtst,5038,5010,28
CAC,qlike,gjr,timesfm,5038,5010,28
CAC,qlike,har,autoarima,5038,5010,28
CAC,qlike,har,autoets,5038,5010,28
CAC,qlike,har,chronos,5038,5010,28
CAC,qlike,har,ewma,5038,5010,28
CAC,qlike,har,garch11,5038,5010,28
CAC,qlike,har,garch11_t,5038,5010,28
CAC,qlike,har,gjr,5038,5010,28
CAC,qlike,har,har,5038,5010,28
CAC,qlike,har,lgbm,5038,5010,28
CAC,qlike,har,moirai,5038,5010,28
CAC,qlike,har,naive,5038,5010,28
CAC,qlike,har,patchtst,5038,5010,28
CAC,qlike,har,timesfm,5038,5010,28
CAC,qlike,lgbm,autoarima,5038,5010,28
CAC,qlike,lgbm,autoets,5038,5010,28
CAC,qlike,lgbm,chronos,5038,5010,28
CAC,qlike,lgbm,ewma,5038,5010,28
CAC,qlike,lgbm,garch11,5038,5010,28
CAC,qlike,lgbm,garch11_t,5038,5010,28
CAC,qlike,lgbm,gjr,5038,5010,28
CAC,qlike,lgbm,har,5038,5010,28
CAC,qlike,lgbm,lgbm,5038,5010,28
CAC,qlike,lgbm,moirai,5038,5010,28
CAC,qlike,lgbm,naive,5038,5010,28
CAC,qlike,lgbm,patchtst,5038,5010,28
CAC,qlike,lgbm,timesfm,5038,5010,28
CAC,qlike,moirai,autoarima,5038,5010,28
CAC,qlike,moirai,autoets,5038,5010,28
CAC,qlike,moirai,chronos,5038,5010,28
CAC,qlike,moirai,ewma,5038,5010,28
CAC,qlike,moirai,garch11,5038,5010,28
CAC,qlike,moirai,garch11_t,5038,5010,28
CAC,qlike,moirai,gjr,5038,5010,28
CAC,qlike,moirai,har,5038,5010,28
CAC,qlike,moirai,lgbm,5038,5010,28
CAC,qlike,moirai,moirai,5038,5010,28
CAC,qlike,moirai,naive,5038,5010,28
CAC,qlike,moirai,patchtst,5038,5010,28
CAC,qlike,moirai,timesfm,5038,5010,28
CAC,qlike,naive,autoarima,5038,5010,28
CAC,qlike,naive,autoets,5038,5010,28
CAC,qlike,naive,chronos,5038,5010,28
CAC,qlike,naive,ewma,5038,5010,28
CAC,qlike,naive,garch11,5038,5010,28
CAC,qlike,naive,garch11_t,5038,5010,28
CAC,qlike,naive,gjr,5038,5010,28
CAC,qlike,naive,har,5038,5010,28
CAC,qlike,naive,lgbm,5038,5010,28
CAC,qlike,naive,moirai,5038,5010,28
CAC,qlike,naive,naive,5038,5010,28
CAC,qlike,naive,patchtst,5038,5010,28
CAC,qlike,naive,timesfm,5038,5010,28
CAC,qlike,patchtst,autoarima,5038,5010,28
CAC,qlike,patchtst,autoets,5038,5010,28
CAC,qlike,patchtst,chronos,5038,5010,28
CAC,qlike,patchtst,ewma,5038,5010,28
CAC,qlike,patchtst,garch11,5038,5010,28
CAC,qlike,patchtst,garch11_t,5038,5010,28
CAC,qlike,patchtst,gjr,5038,5010,28
CAC,qlike,patchtst,har,5038,5010,28
CAC,qlike,patchtst,lgbm,5038,5010,28
CAC,qlike,patchtst,moirai,5038,5010,28
CAC,qlike,patchtst,naive,5038,5010,28
CAC,qlike,patchtst,patchtst,5038,5010,28
CAC,qlike,patchtst,timesfm,5038,5010,28
CAC,qlike,timesfm,autoarima,5038,5010,28
CAC,qlike,timesfm,autoets,5038,5010,28
CAC,qlike,timesfm,chronos,5038,5010,28
CAC,qlike,timesfm,ewma,5038,5010,28
CAC,qlike,timesfm,garch11,5038,5010,28
CAC,qlike,timesfm,garch11_t,5038,5010,28
CAC,qlike,timesfm,gjr,5038,5010,28
CAC,qlike,timesfm,har,5038,5010,28
CAC,qlike,timesfm,lgbm,5038,5010,28
CAC,qlike,timesfm,moirai,5038,5010,28
CAC,qlike,timesfm,naive,5038,5010,28
CAC,qlike,timesfm,patchtst,5038,5010,28
CAC,qlike,timesfm,timesfm,5038,5010,28
CAC,fz0_0p01,autoarima,autoarima,5038,5038,0
CAC,fz0_0p01,autoarima,autoets,5038,5038,0
CAC,fz0_0p01,autoarima,chronos,5038,5038,0
CAC,fz0_0p01,autoarima,ewma,5038,5038,0
CAC,fz0_0p01,autoarima,garch11,5038,5038,0
CAC,fz0_0p01,autoarima,garch11_t,5038,5038,0
CAC,fz0_0p01,autoarima,gjr,5038,5038,0
CAC,fz0_0p01,autoarima,har,5038,5038,0
CAC,fz0_0p01,autoarima,lgbm,5038,5038,0
CAC,fz0_0p01,autoarima,moirai,5038,5038,0
CAC,fz0_0p01,autoarima,naive,5038,5038,0
CAC,fz0_0p01,autoarima,patchtst,5038,5038,0
CAC,fz0_0p01,autoarima,timesfm,5038,5038,0
CAC,fz0_0p01,autoets,autoarima,5038,5038,0
CAC,fz0_0p01,autoets,autoets,5038,5038,0
CAC,fz0_0p01,autoets,chronos,5038,5038,0
CAC,fz0_0p01,autoets,ewma,5038,5038,0
CAC,fz0_0p01,autoets,garch11,5038,5038,0
CAC,fz0_0p01,autoets,garch11_t,5038,5038,0
CAC,fz0_0p01,autoets,gjr,5038,5038,0
CAC,fz0_0p01,autoets,har,5038,5038,0
CAC,fz0_0p01,autoets,lgbm,5038,5038,0
CAC,fz0_0p01,autoets,moirai,5038,5038,0
CAC,fz0_0p01,autoets,naive,5038,5038,0
CAC,fz0_0p01,autoets,patchtst,5038,5038,0
CAC,fz0_0p01,autoets,timesfm,5038,5038,0
CAC,fz0_0p01,chronos,autoarima,5038,5038,0
CAC,fz0_0p01,chronos,autoets,5038,5038,0
CAC,fz0_0p01,chronos,chronos,5038,5038,0
CAC,fz0_0p01,chronos,ewma,5038,5038,0
CAC,fz0_0p01,chronos,garch11,5038,5038,0
CAC,fz0_0p01,chronos,garch11_t,5038,5038,0
CAC,fz0_0p01,chronos,gjr,5038,5038,0
CAC,fz0_0p01,chronos,har,5038,5038,0
CAC,fz0_0p01,chronos,lgbm,5038,5038,0
CAC,fz0_0p01,chronos,moirai,5038,5038,0
CAC,fz0_0p01,chronos,naive,5038,5038,0
CAC,fz0_0p01,chronos,patchtst,5038,5038,0
CAC,fz0_0p01,chronos,timesfm,5038,5038,0
CAC,fz0_0p01,ewma,autoarima,5038,5038,0
CAC,fz0_0p01,ewma,autoets,5038,5038,0
CAC,fz0_0p01,ewma,chronos,5038,5038,0
CAC,fz0_0p01,ewma,ewma,5038,5038,0
CAC,fz0_0p01,ewma,garch11,5038,5038,0
CAC,fz0_0p01,ewma,garch11_t,5038,5038,0
CAC,fz0_0p01,ewma,gjr,5038,5038,0
CAC,fz0_0p01,ewma,har,5038,5038,0
CAC,fz0_0p01,ewma,lgbm,5038,5038,0
CAC,fz0_0p01,ewma,moirai,5038,5038,0
CAC,fz0_0p01,ewma,naive,5038,5038,0
CAC,fz0_0p01,ewma,patchtst,5038,5038,0
CAC,fz0_0p01,ewma,timesfm,5038,5038,0
CAC,fz0_0p01,garch11,autoarima,5038,5038,0
CAC,fz0_0p01,garch11,autoets,5038,5038,0
CAC,fz0_0p01,garch11,chronos,5038,5038,0
CAC,fz0_0p01,garch11,ewma,5038,5038,0
CAC,fz0_0p01,garch11,garch11,5038,5038,0
CAC,fz0_0p01,garch11,garch11_t,5038,5038,0
CAC,fz0_0p01,garch11,gjr,5038,5038,0
CAC,fz0_0p01,garch11,har,5038,5038,0
CAC,fz0_0p01,garch11,lgbm,5038,5038,0
CAC,fz0_0p01,garch11,moirai,5038,5038,0
CAC,fz0_0p01,garch11,naive,5038,5038,0
CAC,fz0_0p01,garch11,patchtst,5038,5038,0
CAC,fz0_0p01,garch11,timesfm,5038,5038,0
CAC,fz0_0p01,garch11_t,autoarima,5038,5038,0
CAC,fz0_0p01,garch11_t,autoets,5038,5038,0
CAC,fz0_0p01,garch11_t,chronos,5038,5038,0
CAC,fz0_0p01,garch11_t,ewma,5038,5038,0
CAC,fz0_0p01,garch11_t,garch11,5038,5038,0
CAC,fz0_0p01,garch11_t,garch11_t,5038,5038,0
CAC,fz0_0p01,garch11_t,gjr,5038,5038,0
CAC,fz0_0p01,garch11_t,har,5038,5038,0
CAC,fz0_0p01,garch11_t,lgbm,5038,5038,0
CAC,fz0_0p01,garch11_t,moirai,5038,5038,0
CAC,fz0_0p01,garch11_t,naive,5038,5038,0
CAC,fz0_0p01,garch11_t,patchtst,5038,5038,0
CAC,fz0_0p01,garch11_t,timesfm,5038,5038,0
CAC,fz0_0p01,gjr,autoarima,5038,5038,0
CAC,fz0_0p01,gjr,autoets,5038,5038,0
CAC,fz0_0p01,gjr,chronos,5038,5038,0
CAC,fz0_0p01,gjr,ewma,5038,5038,0
CAC,fz0_0p01,gjr,garch11,5038,5038,0
CAC,fz0_0p01,gjr,garch11_t,5038,5038,0
CAC,fz0_0p01,gjr,gjr,5038,5038,0
CAC,fz0_0p01,gjr,har,5038,5038,0
CAC,fz0_0p01,gjr,lgbm,5038,5038,0
CAC,fz0_0p01,gjr,moirai,5038,5038,0
CAC,fz0_0p01,gjr,naive,5038,5038,0
CAC,fz0_0p01,gjr,patchtst,5038,5038,0
CAC,fz0_0p01,gjr,timesfm,5038,5038,0
CAC,fz0_0p01,har,autoarima,5038,5038,0
CAC,fz0_0p01,har,autoets,5038,5038,0
CAC,fz0_0p01,har,chronos,5038,5038,0
CAC,fz0_0p01,har,ewma,5038,5038,0
CAC,fz0_0p01,har,garch11,5038,5038,0
CAC,fz0_0p01,har,garch11_t,5038,5038,0
CAC,fz0_0p01,har,gjr,5038,5038,0
CAC,fz0_0p01,har,har,5038,5038,0
CAC,fz0_0p01,har,lgbm,5038,5038,0
CAC,fz0_0p01,har,moirai,5038,5038,0
CAC,fz0_0p01,har,naive,5038,5038,0
CAC,fz0_0p01,har,patchtst,5038,5038,0
CAC,fz0_0p01,har,timesfm,5038,5038,0
CAC,fz0_0p01,lgbm,autoarima,5038,5038,0
CAC,fz0_0p01,lgbm,autoets,5038,5038,0
CAC,fz0_0p01,lgbm,chronos,5038,5038,0
CAC,fz0_0p01,lgbm,ewma,5038,5038,0
CAC,fz0_0p01,lgbm,garch11,5038,5038,0
CAC,fz0_0p01,lgbm,garch11_t,5038,5038,0
CAC,fz0_0p01,lgbm,gjr,5038,5038,0
CAC,fz0_0p01,lgbm,har,5038,5038,0
CAC,fz0_0p01,lgbm,lgbm,5038,5038,0
CAC,fz0_0p01,lgbm,moirai,5038,5038,0
CAC,fz0_0p01,lgbm,naive,5038,5038,0
CAC,fz0_0p01,lgbm,patchtst,5038,5038,0
CAC,fz0_0p01,lgbm,timesfm,5038,5038,0
CAC,fz0_0p01,moirai,autoarima,5038,5038,0
CAC,fz0_0p01,moirai,autoets,5038,5038,0
CAC,fz0_0p01,moirai,chronos,5038,5038,0
CAC,fz0_0p01,moirai,ewma,5038,5038,0
CAC,fz0_0p01,moirai,garch11,5038,5038,0
CAC,fz0_0p01,moirai,garch11_t,5038,5038,0
CAC,fz0_0p01,moirai,gjr,5038,5038,0
CAC,fz0_0p01,moirai,har,5038,5038,0
CAC,fz0_0p01,moirai,lgbm,5038,5038,0
CAC,fz0_0p01,moirai,moirai,5038,5038,0
CAC,fz0_0p01,moirai,naive,5038,5038,0
CAC,fz0_0p01,moirai,patchtst,5038,5038,0
CAC,fz0_0p01,moirai,timesfm,5038,5038,0
CAC,fz0_0p01,naive,autoarima,5038,5038,0
CAC,fz0_0p01,naive,autoets,5038,5038,0
CAC,fz0_0p01,naive,chronos,5038,5038,0
CAC,fz0_0p01,naive,ewma,5038,5038,0
CAC,fz0_0p01,naive,garch11,5038,5038,0
CAC,fz0_0p01,naive,garch11_t,5038,5038,0
CAC,fz0_0p01,naive,gjr,5038,5038,0
CAC,fz0_0p01,naive,har,5038,5038,0
CAC,fz0_0p01,naive,lgbm,5038,5038,0
CAC,fz0_0p01,naive,moirai,5038,5038,0
CAC,fz0_0p01,naive,naive,5038,5038,0
CAC,fz0_0p01,naive,patchtst,5038,5038,0
CAC,fz0_0p01,naive,timesfm,5038,5038,0
CAC,fz0_0p01,patchtst,autoarima,5038,5038,0
CAC,fz0_0p01,patchtst,autoets,5038,5038,0
CAC,fz0_0p01,patchtst,chronos,5038,5038,0
CAC,fz0_0p01,patchtst,ewma,5038,5038,0
CAC,fz0_0p01,patchtst,garch11,5038,5038,0
CAC,fz0_0p01,patchtst,garch11_t,5038,5038,0
CAC,fz0_0p01,patchtst,gjr,5038,5038,0
CAC,fz0_0p01,patchtst,har,5038,5038,0
CAC,fz0_0p01,patchtst,lgbm,5038,5038,0
CAC,fz0_0p01,patchtst,moirai,5038,5038,0
CAC,fz0_0p01,patchtst,naive,5038,5038,0
CAC,fz0_0p01,patchtst,patchtst,5038,5038,0
CAC,fz0_0p01,patchtst,timesfm,5038,5038,0
CAC,fz0_0p01,timesfm,autoarima,5038,5038,0
CAC,fz0_0p01,timesfm,autoets,5038,5038,0
CAC,fz0_0p01,timesfm,chronos,5038,5038,0
CAC,fz0_0p01,timesfm,ewma,5038,5038,0
CAC,fz0_0p01,timesfm,garch11,5038,5038,0
CAC,fz0_0p01,timesfm,garch11_t,5038,5038,0
CAC,fz0_0p01,timesfm,gjr,5038,5038,0
CAC,fz0_0p01,timesfm,har,5038,5038,0
CAC,fz0_0p01,timesfm,lgbm,5038,5038,0
CAC,fz0_0p01,timesfm,moirai,5038,5038,0
CAC,fz0_0p01,timesfm,naive,5038,5038,0
CAC,fz0_0p01,timesfm,patchtst,5038,5038,0
CAC,fz0_0p01,timesfm,timesfm,5038,5038,0
CAC,fz0_0p025,autoarima,autoarima,5038,5038,0
CAC,fz0_0p025,autoarima,autoets,5038,5038,0
CAC,fz0_0p025,autoarima,chronos,5038,5038,0
CAC,fz0_0p025,autoarima,ewma,5038,5038,0
CAC,fz0_0p025,autoarima,garch11,5038,5038,0
CAC,fz0_0p025,autoarima,garch11_t,5038,5038,0
CAC,fz0_0p025,autoarima,gjr,5038,5038,0
CAC,fz0_0p025,autoarima,har,5038,5038,0
CAC,fz0_0p025,autoarima,lgbm,5038,5038,0
CAC,fz0_0p025,autoarima,moirai,5038,5038,0
CAC,fz0_0p025,autoarima,naive,5038,5038,0
CAC,fz0_0p025,autoarima,patchtst,5038,5038,0
CAC,fz0_0p025,autoarima,timesfm,5038,5038,0
CAC,fz0_0p025,autoets,autoarima,5038,5038,0
CAC,fz0_0p025,autoets,autoets,5038,5038,0
CAC,fz0_0p025,autoets,chronos,5038,5038,0
CAC,fz0_0p025,autoets,ewma,5038,5038,0
CAC,fz0_0p025,autoets,garch11,5038,5038,0
CAC,fz0_0p025,autoets,garch11_t,5038,5038,0
CAC,fz0_0p025,autoets,gjr,5038,5038,0
CAC,fz0_0p025,autoets,har,5038,5038,0
CAC,fz0_0p025,autoets,lgbm,5038,5038,0
CAC,fz0_0p025,autoets,moirai,5038,5038,0
CAC,fz0_0p025,autoets,naive,5038,5038,0
CAC,fz0_0p025,autoets,patchtst,5038,5038,0
CAC,fz0_0p025,autoets,timesfm,5038,5038,0
CAC,fz0_0p025,chronos,autoarima,5038,5038,0
CAC,fz0_0p025,chronos,autoets,5038,5038,0
CAC,fz0_0p025,chronos,chronos,5038,5038,0
CAC,fz0_0p025,chronos,ewma,5038,5038,0
CAC,fz0_0p025,chronos,garch11,5038,5038,0
CAC,fz0_0p025,chronos,garch11_t,5038,5038,0
CAC,fz0_0p025,chronos,gjr,5038,5038,0
CAC,fz0_0p025,chronos,har,5038,5038,0
CAC,fz0_0p025,chronos,lgbm,5038,5038,0
CAC,fz0_0p025,chronos,moirai,5038,5038,0
CAC,fz0_0p025,chronos,naive,5038,5038,0
CAC,fz0_0p025,chronos,patchtst,5038,5038,0
CAC,fz0_0p025,chronos,timesfm,5038,5038,0
CAC,fz0_0p025,ewma,autoarima,5038,5038,0
CAC,fz0_0p025,ewma,autoets,5038,5038,0
CAC,fz0_0p025,ewma,chronos,5038,5038,0
CAC,fz0_0p025,ewma,ewma,5038,5038,0
CAC,fz0_0p025,ewma,garch11,5038,5038,0
CAC,fz0_0p025,ewma,garch11_t,5038,5038,0
CAC,fz0_0p025,ewma,gjr,5038,5038,0
CAC,fz0_0p025,ewma,har,5038,5038,0
CAC,fz0_0p025,ewma,lgbm,5038,5038,0
CAC,fz0_0p025,ewma,moirai,5038,5038,0
CAC,fz0_0p025,ewma,naive,5038,5038,0
CAC,fz0_0p025,ewma,patchtst,5038,5038,0
CAC,fz0_0p025,ewma,timesfm,5038,5038,0
CAC,fz0_0p025,garch11,autoarima,5038,5038,0
CAC,fz0_0p025,garch11,autoets,5038,5038,0
CAC,fz0_0p025,garch11,chronos,5038,5038,0
CAC,fz0_0p025,garch11,ewma,5038,5038,0
CAC,fz0_0p025,garch11,garch11,5038,5038,0
CAC,fz0_0p025,garch11,garch11_t,5038,5038,0
CAC,fz0_0p025,garch11,gjr,5038,5038,0
CAC,fz0_0p025,garch11,har,5038,5038,0
CAC,fz0_0p025,garch11,lgbm,5038,5038,0
CAC,fz0_0p025,garch11,moirai,5038,5038,0
CAC,fz0_0p025,garch11,naive,5038,5038,0
CAC,fz0_0p025,garch11,patchtst,5038,5038,0
CAC,fz0_0p025,garch11,timesfm,5038,5038,0
CAC,fz0_0p025,garch11_t,autoarima,5038,5038,0
CAC,fz0_0p025,garch11_t,autoets,5038,5038,0
CAC,fz0_0p025,garch11_t,chronos,5038,5038,0
CAC,fz0_0p025,garch11_t,ewma,5038,5038,0
CAC,fz0_0p025,garch11_t,garch11,5038,5038,0
CAC,fz0_0p025,garch11_t,garch11_t,5038,5038,0
CAC,fz0_0p025,garch11_t,gjr,5038,5038,0
CAC,fz0_0p025,garch11_t,har,5038,5038,0
CAC,fz0_0p025,garch11_t,lgbm,5038,5038,0
CAC,fz0_0p025,garch11_t,moirai,5038,5038,0
CAC,fz0_0p025,garch11_t,naive,5038,5038,0
CAC,fz0_0p025,garch11_t,patchtst,5038,5038,0
CAC,fz0_0p025,garch11_t,timesfm,5038,5038,0
CAC,fz0_0p025,gjr,autoarima,5038,5038,0
CAC,fz0_0p025,gjr,autoets,5038,5038,0
CAC,fz0_0p025,gjr,chronos,5038,5038,0
CAC,fz0_0p025,gjr,ewma,5038,5038,0
CAC,fz0_0p025,gjr,garch11,5038,5038,0
CAC,fz0_0p025,gjr,garch11_t,5038,5038,0
CAC,fz0_0p025,gjr,gjr,5038,5038,0
CAC,fz0_0p025,gjr,har,5038,5038,0
CAC,fz0_0p025,gjr,lgbm,5038,5038,0
CAC,fz0_0p025,gjr,moirai,5038,5038,0
CAC,fz0_0p025,gjr,naive,5038,5038,0
CAC,fz0_0p025,gjr,patchtst,5038,5038,0
CAC,fz0_0p025,gjr,timesfm,5038,5038,0
CAC,fz0_0p025,har,autoarima,5038,5038,0
CAC,fz0_0p025,har,autoets,5038,5038,0
CAC,fz0_0p025,har,chronos,5038,5038,0
CAC,fz0_0p025,har,ewma,5038,5038,0
CAC,fz0_0p025,har,garch11,5038,5038,0
CAC,fz0_0p025,har,garch11_t,5038,5038,0
CAC,fz0_0p025,har,gjr,5038,5038,0
CAC,fz0_0p025,har,har,5038,5038,0
CAC,fz0_0p025,har,lgbm,5038,5038,0
CAC,fz0_0p025,har,moirai,5038,5038,0
CAC,fz0_0p025,har,naive,5038,5038,0
CAC,fz0_0p025,har,patchtst,5038,5038,0
CAC,fz0_0p025,har,timesfm,5038,5038,0
CAC,fz0_0p025,lgbm,autoarima,5038,5038,0
CAC,fz0_0p025,lgbm,autoets,5038,5038,0
CAC,fz0_0p025,lgbm,chronos,5038,5038,0
CAC,fz0_0p025,lgbm,ewma,5038,5038,0
CAC,fz0_0p025,lgbm,garch11,5038,5038,0
CAC,fz0_0p025,lgbm,garch11_t,5038,5038,0
CAC,fz0_0p025,lgbm,gjr,5038,5038,0
CAC,fz0_0p025,lgbm,har,5038,5038,0
CAC,fz0_0p025,lgbm,lgbm,5038,5038,0
CAC,fz0_0p025,lgbm,moirai,5038,5038,0
CAC,fz0_0p025,lgbm,naive,5038,5038,0
CAC,fz0_0p025,lgbm,patchtst,5038,5038,0
CAC,fz0_0p025,lgbm,timesfm,5038,5038,0
CAC,fz0_0p025,moirai,autoarima,5038,5038,0
CAC,fz0_0p025,moirai,autoets,5038,5038,0
CAC,fz0_0p025,moirai,chronos,5038,5038,0
CAC,fz0_0p025,moirai,ewma,5038,5038,0
CAC,fz0_0p025,moirai,garch11,5038,5038,0
CAC,fz0_0p025,moirai,garch11_t,5038,5038,0
CAC,fz0_0p025,moirai,gjr,5038,5038,0
CAC,fz0_0p025,moirai,har,5038,5038,0
CAC,fz0_0p025,moirai,lgbm,5038,5038,0
CAC,fz0_0p025,moirai,moirai,5038,5038,0
CAC,fz0_0p025,moirai,naive,5038,5038,0
CAC,fz0_0p025,moirai,patchtst,5038,5038,0
CAC,fz0_0p025,moirai,timesfm,5038,5038,0
CAC,fz0_0p025,naive,autoarima,5038,5038,0
CAC,fz0_0p025,naive,autoets,5038,5038,0
CAC,fz0_0p025,naive,chronos,5038,5038,0
CAC,fz0_0p025,naive,ewma,5038,5038,0
CAC,fz0_0p025,naive,garch11,5038,5038,0
CAC,fz0_0p025,naive,garch11_t,5038,5038,0
CAC,fz0_0p025,naive,gjr,5038,5038,0
CAC,fz0_0p025,naive,har,5038,5038,0
CAC,fz0_0p025,naive,lgbm,5038,5038,0
CAC,fz0_0p025,naive,moirai,5038,5038,0
CAC,fz0_0p025,naive,naive,5038,5038,0
CAC,fz0_0p025,naive,patchtst,5038,5038,0
CAC,fz0_0p025,naive,timesfm,5038,5038,0
CAC,fz0_0p025,patchtst,autoarima,5038,5038,0
CAC,fz0_0p025,patchtst,autoets,5038,5038,0
CAC,fz0_0p025,patchtst,chronos,5038,5038,0
CAC,fz0_0p025,patchtst,ewma,5038,5038,0
CAC,fz0_0p025,patchtst,garch11,5038,5038,0
CAC,fz0_0p025,patchtst,garch11_t,5038,5038,0
CAC,fz0_0p025,patchtst,gjr,5038,5038,0
CAC,fz0_0p025,patchtst,har,5038,5038,0
CAC,fz0_0p025,patchtst,lgbm,5038,5038,0
CAC,fz0_0p025,patchtst,moirai,5038,5038,0
CAC,fz0_0p025,patchtst,naive,5038,5038,0
CAC,fz0_0p025,patchtst,patchtst,5038,5038,0
CAC,fz0_0p025,patchtst,timesfm,5038,5038,0
CAC,fz0_0p025,timesfm,autoarima,5038,5038,0
CAC,fz0_0p025,timesfm,autoets,5038,5038,0
CAC,fz0_0p025,timesfm,chronos,5038,5038,0
CAC,fz0_0p025,timesfm,ewma,5038,5038,0
CAC,fz0_0p025,timesfm,garch11,5038,5038,0
CAC,fz0_0p025,timesfm,garch11_t,5038,5038,0
CAC,fz0_0p025,timesfm,gjr,5038,5038,0
CAC,fz0_0p025,timesfm,har,5038,5038,0
CAC,fz0_0p025,timesfm,lgbm,5038,5038,0
CAC,fz0_0p025,timesfm,moirai,5038,5038,0
CAC,fz0_0p025,timesfm,naive,5038,5038,0
CAC,fz0_0p025,timesfm,patchtst,5038,5038,0
CAC,fz0_0p025,timesfm,timesfm,5038,5038,0
CAC,fz0_0p05,autoarima,autoarima,5038,5038,0
CAC,fz0_0p05,autoarima,autoets,5038,5038,0
CAC,fz0_0p05,autoarima,chronos,5038,5038,0
CAC,fz0_0p05,autoarima,ewma,5038,5038,0
CAC,fz0_0p05,autoarima,garch11,5038,5038,0
CAC,fz0_0p05,autoarima,garch11_t,5038,5038,0
CAC,fz0_0p05,autoarima,gjr,5038,5038,0
CAC,fz0_0p05,autoarima,har,5038,5038,0
CAC,fz0_0p05,autoarima,lgbm,5038,5038,0
CAC,fz0_0p05,autoarima,moirai,5038,5038,0
CAC,fz0_0p05,autoarima,naive,5038,5038,0
CAC,fz0_0p05,autoarima,patchtst,5038,5038,0
CAC,fz0_0p05,autoarima,timesfm,5038,5038,0
CAC,fz0_0p05,autoets,autoarima,5038,5038,0
CAC,fz0_0p05,autoets,autoets,5038,5038,0
CAC,fz0_0p05,autoets,chronos,5038,5038,0
CAC,fz0_0p05,autoets,ewma,5038,5038,0
CAC,fz0_0p05,autoets,garch11,5038,5038,0
CAC,fz0_0p05,autoets,garch11_t,5038,5038,0
CAC,fz0_0p05,autoets,gjr,5038,5038,0
CAC,fz0_0p05,autoets,har,5038,5038,0
CAC,fz0_0p05,autoets,lgbm,5038,5038,0
CAC,fz0_0p05,autoets,moirai,5038,5038,0
CAC,fz0_0p05,autoets,naive,5038,5038,0
CAC,fz0_0p05,autoets,patchtst,5038,5038,0
CAC,fz0_0p05,autoets,timesfm,5038,5038,0
CAC,fz0_0p05,chronos,autoarima,5038,5038,0
CAC,fz0_0p05,chronos,autoets,5038,5038,0
CAC,fz0_0p05,chronos,chronos,5038,5038,0
CAC,fz0_0p05,chronos,ewma,5038,5038,0
CAC,fz0_0p05,chronos,garch11,5038,5038,0
CAC,fz0_0p05,chronos,garch11_t,5038,5038,0
CAC,fz0_0p05,chronos,gjr,5038,5038,0
CAC,fz0_0p05,chronos,har,5038,5038,0
CAC,fz0_0p05,chronos,lgbm,5038,5038,0
CAC,fz0_0p05,chronos,moirai,5038,5038,0
CAC,fz0_0p05,chronos,naive,5038,5038,0
CAC,fz0_0p05,chronos,patchtst,5038,5038,0
CAC,fz0_0p05,chronos,timesfm,5038,5038,0
CAC,fz0_0p05,ewma,autoarima,5038,5038,0
CAC,fz0_0p05,ewma,autoets,5038,5038,0
CAC,fz0_0p05,ewma,chronos,5038,5038,0
CAC,fz0_0p05,ewma,ewma,5038,5038,0
CAC,fz0_0p05,ewma,garch11,5038,5038,0
CAC,fz0_0p05,ewma,garch11_t,5038,5038,0
CAC,fz0_0p05,ewma,gjr,5038,5038,0
CAC,fz0_0p05,ewma,har,5038,5038,0
CAC,fz0_0p05,ewma,lgbm,5038,5038,0
CAC,fz0_0p05,ewma,moirai,5038,5038,0
CAC,fz0_0p05,ewma,naive,5038,5038,0
CAC,fz0_0p05,ewma,patchtst,5038,5038,0
CAC,fz0_0p05,ewma,timesfm,5038,5038,0
CAC,fz0_0p05,garch11,autoarima,5038,5038,0
CAC,fz0_0p05,garch11,autoets,5038,5038,0
CAC,fz0_0p05,garch11,chronos,5038,5038,0
CAC,fz0_0p05,garch11,ewma,5038,5038,0
CAC,fz0_0p05,garch11,garch11,5038,5038,0
CAC,fz0_0p05,garch11,garch11_t,5038,5038,0
CAC,fz0_0p05,garch11,gjr,5038,5038,0
CAC,fz0_0p05,garch11,har,5038,5038,0
CAC,fz0_0p05,garch11,lgbm,5038,5038,0
CAC,fz0_0p05,garch11,moirai,5038,5038,0
CAC,fz0_0p05,garch11,naive,5038,5038,0
CAC,fz0_0p05,garch11,patchtst,5038,5038,0
CAC,fz0_0p05,garch11,timesfm,5038,5038,0
CAC,fz0_0p05,garch11_t,autoarima,5038,5038,0
CAC,fz0_0p05,garch11_t,autoets,5038,5038,0
CAC,fz0_0p05,garch11_t,chronos,5038,5038,0
CAC,fz0_0p05,garch11_t,ewma,5038,5038,0
CAC,fz0_0p05,garch11_t,garch11,5038,5038,0
CAC,fz0_0p05,garch11_t,garch11_t,5038,5038,0
CAC,fz0_0p05,garch11_t,gjr,5038,5038,0
CAC,fz0_0p05,garch11_t,har,5038,5038,0
CAC,fz0_0p05,garch11_t,lgbm,5038,5038,0
CAC,fz0_0p05,garch11_t,moirai,5038,5038,0
CAC,fz0_0p05,garch11_t,naive,5038,5038,0
CAC,fz0_0p05,garch11_t,patchtst,5038,5038,0
CAC,fz0_0p05,garch11_t,timesfm,5038,5038,0
CAC,fz0_0p05,gjr,autoarima,5038,5038,0
CAC,fz0_0p05,gjr,autoets,5038,5038,0
CAC,fz0_0p05,gjr,chronos,5038,5038,0
CAC,fz0_0p05,gjr,ewma,5038,5038,0
CAC,fz0_0p05,gjr,garch11,5038,5038,0
CAC,fz0_0p05,gjr,garch11_t,5038,5038,0
CAC,fz0_0p05,gjr,gjr,5038,5038,0
CAC,fz0_0p05,gjr,har,5038,5038,0
CAC,fz0_0p05,gjr,lgbm,5038,5038,0
CAC,fz0_0p05,gjr,moirai,5038,5038,0
CAC,fz0_0p05,gjr,naive,5038,5038,0
CAC,fz0_0p05,gjr,patchtst,5038,5038,0
CAC,fz0_0p05,gjr,timesfm,5038,5038,0
CAC,fz0_0p05,har,autoarima,5038,5038,0
CAC,fz0_0p05,har,autoets,5038,5038,0
CAC,fz0_0p05,har,chronos,5038,5038,0
CAC,fz0_0p05,har,ewma,5038,5038,0
CAC,fz0_0p05,har,garch11,5038,5038,0
CAC,fz0_0p05,har,garch11_t,5038,5038,0
CAC,fz0_0p05,har,gjr,5038,5038,0
CAC,fz0_0p05,har,har,5038,5038,0
CAC,fz0_0p05,har,lgbm,5038,5038,0
CAC,fz0_0p05,har,moirai,5038,5038,0
CAC,fz0_0p05,har,naive,5038,5038,0
CAC,fz0_0p05,har,patchtst,5038,5038,0
CAC,fz0_0p05,har,timesfm,5038,5038,0
CAC,fz0_0p05,lgbm,autoarima,5038,5038,0
CAC,fz0_0p05,lgbm,autoets,5038,5038,0
CAC,fz0_0p05,lgbm,chronos,5038,5038,0
CAC,fz0_0p05,lgbm,ewma,5038,5038,0
CAC,fz0_0p05,lgbm,garch11,5038,5038,0
CAC,fz0_0p05,lgbm,garch11_t,5038,5038,0
CAC,fz0_0p05,lgbm,gjr,5038,5038,0
CAC,fz0_0p05,lgbm,har,5038,5038,0
CAC,fz0_0p05,lgbm,lgbm,5038,5038,0
CAC,fz0_0p05,lgbm,moirai,5038,5038,0
CAC,fz0_0p05,lgbm,naive,5038,5038,0
CAC,fz0_0p05,lgbm,patchtst,5038,5038,0
CAC,fz0_0p05,lgbm,timesfm,5038,5038,0
CAC,fz0_0p05,moirai,autoarima,5038,5038,0
CAC,fz0_0p05,moirai,autoets,5038,5038,0
CAC,fz0_0p05,moirai,chronos,5038,5038,0
CAC,fz0_0p05,moirai,ewma,5038,5038,0
CAC,fz0_0p05,moirai,garch11,5038,5038,0
CAC,fz0_0p05,moirai,garch11_t,5038,5038,0
CAC,fz0_0p05,moirai,gjr,5038,5038,0
CAC,fz0_0p05,moirai,har,5038,5038,0
CAC,fz0_0p05,moirai,lgbm,5038,5038,0
CAC,fz0_0p05,moirai,moirai,5038,5038,0
CAC,fz0_0p05,moirai,naive,5038,5038,0
CAC,fz0_0p05,moirai,patchtst,5038,5038,0
CAC,fz0_0p05,moirai,timesfm,5038,5038,0
CAC,fz0_0p05,naive,autoarima,5038,5038,0
CAC,fz0_0p05,naive,autoets,5038,5038,0
CAC,fz0_0p05,naive,chronos,5038,5038,0
CAC,fz0_0p05,naive,ewma,5038,5038,0
CAC,fz0_0p05,naive,garch11,5038,5038,0
CAC,fz0_0p05,naive,garch11_t,5038,5038,0
CAC,fz0_0p05,naive,gjr,5038,5038,0
CAC,fz0_0p05,naive,har,5038,5038,0
CAC,fz0_0p05,naive,lgbm,5038,5038,0
CAC,fz0_0p05,naive,moirai,5038,5038,0
CAC,fz0_0p05,naive,naive,5038,5038,0
CAC,fz0_0p05,naive,patchtst,5038,5038,0
CAC,fz0_0p05,naive,timesfm,5038,5038,0
CAC,fz0_0p05,patchtst,autoarima,5038,5038,0
CAC,fz0_0p05,patchtst,autoets,5038,5038,0
CAC,fz0_0p05,patchtst,chronos,5038,5038,0
CAC,fz0_0p05,patchtst,ewma,5038,5038,0
CAC,fz0_0p05,patchtst,garch11,5038,5038,0
CAC,fz0_0p05,patchtst,garch11_t,5038,5038,0
CAC,fz0_0p05,patchtst,gjr,5038,5038,0
CAC,fz0_0p05,patchtst,har,5038,5038,0
CAC,fz0_0p05,patchtst,lgbm,5038,5038,0
CAC,fz0_0p05,patchtst,moirai,5038,5038,0
CAC,fz0_0p05,patchtst,naive,5038,5038,0
CAC,fz0_0p05,patchtst,patchtst,5038,5038,0
CAC,fz0_0p05,patchtst,timesfm,5038,5038,0
CAC,fz0_0p05,timesfm,autoarima,5038,5038,0
CAC,fz0_0p05,timesfm,autoets,5038,5038,0
CAC,fz0_0p05,timesfm,chronos,5038,5038,0
CAC,fz0_0p05,timesfm,ewma,5038,5038,0
CAC,fz0_0p05,timesfm,garch11,5038,5038,0
CAC,fz0_0p05,timesfm,garch11_t,5038,5038,0
CAC,fz0_0p05,timesfm,gjr,5038,5038,0
CAC,fz0_0p05,timesfm,har,5038,5038,0
CAC,fz0_0p05,timesfm,lgbm,5038,5038,0
CAC,fz0_0p05,timesfm,moirai,5038,5038,0
CAC,fz0_0p05,timesfm,naive,5038,5038,0
CAC,fz0_0p05,timesfm,patchtst,5038,5038,0
CAC,fz0_0p05,timesfm,timesfm,5038,5038,0
CAC,fz0_avg,autoarima,autoarima,5038,5038,0
CAC,fz0_avg,autoarima,autoets,5038,5038,0
CAC,fz0_avg,autoarima,chronos,5038,5038,0
CAC,fz0_avg,autoarima,ewma,5038,5038,0
CAC,fz0_avg,autoarima,garch11,5038,5038,0
CAC,fz0_avg,autoarima,garch11_t,5038,5038,0
CAC,fz0_avg,autoarima,gjr,5038,5038,0
CAC,fz0_avg,autoarima,har,5038,5038,0
CAC,fz0_avg,autoarima,lgbm,5038,5038,0
CAC,fz0_avg,autoarima,moirai,5038,5038,0
CAC,fz0_avg,autoarima,naive,5038,5038,0
CAC,fz0_avg,autoarima,patchtst,5038,5038,0
CAC,fz0_avg,autoarima,timesfm,5038,5038,0
CAC,fz0_avg,autoets,autoarima,5038,5038,0
CAC,fz0_avg,autoets,autoets,5038,5038,0
CAC,fz0_avg,autoets,chronos,5038,5038,0
CAC,fz0_avg,autoets,ewma,5038,5038,0
CAC,fz0_avg,autoets,garch11,5038,5038,0
CAC,fz0_avg,autoets,garch11_t,5038,5038,0
CAC,fz0_avg,autoets,gjr,5038,5038,0
CAC,fz0_avg,autoets,har,5038,5038,0
CAC,fz0_avg,autoets,lgbm,5038,5038,0
CAC,fz0_avg,autoets,moirai,5038,5038,0
CAC,fz0_avg,autoets,naive,5038,5038,0
CAC,fz0_avg,autoets,patchtst,5038,5038,0
CAC,fz0_avg,autoets,timesfm,5038,5038,0
CAC,fz0_avg,chronos,autoarima,5038,5038,0
CAC,fz0_avg,chronos,autoets,5038,5038,0
CAC,fz0_avg,chronos,chronos,5038,5038,0
CAC,fz0_avg,chronos,ewma,5038,5038,0
CAC,fz0_avg,chronos,garch11,5038,5038,0
CAC,fz0_avg,chronos,garch11_t,5038,5038,0
CAC,fz0_avg,chronos,gjr,5038,5038,0
CAC,fz0_avg,chronos,har,5038,5038,0
CAC,fz0_avg,chronos,lgbm,5038,5038,0
CAC,fz0_avg,chronos,moirai,5038,5038,0
CAC,fz0_avg,chronos,naive,5038,5038,0
CAC,fz0_avg,chronos,patchtst,5038,5038,0
CAC,fz0_avg,chronos,timesfm,5038,5038,0
CAC,fz0_avg,ewma,autoarima,5038,5038,0
CAC,fz0_avg,ewma,autoets,5038,5038,0
CAC,fz0_avg,ewma,chronos,5038,5038,0
CAC,fz0_avg,ewma,ewma,5038,5038,0
CAC,fz0_avg,ewma,garch11,5038,5038,0
CAC,fz0_avg,ewma,garch11_t,5038,5038,0
CAC,fz0_avg,ewma,gjr,5038,5038,0
CAC,fz0_avg,ewma,har,5038,5038,0
CAC,fz0_avg,ewma,lgbm,5038,5038,0
CAC,fz0_avg,ewma,moirai,5038,5038,0
CAC,fz0_avg,ewma,naive,5038,5038,0
CAC,fz0_avg,ewma,patchtst,5038,5038,0
CAC,fz0_avg,ewma,timesfm,5038,5038,0
CAC,fz0_avg,garch11,autoarima,5038,5038,0
CAC,fz0_avg,garch11,autoets,5038,5038,0
CAC,fz0_avg,garch11,chronos,5038,5038,0
CAC,fz0_avg,garch11,ewma,5038,5038,0
CAC,fz0_avg,garch11,garch11,5038,5038,0
CAC,fz0_avg,garch11,garch11_t,5038,5038,0
CAC,fz0_avg,garch11,gjr,5038,5038,0
CAC,fz0_avg,garch11,har,5038,5038,0
CAC,fz0_avg,garch11,lgbm,5038,5038,0
CAC,fz0_avg,garch11,moirai,5038,5038,0
CAC,fz0_avg,garch11,naive,5038,5038,0
CAC,fz0_avg,garch11,patchtst,5038,5038,0
CAC,fz0_avg,garch11,timesfm,5038,5038,0
CAC,fz0_avg,garch11_t,autoarima,5038,5038,0
CAC,fz0_avg,garch11_t,autoets,5038,5038,0
CAC,fz0_avg,garch11_t,chronos,5038,5038,0
CAC,fz0_avg,garch11_t,ewma,5038,5038,0
CAC,fz0_avg,garch11_t,garch11,5038,5038,0
CAC,fz0_avg,garch11_t,garch11_t,5038,5038,0
CAC,fz0_avg,garch11_t,gjr,5038,5038,0
CAC,fz0_avg,garch11_t,har,5038,5038,0
CAC,fz0_avg,garch11_t,lgbm,5038,5038,0
CAC,fz0_avg,garch11_t,moirai,5038,5038,0
CAC,fz0_avg,garch11_t,naive,5038,5038,0
CAC,fz0_avg,garch11_t,patchtst,5038,5038,0
CAC,fz0_avg,garch11_t,timesfm,5038,5038,0
CAC,fz0_avg,gjr,autoarima,5038,5038,0
CAC,fz0_avg,gjr,autoets,5038,5038,0
CAC,fz0_avg,gjr,chronos,5038,5038,0
CAC,fz0_avg,gjr,ewma,5038,5038,0
CAC,fz0_avg,gjr,garch11,5038,5038,0
CAC,fz0_avg,gjr,garch11_t,5038,5038,0
CAC,fz0_avg,gjr,gjr,5038,5038,0
CAC,fz0_avg,gjr,har,5038,5038,0
CAC,fz0_avg,gjr,lgbm,5038,5038,0
CAC,fz0_avg,gjr,moirai,5038,5038,0
CAC,fz0_avg,gjr,naive,5038,5038,0
CAC,fz0_avg,gjr,patchtst,5038,5038,0
CAC,fz0_avg,gjr,timesfm,5038,5038,0
CAC,fz0_avg,har,autoarima,5038,5038,0
CAC,fz0_avg,har,autoets,5038,5038,0
CAC,fz0_avg,har,chronos,5038,5038,0
CAC,fz0_avg,har,ewma,5038,5038,0
CAC,fz0_avg,har,garch11,5038,5038,0
CAC,fz0_avg,har,garch11_t,5038,5038,0
CAC,fz0_avg,har,gjr,5038,5038,0
CAC,fz0_avg,har,har,5038,5038,0
CAC,fz0_avg,har,lgbm,5038,5038,0
CAC,fz0_avg,har,moirai,5038,5038,0
CAC,fz0_avg,har,naive,5038,5038,0
CAC,fz0_avg,har,patchtst,5038,5038,0
CAC,fz0_avg,har,timesfm,5038,5038,0
CAC,fz0_avg,lgbm,autoarima,5038,5038,0
CAC,fz0_avg,lgbm,autoets,5038,5038,0
CAC,fz0_avg,lgbm,chronos,5038,5038,0
CAC,fz0_avg,lgbm,ewma,5038,5038,0
CAC,fz0_avg,lgbm,garch11,5038,5038,0
CAC,fz0_avg,lgbm,garch11_t,5038,5038,0
CAC,fz0_avg,lgbm,gjr,5038,5038,0
CAC,fz0_avg,lgbm,har,5038,5038,0
CAC,fz0_avg,lgbm,lgbm,5038,5038,0
CAC,fz0_avg,lgbm,moirai,5038,5038,0
CAC,fz0_avg,lgbm,naive,5038,5038,0
CAC,fz0_avg,lgbm,patchtst,5038,5038,0
CAC,fz0_avg,lgbm,timesfm,5038,5038,0
CAC,fz0_avg,moirai,autoarima,5038,5038,0
CAC,fz0_avg,moirai,autoets,5038,5038,0
CAC,fz0_avg,moirai,chronos,5038,5038,0
CAC,fz0_avg,moirai,ewma,5038,5038,0
CAC,fz0_avg,moirai,garch11,5038,5038,0
CAC,fz0_avg,moirai,garch11_t,5038,5038,0
CAC,fz0_avg,moirai,gjr,5038,5038,0
CAC,fz0_avg,moirai,har,5038,5038,0
CAC,fz0_avg,moirai,lgbm,5038,5038,0
CAC,fz0_avg,moirai,moirai,5038,5038,0
CAC,fz0_avg,moirai,naive,5038,5038,0
CAC,fz0_avg,moirai,patchtst,5038,5038,0
CAC,fz0_avg,moirai,timesfm,5038,5038,0
CAC,fz0_avg,naive,autoarima,5038,5038,0
CAC,fz0_avg,naive,autoets,5038,5038,0
CAC,fz0_avg,naive,chronos,5038,5038,0
CAC,fz0_avg,naive,ewma,5038,5038,0
CAC,fz0_avg,naive,garch11,5038,5038,0
CAC,fz0_avg,naive,garch11_t,5038,5038,0
CAC,fz0_avg,naive,gjr,5038,5038,0
CAC,fz0_avg,naive,har,5038,5038,0
CAC,fz0_avg,naive,lgbm,5038,5038,0
CAC,fz0_avg,naive,moirai,5038,5038,0
CAC,fz0_avg,naive,naive,5038,5038,0
CAC,fz0_avg,naive,patchtst,5038,5038,0
CAC,fz0_avg,naive,timesfm,5038,5038,0
CAC,fz0_avg,patchtst,autoarima,5038,5038,0
CAC,fz0_avg,patchtst,autoets,5038,5038,0
CAC,fz0_avg,patchtst,chronos,5038,5038,0
CAC,fz0_avg,patchtst,ewma,5038,5038,0
CAC,fz0_avg,patchtst,garch11,5038,5038,0
CAC,fz0_avg,patchtst,garch11_t,5038,5038,0
CAC,fz0_avg,patchtst,gjr,5038,5038,0
CAC,fz0_avg,patchtst,har,5038,5038,0
CAC,fz0_avg,patchtst,lgbm,5038,5038,0
CAC,fz0_avg,patchtst,moirai,5038,5038,0
CAC,fz0_avg,patchtst,naive,5038,5038,0
CAC,fz0_avg,patchtst,patchtst,5038,5038,0
CAC,fz0_avg,patchtst,timesfm,5038,5038,0
CAC,fz0_avg,timesfm,autoarima,5038,5038,0
CAC,fz0_avg,timesfm,autoets,5038,5038,0
CAC,fz0_avg,timesfm,chronos,5038,5038,0
CAC,fz0_avg,timesfm,ewma,5038,5038,0
CAC,fz0_avg,timesfm,garch11,5038,5038,0
CAC,fz0_avg,timesfm,garch11_t,5038,5038,0
CAC,fz0_avg,timesfm,gjr,5038,5038,0
CAC,fz0_avg,timesfm,har,5038,5038,0
CAC,fz0_avg,timesfm,lgbm,5038,5038,0
CAC,fz0_avg,timesfm,moirai,5038,5038,0
CAC,fz0_avg,timesfm,naive,5038,5038,0
CAC,fz0_avg,timesfm,patchtst,5038,5038,0
CAC,fz0_avg,timesfm,timesfm,5038,5038,0
DAX,crps,autoarima,autoarima,4996,4996,0
DAX,crps,autoarima,autoets,4996,4996,0
DAX,crps,autoarima,chronos,4996,4996,0
DAX,crps,autoarima,ewma,4996,4996,0
DAX,crps,autoarima,garch11,4996,4996,0
DAX,crps,autoarima,garch11_t,4996,4996,0
DAX,crps,autoarima,gjr,4996,4996,0
DAX,crps,autoarima,har,4996,4996,0
DAX,crps,autoarima,lgbm,4996,4996,0
DAX,crps,autoarima,moirai,4996,4996,0
DAX,crps,autoarima,naive,4996,4996,0
DAX,crps,autoarima,patchtst,4996,4996,0
DAX,crps,autoarima,timesfm,4996,4996,0
DAX,crps,autoets,autoarima,4996,4996,0
DAX,crps,autoets,autoets,4996,4996,0
DAX,crps,autoets,chronos,4996,4996,0
DAX,crps,autoets,ewma,4996,4996,0
DAX,crps,autoets,garch11,4996,4996,0
DAX,crps,autoets,garch11_t,4996,4996,0
DAX,crps,autoets,gjr,4996,4996,0
DAX,crps,autoets,har,4996,4996,0
DAX,crps,autoets,lgbm,4996,4996,0
DAX,crps,autoets,moirai,4996,4996,0
DAX,crps,autoets,naive,4996,4996,0
DAX,crps,autoets,patchtst,4996,4996,0
DAX,crps,autoets,timesfm,4996,4996,0
DAX,crps,chronos,autoarima,4996,4996,0
DAX,crps,chronos,autoets,4996,4996,0
DAX,crps,chronos,chronos,4996,4996,0
DAX,crps,chronos,ewma,4996,4996,0
DAX,crps,chronos,garch11,4996,4996,0
DAX,crps,chronos,garch11_t,4996,4996,0
DAX,crps,chronos,gjr,4996,4996,0
DAX,crps,chronos,har,4996,4996,0
DAX,crps,chronos,lgbm,4996,4996,0
DAX,crps,chronos,moirai,4996,4996,0
DAX,crps,chronos,naive,4996,4996,0
DAX,crps,chronos,patchtst,4996,4996,0
DAX,crps,chronos,timesfm,4996,4996,0
DAX,crps,ewma,autoarima,4996,4996,0
DAX,crps,ewma,autoets,4996,4996,0
DAX,crps,ewma,chronos,4996,4996,0
DAX,crps,ewma,ewma,4996,4996,0
DAX,crps,ewma,garch11,4996,4996,0
DAX,crps,ewma,garch11_t,4996,4996,0
DAX,crps,ewma,gjr,4996,4996,0
DAX,crps,ewma,har,4996,4996,0
DAX,crps,ewma,lgbm,4996,4996,0
DAX,crps,ewma,moirai,4996,4996,0
DAX,crps,ewma,naive,4996,4996,0
DAX,crps,ewma,patchtst,4996,4996,0
DAX,crps,ewma,timesfm,4996,4996,0
DAX,crps,garch11,autoarima,4996,4996,0
DAX,crps,garch11,autoets,4996,4996,0
DAX,crps,garch11,chronos,4996,4996,0
DAX,crps,garch11,ewma,4996,4996,0
DAX,crps,garch11,garch11,4996,4996,0
DAX,crps,garch11,garch11_t,4996,4996,0
DAX,crps,garch11,gjr,4996,4996,0
DAX,crps,garch11,har,4996,4996,0
DAX,crps,garch11,lgbm,4996,4996,0
DAX,crps,garch11,moirai,4996,4996,0
DAX,crps,garch11,naive,4996,4996,0
DAX,crps,garch11,patchtst,4996,4996,0
DAX,crps,garch11,timesfm,4996,4996,0
DAX,crps,garch11_t,autoarima,4996,4996,0
DAX,crps,garch11_t,autoets,4996,4996,0
DAX,crps,garch11_t,chronos,4996,4996,0
DAX,crps,garch11_t,ewma,4996,4996,0
DAX,crps,garch11_t,garch11,4996,4996,0
DAX,crps,garch11_t,garch11_t,4996,4996,0
DAX,crps,garch11_t,gjr,4996,4996,0
DAX,crps,garch11_t,har,4996,4996,0
DAX,crps,garch11_t,lgbm,4996,4996,0
DAX,crps,garch11_t,moirai,4996,4996,0
DAX,crps,garch11_t,naive,4996,4996,0
DAX,crps,garch11_t,patchtst,4996,4996,0
DAX,crps,garch11_t,timesfm,4996,4996,0
DAX,crps,gjr,autoarima,4996,4996,0
DAX,crps,gjr,autoets,4996,4996,0
DAX,crps,gjr,chronos,4996,4996,0
DAX,crps,gjr,ewma,4996,4996,0
DAX,crps,gjr,garch11,4996,4996,0
DAX,crps,gjr,garch11_t,4996,4996,0
DAX,crps,gjr,gjr,4996,4996,0
DAX,crps,gjr,har,4996,4996,0
DAX,crps,gjr,lgbm,4996,4996,0
DAX,crps,gjr,moirai,4996,4996,0
DAX,crps,gjr,naive,4996,4996,0
DAX,crps,gjr,patchtst,4996,4996,0
DAX,crps,gjr,timesfm,4996,4996,0
DAX,crps,har,autoarima,4996,4996,0
DAX,crps,har,autoets,4996,4996,0
DAX,crps,har,chronos,4996,4996,0
DAX,crps,har,ewma,4996,4996,0
DAX,crps,har,garch11,4996,4996,0
DAX,crps,har,garch11_t,4996,4996,0
DAX,crps,har,gjr,4996,4996,0
DAX,crps,har,har,4996,4996,0
DAX,crps,har,lgbm,4996,4996,0
DAX,crps,har,moirai,4996,4996,0
DAX,crps,har,naive,4996,4996,0
DAX,crps,har,patchtst,4996,4996,0
DAX,crps,har,timesfm,4996,4996,0
DAX,crps,lgbm,autoarima,4996,4996,0
DAX,crps,lgbm,autoets,4996,4996,0
DAX,crps,lgbm,chronos,4996,4996,0
DAX,crps,lgbm,ewma,4996,4996,0
DAX,crps,lgbm,garch11,4996,4996,0
DAX,crps,lgbm,garch11_t,4996,4996,0
DAX,crps,lgbm,gjr,4996,4996,0
DAX,crps,lgbm,har,4996,4996,0
DAX,crps,lgbm,lgbm,4996,4996,0
DAX,crps,lgbm,moirai,4996,4996,0
DAX,crps,lgbm,naive,4996,4996,0
DAX,crps,lgbm,patchtst,4996,4996,0
DAX,crps,lgbm,timesfm,4996,4996,0
DAX,crps,moirai,autoarima,4996,4996,0
DAX,crps,moirai,autoets,4996,4996,0
DAX,crps,moirai,chronos,4996,4996,0
DAX,crps,moirai,ewma,4996,4996,0
DAX,crps,moirai,garch11,4996,4996,0
DAX,crps,moirai,garch11_t,4996,4996,0
DAX,crps,moirai,gjr,4996,4996,0
DAX,crps,moirai,har,4996,4996,0
DAX,crps,moirai,lgbm,4996,4996,0
DAX,crps,moirai,moirai,4996,4996,0
DAX,crps,moirai,naive,4996,4996,0
DAX,crps,moirai,patchtst,4996,4996,0
DAX,crps,moirai,timesfm,4996,4996,0
DAX,crps,naive,autoarima,4996,4996,0
DAX,crps,naive,autoets,4996,4996,0
DAX,crps,naive,chronos,4996,4996,0
DAX,crps,naive,ewma,4996,4996,0
DAX,crps,naive,garch11,4996,4996,0
DAX,crps,naive,garch11_t,4996,4996,0
DAX,crps,naive,gjr,4996,4996,0
DAX,crps,naive,har,4996,4996,0
DAX,crps,naive,lgbm,4996,4996,0
DAX,crps,naive,moirai,4996,4996,0
DAX,crps,naive,naive,4996,4996,0
DAX,crps,naive,patchtst,4996,4996,0
DAX,crps,naive,timesfm,4996,4996,0
DAX,crps,patchtst,autoarima,4996,4996,0
DAX,crps,patchtst,autoets,4996,4996,0
DAX,crps,patchtst,chronos,4996,4996,0
DAX,crps,patchtst,ewma,4996,4996,0
DAX,crps,patchtst,garch11,4996,4996,0
DAX,crps,patchtst,garch11_t,4996,4996,0
DAX,crps,patchtst,gjr,4996,4996,0
DAX,crps,patchtst,har,4996,4996,0
DAX,crps,patchtst,lgbm,4996,4996,0
DAX,crps,patchtst,moirai,4996,4996,0
DAX,crps,patchtst,naive,4996,4996,0
DAX,crps,patchtst,patchtst,4996,4996,0
DAX,crps,patchtst,timesfm,4996,4996,0
DAX,crps,timesfm,autoarima,4996,4996,0
DAX,crps,timesfm,autoets,4996,4996,0
DAX,crps,timesfm,chronos,4996,4996,0
DAX,crps,timesfm,ewma,4996,4996,0
DAX,crps,timesfm,garch11,4996,4996,0
DAX,crps,timesfm,garch11_t,4996,4996,0
DAX,crps,timesfm,gjr,4996,4996,0
DAX,crps,timesfm,har,4996,4996,0
DAX,crps,timesfm,lgbm,4996,4996,0
DAX,crps,timesfm,moirai,4996,4996,0
DAX,crps,timesfm,naive,4996,4996,0
DAX,crps,timesfm,patchtst,4996,4996,0
DAX,crps,timesfm,timesfm,4996,4996,0
DAX,log_score,autoarima,autoarima,4996,4996,0
DAX,log_score,autoarima,autoets,4996,4996,0
DAX,log_score,autoarima,chronos,4996,4996,0
DAX,log_score,autoarima,ewma,4996,4996,0
DAX,log_score,autoarima,garch11,4996,4996,0
DAX,log_score,autoarima,garch11_t,4996,4996,0
DAX,log_score,autoarima,gjr,4996,4996,0
DAX,log_score,autoarima,har,4996,4996,0
DAX,log_score,autoarima,lgbm,4996,4996,0
DAX,log_score,autoarima,moirai,4996,4996,0
DAX,log_score,autoarima,naive,4996,4996,0
DAX,log_score,autoarima,patchtst,4996,4996,0
DAX,log_score,autoarima,timesfm,4996,4996,0
DAX,log_score,autoets,autoarima,4996,4996,0
DAX,log_score,autoets,autoets,4996,4996,0
DAX,log_score,autoets,chronos,4996,4996,0
DAX,log_score,autoets,ewma,4996,4996,0
DAX,log_score,autoets,garch11,4996,4996,0
DAX,log_score,autoets,garch11_t,4996,4996,0
DAX,log_score,autoets,gjr,4996,4996,0
DAX,log_score,autoets,har,4996,4996,0
DAX,log_score,autoets,lgbm,4996,4996,0
DAX,log_score,autoets,moirai,4996,4996,0
DAX,log_score,autoets,naive,4996,4996,0
DAX,log_score,autoets,patchtst,4996,4996,0
DAX,log_score,autoets,timesfm,4996,4996,0
DAX,log_score,chronos,autoarima,4996,4996,0
DAX,log_score,chronos,autoets,4996,4996,0
DAX,log_score,chronos,chronos,4996,4996,0
DAX,log_score,chronos,ewma,4996,4996,0
DAX,log_score,chronos,garch11,4996,4996,0
DAX,log_score,chronos,garch11_t,4996,4996,0
DAX,log_score,chronos,gjr,4996,4996,0
DAX,log_score,chronos,har,4996,4996,0
DAX,log_score,chronos,lgbm,4996,4996,0
DAX,log_score,chronos,moirai,4996,4996,0
DAX,log_score,chronos,naive,4996,4996,0
DAX,log_score,chronos,patchtst,4996,4996,0
DAX,log_score,chronos,timesfm,4996,4996,0
DAX,log_score,ewma,autoarima,4996,4996,0
DAX,log_score,ewma,autoets,4996,4996,0
DAX,log_score,ewma,chronos,4996,4996,0
DAX,log_score,ewma,ewma,4996,4996,0
DAX,log_score,ewma,garch11,4996,4996,0
DAX,log_score,ewma,garch11_t,4996,4996,0
DAX,log_score,ewma,gjr,4996,4996,0
DAX,log_score,ewma,har,4996,4996,0
DAX,log_score,ewma,lgbm,4996,4996,0
DAX,log_score,ewma,moirai,4996,4996,0
DAX,log_score,ewma,naive,4996,4996,0
DAX,log_score,ewma,patchtst,4996,4996,0
DAX,log_score,ewma,timesfm,4996,4996,0
DAX,log_score,garch11,autoarima,4996,4996,0
DAX,log_score,garch11,autoets,4996,4996,0
DAX,log_score,garch11,chronos,4996,4996,0
DAX,log_score,garch11,ewma,4996,4996,0
DAX,log_score,garch11,garch11,4996,4996,0
DAX,log_score,garch11,garch11_t,4996,4996,0
DAX,log_score,garch11,gjr,4996,4996,0
DAX,log_score,garch11,har,4996,4996,0
DAX,log_score,garch11,lgbm,4996,4996,0
DAX,log_score,garch11,moirai,4996,4996,0
DAX,log_score,garch11,naive,4996,4996,0
DAX,log_score,garch11,patchtst,4996,4996,0
DAX,log_score,garch11,timesfm,4996,4996,0
DAX,log_score,garch11_t,autoarima,4996,4996,0
DAX,log_score,garch11_t,autoets,4996,4996,0
DAX,log_score,garch11_t,chronos,4996,4996,0
DAX,log_score,garch11_t,ewma,4996,4996,0
DAX,log_score,garch11_t,garch11,4996,4996,0
DAX,log_score,garch11_t,garch11_t,4996,4996,0
DAX,log_score,garch11_t,gjr,4996,4996,0
DAX,log_score,garch11_t,har,4996,4996,0
DAX,log_score,garch11_t,lgbm,4996,4996,0
DAX,log_score,garch11_t,moirai,4996,4996,0
DAX,log_score,garch11_t,naive,4996,4996,0
DAX,log_score,garch11_t,patchtst,4996,4996,0
DAX,log_score,garch11_t,timesfm,4996,4996,0
DAX,log_score,gjr,autoarima,4996,4996,0
DAX,log_score,gjr,autoets,4996,4996,0
DAX,log_score,gjr,chronos,4996,4996,0
DAX,log_score,gjr,ewma,4996,4996,0
DAX,log_score,gjr,garch11,4996,4996,0
DAX,log_score,gjr,garch11_t,4996,4996,0
DAX,log_score,gjr,gjr,4996,4996,0
DAX,log_score,gjr,har,4996,4996,0
DAX,log_score,gjr,lgbm,4996,4996,0
DAX,log_score,gjr,moirai,4996,4996,0
DAX,log_score,gjr,naive,4996,4996,0
DAX,log_score,gjr,patchtst,4996,4996,0
DAX,log_score,gjr,timesfm,4996,4996,0
DAX,log_score,har,autoarima,4996,4996,0
DAX,log_score,har,autoets,4996,4996,0
DAX,log_score,har,chronos,4996,4996,0
DAX,log_score,har,ewma,4996,4996,0
DAX,log_score,har,garch11,4996,4996,0
DAX,log_score,har,garch11_t,4996,4996,0
DAX,log_score,har,gjr,4996,4996,0
DAX,log_score,har,har,4996,4996,0
DAX,log_score,har,lgbm,4996,4996,0
DAX,log_score,har,moirai,4996,4996,0
DAX,log_score,har,naive,4996,4996,0
DAX,log_score,har,patchtst,4996,4996,0
DAX,log_score,har,timesfm,4996,4996,0
DAX,log_score,lgbm,autoarima,4996,4996,0
DAX,log_score,lgbm,autoets,4996,4996,0
DAX,log_score,lgbm,chronos,4996,4996,0
DAX,log_score,lgbm,ewma,4996,4996,0
DAX,log_score,lgbm,garch11,4996,4996,0
DAX,log_score,lgbm,garch11_t,4996,4996,0
DAX,log_score,lgbm,gjr,4996,4996,0
DAX,log_score,lgbm,har,4996,4996,0
DAX,log_score,lgbm,lgbm,4996,4996,0
DAX,log_score,lgbm,moirai,4996,4996,0
DAX,log_score,lgbm,naive,4996,4996,0
DAX,log_score,lgbm,patchtst,4996,4996,0
DAX,log_score,lgbm,timesfm,4996,4996,0
DAX,log_score,moirai,autoarima,4996,4996,0
DAX,log_score,moirai,autoets,4996,4996,0
DAX,log_score,moirai,chronos,4996,4996,0
DAX,log_score,moirai,ewma,4996,4996,0
DAX,log_score,moirai,garch11,4996,4996,0
DAX,log_score,moirai,garch11_t,4996,4996,0
DAX,log_score,moirai,gjr,4996,4996,0
DAX,log_score,moirai,har,4996,4996,0
DAX,log_score,moirai,lgbm,4996,4996,0
DAX,log_score,moirai,moirai,4996,4996,0
DAX,log_score,moirai,naive,4996,4996,0
DAX,log_score,moirai,patchtst,4996,4996,0
DAX,log_score,moirai,timesfm,4996,4996,0
DAX,log_score,naive,autoarima,4996,4996,0
DAX,log_score,naive,autoets,4996,4996,0
DAX,log_score,naive,chronos,4996,4996,0
DAX,log_score,naive,ewma,4996,4996,0
DAX,log_score,naive,garch11,4996,4996,0
DAX,log_score,naive,garch11_t,4996,4996,0
DAX,log_score,naive,gjr,4996,4996,0
DAX,log_score,naive,har,4996,4996,0
DAX,log_score,naive,lgbm,4996,4996,0
DAX,log_score,naive,moirai,4996,4996,0
DAX,log_score,naive,naive,4996,4996,0
DAX,log_score,naive,patchtst,4996,4996,0
DAX,log_score,naive,timesfm,4996,4996,0
DAX,log_score,patchtst,autoarima,4996,4996,0
DAX,log_score,patchtst,autoets,4996,4996,0
DAX,log_score,patchtst,chronos,4996,4996,0
DAX,log_score,patchtst,ewma,4996,4996,0
DAX,log_score,patchtst,garch11,4996,4996,0
DAX,log_score,patchtst,garch11_t,4996,4996,0
DAX,log_score,patchtst,gjr,4996,4996,0
DAX,log_score,patchtst,har,4996,4996,0
DAX,log_score,patchtst,lgbm,4996,4996,0
DAX,log_score,patchtst,moirai,4996,4996,0
DAX,log_score,patchtst,naive,4996,4996,0
DAX,log_score,patchtst,patchtst,4996,4996,0
DAX,log_score,patchtst,timesfm,4996,4996,0
DAX,log_score,timesfm,autoarima,4996,4996,0
DAX,log_score,timesfm,autoets,4996,4996,0
DAX,log_score,timesfm,chronos,4996,4996,0
DAX,log_score,timesfm,ewma,4996,4996,0
DAX,log_score,timesfm,garch11,4996,4996,0
DAX,log_score,timesfm,garch11_t,4996,4996,0
DAX,log_score,timesfm,gjr,4996,4996,0
DAX,log_score,timesfm,har,4996,4996,0
DAX,log_score,timesfm,lgbm,4996,4996,0
DAX,log_score,timesfm,moirai,4996,4996,0
DAX,log_score,timesfm,naive,4996,4996,0
DAX,log_score,timesfm,patchtst,4996,4996,0
DAX,log_score,timesfm,timesfm,4996,4996,0
DAX,pinball_0p01,autoarima,autoarima,4996,4996,0
DAX,pinball_0p01,autoarima,autoets,4996,4996,0
DAX,pinball_0p01,autoarima,chronos,4996,4996,0
DAX,pinball_0p01,autoarima,ewma,4996,4996,0
DAX,pinball_0p01,autoarima,garch11,4996,4996,0
DAX,pinball_0p01,autoarima,garch11_t,4996,4996,0
DAX,pinball_0p01,autoarima,gjr,4996,4996,0
DAX,pinball_0p01,autoarima,har,4996,4996,0
DAX,pinball_0p01,autoarima,lgbm,4996,4996,0
DAX,pinball_0p01,autoarima,moirai,4996,4996,0
DAX,pinball_0p01,autoarima,naive,4996,4996,0
DAX,pinball_0p01,autoarima,patchtst,4996,4996,0
DAX,pinball_0p01,autoarima,timesfm,4996,4996,0
DAX,pinball_0p01,autoets,autoarima,4996,4996,0
DAX,pinball_0p01,autoets,autoets,4996,4996,0
DAX,pinball_0p01,autoets,chronos,4996,4996,0
DAX,pinball_0p01,autoets,ewma,4996,4996,0
DAX,pinball_0p01,autoets,garch11,4996,4996,0
DAX,pinball_0p01,autoets,garch11_t,4996,4996,0
DAX,pinball_0p01,autoets,gjr,4996,4996,0
DAX,pinball_0p01,autoets,har,4996,4996,0
DAX,pinball_0p01,autoets,lgbm,4996,4996,0
DAX,pinball_0p01,autoets,moirai,4996,4996,0
DAX,pinball_0p01,autoets,naive,4996,4996,0
DAX,pinball_0p01,autoets,patchtst,4996,4996,0
DAX,pinball_0p01,autoets,timesfm,4996,4996,0
DAX,pinball_0p01,chronos,autoarima,4996,4996,0
DAX,pinball_0p01,chronos,autoets,4996,4996,0
DAX,pinball_0p01,chronos,chronos,4996,4996,0
DAX,pinball_0p01,chronos,ewma,4996,4996,0
DAX,pinball_0p01,chronos,garch11,4996,4996,0
DAX,pinball_0p01,chronos,garch11_t,4996,4996,0
DAX,pinball_0p01,chronos,gjr,4996,4996,0
DAX,pinball_0p01,chronos,har,4996,4996,0
DAX,pinball_0p01,chronos,lgbm,4996,4996,0
DAX,pinball_0p01,chronos,moirai,4996,4996,0
DAX,pinball_0p01,chronos,naive,4996,4996,0
DAX,pinball_0p01,chronos,patchtst,4996,4996,0
DAX,pinball_0p01,chronos,timesfm,4996,4996,0
DAX,pinball_0p01,ewma,autoarima,4996,4996,0
DAX,pinball_0p01,ewma,autoets,4996,4996,0
DAX,pinball_0p01,ewma,chronos,4996,4996,0
DAX,pinball_0p01,ewma,ewma,4996,4996,0
DAX,pinball_0p01,ewma,garch11,4996,4996,0
DAX,pinball_0p01,ewma,garch11_t,4996,4996,0
DAX,pinball_0p01,ewma,gjr,4996,4996,0
DAX,pinball_0p01,ewma,har,4996,4996,0
DAX,pinball_0p01,ewma,lgbm,4996,4996,0
DAX,pinball_0p01,ewma,moirai,4996,4996,0
DAX,pinball_0p01,ewma,naive,4996,4996,0
DAX,pinball_0p01,ewma,patchtst,4996,4996,0
DAX,pinball_0p01,ewma,timesfm,4996,4996,0
DAX,pinball_0p01,garch11,autoarima,4996,4996,0
DAX,pinball_0p01,garch11,autoets,4996,4996,0
DAX,pinball_0p01,garch11,chronos,4996,4996,0
DAX,pinball_0p01,garch11,ewma,4996,4996,0
DAX,pinball_0p01,garch11,garch11,4996,4996,0
DAX,pinball_0p01,garch11,garch11_t,4996,4996,0
DAX,pinball_0p01,garch11,gjr,4996,4996,0
DAX,pinball_0p01,garch11,har,4996,4996,0
DAX,pinball_0p01,garch11,lgbm,4996,4996,0
DAX,pinball_0p01,garch11,moirai,4996,4996,0
DAX,pinball_0p01,garch11,naive,4996,4996,0
DAX,pinball_0p01,garch11,patchtst,4996,4996,0
DAX,pinball_0p01,garch11,timesfm,4996,4996,0
DAX,pinball_0p01,garch11_t,autoarima,4996,4996,0
DAX,pinball_0p01,garch11_t,autoets,4996,4996,0
DAX,pinball_0p01,garch11_t,chronos,4996,4996,0
DAX,pinball_0p01,garch11_t,ewma,4996,4996,0
DAX,pinball_0p01,garch11_t,garch11,4996,4996,0
DAX,pinball_0p01,garch11_t,garch11_t,4996,4996,0
DAX,pinball_0p01,garch11_t,gjr,4996,4996,0
DAX,pinball_0p01,garch11_t,har,4996,4996,0
DAX,pinball_0p01,garch11_t,lgbm,4996,4996,0
DAX,pinball_0p01,garch11_t,moirai,4996,4996,0
DAX,pinball_0p01,garch11_t,naive,4996,4996,0
DAX,pinball_0p01,garch11_t,patchtst,4996,4996,0
DAX,pinball_0p01,garch11_t,timesfm,4996,4996,0
DAX,pinball_0p01,gjr,autoarima,4996,4996,0
DAX,pinball_0p01,gjr,autoets,4996,4996,0
DAX,pinball_0p01,gjr,chronos,4996,4996,0
DAX,pinball_0p01,gjr,ewma,4996,4996,0
DAX,pinball_0p01,gjr,garch11,4996,4996,0
DAX,pinball_0p01,gjr,garch11_t,4996,4996,0
DAX,pinball_0p01,gjr,gjr,4996,4996,0
DAX,pinball_0p01,gjr,har,4996,4996,0
DAX,pinball_0p01,gjr,lgbm,4996,4996,0
DAX,pinball_0p01,gjr,moirai,4996,4996,0
DAX,pinball_0p01,gjr,naive,4996,4996,0
DAX,pinball_0p01,gjr,patchtst,4996,4996,0
DAX,pinball_0p01,gjr,timesfm,4996,4996,0
DAX,pinball_0p01,har,autoarima,4996,4996,0
DAX,pinball_0p01,har,autoets,4996,4996,0
DAX,pinball_0p01,har,chronos,4996,4996,0
DAX,pinball_0p01,har,ewma,4996,4996,0
DAX,pinball_0p01,har,garch11,4996,4996,0
DAX,pinball_0p01,har,garch11_t,4996,4996,0
DAX,pinball_0p01,har,gjr,4996,4996,0
DAX,pinball_0p01,har,har,4996,4996,0
DAX,pinball_0p01,har,lgbm,4996,4996,0
DAX,pinball_0p01,har,moirai,4996,4996,0
DAX,pinball_0p01,har,naive,4996,4996,0
DAX,pinball_0p01,har,patchtst,4996,4996,0
DAX,pinball_0p01,har,timesfm,4996,4996,0
DAX,pinball_0p01,lgbm,autoarima,4996,4996,0
DAX,pinball_0p01,lgbm,autoets,4996,4996,0
DAX,pinball_0p01,lgbm,chronos,4996,4996,0
DAX,pinball_0p01,lgbm,ewma,4996,4996,0
DAX,pinball_0p01,lgbm,garch11,4996,4996,0
DAX,pinball_0p01,lgbm,garch11_t,4996,4996,0
DAX,pinball_0p01,lgbm,gjr,4996,4996,0
DAX,pinball_0p01,lgbm,har,4996,4996,0
DAX,pinball_0p01,lgbm,lgbm,4996,4996,0
DAX,pinball_0p01,lgbm,moirai,4996,4996,0
DAX,pinball_0p01,lgbm,naive,4996,4996,0
DAX,pinball_0p01,lgbm,patchtst,4996,4996,0
DAX,pinball_0p01,lgbm,timesfm,4996,4996,0
DAX,pinball_0p01,moirai,autoarima,4996,4996,0
DAX,pinball_0p01,moirai,autoets,4996,4996,0
DAX,pinball_0p01,moirai,chronos,4996,4996,0
DAX,pinball_0p01,moirai,ewma,4996,4996,0
DAX,pinball_0p01,moirai,garch11,4996,4996,0
DAX,pinball_0p01,moirai,garch11_t,4996,4996,0
DAX,pinball_0p01,moirai,gjr,4996,4996,0
DAX,pinball_0p01,moirai,har,4996,4996,0
DAX,pinball_0p01,moirai,lgbm,4996,4996,0
DAX,pinball_0p01,moirai,moirai,4996,4996,0
DAX,pinball_0p01,moirai,naive,4996,4996,0
DAX,pinball_0p01,moirai,patchtst,4996,4996,0
DAX,pinball_0p01,moirai,timesfm,4996,4996,0
DAX,pinball_0p01,naive,autoarima,4996,4996,0
DAX,pinball_0p01,naive,autoets,4996,4996,0
DAX,pinball_0p01,naive,chronos,4996,4996,0
DAX,pinball_0p01,naive,ewma,4996,4996,0
DAX,pinball_0p01,naive,garch11,4996,4996,0
DAX,pinball_0p01,naive,garch11_t,4996,4996,0
DAX,pinball_0p01,naive,gjr,4996,4996,0
DAX,pinball_0p01,naive,har,4996,4996,0
DAX,pinball_0p01,naive,lgbm,4996,4996,0
DAX,pinball_0p01,naive,moirai,4996,4996,0
DAX,pinball_0p01,naive,naive,4996,4996,0
DAX,pinball_0p01,naive,patchtst,4996,4996,0
DAX,pinball_0p01,naive,timesfm,4996,4996,0
DAX,pinball_0p01,patchtst,autoarima,4996,4996,0
DAX,pinball_0p01,patchtst,autoets,4996,4996,0
DAX,pinball_0p01,patchtst,chronos,4996,4996,0
DAX,pinball_0p01,patchtst,ewma,4996,4996,0
DAX,pinball_0p01,patchtst,garch11,4996,4996,0
DAX,pinball_0p01,patchtst,garch11_t,4996,4996,0
DAX,pinball_0p01,patchtst,gjr,4996,4996,0
DAX,pinball_0p01,patchtst,har,4996,4996,0
DAX,pinball_0p01,patchtst,lgbm,4996,4996,0
DAX,pinball_0p01,patchtst,moirai,4996,4996,0
DAX,pinball_0p01,patchtst,naive,4996,4996,0
DAX,pinball_0p01,patchtst,patchtst,4996,4996,0
DAX,pinball_0p01,patchtst,timesfm,4996,4996,0
DAX,pinball_0p01,timesfm,autoarima,4996,4996,0
DAX,pinball_0p01,timesfm,autoets,4996,4996,0
DAX,pinball_0p01,timesfm,chronos,4996,4996,0
DAX,pinball_0p01,timesfm,ewma,4996,4996,0
DAX,pinball_0p01,timesfm,garch11,4996,4996,0
DAX,pinball_0p01,timesfm,garch11_t,4996,4996,0
DAX,pinball_0p01,timesfm,gjr,4996,4996,0
DAX,pinball_0p01,timesfm,har,4996,4996,0
DAX,pinball_0p01,timesfm,lgbm,4996,4996,0
DAX,pinball_0p01,timesfm,moirai,4996,4996,0
DAX,pinball_0p01,timesfm,naive,4996,4996,0
DAX,pinball_0p01,timesfm,patchtst,4996,4996,0
DAX,pinball_0p01,timesfm,timesfm,4996,4996,0
DAX,pinball_0p025,autoarima,autoarima,4996,4996,0
DAX,pinball_0p025,autoarima,autoets,4996,4996,0
DAX,pinball_0p025,autoarima,chronos,4996,4996,0
DAX,pinball_0p025,autoarima,ewma,4996,4996,0
DAX,pinball_0p025,autoarima,garch11,4996,4996,0
DAX,pinball_0p025,autoarima,garch11_t,4996,4996,0
DAX,pinball_0p025,autoarima,gjr,4996,4996,0
DAX,pinball_0p025,autoarima,har,4996,4996,0
DAX,pinball_0p025,autoarima,lgbm,4996,4996,0
DAX,pinball_0p025,autoarima,moirai,4996,4996,0
DAX,pinball_0p025,autoarima,naive,4996,4996,0
DAX,pinball_0p025,autoarima,patchtst,4996,4996,0
DAX,pinball_0p025,autoarima,timesfm,4996,4996,0
DAX,pinball_0p025,autoets,autoarima,4996,4996,0
DAX,pinball_0p025,autoets,autoets,4996,4996,0
DAX,pinball_0p025,autoets,chronos,4996,4996,0
DAX,pinball_0p025,autoets,ewma,4996,4996,0
DAX,pinball_0p025,autoets,garch11,4996,4996,0
DAX,pinball_0p025,autoets,garch11_t,4996,4996,0
DAX,pinball_0p025,autoets,gjr,4996,4996,0
DAX,pinball_0p025,autoets,har,4996,4996,0
DAX,pinball_0p025,autoets,lgbm,4996,4996,0
DAX,pinball_0p025,autoets,moirai,4996,4996,0
DAX,pinball_0p025,autoets,naive,4996,4996,0
DAX,pinball_0p025,autoets,patchtst,4996,4996,0
DAX,pinball_0p025,autoets,timesfm,4996,4996,0
DAX,pinball_0p025,chronos,autoarima,4996,4996,0
DAX,pinball_0p025,chronos,autoets,4996,4996,0
DAX,pinball_0p025,chronos,chronos,4996,4996,0
DAX,pinball_0p025,chronos,ewma,4996,4996,0
DAX,pinball_0p025,chronos,garch11,4996,4996,0
DAX,pinball_0p025,chronos,garch11_t,4996,4996,0
DAX,pinball_0p025,chronos,gjr,4996,4996,0
DAX,pinball_0p025,chronos,har,4996,4996,0
DAX,pinball_0p025,chronos,lgbm,4996,4996,0
DAX,pinball_0p025,chronos,moirai,4996,4996,0
DAX,pinball_0p025,chronos,naive,4996,4996,0
DAX,pinball_0p025,chronos,patchtst,4996,4996,0
DAX,pinball_0p025,chronos,timesfm,4996,4996,0
DAX,pinball_0p025,ewma,autoarima,4996,4996,0
DAX,pinball_0p025,ewma,autoets,4996,4996,0
DAX,pinball_0p025,ewma,chronos,4996,4996,0
DAX,pinball_0p025,ewma,ewma,4996,4996,0
DAX,pinball_0p025,ewma,garch11,4996,4996,0
DAX,pinball_0p025,ewma,garch11_t,4996,4996,0
DAX,pinball_0p025,ewma,gjr,4996,4996,0
DAX,pinball_0p025,ewma,har,4996,4996,0
DAX,pinball_0p025,ewma,lgbm,4996,4996,0
DAX,pinball_0p025,ewma,moirai,4996,4996,0
DAX,pinball_0p025,ewma,naive,4996,4996,0
DAX,pinball_0p025,ewma,patchtst,4996,4996,0
DAX,pinball_0p025,ewma,timesfm,4996,4996,0
DAX,pinball_0p025,garch11,autoarima,4996,4996,0
DAX,pinball_0p025,garch11,autoets,4996,4996,0
DAX,pinball_0p025,garch11,chronos,4996,4996,0
DAX,pinball_0p025,garch11,ewma,4996,4996,0
DAX,pinball_0p025,garch11,garch11,4996,4996,0
DAX,pinball_0p025,garch11,garch11_t,4996,4996,0
DAX,pinball_0p025,garch11,gjr,4996,4996,0
DAX,pinball_0p025,garch11,har,4996,4996,0
DAX,pinball_0p025,garch11,lgbm,4996,4996,0
DAX,pinball_0p025,garch11,moirai,4996,4996,0
DAX,pinball_0p025,garch11,naive,4996,4996,0
DAX,pinball_0p025,garch11,patchtst,4996,4996,0
DAX,pinball_0p025,garch11,timesfm,4996,4996,0
DAX,pinball_0p025,garch11_t,autoarima,4996,4996,0
DAX,pinball_0p025,garch11_t,autoets,4996,4996,0
DAX,pinball_0p025,garch11_t,chronos,4996,4996,0
DAX,pinball_0p025,garch11_t,ewma,4996,4996,0
DAX,pinball_0p025,garch11_t,garch11,4996,4996,0
DAX,pinball_0p025,garch11_t,garch11_t,4996,4996,0
DAX,pinball_0p025,garch11_t,gjr,4996,4996,0
DAX,pinball_0p025,garch11_t,har,4996,4996,0
DAX,pinball_0p025,garch11_t,lgbm,4996,4996,0
DAX,pinball_0p025,garch11_t,moirai,4996,4996,0
DAX,pinball_0p025,garch11_t,naive,4996,4996,0
DAX,pinball_0p025,garch11_t,patchtst,4996,4996,0
DAX,pinball_0p025,garch11_t,timesfm,4996,4996,0
DAX,pinball_0p025,gjr,autoarima,4996,4996,0
DAX,pinball_0p025,gjr,autoets,4996,4996,0
DAX,pinball_0p025,gjr,chronos,4996,4996,0
DAX,pinball_0p025,gjr,ewma,4996,4996,0
DAX,pinball_0p025,gjr,garch11,4996,4996,0
DAX,pinball_0p025,gjr,garch11_t,4996,4996,0
DAX,pinball_0p025,gjr,gjr,4996,4996,0
DAX,pinball_0p025,gjr,har,4996,4996,0
DAX,pinball_0p025,gjr,lgbm,4996,4996,0
DAX,pinball_0p025,gjr,moirai,4996,4996,0
DAX,pinball_0p025,gjr,naive,4996,4996,0
DAX,pinball_0p025,gjr,patchtst,4996,4996,0
DAX,pinball_0p025,gjr,timesfm,4996,4996,0
DAX,pinball_0p025,har,autoarima,4996,4996,0
DAX,pinball_0p025,har,autoets,4996,4996,0
DAX,pinball_0p025,har,chronos,4996,4996,0
DAX,pinball_0p025,har,ewma,4996,4996,0
DAX,pinball_0p025,har,garch11,4996,4996,0
DAX,pinball_0p025,har,garch11_t,4996,4996,0
DAX,pinball_0p025,har,gjr,4996,4996,0
DAX,pinball_0p025,har,har,4996,4996,0
DAX,pinball_0p025,har,lgbm,4996,4996,0
DAX,pinball_0p025,har,moirai,4996,4996,0
DAX,pinball_0p025,har,naive,4996,4996,0
DAX,pinball_0p025,har,patchtst,4996,4996,0
DAX,pinball_0p025,har,timesfm,4996,4996,0
DAX,pinball_0p025,lgbm,autoarima,4996,4996,0
DAX,pinball_0p025,lgbm,autoets,4996,4996,0
DAX,pinball_0p025,lgbm,chronos,4996,4996,0
DAX,pinball_0p025,lgbm,ewma,4996,4996,0
DAX,pinball_0p025,lgbm,garch11,4996,4996,0
DAX,pinball_0p025,lgbm,garch11_t,4996,4996,0
DAX,pinball_0p025,lgbm,gjr,4996,4996,0
DAX,pinball_0p025,lgbm,har,4996,4996,0
DAX,pinball_0p025,lgbm,lgbm,4996,4996,0
DAX,pinball_0p025,lgbm,moirai,4996,4996,0
DAX,pinball_0p025,lgbm,naive,4996,4996,0
DAX,pinball_0p025,lgbm,patchtst,4996,4996,0
DAX,pinball_0p025,lgbm,timesfm,4996,4996,0
DAX,pinball_0p025,moirai,autoarima,4996,4996,0
DAX,pinball_0p025,moirai,autoets,4996,4996,0
DAX,pinball_0p025,moirai,chronos,4996,4996,0
DAX,pinball_0p025,moirai,ewma,4996,4996,0
DAX,pinball_0p025,moirai,garch11,4996,4996,0
DAX,pinball_0p025,moirai,garch11_t,4996,4996,0
DAX,pinball_0p025,moirai,gjr,4996,4996,0
DAX,pinball_0p025,moirai,har,4996,4996,0
DAX,pinball_0p025,moirai,lgbm,4996,4996,0
DAX,pinball_0p025,moirai,moirai,4996,4996,0
DAX,pinball_0p025,moirai,naive,4996,4996,0
DAX,pinball_0p025,moirai,patchtst,4996,4996,0
DAX,pinball_0p025,moirai,timesfm,4996,4996,0
DAX,pinball_0p025,naive,autoarima,4996,4996,0
DAX,pinball_0p025,naive,autoets,4996,4996,0
DAX,pinball_0p025,naive,chronos,4996,4996,0
DAX,pinball_0p025,naive,ewma,4996,4996,0
DAX,pinball_0p025,naive,garch11,4996,4996,0
DAX,pinball_0p025,naive,garch11_t,4996,4996,0
DAX,pinball_0p025,naive,gjr,4996,4996,0
DAX,pinball_0p025,naive,har,4996,4996,0
DAX,pinball_0p025,naive,lgbm,4996,4996,0
DAX,pinball_0p025,naive,moirai,4996,4996,0
DAX,pinball_0p025,naive,naive,4996,4996,0
DAX,pinball_0p025,naive,patchtst,4996,4996,0
DAX,pinball_0p025,naive,timesfm,4996,4996,0
DAX,pinball_0p025,patchtst,autoarima,4996,4996,0
DAX,pinball_0p025,patchtst,autoets,4996,4996,0
DAX,pinball_0p025,patchtst,chronos,4996,4996,0
DAX,pinball_0p025,patchtst,ewma,4996,4996,0
DAX,pinball_0p025,patchtst,garch11,4996,4996,0
DAX,pinball_0p025,patchtst,garch11_t,4996,4996,0
DAX,pinball_0p025,patchtst,gjr,4996,4996,0
DAX,pinball_0p025,patchtst,har,4996,4996,0
DAX,pinball_0p025,patchtst,lgbm,4996,4996,0
DAX,pinball_0p025,patchtst,moirai,4996,4996,0
DAX,pinball_0p025,patchtst,naive,4996,4996,0
DAX,pinball_0p025,patchtst,patchtst,4996,4996,0
DAX,pinball_0p025,patchtst,timesfm,4996,4996,0
DAX,pinball_0p025,timesfm,autoarima,4996,4996,0
DAX,pinball_0p025,timesfm,autoets,4996,4996,0
DAX,pinball_0p025,timesfm,chronos,4996,4996,0
DAX,pinball_0p025,timesfm,ewma,4996,4996,0
DAX,pinball_0p025,timesfm,garch11,4996,4996,0
DAX,pinball_0p025,timesfm,garch11_t,4996,4996,0
DAX,pinball_0p025,timesfm,gjr,4996,4996,0
DAX,pinball_0p025,timesfm,har,4996,4996,0
DAX,pinball_0p025,timesfm,lgbm,4996,4996,0
DAX,pinball_0p025,timesfm,moirai,4996,4996,0
DAX,pinball_0p025,timesfm,naive,4996,4996,0
DAX,pinball_0p025,timesfm,patchtst,4996,4996,0
DAX,pinball_0p025,timesfm,timesfm,4996,4996,0
DAX,pinball_0p05,autoarima,autoarima,4996,4996,0
DAX,pinball_0p05,autoarima,autoets,4996,4996,0
DAX,pinball_0p05,autoarima,chronos,4996,4996,0
DAX,pinball_0p05,autoarima,ewma,4996,4996,0
DAX,pinball_0p05,autoarima,garch11,4996,4996,0
DAX,pinball_0p05,autoarima,garch11_t,4996,4996,0
DAX,pinball_0p05,autoarima,gjr,4996,4996,0
DAX,pinball_0p05,autoarima,har,4996,4996,0
DAX,pinball_0p05,autoarima,lgbm,4996,4996,0
DAX,pinball_0p05,autoarima,moirai,4996,4996,0
DAX,pinball_0p05,autoarima,naive,4996,4996,0
DAX,pinball_0p05,autoarima,patchtst,4996,4996,0
DAX,pinball_0p05,autoarima,timesfm,4996,4996,0
DAX,pinball_0p05,autoets,autoarima,4996,4996,0
DAX,pinball_0p05,autoets,autoets,4996,4996,0
DAX,pinball_0p05,autoets,chronos,4996,4996,0
DAX,pinball_0p05,autoets,ewma,4996,4996,0
DAX,pinball_0p05,autoets,garch11,4996,4996,0
DAX,pinball_0p05,autoets,garch11_t,4996,4996,0
DAX,pinball_0p05,autoets,gjr,4996,4996,0
DAX,pinball_0p05,autoets,har,4996,4996,0
DAX,pinball_0p05,autoets,lgbm,4996,4996,0
DAX,pinball_0p05,autoets,moirai,4996,4996,0
DAX,pinball_0p05,autoets,naive,4996,4996,0
DAX,pinball_0p05,autoets,patchtst,4996,4996,0
DAX,pinball_0p05,autoets,timesfm,4996,4996,0
DAX,pinball_0p05,chronos,autoarima,4996,4996,0
DAX,pinball_0p05,chronos,autoets,4996,4996,0
DAX,pinball_0p05,chronos,chronos,4996,4996,0
DAX,pinball_0p05,chronos,ewma,4996,4996,0
DAX,pinball_0p05,chronos,garch11,4996,4996,0
DAX,pinball_0p05,chronos,garch11_t,4996,4996,0
DAX,pinball_0p05,chronos,gjr,4996,4996,0
DAX,pinball_0p05,chronos,har,4996,4996,0
DAX,pinball_0p05,chronos,lgbm,4996,4996,0
DAX,pinball_0p05,chronos,moirai,4996,4996,0
DAX,pinball_0p05,chronos,naive,4996,4996,0
DAX,pinball_0p05,chronos,patchtst,4996,4996,0
DAX,pinball_0p05,chronos,timesfm,4996,4996,0
DAX,pinball_0p05,ewma,autoarima,4996,4996,0
DAX,pinball_0p05,ewma,autoets,4996,4996,0
DAX,pinball_0p05,ewma,chronos,4996,4996,0
DAX,pinball_0p05,ewma,ewma,4996,4996,0
DAX,pinball_0p05,ewma,garch11,4996,4996,0
DAX,pinball_0p05,ewma,garch11_t,4996,4996,0
DAX,pinball_0p05,ewma,gjr,4996,4996,0
DAX,pinball_0p05,ewma,har,4996,4996,0
DAX,pinball_0p05,ewma,lgbm,4996,4996,0
DAX,pinball_0p05,ewma,moirai,4996,4996,0
DAX,pinball_0p05,ewma,naive,4996,4996,0
DAX,pinball_0p05,ewma,patchtst,4996,4996,0
DAX,pinball_0p05,ewma,timesfm,4996,4996,0
DAX,pinball_0p05,garch11,autoarima,4996,4996,0
DAX,pinball_0p05,garch11,autoets,4996,4996,0
DAX,pinball_0p05,garch11,chronos,4996,4996,0
DAX,pinball_0p05,garch11,ewma,4996,4996,0
DAX,pinball_0p05,garch11,garch11,4996,4996,0
DAX,pinball_0p05,garch11,garch11_t,4996,4996,0
DAX,pinball_0p05,garch11,gjr,4996,4996,0
DAX,pinball_0p05,garch11,har,4996,4996,0
DAX,pinball_0p05,garch11,lgbm,4996,4996,0
DAX,pinball_0p05,garch11,moirai,4996,4996,0
DAX,pinball_0p05,garch11,naive,4996,4996,0
DAX,pinball_0p05,garch11,patchtst,4996,4996,0
DAX,pinball_0p05,garch11,timesfm,4996,4996,0
DAX,pinball_0p05,garch11_t,autoarima,4996,4996,0
DAX,pinball_0p05,garch11_t,autoets,4996,4996,0
DAX,pinball_0p05,garch11_t,chronos,4996,4996,0
DAX,pinball_0p05,garch11_t,ewma,4996,4996,0
DAX,pinball_0p05,garch11_t,garch11,4996,4996,0
DAX,pinball_0p05,garch11_t,garch11_t,4996,4996,0
DAX,pinball_0p05,garch11_t,gjr,4996,4996,0
DAX,pinball_0p05,garch11_t,har,4996,4996,0
DAX,pinball_0p05,garch11_t,lgbm,4996,4996,0
DAX,pinball_0p05,garch11_t,moirai,4996,4996,0
DAX,pinball_0p05,garch11_t,naive,4996,4996,0
DAX,pinball_0p05,garch11_t,patchtst,4996,4996,0
DAX,pinball_0p05,garch11_t,timesfm,4996,4996,0
DAX,pinball_0p05,gjr,autoarima,4996,4996,0
DAX,pinball_0p05,gjr,autoets,4996,4996,0
DAX,pinball_0p05,gjr,chronos,4996,4996,0
DAX,pinball_0p05,gjr,ewma,4996,4996,0
DAX,pinball_0p05,gjr,garch11,4996,4996,0
DAX,pinball_0p05,gjr,garch11_t,4996,4996,0
DAX,pinball_0p05,gjr,gjr,4996,4996,0
DAX,pinball_0p05,gjr,har,4996,4996,0
DAX,pinball_0p05,gjr,lgbm,4996,4996,0
DAX,pinball_0p05,gjr,moirai,4996,4996,0
DAX,pinball_0p05,gjr,naive,4996,4996,0
DAX,pinball_0p05,gjr,patchtst,4996,4996,0
DAX,pinball_0p05,gjr,timesfm,4996,4996,0
DAX,pinball_0p05,har,autoarima,4996,4996,0
DAX,pinball_0p05,har,autoets,4996,4996,0
DAX,pinball_0p05,har,chronos,4996,4996,0
DAX,pinball_0p05,har,ewma,4996,4996,0
DAX,pinball_0p05,har,garch11,4996,4996,0
DAX,pinball_0p05,har,garch11_t,4996,4996,0
DAX,pinball_0p05,har,gjr,4996,4996,0
DAX,pinball_0p05,har,har,4996,4996,0
DAX,pinball_0p05,har,lgbm,4996,4996,0
DAX,pinball_0p05,har,moirai,4996,4996,0
DAX,pinball_0p05,har,naive,4996,4996,0
DAX,pinball_0p05,har,patchtst,4996,4996,0
DAX,pinball_0p05,har,timesfm,4996,4996,0
DAX,pinball_0p05,lgbm,autoarima,4996,4996,0
DAX,pinball_0p05,lgbm,autoets,4996,4996,0
DAX,pinball_0p05,lgbm,chronos,4996,4996,0
DAX,pinball_0p05,lgbm,ewma,4996,4996,0
DAX,pinball_0p05,lgbm,garch11,4996,4996,0
DAX,pinball_0p05,lgbm,garch11_t,4996,4996,0
DAX,pinball_0p05,lgbm,gjr,4996,4996,0
DAX,pinball_0p05,lgbm,har,4996,4996,0
DAX,pinball_0p05,lgbm,lgbm,4996,4996,0
DAX,pinball_0p05,lgbm,moirai,4996,4996,0
DAX,pinball_0p05,lgbm,naive,4996,4996,0
DAX,pinball_0p05,lgbm,patchtst,4996,4996,0
DAX,pinball_0p05,lgbm,timesfm,4996,4996,0
DAX,pinball_0p05,moirai,autoarima,4996,4996,0
DAX,pinball_0p05,moirai,autoets,4996,4996,0
DAX,pinball_0p05,moirai,chronos,4996,4996,0
DAX,pinball_0p05,moirai,ewma,4996,4996,0
DAX,pinball_0p05,moirai,garch11,4996,4996,0
DAX,pinball_0p05,moirai,garch11_t,4996,4996,0
DAX,pinball_0p05,moirai,gjr,4996,4996,0
DAX,pinball_0p05,moirai,har,4996,4996,0
DAX,pinball_0p05,moirai,lgbm,4996,4996,0
DAX,pinball_0p05,moirai,moirai,4996,4996,0
DAX,pinball_0p05,moirai,naive,4996,4996,0
DAX,pinball_0p05,moirai,patchtst,4996,4996,0
DAX,pinball_0p05,moirai,timesfm,4996,4996,0
DAX,pinball_0p05,naive,autoarima,4996,4996,0
DAX,pinball_0p05,naive,autoets,4996,4996,0
DAX,pinball_0p05,naive,chronos,4996,4996,0
DAX,pinball_0p05,naive,ewma,4996,4996,0
DAX,pinball_0p05,naive,garch11,4996,4996,0
DAX,pinball_0p05,naive,garch11_t,4996,4996,0
DAX,pinball_0p05,naive,gjr,4996,4996,0
DAX,pinball_0p05,naive,har,4996,4996,0
DAX,pinball_0p05,naive,lgbm,4996,4996,0
DAX,pinball_0p05,naive,moirai,4996,4996,0
DAX,pinball_0p05,naive,naive,4996,4996,0
DAX,pinball_0p05,naive,patchtst,4996,4996,0
DAX,pinball_0p05,naive,timesfm,4996,4996,0
DAX,pinball_0p05,patchtst,autoarima,4996,4996,0
DAX,pinball_0p05,patchtst,autoets,4996,4996,0
DAX,pinball_0p05,patchtst,chronos,4996,4996,0
DAX,pinball_0p05,patchtst,ewma,4996,4996,0
DAX,pinball_0p05,patchtst,garch11,4996,4996,0
DAX,pinball_0p05,patchtst,garch11_t,4996,4996,0
DAX,pinball_0p05,patchtst,gjr,4996,4996,0
DAX,pinball_0p05,patchtst,har,4996,4996,0
DAX,pinball_0p05,patchtst,lgbm,4996,4996,0
DAX,pinball_0p05,patchtst,moirai,4996,4996,0
DAX,pinball_0p05,patchtst,naive,4996,4996,0
DAX,pinball_0p05,patchtst,patchtst,4996,4996,0
DAX,pinball_0p05,patchtst,timesfm,4996,4996,0
DAX,pinball_0p05,timesfm,autoarima,4996,4996,0
DAX,pinball_0p05,timesfm,autoets,4996,4996,0
DAX,pinball_0p05,timesfm,chronos,4996,4996,0
DAX,pinball_0p05,timesfm,ewma,4996,4996,0
DAX,pinball_0p05,timesfm,garch11,4996,4996,0
DAX,pinball_0p05,timesfm,garch11_t,4996,4996,0
DAX,pinball_0p05,timesfm,gjr,4996,4996,0
DAX,pinball_0p05,timesfm,har,4996,4996,0
DAX,pinball_0p05,timesfm,lgbm,4996,4996,0
DAX,pinball_0p05,timesfm,moirai,4996,4996,0
DAX,pinball_0p05,timesfm,naive,4996,4996,0
DAX,pinball_0p05,timesfm,patchtst,4996,4996,0
DAX,pinball_0p05,timesfm,timesfm,4996,4996,0
DAX,pinball_avg,autoarima,autoarima,4996,4996,0
DAX,pinball_avg,autoarima,autoets,4996,4996,0
DAX,pinball_avg,autoarima,chronos,4996,4996,0
DAX,pinball_avg,autoarima,ewma,4996,4996,0
DAX,pinball_avg,autoarima,garch11,4996,4996,0
DAX,pinball_avg,autoarima,garch11_t,4996,4996,0
DAX,pinball_avg,autoarima,gjr,4996,4996,0
DAX,pinball_avg,autoarima,har,4996,4996,0
DAX,pinball_avg,autoarima,lgbm,4996,4996,0
DAX,pinball_avg,autoarima,moirai,4996,4996,0
DAX,pinball_avg,autoarima,naive,4996,4996,0
DAX,pinball_avg,autoarima,patchtst,4996,4996,0
DAX,pinball_avg,autoarima,timesfm,4996,4996,0
DAX,pinball_avg,autoets,autoarima,4996,4996,0
DAX,pinball_avg,autoets,autoets,4996,4996,0
DAX,pinball_avg,autoets,chronos,4996,4996,0
DAX,pinball_avg,autoets,ewma,4996,4996,0
DAX,pinball_avg,autoets,garch11,4996,4996,0
DAX,pinball_avg,autoets,garch11_t,4996,4996,0
DAX,pinball_avg,autoets,gjr,4996,4996,0
DAX,pinball_avg,autoets,har,4996,4996,0
DAX,pinball_avg,autoets,lgbm,4996,4996,0
DAX,pinball_avg,autoets,moirai,4996,4996,0
DAX,pinball_avg,autoets,naive,4996,4996,0
DAX,pinball_avg,autoets,patchtst,4996,4996,0
DAX,pinball_avg,autoets,timesfm,4996,4996,0
DAX,pinball_avg,chronos,autoarima,4996,4996,0
DAX,pinball_avg,chronos,autoets,4996,4996,0
DAX,pinball_avg,chronos,chronos,4996,4996,0
DAX,pinball_avg,chronos,ewma,4996,4996,0
DAX,pinball_avg,chronos,garch11,4996,4996,0
DAX,pinball_avg,chronos,garch11_t,4996,4996,0
DAX,pinball_avg,chronos,gjr,4996,4996,0
DAX,pinball_avg,chronos,har,4996,4996,0
DAX,pinball_avg,chronos,lgbm,4996,4996,0
DAX,pinball_avg,chronos,moirai,4996,4996,0
DAX,pinball_avg,chronos,naive,4996,4996,0
DAX,pinball_avg,chronos,patchtst,4996,4996,0
DAX,pinball_avg,chronos,timesfm,4996,4996,0
DAX,pinball_avg,ewma,autoarima,4996,4996,0
DAX,pinball_avg,ewma,autoets,4996,4996,0
DAX,pinball_avg,ewma,chronos,4996,4996,0
DAX,pinball_avg,ewma,ewma,4996,4996,0
DAX,pinball_avg,ewma,garch11,4996,4996,0
DAX,pinball_avg,ewma,garch11_t,4996,4996,0
DAX,pinball_avg,ewma,gjr,4996,4996,0
DAX,pinball_avg,ewma,har,4996,4996,0
DAX,pinball_avg,ewma,lgbm,4996,4996,0
DAX,pinball_avg,ewma,moirai,4996,4996,0
DAX,pinball_avg,ewma,naive,4996,4996,0
DAX,pinball_avg,ewma,patchtst,4996,4996,0
DAX,pinball_avg,ewma,timesfm,4996,4996,0
DAX,pinball_avg,garch11,autoarima,4996,4996,0
DAX,pinball_avg,garch11,autoets,4996,4996,0
DAX,pinball_avg,garch11,chronos,4996,4996,0
DAX,pinball_avg,garch11,ewma,4996,4996,0
DAX,pinball_avg,garch11,garch11,4996,4996,0
DAX,pinball_avg,garch11,garch11_t,4996,4996,0
DAX,pinball_avg,garch11,gjr,4996,4996,0
DAX,pinball_avg,garch11,har,4996,4996,0
DAX,pinball_avg,garch11,lgbm,4996,4996,0
DAX,pinball_avg,garch11,moirai,4996,4996,0
DAX,pinball_avg,garch11,naive,4996,4996,0
DAX,pinball_avg,garch11,patchtst,4996,4996,0
DAX,pinball_avg,garch11,timesfm,4996,4996,0
DAX,pinball_avg,garch11_t,autoarima,4996,4996,0
DAX,pinball_avg,garch11_t,autoets,4996,4996,0
DAX,pinball_avg,garch11_t,chronos,4996,4996,0
DAX,pinball_avg,garch11_t,ewma,4996,4996,0
DAX,pinball_avg,garch11_t,garch11,4996,4996,0
DAX,pinball_avg,garch11_t,garch11_t,4996,4996,0
DAX,pinball_avg,garch11_t,gjr,4996,4996,0
DAX,pinball_avg,garch11_t,har,4996,4996,0
DAX,pinball_avg,garch11_t,lgbm,4996,4996,0
DAX,pinball_avg,garch11_t,moirai,4996,4996,0
DAX,pinball_avg,garch11_t,naive,4996,4996,0
DAX,pinball_avg,garch11_t,patchtst,4996,4996,0
DAX,pinball_avg,garch11_t,timesfm,4996,4996,0
DAX,pinball_avg,gjr,autoarima,4996,4996,0
DAX,pinball_avg,gjr,autoets,4996,4996,0
DAX,pinball_avg,gjr,chronos,4996,4996,0
DAX,pinball_avg,gjr,ewma,4996,4996,0
DAX,pinball_avg,gjr,garch11,4996,4996,0
DAX,pinball_avg,gjr,garch11_t,4996,4996,0
DAX,pinball_avg,gjr,gjr,4996,4996,0
DAX,pinball_avg,gjr,har,4996,4996,0
DAX,pinball_avg,gjr,lgbm,4996,4996,0
DAX,pinball_avg,gjr,moirai,4996,4996,0
DAX,pinball_avg,gjr,naive,4996,4996,0
DAX,pinball_avg,gjr,patchtst,4996,4996,0
DAX,pinball_avg,gjr,timesfm,4996,4996,0
DAX,pinball_avg,har,autoarima,4996,4996,0
DAX,pinball_avg,har,autoets,4996,4996,0
DAX,pinball_avg,har,chronos,4996,4996,0
DAX,pinball_avg,har,ewma,4996,4996,0
DAX,pinball_avg,har,garch11,4996,4996,0
DAX,pinball_avg,har,garch11_t,4996,4996,0
DAX,pinball_avg,har,gjr,4996,4996,0
DAX,pinball_avg,har,har,4996,4996,0
DAX,pinball_avg,har,lgbm,4996,4996,0
DAX,pinball_avg,har,moirai,4996,4996,0
DAX,pinball_avg,har,naive,4996,4996,0
DAX,pinball_avg,har,patchtst,4996,4996,0
DAX,pinball_avg,har,timesfm,4996,4996,0
DAX,pinball_avg,lgbm,autoarima,4996,4996,0
DAX,pinball_avg,lgbm,autoets,4996,4996,0
DAX,pinball_avg,lgbm,chronos,4996,4996,0
DAX,pinball_avg,lgbm,ewma,4996,4996,0
DAX,pinball_avg,lgbm,garch11,4996,4996,0
DAX,pinball_avg,lgbm,garch11_t,4996,4996,0
DAX,pinball_avg,lgbm,gjr,4996,4996,0
DAX,pinball_avg,lgbm,har,4996,4996,0
DAX,pinball_avg,lgbm,lgbm,4996,4996,0
DAX,pinball_avg,lgbm,moirai,4996,4996,0
DAX,pinball_avg,lgbm,naive,4996,4996,0
DAX,pinball_avg,lgbm,patchtst,4996,4996,0
DAX,pinball_avg,lgbm,timesfm,4996,4996,0
DAX,pinball_avg,moirai,autoarima,4996,4996,0
DAX,pinball_avg,moirai,autoets,4996,4996,0
DAX,pinball_avg,moirai,chronos,4996,4996,0
DAX,pinball_avg,moirai,ewma,4996,4996,0
DAX,pinball_avg,moirai,garch11,4996,4996,0
DAX,pinball_avg,moirai,garch11_t,4996,4996,0
DAX,pinball_avg,moirai,gjr,4996,4996,0
DAX,pinball_avg,moirai,har,4996,4996,0
DAX,pinball_avg,moirai,lgbm,4996,4996,0
DAX,pinball_avg,moirai,moirai,4996,4996,0
DAX,pinball_avg,moirai,naive,4996,4996,0
DAX,pinball_avg,moirai,patchtst,4996,4996,0
DAX,pinball_avg,moirai,timesfm,4996,4996,0
DAX,pinball_avg,naive,autoarima,4996,4996,0
DAX,pinball_avg,naive,autoets,4996,4996,0
DAX,pinball_avg,naive,chronos,4996,4996,0
DAX,pinball_avg,naive,ewma,4996,4996,0
DAX,pinball_avg,naive,garch11,4996,4996,0
DAX,pinball_avg,naive,garch11_t,4996,4996,0
DAX,pinball_avg,naive,gjr,4996,4996,0
DAX,pinball_avg,naive,har,4996,4996,0
DAX,pinball_avg,naive,lgbm,4996,4996,0
DAX,pinball_avg,naive,moirai,4996,4996,0
DAX,pinball_avg,naive,naive,4996,4996,0
DAX,pinball_avg,naive,patchtst,4996,4996,0
DAX,pinball_avg,naive,timesfm,4996,4996,0
DAX,pinball_avg,patchtst,autoarima,4996,4996,0
DAX,pinball_avg,patchtst,autoets,4996,4996,0
DAX,pinball_avg,patchtst,chronos,4996,4996,0
DAX,pinball_avg,patchtst,ewma,4996,4996,0
DAX,pinball_avg,patchtst,garch11,4996,4996,0
DAX,pinball_avg,patchtst,garch11_t,4996,4996,0
DAX,pinball_avg,patchtst,gjr,4996,4996,0
DAX,pinball_avg,patchtst,har,4996,4996,0
DAX,pinball_avg,patchtst,lgbm,4996,4996,0
DAX,pinball_avg,patchtst,moirai,4996,4996,0
DAX,pinball_avg,patchtst,naive,4996,4996,0
DAX,pinball_avg,patchtst,patchtst,4996,4996,0
DAX,pinball_avg,patchtst,timesfm,4996,4996,0
DAX,pinball_avg,timesfm,autoarima,4996,4996,0
DAX,pinball_avg,timesfm,autoets,4996,4996,0
DAX,pinball_avg,timesfm,chronos,4996,4996,0
DAX,pinball_avg,timesfm,ewma,4996,4996,0
DAX,pinball_avg,timesfm,garch11,4996,4996,0
DAX,pinball_avg,timesfm,garch11_t,4996,4996,0
DAX,pinball_avg,timesfm,gjr,4996,4996,0
DAX,pinball_avg,timesfm,har,4996,4996,0
DAX,pinball_avg,timesfm,lgbm,4996,4996,0
DAX,pinball_avg,timesfm,moirai,4996,4996,0
DAX,pinball_avg,timesfm,naive,4996,4996,0
DAX,pinball_avg,timesfm,patchtst,4996,4996,0
DAX,pinball_avg,timesfm,timesfm,4996,4996,0
DAX,qlike,autoarima,autoarima,4996,4996,0
DAX,qlike,autoarima,autoets,4996,4996,0
DAX,qlike,autoarima,chronos,4996,4996,0
DAX,qlike,autoarima,ewma,4996,4996,0
DAX,qlike,autoarima,garch11,4996,4996,0
DAX,qlike,autoarima,garch11_t,4996,4996,0
DAX,qlike,autoarima,gjr,4996,4996,0
DAX,qlike,autoarima,har,4996,4996,0
DAX,qlike,autoarima,lgbm,4996,4996,0
DAX,qlike,autoarima,moirai,4996,4996,0
DAX,qlike,autoarima,naive,4996,4996,0
DAX,qlike,autoarima,patchtst,4996,4996,0
DAX,qlike,autoarima,timesfm,4996,4996,0
DAX,qlike,autoets,autoarima,4996,4996,0
DAX,qlike,autoets,autoets,4996,4996,0
DAX,qlike,autoets,chronos,4996,4996,0
DAX,qlike,autoets,ewma,4996,4996,0
DAX,qlike,autoets,garch11,4996,4996,0
DAX,qlike,autoets,garch11_t,4996,4996,0
DAX,qlike,autoets,gjr,4996,4996,0
DAX,qlike,autoets,har,4996,4996,0
DAX,qlike,autoets,lgbm,4996,4996,0
DAX,qlike,autoets,moirai,4996,4996,0
DAX,qlike,autoets,naive,4996,4996,0
DAX,qlike,autoets,patchtst,4996,4996,0
DAX,qlike,autoets,timesfm,4996,4996,0
DAX,qlike,chronos,autoarima,4996,4996,0
DAX,qlike,chronos,autoets,4996,4996,0
DAX,qlike,chronos,chronos,4996,4996,0
DAX,qlike,chronos,ewma,4996,4996,0
DAX,qlike,chronos,garch11,4996,4996,0
DAX,qlike,chronos,garch11_t,4996,4996,0
DAX,qlike,chronos,gjr,4996,4996,0
DAX,qlike,chronos,har,4996,4996,0
DAX,qlike,chronos,lgbm,4996,4996,0
DAX,qlike,chronos,moirai,4996,4996,0
DAX,qlike,chronos,naive,4996,4996,0
DAX,qlike,chronos,patchtst,4996,4996,0
DAX,qlike,chronos,timesfm,4996,4996,0
DAX,qlike,ewma,autoarima,4996,4996,0
DAX,qlike,ewma,autoets,4996,4996,0
DAX,qlike,ewma,chronos,4996,4996,0
DAX,qlike,ewma,ewma,4996,4996,0
DAX,qlike,ewma,garch11,4996,4996,0
DAX,qlike,ewma,garch11_t,4996,4996,0
DAX,qlike,ewma,gjr,4996,4996,0
DAX,qlike,ewma,har,4996,4996,0
DAX,qlike,ewma,lgbm,4996,4996,0
DAX,qlike,ewma,moirai,4996,4996,0
DAX,qlike,ewma,naive,4996,4996,0
DAX,qlike,ewma,patchtst,4996,4996,0
DAX,qlike,ewma,timesfm,4996,4996,0
DAX,qlike,garch11,autoarima,4996,4996,0
DAX,qlike,garch11,autoets,4996,4996,0
DAX,qlike,garch11,chronos,4996,4996,0
DAX,qlike,garch11,ewma,4996,4996,0
DAX,qlike,garch11,garch11,4996,4996,0
DAX,qlike,garch11,garch11_t,4996,4996,0
DAX,qlike,garch11,gjr,4996,4996,0
DAX,qlike,garch11,har,4996,4996,0
DAX,qlike,garch11,lgbm,4996,4996,0
DAX,qlike,garch11,moirai,4996,4996,0
DAX,qlike,garch11,naive,4996,4996,0
DAX,qlike,garch11,patchtst,4996,4996,0
DAX,qlike,garch11,timesfm,4996,4996,0
DAX,qlike,garch11_t,autoarima,4996,4996,0
DAX,qlike,garch11_t,autoets,4996,4996,0
DAX,qlike,garch11_t,chronos,4996,4996,0
DAX,qlike,garch11_t,ewma,4996,4996,0
DAX,qlike,garch11_t,garch11,4996,4996,0
DAX,qlike,garch11_t,garch11_t,4996,4996,0
DAX,qlike,garch11_t,gjr,4996,4996,0
DAX,qlike,garch11_t,har,4996,4996,0
DAX,qlike,garch11_t,lgbm,4996,4996,0
DAX,qlike,garch11_t,moirai,4996,4996,0
DAX,qlike,garch11_t,naive,4996,4996,0
DAX,qlike,garch11_t,patchtst,4996,4996,0
DAX,qlike,garch11_t,timesfm,4996,4996,0
DAX,qlike,gjr,autoarima,4996,4996,0
DAX,qlike,gjr,autoets,4996,4996,0
DAX,qlike,gjr,chronos,4996,4996,0
DAX,qlike,gjr,ewma,4996,4996,0
DAX,qlike,gjr,garch11,4996,4996,0
DAX,qlike,gjr,garch11_t,4996,4996,0
DAX,qlike,gjr,gjr,4996,4996,0
DAX,qlike,gjr,har,4996,4996,0
DAX,qlike,gjr,lgbm,4996,4996,0
DAX,qlike,gjr,moirai,4996,4996,0
DAX,qlike,gjr,naive,4996,4996,0
DAX,qlike,gjr,patchtst,4996,4996,0
DAX,qlike,gjr,timesfm,4996,4996,0
DAX,qlike,har,autoarima,4996,4996,0
DAX,qlike,har,autoets,4996,4996,0
DAX,qlike,har,chronos,4996,4996,0
DAX,qlike,har,ewma,4996,4996,0
DAX,qlike,har,garch11,4996,4996,0
DAX,qlike,har,garch11_t,4996,4996,0
DAX,qlike,har,gjr,4996,4996,0
DAX,qlike,har,har,4996,4996,0
DAX,qlike,har,lgbm,4996,4996,0
DAX,qlike,har,moirai,4996,4996,0
DAX,qlike,har,naive,4996,4996,0
DAX,qlike,har,patchtst,4996,4996,0
DAX,qlike,har,timesfm,4996,4996,0
DAX,qlike,lgbm,autoarima,4996,4996,0
DAX,qlike,lgbm,autoets,4996,4996,0
DAX,qlike,lgbm,chronos,4996,4996,0
DAX,qlike,lgbm,ewma,4996,4996,0
DAX,qlike,lgbm,garch11,4996,4996,0
DAX,qlike,lgbm,garch11_t,4996,4996,0
DAX,qlike,lgbm,gjr,4996,4996,0
DAX,qlike,lgbm,har,4996,4996,0
DAX,qlike,lgbm,lgbm,4996,4996,0
DAX,qlike,lgbm,moirai,4996,4996,0
DAX,qlike,lgbm,naive,4996,4996,0
DAX,qlike,lgbm,patchtst,4996,4996,0
DAX,qlike,lgbm,timesfm,4996,4996,0
DAX,qlike,moirai,autoarima,4996,4996,0
DAX,qlike,moirai,autoets,4996,4996,0
DAX,qlike,moirai,chronos,4996,4996,0
DAX,qlike,moirai,ewma,4996,4996,0
DAX,qlike,moirai,garch11,4996,4996,0
DAX,qlike,moirai,garch11_t,4996,4996,0
DAX,qlike,moirai,gjr,4996,4996,0
DAX,qlike,moirai,har,4996,4996,0
DAX,qlike,moirai,lgbm,4996,4996,0
DAX,qlike,moirai,moirai,4996,4996,0
DAX,qlike,moirai,naive,4996,4996,0
DAX,qlike,moirai,patchtst,4996,4996,0
DAX,qlike,moirai,timesfm,4996,4996,0
DAX,qlike,naive,autoarima,4996,4996,0
DAX,qlike,naive,autoets,4996,4996,0
DAX,qlike,naive,chronos,4996,4996,0
DAX,qlike,naive,ewma,4996,4996,0
DAX,qlike,naive,garch11,4996,4996,0
DAX,qlike,naive,garch11_t,4996,4996,0
DAX,qlike,naive,gjr,4996,4996,0
DAX,qlike,naive,har,4996,4996,0
DAX,qlike,naive,lgbm,4996,4996,0
DAX,qlike,naive,moirai,4996,4996,0
DAX,qlike,naive,naive,4996,4996,0
DAX,qlike,naive,patchtst,4996,4996,0
DAX,qlike,naive,timesfm,4996,4996,0
DAX,qlike,patchtst,autoarima,4996,4996,0
DAX,qlike,patchtst,autoets,4996,4996,0
DAX,qlike,patchtst,chronos,4996,4996,0
DAX,qlike,patchtst,ewma,4996,4996,0
DAX,qlike,patchtst,garch11,4996,4996,0
DAX,qlike,patchtst,garch11_t,4996,4996,0
DAX,qlike,patchtst,gjr,4996,4996,0
DAX,qlike,patchtst,har,4996,4996,0
DAX,qlike,patchtst,lgbm,4996,4996,0
DAX,qlike,patchtst,moirai,4996,4996,0
DAX,qlike,patchtst,naive,4996,4996,0
DAX,qlike,patchtst,patchtst,4996,4996,0
DAX,qlike,patchtst,timesfm,4996,4996,0
DAX,qlike,timesfm,autoarima,4996,4996,0
DAX,qlike,timesfm,autoets,4996,4996,0
DAX,qlike,timesfm,chronos,4996,4996,0
DAX,qlike,timesfm,ewma,4996,4996,0
DAX,qlike,timesfm,garch11,4996,4996,0
DAX,qlike,timesfm,garch11_t,4996,4996,0
DAX,qlike,timesfm,gjr,4996,4996,0
DAX,qlike,timesfm,har,4996,4996,0
DAX,qlike,timesfm,lgbm,4996,4996,0
DAX,qlike,timesfm,moirai,4996,4996,0
DAX,qlike,timesfm,naive,4996,4996,0
DAX,qlike,timesfm,patchtst,4996,4996,0
DAX,qlike,timesfm,timesfm,4996,4996,0
DAX,fz0_0p01,autoarima,autoarima,4996,4996,0
DAX,fz0_0p01,autoarima,autoets,4996,4996,0
DAX,fz0_0p01,autoarima,chronos,4996,4996,0
DAX,fz0_0p01,autoarima,ewma,4996,4996,0
DAX,fz0_0p01,autoarima,garch11,4996,4996,0
DAX,fz0_0p01,autoarima,garch11_t,4996,4996,0
DAX,fz0_0p01,autoarima,gjr,4996,4996,0
DAX,fz0_0p01,autoarima,har,4996,4996,0
DAX,fz0_0p01,autoarima,lgbm,4996,4996,0
DAX,fz0_0p01,autoarima,moirai,4996,4996,0
DAX,fz0_0p01,autoarima,naive,4996,4996,0
DAX,fz0_0p01,autoarima,patchtst,4996,4996,0
DAX,fz0_0p01,autoarima,timesfm,4996,4996,0
DAX,fz0_0p01,autoets,autoarima,4996,4996,0
DAX,fz0_0p01,autoets,autoets,4996,4996,0
DAX,fz0_0p01,autoets,chronos,4996,4996,0
DAX,fz0_0p01,autoets,ewma,4996,4996,0
DAX,fz0_0p01,autoets,garch11,4996,4996,0
DAX,fz0_0p01,autoets,garch11_t,4996,4996,0
DAX,fz0_0p01,autoets,gjr,4996,4996,0
DAX,fz0_0p01,autoets,har,4996,4996,0
DAX,fz0_0p01,autoets,lgbm,4996,4996,0
DAX,fz0_0p01,autoets,moirai,4996,4996,0
DAX,fz0_0p01,autoets,naive,4996,4996,0
DAX,fz0_0p01,autoets,patchtst,4996,4996,0
DAX,fz0_0p01,autoets,timesfm,4996,4996,0
DAX,fz0_0p01,chronos,autoarima,4996,4996,0
DAX,fz0_0p01,chronos,autoets,4996,4996,0
DAX,fz0_0p01,chronos,chronos,4996,4996,0
DAX,fz0_0p01,chronos,ewma,4996,4996,0
DAX,fz0_0p01,chronos,garch11,4996,4996,0
DAX,fz0_0p01,chronos,garch11_t,4996,4996,0
DAX,fz0_0p01,chronos,gjr,4996,4996,0
DAX,fz0_0p01,chronos,har,4996,4996,0
DAX,fz0_0p01,chronos,lgbm,4996,4996,0
DAX,fz0_0p01,chronos,moirai,4996,4996,0
DAX,fz0_0p01,chronos,naive,4996,4996,0
DAX,fz0_0p01,chronos,patchtst,4996,4996,0
DAX,fz0_0p01,chronos,timesfm,4996,4996,0
DAX,fz0_0p01,ewma,autoarima,4996,4996,0
DAX,fz0_0p01,ewma,autoets,4996,4996,0
DAX,fz0_0p01,ewma,chronos,4996,4996,0
DAX,fz0_0p01,ewma,ewma,4996,4996,0
DAX,fz0_0p01,ewma,garch11,4996,4996,0
DAX,fz0_0p01,ewma,garch11_t,4996,4996,0
DAX,fz0_0p01,ewma,gjr,4996,4996,0
DAX,fz0_0p01,ewma,har,4996,4996,0
DAX,fz0_0p01,ewma,lgbm,4996,4996,0
DAX,fz0_0p01,ewma,moirai,4996,4996,0
DAX,fz0_0p01,ewma,naive,4996,4996,0
DAX,fz0_0p01,ewma,patchtst,4996,4996,0
DAX,fz0_0p01,ewma,timesfm,4996,4996,0
DAX,fz0_0p01,garch11,autoarima,4996,4996,0
DAX,fz0_0p01,garch11,autoets,4996,4996,0
DAX,fz0_0p01,garch11,chronos,4996,4996,0
DAX,fz0_0p01,garch11,ewma,4996,4996,0
DAX,fz0_0p01,garch11,garch11,4996,4996,0
DAX,fz0_0p01,garch11,garch11_t,4996,4996,0
DAX,fz0_0p01,garch11,gjr,4996,4996,0
DAX,fz0_0p01,garch11,har,4996,4996,0
DAX,fz0_0p01,garch11,lgbm,4996,4996,0
DAX,fz0_0p01,garch11,moirai,4996,4996,0
DAX,fz0_0p01,garch11,naive,4996,4996,0
DAX,fz0_0p01,garch11,patchtst,4996,4996,0
DAX,fz0_0p01,garch11,timesfm,4996,4996,0
DAX,fz0_0p01,garch11_t,autoarima,4996,4996,0
DAX,fz0_0p01,garch11_t,autoets,4996,4996,0
DAX,fz0_0p01,garch11_t,chronos,4996,4996,0
DAX,fz0_0p01,garch11_t,ewma,4996,4996,0
DAX,fz0_0p01,garch11_t,garch11,4996,4996,0
DAX,fz0_0p01,garch11_t,garch11_t,4996,4996,0
DAX,fz0_0p01,garch11_t,gjr,4996,4996,0
DAX,fz0_0p01,garch11_t,har,4996,4996,0
DAX,fz0_0p01,garch11_t,lgbm,4996,4996,0
DAX,fz0_0p01,garch11_t,moirai,4996,4996,0
DAX,fz0_0p01,garch11_t,naive,4996,4996,0
DAX,fz0_0p01,garch11_t,patchtst,4996,4996,0
DAX,fz0_0p01,garch11_t,timesfm,4996,4996,0
DAX,fz0_0p01,gjr,autoarima,4996,4996,0
DAX,fz0_0p01,gjr,autoets,4996,4996,0
DAX,fz0_0p01,gjr,chronos,4996,4996,0
DAX,fz0_0p01,gjr,ewma,4996,4996,0
DAX,fz0_0p01,gjr,garch11,4996,4996,0
DAX,fz0_0p01,gjr,garch11_t,4996,4996,0
DAX,fz0_0p01,gjr,gjr,4996,4996,0
DAX,fz0_0p01,gjr,har,4996,4996,0
DAX,fz0_0p01,gjr,lgbm,4996,4996,0
DAX,fz0_0p01,gjr,moirai,4996,4996,0
DAX,fz0_0p01,gjr,naive,4996,4996,0
DAX,fz0_0p01,gjr,patchtst,4996,4996,0
DAX,fz0_0p01,gjr,timesfm,4996,4996,0
DAX,fz0_0p01,har,autoarima,4996,4996,0
DAX,fz0_0p01,har,autoets,4996,4996,0
DAX,fz0_0p01,har,chronos,4996,4996,0
DAX,fz0_0p01,har,ewma,4996,4996,0
DAX,fz0_0p01,har,garch11,4996,4996,0
DAX,fz0_0p01,har,garch11_t,4996,4996,0
DAX,fz0_0p01,har,gjr,4996,4996,0
DAX,fz0_0p01,har,har,4996,4996,0
DAX,fz0_0p01,har,lgbm,4996,4996,0
DAX,fz0_0p01,har,moirai,4996,4996,0
DAX,fz0_0p01,har,naive,4996,4996,0
DAX,fz0_0p01,har,patchtst,4996,4996,0
DAX,fz0_0p01,har,timesfm,4996,4996,0
DAX,fz0_0p01,lgbm,autoarima,4996,4996,0
DAX,fz0_0p01,lgbm,autoets,4996,4996,0
DAX,fz0_0p01,lgbm,chronos,4996,4996,0
DAX,fz0_0p01,lgbm,ewma,4996,4996,0
DAX,fz0_0p01,lgbm,garch11,4996,4996,0
DAX,fz0_0p01,lgbm,garch11_t,4996,4996,0
DAX,fz0_0p01,lgbm,gjr,4996,4996,0
DAX,fz0_0p01,lgbm,har,4996,4996,0
DAX,fz0_0p01,lgbm,lgbm,4996,4996,0
DAX,fz0_0p01,lgbm,moirai,4996,4996,0
DAX,fz0_0p01,lgbm,naive,4996,4996,0
DAX,fz0_0p01,lgbm,patchtst,4996,4996,0
DAX,fz0_0p01,lgbm,timesfm,4996,4996,0
DAX,fz0_0p01,moirai,autoarima,4996,4996,0
DAX,fz0_0p01,moirai,autoets,4996,4996,0
DAX,fz0_0p01,moirai,chronos,4996,4996,0
DAX,fz0_0p01,moirai,ewma,4996,4996,0
DAX,fz0_0p01,moirai,garch11,4996,4996,0
DAX,fz0_0p01,moirai,garch11_t,4996,4996,0
DAX,fz0_0p01,moirai,gjr,4996,4996,0
DAX,fz0_0p01,moirai,har,4996,4996,0
DAX,fz0_0p01,moirai,lgbm,4996,4996,0
DAX,fz0_0p01,moirai,moirai,4996,4996,0
DAX,fz0_0p01,moirai,naive,4996,4996,0
DAX,fz0_0p01,moirai,patchtst,4996,4996,0
DAX,fz0_0p01,moirai,timesfm,4996,4996,0
DAX,fz0_0p01,naive,autoarima,4996,4996,0
DAX,fz0_0p01,naive,autoets,4996,4996,0
DAX,fz0_0p01,naive,chronos,4996,4996,0
DAX,fz0_0p01,naive,ewma,4996,4996,0
DAX,fz0_0p01,naive,garch11,4996,4996,0
DAX,fz0_0p01,naive,garch11_t,4996,4996,0
DAX,fz0_0p01,naive,gjr,4996,4996,0
DAX,fz0_0p01,naive,har,4996,4996,0
DAX,fz0_0p01,naive,lgbm,4996,4996,0
DAX,fz0_0p01,naive,moirai,4996,4996,0
DAX,fz0_0p01,naive,naive,4996,4996,0
DAX,fz0_0p01,naive,patchtst,4996,4996,0
DAX,fz0_0p01,naive,timesfm,4996,4996,0
DAX,fz0_0p01,patchtst,autoarima,4996,4996,0
DAX,fz0_0p01,patchtst,autoets,4996,4996,0
DAX,fz0_0p01,patchtst,chronos,4996,4996,0
DAX,fz0_0p01,patchtst,ewma,4996,4996,0
DAX,fz0_0p01,patchtst,garch11,4996,4996,0
DAX,fz0_0p01,patchtst,garch11_t,4996,4996,0
DAX,fz0_0p01,patchtst,gjr,4996,4996,0
DAX,fz0_0p01,patchtst,har,4996,4996,0
DAX,fz0_0p01,patchtst,lgbm,4996,4996,0
DAX,fz0_0p01,patchtst,moirai,4996,4996,0
DAX,fz0_0p01,patchtst,naive,4996,4996,0
DAX,fz0_0p01,patchtst,patchtst,4996,4996,0
DAX,fz0_0p01,patchtst,timesfm,4996,4996,0
DAX,fz0_0p01,timesfm,autoarima,4996,4996,0
DAX,fz0_0p01,timesfm,autoets,4996,4996,0
DAX,fz0_0p01,timesfm,chronos,4996,4996,0
DAX,fz0_0p01,timesfm,ewma,4996,4996,0
DAX,fz0_0p01,timesfm,garch11,4996,4996,0
DAX,fz0_0p01,timesfm,garch11_t,4996,4996,0
DAX,fz0_0p01,timesfm,gjr,4996,4996,0
DAX,fz0_0p01,timesfm,har,4996,4996,0
DAX,fz0_0p01,timesfm,lgbm,4996,4996,0
DAX,fz0_0p01,timesfm,moirai,4996,4996,0
DAX,fz0_0p01,timesfm,naive,4996,4996,0
DAX,fz0_0p01,timesfm,patchtst,4996,4996,0
DAX,fz0_0p01,timesfm,timesfm,4996,4996,0
DAX,fz0_0p025,autoarima,autoarima,4996,4996,0
DAX,fz0_0p025,autoarima,autoets,4996,4996,0
DAX,fz0_0p025,autoarima,chronos,4996,4996,0
DAX,fz0_0p025,autoarima,ewma,4996,4996,0
DAX,fz0_0p025,autoarima,garch11,4996,4996,0
DAX,fz0_0p025,autoarima,garch11_t,4996,4996,0
DAX,fz0_0p025,autoarima,gjr,4996,4996,0
DAX,fz0_0p025,autoarima,har,4996,4996,0
DAX,fz0_0p025,autoarima,lgbm,4996,4996,0
DAX,fz0_0p025,autoarima,moirai,4996,4996,0
DAX,fz0_0p025,autoarima,naive,4996,4996,0
DAX,fz0_0p025,autoarima,patchtst,4996,4996,0
DAX,fz0_0p025,autoarima,timesfm,4996,4996,0
DAX,fz0_0p025,autoets,autoarima,4996,4996,0
DAX,fz0_0p025,autoets,autoets,4996,4996,0
DAX,fz0_0p025,autoets,chronos,4996,4996,0
DAX,fz0_0p025,autoets,ewma,4996,4996,0
DAX,fz0_0p025,autoets,garch11,4996,4996,0
DAX,fz0_0p025,autoets,garch11_t,4996,4996,0
DAX,fz0_0p025,autoets,gjr,4996,4996,0
DAX,fz0_0p025,autoets,har,4996,4996,0
DAX,fz0_0p025,autoets,lgbm,4996,4996,0
DAX,fz0_0p025,autoets,moirai,4996,4996,0
DAX,fz0_0p025,autoets,naive,4996,4996,0
DAX,fz0_0p025,autoets,patchtst,4996,4996,0
DAX,fz0_0p025,autoets,timesfm,4996,4996,0
DAX,fz0_0p025,chronos,autoarima,4996,4996,0
DAX,fz0_0p025,chronos,autoets,4996,4996,0
DAX,fz0_0p025,chronos,chronos,4996,4996,0
DAX,fz0_0p025,chronos,ewma,4996,4996,0
DAX,fz0_0p025,chronos,garch11,4996,4996,0
DAX,fz0_0p025,chronos,garch11_t,4996,4996,0
DAX,fz0_0p025,chronos,gjr,4996,4996,0
DAX,fz0_0p025,chronos,har,4996,4996,0
DAX,fz0_0p025,chronos,lgbm,4996,4996,0
DAX,fz0_0p025,chronos,moirai,4996,4996,0
DAX,fz0_0p025,chronos,naive,4996,4996,0
DAX,fz0_0p025,chronos,patchtst,4996,4996,0
DAX,fz0_0p025,chronos,timesfm,4996,4996,0
DAX,fz0_0p025,ewma,autoarima,4996,4996,0
DAX,fz0_0p025,ewma,autoets,4996,4996,0
DAX,fz0_0p025,ewma,chronos,4996,4996,0
DAX,fz0_0p025,ewma,ewma,4996,4996,0
DAX,fz0_0p025,ewma,garch11,4996,4996,0
DAX,fz0_0p025,ewma,garch11_t,4996,4996,0
DAX,fz0_0p025,ewma,gjr,4996,4996,0
DAX,fz0_0p025,ewma,har,4996,4996,0
DAX,fz0_0p025,ewma,lgbm,4996,4996,0
DAX,fz0_0p025,ewma,moirai,4996,4996,0
DAX,fz0_0p025,ewma,naive,4996,4996,0
DAX,fz0_0p025,ewma,patchtst,4996,4996,0
DAX,fz0_0p025,ewma,timesfm,4996,4996,0
DAX,fz0_0p025,garch11,autoarima,4996,4996,0
DAX,fz0_0p025,garch11,autoets,4996,4996,0
DAX,fz0_0p025,garch11,chronos,4996,4996,0
DAX,fz0_0p025,garch11,ewma,4996,4996,0
DAX,fz0_0p025,garch11,garch11,4996,4996,0
DAX,fz0_0p025,garch11,garch11_t,4996,4996,0
DAX,fz0_0p025,garch11,gjr,4996,4996,0
DAX,fz0_0p025,garch11,har,4996,4996,0
DAX,fz0_0p025,garch11,lgbm,4996,4996,0
DAX,fz0_0p025,garch11,moirai,4996,4996,0
DAX,fz0_0p025,garch11,naive,4996,4996,0
DAX,fz0_0p025,garch11,patchtst,4996,4996,0
DAX,fz0_0p025,garch11,timesfm,4996,4996,0
DAX,fz0_0p025,garch11_t,autoarima,4996,4996,0
DAX,fz0_0p025,garch11_t,autoets,4996,4996,0
DAX,fz0_0p025,garch11_t,chronos,4996,4996,0
DAX,fz0_0p025,garch11_t,ewma,4996,4996,0
DAX,fz0_0p025,garch11_t,garch11,4996,4996,0
DAX,fz0_0p025,garch11_t,garch11_t,4996,4996,0
DAX,fz0_0p025,garch11_t,gjr,4996,4996,0
DAX,fz0_0p025,garch11_t,har,4996,4996,0
DAX,fz0_0p025,garch11_t,lgbm,4996,4996,0
DAX,fz0_0p025,garch11_t,moirai,4996,4996,0
DAX,fz0_0p025,garch11_t,naive,4996,4996,0
DAX,fz0_0p025,garch11_t,patchtst,4996,4996,0
DAX,fz0_0p025,garch11_t,timesfm,4996,4996,0
DAX,fz0_0p025,gjr,autoarima,4996,4996,0
DAX,fz0_0p025,gjr,autoets,4996,4996,0
DAX,fz0_0p025,gjr,chronos,4996,4996,0
DAX,fz0_0p025,gjr,ewma,4996,4996,0
DAX,fz0_0p025,gjr,garch11,4996,4996,0
DAX,fz0_0p025,gjr,garch11_t,4996,4996,0
DAX,fz0_0p025,gjr,gjr,4996,4996,0
DAX,fz0_0p025,gjr,har,4996,4996,0
DAX,fz0_0p025,gjr,lgbm,4996,4996,0
DAX,fz0_0p025,gjr,moirai,4996,4996,0
DAX,fz0_0p025,gjr,naive,4996,4996,0
DAX,fz0_0p025,gjr,patchtst,4996,4996,0
DAX,fz0_0p025,gjr,timesfm,4996,4996,0
DAX,fz0_0p025,har,autoarima,4996,4996,0
DAX,fz0_0p025,har,autoets,4996,4996,0
DAX,fz0_0p025,har,chronos,4996,4996,0
DAX,fz0_0p025,har,ewma,4996,4996,0
DAX,fz0_0p025,har,garch11,4996,4996,0
DAX,fz0_0p025,har,garch11_t,4996,4996,0
DAX,fz0_0p025,har,gjr,4996,4996,0
DAX,fz0_0p025,har,har,4996,4996,0
DAX,fz0_0p025,har,lgbm,4996,4996,0
DAX,fz0_0p025,har,moirai,4996,4996,0
DAX,fz0_0p025,har,naive,4996,4996,0
DAX,fz0_0p025,har,patchtst,4996,4996,0
DAX,fz0_0p025,har,timesfm,4996,4996,0
DAX,fz0_0p025,lgbm,autoarima,4996,4996,0
DAX,fz0_0p025,lgbm,autoets,4996,4996,0
DAX,fz0_0p025,lgbm,chronos,4996,4996,0
DAX,fz0_0p025,lgbm,ewma,4996,4996,0
DAX,fz0_0p025,lgbm,garch11,4996,4996,0
DAX,fz0_0p025,lgbm,garch11_t,4996,4996,0
DAX,fz0_0p025,lgbm,gjr,4996,4996,0
DAX,fz0_0p025,lgbm,har,4996,4996,0
DAX,fz0_0p025,lgbm,lgbm,4996,4996,0
DAX,fz0_0p025,lgbm,moirai,4996,4996,0
DAX,fz0_0p025,lgbm,naive,4996,4996,0
DAX,fz0_0p025,lgbm,patchtst,4996,4996,0
DAX,fz0_0p025,lgbm,timesfm,4996,4996,0
DAX,fz0_0p025,moirai,autoarima,4996,4996,0
DAX,fz0_0p025,moirai,autoets,4996,4996,0
DAX,fz0_0p025,moirai,chronos,4996,4996,0
DAX,fz0_0p025,moirai,ewma,4996,4996,0
DAX,fz0_0p025,moirai,garch11,4996,4996,0
DAX,fz0_0p025,moirai,garch11_t,4996,4996,0
DAX,fz0_0p025,moirai,gjr,4996,4996,0
DAX,fz0_0p025,moirai,har,4996,4996,0
DAX,fz0_0p025,moirai,lgbm,4996,4996,0
DAX,fz0_0p025,moirai,moirai,4996,4996,0
DAX,fz0_0p025,moirai,naive,4996,4996,0
DAX,fz0_0p025,moirai,patchtst,4996,4996,0
DAX,fz0_0p025,moirai,timesfm,4996,4996,0
DAX,fz0_0p025,naive,autoarima,4996,4996,0
DAX,fz0_0p025,naive,autoets,4996,4996,0
DAX,fz0_0p025,naive,chronos,4996,4996,0
DAX,fz0_0p025,naive,ewma,4996,4996,0
DAX,fz0_0p025,naive,garch11,4996,4996,0
DAX,fz0_0p025,naive,garch11_t,4996,4996,0
DAX,fz0_0p025,naive,gjr,4996,4996,0
DAX,fz0_0p025,naive,har,4996,4996,0
DAX,fz0_0p025,naive,lgbm,4996,4996,0
DAX,fz0_0p025,naive,moirai,4996,4996,0
DAX,fz0_0p025,naive,naive,4996,4996,0
DAX,fz0_0p025,naive,patchtst,4996,4996,0
DAX,fz0_0p025,naive,timesfm,4996,4996,0
DAX,fz0_0p025,patchtst,autoarima,4996,4996,0
DAX,fz0_0p025,patchtst,autoets,4996,4996,0
DAX,fz0_0p025,patchtst,chronos,4996,4996,0
DAX,fz0_0p025,patchtst,ewma,4996,4996,0
DAX,fz0_0p025,patchtst,garch11,4996,4996,0
DAX,fz0_0p025,patchtst,garch11_t,4996,4996,0
DAX,fz0_0p025,patchtst,gjr,4996,4996,0
DAX,fz0_0p025,patchtst,har,4996,4996,0
DAX,fz0_0p025,patchtst,lgbm,4996,4996,0
DAX,fz0_0p025,patchtst,moirai,4996,4996,0
DAX,fz0_0p025,patchtst,naive,4996,4996,0
DAX,fz0_0p025,patchtst,patchtst,4996,4996,0
DAX,fz0_0p025,patchtst,timesfm,4996,4996,0
DAX,fz0_0p025,timesfm,autoarima,4996,4996,0
DAX,fz0_0p025,timesfm,autoets,4996,4996,0
DAX,fz0_0p025,timesfm,chronos,4996,4996,0
DAX,fz0_0p025,timesfm,ewma,4996,4996,0
DAX,fz0_0p025,timesfm,garch11,4996,4996,0
DAX,fz0_0p025,timesfm,garch11_t,4996,4996,0
DAX,fz0_0p025,timesfm,gjr,4996,4996,0
DAX,fz0_0p025,timesfm,har,4996,4996,0
DAX,fz0_0p025,timesfm,lgbm,4996,4996,0
DAX,fz0_0p025,timesfm,moirai,4996,4996,0
DAX,fz0_0p025,timesfm,naive,4996,4996,0
DAX,fz0_0p025,timesfm,patchtst,4996,4996,0
DAX,fz0_0p025,timesfm,timesfm,4996,4996,0
DAX,fz0_0p05,autoarima,autoarima,4996,4996,0
DAX,fz0_0p05,autoarima,autoets,4996,4996,0
DAX,fz0_0p05,autoarima,chronos,4996,4996,0
DAX,fz0_0p05,autoarima,ewma,4996,4996,0
DAX,fz0_0p05,autoarima,garch11,4996,4996,0
DAX,fz0_0p05,autoarima,garch11_t,4996,4996,0
DAX,fz0_0p05,autoarima,gjr,4996,4996,0
DAX,fz0_0p05,autoarima,har,4996,4996,0
DAX,fz0_0p05,autoarima,lgbm,4996,4996,0
DAX,fz0_0p05,autoarima,moirai,4996,4996,0
DAX,fz0_0p05,autoarima,naive,4996,4996,0
DAX,fz0_0p05,autoarima,patchtst,4996,4996,0
DAX,fz0_0p05,autoarima,timesfm,4996,4996,0
DAX,fz0_0p05,autoets,autoarima,4996,4996,0
DAX,fz0_0p05,autoets,autoets,4996,4996,0
DAX,fz0_0p05,autoets,chronos,4996,4996,0
DAX,fz0_0p05,autoets,ewma,4996,4996,0
DAX,fz0_0p05,autoets,garch11,4996,4996,0
DAX,fz0_0p05,autoets,garch11_t,4996,4996,0
DAX,fz0_0p05,autoets,gjr,4996,4996,0
DAX,fz0_0p05,autoets,har,4996,4996,0
DAX,fz0_0p05,autoets,lgbm,4996,4996,0
DAX,fz0_0p05,autoets,moirai,4996,4996,0
DAX,fz0_0p05,autoets,naive,4996,4996,0
DAX,fz0_0p05,autoets,patchtst,4996,4996,0
DAX,fz0_0p05,autoets,timesfm,4996,4996,0
DAX,fz0_0p05,chronos,autoarima,4996,4996,0
DAX,fz0_0p05,chronos,autoets,4996,4996,0
DAX,fz0_0p05,chronos,chronos,4996,4996,0
DAX,fz0_0p05,chronos,ewma,4996,4996,0
DAX,fz0_0p05,chronos,garch11,4996,4996,0
DAX,fz0_0p05,chronos,garch11_t,4996,4996,0
DAX,fz0_0p05,chronos,gjr,4996,4996,0
DAX,fz0_0p05,chronos,har,4996,4996,0
DAX,fz0_0p05,chronos,lgbm,4996,4996,0
DAX,fz0_0p05,chronos,moirai,4996,4996,0
DAX,fz0_0p05,chronos,naive,4996,4996,0
DAX,fz0_0p05,chronos,patchtst,4996,4996,0
DAX,fz0_0p05,chronos,timesfm,4996,4996,0
DAX,fz0_0p05,ewma,autoarima,4996,4996,0
DAX,fz0_0p05,ewma,autoets,4996,4996,0
DAX,fz0_0p05,ewma,chronos,4996,4996,0
DAX,fz0_0p05,ewma,ewma,4996,4996,0
DAX,fz0_0p05,ewma,garch11,4996,4996,0
DAX,fz0_0p05,ewma,garch11_t,4996,4996,0
DAX,fz0_0p05,ewma,gjr,4996,4996,0
DAX,fz0_0p05,ewma,har,4996,4996,0
DAX,fz0_0p05,ewma,lgbm,4996,4996,0
DAX,fz0_0p05,ewma,moirai,4996,4996,0
DAX,fz0_0p05,ewma,naive,4996,4996,0
DAX,fz0_0p05,ewma,patchtst,4996,4996,0
DAX,fz0_0p05,ewma,timesfm,4996,4996,0
DAX,fz0_0p05,garch11,autoarima,4996,4996,0
DAX,fz0_0p05,garch11,autoets,4996,4996,0
DAX,fz0_0p05,garch11,chronos,4996,4996,0
DAX,fz0_0p05,garch11,ewma,4996,4996,0
DAX,fz0_0p05,garch11,garch11,4996,4996,0
DAX,fz0_0p05,garch11,garch11_t,4996,4996,0
DAX,fz0_0p05,garch11,gjr,4996,4996,0
DAX,fz0_0p05,garch11,har,4996,4996,0
DAX,fz0_0p05,garch11,lgbm,4996,4996,0
DAX,fz0_0p05,garch11,moirai,4996,4996,0
DAX,fz0_0p05,garch11,naive,4996,4996,0
DAX,fz0_0p05,garch11,patchtst,4996,4996,0
DAX,fz0_0p05,garch11,timesfm,4996,4996,0
DAX,fz0_0p05,garch11_t,autoarima,4996,4996,0
DAX,fz0_0p05,garch11_t,autoets,4996,4996,0
DAX,fz0_0p05,garch11_t,chronos,4996,4996,0
DAX,fz0_0p05,garch11_t,ewma,4996,4996,0
DAX,fz0_0p05,garch11_t,garch11,4996,4996,0
DAX,fz0_0p05,garch11_t,garch11_t,4996,4996,0
DAX,fz0_0p05,garch11_t,gjr,4996,4996,0
DAX,fz0_0p05,garch11_t,har,4996,4996,0
DAX,fz0_0p05,garch11_t,lgbm,4996,4996,0
DAX,fz0_0p05,garch11_t,moirai,4996,4996,0
DAX,fz0_0p05,garch11_t,naive,4996,4996,0
DAX,fz0_0p05,garch11_t,patchtst,4996,4996,0
DAX,fz0_0p05,garch11_t,timesfm,4996,4996,0
DAX,fz0_0p05,gjr,autoarima,4996,4996,0
DAX,fz0_0p05,gjr,autoets,4996,4996,0
DAX,fz0_0p05,gjr,chronos,4996,4996,0
DAX,fz0_0p05,gjr,ewma,4996,4996,0
DAX,fz0_0p05,gjr,garch11,4996,4996,0
DAX,fz0_0p05,gjr,garch11_t,4996,4996,0
DAX,fz0_0p05,gjr,gjr,4996,4996,0
DAX,fz0_0p05,gjr,har,4996,4996,0
DAX,fz0_0p05,gjr,lgbm,4996,4996,0
DAX,fz0_0p05,gjr,moirai,4996,4996,0
DAX,fz0_0p05,gjr,naive,4996,4996,0
DAX,fz0_0p05,gjr,patchtst,4996,4996,0
DAX,fz0_0p05,gjr,timesfm,4996,4996,0
DAX,fz0_0p05,har,autoarima,4996,4996,0
DAX,fz0_0p05,har,autoets,4996,4996,0
DAX,fz0_0p05,har,chronos,4996,4996,0
DAX,fz0_0p05,har,ewma,4996,4996,0
DAX,fz0_0p05,har,garch11,4996,4996,0
DAX,fz0_0p05,har,garch11_t,4996,4996,0
DAX,fz0_0p05,har,gjr,4996,4996,0
DAX,fz0_0p05,har,har,4996,4996,0
DAX,fz0_0p05,har,lgbm,4996,4996,0
DAX,fz0_0p05,har,moirai,4996,4996,0
DAX,fz0_0p05,har,naive,4996,4996,0
DAX,fz0_0p05,har,patchtst,4996,4996,0
DAX,fz0_0p05,har,timesfm,4996,4996,0
DAX,fz0_0p05,lgbm,autoarima,4996,4996,0
DAX,fz0_0p05,lgbm,autoets,4996,4996,0
DAX,fz0_0p05,lgbm,chronos,4996,4996,0
DAX,fz0_0p05,lgbm,ewma,4996,4996,0
DAX,fz0_0p05,lgbm,garch11,4996,4996,0
DAX,fz0_0p05,lgbm,garch11_t,4996,4996,0
DAX,fz0_0p05,lgbm,gjr,4996,4996,0
DAX,fz0_0p05,lgbm,har,4996,4996,0
DAX,fz0_0p05,lgbm,lgbm,4996,4996,0
DAX,fz0_0p05,lgbm,moirai,4996,4996,0
DAX,fz0_0p05,lgbm,naive,4996,4996,0
DAX,fz0_0p05,lgbm,patchtst,4996,4996,0
DAX,fz0_0p05,lgbm,timesfm,4996,4996,0
DAX,fz0_0p05,moirai,autoarima,4996,4996,0
DAX,fz0_0p05,moirai,autoets,4996,4996,0
DAX,fz0_0p05,moirai,chronos,4996,4996,0
DAX,fz0_0p05,moirai,ewma,4996,4996,0
DAX,fz0_0p05,moirai,garch11,4996,4996,0
DAX,fz0_0p05,moirai,garch11_t,4996,4996,0
DAX,fz0_0p05,moirai,gjr,4996,4996,0
DAX,fz0_0p05,moirai,har,4996,4996,0
DAX,fz0_0p05,moirai,lgbm,4996,4996,0
DAX,fz0_0p05,moirai,moirai,4996,4996,0
DAX,fz0_0p05,moirai,naive,4996,4996,0
DAX,fz0_0p05,moirai,patchtst,4996,4996,0
DAX,fz0_0p05,moirai,timesfm,4996,4996,0
DAX,fz0_0p05,naive,autoarima,4996,4996,0
DAX,fz0_0p05,naive,autoets,4996,4996,0
DAX,fz0_0p05,naive,chronos,4996,4996,0
DAX,fz0_0p05,naive,ewma,4996,4996,0
DAX,fz0_0p05,naive,garch11,4996,4996,0
DAX,fz0_0p05,naive,garch11_t,4996,4996,0
DAX,fz0_0p05,naive,gjr,4996,4996,0
DAX,fz0_0p05,naive,har,4996,4996,0
DAX,fz0_0p05,naive,lgbm,4996,4996,0
DAX,fz0_0p05,naive,moirai,4996,4996,0
DAX,fz0_0p05,naive,naive,4996,4996,0
DAX,fz0_0p05,naive,patchtst,4996,4996,0
DAX,fz0_0p05,naive,timesfm,4996,4996,0
DAX,fz0_0p05,patchtst,autoarima,4996,4996,0
DAX,fz0_0p05,patchtst,autoets,4996,4996,0
DAX,fz0_0p05,patchtst,chronos,4996,4996,0
DAX,fz0_0p05,patchtst,ewma,4996,4996,0
DAX,fz0_0p05,patchtst,garch11,4996,4996,0
DAX,fz0_0p05,patchtst,garch11_t,4996,4996,0
DAX,fz0_0p05,patchtst,gjr,4996,4996,0
DAX,fz0_0p05,patchtst,har,4996,4996,0
DAX,fz0_0p05,patchtst,lgbm,4996,4996,0
DAX,fz0_0p05,patchtst,moirai,4996,4996,0
DAX,fz0_0p05,patchtst,naive,4996,4996,0
DAX,fz0_0p05,patchtst,patchtst,4996,4996,0
DAX,fz0_0p05,patchtst,timesfm,4996,4996,0
DAX,fz0_0p05,timesfm,autoarima,4996,4996,0
DAX,fz0_0p05,timesfm,autoets,4996,4996,0
DAX,fz0_0p05,timesfm,chronos,4996,4996,0
DAX,fz0_0p05,timesfm,ewma,4996,4996,0
DAX,fz0_0p05,timesfm,garch11,4996,4996,0
DAX,fz0_0p05,timesfm,garch11_t,4996,4996,0
DAX,fz0_0p05,timesfm,gjr,4996,4996,0
DAX,fz0_0p05,timesfm,har,4996,4996,0
DAX,fz0_0p05,timesfm,lgbm,4996,4996,0
DAX,fz0_0p05,timesfm,moirai,4996,4996,0
DAX,fz0_0p05,timesfm,naive,4996,4996,0
DAX,fz0_0p05,timesfm,patchtst,4996,4996,0
DAX,fz0_0p05,timesfm,timesfm,4996,4996,0
DAX,fz0_avg,autoarima,autoarima,4996,4996,0
DAX,fz0_avg,autoarima,autoets,4996,4996,0
DAX,fz0_avg,autoarima,chronos,4996,4996,0
DAX,fz0_avg,autoarima,ewma,4996,4996,0
DAX,fz0_avg,autoarima,garch11,4996,4996,0
DAX,fz0_avg,autoarima,garch11_t,4996,4996,0
DAX,fz0_avg,autoarima,gjr,4996,4996,0
DAX,fz0_avg,autoarima,har,4996,4996,0
DAX,fz0_avg,autoarima,lgbm,4996,4996,0
DAX,fz0_avg,autoarima,moirai,4996,4996,0
DAX,fz0_avg,autoarima,naive,4996,4996,0
DAX,fz0_avg,autoarima,patchtst,4996,4996,0
DAX,fz0_avg,autoarima,timesfm,4996,4996,0
DAX,fz0_avg,autoets,autoarima,4996,4996,0
DAX,fz0_avg,autoets,autoets,4996,4996,0
DAX,fz0_avg,autoets,chronos,4996,4996,0
DAX,fz0_avg,autoets,ewma,4996,4996,0
DAX,fz0_avg,autoets,garch11,4996,4996,0
DAX,fz0_avg,autoets,garch11_t,4996,4996,0
DAX,fz0_avg,autoets,gjr,4996,4996,0
DAX,fz0_avg,autoets,har,4996,4996,0
DAX,fz0_avg,autoets,lgbm,4996,4996,0
DAX,fz0_avg,autoets,moirai,4996,4996,0
DAX,fz0_avg,autoets,naive,4996,4996,0
DAX,fz0_avg,autoets,patchtst,4996,4996,0
DAX,fz0_avg,autoets,timesfm,4996,4996,0
DAX,fz0_avg,chronos,autoarima,4996,4996,0
DAX,fz0_avg,chronos,autoets,4996,4996,0
DAX,fz0_avg,chronos,chronos,4996,4996,0
DAX,fz0_avg,chronos,ewma,4996,4996,0
DAX,fz0_avg,chronos,garch11,4996,4996,0
DAX,fz0_avg,chronos,garch11_t,4996,4996,0
DAX,fz0_avg,chronos,gjr,4996,4996,0
DAX,fz0_avg,chronos,har,4996,4996,0
DAX,fz0_avg,chronos,lgbm,4996,4996,0
DAX,fz0_avg,chronos,moirai,4996,4996,0
DAX,fz0_avg,chronos,naive,4996,4996,0
DAX,fz0_avg,chronos,patchtst,4996,4996,0
DAX,fz0_avg,chronos,timesfm,4996,4996,0
DAX,fz0_avg,ewma,autoarima,4996,4996,0
DAX,fz0_avg,ewma,autoets,4996,4996,0
DAX,fz0_avg,ewma,chronos,4996,4996,0
DAX,fz0_avg,ewma,ewma,4996,4996,0
DAX,fz0_avg,ewma,garch11,4996,4996,0
DAX,fz0_avg,ewma,garch11_t,4996,4996,0
DAX,fz0_avg,ewma,gjr,4996,4996,0
DAX,fz0_avg,ewma,har,4996,4996,0
DAX,fz0_avg,ewma,lgbm,4996,4996,0
DAX,fz0_avg,ewma,moirai,4996,4996,0
DAX,fz0_avg,ewma,naive,4996,4996,0
DAX,fz0_avg,ewma,patchtst,4996,4996,0
DAX,fz0_avg,ewma,timesfm,4996,4996,0
DAX,fz0_avg,garch11,autoarima,4996,4996,0
DAX,fz0_avg,garch11,autoets,4996,4996,0
DAX,fz0_avg,garch11,chronos,4996,4996,0
DAX,fz0_avg,garch11,ewma,4996,4996,0
DAX,fz0_avg,garch11,garch11,4996,4996,0
DAX,fz0_avg,garch11,garch11_t,4996,4996,0
DAX,fz0_avg,garch11,gjr,4996,4996,0
DAX,fz0_avg,garch11,har,4996,4996,0
DAX,fz0_avg,garch11,lgbm,4996,4996,0
DAX,fz0_avg,garch11,moirai,4996,4996,0
DAX,fz0_avg,garch11,naive,4996,4996,0
DAX,fz0_avg,garch11,patchtst,4996,4996,0
DAX,fz0_avg,garch11,timesfm,4996,4996,0
DAX,fz0_avg,garch11_t,autoarima,4996,4996,0
DAX,fz0_avg,garch11_t,autoets,4996,4996,0
DAX,fz0_avg,garch11_t,chronos,4996,4996,0
DAX,fz0_avg,garch11_t,ewma,4996,4996,0
DAX,fz0_avg,garch11_t,garch11,4996,4996,0
DAX,fz0_avg,garch11_t,garch11_t,4996,4996,0
DAX,fz0_avg,garch11_t,gjr,4996,4996,0
DAX,fz0_avg,garch11_t,har,4996,4996,0
DAX,fz0_avg,garch11_t,lgbm,4996,4996,0
DAX,fz0_avg,garch11_t,moirai,4996,4996,0
DAX,fz0_avg,garch11_t,naive,4996,4996,0
DAX,fz0_avg,garch11_t,patchtst,4996,4996,0
DAX,fz0_avg,garch11_t,timesfm,4996,4996,0
DAX,fz0_avg,gjr,autoarima,4996,4996,0
DAX,fz0_avg,gjr,autoets,4996,4996,0
DAX,fz0_avg,gjr,chronos,4996,4996,0
DAX,fz0_avg,gjr,ewma,4996,4996,0
DAX,fz0_avg,gjr,garch11,4996,4996,0
DAX,fz0_avg,gjr,garch11_t,4996,4996,0
DAX,fz0_avg,gjr,gjr,4996,4996,0
DAX,fz0_avg,gjr,har,4996,4996,0
DAX,fz0_avg,gjr,lgbm,4996,4996,0
DAX,fz0_avg,gjr,moirai,4996,4996,0
DAX,fz0_avg,gjr,naive,4996,4996,0
DAX,fz0_avg,gjr,patchtst,4996,4996,0
DAX,fz0_avg,gjr,timesfm,4996,4996,0
DAX,fz0_avg,har,autoarima,4996,4996,0
DAX,fz0_avg,har,autoets,4996,4996,0
DAX,fz0_avg,har,chronos,4996,4996,0
DAX,fz0_avg,har,ewma,4996,4996,0
DAX,fz0_avg,har,garch11,4996,4996,0
DAX,fz0_avg,har,garch11_t,4996,4996,0
DAX,fz0_avg,har,gjr,4996,4996,0
DAX,fz0_avg,har,har,4996,4996,0
DAX,fz0_avg,har,lgbm,4996,4996,0
DAX,fz0_avg,har,moirai,4996,4996,0
DAX,fz0_avg,har,naive,4996,4996,0
DAX,fz0_avg,har,patchtst,4996,4996,0
DAX,fz0_avg,har,timesfm,4996,4996,0
DAX,fz0_avg,lgbm,autoarima,4996,4996,0
DAX,fz0_avg,lgbm,autoets,4996,4996,0
DAX,fz0_avg,lgbm,chronos,4996,4996,0
DAX,fz0_avg,lgbm,ewma,4996,4996,0
DAX,fz0_avg,lgbm,garch11,4996,4996,0
DAX,fz0_avg,lgbm,garch11_t,4996,4996,0
DAX,fz0_avg,lgbm,gjr,4996,4996,0
DAX,fz0_avg,lgbm,har,4996,4996,0
DAX,fz0_avg,lgbm,lgbm,4996,4996,0
DAX,fz0_avg,lgbm,moirai,4996,4996,0
DAX,fz0_avg,lgbm,naive,4996,4996,0
DAX,fz0_avg,lgbm,patchtst,4996,4996,0
DAX,fz0_avg,lgbm,timesfm,4996,4996,0
DAX,fz0_avg,moirai,autoarima,4996,4996,0
DAX,fz0_avg,moirai,autoets,4996,4996,0
DAX,fz0_avg,moirai,chronos,4996,4996,0
DAX,fz0_avg,moirai,ewma,4996,4996,0
DAX,fz0_avg,moirai,garch11,4996,4996,0
DAX,fz0_avg,moirai,garch11_t,4996,4996,0
DAX,fz0_avg,moirai,gjr,4996,4996,0
DAX,fz0_avg,moirai,har,4996,4996,0
DAX,fz0_avg,moirai,lgbm,4996,4996,0
DAX,fz0_avg,moirai,moirai,4996,4996,0
DAX,fz0_avg,moirai,naive,4996,4996,0
DAX,fz0_avg,moirai,patchtst,4996,4996,0
DAX,fz0_avg,moirai,timesfm,4996,4996,0
DAX,fz0_avg,naive,autoarima,4996,4996,0
DAX,fz0_avg,naive,autoets,4996,4996,0
DAX,fz0_avg,naive,chronos,4996,4996,0
DAX,fz0_avg,naive,ewma,4996,4996,0
DAX,fz0_avg,naive,garch11,4996,4996,0
DAX,fz0_avg,naive,garch11_t,4996,4996,0
DAX,fz0_avg,naive,gjr,4996,4996,0
DAX,fz0_avg,naive,har,4996,4996,0
DAX,fz0_avg,naive,lgbm,4996,4996,0
DAX,fz0_avg,naive,moirai,4996,4996,0
DAX,fz0_avg,naive,naive,4996,4996,0
DAX,fz0_avg,naive,patchtst,4996,4996,0
DAX,fz0_avg,naive,timesfm,4996,4996,0
DAX,fz0_avg,patchtst,autoarima,4996,4996,0
DAX,fz0_avg,patchtst,autoets,4996,4996,0
DAX,fz0_avg,patchtst,chronos,4996,4996,0
DAX,fz0_avg,patchtst,ewma,4996,4996,0
DAX,fz0_avg,patchtst,garch11,4996,4996,0
DAX,fz0_avg,patchtst,garch11_t,4996,4996,0
DAX,fz0_avg,patchtst,gjr,4996,4996,0
DAX,fz0_avg,patchtst,har,4996,4996,0
DAX,fz0_avg,patchtst,lgbm,4996,4996,0
DAX,fz0_avg,patchtst,moirai,4996,4996,0
DAX,fz0_avg,patchtst,naive,4996,4996,0
DAX,fz0_avg,patchtst,patchtst,4996,4996,0
DAX,fz0_avg,patchtst,timesfm,4996,4996,0
DAX,fz0_avg,timesfm,autoarima,4996,4996,0
DAX,fz0_avg,timesfm,autoets,4996,4996,0
DAX,fz0_avg,timesfm,chronos,4996,4996,0
DAX,fz0_avg,timesfm,ewma,4996,4996,0
DAX,fz0_avg,timesfm,garch11,4996,4996,0
DAX,fz0_avg,timesfm,garch11_t,4996,4996,0
DAX,fz0_avg,timesfm,gjr,4996,4996,0
DAX,fz0_avg,timesfm,har,4996,4996,0
DAX,fz0_avg,timesfm,lgbm,4996,4996,0
DAX,fz0_avg,timesfm,moirai,4996,4996,0
DAX,fz0_avg,timesfm,naive,4996,4996,0
DAX,fz0_avg,timesfm,patchtst,4996,4996,0
DAX,fz0_avg,timesfm,timesfm,4996,4996,0
DIA,crps,autoarima,autoarima,4904,4904,0
DIA,crps,autoarima,autoets,4904,4904,0
DIA,crps,autoarima,chronos,4904,4904,0
DIA,crps,autoarima,ewma,4904,4904,0
DIA,crps,autoarima,garch11,4904,4904,0
DIA,crps,autoarima,garch11_t,4904,4904,0
DIA,crps,autoarima,gjr,4904,4904,0
DIA,crps,autoarima,har,4904,4904,0
DIA,crps,autoarima,lgbm,4904,4904,0
DIA,crps,autoarima,moirai,4904,4904,0
DIA,crps,autoarima,naive,4904,4904,0
DIA,crps,autoarima,patchtst,4904,4904,0
DIA,crps,autoarima,timesfm,4904,4904,0
DIA,crps,autoets,autoarima,4904,4904,0
DIA,crps,autoets,autoets,4904,4904,0
DIA,crps,autoets,chronos,4904,4904,0
DIA,crps,autoets,ewma,4904,4904,0
DIA,crps,autoets,garch11,4904,4904,0
DIA,crps,autoets,garch11_t,4904,4904,0
DIA,crps,autoets,gjr,4904,4904,0
DIA,crps,autoets,har,4904,4904,0
DIA,crps,autoets,lgbm,4904,4904,0
DIA,crps,autoets,moirai,4904,4904,0
DIA,crps,autoets,naive,4904,4904,0
DIA,crps,autoets,patchtst,4904,4904,0
DIA,crps,autoets,timesfm,4904,4904,0
DIA,crps,chronos,autoarima,4904,4904,0
DIA,crps,chronos,autoets,4904,4904,0
DIA,crps,chronos,chronos,4904,4904,0
DIA,crps,chronos,ewma,4904,4904,0
DIA,crps,chronos,garch11,4904,4904,0
DIA,crps,chronos,garch11_t,4904,4904,0
DIA,crps,chronos,gjr,4904,4904,0
DIA,crps,chronos,har,4904,4904,0
DIA,crps,chronos,lgbm,4904,4904,0
DIA,crps,chronos,moirai,4904,4904,0
DIA,crps,chronos,naive,4904,4904,0
DIA,crps,chronos,patchtst,4904,4904,0
DIA,crps,chronos,timesfm,4904,4904,0
DIA,crps,ewma,autoarima,4904,4904,0
DIA,crps,ewma,autoets,4904,4904,0
DIA,crps,ewma,chronos,4904,4904,0
DIA,crps,ewma,ewma,4904,4904,0
DIA,crps,ewma,garch11,4904,4904,0
DIA,crps,ewma,garch11_t,4904,4904,0
DIA,crps,ewma,gjr,4904,4904,0
DIA,crps,ewma,har,4904,4904,0
DIA,crps,ewma,lgbm,4904,4904,0
DIA,crps,ewma,moirai,4904,4904,0
DIA,crps,ewma,naive,4904,4904,0
DIA,crps,ewma,patchtst,4904,4904,0
DIA,crps,ewma,timesfm,4904,4904,0
DIA,crps,garch11,autoarima,4904,4904,0
DIA,crps,garch11,autoets,4904,4904,0
DIA,crps,garch11,chronos,4904,4904,0
DIA,crps,garch11,ewma,4904,4904,0
DIA,crps,garch11,garch11,4904,4904,0
DIA,crps,garch11,garch11_t,4904,4904,0
DIA,crps,garch11,gjr,4904,4904,0
DIA,crps,garch11,har,4904,4904,0
DIA,crps,garch11,lgbm,4904,4904,0
DIA,crps,garch11,moirai,4904,4904,0
DIA,crps,garch11,naive,4904,4904,0
DIA,crps,garch11,patchtst,4904,4904,0
DIA,crps,garch11,timesfm,4904,4904,0
DIA,crps,garch11_t,autoarima,4904,4904,0
DIA,crps,garch11_t,autoets,4904,4904,0
DIA,crps,garch11_t,chronos,4904,4904,0
DIA,crps,garch11_t,ewma,4904,4904,0
DIA,crps,garch11_t,garch11,4904,4904,0
DIA,crps,garch11_t,garch11_t,4904,4904,0
DIA,crps,garch11_t,gjr,4904,4904,0
DIA,crps,garch11_t,har,4904,4904,0
DIA,crps,garch11_t,lgbm,4904,4904,0
DIA,crps,garch11_t,moirai,4904,4904,0
DIA,crps,garch11_t,naive,4904,4904,0
DIA,crps,garch11_t,patchtst,4904,4904,0
DIA,crps,garch11_t,timesfm,4904,4904,0
DIA,crps,gjr,autoarima,4904,4904,0
DIA,crps,gjr,autoets,4904,4904,0
DIA,crps,gjr,chronos,4904,4904,0
DIA,crps,gjr,ewma,4904,4904,0
DIA,crps,gjr,garch11,4904,4904,0
DIA,crps,gjr,garch11_t,4904,4904,0
DIA,crps,gjr,gjr,4904,4904,0
DIA,crps,gjr,har,4904,4904,0
DIA,crps,gjr,lgbm,4904,4904,0
DIA,crps,gjr,moirai,4904,4904,0
DIA,crps,gjr,naive,4904,4904,0
DIA,crps,gjr,patchtst,4904,4904,0
DIA,crps,gjr,timesfm,4904,4904,0
DIA,crps,har,autoarima,4904,4904,0
DIA,crps,har,autoets,4904,4904,0
DIA,crps,har,chronos,4904,4904,0
DIA,crps,har,ewma,4904,4904,0
DIA,crps,har,garch11,4904,4904,0
DIA,crps,har,garch11_t,4904,4904,0
DIA,crps,har,gjr,4904,4904,0
DIA,crps,har,har,4904,4904,0
DIA,crps,har,lgbm,4904,4904,0
DIA,crps,har,moirai,4904,4904,0
DIA,crps,har,naive,4904,4904,0
DIA,crps,har,patchtst,4904,4904,0
DIA,crps,har,timesfm,4904,4904,0
DIA,crps,lgbm,autoarima,4904,4904,0
DIA,crps,lgbm,autoets,4904,4904,0
DIA,crps,lgbm,chronos,4904,4904,0
DIA,crps,lgbm,ewma,4904,4904,0
DIA,crps,lgbm,garch11,4904,4904,0
DIA,crps,lgbm,garch11_t,4904,4904,0
DIA,crps,lgbm,gjr,4904,4904,0
DIA,crps,lgbm,har,4904,4904,0
DIA,crps,lgbm,lgbm,4904,4904,0
DIA,crps,lgbm,moirai,4904,4904,0
DIA,crps,lgbm,naive,4904,4904,0
DIA,crps,lgbm,patchtst,4904,4904,0
DIA,crps,lgbm,timesfm,4904,4904,0
DIA,crps,moirai,autoarima,4904,4904,0
DIA,crps,moirai,autoets,4904,4904,0
DIA,crps,moirai,chronos,4904,4904,0
DIA,crps,moirai,ewma,4904,4904,0
DIA,crps,moirai,garch11,4904,4904,0
DIA,crps,moirai,garch11_t,4904,4904,0
DIA,crps,moirai,gjr,4904,4904,0
DIA,crps,moirai,har,4904,4904,0
DIA,crps,moirai,lgbm,4904,4904,0
DIA,crps,moirai,moirai,4904,4904,0
DIA,crps,moirai,naive,4904,4904,0
DIA,crps,moirai,patchtst,4904,4904,0
DIA,crps,moirai,timesfm,4904,4904,0
DIA,crps,naive,autoarima,4904,4904,0
DIA,crps,naive,autoets,4904,4904,0
DIA,crps,naive,chronos,4904,4904,0
DIA,crps,naive,ewma,4904,4904,0
DIA,crps,naive,garch11,4904,4904,0
DIA,crps,naive,garch11_t,4904,4904,0
DIA,crps,naive,gjr,4904,4904,0
DIA,crps,naive,har,4904,4904,0
DIA,crps,naive,lgbm,4904,4904,0
DIA,crps,naive,moirai,4904,4904,0
DIA,crps,naive,naive,4904,4904,0
DIA,crps,naive,patchtst,4904,4904,0
DIA,crps,naive,timesfm,4904,4904,0
DIA,crps,patchtst,autoarima,4904,4904,0
DIA,crps,patchtst,autoets,4904,4904,0
DIA,crps,patchtst,chronos,4904,4904,0
DIA,crps,patchtst,ewma,4904,4904,0
DIA,crps,patchtst,garch11,4904,4904,0
DIA,crps,patchtst,garch11_t,4904,4904,0
DIA,crps,patchtst,gjr,4904,4904,0
DIA,crps,patchtst,har,4904,4904,0
DIA,crps,patchtst,lgbm,4904,4904,0
DIA,crps,patchtst,moirai,4904,4904,0
DIA,crps,patchtst,naive,4904,4904,0
DIA,crps,patchtst,patchtst,4904,4904,0
DIA,crps,patchtst,timesfm,4904,4904,0
DIA,crps,timesfm,autoarima,4904,4904,0
DIA,crps,timesfm,autoets,4904,4904,0
DIA,crps,timesfm,chronos,4904,4904,0
DIA,crps,timesfm,ewma,4904,4904,0
DIA,crps,timesfm,garch11,4904,4904,0
DIA,crps,timesfm,garch11_t,4904,4904,0
DIA,crps,timesfm,gjr,4904,4904,0
DIA,crps,timesfm,har,4904,4904,0
DIA,crps,timesfm,lgbm,4904,4904,0
DIA,crps,timesfm,moirai,4904,4904,0
DIA,crps,timesfm,naive,4904,4904,0
DIA,crps,timesfm,patchtst,4904,4904,0
DIA,crps,timesfm,timesfm,4904,4904,0
DIA,log_score,autoarima,autoarima,4904,4904,0
DIA,log_score,autoarima,autoets,4904,4904,0
DIA,log_score,autoarima,chronos,4904,4904,0
DIA,log_score,autoarima,ewma,4904,4904,0
DIA,log_score,autoarima,garch11,4904,4904,0
DIA,log_score,autoarima,garch11_t,4904,4904,0
DIA,log_score,autoarima,gjr,4904,4904,0
DIA,log_score,autoarima,har,4904,4904,0
DIA,log_score,autoarima,lgbm,4904,4904,0
DIA,log_score,autoarima,moirai,4904,4904,0
DIA,log_score,autoarima,naive,4904,4904,0
DIA,log_score,autoarima,patchtst,4904,4904,0
DIA,log_score,autoarima,timesfm,4904,4904,0
DIA,log_score,autoets,autoarima,4904,4904,0
DIA,log_score,autoets,autoets,4904,4904,0
DIA,log_score,autoets,chronos,4904,4904,0
DIA,log_score,autoets,ewma,4904,4904,0
DIA,log_score,autoets,garch11,4904,4904,0
DIA,log_score,autoets,garch11_t,4904,4904,0
DIA,log_score,autoets,gjr,4904,4904,0
DIA,log_score,autoets,har,4904,4904,0
DIA,log_score,autoets,lgbm,4904,4904,0
DIA,log_score,autoets,moirai,4904,4904,0
DIA,log_score,autoets,naive,4904,4904,0
DIA,log_score,autoets,patchtst,4904,4904,0
DIA,log_score,autoets,timesfm,4904,4904,0
DIA,log_score,chronos,autoarima,4904,4904,0
DIA,log_score,chronos,autoets,4904,4904,0
DIA,log_score,chronos,chronos,4904,4904,0
DIA,log_score,chronos,ewma,4904,4904,0
DIA,log_score,chronos,garch11,4904,4904,0
DIA,log_score,chronos,garch11_t,4904,4904,0
DIA,log_score,chronos,gjr,4904,4904,0
DIA,log_score,chronos,har,4904,4904,0
DIA,log_score,chronos,lgbm,4904,4904,0
DIA,log_score,chronos,moirai,4904,4904,0
DIA,log_score,chronos,naive,4904,4904,0
DIA,log_score,chronos,patchtst,4904,4904,0
DIA,log_score,chronos,timesfm,4904,4904,0
DIA,log_score,ewma,autoarima,4904,4904,0
DIA,log_score,ewma,autoets,4904,4904,0
DIA,log_score,ewma,chronos,4904,4904,0
DIA,log_score,ewma,ewma,4904,4904,0
DIA,log_score,ewma,garch11,4904,4904,0
DIA,log_score,ewma,garch11_t,4904,4904,0
DIA,log_score,ewma,gjr,4904,4904,0
DIA,log_score,ewma,har,4904,4904,0
DIA,log_score,ewma,lgbm,4904,4904,0
DIA,log_score,ewma,moirai,4904,4904,0
DIA,log_score,ewma,naive,4904,4904,0
DIA,log_score,ewma,patchtst,4904,4904,0
DIA,log_score,ewma,timesfm,4904,4904,0
DIA,log_score,garch11,autoarima,4904,4904,0
DIA,log_score,garch11,autoets,4904,4904,0
DIA,log_score,garch11,chronos,4904,4904,0
DIA,log_score,garch11,ewma,4904,4904,0
DIA,log_score,garch11,garch11,4904,4904,0
DIA,log_score,garch11,garch11_t,4904,4904,0
DIA,log_score,garch11,gjr,4904,4904,0
DIA,log_score,garch11,har,4904,4904,0
DIA,log_score,garch11,lgbm,4904,4904,0
DIA,log_score,garch11,moirai,4904,4904,0
DIA,log_score,garch11,naive,4904,4904,0
DIA,log_score,garch11,patchtst,4904,4904,0
DIA,log_score,garch11,timesfm,4904,4904,0
DIA,log_score,garch11_t,autoarima,4904,4904,0
DIA,log_score,garch11_t,autoets,4904,4904,0
DIA,log_score,garch11_t,chronos,4904,4904,0
DIA,log_score,garch11_t,ewma,4904,4904,0
DIA,log_score,garch11_t,garch11,4904,4904,0
DIA,log_score,garch11_t,garch11_t,4904,4904,0
DIA,log_score,garch11_t,gjr,4904,4904,0
DIA,log_score,garch11_t,har,4904,4904,0
DIA,log_score,garch11_t,lgbm,4904,4904,0
DIA,log_score,garch11_t,moirai,4904,4904,0
DIA,log_score,garch11_t,naive,4904,4904,0
DIA,log_score,garch11_t,patchtst,4904,4904,0
DIA,log_score,garch11_t,timesfm,4904,4904,0
DIA,log_score,gjr,autoarima,4904,4904,0
DIA,log_score,gjr,autoets,4904,4904,0
DIA,log_score,gjr,chronos,4904,4904,0
DIA,log_score,gjr,ewma,4904,4904,0
DIA,log_score,gjr,garch11,4904,4904,0
DIA,log_score,gjr,garch11_t,4904,4904,0
DIA,log_score,gjr,gjr,4904,4904,0
DIA,log_score,gjr,har,4904,4904,0
DIA,log_score,gjr,lgbm,4904,4904,0
DIA,log_score,gjr,moirai,4904,4904,0
DIA,log_score,gjr,naive,4904,4904,0
DIA,log_score,gjr,patchtst,4904,4904,0
DIA,log_score,gjr,timesfm,4904,4904,0
DIA,log_score,har,autoarima,4904,4904,0
DIA,log_score,har,autoets,4904,4904,0
DIA,log_score,har,chronos,4904,4904,0
DIA,log_score,har,ewma,4904,4904,0
DIA,log_score,har,garch11,4904,4904,0
DIA,log_score,har,garch11_t,4904,4904,0
DIA,log_score,har,gjr,4904,4904,0
DIA,log_score,har,har,4904,4904,0
DIA,log_score,har,lgbm,4904,4904,0
DIA,log_score,har,moirai,4904,4904,0
DIA,log_score,har,naive,4904,4904,0
DIA,log_score,har,patchtst,4904,4904,0
DIA,log_score,har,timesfm,4904,4904,0
DIA,log_score,lgbm,autoarima,4904,4904,0
DIA,log_score,lgbm,autoets,4904,4904,0
DIA,log_score,lgbm,chronos,4904,4904,0
DIA,log_score,lgbm,ewma,4904,4904,0
DIA,log_score,lgbm,garch11,4904,4904,0
DIA,log_score,lgbm,garch11_t,4904,4904,0
DIA,log_score,lgbm,gjr,4904,4904,0
DIA,log_score,lgbm,har,4904,4904,0
DIA,log_score,lgbm,lgbm,4904,4904,0
DIA,log_score,lgbm,moirai,4904,4904,0
DIA,log_score,lgbm,naive,4904,4904,0
DIA,log_score,lgbm,patchtst,4904,4904,0
DIA,log_score,lgbm,timesfm,4904,4904,0
DIA,log_score,moirai,autoarima,4904,4904,0
DIA,log_score,moirai,autoets,4904,4904,0
DIA,log_score,moirai,chronos,4904,4904,0
DIA,log_score,moirai,ewma,4904,4904,0
DIA,log_score,moirai,garch11,4904,4904,0
DIA,log_score,moirai,garch11_t,4904,4904,0
DIA,log_score,moirai,gjr,4904,4904,0
DIA,log_score,moirai,har,4904,4904,0
DIA,log_score,moirai,lgbm,4904,4904,0
DIA,log_score,moirai,moirai,4904,4904,0
DIA,log_score,moirai,naive,4904,4904,0
DIA,log_score,moirai,patchtst,4904,4904,0
DIA,log_score,moirai,timesfm,4904,4904,0
DIA,log_score,naive,autoarima,4904,4904,0
DIA,log_score,naive,autoets,4904,4904,0
DIA,log_score,naive,chronos,4904,4904,0
DIA,log_score,naive,ewma,4904,4904,0
DIA,log_score,naive,garch11,4904,4904,0
DIA,log_score,naive,garch11_t,4904,4904,0
DIA,log_score,naive,gjr,4904,4904,0
DIA,log_score,naive,har,4904,4904,0
DIA,log_score,naive,lgbm,4904,4904,0
DIA,log_score,naive,moirai,4904,4904,0
DIA,log_score,naive,naive,4904,4904,0
DIA,log_score,naive,patchtst,4904,4904,0
DIA,log_score,naive,timesfm,4904,4904,0
DIA,log_score,patchtst,autoarima,4904,4904,0
DIA,log_score,patchtst,autoets,4904,4904,0
DIA,log_score,patchtst,chronos,4904,4904,0
DIA,log_score,patchtst,ewma,4904,4904,0
DIA,log_score,patchtst,garch11,4904,4904,0
DIA,log_score,patchtst,garch11_t,4904,4904,0
DIA,log_score,patchtst,gjr,4904,4904,0
DIA,log_score,patchtst,har,4904,4904,0
DIA,log_score,patchtst,lgbm,4904,4904,0
DIA,log_score,patchtst,moirai,4904,4904,0
DIA,log_score,patchtst,naive,4904,4904,0
DIA,log_score,patchtst,patchtst,4904,4904,0
DIA,log_score,patchtst,timesfm,4904,4904,0
DIA,log_score,timesfm,autoarima,4904,4904,0
DIA,log_score,timesfm,autoets,4904,4904,0
DIA,log_score,timesfm,chronos,4904,4904,0
DIA,log_score,timesfm,ewma,4904,4904,0
DIA,log_score,timesfm,garch11,4904,4904,0
DIA,log_score,timesfm,garch11_t,4904,4904,0
DIA,log_score,timesfm,gjr,4904,4904,0
DIA,log_score,timesfm,har,4904,4904,0
DIA,log_score,timesfm,lgbm,4904,4904,0
DIA,log_score,timesfm,moirai,4904,4904,0
DIA,log_score,timesfm,naive,4904,4904,0
DIA,log_score,timesfm,patchtst,4904,4904,0
DIA,log_score,timesfm,timesfm,4904,4904,0
DIA,pinball_0p01,autoarima,autoarima,4904,4904,0
DIA,pinball_0p01,autoarima,autoets,4904,4904,0
DIA,pinball_0p01,autoarima,chronos,4904,4904,0
DIA,pinball_0p01,autoarima,ewma,4904,4904,0
DIA,pinball_0p01,autoarima,garch11,4904,4904,0
DIA,pinball_0p01,autoarima,garch11_t,4904,4904,0
DIA,pinball_0p01,autoarima,gjr,4904,4904,0
DIA,pinball_0p01,autoarima,har,4904,4904,0
DIA,pinball_0p01,autoarima,lgbm,4904,4904,0
DIA,pinball_0p01,autoarima,moirai,4904,4904,0
DIA,pinball_0p01,autoarima,naive,4904,4904,0
DIA,pinball_0p01,autoarima,patchtst,4904,4904,0
DIA,pinball_0p01,autoarima,timesfm,4904,4904,0
DIA,pinball_0p01,autoets,autoarima,4904,4904,0
DIA,pinball_0p01,autoets,autoets,4904,4904,0
DIA,pinball_0p01,autoets,chronos,4904,4904,0
DIA,pinball_0p01,autoets,ewma,4904,4904,0
DIA,pinball_0p01,autoets,garch11,4904,4904,0
DIA,pinball_0p01,autoets,garch11_t,4904,4904,0
DIA,pinball_0p01,autoets,gjr,4904,4904,0
DIA,pinball_0p01,autoets,har,4904,4904,0
DIA,pinball_0p01,autoets,lgbm,4904,4904,0
DIA,pinball_0p01,autoets,moirai,4904,4904,0
DIA,pinball_0p01,autoets,naive,4904,4904,0
DIA,pinball_0p01,autoets,patchtst,4904,4904,0
DIA,pinball_0p01,autoets,timesfm,4904,4904,0
DIA,pinball_0p01,chronos,autoarima,4904,4904,0
DIA,pinball_0p01,chronos,autoets,4904,4904,0
DIA,pinball_0p01,chronos,chronos,4904,4904,0
DIA,pinball_0p01,chronos,ewma,4904,4904,0
DIA,pinball_0p01,chronos,garch11,4904,4904,0
DIA,pinball_0p01,chronos,garch11_t,4904,4904,0
DIA,pinball_0p01,chronos,gjr,4904,4904,0
DIA,pinball_0p01,chronos,har,4904,4904,0
DIA,pinball_0p01,chronos,lgbm,4904,4904,0
DIA,pinball_0p01,chronos,moirai,4904,4904,0
DIA,pinball_0p01,chronos,naive,4904,4904,0
DIA,pinball_0p01,chronos,patchtst,4904,4904,0
DIA,pinball_0p01,chronos,timesfm,4904,4904,0
DIA,pinball_0p01,ewma,autoarima,4904,4904,0
DIA,pinball_0p01,ewma,autoets,4904,4904,0
DIA,pinball_0p01,ewma,chronos,4904,4904,0
DIA,pinball_0p01,ewma,ewma,4904,4904,0
DIA,pinball_0p01,ewma,garch11,4904,4904,0
DIA,pinball_0p01,ewma,garch11_t,4904,4904,0
DIA,pinball_0p01,ewma,gjr,4904,4904,0
DIA,pinball_0p01,ewma,har,4904,4904,0
DIA,pinball_0p01,ewma,lgbm,4904,4904,0
DIA,pinball_0p01,ewma,moirai,4904,4904,0
DIA,pinball_0p01,ewma,naive,4904,4904,0
DIA,pinball_0p01,ewma,patchtst,4904,4904,0
DIA,pinball_0p01,ewma,timesfm,4904,4904,0
DIA,pinball_0p01,garch11,autoarima,4904,4904,0
DIA,pinball_0p01,garch11,autoets,4904,4904,0
DIA,pinball_0p01,garch11,chronos,4904,4904,0
DIA,pinball_0p01,garch11,ewma,4904,4904,0
DIA,pinball_0p01,garch11,garch11,4904,4904,0
DIA,pinball_0p01,garch11,garch11_t,4904,4904,0
DIA,pinball_0p01,garch11,gjr,4904,4904,0
DIA,pinball_0p01,garch11,har,4904,4904,0
DIA,pinball_0p01,garch11,lgbm,4904,4904,0
DIA,pinball_0p01,garch11,moirai,4904,4904,0
DIA,pinball_0p01,garch11,naive,4904,4904,0
DIA,pinball_0p01,garch11,patchtst,4904,4904,0
DIA,pinball_0p01,garch11,timesfm,4904,4904,0
DIA,pinball_0p01,garch11_t,autoarima,4904,4904,0
DIA,pinball_0p01,garch11_t,autoets,4904,4904,0
DIA,pinball_0p01,garch11_t,chronos,4904,4904,0
DIA,pinball_0p01,garch11_t,ewma,4904,4904,0
DIA,pinball_0p01,garch11_t,garch11,4904,4904,0
DIA,pinball_0p01,garch11_t,garch11_t,4904,4904,0
DIA,pinball_0p01,garch11_t,gjr,4904,4904,0
DIA,pinball_0p01,garch11_t,har,4904,4904,0
DIA,pinball_0p01,garch11_t,lgbm,4904,4904,0
DIA,pinball_0p01,garch11_t,moirai,4904,4904,0
DIA,pinball_0p01,garch11_t,naive,4904,4904,0
DIA,pinball_0p01,garch11_t,patchtst,4904,4904,0
DIA,pinball_0p01,garch11_t,timesfm,4904,4904,0
DIA,pinball_0p01,gjr,autoarima,4904,4904,0
DIA,pinball_0p01,gjr,autoets,4904,4904,0
DIA,pinball_0p01,gjr,chronos,4904,4904,0
DIA,pinball_0p01,gjr,ewma,4904,4904,0
DIA,pinball_0p01,gjr,garch11,4904,4904,0
DIA,pinball_0p01,gjr,garch11_t,4904,4904,0
DIA,pinball_0p01,gjr,gjr,4904,4904,0
DIA,pinball_0p01,gjr,har,4904,4904,0
DIA,pinball_0p01,gjr,lgbm,4904,4904,0
DIA,pinball_0p01,gjr,moirai,4904,4904,0
DIA,pinball_0p01,gjr,naive,4904,4904,0
DIA,pinball_0p01,gjr,patchtst,4904,4904,0
DIA,pinball_0p01,gjr,timesfm,4904,4904,0
DIA,pinball_0p01,har,autoarima,4904,4904,0
DIA,pinball_0p01,har,autoets,4904,4904,0
DIA,pinball_0p01,har,chronos,4904,4904,0
DIA,pinball_0p01,har,ewma,4904,4904,0
DIA,pinball_0p01,har,garch11,4904,4904,0
DIA,pinball_0p01,har,garch11_t,4904,4904,0
DIA,pinball_0p01,har,gjr,4904,4904,0
DIA,pinball_0p01,har,har,4904,4904,0
DIA,pinball_0p01,har,lgbm,4904,4904,0
DIA,pinball_0p01,har,moirai,4904,4904,0
DIA,pinball_0p01,har,naive,4904,4904,0
DIA,pinball_0p01,har,patchtst,4904,4904,0
DIA,pinball_0p01,har,timesfm,4904,4904,0
DIA,pinball_0p01,lgbm,autoarima,4904,4904,0
DIA,pinball_0p01,lgbm,autoets,4904,4904,0
DIA,pinball_0p01,lgbm,chronos,4904,4904,0
DIA,pinball_0p01,lgbm,ewma,4904,4904,0
DIA,pinball_0p01,lgbm,garch11,4904,4904,0
DIA,pinball_0p01,lgbm,garch11_t,4904,4904,0
DIA,pinball_0p01,lgbm,gjr,4904,4904,0
DIA,pinball_0p01,lgbm,har,4904,4904,0
DIA,pinball_0p01,lgbm,lgbm,4904,4904,0
DIA,pinball_0p01,lgbm,moirai,4904,4904,0
DIA,pinball_0p01,lgbm,naive,4904,4904,0
DIA,pinball_0p01,lgbm,patchtst,4904,4904,0
DIA,pinball_0p01,lgbm,timesfm,4904,4904,0
DIA,pinball_0p01,moirai,autoarima,4904,4904,0
DIA,pinball_0p01,moirai,autoets,4904,4904,0
DIA,pinball_0p01,moirai,chronos,4904,4904,0
DIA,pinball_0p01,moirai,ewma,4904,4904,0
DIA,pinball_0p01,moirai,garch11,4904,4904,0
DIA,pinball_0p01,moirai,garch11_t,4904,4904,0
DIA,pinball_0p01,moirai,gjr,4904,4904,0
DIA,pinball_0p01,moirai,har,4904,4904,0
DIA,pinball_0p01,moirai,lgbm,4904,4904,0
DIA,pinball_0p01,moirai,moirai,4904,4904,0
DIA,pinball_0p01,moirai,naive,4904,4904,0
DIA,pinball_0p01,moirai,patchtst,4904,4904,0
DIA,pinball_0p01,moirai,timesfm,4904,4904,0
DIA,pinball_0p01,naive,autoarima,4904,4904,0
DIA,pinball_0p01,naive,autoets,4904,4904,0
DIA,pinball_0p01,naive,chronos,4904,4904,0
DIA,pinball_0p01,naive,ewma,4904,4904,0
DIA,pinball_0p01,naive,garch11,4904,4904,0
DIA,pinball_0p01,naive,garch11_t,4904,4904,0
DIA,pinball_0p01,naive,gjr,4904,4904,0
DIA,pinball_0p01,naive,har,4904,4904,0
DIA,pinball_0p01,naive,lgbm,4904,4904,0
DIA,pinball_0p01,naive,moirai,4904,4904,0
DIA,pinball_0p01,naive,naive,4904,4904,0
DIA,pinball_0p01,naive,patchtst,4904,4904,0
DIA,pinball_0p01,naive,timesfm,4904,4904,0
DIA,pinball_0p01,patchtst,autoarima,4904,4904,0
DIA,pinball_0p01,patchtst,autoets,4904,4904,0
DIA,pinball_0p01,patchtst,chronos,4904,4904,0
DIA,pinball_0p01,patchtst,ewma,4904,4904,0
DIA,pinball_0p01,patchtst,garch11,4904,4904,0
DIA,pinball_0p01,patchtst,garch11_t,4904,4904,0
DIA,pinball_0p01,patchtst,gjr,4904,4904,0
DIA,pinball_0p01,patchtst,har,4904,4904,0
DIA,pinball_0p01,patchtst,lgbm,4904,4904,0
DIA,pinball_0p01,patchtst,moirai,4904,4904,0
DIA,pinball_0p01,patchtst,naive,4904,4904,0
DIA,pinball_0p01,patchtst,patchtst,4904,4904,0
DIA,pinball_0p01,patchtst,timesfm,4904,4904,0
DIA,pinball_0p01,timesfm,autoarima,4904,4904,0
DIA,pinball_0p01,timesfm,autoets,4904,4904,0
DIA,pinball_0p01,timesfm,chronos,4904,4904,0
DIA,pinball_0p01,timesfm,ewma,4904,4904,0
DIA,pinball_0p01,timesfm,garch11,4904,4904,0
DIA,pinball_0p01,timesfm,garch11_t,4904,4904,0
DIA,pinball_0p01,timesfm,gjr,4904,4904,0
DIA,pinball_0p01,timesfm,har,4904,4904,0
DIA,pinball_0p01,timesfm,lgbm,4904,4904,0
DIA,pinball_0p01,timesfm,moirai,4904,4904,0
DIA,pinball_0p01,timesfm,naive,4904,4904,0
DIA,pinball_0p01,timesfm,patchtst,4904,4904,0
DIA,pinball_0p01,timesfm,timesfm,4904,4904,0
DIA,pinball_0p025,autoarima,autoarima,4904,4904,0
DIA,pinball_0p025,autoarima,autoets,4904,4904,0
DIA,pinball_0p025,autoarima,chronos,4904,4904,0
DIA,pinball_0p025,autoarima,ewma,4904,4904,0
DIA,pinball_0p025,autoarima,garch11,4904,4904,0
DIA,pinball_0p025,autoarima,garch11_t,4904,4904,0
DIA,pinball_0p025,autoarima,gjr,4904,4904,0
DIA,pinball_0p025,autoarima,har,4904,4904,0
DIA,pinball_0p025,autoarima,lgbm,4904,4904,0
DIA,pinball_0p025,autoarima,moirai,4904,4904,0
DIA,pinball_0p025,autoarima,naive,4904,4904,0
DIA,pinball_0p025,autoarima,patchtst,4904,4904,0
DIA,pinball_0p025,autoarima,timesfm,4904,4904,0
DIA,pinball_0p025,autoets,autoarima,4904,4904,0
DIA,pinball_0p025,autoets,autoets,4904,4904,0
DIA,pinball_0p025,autoets,chronos,4904,4904,0
DIA,pinball_0p025,autoets,ewma,4904,4904,0
DIA,pinball_0p025,autoets,garch11,4904,4904,0
DIA,pinball_0p025,autoets,garch11_t,4904,4904,0
DIA,pinball_0p025,autoets,gjr,4904,4904,0
DIA,pinball_0p025,autoets,har,4904,4904,0
DIA,pinball_0p025,autoets,lgbm,4904,4904,0
DIA,pinball_0p025,autoets,moirai,4904,4904,0
DIA,pinball_0p025,autoets,naive,4904,4904,0
DIA,pinball_0p025,autoets,patchtst,4904,4904,0
DIA,pinball_0p025,autoets,timesfm,4904,4904,0
DIA,pinball_0p025,chronos,autoarima,4904,4904,0
DIA,pinball_0p025,chronos,autoets,4904,4904,0
DIA,pinball_0p025,chronos,chronos,4904,4904,0
DIA,pinball_0p025,chronos,ewma,4904,4904,0
DIA,pinball_0p025,chronos,garch11,4904,4904,0
DIA,pinball_0p025,chronos,garch11_t,4904,4904,0
DIA,pinball_0p025,chronos,gjr,4904,4904,0
DIA,pinball_0p025,chronos,har,4904,4904,0
DIA,pinball_0p025,chronos,lgbm,4904,4904,0
DIA,pinball_0p025,chronos,moirai,4904,4904,0
DIA,pinball_0p025,chronos,naive,4904,4904,0
DIA,pinball_0p025,chronos,patchtst,4904,4904,0
DIA,pinball_0p025,chronos,timesfm,4904,4904,0
DIA,pinball_0p025,ewma,autoarima,4904,4904,0
DIA,pinball_0p025,ewma,autoets,4904,4904,0
DIA,pinball_0p025,ewma,chronos,4904,4904,0
DIA,pinball_0p025,ewma,ewma,4904,4904,0
DIA,pinball_0p025,ewma,garch11,4904,4904,0
DIA,pinball_0p025,ewma,garch11_t,4904,4904,0
DIA,pinball_0p025,ewma,gjr,4904,4904,0
DIA,pinball_0p025,ewma,har,4904,4904,0
DIA,pinball_0p025,ewma,lgbm,4904,4904,0
DIA,pinball_0p025,ewma,moirai,4904,4904,0
DIA,pinball_0p025,ewma,naive,4904,4904,0
DIA,pinball_0p025,ewma,patchtst,4904,4904,0
DIA,pinball_0p025,ewma,timesfm,4904,4904,0
DIA,pinball_0p025,garch11,autoarima,4904,4904,0
DIA,pinball_0p025,garch11,autoets,4904,4904,0
DIA,pinball_0p025,garch11,chronos,4904,4904,0
DIA,pinball_0p025,garch11,ewma,4904,4904,0
DIA,pinball_0p025,garch11,garch11,4904,4904,0
DIA,pinball_0p025,garch11,garch11_t,4904,4904,0
DIA,pinball_0p025,garch11,gjr,4904,4904,0
DIA,pinball_0p025,garch11,har,4904,4904,0
DIA,pinball_0p025,garch11,lgbm,4904,4904,0
DIA,pinball_0p025,garch11,moirai,4904,4904,0
DIA,pinball_0p025,garch11,naive,4904,4904,0
DIA,pinball_0p025,garch11,patchtst,4904,4904,0
DIA,pinball_0p025,garch11,timesfm,4904,4904,0
DIA,pinball_0p025,garch11_t,autoarima,4904,4904,0
DIA,pinball_0p025,garch11_t,autoets,4904,4904,0
DIA,pinball_0p025,garch11_t,chronos,4904,4904,0
DIA,pinball_0p025,garch11_t,ewma,4904,4904,0
DIA,pinball_0p025,garch11_t,garch11,4904,4904,0
DIA,pinball_0p025,garch11_t,garch11_t,4904,4904,0
DIA,pinball_0p025,garch11_t,gjr,4904,4904,0
DIA,pinball_0p025,garch11_t,har,4904,4904,0
DIA,pinball_0p025,garch11_t,lgbm,4904,4904,0
DIA,pinball_0p025,garch11_t,moirai,4904,4904,0
DIA,pinball_0p025,garch11_t,naive,4904,4904,0
DIA,pinball_0p025,garch11_t,patchtst,4904,4904,0
DIA,pinball_0p025,garch11_t,timesfm,4904,4904,0
DIA,pinball_0p025,gjr,autoarima,4904,4904,0
DIA,pinball_0p025,gjr,autoets,4904,4904,0
DIA,pinball_0p025,gjr,chronos,4904,4904,0
DIA,pinball_0p025,gjr,ewma,4904,4904,0
DIA,pinball_0p025,gjr,garch11,4904,4904,0
DIA,pinball_0p025,gjr,garch11_t,4904,4904,0
DIA,pinball_0p025,gjr,gjr,4904,4904,0
DIA,pinball_0p025,gjr,har,4904,4904,0
DIA,pinball_0p025,gjr,lgbm,4904,4904,0
DIA,pinball_0p025,gjr,moirai,4904,4904,0
DIA,pinball_0p025,gjr,naive,4904,4904,0
DIA,pinball_0p025,gjr,patchtst,4904,4904,0
DIA,pinball_0p025,gjr,timesfm,4904,4904,0
DIA,pinball_0p025,har,autoarima,4904,4904,0
DIA,pinball_0p025,har,autoets,4904,4904,0
DIA,pinball_0p025,har,chronos,4904,4904,0
DIA,pinball_0p025,har,ewma,4904,4904,0
DIA,pinball_0p025,har,garch11,4904,4904,0
DIA,pinball_0p025,har,garch11_t,4904,4904,0
DIA,pinball_0p025,har,gjr,4904,4904,0
DIA,pinball_0p025,har,har,4904,4904,0
DIA,pinball_0p025,har,lgbm,4904,4904,0
DIA,pinball_0p025,har,moirai,4904,4904,0
DIA,pinball_0p025,har,naive,4904,4904,0
DIA,pinball_0p025,har,patchtst,4904,4904,0
DIA,pinball_0p025,har,timesfm,4904,4904,0
DIA,pinball_0p025,lgbm,autoarima,4904,4904,0
DIA,pinball_0p025,lgbm,autoets,4904,4904,0
DIA,pinball_0p025,lgbm,chronos,4904,4904,0
DIA,pinball_0p025,lgbm,ewma,4904,4904,0
DIA,pinball_0p025,lgbm,garch11,4904,4904,0
DIA,pinball_0p025,lgbm,garch11_t,4904,4904,0
DIA,pinball_0p025,lgbm,gjr,4904,4904,0
DIA,pinball_0p025,lgbm,har,4904,4904,0
DIA,pinball_0p025,lgbm,lgbm,4904,4904,0
DIA,pinball_0p025,lgbm,moirai,4904,4904,0
DIA,pinball_0p025,lgbm,naive,4904,4904,0
DIA,pinball_0p025,lgbm,patchtst,4904,4904,0
DIA,pinball_0p025,lgbm,timesfm,4904,4904,0
DIA,pinball_0p025,moirai,autoarima,4904,4904,0
DIA,pinball_0p025,moirai,autoets,4904,4904,0
DIA,pinball_0p025,moirai,chronos,4904,4904,0
DIA,pinball_0p025,moirai,ewma,4904,4904,0
DIA,pinball_0p025,moirai,garch11,4904,4904,0
DIA,pinball_0p025,moirai,garch11_t,4904,4904,0
DIA,pinball_0p025,moirai,gjr,4904,4904,0
DIA,pinball_0p025,moirai,har,4904,4904,0
DIA,pinball_0p025,moirai,lgbm,4904,4904,0
DIA,pinball_0p025,moirai,moirai,4904,4904,0
DIA,pinball_0p025,moirai,naive,4904,4904,0
DIA,pinball_0p025,moirai,patchtst,4904,4904,0
DIA,pinball_0p025,moirai,timesfm,4904,4904,0
DIA,pinball_0p025,naive,autoarima,4904,4904,0
DIA,pinball_0p025,naive,autoets,4904,4904,0
DIA,pinball_0p025,naive,chronos,4904,4904,0
DIA,pinball_0p025,naive,ewma,4904,4904,0
DIA,pinball_0p025,naive,garch11,4904,4904,0
DIA,pinball_0p025,naive,garch11_t,4904,4904,0
DIA,pinball_0p025,naive,gjr,4904,4904,0
DIA,pinball_0p025,naive,har,4904,4904,0
DIA,pinball_0p025,naive,lgbm,4904,4904,0
DIA,pinball_0p025,naive,moirai,4904,4904,0
DIA,pinball_0p025,naive,naive,4904,4904,0
DIA,pinball_0p025,naive,patchtst,4904,4904,0
DIA,pinball_0p025,naive,timesfm,4904,4904,0
DIA,pinball_0p025,patchtst,autoarima,4904,4904,0
DIA,pinball_0p025,patchtst,autoets,4904,4904,0
DIA,pinball_0p025,patchtst,chronos,4904,4904,0
DIA,pinball_0p025,patchtst,ewma,4904,4904,0
DIA,pinball_0p025,patchtst,garch11,4904,4904,0
DIA,pinball_0p025,patchtst,garch11_t,4904,4904,0
DIA,pinball_0p025,patchtst,gjr,4904,4904,0
DIA,pinball_0p025,patchtst,har,4904,4904,0
DIA,pinball_0p025,patchtst,lgbm,4904,4904,0
DIA,pinball_0p025,patchtst,moirai,4904,4904,0
DIA,pinball_0p025,patchtst,naive,4904,4904,0
DIA,pinball_0p025,patchtst,patchtst,4904,4904,0
DIA,pinball_0p025,patchtst,timesfm,4904,4904,0
DIA,pinball_0p025,timesfm,autoarima,4904,4904,0
DIA,pinball_0p025,timesfm,autoets,4904,4904,0
DIA,pinball_0p025,timesfm,chronos,4904,4904,0
DIA,pinball_0p025,timesfm,ewma,4904,4904,0
DIA,pinball_0p025,timesfm,garch11,4904,4904,0
DIA,pinball_0p025,timesfm,garch11_t,4904,4904,0
DIA,pinball_0p025,timesfm,gjr,4904,4904,0
DIA,pinball_0p025,timesfm,har,4904,4904,0
DIA,pinball_0p025,timesfm,lgbm,4904,4904,0
DIA,pinball_0p025,timesfm,moirai,4904,4904,0
DIA,pinball_0p025,timesfm,naive,4904,4904,0
DIA,pinball_0p025,timesfm,patchtst,4904,4904,0
DIA,pinball_0p025,timesfm,timesfm,4904,4904,0
DIA,pinball_0p05,autoarima,autoarima,4904,4904,0
DIA,pinball_0p05,autoarima,autoets,4904,4904,0
DIA,pinball_0p05,autoarima,chronos,4904,4904,0
DIA,pinball_0p05,autoarima,ewma,4904,4904,0
DIA,pinball_0p05,autoarima,garch11,4904,4904,0
DIA,pinball_0p05,autoarima,garch11_t,4904,4904,0
DIA,pinball_0p05,autoarima,gjr,4904,4904,0
DIA,pinball_0p05,autoarima,har,4904,4904,0
DIA,pinball_0p05,autoarima,lgbm,4904,4904,0
DIA,pinball_0p05,autoarima,moirai,4904,4904,0
DIA,pinball_0p05,autoarima,naive,4904,4904,0
DIA,pinball_0p05,autoarima,patchtst,4904,4904,0
DIA,pinball_0p05,autoarima,timesfm,4904,4904,0
DIA,pinball_0p05,autoets,autoarima,4904,4904,0
DIA,pinball_0p05,autoets,autoets,4904,4904,0
DIA,pinball_0p05,autoets,chronos,4904,4904,0
DIA,pinball_0p05,autoets,ewma,4904,4904,0
DIA,pinball_0p05,autoets,garch11,4904,4904,0
DIA,pinball_0p05,autoets,garch11_t,4904,4904,0
DIA,pinball_0p05,autoets,gjr,4904,4904,0
DIA,pinball_0p05,autoets,har,4904,4904,0
DIA,pinball_0p05,autoets,lgbm,4904,4904,0
DIA,pinball_0p05,autoets,moirai,4904,4904,0
DIA,pinball_0p05,autoets,naive,4904,4904,0
DIA,pinball_0p05,autoets,patchtst,4904,4904,0
DIA,pinball_0p05,autoets,timesfm,4904,4904,0
DIA,pinball_0p05,chronos,autoarima,4904,4904,0
DIA,pinball_0p05,chronos,autoets,4904,4904,0
DIA,pinball_0p05,chronos,chronos,4904,4904,0
DIA,pinball_0p05,chronos,ewma,4904,4904,0
DIA,pinball_0p05,chronos,garch11,4904,4904,0
DIA,pinball_0p05,chronos,garch11_t,4904,4904,0
DIA,pinball_0p05,chronos,gjr,4904,4904,0
DIA,pinball_0p05,chronos,har,4904,4904,0
DIA,pinball_0p05,chronos,lgbm,4904,4904,0
DIA,pinball_0p05,chronos,moirai,4904,4904,0
DIA,pinball_0p05,chronos,naive,4904,4904,0
DIA,pinball_0p05,chronos,patchtst,4904,4904,0
DIA,pinball_0p05,chronos,timesfm,4904,4904,0
DIA,pinball_0p05,ewma,autoarima,4904,4904,0
DIA,pinball_0p05,ewma,autoets,4904,4904,0
DIA,pinball_0p05,ewma,chronos,4904,4904,0
DIA,pinball_0p05,ewma,ewma,4904,4904,0
DIA,pinball_0p05,ewma,garch11,4904,4904,0
DIA,pinball_0p05,ewma,garch11_t,4904,4904,0
DIA,pinball_0p05,ewma,gjr,4904,4904,0
DIA,pinball_0p05,ewma,har,4904,4904,0
DIA,pinball_0p05,ewma,lgbm,4904,4904,0
DIA,pinball_0p05,ewma,moirai,4904,4904,0
DIA,pinball_0p05,ewma,naive,4904,4904,0
DIA,pinball_0p05,ewma,patchtst,4904,4904,0
DIA,pinball_0p05,ewma,timesfm,4904,4904,0
DIA,pinball_0p05,garch11,autoarima,4904,4904,0
DIA,pinball_0p05,garch11,autoets,4904,4904,0
DIA,pinball_0p05,garch11,chronos,4904,4904,0
DIA,pinball_0p05,garch11,ewma,4904,4904,0
DIA,pinball_0p05,garch11,garch11,4904,4904,0
DIA,pinball_0p05,garch11,garch11_t,4904,4904,0
DIA,pinball_0p05,garch11,gjr,4904,4904,0
DIA,pinball_0p05,garch11,har,4904,4904,0
DIA,pinball_0p05,garch11,lgbm,4904,4904,0
DIA,pinball_0p05,garch11,moirai,4904,4904,0
DIA,pinball_0p05,garch11,naive,4904,4904,0
DIA,pinball_0p05,garch11,patchtst,4904,4904,0
DIA,pinball_0p05,garch11,timesfm,4904,4904,0
DIA,pinball_0p05,garch11_t,autoarima,4904,4904,0
DIA,pinball_0p05,garch11_t,autoets,4904,4904,0
DIA,pinball_0p05,garch11_t,chronos,4904,4904,0
DIA,pinball_0p05,garch11_t,ewma,4904,4904,0
DIA,pinball_0p05,garch11_t,garch11,4904,4904,0
DIA,pinball_0p05,garch11_t,garch11_t,4904,4904,0
DIA,pinball_0p05,garch11_t,gjr,4904,4904,0
DIA,pinball_0p05,garch11_t,har,4904,4904,0
DIA,pinball_0p05,garch11_t,lgbm,4904,4904,0
DIA,pinball_0p05,garch11_t,moirai,4904,4904,0
DIA,pinball_0p05,garch11_t,naive,4904,4904,0
DIA,pinball_0p05,garch11_t,patchtst,4904,4904,0
DIA,pinball_0p05,garch11_t,timesfm,4904,4904,0
DIA,pinball_0p05,gjr,autoarima,4904,4904,0
DIA,pinball_0p05,gjr,autoets,4904,4904,0
DIA,pinball_0p05,gjr,chronos,4904,4904,0
DIA,pinball_0p05,gjr,ewma,4904,4904,0
DIA,pinball_0p05,gjr,garch11,4904,4904,0
DIA,pinball_0p05,gjr,garch11_t,4904,4904,0
DIA,pinball_0p05,gjr,gjr,4904,4904,0
DIA,pinball_0p05,gjr,har,4904,4904,0
DIA,pinball_0p05,gjr,lgbm,4904,4904,0
DIA,pinball_0p05,gjr,moirai,4904,4904,0
DIA,pinball_0p05,gjr,naive,4904,4904,0
DIA,pinball_0p05,gjr,patchtst,4904,4904,0
DIA,pinball_0p05,gjr,timesfm,4904,4904,0
DIA,pinball_0p05,har,autoarima,4904,4904,0
DIA,pinball_0p05,har,autoets,4904,4904,0
DIA,pinball_0p05,har,chronos,4904,4904,0
DIA,pinball_0p05,har,ewma,4904,4904,0
DIA,pinball_0p05,har,garch11,4904,4904,0
DIA,pinball_0p05,har,garch11_t,4904,4904,0
DIA,pinball_0p05,har,gjr,4904,4904,0
DIA,pinball_0p05,har,har,4904,4904,0
DIA,pinball_0p05,har,lgbm,4904,4904,0
DIA,pinball_0p05,har,moirai,4904,4904,0
DIA,pinball_0p05,har,naive,4904,4904,0
DIA,pinball_0p05,har,patchtst,4904,4904,0
DIA,pinball_0p05,har,timesfm,4904,4904,0
DIA,pinball_0p05,lgbm,autoarima,4904,4904,0
DIA,pinball_0p05,lgbm,autoets,4904,4904,0
DIA,pinball_0p05,lgbm,chronos,4904,4904,0
DIA,pinball_0p05,lgbm,ewma,4904,4904,0
DIA,pinball_0p05,lgbm,garch11,4904,4904,0
DIA,pinball_0p05,lgbm,garch11_t,4904,4904,0
DIA,pinball_0p05,lgbm,gjr,4904,4904,0
DIA,pinball_0p05,lgbm,har,4904,4904,0
DIA,pinball_0p05,lgbm,lgbm,4904,4904,0
DIA,pinball_0p05,lgbm,moirai,4904,4904,0
DIA,pinball_0p05,lgbm,naive,4904,4904,0
DIA,pinball_0p05,lgbm,patchtst,4904,4904,0
DIA,pinball_0p05,lgbm,timesfm,4904,4904,0
DIA,pinball_0p05,moirai,autoarima,4904,4904,0
DIA,pinball_0p05,moirai,autoets,4904,4904,0
DIA,pinball_0p05,moirai,chronos,4904,4904,0
DIA,pinball_0p05,moirai,ewma,4904,4904,0
DIA,pinball_0p05,moirai,garch11,4904,4904,0
DIA,pinball_0p05,moirai,garch11_t,4904,4904,0
DIA,pinball_0p05,moirai,gjr,4904,4904,0
DIA,pinball_0p05,moirai,har,4904,4904,0
DIA,pinball_0p05,moirai,lgbm,4904,4904,0
DIA,pinball_0p05,moirai,moirai,4904,4904,0
DIA,pinball_0p05,moirai,naive,4904,4904,0
DIA,pinball_0p05,moirai,patchtst,4904,4904,0
DIA,pinball_0p05,moirai,timesfm,4904,4904,0
DIA,pinball_0p05,naive,autoarima,4904,4904,0
DIA,pinball_0p05,naive,autoets,4904,4904,0
DIA,pinball_0p05,naive,chronos,4904,4904,0
DIA,pinball_0p05,naive,ewma,4904,4904,0
DIA,pinball_0p05,naive,garch11,4904,4904,0
DIA,pinball_0p05,naive,garch11_t,4904,4904,0
DIA,pinball_0p05,naive,gjr,4904,4904,0
DIA,pinball_0p05,naive,har,4904,4904,0
DIA,pinball_0p05,naive,lgbm,4904,4904,0
DIA,pinball_0p05,naive,moirai,4904,4904,0
DIA,pinball_0p05,naive,naive,4904,4904,0
DIA,pinball_0p05,naive,patchtst,4904,4904,0
DIA,pinball_0p05,naive,timesfm,4904,4904,0
DIA,pinball_0p05,patchtst,autoarima,4904,4904,0
DIA,pinball_0p05,patchtst,autoets,4904,4904,0
DIA,pinball_0p05,patchtst,chronos,4904,4904,0
DIA,pinball_0p05,patchtst,ewma,4904,4904,0
DIA,pinball_0p05,patchtst,garch11,4904,4904,0
DIA,pinball_0p05,patchtst,garch11_t,4904,4904,0
DIA,pinball_0p05,patchtst,gjr,4904,4904,0
DIA,pinball_0p05,patchtst,har,4904,4904,0
DIA,pinball_0p05,patchtst,lgbm,4904,4904,0
DIA,pinball_0p05,patchtst,moirai,4904,4904,0
DIA,pinball_0p05,patchtst,naive,4904,4904,0
DIA,pinball_0p05,patchtst,patchtst,4904,4904,0
DIA,pinball_0p05,patchtst,timesfm,4904,4904,0
DIA,pinball_0p05,timesfm,autoarima,4904,4904,0
DIA,pinball_0p05,timesfm,autoets,4904,4904,0
DIA,pinball_0p05,timesfm,chronos,4904,4904,0
DIA,pinball_0p05,timesfm,ewma,4904,4904,0
DIA,pinball_0p05,timesfm,garch11,4904,4904,0
DIA,pinball_0p05,timesfm,garch11_t,4904,4904,0
DIA,pinball_0p05,timesfm,gjr,4904,4904,0
DIA,pinball_0p05,timesfm,har,4904,4904,0
DIA,pinball_0p05,timesfm,lgbm,4904,4904,0
DIA,pinball_0p05,timesfm,moirai,4904,4904,0
DIA,pinball_0p05,timesfm,naive,4904,4904,0
DIA,pinball_0p05,timesfm,patchtst,4904,4904,0
DIA,pinball_0p05,timesfm,timesfm,4904,4904,0
DIA,pinball_avg,autoarima,autoarima,4904,4904,0
DIA,pinball_avg,autoarima,autoets,4904,4904,0
DIA,pinball_avg,autoarima,chronos,4904,4904,0
DIA,pinball_avg,autoarima,ewma,4904,4904,0
DIA,pinball_avg,autoarima,garch11,4904,4904,0
DIA,pinball_avg,autoarima,garch11_t,4904,4904,0
DIA,pinball_avg,autoarima,gjr,4904,4904,0
DIA,pinball_avg,autoarima,har,4904,4904,0
DIA,pinball_avg,autoarima,lgbm,4904,4904,0
DIA,pinball_avg,autoarima,moirai,4904,4904,0
DIA,pinball_avg,autoarima,naive,4904,4904,0
DIA,pinball_avg,autoarima,patchtst,4904,4904,0
DIA,pinball_avg,autoarima,timesfm,4904,4904,0
DIA,pinball_avg,autoets,autoarima,4904,4904,0
DIA,pinball_avg,autoets,autoets,4904,4904,0
DIA,pinball_avg,autoets,chronos,4904,4904,0
DIA,pinball_avg,autoets,ewma,4904,4904,0
DIA,pinball_avg,autoets,garch11,4904,4904,0
DIA,pinball_avg,autoets,garch11_t,4904,4904,0
DIA,pinball_avg,autoets,gjr,4904,4904,0
DIA,pinball_avg,autoets,har,4904,4904,0
DIA,pinball_avg,autoets,lgbm,4904,4904,0
DIA,pinball_avg,autoets,moirai,4904,4904,0
DIA,pinball_avg,autoets,naive,4904,4904,0
DIA,pinball_avg,autoets,patchtst,4904,4904,0
DIA,pinball_avg,autoets,timesfm,4904,4904,0
DIA,pinball_avg,chronos,autoarima,4904,4904,0
DIA,pinball_avg,chronos,autoets,4904,4904,0
DIA,pinball_avg,chronos,chronos,4904,4904,0
DIA,pinball_avg,chronos,ewma,4904,4904,0
DIA,pinball_avg,chronos,garch11,4904,4904,0
DIA,pinball_avg,chronos,garch11_t,4904,4904,0
DIA,pinball_avg,chronos,gjr,4904,4904,0
DIA,pinball_avg,chronos,har,4904,4904,0
DIA,pinball_avg,chronos,lgbm,4904,4904,0
DIA,pinball_avg,chronos,moirai,4904,4904,0
DIA,pinball_avg,chronos,naive,4904,4904,0
DIA,pinball_avg,chronos,patchtst,4904,4904,0
DIA,pinball_avg,chronos,timesfm,4904,4904,0
DIA,pinball_avg,ewma,autoarima,4904,4904,0
DIA,pinball_avg,ewma,autoets,4904,4904,0
DIA,pinball_avg,ewma,chronos,4904,4904,0
DIA,pinball_avg,ewma,ewma,4904,4904,0
DIA,pinball_avg,ewma,garch11,4904,4904,0
DIA,pinball_avg,ewma,garch11_t,4904,4904,0
DIA,pinball_avg,ewma,gjr,4904,4904,0
DIA,pinball_avg,ewma,har,4904,4904,0
DIA,pinball_avg,ewma,lgbm,4904,4904,0
DIA,pinball_avg,ewma,moirai,4904,4904,0
DIA,pinball_avg,ewma,naive,4904,4904,0
DIA,pinball_avg,ewma,patchtst,4904,4904,0
DIA,pinball_avg,ewma,timesfm,4904,4904,0
DIA,pinball_avg,garch11,autoarima,4904,4904,0
DIA,pinball_avg,garch11,autoets,4904,4904,0
DIA,pinball_avg,garch11,chronos,4904,4904,0
DIA,pinball_avg,garch11,ewma,4904,4904,0
DIA,pinball_avg,garch11,garch11,4904,4904,0
DIA,pinball_avg,garch11,garch11_t,4904,4904,0
DIA,pinball_avg,garch11,gjr,4904,4904,0
DIA,pinball_avg,garch11,har,4904,4904,0
DIA,pinball_avg,garch11,lgbm,4904,4904,0
DIA,pinball_avg,garch11,moirai,4904,4904,0
DIA,pinball_avg,garch11,naive,4904,4904,0
DIA,pinball_avg,garch11,patchtst,4904,4904,0
DIA,pinball_avg,garch11,timesfm,4904,4904,0
DIA,pinball_avg,garch11_t,autoarima,4904,4904,0
DIA,pinball_avg,garch11_t,autoets,4904,4904,0
DIA,pinball_avg,garch11_t,chronos,4904,4904,0
DIA,pinball_avg,garch11_t,ewma,4904,4904,0
DIA,pinball_avg,garch11_t,garch11,4904,4904,0
DIA,pinball_avg,garch11_t,garch11_t,4904,4904,0
DIA,pinball_avg,garch11_t,gjr,4904,4904,0
DIA,pinball_avg,garch11_t,har,4904,4904,0
DIA,pinball_avg,garch11_t,lgbm,4904,4904,0
DIA,pinball_avg,garch11_t,moirai,4904,4904,0
DIA,pinball_avg,garch11_t,naive,4904,4904,0
DIA,pinball_avg,garch11_t,patchtst,4904,4904,0
DIA,pinball_avg,garch11_t,timesfm,4904,4904,0
DIA,pinball_avg,gjr,autoarima,4904,4904,0
DIA,pinball_avg,gjr,autoets,4904,4904,0
DIA,pinball_avg,gjr,chronos,4904,4904,0
DIA,pinball_avg,gjr,ewma,4904,4904,0
DIA,pinball_avg,gjr,garch11,4904,4904,0
DIA,pinball_avg,gjr,garch11_t,4904,4904,0
DIA,pinball_avg,gjr,gjr,4904,4904,0
DIA,pinball_avg,gjr,har,4904,4904,0
DIA,pinball_avg,gjr,lgbm,4904,4904,0
DIA,pinball_avg,gjr,moirai,4904,4904,0
DIA,pinball_avg,gjr,naive,4904,4904,0
DIA,pinball_avg,gjr,patchtst,4904,4904,0
DIA,pinball_avg,gjr,timesfm,4904,4904,0
DIA,pinball_avg,har,autoarima,4904,4904,0
DIA,pinball_avg,har,autoets,4904,4904,0
DIA,pinball_avg,har,chronos,4904,4904,0
DIA,pinball_avg,har,ewma,4904,4904,0
DIA,pinball_avg,har,garch11,4904,4904,0
DIA,pinball_avg,har,garch11_t,4904,4904,0
DIA,pinball_avg,har,gjr,4904,4904,0
DIA,pinball_avg,har,har,4904,4904,0
DIA,pinball_avg,har,lgbm,4904,4904,0
DIA,pinball_avg,har,moirai,4904,4904,0
DIA,pinball_avg,har,naive,4904,4904,0
DIA,pinball_avg,har,patchtst,4904,4904,0
DIA,pinball_avg,har,timesfm,4904,4904,0
DIA,pinball_avg,lgbm,autoarima,4904,4904,0
DIA,pinball_avg,lgbm,autoets,4904,4904,0
DIA,pinball_avg,lgbm,chronos,4904,4904,0
DIA,pinball_avg,lgbm,ewma,4904,4904,0
DIA,pinball_avg,lgbm,garch11,4904,4904,0
DIA,pinball_avg,lgbm,garch11_t,4904,4904,0
DIA,pinball_avg,lgbm,gjr,4904,4904,0
DIA,pinball_avg,lgbm,har,4904,4904,0
DIA,pinball_avg,lgbm,lgbm,4904,4904,0
DIA,pinball_avg,lgbm,moirai,4904,4904,0
DIA,pinball_avg,lgbm,naive,4904,4904,0
DIA,pinball_avg,lgbm,patchtst,4904,4904,0
DIA,pinball_avg,lgbm,timesfm,4904,4904,0
DIA,pinball_avg,moirai,autoarima,4904,4904,0
DIA,pinball_avg,moirai,autoets,4904,4904,0
DIA,pinball_avg,moirai,chronos,4904,4904,0
DIA,pinball_avg,moirai,ewma,4904,4904,0
DIA,pinball_avg,moirai,garch11,4904,4904,0
DIA,pinball_avg,moirai,garch11_t,4904,4904,0
DIA,pinball_avg,moirai,gjr,4904,4904,0
DIA,pinball_avg,moirai,har,4904,4904,0
DIA,pinball_avg,moirai,lgbm,4904,4904,0
DIA,pinball_avg,moirai,moirai,4904,4904,0
DIA,pinball_avg,moirai,naive,4904,4904,0
DIA,pinball_avg,moirai,patchtst,4904,4904,0
DIA,pinball_avg,moirai,timesfm,4904,4904,0
DIA,pinball_avg,naive,autoarima,4904,4904,0
DIA,pinball_avg,naive,autoets,4904,4904,0
DIA,pinball_avg,naive,chronos,4904,4904,0
DIA,pinball_avg,naive,ewma,4904,4904,0
DIA,pinball_avg,naive,garch11,4904,4904,0
DIA,pinball_avg,naive,garch11_t,4904,4904,0
DIA,pinball_avg,naive,gjr,4904,4904,0
DIA,pinball_avg,naive,har,4904,4904,0
DIA,pinball_avg,naive,lgbm,4904,4904,0
DIA,pinball_avg,naive,moirai,4904,4904,0
DIA,pinball_avg,naive,naive,4904,4904,0
DIA,pinball_avg,naive,patchtst,4904,4904,0
DIA,pinball_avg,naive,timesfm,4904,4904,0
DIA,pinball_avg,patchtst,autoarima,4904,4904,0
DIA,pinball_avg,patchtst,autoets,4904,4904,0
DIA,pinball_avg,patchtst,chronos,4904,4904,0
DIA,pinball_avg,patchtst,ewma,4904,4904,0
DIA,pinball_avg,patchtst,garch11,4904,4904,0
DIA,pinball_avg,patchtst,garch11_t,4904,4904,0
DIA,pinball_avg,patchtst,gjr,4904,4904,0
DIA,pinball_avg,patchtst,har,4904,4904,0
DIA,pinball_avg,patchtst,lgbm,4904,4904,0
DIA,pinball_avg,patchtst,moirai,4904,4904,0
DIA,pinball_avg,patchtst,naive,4904,4904,0
DIA,pinball_avg,patchtst,patchtst,4904,4904,0
DIA,pinball_avg,patchtst,timesfm,4904,4904,0
DIA,pinball_avg,timesfm,autoarima,4904,4904,0
DIA,pinball_avg,timesfm,autoets,4904,4904,0
DIA,pinball_avg,timesfm,chronos,4904,4904,0
DIA,pinball_avg,timesfm,ewma,4904,4904,0
DIA,pinball_avg,timesfm,garch11,4904,4904,0
DIA,pinball_avg,timesfm,garch11_t,4904,4904,0
DIA,pinball_avg,timesfm,gjr,4904,4904,0
DIA,pinball_avg,timesfm,har,4904,4904,0
DIA,pinball_avg,timesfm,lgbm,4904,4904,0
DIA,pinball_avg,timesfm,moirai,4904,4904,0
DIA,pinball_avg,timesfm,naive,4904,4904,0
DIA,pinball_avg,timesfm,patchtst,4904,4904,0
DIA,pinball_avg,timesfm,timesfm,4904,4904,0
DIA,qlike,autoarima,autoarima,4904,4904,0
DIA,qlike,autoarima,autoets,4904,4904,0
DIA,qlike,autoarima,chronos,4904,4904,0
DIA,qlike,autoarima,ewma,4904,4904,0
DIA,qlike,autoarima,garch11,4904,4904,0
DIA,qlike,autoarima,garch11_t,4904,4904,0
DIA,qlike,autoarima,gjr,4904,4904,0
DIA,qlike,autoarima,har,4904,4904,0
DIA,qlike,autoarima,lgbm,4904,4904,0
DIA,qlike,autoarima,moirai,4904,4904,0
DIA,qlike,autoarima,naive,4904,4904,0
DIA,qlike,autoarima,patchtst,4904,4904,0
DIA,qlike,autoarima,timesfm,4904,4904,0
DIA,qlike,autoets,autoarima,4904,4904,0
DIA,qlike,autoets,autoets,4904,4904,0
DIA,qlike,autoets,chronos,4904,4904,0
DIA,qlike,autoets,ewma,4904,4904,0
DIA,qlike,autoets,garch11,4904,4904,0
DIA,qlike,autoets,garch11_t,4904,4904,0
DIA,qlike,autoets,gjr,4904,4904,0
DIA,qlike,autoets,har,4904,4904,0
DIA,qlike,autoets,lgbm,4904,4904,0
DIA,qlike,autoets,moirai,4904,4904,0
DIA,qlike,autoets,naive,4904,4904,0
DIA,qlike,autoets,patchtst,4904,4904,0
DIA,qlike,autoets,timesfm,4904,4904,0
DIA,qlike,chronos,autoarima,4904,4904,0
DIA,qlike,chronos,autoets,4904,4904,0
DIA,qlike,chronos,chronos,4904,4904,0
DIA,qlike,chronos,ewma,4904,4904,0
DIA,qlike,chronos,garch11,4904,4904,0
DIA,qlike,chronos,garch11_t,4904,4904,0
DIA,qlike,chronos,gjr,4904,4904,0
DIA,qlike,chronos,har,4904,4904,0
DIA,qlike,chronos,lgbm,4904,4904,0
DIA,qlike,chronos,moirai,4904,4904,0
DIA,qlike,chronos,naive,4904,4904,0
DIA,qlike,chronos,patchtst,4904,4904,0
DIA,qlike,chronos,timesfm,4904,4904,0
DIA,qlike,ewma,autoarima,4904,4904,0
DIA,qlike,ewma,autoets,4904,4904,0
DIA,qlike,ewma,chronos,4904,4904,0
DIA,qlike,ewma,ewma,4904,4904,0
DIA,qlike,ewma,garch11,4904,4904,0
DIA,qlike,ewma,garch11_t,4904,4904,0
DIA,qlike,ewma,gjr,4904,4904,0
DIA,qlike,ewma,har,4904,4904,0
DIA,qlike,ewma,lgbm,4904,4904,0
DIA,qlike,ewma,moirai,4904,4904,0
DIA,qlike,ewma,naive,4904,4904,0
DIA,qlike,ewma,patchtst,4904,4904,0
DIA,qlike,ewma,timesfm,4904,4904,0
DIA,qlike,garch11,autoarima,4904,4904,0
DIA,qlike,garch11,autoets,4904,4904,0
DIA,qlike,garch11,chronos,4904,4904,0
DIA,qlike,garch11,ewma,4904,4904,0
DIA,qlike,garch11,garch11,4904,4904,0
DIA,qlike,garch11,garch11_t,4904,4904,0
DIA,qlike,garch11,gjr,4904,4904,0
DIA,qlike,garch11,har,4904,4904,0
DIA,qlike,garch11,lgbm,4904,4904,0
DIA,qlike,garch11,moirai,4904,4904,0
DIA,qlike,garch11,naive,4904,4904,0
DIA,qlike,garch11,patchtst,4904,4904,0
DIA,qlike,garch11,timesfm,4904,4904,0
DIA,qlike,garch11_t,autoarima,4904,4904,0
DIA,qlike,garch11_t,autoets,4904,4904,0
DIA,qlike,garch11_t,chronos,4904,4904,0
DIA,qlike,garch11_t,ewma,4904,4904,0
DIA,qlike,garch11_t,garch11,4904,4904,0
DIA,qlike,garch11_t,garch11_t,4904,4904,0
DIA,qlike,garch11_t,gjr,4904,4904,0
DIA,qlike,garch11_t,har,4904,4904,0
DIA,qlike,garch11_t,lgbm,4904,4904,0
DIA,qlike,garch11_t,moirai,4904,4904,0
DIA,qlike,garch11_t,naive,4904,4904,0
DIA,qlike,garch11_t,patchtst,4904,4904,0
DIA,qlike,garch11_t,timesfm,4904,4904,0
DIA,qlike,gjr,autoarima,4904,4904,0
DIA,qlike,gjr,autoets,4904,4904,0
DIA,qlike,gjr,chronos,4904,4904,0
DIA,qlike,gjr,ewma,4904,4904,0
DIA,qlike,gjr,garch11,4904,4904,0
DIA,qlike,gjr,garch11_t,4904,4904,0
DIA,qlike,gjr,gjr,4904,4904,0
DIA,qlike,gjr,har,4904,4904,0
DIA,qlike,gjr,lgbm,4904,4904,0
DIA,qlike,gjr,moirai,4904,4904,0
DIA,qlike,gjr,naive,4904,4904,0
DIA,qlike,gjr,patchtst,4904,4904,0
DIA,qlike,gjr,timesfm,4904,4904,0
DIA,qlike,har,autoarima,4904,4904,0
DIA,qlike,har,autoets,4904,4904,0
DIA,qlike,har,chronos,4904,4904,0
DIA,qlike,har,ewma,4904,4904,0
DIA,qlike,har,garch11,4904,4904,0
DIA,qlike,har,garch11_t,4904,4904,0
DIA,qlike,har,gjr,4904,4904,0
DIA,qlike,har,har,4904,4904,0
DIA,qlike,har,lgbm,4904,4904,0
DIA,qlike,har,moirai,4904,4904,0
DIA,qlike,har,naive,4904,4904,0
DIA,qlike,har,patchtst,4904,4904,0
DIA,qlike,har,timesfm,4904,4904,0
DIA,qlike,lgbm,autoarima,4904,4904,0
DIA,qlike,lgbm,autoets,4904,4904,0
DIA,qlike,lgbm,chronos,4904,4904,0
DIA,qlike,lgbm,ewma,4904,4904,0
DIA,qlike,lgbm,garch11,4904,4904,0
DIA,qlike,lgbm,garch11_t,4904,4904,0
DIA,qlike,lgbm,gjr,4904,4904,0
DIA,qlike,lgbm,har,4904,4904,0
DIA,qlike,lgbm,lgbm,4904,4904,0
DIA,qlike,lgbm,moirai,4904,4904,0
DIA,qlike,lgbm,naive,4904,4904,0
DIA,qlike,lgbm,patchtst,4904,4904,0
DIA,qlike,lgbm,timesfm,4904,4904,0
DIA,qlike,moirai,autoarima,4904,4904,0
DIA,qlike,moirai,autoets,4904,4904,0
DIA,qlike,moirai,chronos,4904,4904,0
DIA,qlike,moirai,ewma,4904,4904,0
DIA,qlike,moirai,garch11,4904,4904,0
DIA,qlike,moirai,garch11_t,4904,4904,0
DIA,qlike,moirai,gjr,4904,4904,0
DIA,qlike,moirai,har,4904,4904,0
DIA,qlike,moirai,lgbm,4904,4904,0
DIA,qlike,moirai,moirai,4904,4904,0
DIA,qlike,moirai,naive,4904,4904,0
DIA,qlike,moirai,patchtst,4904,4904,0
DIA,qlike,moirai,timesfm,4904,4904,0
DIA,qlike,naive,autoarima,4904,4904,0
DIA,qlike,naive,autoets,4904,4904,0
DIA,qlike,naive,chronos,4904,4904,0
DIA,qlike,naive,ewma,4904,4904,0
DIA,qlike,naive,garch11,4904,4904,0
DIA,qlike,naive,garch11_t,4904,4904,0
DIA,qlike,naive,gjr,4904,4904,0
DIA,qlike,naive,har,4904,4904,0
DIA,qlike,naive,lgbm,4904,4904,0
DIA,qlike,naive,moirai,4904,4904,0
DIA,qlike,naive,naive,4904,4904,0
DIA,qlike,naive,patchtst,4904,4904,0
DIA,qlike,naive,timesfm,4904,4904,0
DIA,qlike,patchtst,autoarima,4904,4904,0
DIA,qlike,patchtst,autoets,4904,4904,0
DIA,qlike,patchtst,chronos,4904,4904,0
DIA,qlike,patchtst,ewma,4904,4904,0
DIA,qlike,patchtst,garch11,4904,4904,0
DIA,qlike,patchtst,garch11_t,4904,4904,0
DIA,qlike,patchtst,gjr,4904,4904,0
DIA,qlike,patchtst,har,4904,4904,0
DIA,qlike,patchtst,lgbm,4904,4904,0
DIA,qlike,patchtst,moirai,4904,4904,0
DIA,qlike,patchtst,naive,4904,4904,0
DIA,qlike,patchtst,patchtst,4904,4904,0
DIA,qlike,patchtst,timesfm,4904,4904,0
DIA,qlike,timesfm,autoarima,4904,4904,0
DIA,qlike,timesfm,autoets,4904,4904,0
DIA,qlike,timesfm,chronos,4904,4904,0
DIA,qlike,timesfm,ewma,4904,4904,0
DIA,qlike,timesfm,garch11,4904,4904,0
DIA,qlike,timesfm,garch11_t,4904,4904,0
DIA,qlike,timesfm,gjr,4904,4904,0
DIA,qlike,timesfm,har,4904,4904,0
DIA,qlike,timesfm,lgbm,4904,4904,0
DIA,qlike,timesfm,moirai,4904,4904,0
DIA,qlike,timesfm,naive,4904,4904,0
DIA,qlike,timesfm,patchtst,4904,4904,0
DIA,qlike,timesfm,timesfm,4904,4904,0
DIA,fz0_0p01,autoarima,autoarima,4904,4904,0
DIA,fz0_0p01,autoarima,autoets,4904,4904,0
DIA,fz0_0p01,autoarima,chronos,4904,4904,0
DIA,fz0_0p01,autoarima,ewma,4904,4904,0
DIA,fz0_0p01,autoarima,garch11,4904,4904,0
DIA,fz0_0p01,autoarima,garch11_t,4904,4904,0
DIA,fz0_0p01,autoarima,gjr,4904,4904,0
DIA,fz0_0p01,autoarima,har,4904,4904,0
DIA,fz0_0p01,autoarima,lgbm,4904,4904,0
DIA,fz0_0p01,autoarima,moirai,4904,4904,0
DIA,fz0_0p01,autoarima,naive,4904,4904,0
DIA,fz0_0p01,autoarima,patchtst,4904,4904,0
DIA,fz0_0p01,autoarima,timesfm,4904,4904,0
DIA,fz0_0p01,autoets,autoarima,4904,4904,0
DIA,fz0_0p01,autoets,autoets,4904,4904,0
DIA,fz0_0p01,autoets,chronos,4904,4904,0
DIA,fz0_0p01,autoets,ewma,4904,4904,0
DIA,fz0_0p01,autoets,garch11,4904,4904,0
DIA,fz0_0p01,autoets,garch11_t,4904,4904,0
DIA,fz0_0p01,autoets,gjr,4904,4904,0
DIA,fz0_0p01,autoets,har,4904,4904,0
DIA,fz0_0p01,autoets,lgbm,4904,4904,0
DIA,fz0_0p01,autoets,moirai,4904,4904,0
DIA,fz0_0p01,autoets,naive,4904,4904,0
DIA,fz0_0p01,autoets,patchtst,4904,4904,0
DIA,fz0_0p01,autoets,timesfm,4904,4904,0
DIA,fz0_0p01,chronos,autoarima,4904,4904,0
DIA,fz0_0p01,chronos,autoets,4904,4904,0
DIA,fz0_0p01,chronos,chronos,4904,4904,0
DIA,fz0_0p01,chronos,ewma,4904,4904,0
DIA,fz0_0p01,chronos,garch11,4904,4904,0
DIA,fz0_0p01,chronos,garch11_t,4904,4904,0
DIA,fz0_0p01,chronos,gjr,4904,4904,0
DIA,fz0_0p01,chronos,har,4904,4904,0
DIA,fz0_0p01,chronos,lgbm,4904,4904,0
DIA,fz0_0p01,chronos,moirai,4904,4904,0
DIA,fz0_0p01,chronos,naive,4904,4904,0
DIA,fz0_0p01,chronos,patchtst,4904,4904,0
DIA,fz0_0p01,chronos,timesfm,4904,4904,0
DIA,fz0_0p01,ewma,autoarima,4904,4904,0
DIA,fz0_0p01,ewma,autoets,4904,4904,0
DIA,fz0_0p01,ewma,chronos,4904,4904,0
DIA,fz0_0p01,ewma,ewma,4904,4904,0
DIA,fz0_0p01,ewma,garch11,4904,4904,0
DIA,fz0_0p01,ewma,garch11_t,4904,4904,0
DIA,fz0_0p01,ewma,gjr,4904,4904,0
DIA,fz0_0p01,ewma,har,4904,4904,0
DIA,fz0_0p01,ewma,lgbm,4904,4904,0
DIA,fz0_0p01,ewma,moirai,4904,4904,0
DIA,fz0_0p01,ewma,naive,4904,4904,0
DIA,fz0_0p01,ewma,patchtst,4904,4904,0
DIA,fz0_0p01,ewma,timesfm,4904,4904,0
DIA,fz0_0p01,garch11,autoarima,4904,4904,0
DIA,fz0_0p01,garch11,autoets,4904,4904,0
DIA,fz0_0p01,garch11,chronos,4904,4904,0
DIA,fz0_0p01,garch11,ewma,4904,4904,0
DIA,fz0_0p01,garch11,garch11,4904,4904,0
DIA,fz0_0p01,garch11,garch11_t,4904,4904,0
DIA,fz0_0p01,garch11,gjr,4904,4904,0
DIA,fz0_0p01,garch11,har,4904,4904,0
DIA,fz0_0p01,garch11,lgbm,4904,4904,0
DIA,fz0_0p01,garch11,moirai,4904,4904,0
DIA,fz0_0p01,garch11,naive,4904,4904,0
DIA,fz0_0p01,garch11,patchtst,4904,4904,0
DIA,fz0_0p01,garch11,timesfm,4904,4904,0
DIA,fz0_0p01,garch11_t,autoarima,4904,4904,0
DIA,fz0_0p01,garch11_t,autoets,4904,4904,0
DIA,fz0_0p01,garch11_t,chronos,4904,4904,0
DIA,fz0_0p01,garch11_t,ewma,4904,4904,0
DIA,fz0_0p01,garch11_t,garch11,4904,4904,0
DIA,fz0_0p01,garch11_t,garch11_t,4904,4904,0
DIA,fz0_0p01,garch11_t,gjr,4904,4904,0
DIA,fz0_0p01,garch11_t,har,4904,4904,0
DIA,fz0_0p01,garch11_t,lgbm,4904,4904,0
DIA,fz0_0p01,garch11_t,moirai,4904,4904,0
DIA,fz0_0p01,garch11_t,naive,4904,4904,0
DIA,fz0_0p01,garch11_t,patchtst,4904,4904,0
DIA,fz0_0p01,garch11_t,timesfm,4904,4904,0
DIA,fz0_0p01,gjr,autoarima,4904,4904,0
DIA,fz0_0p01,gjr,autoets,4904,4904,0
DIA,fz0_0p01,gjr,chronos,4904,4904,0
DIA,fz0_0p01,gjr,ewma,4904,4904,0
DIA,fz0_0p01,gjr,garch11,4904,4904,0
DIA,fz0_0p01,gjr,garch11_t,4904,4904,0
DIA,fz0_0p01,gjr,gjr,4904,4904,0
DIA,fz0_0p01,gjr,har,4904,4904,0
DIA,fz0_0p01,gjr,lgbm,4904,4904,0
DIA,fz0_0p01,gjr,moirai,4904,4904,0
DIA,fz0_0p01,gjr,naive,4904,4904,0
DIA,fz0_0p01,gjr,patchtst,4904,4904,0
DIA,fz0_0p01,gjr,timesfm,4904,4904,0
DIA,fz0_0p01,har,autoarima,4904,4904,0
DIA,fz0_0p01,har,autoets,4904,4904,0
DIA,fz0_0p01,har,chronos,4904,4904,0
DIA,fz0_0p01,har,ewma,4904,4904,0
DIA,fz0_0p01,har,garch11,4904,4904,0
DIA,fz0_0p01,har,garch11_t,4904,4904,0
DIA,fz0_0p01,har,gjr,4904,4904,0
DIA,fz0_0p01,har,har,4904,4904,0
DIA,fz0_0p01,har,lgbm,4904,4904,0
DIA,fz0_0p01,har,moirai,4904,4904,0
DIA,fz0_0p01,har,naive,4904,4904,0
DIA,fz0_0p01,har,patchtst,4904,4904,0
DIA,fz0_0p01,har,timesfm,4904,4904,0
DIA,fz0_0p01,lgbm,autoarima,4904,4904,0
DIA,fz0_0p01,lgbm,autoets,4904,4904,0
DIA,fz0_0p01,lgbm,chronos,4904,4904,0
DIA,fz0_0p01,lgbm,ewma,4904,4904,0
DIA,fz0_0p01,lgbm,garch11,4904,4904,0
DIA,fz0_0p01,lgbm,garch11_t,4904,4904,0
DIA,fz0_0p01,lgbm,gjr,4904,4904,0
DIA,fz0_0p01,lgbm,har,4904,4904,0
DIA,fz0_0p01,lgbm,lgbm,4904,4904,0
DIA,fz0_0p01,lgbm,moirai,4904,4904,0
DIA,fz0_0p01,lgbm,naive,4904,4904,0
DIA,fz0_0p01,lgbm,patchtst,4904,4904,0
DIA,fz0_0p01,lgbm,timesfm,4904,4904,0
DIA,fz0_0p01,moirai,autoarima,4904,4904,0
DIA,fz0_0p01,moirai,autoets,4904,4904,0
DIA,fz0_0p01,moirai,chronos,4904,4904,0
DIA,fz0_0p01,moirai,ewma,4904,4904,0
DIA,fz0_0p01,moirai,garch11,4904,4904,0
DIA,fz0_0p01,moirai,garch11_t,4904,4904,0
DIA,fz0_0p01,moirai,gjr,4904,4904,0
DIA,fz0_0p01,moirai,har,4904,4904,0
DIA,fz0_0p01,moirai,lgbm,4904,4904,0
DIA,fz0_0p01,moirai,moirai,4904,4904,0
DIA,fz0_0p01,moirai,naive,4904,4904,0
DIA,fz0_0p01,moirai,patchtst,4904,4904,0
DIA,fz0_0p01,moirai,timesfm,4904,4904,0
DIA,fz0_0p01,naive,autoarima,4904,4904,0
DIA,fz0_0p01,naive,autoets,4904,4904,0
DIA,fz0_0p01,naive,chronos,4904,4904,0
DIA,fz0_0p01,naive,ewma,4904,4904,0
DIA,fz0_0p01,naive,garch11,4904,4904,0
DIA,fz0_0p01,naive,garch11_t,4904,4904,0
DIA,fz0_0p01,naive,gjr,4904,4904,0
DIA,fz0_0p01,naive,har,4904,4904,0
DIA,fz0_0p01,naive,lgbm,4904,4904,0
DIA,fz0_0p01,naive,moirai,4904,4904,0
DIA,fz0_0p01,naive,naive,4904,4904,0
DIA,fz0_0p01,naive,patchtst,4904,4904,0
DIA,fz0_0p01,naive,timesfm,4904,4904,0
DIA,fz0_0p01,patchtst,autoarima,4904,4904,0
DIA,fz0_0p01,patchtst,autoets,4904,4904,0
DIA,fz0_0p01,patchtst,chronos,4904,4904,0
DIA,fz0_0p01,patchtst,ewma,4904,4904,0
DIA,fz0_0p01,patchtst,garch11,4904,4904,0
DIA,fz0_0p01,patchtst,garch11_t,4904,4904,0
DIA,fz0_0p01,patchtst,gjr,4904,4904,0
DIA,fz0_0p01,patchtst,har,4904,4904,0
DIA,fz0_0p01,patchtst,lgbm,4904,4904,0
DIA,fz0_0p01,patchtst,moirai,4904,4904,0
DIA,fz0_0p01,patchtst,naive,4904,4904,0
DIA,fz0_0p01,patchtst,patchtst,4904,4904,0
DIA,fz0_0p01,patchtst,timesfm,4904,4904,0
DIA,fz0_0p01,timesfm,autoarima,4904,4904,0
DIA,fz0_0p01,timesfm,autoets,4904,4904,0
DIA,fz0_0p01,timesfm,chronos,4904,4904,0
DIA,fz0_0p01,timesfm,ewma,4904,4904,0
DIA,fz0_0p01,timesfm,garch11,4904,4904,0
DIA,fz0_0p01,timesfm,garch11_t,4904,4904,0
DIA,fz0_0p01,timesfm,gjr,4904,4904,0
DIA,fz0_0p01,timesfm,har,4904,4904,0
DIA,fz0_0p01,timesfm,lgbm,4904,4904,0
DIA,fz0_0p01,timesfm,moirai,4904,4904,0
DIA,fz0_0p01,timesfm,naive,4904,4904,0
DIA,fz0_0p01,timesfm,patchtst,4904,4904,0
DIA,fz0_0p01,timesfm,timesfm,4904,4904,0
DIA,fz0_0p025,autoarima,autoarima,4904,4904,0
DIA,fz0_0p025,autoarima,autoets,4904,4904,0
DIA,fz0_0p025,autoarima,chronos,4904,4904,0
DIA,fz0_0p025,autoarima,ewma,4904,4904,0
DIA,fz0_0p025,autoarima,garch11,4904,4904,0
DIA,fz0_0p025,autoarima,garch11_t,4904,4904,0
DIA,fz0_0p025,autoarima,gjr,4904,4904,0
DIA,fz0_0p025,autoarima,har,4904,4904,0
DIA,fz0_0p025,autoarima,lgbm,4904,4904,0
DIA,fz0_0p025,autoarima,moirai,4904,4904,0
DIA,fz0_0p025,autoarima,naive,4904,4904,0
DIA,fz0_0p025,autoarima,patchtst,4904,4904,0
DIA,fz0_0p025,autoarima,timesfm,4904,4904,0
DIA,fz0_0p025,autoets,autoarima,4904,4904,0
DIA,fz0_0p025,autoets,autoets,4904,4904,0
DIA,fz0_0p025,autoets,chronos,4904,4904,0
DIA,fz0_0p025,autoets,ewma,4904,4904,0
DIA,fz0_0p025,autoets,garch11,4904,4904,0
DIA,fz0_0p025,autoets,garch11_t,4904,4904,0
DIA,fz0_0p025,autoets,gjr,4904,4904,0
DIA,fz0_0p025,autoets,har,4904,4904,0
DIA,fz0_0p025,autoets,lgbm,4904,4904,0
DIA,fz0_0p025,autoets,moirai,4904,4904,0
DIA,fz0_0p025,autoets,naive,4904,4904,0
DIA,fz0_0p025,autoets,patchtst,4904,4904,0
DIA,fz0_0p025,autoets,timesfm,4904,4904,0
DIA,fz0_0p025,chronos,autoarima,4904,4904,0
DIA,fz0_0p025,chronos,autoets,4904,4904,0
DIA,fz0_0p025,chronos,chronos,4904,4904,0
DIA,fz0_0p025,chronos,ewma,4904,4904,0
DIA,fz0_0p025,chronos,garch11,4904,4904,0
DIA,fz0_0p025,chronos,garch11_t,4904,4904,0
DIA,fz0_0p025,chronos,gjr,4904,4904,0
DIA,fz0_0p025,chronos,har,4904,4904,0
DIA,fz0_0p025,chronos,lgbm,4904,4904,0
DIA,fz0_0p025,chronos,moirai,4904,4904,0
DIA,fz0_0p025,chronos,naive,4904,4904,0
DIA,fz0_0p025,chronos,patchtst,4904,4904,0
DIA,fz0_0p025,chronos,timesfm,4904,4904,0
DIA,fz0_0p025,ewma,autoarima,4904,4904,0
DIA,fz0_0p025,ewma,autoets,4904,4904,0
DIA,fz0_0p025,ewma,chronos,4904,4904,0
DIA,fz0_0p025,ewma,ewma,4904,4904,0
DIA,fz0_0p025,ewma,garch11,4904,4904,0
DIA,fz0_0p025,ewma,garch11_t,4904,4904,0
DIA,fz0_0p025,ewma,gjr,4904,4904,0
DIA,fz0_0p025,ewma,har,4904,4904,0
DIA,fz0_0p025,ewma,lgbm,4904,4904,0
DIA,fz0_0p025,ewma,moirai,4904,4904,0
DIA,fz0_0p025,ewma,naive,4904,4904,0
DIA,fz0_0p025,ewma,patchtst,4904,4904,0
DIA,fz0_0p025,ewma,timesfm,4904,4904,0
DIA,fz0_0p025,garch11,autoarima,4904,4904,0
DIA,fz0_0p025,garch11,autoets,4904,4904,0
DIA,fz0_0p025,garch11,chronos,4904,4904,0
DIA,fz0_0p025,garch11,ewma,4904,4904,0
DIA,fz0_0p025,garch11,garch11,4904,4904,0
DIA,fz0_0p025,garch11,garch11_t,4904,4904,0
DIA,fz0_0p025,garch11,gjr,4904,4904,0
DIA,fz0_0p025,garch11,har,4904,4904,0
DIA,fz0_0p025,garch11,lgbm,4904,4904,0
DIA,fz0_0p025,garch11,moirai,4904,4904,0
DIA,fz0_0p025,garch11,naive,4904,4904,0
DIA,fz0_0p025,garch11,patchtst,4904,4904,0
DIA,fz0_0p025,garch11,timesfm,4904,4904,0
DIA,fz0_0p025,garch11_t,autoarima,4904,4904,0
DIA,fz0_0p025,garch11_t,autoets,4904,4904,0
DIA,fz0_0p025,garch11_t,chronos,4904,4904,0
DIA,fz0_0p025,garch11_t,ewma,4904,4904,0
DIA,fz0_0p025,garch11_t,garch11,4904,4904,0
DIA,fz0_0p025,garch11_t,garch11_t,4904,4904,0
DIA,fz0_0p025,garch11_t,gjr,4904,4904,0
DIA,fz0_0p025,garch11_t,har,4904,4904,0
DIA,fz0_0p025,garch11_t,lgbm,4904,4904,0
DIA,fz0_0p025,garch11_t,moirai,4904,4904,0
DIA,fz0_0p025,garch11_t,naive,4904,4904,0
DIA,fz0_0p025,garch11_t,patchtst,4904,4904,0
DIA,fz0_0p025,garch11_t,timesfm,4904,4904,0
DIA,fz0_0p025,gjr,autoarima,4904,4904,0
DIA,fz0_0p025,gjr,autoets,4904,4904,0
DIA,fz0_0p025,gjr,chronos,4904,4904,0
DIA,fz0_0p025,gjr,ewma,4904,4904,0
DIA,fz0_0p025,gjr,garch11,4904,4904,0
DIA,fz0_0p025,gjr,garch11_t,4904,4904,0
DIA,fz0_0p025,gjr,gjr,4904,4904,0
DIA,fz0_0p025,gjr,har,4904,4904,0
DIA,fz0_0p025,gjr,lgbm,4904,4904,0
DIA,fz0_0p025,gjr,moirai,4904,4904,0
DIA,fz0_0p025,gjr,naive,4904,4904,0
DIA,fz0_0p025,gjr,patchtst,4904,4904,0
DIA,fz0_0p025,gjr,timesfm,4904,4904,0
DIA,fz0_0p025,har,autoarima,4904,4904,0
DIA,fz0_0p025,har,autoets,4904,4904,0
DIA,fz0_0p025,har,chronos,4904,4904,0
DIA,fz0_0p025,har,ewma,4904,4904,0
DIA,fz0_0p025,har,garch11,4904,4904,0
DIA,fz0_0p025,har,garch11_t,4904,4904,0
DIA,fz0_0p025,har,gjr,4904,4904,0
DIA,fz0_0p025,har,har,4904,4904,0
DIA,fz0_0p025,har,lgbm,4904,4904,0
DIA,fz0_0p025,har,moirai,4904,4904,0
DIA,fz0_0p025,har,naive,4904,4904,0
DIA,fz0_0p025,har,patchtst,4904,4904,0
DIA,fz0_0p025,har,timesfm,4904,4904,0
DIA,fz0_0p025,lgbm,autoarima,4904,4904,0
DIA,fz0_0p025,lgbm,autoets,4904,4904,0
DIA,fz0_0p025,lgbm,chronos,4904,4904,0
DIA,fz0_0p025,lgbm,ewma,4904,4904,0
DIA,fz0_0p025,lgbm,garch11,4904,4904,0
DIA,fz0_0p025,lgbm,garch11_t,4904,4904,0
DIA,fz0_0p025,lgbm,gjr,4904,4904,0
DIA,fz0_0p025,lgbm,har,4904,4904,0
DIA,fz0_0p025,lgbm,lgbm,4904,4904,0
DIA,fz0_0p025,lgbm,moirai,4904,4904,0
DIA,fz0_0p025,lgbm,naive,4904,4904,0
DIA,fz0_0p025,lgbm,patchtst,4904,4904,0
DIA,fz0_0p025,lgbm,timesfm,4904,4904,0
DIA,fz0_0p025,moirai,autoarima,4904,4904,0
DIA,fz0_0p025,moirai,autoets,4904,4904,0
DIA,fz0_0p025,moirai,chronos,4904,4904,0
DIA,fz0_0p025,moirai,ewma,4904,4904,0
DIA,fz0_0p025,moirai,garch11,4904,4904,0
DIA,fz0_0p025,moirai,garch11_t,4904,4904,0
DIA,fz0_0p025,moirai,gjr,4904,4904,0
DIA,fz0_0p025,moirai,har,4904,4904,0
DIA,fz0_0p025,moirai,lgbm,4904,4904,0
DIA,fz0_0p025,moirai,moirai,4904,4904,0
DIA,fz0_0p025,moirai,naive,4904,4904,0
DIA,fz0_0p025,moirai,patchtst,4904,4904,0
DIA,fz0_0p025,moirai,timesfm,4904,4904,0
DIA,fz0_0p025,naive,autoarima,4904,4904,0
DIA,fz0_0p025,naive,autoets,4904,4904,0
DIA,fz0_0p025,naive,chronos,4904,4904,0
DIA,fz0_0p025,naive,ewma,4904,4904,0
DIA,fz0_0p025,naive,garch11,4904,4904,0
DIA,fz0_0p025,naive,garch11_t,4904,4904,0
DIA,fz0_0p025,naive,gjr,4904,4904,0
DIA,fz0_0p025,naive,har,4904,4904,0
DIA,fz0_0p025,naive,lgbm,4904,4904,0
DIA,fz0_0p025,naive,moirai,4904,4904,0
DIA,fz0_0p025,naive,naive,4904,4904,0
DIA,fz0_0p025,naive,patchtst,4904,4904,0
DIA,fz0_0p025,naive,timesfm,4904,4904,0
DIA,fz0_0p025,patchtst,autoarima,4904,4904,0
DIA,fz0_0p025,patchtst,autoets,4904,4904,0
DIA,fz0_0p025,patchtst,chronos,4904,4904,0
DIA,fz0_0p025,patchtst,ewma,4904,4904,0
DIA,fz0_0p025,patchtst,garch11,4904,4904,0
DIA,fz0_0p025,patchtst,garch11_t,4904,4904,0
DIA,fz0_0p025,patchtst,gjr,4904,4904,0
DIA,fz0_0p025,patchtst,har,4904,4904,0
DIA,fz0_0p025,patchtst,lgbm,4904,4904,0
DIA,fz0_0p025,patchtst,moirai,4904,4904,0
DIA,fz0_0p025,patchtst,naive,4904,4904,0
DIA,fz0_0p025,patchtst,patchtst,4904,4904,0
DIA,fz0_0p025,patchtst,timesfm,4904,4904,0
DIA,fz0_0p025,timesfm,autoarima,4904,4904,0
DIA,fz0_0p025,timesfm,autoets,4904,4904,0
DIA,fz0_0p025,timesfm,chronos,4904,4904,0
DIA,fz0_0p025,timesfm,ewma,4904,4904,0
DIA,fz0_0p025,timesfm,garch11,4904,4904,0
DIA,fz0_0p025,timesfm,garch11_t,4904,4904,0
DIA,fz0_0p025,timesfm,gjr,4904,4904,0
DIA,fz0_0p025,timesfm,har,4904,4904,0
DIA,fz0_0p025,timesfm,lgbm,4904,4904,0
DIA,fz0_0p025,timesfm,moirai,4904,4904,0
DIA,fz0_0p025,timesfm,naive,4904,4904,0
DIA,fz0_0p025,timesfm,patchtst,4904,4904,0
DIA,fz0_0p025,timesfm,timesfm,4904,4904,0
DIA,fz0_0p05,autoarima,autoarima,4904,4904,0
DIA,fz0_0p05,autoarima,autoets,4904,4904,0
DIA,fz0_0p05,autoarima,chronos,4904,4904,0
DIA,fz0_0p05,autoarima,ewma,4904,4904,0
DIA,fz0_0p05,autoarima,garch11,4904,4904,0
DIA,fz0_0p05,autoarima,garch11_t,4904,4904,0
DIA,fz0_0p05,autoarima,gjr,4904,4904,0
DIA,fz0_0p05,autoarima,har,4904,4904,0
DIA,fz0_0p05,autoarima,lgbm,4904,4904,0
DIA,fz0_0p05,autoarima,moirai,4904,4904,0
DIA,fz0_0p05,autoarima,naive,4904,4904,0
DIA,fz0_0p05,autoarima,patchtst,4904,4904,0
DIA,fz0_0p05,autoarima,timesfm,4904,4904,0
DIA,fz0_0p05,autoets,autoarima,4904,4904,0
DIA,fz0_0p05,autoets,autoets,4904,4904,0
DIA,fz0_0p05,autoets,chronos,4904,4904,0
DIA,fz0_0p05,autoets,ewma,4904,4904,0
DIA,fz0_0p05,autoets,garch11,4904,4904,0
DIA,fz0_0p05,autoets,garch11_t,4904,4904,0
DIA,fz0_0p05,autoets,gjr,4904,4904,0
DIA,fz0_0p05,autoets,har,4904,4904,0
DIA,fz0_0p05,autoets,lgbm,4904,4904,0
DIA,fz0_0p05,autoets,moirai,4904,4904,0
DIA,fz0_0p05,autoets,naive,4904,4904,0
DIA,fz0_0p05,autoets,patchtst,4904,4904,0
DIA,fz0_0p05,autoets,timesfm,4904,4904,0
DIA,fz0_0p05,chronos,autoarima,4904,4904,0
DIA,fz0_0p05,chronos,autoets,4904,4904,0
DIA,fz0_0p05,chronos,chronos,4904,4904,0
DIA,fz0_0p05,chronos,ewma,4904,4904,0
DIA,fz0_0p05,chronos,garch11,4904,4904,0
DIA,fz0_0p05,chronos,garch11_t,4904,4904,0
DIA,fz0_0p05,chronos,gjr,4904,4904,0
DIA,fz0_0p05,chronos,har,4904,4904,0
DIA,fz0_0p05,chronos,lgbm,4904,4904,0
DIA,fz0_0p05,chronos,moirai,4904,4904,0
DIA,fz0_0p05,chronos,naive,4904,4904,0
DIA,fz0_0p05,chronos,patchtst,4904,4904,0
DIA,fz0_0p05,chronos,timesfm,4904,4904,0
DIA,fz0_0p05,ewma,autoarima,4904,4904,0
DIA,fz0_0p05,ewma,autoets,4904,4904,0
DIA,fz0_0p05,ewma,chronos,4904,4904,0
DIA,fz0_0p05,ewma,ewma,4904,4904,0
DIA,fz0_0p05,ewma,garch11,4904,4904,0
DIA,fz0_0p05,ewma,garch11_t,4904,4904,0
DIA,fz0_0p05,ewma,gjr,4904,4904,0
DIA,fz0_0p05,ewma,har,4904,4904,0
DIA,fz0_0p05,ewma,lgbm,4904,4904,0
DIA,fz0_0p05,ewma,moirai,4904,4904,0
DIA,fz0_0p05,ewma,naive,4904,4904,0
DIA,fz0_0p05,ewma,patchtst,4904,4904,0
DIA,fz0_0p05,ewma,timesfm,4904,4904,0
DIA,fz0_0p05,garch11,autoarima,4904,4904,0
DIA,fz0_0p05,garch11,autoets,4904,4904,0
DIA,fz0_0p05,garch11,chronos,4904,4904,0
DIA,fz0_0p05,garch11,ewma,4904,4904,0
DIA,fz0_0p05,garch11,garch11,4904,4904,0
DIA,fz0_0p05,garch11,garch11_t,4904,4904,0
DIA,fz0_0p05,garch11,gjr,4904,4904,0
DIA,fz0_0p05,garch11,har,4904,4904,0
DIA,fz0_0p05,garch11,lgbm,4904,4904,0
DIA,fz0_0p05,garch11,moirai,4904,4904,0
DIA,fz0_0p05,garch11,naive,4904,4904,0
DIA,fz0_0p05,garch11,patchtst,4904,4904,0
DIA,fz0_0p05,garch11,timesfm,4904,4904,0
DIA,fz0_0p05,garch11_t,autoarima,4904,4904,0
DIA,fz0_0p05,garch11_t,autoets,4904,4904,0
DIA,fz0_0p05,garch11_t,chronos,4904,4904,0
DIA,fz0_0p05,garch11_t,ewma,4904,4904,0
DIA,fz0_0p05,garch11_t,garch11,4904,4904,0
DIA,fz0_0p05,garch11_t,garch11_t,4904,4904,0
DIA,fz0_0p05,garch11_t,gjr,4904,4904,0
DIA,fz0_0p05,garch11_t,har,4904,4904,0
DIA,fz0_0p05,garch11_t,lgbm,4904,4904,0
DIA,fz0_0p05,garch11_t,moirai,4904,4904,0
DIA,fz0_0p05,garch11_t,naive,4904,4904,0
DIA,fz0_0p05,garch11_t,patchtst,4904,4904,0
DIA,fz0_0p05,garch11_t,timesfm,4904,4904,0
DIA,fz0_0p05,gjr,autoarima,4904,4904,0
DIA,fz0_0p05,gjr,autoets,4904,4904,0
DIA,fz0_0p05,gjr,chronos,4904,4904,0
DIA,fz0_0p05,gjr,ewma,4904,4904,0
DIA,fz0_0p05,gjr,garch11,4904,4904,0
DIA,fz0_0p05,gjr,garch11_t,4904,4904,0
DIA,fz0_0p05,gjr,gjr,4904,4904,0
DIA,fz0_0p05,gjr,har,4904,4904,0
DIA,fz0_0p05,gjr,lgbm,4904,4904,0
DIA,fz0_0p05,gjr,moirai,4904,4904,0
DIA,fz0_0p05,gjr,naive,4904,4904,0
DIA,fz0_0p05,gjr,patchtst,4904,4904,0
DIA,fz0_0p05,gjr,timesfm,4904,4904,0
DIA,fz0_0p05,har,autoarima,4904,4904,0
DIA,fz0_0p05,har,autoets,4904,4904,0
DIA,fz0_0p05,har,chronos,4904,4904,0
DIA,fz0_0p05,har,ewma,4904,4904,0
DIA,fz0_0p05,har,garch11,4904,4904,0
DIA,fz0_0p05,har,garch11_t,4904,4904,0
DIA,fz0_0p05,har,gjr,4904,4904,0
DIA,fz0_0p05,har,har,4904,4904,0
DIA,fz0_0p05,har,lgbm,4904,4904,0
DIA,fz0_0p05,har,moirai,4904,4904,0
DIA,fz0_0p05,har,naive,4904,4904,0
DIA,fz0_0p05,har,patchtst,4904,4904,0
DIA,fz0_0p05,har,timesfm,4904,4904,0
DIA,fz0_0p05,lgbm,autoarima,4904,4904,0
DIA,fz0_0p05,lgbm,autoets,4904,4904,0
DIA,fz0_0p05,lgbm,chronos,4904,4904,0
DIA,fz0_0p05,lgbm,ewma,4904,4904,0
DIA,fz0_0p05,lgbm,garch11,4904,4904,0
DIA,fz0_0p05,lgbm,garch11_t,4904,4904,0
DIA,fz0_0p05,lgbm,gjr,4904,4904,0
DIA,fz0_0p05,lgbm,har,4904,4904,0
DIA,fz0_0p05,lgbm,lgbm,4904,4904,0
DIA,fz0_0p05,lgbm,moirai,4904,4904,0
DIA,fz0_0p05,lgbm,naive,4904,4904,0
DIA,fz0_0p05,lgbm,patchtst,4904,4904,0
DIA,fz0_0p05,lgbm,timesfm,4904,4904,0
DIA,fz0_0p05,moirai,autoarima,4904,4904,0
DIA,fz0_0p05,moirai,autoets,4904,4904,0
DIA,fz0_0p05,moirai,chronos,4904,4904,0
DIA,fz0_0p05,moirai,ewma,4904,4904,0
DIA,fz0_0p05,moirai,garch11,4904,4904,0
DIA,fz0_0p05,moirai,garch11_t,4904,4904,0
DIA,fz0_0p05,moirai,gjr,4904,4904,0
DIA,fz0_0p05,moirai,har,4904,4904,0
DIA,fz0_0p05,moirai,lgbm,4904,4904,0
DIA,fz0_0p05,moirai,moirai,4904,4904,0
DIA,fz0_0p05,moirai,naive,4904,4904,0
DIA,fz0_0p05,moirai,patchtst,4904,4904,0
DIA,fz0_0p05,moirai,timesfm,4904,4904,0
DIA,fz0_0p05,naive,autoarima,4904,4904,0
DIA,fz0_0p05,naive,autoets,4904,4904,0
DIA,fz0_0p05,naive,chronos,4904,4904,0
DIA,fz0_0p05,naive,ewma,4904,4904,0
DIA,fz0_0p05,naive,garch11,4904,4904,0
DIA,fz0_0p05,naive,garch11_t,4904,4904,0
DIA,fz0_0p05,naive,gjr,4904,4904,0
DIA,fz0_0p05,naive,har,4904,4904,0
DIA,fz0_0p05,naive,lgbm,4904,4904,0
DIA,fz0_0p05,naive,moirai,4904,4904,0
DIA,fz0_0p05,naive,naive,4904,4904,0
DIA,fz0_0p05,naive,patchtst,4904,4904,0
DIA,fz0_0p05,naive,timesfm,4904,4904,0
DIA,fz0_0p05,patchtst,autoarima,4904,4904,0
DIA,fz0_0p05,patchtst,autoets,4904,4904,0
DIA,fz0_0p05,patchtst,chronos,4904,4904,0
DIA,fz0_0p05,patchtst,ewma,4904,4904,0
DIA,fz0_0p05,patchtst,garch11,4904,4904,0
DIA,fz0_0p05,patchtst,garch11_t,4904,4904,0
DIA,fz0_0p05,patchtst,gjr,4904,4904,0
DIA,fz0_0p05,patchtst,har,4904,4904,0
DIA,fz0_0p05,patchtst,lgbm,4904,4904,0
DIA,fz0_0p05,patchtst,moirai,4904,4904,0
DIA,fz0_0p05,patchtst,naive,4904,4904,0
DIA,fz0_0p05,patchtst,patchtst,4904,4904,0
DIA,fz0_0p05,patchtst,timesfm,4904,4904,0
DIA,fz0_0p05,timesfm,autoarima,4904,4904,0
DIA,fz0_0p05,timesfm,autoets,4904,4904,0
DIA,fz0_0p05,timesfm,chronos,4904,4904,0
DIA,fz0_0p05,timesfm,ewma,4904,4904,0
DIA,fz0_0p05,timesfm,garch11,4904,4904,0
DIA,fz0_0p05,timesfm,garch11_t,4904,4904,0
DIA,fz0_0p05,timesfm,gjr,4904,4904,0
DIA,fz0_0p05,timesfm,har,4904,4904,0
DIA,fz0_0p05,timesfm,lgbm,4904,4904,0
DIA,fz0_0p05,timesfm,moirai,4904,4904,0
DIA,fz0_0p05,timesfm,naive,4904,4904,0
DIA,fz0_0p05,timesfm,patchtst,4904,4904,0
DIA,fz0_0p05,timesfm,timesfm,4904,4904,0
DIA,fz0_avg,autoarima,autoarima,4904,4904,0
DIA,fz0_avg,autoarima,autoets,4904,4904,0
DIA,fz0_avg,autoarima,chronos,4904,4904,0
DIA,fz0_avg,autoarima,ewma,4904,4904,0
DIA,fz0_avg,autoarima,garch11,4904,4904,0
DIA,fz0_avg,autoarima,garch11_t,4904,4904,0
DIA,fz0_avg,autoarima,gjr,4904,4904,0
DIA,fz0_avg,autoarima,har,4904,4904,0
DIA,fz0_avg,autoarima,lgbm,4904,4904,0
DIA,fz0_avg,autoarima,moirai,4904,4904,0
DIA,fz0_avg,autoarima,naive,4904,4904,0
DIA,fz0_avg,autoarima,patchtst,4904,4904,0
DIA,fz0_avg,autoarima,timesfm,4904,4904,0
DIA,fz0_avg,autoets,autoarima,4904,4904,0
DIA,fz0_avg,autoets,autoets,4904,4904,0
DIA,fz0_avg,autoets,chronos,4904,4904,0
DIA,fz0_avg,autoets,ewma,4904,4904,0
DIA,fz0_avg,autoets,garch11,4904,4904,0
DIA,fz0_avg,autoets,garch11_t,4904,4904,0
DIA,fz0_avg,autoets,gjr,4904,4904,0
DIA,fz0_avg,autoets,har,4904,4904,0
DIA,fz0_avg,autoets,lgbm,4904,4904,0
DIA,fz0_avg,autoets,moirai,4904,4904,0
DIA,fz0_avg,autoets,naive,4904,4904,0
DIA,fz0_avg,autoets,patchtst,4904,4904,0
DIA,fz0_avg,autoets,timesfm,4904,4904,0
DIA,fz0_avg,chronos,autoarima,4904,4904,0
DIA,fz0_avg,chronos,autoets,4904,4904,0
DIA,fz0_avg,chronos,chronos,4904,4904,0
DIA,fz0_avg,chronos,ewma,4904,4904,0
DIA,fz0_avg,chronos,garch11,4904,4904,0
DIA,fz0_avg,chronos,garch11_t,4904,4904,0
DIA,fz0_avg,chronos,gjr,4904,4904,0
DIA,fz0_avg,chronos,har,4904,4904,0
DIA,fz0_avg,chronos,lgbm,4904,4904,0
DIA,fz0_avg,chronos,moirai,4904,4904,0
DIA,fz0_avg,chronos,naive,4904,4904,0
DIA,fz0_avg,chronos,patchtst,4904,4904,0
DIA,fz0_avg,chronos,timesfm,4904,4904,0
DIA,fz0_avg,ewma,autoarima,4904,4904,0
DIA,fz0_avg,ewma,autoets,4904,4904,0
DIA,fz0_avg,ewma,chronos,4904,4904,0
DIA,fz0_avg,ewma,ewma,4904,4904,0
DIA,fz0_avg,ewma,garch11,4904,4904,0
DIA,fz0_avg,ewma,garch11_t,4904,4904,0
DIA,fz0_avg,ewma,gjr,4904,4904,0
DIA,fz0_avg,ewma,har,4904,4904,0
DIA,fz0_avg,ewma,lgbm,4904,4904,0
DIA,fz0_avg,ewma,moirai,4904,4904,0
DIA,fz0_avg,ewma,naive,4904,4904,0
DIA,fz0_avg,ewma,patchtst,4904,4904,0
DIA,fz0_avg,ewma,timesfm,4904,4904,0
DIA,fz0_avg,garch11,autoarima,4904,4904,0
DIA,fz0_avg,garch11,autoets,4904,4904,0
DIA,fz0_avg,garch11,chronos,4904,4904,0
DIA,fz0_avg,garch11,ewma,4904,4904,0
DIA,fz0_avg,garch11,garch11,4904,4904,0
DIA,fz0_avg,garch11,garch11_t,4904,4904,0
DIA,fz0_avg,garch11,gjr,4904,4904,0
DIA,fz0_avg,garch11,har,4904,4904,0
DIA,fz0_avg,garch11,lgbm,4904,4904,0
DIA,fz0_avg,garch11,moirai,4904,4904,0
DIA,fz0_avg,garch11,naive,4904,4904,0
DIA,fz0_avg,garch11,patchtst,4904,4904,0
DIA,fz0_avg,garch11,timesfm,4904,4904,0
DIA,fz0_avg,garch11_t,autoarima,4904,4904,0
DIA,fz0_avg,garch11_t,autoets,4904,4904,0
DIA,fz0_avg,garch11_t,chronos,4904,4904,0
DIA,fz0_avg,garch11_t,ewma,4904,4904,0
DIA,fz0_avg,garch11_t,garch11,4904,4904,0
DIA,fz0_avg,garch11_t,garch11_t,4904,4904,0
DIA,fz0_avg,garch11_t,gjr,4904,4904,0
DIA,fz0_avg,garch11_t,har,4904,4904,0
DIA,fz0_avg,garch11_t,lgbm,4904,4904,0
DIA,fz0_avg,garch11_t,moirai,4904,4904,0
DIA,fz0_avg,garch11_t,naive,4904,4904,0
DIA,fz0_avg,garch11_t,patchtst,4904,4904,0
DIA,fz0_avg,garch11_t,timesfm,4904,4904,0
DIA,fz0_avg,gjr,autoarima,4904,4904,0
DIA,fz0_avg,gjr,autoets,4904,4904,0
DIA,fz0_avg,gjr,chronos,4904,4904,0
DIA,fz0_avg,gjr,ewma,4904,4904,0
DIA,fz0_avg,gjr,garch11,4904,4904,0
DIA,fz0_avg,gjr,garch11_t,4904,4904,0
DIA,fz0_avg,gjr,gjr,4904,4904,0
DIA,fz0_avg,gjr,har,4904,4904,0
DIA,fz0_avg,gjr,lgbm,4904,4904,0
DIA,fz0_avg,gjr,moirai,4904,4904,0
DIA,fz0_avg,gjr,naive,4904,4904,0
DIA,fz0_avg,gjr,patchtst,4904,4904,0
DIA,fz0_avg,gjr,timesfm,4904,4904,0
DIA,fz0_avg,har,autoarima,4904,4904,0
DIA,fz0_avg,har,autoets,4904,4904,0
DIA,fz0_avg,har,chronos,4904,4904,0
DIA,fz0_avg,har,ewma,4904,4904,0
DIA,fz0_avg,har,garch11,4904,4904,0
DIA,fz0_avg,har,garch11_t,4904,4904,0
DIA,fz0_avg,har,gjr,4904,4904,0
DIA,fz0_avg,har,har,4904,4904,0
DIA,fz0_avg,har,lgbm,4904,4904,0
DIA,fz0_avg,har,moirai,4904,4904,0
DIA,fz0_avg,har,naive,4904,4904,0
DIA,fz0_avg,har,patchtst,4904,4904,0
DIA,fz0_avg,har,timesfm,4904,4904,0
DIA,fz0_avg,lgbm,autoarima,4904,4904,0
DIA,fz0_avg,lgbm,autoets,4904,4904,0
DIA,fz0_avg,lgbm,chronos,4904,4904,0
DIA,fz0_avg,lgbm,ewma,4904,4904,0
DIA,fz0_avg,lgbm,garch11,4904,4904,0
DIA,fz0_avg,lgbm,garch11_t,4904,4904,0
DIA,fz0_avg,lgbm,gjr,4904,4904,0
DIA,fz0_avg,lgbm,har,4904,4904,0
DIA,fz0_avg,lgbm,lgbm,4904,4904,0
DIA,fz0_avg,lgbm,moirai,4904,4904,0
DIA,fz0_avg,lgbm,naive,4904,4904,0
DIA,fz0_avg,lgbm,patchtst,4904,4904,0
DIA,fz0_avg,lgbm,timesfm,4904,4904,0
DIA,fz0_avg,moirai,autoarima,4904,4904,0
DIA,fz0_avg,moirai,autoets,4904,4904,0
DIA,fz0_avg,moirai,chronos,4904,4904,0
DIA,fz0_avg,moirai,ewma,4904,4904,0
DIA,fz0_avg,moirai,garch11,4904,4904,0
DIA,fz0_avg,moirai,garch11_t,4904,4904,0
DIA,fz0_avg,moirai,gjr,4904,4904,0
DIA,fz0_avg,moirai,har,4904,4904,0
DIA,fz0_avg,moirai,lgbm,4904,4904,0
DIA,fz0_avg,moirai,moirai,4904,4904,0
DIA,fz0_avg,moirai,naive,4904,4904,0
DIA,fz0_avg,moirai,patchtst,4904,4904,0
DIA,fz0_avg,moirai,timesfm,4904,4904,0
DIA,fz0_avg,naive,autoarima,4904,4904,0
DIA,fz0_avg,naive,autoets,4904,4904,0
DIA,fz0_avg,naive,chronos,4904,4904,0
DIA,fz0_avg,naive,ewma,4904,4904,0
DIA,fz0_avg,naive,garch11,4904,4904,0
DIA,fz0_avg,naive,garch11_t,4904,4904,0
DIA,fz0_avg,naive,gjr,4904,4904,0
DIA,fz0_avg,naive,har,4904,4904,0
DIA,fz0_avg,naive,lgbm,4904,4904,0
DIA,fz0_avg,naive,moirai,4904,4904,0
DIA,fz0_avg,naive,naive,4904,4904,0
DIA,fz0_avg,naive,patchtst,4904,4904,0
DIA,fz0_avg,naive,timesfm,4904,4904,0
DIA,fz0_avg,patchtst,autoarima,4904,4904,0
DIA,fz0_avg,patchtst,autoets,4904,4904,0
DIA,fz0_avg,patchtst,chronos,4904,4904,0
DIA,fz0_avg,patchtst,ewma,4904,4904,0
DIA,fz0_avg,patchtst,garch11,4904,4904,0
DIA,fz0_avg,patchtst,garch11_t,4904,4904,0
DIA,fz0_avg,patchtst,gjr,4904,4904,0
DIA,fz0_avg,patchtst,har,4904,4904,0
DIA,fz0_avg,patchtst,lgbm,4904,4904,0
DIA,fz0_avg,patchtst,moirai,4904,4904,0
DIA,fz0_avg,patchtst,naive,4904,4904,0
DIA,fz0_avg,patchtst,patchtst,4904,4904,0
DIA,fz0_avg,patchtst,timesfm,4904,4904,0
DIA,fz0_avg,timesfm,autoarima,4904,4904,0
DIA,fz0_avg,timesfm,autoets,4904,4904,0
DIA,fz0_avg,timesfm,chronos,4904,4904,0
DIA,fz0_avg,timesfm,ewma,4904,4904,0
DIA,fz0_avg,timesfm,garch11,4904,4904,0
DIA,fz0_avg,timesfm,garch11_t,4904,4904,0
DIA,fz0_avg,timesfm,gjr,4904,4904,0
DIA,fz0_avg,timesfm,har,4904,4904,0
DIA,fz0_avg,timesfm,lgbm,4904,4904,0
DIA,fz0_avg,timesfm,moirai,4904,4904,0
DIA,fz0_avg,timesfm,naive,4904,4904,0
DIA,fz0_avg,timesfm,patchtst,4904,4904,0
DIA,fz0_avg,timesfm,timesfm,4904,4904,0
ETH-USD,crps,autoarima,autoarima,2791,2791,0
ETH-USD,crps,autoarima,autoets,2791,2791,0
ETH-USD,crps,autoarima,chronos,2791,2791,0
ETH-USD,crps,autoarima,ewma,2791,2791,0
ETH-USD,crps,autoarima,garch11,2791,2791,0
ETH-USD,crps,autoarima,garch11_t,2791,2791,0
ETH-USD,crps,autoarima,gjr,2791,2791,0
ETH-USD,crps,autoarima,har,2791,2791,0
ETH-USD,crps,autoarima,lgbm,2791,2791,0
ETH-USD,crps,autoarima,moirai,2791,2791,0
ETH-USD,crps,autoarima,naive,2791,2791,0
ETH-USD,crps,autoarima,patchtst,2791,2791,0
ETH-USD,crps,autoarima,timesfm,2791,2791,0
ETH-USD,crps,autoets,autoarima,2791,2791,0
ETH-USD,crps,autoets,autoets,2791,2791,0
ETH-USD,crps,autoets,chronos,2791,2791,0
ETH-USD,crps,autoets,ewma,2791,2791,0
ETH-USD,crps,autoets,garch11,2791,2791,0
ETH-USD,crps,autoets,garch11_t,2791,2791,0
ETH-USD,crps,autoets,gjr,2791,2791,0
ETH-USD,crps,autoets,har,2791,2791,0
ETH-USD,crps,autoets,lgbm,2791,2791,0
ETH-USD,crps,autoets,moirai,2791,2791,0
ETH-USD,crps,autoets,naive,2791,2791,0
ETH-USD,crps,autoets,patchtst,2791,2791,0
ETH-USD,crps,autoets,timesfm,2791,2791,0
ETH-USD,crps,chronos,autoarima,2791,2791,0
ETH-USD,crps,chronos,autoets,2791,2791,0
ETH-USD,crps,chronos,chronos,2791,2791,0
ETH-USD,crps,chronos,ewma,2791,2791,0
ETH-USD,crps,chronos,garch11,2791,2791,0
ETH-USD,crps,chronos,garch11_t,2791,2791,0
ETH-USD,crps,chronos,gjr,2791,2791,0
ETH-USD,crps,chronos,har,2791,2791,0
ETH-USD,crps,chronos,lgbm,2791,2791,0
ETH-USD,crps,chronos,moirai,2791,2791,0
ETH-USD,crps,chronos,naive,2791,2791,0
ETH-USD,crps,chronos,patchtst,2791,2791,0
ETH-USD,crps,chronos,timesfm,2791,2791,0
ETH-USD,crps,ewma,autoarima,2791,2791,0
ETH-USD,crps,ewma,autoets,2791,2791,0
ETH-USD,crps,ewma,chronos,2791,2791,0
ETH-USD,crps,ewma,ewma,2791,2791,0
ETH-USD,crps,ewma,garch11,2791,2791,0
ETH-USD,crps,ewma,garch11_t,2791,2791,0
ETH-USD,crps,ewma,gjr,2791,2791,0
ETH-USD,crps,ewma,har,2791,2791,0
ETH-USD,crps,ewma,lgbm,2791,2791,0
ETH-USD,crps,ewma,moirai,2791,2791,0
ETH-USD,crps,ewma,naive,2791,2791,0
ETH-USD,crps,ewma,patchtst,2791,2791,0
ETH-USD,crps,ewma,timesfm,2791,2791,0
ETH-USD,crps,garch11,autoarima,2791,2791,0
ETH-USD,crps,garch11,autoets,2791,2791,0
ETH-USD,crps,garch11,chronos,2791,2791,0
ETH-USD,crps,garch11,ewma,2791,2791,0
ETH-USD,crps,garch11,garch11,2791,2791,0
ETH-USD,crps,garch11,garch11_t,2791,2791,0
ETH-USD,crps,garch11,gjr,2791,2791,0
ETH-USD,crps,garch11,har,2791,2791,0
ETH-USD,crps,garch11,lgbm,2791,2791,0
ETH-USD,crps,garch11,moirai,2791,2791,0
ETH-USD,crps,garch11,naive,2791,2791,0
ETH-USD,crps,garch11,patchtst,2791,2791,0
ETH-USD,crps,garch11,timesfm,2791,2791,0
ETH-USD,crps,garch11_t,autoarima,2791,2791,0
ETH-USD,crps,garch11_t,autoets,2791,2791,0
ETH-USD,crps,garch11_t,chronos,2791,2791,0
ETH-USD,crps,garch11_t,ewma,2791,2791,0
ETH-USD,crps,garch11_t,garch11,2791,2791,0
ETH-USD,crps,garch11_t,garch11_t,2791,2791,0
ETH-USD,crps,garch11_t,gjr,2791,2791,0
ETH-USD,crps,garch11_t,har,2791,2791,0
ETH-USD,crps,garch11_t,lgbm,2791,2791,0
ETH-USD,crps,garch11_t,moirai,2791,2791,0
ETH-USD,crps,garch11_t,naive,2791,2791,0
ETH-USD,crps,garch11_t,patchtst,2791,2791,0
ETH-USD,crps,garch11_t,timesfm,2791,2791,0
ETH-USD,crps,gjr,autoarima,2791,2791,0
ETH-USD,crps,gjr,autoets,2791,2791,0
ETH-USD,crps,gjr,chronos,2791,2791,0
ETH-USD,crps,gjr,ewma,2791,2791,0
ETH-USD,crps,gjr,garch11,2791,2791,0
ETH-USD,crps,gjr,garch11_t,2791,2791,0
ETH-USD,crps,gjr,gjr,2791,2791,0
ETH-USD,crps,gjr,har,2791,2791,0
ETH-USD,crps,gjr,lgbm,2791,2791,0
ETH-USD,crps,gjr,moirai,2791,2791,0
ETH-USD,crps,gjr,naive,2791,2791,0
ETH-USD,crps,gjr,patchtst,2791,2791,0
ETH-USD,crps,gjr,timesfm,2791,2791,0
ETH-USD,crps,har,autoarima,2791,2791,0
ETH-USD,crps,har,autoets,2791,2791,0
ETH-USD,crps,har,chronos,2791,2791,0
ETH-USD,crps,har,ewma,2791,2791,0
ETH-USD,crps,har,garch11,2791,2791,0
ETH-USD,crps,har,garch11_t,2791,2791,0
ETH-USD,crps,har,gjr,2791,2791,0
ETH-USD,crps,har,har,2791,2791,0
ETH-USD,crps,har,lgbm,2791,2791,0
ETH-USD,crps,har,moirai,2791,2791,0
ETH-USD,crps,har,naive,2791,2791,0
ETH-USD,crps,har,patchtst,2791,2791,0
ETH-USD,crps,har,timesfm,2791,2791,0
ETH-USD,crps,lgbm,autoarima,2791,2791,0
ETH-USD,crps,lgbm,autoets,2791,2791,0
ETH-USD,crps,lgbm,chronos,2791,2791,0
ETH-USD,crps,lgbm,ewma,2791,2791,0
ETH-USD,crps,lgbm,garch11,2791,2791,0
ETH-USD,crps,lgbm,garch11_t,2791,2791,0
ETH-USD,crps,lgbm,gjr,2791,2791,0
ETH-USD,crps,lgbm,har,2791,2791,0
ETH-USD,crps,lgbm,lgbm,2791,2791,0
ETH-USD,crps,lgbm,moirai,2791,2791,0
ETH-USD,crps,lgbm,naive,2791,2791,0
ETH-USD,crps,lgbm,patchtst,2791,2791,0
ETH-USD,crps,lgbm,timesfm,2791,2791,0
ETH-USD,crps,moirai,autoarima,2791,2791,0
ETH-USD,crps,moirai,autoets,2791,2791,0
ETH-USD,crps,moirai,chronos,2791,2791,0
ETH-USD,crps,moirai,ewma,2791,2791,0
ETH-USD,crps,moirai,garch11,2791,2791,0
ETH-USD,crps,moirai,garch11_t,2791,2791,0
ETH-USD,crps,moirai,gjr,2791,2791,0
ETH-USD,crps,moirai,har,2791,2791,0
ETH-USD,crps,moirai,lgbm,2791,2791,0
ETH-USD,crps,moirai,moirai,2791,2791,0
ETH-USD,crps,moirai,naive,2791,2791,0
ETH-USD,crps,moirai,patchtst,2791,2791,0
ETH-USD,crps,moirai,timesfm,2791,2791,0
ETH-USD,crps,naive,autoarima,2791,2791,0
ETH-USD,crps,naive,autoets,2791,2791,0
ETH-USD,crps,naive,chronos,2791,2791,0
ETH-USD,crps,naive,ewma,2791,2791,0
ETH-USD,crps,naive,garch11,2791,2791,0
ETH-USD,crps,naive,garch11_t,2791,2791,0
ETH-USD,crps,naive,gjr,2791,2791,0
ETH-USD,crps,naive,har,2791,2791,0
ETH-USD,crps,naive,lgbm,2791,2791,0
ETH-USD,crps,naive,moirai,2791,2791,0
ETH-USD,crps,naive,naive,2791,2791,0
ETH-USD,crps,naive,patchtst,2791,2791,0
ETH-USD,crps,naive,timesfm,2791,2791,0
ETH-USD,crps,patchtst,autoarima,2791,2791,0
ETH-USD,crps,patchtst,autoets,2791,2791,0
ETH-USD,crps,patchtst,chronos,2791,2791,0
ETH-USD,crps,patchtst,ewma,2791,2791,0
ETH-USD,crps,patchtst,garch11,2791,2791,0
ETH-USD,crps,patchtst,garch11_t,2791,2791,0
ETH-USD,crps,patchtst,gjr,2791,2791,0
ETH-USD,crps,patchtst,har,2791,2791,0
ETH-USD,crps,patchtst,lgbm,2791,2791,0
ETH-USD,crps,patchtst,moirai,2791,2791,0
ETH-USD,crps,patchtst,naive,2791,2791,0
ETH-USD,crps,patchtst,patchtst,2791,2791,0
ETH-USD,crps,patchtst,timesfm,2791,2791,0
ETH-USD,crps,timesfm,autoarima,2791,2791,0
ETH-USD,crps,timesfm,autoets,2791,2791,0
ETH-USD,crps,timesfm,chronos,2791,2791,0
ETH-USD,crps,timesfm,ewma,2791,2791,0
ETH-USD,crps,timesfm,garch11,2791,2791,0
ETH-USD,crps,timesfm,garch11_t,2791,2791,0
ETH-USD,crps,timesfm,gjr,2791,2791,0
ETH-USD,crps,timesfm,har,2791,2791,0
ETH-USD,crps,timesfm,lgbm,2791,2791,0
ETH-USD,crps,timesfm,moirai,2791,2791,0
ETH-USD,crps,timesfm,naive,2791,2791,0
ETH-USD,crps,timesfm,patchtst,2791,2791,0
ETH-USD,crps,timesfm,timesfm,2791,2791,0
ETH-USD,log_score,autoarima,autoarima,2791,2791,0
ETH-USD,log_score,autoarima,autoets,2791,2791,0
ETH-USD,log_score,autoarima,chronos,2791,2791,0
ETH-USD,log_score,autoarima,ewma,2791,2791,0
ETH-USD,log_score,autoarima,garch11,2791,2791,0
ETH-USD,log_score,autoarima,garch11_t,2791,2791,0
ETH-USD,log_score,autoarima,gjr,2791,2791,0
ETH-USD,log_score,autoarima,har,2791,2791,0
ETH-USD,log_score,autoarima,lgbm,2791,2791,0
ETH-USD,log_score,autoarima,moirai,2791,2791,0
ETH-USD,log_score,autoarima,naive,2791,2791,0
ETH-USD,log_score,autoarima,patchtst,2791,2791,0
ETH-USD,log_score,autoarima,timesfm,2791,2791,0
ETH-USD,log_score,autoets,autoarima,2791,2791,0
ETH-USD,log_score,autoets,autoets,2791,2791,0
ETH-USD,log_score,autoets,chronos,2791,2791,0
ETH-USD,log_score,autoets,ewma,2791,2791,0
ETH-USD,log_score,autoets,garch11,2791,2791,0
ETH-USD,log_score,autoets,garch11_t,2791,2791,0
ETH-USD,log_score,autoets,gjr,2791,2791,0
ETH-USD,log_score,autoets,har,2791,2791,0
ETH-USD,log_score,autoets,lgbm,2791,2791,0
ETH-USD,log_score,autoets,moirai,2791,2791,0
ETH-USD,log_score,autoets,naive,2791,2791,0
ETH-USD,log_score,autoets,patchtst,2791,2791,0
ETH-USD,log_score,autoets,timesfm,2791,2791,0
ETH-USD,log_score,chronos,autoarima,2791,2791,0
ETH-USD,log_score,chronos,autoets,2791,2791,0
ETH-USD,log_score,chronos,chronos,2791,2791,0
ETH-USD,log_score,chronos,ewma,2791,2791,0
ETH-USD,log_score,chronos,garch11,2791,2791,0
ETH-USD,log_score,chronos,garch11_t,2791,2791,0
ETH-USD,log_score,chronos,gjr,2791,2791,0
ETH-USD,log_score,chronos,har,2791,2791,0
ETH-USD,log_score,chronos,lgbm,2791,2791,0
ETH-USD,log_score,chronos,moirai,2791,2791,0
ETH-USD,log_score,chronos,naive,2791,2791,0
ETH-USD,log_score,chronos,patchtst,2791,2791,0
ETH-USD,log_score,chronos,timesfm,2791,2791,0
ETH-USD,log_score,ewma,autoarima,2791,2791,0
ETH-USD,log_score,ewma,autoets,2791,2791,0
ETH-USD,log_score,ewma,chronos,2791,2791,0
ETH-USD,log_score,ewma,ewma,2791,2791,0
ETH-USD,log_score,ewma,garch11,2791,2791,0
ETH-USD,log_score,ewma,garch11_t,2791,2791,0
ETH-USD,log_score,ewma,gjr,2791,2791,0
ETH-USD,log_score,ewma,har,2791,2791,0
ETH-USD,log_score,ewma,lgbm,2791,2791,0
ETH-USD,log_score,ewma,moirai,2791,2791,0
ETH-USD,log_score,ewma,naive,2791,2791,0
ETH-USD,log_score,ewma,patchtst,2791,2791,0
ETH-USD,log_score,ewma,timesfm,2791,2791,0
ETH-USD,log_score,garch11,autoarima,2791,2791,0
ETH-USD,log_score,garch11,autoets,2791,2791,0
ETH-USD,log_score,garch11,chronos,2791,2791,0
ETH-USD,log_score,garch11,ewma,2791,2791,0
ETH-USD,log_score,garch11,garch11,2791,2791,0
ETH-USD,log_score,garch11,garch11_t,2791,2791,0
ETH-USD,log_score,garch11,gjr,2791,2791,0
ETH-USD,log_score,garch11,har,2791,2791,0
ETH-USD,log_score,garch11,lgbm,2791,2791,0
ETH-USD,log_score,garch11,moirai,2791,2791,0
ETH-USD,log_score,garch11,naive,2791,2791,0
ETH-USD,log_score,garch11,patchtst,2791,2791,0
ETH-USD,log_score,garch11,timesfm,2791,2791,0
ETH-USD,log_score,garch11_t,autoarima,2791,2791,0
ETH-USD,log_score,garch11_t,autoets,2791,2791,0
ETH-USD,log_score,garch11_t,chronos,2791,2791,0
ETH-USD,log_score,garch11_t,ewma,2791,2791,0
ETH-USD,log_score,garch11_t,garch11,2791,2791,0
ETH-USD,log_score,garch11_t,garch11_t,2791,2791,0
ETH-USD,log_score,garch11_t,gjr,2791,2791,0
ETH-USD,log_score,garch11_t,har,2791,2791,0
ETH-USD,log_score,garch11_t,lgbm,2791,2791,0
ETH-USD,log_score,garch11_t,moirai,2791,2791,0
ETH-USD,log_score,garch11_t,naive,2791,2791,0
ETH-USD,log_score,garch11_t,patchtst,2791,2791,0
ETH-USD,log_score,garch11_t,timesfm,2791,2791,0
ETH-USD,log_score,gjr,autoarima,2791,2791,0
ETH-USD,log_score,gjr,autoets,2791,2791,0
ETH-USD,log_score,gjr,chronos,2791,2791,0
ETH-USD,log_score,gjr,ewma,2791,2791,0
ETH-USD,log_score,gjr,garch11,2791,2791,0
ETH-USD,log_score,gjr,garch11_t,2791,2791,0
ETH-USD,log_score,gjr,gjr,2791,2791,0
ETH-USD,log_score,gjr,har,2791,2791,0
ETH-USD,log_score,gjr,lgbm,2791,2791,0
ETH-USD,log_score,gjr,moirai,2791,2791,0
ETH-USD,log_score,gjr,naive,2791,2791,0
ETH-USD,log_score,gjr,patchtst,2791,2791,0
ETH-USD,log_score,gjr,timesfm,2791,2791,0
ETH-USD,log_score,har,autoarima,2791,2791,0
ETH-USD,log_score,har,autoets,2791,2791,0
ETH-USD,log_score,har,chronos,2791,2791,0
ETH-USD,log_score,har,ewma,2791,2791,0
ETH-USD,log_score,har,garch11,2791,2791,0
ETH-USD,log_score,har,garch11_t,2791,2791,0
ETH-USD,log_score,har,gjr,2791,2791,0
ETH-USD,log_score,har,har,2791,2791,0
ETH-USD,log_score,har,lgbm,2791,2791,0
ETH-USD,log_score,har,moirai,2791,2791,0
ETH-USD,log_score,har,naive,2791,2791,0
ETH-USD,log_score,har,patchtst,2791,2791,0
ETH-USD,log_score,har,timesfm,2791,2791,0
ETH-USD,log_score,lgbm,autoarima,2791,2791,0
ETH-USD,log_score,lgbm,autoets,2791,2791,0
ETH-USD,log_score,lgbm,chronos,2791,2791,0
ETH-USD,log_score,lgbm,ewma,2791,2791,0
ETH-USD,log_score,lgbm,garch11,2791,2791,0
ETH-USD,log_score,lgbm,garch11_t,2791,2791,0
ETH-USD,log_score,lgbm,gjr,2791,2791,0
ETH-USD,log_score,lgbm,har,2791,2791,0
ETH-USD,log_score,lgbm,lgbm,2791,2791,0
ETH-USD,log_score,lgbm,moirai,2791,2791,0
ETH-USD,log_score,lgbm,naive,2791,2791,0
ETH-USD,log_score,lgbm,patchtst,2791,2791,0
ETH-USD,log_score,lgbm,timesfm,2791,2791,0
ETH-USD,log_score,moirai,autoarima,2791,2791,0
ETH-USD,log_score,moirai,autoets,2791,2791,0
ETH-USD,log_score,moirai,chronos,2791,2791,0
ETH-USD,log_score,moirai,ewma,2791,2791,0
ETH-USD,log_score,moirai,garch11,2791,2791,0
ETH-USD,log_score,moirai,garch11_t,2791,2791,0
ETH-USD,log_score,moirai,gjr,2791,2791,0
ETH-USD,log_score,moirai,har,2791,2791,0
ETH-USD,log_score,moirai,lgbm,2791,2791,0
ETH-USD,log_score,moirai,moirai,2791,2791,0
ETH-USD,log_score,moirai,naive,2791,2791,0
ETH-USD,log_score,moirai,patchtst,2791,2791,0
ETH-USD,log_score,moirai,timesfm,2791,2791,0
ETH-USD,log_score,naive,autoarima,2791,2791,0
ETH-USD,log_score,naive,autoets,2791,2791,0
ETH-USD,log_score,naive,chronos,2791,2791,0
ETH-USD,log_score,naive,ewma,2791,2791,0
ETH-USD,log_score,naive,garch11,2791,2791,0
ETH-USD,log_score,naive,garch11_t,2791,2791,0
ETH-USD,log_score,naive,gjr,2791,2791,0
ETH-USD,log_score,naive,har,2791,2791,0
ETH-USD,log_score,naive,lgbm,2791,2791,0
ETH-USD,log_score,naive,moirai,2791,2791,0
ETH-USD,log_score,naive,naive,2791,2791,0
ETH-USD,log_score,naive,patchtst,2791,2791,0
ETH-USD,log_score,naive,timesfm,2791,2791,0
ETH-USD,log_score,patchtst,autoarima,2791,2791,0
ETH-USD,log_score,patchtst,autoets,2791,2791,0
ETH-USD,log_score,patchtst,chronos,2791,2791,0
ETH-USD,log_score,patchtst,ewma,2791,2791,0
ETH-USD,log_score,patchtst,garch11,2791,2791,0
ETH-USD,log_score,patchtst,garch11_t,2791,2791,0
ETH-USD,log_score,patchtst,gjr,2791,2791,0
ETH-USD,log_score,patchtst,har,2791,2791,0
ETH-USD,log_score,patchtst,lgbm,2791,2791,0
ETH-USD,log_score,patchtst,moirai,2791,2791,0
ETH-USD,log_score,patchtst,naive,2791,2791,0
ETH-USD,log_score,patchtst,patchtst,2791,2791,0
ETH-USD,log_score,patchtst,timesfm,2791,2791,0
ETH-USD,log_score,timesfm,autoarima,2791,2791,0
ETH-USD,log_score,timesfm,autoets,2791,2791,0
ETH-USD,log_score,timesfm,chronos,2791,2791,0
ETH-USD,log_score,timesfm,ewma,2791,2791,0
ETH-USD,log_score,timesfm,garch11,2791,2791,0
ETH-USD,log_score,timesfm,garch11_t,2791,2791,0
ETH-USD,log_score,timesfm,gjr,2791,2791,0
ETH-USD,log_score,timesfm,har,2791,2791,0
ETH-USD,log_score,timesfm,lgbm,2791,2791,0
ETH-USD,log_score,timesfm,moirai,2791,2791,0
ETH-USD,log_score,timesfm,naive,2791,2791,0
ETH-USD,log_score,timesfm,patchtst,2791,2791,0
ETH-USD,log_score,timesfm,timesfm,2791,2791,0
ETH-USD,pinball_0p01,autoarima,autoarima,2791,2791,0
ETH-USD,pinball_0p01,autoarima,autoets,2791,2791,0
ETH-USD,pinball_0p01,autoarima,chronos,2791,2791,0
ETH-USD,pinball_0p01,autoarima,ewma,2791,2791,0
ETH-USD,pinball_0p01,autoarima,garch11,2791,2791,0
ETH-USD,pinball_0p01,autoarima,garch11_t,2791,2791,0
ETH-USD,pinball_0p01,autoarima,gjr,2791,2791,0
ETH-USD,pinball_0p01,autoarima,har,2791,2791,0
ETH-USD,pinball_0p01,autoarima,lgbm,2791,2791,0
ETH-USD,pinball_0p01,autoarima,moirai,2791,2791,0
ETH-USD,pinball_0p01,autoarima,naive,2791,2791,0
ETH-USD,pinball_0p01,autoarima,patchtst,2791,2791,0
ETH-USD,pinball_0p01,autoarima,timesfm,2791,2791,0
ETH-USD,pinball_0p01,autoets,autoarima,2791,2791,0
ETH-USD,pinball_0p01,autoets,autoets,2791,2791,0
ETH-USD,pinball_0p01,autoets,chronos,2791,2791,0
ETH-USD,pinball_0p01,autoets,ewma,2791,2791,0
ETH-USD,pinball_0p01,autoets,garch11,2791,2791,0
ETH-USD,pinball_0p01,autoets,garch11_t,2791,2791,0
ETH-USD,pinball_0p01,autoets,gjr,2791,2791,0
ETH-USD,pinball_0p01,autoets,har,2791,2791,0
ETH-USD,pinball_0p01,autoets,lgbm,2791,2791,0
ETH-USD,pinball_0p01,autoets,moirai,2791,2791,0
ETH-USD,pinball_0p01,autoets,naive,2791,2791,0
ETH-USD,pinball_0p01,autoets,patchtst,2791,2791,0
ETH-USD,pinball_0p01,autoets,timesfm,2791,2791,0
ETH-USD,pinball_0p01,chronos,autoarima,2791,2791,0
ETH-USD,pinball_0p01,chronos,autoets,2791,2791,0
ETH-USD,pinball_0p01,chronos,chronos,2791,2791,0
ETH-USD,pinball_0p01,chronos,ewma,2791,2791,0
ETH-USD,pinball_0p01,chronos,garch11,2791,2791,0
ETH-USD,pinball_0p01,chronos,garch11_t,2791,2791,0
ETH-USD,pinball_0p01,chronos,gjr,2791,2791,0
ETH-USD,pinball_0p01,chronos,har,2791,2791,0
ETH-USD,pinball_0p01,chronos,lgbm,2791,2791,0
ETH-USD,pinball_0p01,chronos,moirai,2791,2791,0
ETH-USD,pinball_0p01,chronos,naive,2791,2791,0
ETH-USD,pinball_0p01,chronos,patchtst,2791,2791,0
ETH-USD,pinball_0p01,chronos,timesfm,2791,2791,0
ETH-USD,pinball_0p01,ewma,autoarima,2791,2791,0
ETH-USD,pinball_0p01,ewma,autoets,2791,2791,0
ETH-USD,pinball_0p01,ewma,chronos,2791,2791,0
ETH-USD,pinball_0p01,ewma,ewma,2791,2791,0
ETH-USD,pinball_0p01,ewma,garch11,2791,2791,0
ETH-USD,pinball_0p01,ewma,garch11_t,2791,2791,0
ETH-USD,pinball_0p01,ewma,gjr,2791,2791,0
ETH-USD,pinball_0p01,ewma,har,2791,2791,0
ETH-USD,pinball_0p01,ewma,lgbm,2791,2791,0
ETH-USD,pinball_0p01,ewma,moirai,2791,2791,0
ETH-USD,pinball_0p01,ewma,naive,2791,2791,0
ETH-USD,pinball_0p01,ewma,patchtst,2791,2791,0
ETH-USD,pinball_0p01,ewma,timesfm,2791,2791,0
ETH-USD,pinball_0p01,garch11,autoarima,2791,2791,0
ETH-USD,pinball_0p01,garch11,autoets,2791,2791,0
ETH-USD,pinball_0p01,garch11,chronos,2791,2791,0
ETH-USD,pinball_0p01,garch11,ewma,2791,2791,0
ETH-USD,pinball_0p01,garch11,garch11,2791,2791,0
ETH-USD,pinball_0p01,garch11,garch11_t,2791,2791,0
ETH-USD,pinball_0p01,garch11,gjr,2791,2791,0
ETH-USD,pinball_0p01,garch11,har,2791,2791,0
ETH-USD,pinball_0p01,garch11,lgbm,2791,2791,0
ETH-USD,pinball_0p01,garch11,moirai,2791,2791,0
ETH-USD,pinball_0p01,garch11,naive,2791,2791,0
ETH-USD,pinball_0p01,garch11,patchtst,2791,2791,0
ETH-USD,pinball_0p01,garch11,timesfm,2791,2791,0
ETH-USD,pinball_0p01,garch11_t,autoarima,2791,2791,0
ETH-USD,pinball_0p01,garch11_t,autoets,2791,2791,0
ETH-USD,pinball_0p01,garch11_t,chronos,2791,2791,0
ETH-USD,pinball_0p01,garch11_t,ewma,2791,2791,0
ETH-USD,pinball_0p01,garch11_t,garch11,2791,2791,0
ETH-USD,pinball_0p01,garch11_t,garch11_t,2791,2791,0
ETH-USD,pinball_0p01,garch11_t,gjr,2791,2791,0
ETH-USD,pinball_0p01,garch11_t,har,2791,2791,0
ETH-USD,pinball_0p01,garch11_t,lgbm,2791,2791,0
ETH-USD,pinball_0p01,garch11_t,moirai,2791,2791,0
ETH-USD,pinball_0p01,garch11_t,naive,2791,2791,0
ETH-USD,pinball_0p01,garch11_t,patchtst,2791,2791,0
ETH-USD,pinball_0p01,garch11_t,timesfm,2791,2791,0
ETH-USD,pinball_0p01,gjr,autoarima,2791,2791,0
ETH-USD,pinball_0p01,gjr,autoets,2791,2791,0
ETH-USD,pinball_0p01,gjr,chronos,2791,2791,0
ETH-USD,pinball_0p01,gjr,ewma,2791,2791,0
ETH-USD,pinball_0p01,gjr,garch11,2791,2791,0
ETH-USD,pinball_0p01,gjr,garch11_t,2791,2791,0
ETH-USD,pinball_0p01,gjr,gjr,2791,2791,0
ETH-USD,pinball_0p01,gjr,har,2791,2791,0
ETH-USD,pinball_0p01,gjr,lgbm,2791,2791,0
ETH-USD,pinball_0p01,gjr,moirai,2791,2791,0
ETH-USD,pinball_0p01,gjr,naive,2791,2791,0
ETH-USD,pinball_0p01,gjr,patchtst,2791,2791,0
ETH-USD,pinball_0p01,gjr,timesfm,2791,2791,0
ETH-USD,pinball_0p01,har,autoarima,2791,2791,0
ETH-USD,pinball_0p01,har,autoets,2791,2791,0
ETH-USD,pinball_0p01,har,chronos,2791,2791,0
ETH-USD,pinball_0p01,har,ewma,2791,2791,0
ETH-USD,pinball_0p01,har,garch11,2791,2791,0
ETH-USD,pinball_0p01,har,garch11_t,2791,2791,0
ETH-USD,pinball_0p01,har,gjr,2791,2791,0
ETH-USD,pinball_0p01,har,har,2791,2791,0
ETH-USD,pinball_0p01,har,lgbm,2791,2791,0
ETH-USD,pinball_0p01,har,moirai,2791,2791,0
ETH-USD,pinball_0p01,har,naive,2791,2791,0
ETH-USD,pinball_0p01,har,patchtst,2791,2791,0
ETH-USD,pinball_0p01,har,timesfm,2791,2791,0
ETH-USD,pinball_0p01,lgbm,autoarima,2791,2791,0
ETH-USD,pinball_0p01,lgbm,autoets,2791,2791,0
ETH-USD,pinball_0p01,lgbm,chronos,2791,2791,0
ETH-USD,pinball_0p01,lgbm,ewma,2791,2791,0
ETH-USD,pinball_0p01,lgbm,garch11,2791,2791,0
ETH-USD,pinball_0p01,lgbm,garch11_t,2791,2791,0
ETH-USD,pinball_0p01,lgbm,gjr,2791,2791,0
ETH-USD,pinball_0p01,lgbm,har,2791,2791,0
ETH-USD,pinball_0p01,lgbm,lgbm,2791,2791,0
ETH-USD,pinball_0p01,lgbm,moirai,2791,2791,0
ETH-USD,pinball_0p01,lgbm,naive,2791,2791,0
ETH-USD,pinball_0p01,lgbm,patchtst,2791,2791,0
ETH-USD,pinball_0p01,lgbm,timesfm,2791,2791,0
ETH-USD,pinball_0p01,moirai,autoarima,2791,2791,0
ETH-USD,pinball_0p01,moirai,autoets,2791,2791,0
ETH-USD,pinball_0p01,moirai,chronos,2791,2791,0
ETH-USD,pinball_0p01,moirai,ewma,2791,2791,0
ETH-USD,pinball_0p01,moirai,garch11,2791,2791,0
ETH-USD,pinball_0p01,moirai,garch11_t,2791,2791,0
ETH-USD,pinball_0p01,moirai,gjr,2791,2791,0
ETH-USD,pinball_0p01,moirai,har,2791,2791,0
ETH-USD,pinball_0p01,moirai,lgbm,2791,2791,0
ETH-USD,pinball_0p01,moirai,moirai,2791,2791,0
ETH-USD,pinball_0p01,moirai,naive,2791,2791,0
ETH-USD,pinball_0p01,moirai,patchtst,2791,2791,0
ETH-USD,pinball_0p01,moirai,timesfm,2791,2791,0
ETH-USD,pinball_0p01,naive,autoarima,2791,2791,0
ETH-USD,pinball_0p01,naive,autoets,2791,2791,0
ETH-USD,pinball_0p01,naive,chronos,2791,2791,0
ETH-USD,pinball_0p01,naive,ewma,2791,2791,0
ETH-USD,pinball_0p01,naive,garch11,2791,2791,0
ETH-USD,pinball_0p01,naive,garch11_t,2791,2791,0
ETH-USD,pinball_0p01,naive,gjr,2791,2791,0
ETH-USD,pinball_0p01,naive,har,2791,2791,0
ETH-USD,pinball_0p01,naive,lgbm,2791,2791,0
ETH-USD,pinball_0p01,naive,moirai,2791,2791,0
ETH-USD,pinball_0p01,naive,naive,2791,2791,0
ETH-USD,pinball_0p01,naive,patchtst,2791,2791,0
ETH-USD,pinball_0p01,naive,timesfm,2791,2791,0
ETH-USD,pinball_0p01,patchtst,autoarima,2791,2791,0
ETH-USD,pinball_0p01,patchtst,autoets,2791,2791,0
ETH-USD,pinball_0p01,patchtst,chronos,2791,2791,0
ETH-USD,pinball_0p01,patchtst,ewma,2791,2791,0
ETH-USD,pinball_0p01,patchtst,garch11,2791,2791,0
ETH-USD,pinball_0p01,patchtst,garch11_t,2791,2791,0
ETH-USD,pinball_0p01,patchtst,gjr,2791,2791,0
ETH-USD,pinball_0p01,patchtst,har,2791,2791,0
ETH-USD,pinball_0p01,patchtst,lgbm,2791,2791,0
ETH-USD,pinball_0p01,patchtst,moirai,2791,2791,0
ETH-USD,pinball_0p01,patchtst,naive,2791,2791,0
ETH-USD,pinball_0p01,patchtst,patchtst,2791,2791,0
ETH-USD,pinball_0p01,patchtst,timesfm,2791,2791,0
ETH-USD,pinball_0p01,timesfm,autoarima,2791,2791,0
ETH-USD,pinball_0p01,timesfm,autoets,2791,2791,0
ETH-USD,pinball_0p01,timesfm,chronos,2791,2791,0
ETH-USD,pinball_0p01,timesfm,ewma,2791,2791,0
ETH-USD,pinball_0p01,timesfm,garch11,2791,2791,0
ETH-USD,pinball_0p01,timesfm,garch11_t,2791,2791,0
ETH-USD,pinball_0p01,timesfm,gjr,2791,2791,0
ETH-USD,pinball_0p01,timesfm,har,2791,2791,0
ETH-USD,pinball_0p01,timesfm,lgbm,2791,2791,0
ETH-USD,pinball_0p01,timesfm,moirai,2791,2791,0
ETH-USD,pinball_0p01,timesfm,naive,2791,2791,0
ETH-USD,pinball_0p01,timesfm,patchtst,2791,2791,0
ETH-USD,pinball_0p01,timesfm,timesfm,2791,2791,0
ETH-USD,pinball_0p025,autoarima,autoarima,2791,2791,0
ETH-USD,pinball_0p025,autoarima,autoets,2791,2791,0
ETH-USD,pinball_0p025,autoarima,chronos,2791,2791,0
ETH-USD,pinball_0p025,autoarima,ewma,2791,2791,0
ETH-USD,pinball_0p025,autoarima,garch11,2791,2791,0
ETH-USD,pinball_0p025,autoarima,garch11_t,2791,2791,0
ETH-USD,pinball_0p025,autoarima,gjr,2791,2791,0
ETH-USD,pinball_0p025,autoarima,har,2791,2791,0
ETH-USD,pinball_0p025,autoarima,lgbm,2791,2791,0
ETH-USD,pinball_0p025,autoarima,moirai,2791,2791,0
ETH-USD,pinball_0p025,autoarima,naive,2791,2791,0
ETH-USD,pinball_0p025,autoarima,patchtst,2791,2791,0
ETH-USD,pinball_0p025,autoarima,timesfm,2791,2791,0
ETH-USD,pinball_0p025,autoets,autoarima,2791,2791,0
ETH-USD,pinball_0p025,autoets,autoets,2791,2791,0
ETH-USD,pinball_0p025,autoets,chronos,2791,2791,0
ETH-USD,pinball_0p025,autoets,ewma,2791,2791,0
ETH-USD,pinball_0p025,autoets,garch11,2791,2791,0
ETH-USD,pinball_0p025,autoets,garch11_t,2791,2791,0
ETH-USD,pinball_0p025,autoets,gjr,2791,2791,0
ETH-USD,pinball_0p025,autoets,har,2791,2791,0
ETH-USD,pinball_0p025,autoets,lgbm,2791,2791,0
ETH-USD,pinball_0p025,autoets,moirai,2791,2791,0
ETH-USD,pinball_0p025,autoets,naive,2791,2791,0
ETH-USD,pinball_0p025,autoets,patchtst,2791,2791,0
ETH-USD,pinball_0p025,autoets,timesfm,2791,2791,0
ETH-USD,pinball_0p025,chronos,autoarima,2791,2791,0
ETH-USD,pinball_0p025,chronos,autoets,2791,2791,0
ETH-USD,pinball_0p025,chronos,chronos,2791,2791,0
ETH-USD,pinball_0p025,chronos,ewma,2791,2791,0
ETH-USD,pinball_0p025,chronos,garch11,2791,2791,0
ETH-USD,pinball_0p025,chronos,garch11_t,2791,2791,0
ETH-USD,pinball_0p025,chronos,gjr,2791,2791,0
ETH-USD,pinball_0p025,chronos,har,2791,2791,0
ETH-USD,pinball_0p025,chronos,lgbm,2791,2791,0
ETH-USD,pinball_0p025,chronos,moirai,2791,2791,0
ETH-USD,pinball_0p025,chronos,naive,2791,2791,0
ETH-USD,pinball_0p025,chronos,patchtst,2791,2791,0
ETH-USD,pinball_0p025,chronos,timesfm,2791,2791,0
ETH-USD,pinball_0p025,ewma,autoarima,2791,2791,0
ETH-USD,pinball_0p025,ewma,autoets,2791,2791,0
ETH-USD,pinball_0p025,ewma,chronos,2791,2791,0
ETH-USD,pinball_0p025,ewma,ewma,2791,2791,0
ETH-USD,pinball_0p025,ewma,garch11,2791,2791,0
ETH-USD,pinball_0p025,ewma,garch11_t,2791,2791,0
ETH-USD,pinball_0p025,ewma,gjr,2791,2791,0
ETH-USD,pinball_0p025,ewma,har,2791,2791,0
ETH-USD,pinball_0p025,ewma,lgbm,2791,2791,0
ETH-USD,pinball_0p025,ewma,moirai,2791,2791,0
ETH-USD,pinball_0p025,ewma,naive,2791,2791,0
ETH-USD,pinball_0p025,ewma,patchtst,2791,2791,0
ETH-USD,pinball_0p025,ewma,timesfm,2791,2791,0
ETH-USD,pinball_0p025,garch11,autoarima,2791,2791,0
ETH-USD,pinball_0p025,garch11,autoets,2791,2791,0
ETH-USD,pinball_0p025,garch11,chronos,2791,2791,0
ETH-USD,pinball_0p025,garch11,ewma,2791,2791,0
ETH-USD,pinball_0p025,garch11,garch11,2791,2791,0
ETH-USD,pinball_0p025,garch11,garch11_t,2791,2791,0
ETH-USD,pinball_0p025,garch11,gjr,2791,2791,0
ETH-USD,pinball_0p025,garch11,har,2791,2791,0
ETH-USD,pinball_0p025,garch11,lgbm,2791,2791,0
ETH-USD,pinball_0p025,garch11,moirai,2791,2791,0
ETH-USD,pinball_0p025,garch11,naive,2791,2791,0
ETH-USD,pinball_0p025,garch11,patchtst,2791,2791,0
ETH-USD,pinball_0p025,garch11,timesfm,2791,2791,0
ETH-USD,pinball_0p025,garch11_t,autoarima,2791,2791,0
ETH-USD,pinball_0p025,garch11_t,autoets,2791,2791,0
ETH-USD,pinball_0p025,garch11_t,chronos,2791,2791,0
ETH-USD,pinball_0p025,garch11_t,ewma,2791,2791,0
ETH-USD,pinball_0p025,garch11_t,garch11,2791,2791,0
ETH-USD,pinball_0p025,garch11_t,garch11_t,2791,2791,0
ETH-USD,pinball_0p025,garch11_t,gjr,2791,2791,0
ETH-USD,pinball_0p025,garch11_t,har,2791,2791,0
ETH-USD,pinball_0p025,garch11_t,lgbm,2791,2791,0
ETH-USD,pinball_0p025,garch11_t,moirai,2791,2791,0
ETH-USD,pinball_0p025,garch11_t,naive,2791,2791,0
ETH-USD,pinball_0p025,garch11_t,patchtst,2791,2791,0
ETH-USD,pinball_0p025,garch11_t,timesfm,2791,2791,0
ETH-USD,pinball_0p025,gjr,autoarima,2791,2791,0
ETH-USD,pinball_0p025,gjr,autoets,2791,2791,0
ETH-USD,pinball_0p025,gjr,chronos,2791,2791,0
ETH-USD,pinball_0p025,gjr,ewma,2791,2791,0
ETH-USD,pinball_0p025,gjr,garch11,2791,2791,0
ETH-USD,pinball_0p025,gjr,garch11_t,2791,2791,0
ETH-USD,pinball_0p025,gjr,gjr,2791,2791,0
ETH-USD,pinball_0p025,gjr,har,2791,2791,0
ETH-USD,pinball_0p025,gjr,lgbm,2791,2791,0
ETH-USD,pinball_0p025,gjr,moirai,2791,2791,0
ETH-USD,pinball_0p025,gjr,naive,2791,2791,0
ETH-USD,pinball_0p025,gjr,patchtst,2791,2791,0
ETH-USD,pinball_0p025,gjr,timesfm,2791,2791,0
ETH-USD,pinball_0p025,har,autoarima,2791,2791,0
ETH-USD,pinball_0p025,har,autoets,2791,2791,0
ETH-USD,pinball_0p025,har,chronos,2791,2791,0
ETH-USD,pinball_0p025,har,ewma,2791,2791,0
ETH-USD,pinball_0p025,har,garch11,2791,2791,0
ETH-USD,pinball_0p025,har,garch11_t,2791,2791,0
ETH-USD,pinball_0p025,har,gjr,2791,2791,0
ETH-USD,pinball_0p025,har,har,2791,2791,0
ETH-USD,pinball_0p025,har,lgbm,2791,2791,0
ETH-USD,pinball_0p025,har,moirai,2791,2791,0
ETH-USD,pinball_0p025,har,naive,2791,2791,0
ETH-USD,pinball_0p025,har,patchtst,2791,2791,0
ETH-USD,pinball_0p025,har,timesfm,2791,2791,0
ETH-USD,pinball_0p025,lgbm,autoarima,2791,2791,0
ETH-USD,pinball_0p025,lgbm,autoets,2791,2791,0
ETH-USD,pinball_0p025,lgbm,chronos,2791,2791,0
ETH-USD,pinball_0p025,lgbm,ewma,2791,2791,0
ETH-USD,pinball_0p025,lgbm,garch11,2791,2791,0
ETH-USD,pinball_0p025,lgbm,garch11_t,2791,2791,0
ETH-USD,pinball_0p025,lgbm,gjr,2791,2791,0
ETH-USD,pinball_0p025,lgbm,har,2791,2791,0
ETH-USD,pinball_0p025,lgbm,lgbm,2791,2791,0
ETH-USD,pinball_0p025,lgbm,moirai,2791,2791,0
ETH-USD,pinball_0p025,lgbm,naive,2791,2791,0
ETH-USD,pinball_0p025,lgbm,patchtst,2791,2791,0
ETH-USD,pinball_0p025,lgbm,timesfm,2791,2791,0
ETH-USD,pinball_0p025,moirai,autoarima,2791,2791,0
ETH-USD,pinball_0p025,moirai,autoets,2791,2791,0
ETH-USD,pinball_0p025,moirai,chronos,2791,2791,0
ETH-USD,pinball_0p025,moirai,ewma,2791,2791,0
ETH-USD,pinball_0p025,moirai,garch11,2791,2791,0
ETH-USD,pinball_0p025,moirai,garch11_t,2791,2791,0
ETH-USD,pinball_0p025,moirai,gjr,2791,2791,0
ETH-USD,pinball_0p025,moirai,har,2791,2791,0
ETH-USD,pinball_0p025,moirai,lgbm,2791,2791,0
ETH-USD,pinball_0p025,moirai,moirai,2791,2791,0
ETH-USD,pinball_0p025,moirai,naive,2791,2791,0
ETH-USD,pinball_0p025,moirai,patchtst,2791,2791,0
ETH-USD,pinball_0p025,moirai,timesfm,2791,2791,0
ETH-USD,pinball_0p025,naive,autoarima,2791,2791,0
ETH-USD,pinball_0p025,naive,autoets,2791,2791,0
ETH-USD,pinball_0p025,naive,chronos,2791,2791,0
ETH-USD,pinball_0p025,naive,ewma,2791,2791,0
ETH-USD,pinball_0p025,naive,garch11,2791,2791,0
ETH-USD,pinball_0p025,naive,garch11_t,2791,2791,0
ETH-USD,pinball_0p025,naive,gjr,2791,2791,0
ETH-USD,pinball_0p025,naive,har,2791,2791,0
ETH-USD,pinball_0p025,naive,lgbm,2791,2791,0
ETH-USD,pinball_0p025,naive,moirai,2791,2791,0
ETH-USD,pinball_0p025,naive,naive,2791,2791,0
ETH-USD,pinball_0p025,naive,patchtst,2791,2791,0
ETH-USD,pinball_0p025,naive,timesfm,2791,2791,0
ETH-USD,pinball_0p025,patchtst,autoarima,2791,2791,0
ETH-USD,pinball_0p025,patchtst,autoets,2791,2791,0
ETH-USD,pinball_0p025,patchtst,chronos,2791,2791,0
ETH-USD,pinball_0p025,patchtst,ewma,2791,2791,0
ETH-USD,pinball_0p025,patchtst,garch11,2791,2791,0
ETH-USD,pinball_0p025,patchtst,garch11_t,2791,2791,0
ETH-USD,pinball_0p025,patchtst,gjr,2791,2791,0
ETH-USD,pinball_0p025,patchtst,har,2791,2791,0
ETH-USD,pinball_0p025,patchtst,lgbm,2791,2791,0
ETH-USD,pinball_0p025,patchtst,moirai,2791,2791,0
ETH-USD,pinball_0p025,patchtst,naive,2791,2791,0
ETH-USD,pinball_0p025,patchtst,patchtst,2791,2791,0
ETH-USD,pinball_0p025,patchtst,timesfm,2791,2791,0
ETH-USD,pinball_0p025,timesfm,autoarima,2791,2791,0
ETH-USD,pinball_0p025,timesfm,autoets,2791,2791,0
ETH-USD,pinball_0p025,timesfm,chronos,2791,2791,0
ETH-USD,pinball_0p025,timesfm,ewma,2791,2791,0
ETH-USD,pinball_0p025,timesfm,garch11,2791,2791,0
ETH-USD,pinball_0p025,timesfm,garch11_t,2791,2791,0
ETH-USD,pinball_0p025,timesfm,gjr,2791,2791,0
ETH-USD,pinball_0p025,timesfm,har,2791,2791,0
ETH-USD,pinball_0p025,timesfm,lgbm,2791,2791,0
ETH-USD,pinball_0p025,timesfm,moirai,2791,2791,0
ETH-USD,pinball_0p025,timesfm,naive,2791,2791,0
ETH-USD,pinball_0p025,timesfm,patchtst,2791,2791,0
ETH-USD,pinball_0p025,timesfm,timesfm,2791,2791,0
ETH-USD,pinball_0p05,autoarima,autoarima,2791,2791,0
ETH-USD,pinball_0p05,autoarima,autoets,2791,2791,0
ETH-USD,pinball_0p05,autoarima,chronos,2791,2791,0
ETH-USD,pinball_0p05,autoarima,ewma,2791,2791,0
ETH-USD,pinball_0p05,autoarima,garch11,2791,2791,0
ETH-USD,pinball_0p05,autoarima,garch11_t,2791,2791,0
ETH-USD,pinball_0p05,autoarima,gjr,2791,2791,0
ETH-USD,pinball_0p05,autoarima,har,2791,2791,0
ETH-USD,pinball_0p05,autoarima,lgbm,2791,2791,0
ETH-USD,pinball_0p05,autoarima,moirai,2791,2791,0
ETH-USD,pinball_0p05,autoarima,naive,2791,2791,0
ETH-USD,pinball_0p05,autoarima,patchtst,2791,2791,0
ETH-USD,pinball_0p05,autoarima,timesfm,2791,2791,0
ETH-USD,pinball_0p05,autoets,autoarima,2791,2791,0
ETH-USD,pinball_0p05,autoets,autoets,2791,2791,0
ETH-USD,pinball_0p05,autoets,chronos,2791,2791,0
ETH-USD,pinball_0p05,autoets,ewma,2791,2791,0
ETH-USD,pinball_0p05,autoets,garch11,2791,2791,0
ETH-USD,pinball_0p05,autoets,garch11_t,2791,2791,0
ETH-USD,pinball_0p05,autoets,gjr,2791,2791,0
ETH-USD,pinball_0p05,autoets,har,2791,2791,0
ETH-USD,pinball_0p05,autoets,lgbm,2791,2791,0
ETH-USD,pinball_0p05,autoets,moirai,2791,2791,0
ETH-USD,pinball_0p05,autoets,naive,2791,2791,0
ETH-USD,pinball_0p05,autoets,patchtst,2791,2791,0
ETH-USD,pinball_0p05,autoets,timesfm,2791,2791,0
ETH-USD,pinball_0p05,chronos,autoarima,2791,2791,0
ETH-USD,pinball_0p05,chronos,autoets,2791,2791,0
ETH-USD,pinball_0p05,chronos,chronos,2791,2791,0
ETH-USD,pinball_0p05,chronos,ewma,2791,2791,0
ETH-USD,pinball_0p05,chronos,garch11,2791,2791,0
ETH-USD,pinball_0p05,chronos,garch11_t,2791,2791,0
ETH-USD,pinball_0p05,chronos,gjr,2791,2791,0
ETH-USD,pinball_0p05,chronos,har,2791,2791,0
ETH-USD,pinball_0p05,chronos,lgbm,2791,2791,0
ETH-USD,pinball_0p05,chronos,moirai,2791,2791,0
ETH-USD,pinball_0p05,chronos,naive,2791,2791,0
ETH-USD,pinball_0p05,chronos,patchtst,2791,2791,0
ETH-USD,pinball_0p05,chronos,timesfm,2791,2791,0
ETH-USD,pinball_0p05,ewma,autoarima,2791,2791,0
ETH-USD,pinball_0p05,ewma,autoets,2791,2791,0
ETH-USD,pinball_0p05,ewma,chronos,2791,2791,0
ETH-USD,pinball_0p05,ewma,ewma,2791,2791,0
ETH-USD,pinball_0p05,ewma,garch11,2791,2791,0
ETH-USD,pinball_0p05,ewma,garch11_t,2791,2791,0
ETH-USD,pinball_0p05,ewma,gjr,2791,2791,0
ETH-USD,pinball_0p05,ewma,har,2791,2791,0
ETH-USD,pinball_0p05,ewma,lgbm,2791,2791,0
ETH-USD,pinball_0p05,ewma,moirai,2791,2791,0
ETH-USD,pinball_0p05,ewma,naive,2791,2791,0
ETH-USD,pinball_0p05,ewma,patchtst,2791,2791,0
ETH-USD,pinball_0p05,ewma,timesfm,2791,2791,0
ETH-USD,pinball_0p05,garch11,autoarima,2791,2791,0
ETH-USD,pinball_0p05,garch11,autoets,2791,2791,0
ETH-USD,pinball_0p05,garch11,chronos,2791,2791,0
ETH-USD,pinball_0p05,garch11,ewma,2791,2791,0
ETH-USD,pinball_0p05,garch11,garch11,2791,2791,0
ETH-USD,pinball_0p05,garch11,garch11_t,2791,2791,0
ETH-USD,pinball_0p05,garch11,gjr,2791,2791,0
ETH-USD,pinball_0p05,garch11,har,2791,2791,0
ETH-USD,pinball_0p05,garch11,lgbm,2791,2791,0
ETH-USD,pinball_0p05,garch11,moirai,2791,2791,0
ETH-USD,pinball_0p05,garch11,naive,2791,2791,0
ETH-USD,pinball_0p05,garch11,patchtst,2791,2791,0
ETH-USD,pinball_0p05,garch11,timesfm,2791,2791,0
ETH-USD,pinball_0p05,garch11_t,autoarima,2791,2791,0
ETH-USD,pinball_0p05,garch11_t,autoets,2791,2791,0
ETH-USD,pinball_0p05,garch11_t,chronos,2791,2791,0
ETH-USD,pinball_0p05,garch11_t,ewma,2791,2791,0
ETH-USD,pinball_0p05,garch11_t,garch11,2791,2791,0
ETH-USD,pinball_0p05,garch11_t,garch11_t,2791,2791,0
ETH-USD,pinball_0p05,garch11_t,gjr,2791,2791,0
ETH-USD,pinball_0p05,garch11_t,har,2791,2791,0
ETH-USD,pinball_0p05,garch11_t,lgbm,2791,2791,0
ETH-USD,pinball_0p05,garch11_t,moirai,2791,2791,0
ETH-USD,pinball_0p05,garch11_t,naive,2791,2791,0
ETH-USD,pinball_0p05,garch11_t,patchtst,2791,2791,0
ETH-USD,pinball_0p05,garch11_t,timesfm,2791,2791,0
ETH-USD,pinball_0p05,gjr,autoarima,2791,2791,0
ETH-USD,pinball_0p05,gjr,autoets,2791,2791,0
ETH-USD,pinball_0p05,gjr,chronos,2791,2791,0
ETH-USD,pinball_0p05,gjr,ewma,2791,2791,0
ETH-USD,pinball_0p05,gjr,garch11,2791,2791,0
ETH-USD,pinball_0p05,gjr,garch11_t,2791,2791,0
ETH-USD,pinball_0p05,gjr,gjr,2791,2791,0
ETH-USD,pinball_0p05,gjr,har,2791,2791,0
ETH-USD,pinball_0p05,gjr,lgbm,2791,2791,0
ETH-USD,pinball_0p05,gjr,moirai,2791,2791,0
ETH-USD,pinball_0p05,gjr,naive,2791,2791,0
ETH-USD,pinball_0p05,gjr,patchtst,2791,2791,0
ETH-USD,pinball_0p05,gjr,timesfm,2791,2791,0
ETH-USD,pinball_0p05,har,autoarima,2791,2791,0
ETH-USD,pinball_0p05,har,autoets,2791,2791,0
ETH-USD,pinball_0p05,har,chronos,2791,2791,0
ETH-USD,pinball_0p05,har,ewma,2791,2791,0
ETH-USD,pinball_0p05,har,garch11,2791,2791,0
ETH-USD,pinball_0p05,har,garch11_t,2791,2791,0
ETH-USD,pinball_0p05,har,gjr,2791,2791,0
ETH-USD,pinball_0p05,har,har,2791,2791,0
ETH-USD,pinball_0p05,har,lgbm,2791,2791,0
ETH-USD,pinball_0p05,har,moirai,2791,2791,0
ETH-USD,pinball_0p05,har,naive,2791,2791,0
ETH-USD,pinball_0p05,har,patchtst,2791,2791,0
ETH-USD,pinball_0p05,har,timesfm,2791,2791,0
ETH-USD,pinball_0p05,lgbm,autoarima,2791,2791,0
ETH-USD,pinball_0p05,lgbm,autoets,2791,2791,0
ETH-USD,pinball_0p05,lgbm,chronos,2791,2791,0
ETH-USD,pinball_0p05,lgbm,ewma,2791,2791,0
ETH-USD,pinball_0p05,lgbm,garch11,2791,2791,0
ETH-USD,pinball_0p05,lgbm,garch11_t,2791,2791,0
ETH-USD,pinball_0p05,lgbm,gjr,2791,2791,0
ETH-USD,pinball_0p05,lgbm,har,2791,2791,0
ETH-USD,pinball_0p05,lgbm,lgbm,2791,2791,0
ETH-USD,pinball_0p05,lgbm,moirai,2791,2791,0
ETH-USD,pinball_0p05,lgbm,naive,2791,2791,0
ETH-USD,pinball_0p05,lgbm,patchtst,2791,2791,0
ETH-USD,pinball_0p05,lgbm,timesfm,2791,2791,0
ETH-USD,pinball_0p05,moirai,autoarima,2791,2791,0
ETH-USD,pinball_0p05,moirai,autoets,2791,2791,0
ETH-USD,pinball_0p05,moirai,chronos,2791,2791,0
ETH-USD,pinball_0p05,moirai,ewma,2791,2791,0
ETH-USD,pinball_0p05,moirai,garch11,2791,2791,0
ETH-USD,pinball_0p05,moirai,garch11_t,2791,2791,0
ETH-USD,pinball_0p05,moirai,gjr,2791,2791,0
ETH-USD,pinball_0p05,moirai,har,2791,2791,0
ETH-USD,pinball_0p05,moirai,lgbm,2791,2791,0
ETH-USD,pinball_0p05,moirai,moirai,2791,2791,0
ETH-USD,pinball_0p05,moirai,naive,2791,2791,0
ETH-USD,pinball_0p05,moirai,patchtst,2791,2791,0
ETH-USD,pinball_0p05,moirai,timesfm,2791,2791,0
ETH-USD,pinball_0p05,naive,autoarima,2791,2791,0
ETH-USD,pinball_0p05,naive,autoets,2791,2791,0
ETH-USD,pinball_0p05,naive,chronos,2791,2791,0
ETH-USD,pinball_0p05,naive,ewma,2791,2791,0
ETH-USD,pinball_0p05,naive,garch11,2791,2791,0
ETH-USD,pinball_0p05,naive,garch11_t,2791,2791,0
ETH-USD,pinball_0p05,naive,gjr,2791,2791,0
ETH-USD,pinball_0p05,naive,har,2791,2791,0
ETH-USD,pinball_0p05,naive,lgbm,2791,2791,0
ETH-USD,pinball_0p05,naive,moirai,2791,2791,0
ETH-USD,pinball_0p05,naive,naive,2791,2791,0
ETH-USD,pinball_0p05,naive,patchtst,2791,2791,0
ETH-USD,pinball_0p05,naive,timesfm,2791,2791,0
ETH-USD,pinball_0p05,patchtst,autoarima,2791,2791,0
ETH-USD,pinball_0p05,patchtst,autoets,2791,2791,0
ETH-USD,pinball_0p05,patchtst,chronos,2791,2791,0
ETH-USD,pinball_0p05,patchtst,ewma,2791,2791,0
ETH-USD,pinball_0p05,patchtst,garch11,2791,2791,0
ETH-USD,pinball_0p05,patchtst,garch11_t,2791,2791,0
ETH-USD,pinball_0p05,patchtst,gjr,2791,2791,0
ETH-USD,pinball_0p05,patchtst,har,2791,2791,0
ETH-USD,pinball_0p05,patchtst,lgbm,2791,2791,0
ETH-USD,pinball_0p05,patchtst,moirai,2791,2791,0
ETH-USD,pinball_0p05,patchtst,naive,2791,2791,0
ETH-USD,pinball_0p05,patchtst,patchtst,2791,2791,0
ETH-USD,pinball_0p05,patchtst,timesfm,2791,2791,0
ETH-USD,pinball_0p05,timesfm,autoarima,2791,2791,0
ETH-USD,pinball_0p05,timesfm,autoets,2791,2791,0
ETH-USD,pinball_0p05,timesfm,chronos,2791,2791,0
ETH-USD,pinball_0p05,timesfm,ewma,2791,2791,0
ETH-USD,pinball_0p05,timesfm,garch11,2791,2791,0
ETH-USD,pinball_0p05,timesfm,garch11_t,2791,2791,0
ETH-USD,pinball_0p05,timesfm,gjr,2791,2791,0
ETH-USD,pinball_0p05,timesfm,har,2791,2791,0
ETH-USD,pinball_0p05,timesfm,lgbm,2791,2791,0
ETH-USD,pinball_0p05,timesfm,moirai,2791,2791,0
ETH-USD,pinball_0p05,timesfm,naive,2791,2791,0
ETH-USD,pinball_0p05,timesfm,patchtst,2791,2791,0
ETH-USD,pinball_0p05,timesfm,timesfm,2791,2791,0
ETH-USD,pinball_avg,autoarima,autoarima,2791,2791,0
ETH-USD,pinball_avg,autoarima,autoets,2791,2791,0
ETH-USD,pinball_avg,autoarima,chronos,2791,2791,0
ETH-USD,pinball_avg,autoarima,ewma,2791,2791,0
ETH-USD,pinball_avg,autoarima,garch11,2791,2791,0
ETH-USD,pinball_avg,autoarima,garch11_t,2791,2791,0
ETH-USD,pinball_avg,autoarima,gjr,2791,2791,0
ETH-USD,pinball_avg,autoarima,har,2791,2791,0
ETH-USD,pinball_avg,autoarima,lgbm,2791,2791,0
ETH-USD,pinball_avg,autoarima,moirai,2791,2791,0
ETH-USD,pinball_avg,autoarima,naive,2791,2791,0
ETH-USD,pinball_avg,autoarima,patchtst,2791,2791,0
ETH-USD,pinball_avg,autoarima,timesfm,2791,2791,0
ETH-USD,pinball_avg,autoets,autoarima,2791,2791,0
ETH-USD,pinball_avg,autoets,autoets,2791,2791,0
ETH-USD,pinball_avg,autoets,chronos,2791,2791,0
ETH-USD,pinball_avg,autoets,ewma,2791,2791,0
ETH-USD,pinball_avg,autoets,garch11,2791,2791,0
ETH-USD,pinball_avg,autoets,garch11_t,2791,2791,0
ETH-USD,pinball_avg,autoets,gjr,2791,2791,0
ETH-USD,pinball_avg,autoets,har,2791,2791,0
ETH-USD,pinball_avg,autoets,lgbm,2791,2791,0
ETH-USD,pinball_avg,autoets,moirai,2791,2791,0
ETH-USD,pinball_avg,autoets,naive,2791,2791,0
ETH-USD,pinball_avg,autoets,patchtst,2791,2791,0
ETH-USD,pinball_avg,autoets,timesfm,2791,2791,0
ETH-USD,pinball_avg,chronos,autoarima,2791,2791,0
ETH-USD,pinball_avg,chronos,autoets,2791,2791,0
ETH-USD,pinball_avg,chronos,chronos,2791,2791,0
ETH-USD,pinball_avg,chronos,ewma,2791,2791,0
ETH-USD,pinball_avg,chronos,garch11,2791,2791,0
ETH-USD,pinball_avg,chronos,garch11_t,2791,2791,0
ETH-USD,pinball_avg,chronos,gjr,2791,2791,0
ETH-USD,pinball_avg,chronos,har,2791,2791,0
ETH-USD,pinball_avg,chronos,lgbm,2791,2791,0
ETH-USD,pinball_avg,chronos,moirai,2791,2791,0
ETH-USD,pinball_avg,chronos,naive,2791,2791,0
ETH-USD,pinball_avg,chronos,patchtst,2791,2791,0
ETH-USD,pinball_avg,chronos,timesfm,2791,2791,0
ETH-USD,pinball_avg,ewma,autoarima,2791,2791,0
ETH-USD,pinball_avg,ewma,autoets,2791,2791,0
ETH-USD,pinball_avg,ewma,chronos,2791,2791,0
ETH-USD,pinball_avg,ewma,ewma,2791,2791,0
ETH-USD,pinball_avg,ewma,garch11,2791,2791,0
ETH-USD,pinball_avg,ewma,garch11_t,2791,2791,0
ETH-USD,pinball_avg,ewma,gjr,2791,2791,0
ETH-USD,pinball_avg,ewma,har,2791,2791,0
ETH-USD,pinball_avg,ewma,lgbm,2791,2791,0
ETH-USD,pinball_avg,ewma,moirai,2791,2791,0
ETH-USD,pinball_avg,ewma,naive,2791,2791,0
ETH-USD,pinball_avg,ewma,patchtst,2791,2791,0
ETH-USD,pinball_avg,ewma,timesfm,2791,2791,0
ETH-USD,pinball_avg,garch11,autoarima,2791,2791,0
ETH-USD,pinball_avg,garch11,autoets,2791,2791,0
ETH-USD,pinball_avg,garch11,chronos,2791,2791,0
ETH-USD,pinball_avg,garch11,ewma,2791,2791,0
ETH-USD,pinball_avg,garch11,garch11,2791,2791,0
ETH-USD,pinball_avg,garch11,garch11_t,2791,2791,0
ETH-USD,pinball_avg,garch11,gjr,2791,2791,0
ETH-USD,pinball_avg,garch11,har,2791,2791,0
ETH-USD,pinball_avg,garch11,lgbm,2791,2791,0
ETH-USD,pinball_avg,garch11,moirai,2791,2791,0
ETH-USD,pinball_avg,garch11,naive,2791,2791,0
ETH-USD,pinball_avg,garch11,patchtst,2791,2791,0
ETH-USD,pinball_avg,garch11,timesfm,2791,2791,0
ETH-USD,pinball_avg,garch11_t,autoarima,2791,2791,0
ETH-USD,pinball_avg,garch11_t,autoets,2791,2791,0
ETH-USD,pinball_avg,garch11_t,chronos,2791,2791,0
ETH-USD,pinball_avg,garch11_t,ewma,2791,2791,0
ETH-USD,pinball_avg,garch11_t,garch11,2791,2791,0
ETH-USD,pinball_avg,garch11_t,garch11_t,2791,2791,0
ETH-USD,pinball_avg,garch11_t,gjr,2791,2791,0
ETH-USD,pinball_avg,garch11_t,har,2791,2791,0
ETH-USD,pinball_avg,garch11_t,lgbm,2791,2791,0
ETH-USD,pinball_avg,garch11_t,moirai,2791,2791,0
ETH-USD,pinball_avg,garch11_t,naive,2791,2791,0
ETH-USD,pinball_avg,garch11_t,patchtst,2791,2791,0
ETH-USD,pinball_avg,garch11_t,timesfm,2791,2791,0
ETH-USD,pinball_avg,gjr,autoarima,2791,2791,0
ETH-USD,pinball_avg,gjr,autoets,2791,2791,0
ETH-USD,pinball_avg,gjr,chronos,2791,2791,0
ETH-USD,pinball_avg,gjr,ewma,2791,2791,0
ETH-USD,pinball_avg,gjr,garch11,2791,2791,0
ETH-USD,pinball_avg,gjr,garch11_t,2791,2791,0
ETH-USD,pinball_avg,gjr,gjr,2791,2791,0
ETH-USD,pinball_avg,gjr,har,2791,2791,0
ETH-USD,pinball_avg,gjr,lgbm,2791,2791,0
ETH-USD,pinball_avg,gjr,moirai,2791,2791,0
ETH-USD,pinball_avg,gjr,naive,2791,2791,0
ETH-USD,pinball_avg,gjr,patchtst,2791,2791,0
ETH-USD,pinball_avg,gjr,timesfm,2791,2791,0
ETH-USD,pinball_avg,har,autoarima,2791,2791,0
ETH-USD,pinball_avg,har,autoets,2791,2791,0
ETH-USD,pinball_avg,har,chronos,2791,2791,0
ETH-USD,pinball_avg,har,ewma,2791,2791,0
ETH-USD,pinball_avg,har,garch11,2791,2791,0
ETH-USD,pinball_avg,har,garch11_t,2791,2791,0
ETH-USD,pinball_avg,har,gjr,2791,2791,0
ETH-USD,pinball_avg,har,har,2791,2791,0
ETH-USD,pinball_avg,har,lgbm,2791,2791,0
ETH-USD,pinball_avg,har,moirai,2791,2791,0
ETH-USD,pinball_avg,har,naive,2791,2791,0
ETH-USD,pinball_avg,har,patchtst,2791,2791,0
ETH-USD,pinball_avg,har,timesfm,2791,2791,0
ETH-USD,pinball_avg,lgbm,autoarima,2791,2791,0
ETH-USD,pinball_avg,lgbm,autoets,2791,2791,0
ETH-USD,pinball_avg,lgbm,chronos,2791,2791,0
ETH-USD,pinball_avg,lgbm,ewma,2791,2791,0
ETH-USD,pinball_avg,lgbm,garch11,2791,2791,0
ETH-USD,pinball_avg,lgbm,garch11_t,2791,2791,0
ETH-USD,pinball_avg,lgbm,gjr,2791,2791,0
ETH-USD,pinball_avg,lgbm,har,2791,2791,0
ETH-USD,pinball_avg,lgbm,lgbm,2791,2791,0
ETH-USD,pinball_avg,lgbm,moirai,2791,2791,0
ETH-USD,pinball_avg,lgbm,naive,2791,2791,0
ETH-USD,pinball_avg,lgbm,patchtst,2791,2791,0
ETH-USD,pinball_avg,lgbm,timesfm,2791,2791,0
ETH-USD,pinball_avg,moirai,autoarima,2791,2791,0
ETH-USD,pinball_avg,moirai,autoets,2791,2791,0
ETH-USD,pinball_avg,moirai,chronos,2791,2791,0
ETH-USD,pinball_avg,moirai,ewma,2791,2791,0
ETH-USD,pinball_avg,moirai,garch11,2791,2791,0
ETH-USD,pinball_avg,moirai,garch11_t,2791,2791,0
ETH-USD,pinball_avg,moirai,gjr,2791,2791,0
ETH-USD,pinball_avg,moirai,har,2791,2791,0
ETH-USD,pinball_avg,moirai,lgbm,2791,2791,0
ETH-USD,pinball_avg,moirai,moirai,2791,2791,0
ETH-USD,pinball_avg,moirai,naive,2791,2791,0
ETH-USD,pinball_avg,moirai,patchtst,2791,2791,0
ETH-USD,pinball_avg,moirai,timesfm,2791,2791,0
ETH-USD,pinball_avg,naive,autoarima,2791,2791,0
ETH-USD,pinball_avg,naive,autoets,2791,2791,0
ETH-USD,pinball_avg,naive,chronos,2791,2791,0
ETH-USD,pinball_avg,naive,ewma,2791,2791,0
ETH-USD,pinball_avg,naive,garch11,2791,2791,0
ETH-USD,pinball_avg,naive,garch11_t,2791,2791,0
ETH-USD,pinball_avg,naive,gjr,2791,2791,0
ETH-USD,pinball_avg,naive,har,2791,2791,0
ETH-USD,pinball_avg,naive,lgbm,2791,2791,0
ETH-USD,pinball_avg,naive,moirai,2791,2791,0
ETH-USD,pinball_avg,naive,naive,2791,2791,0
ETH-USD,pinball_avg,naive,patchtst,2791,2791,0
ETH-USD,pinball_avg,naive,timesfm,2791,2791,0
ETH-USD,pinball_avg,patchtst,autoarima,2791,2791,0
ETH-USD,pinball_avg,patchtst,autoets,2791,2791,0
ETH-USD,pinball_avg,patchtst,chronos,2791,2791,0
ETH-USD,pinball_avg,patchtst,ewma,2791,2791,0
ETH-USD,pinball_avg,patchtst,garch11,2791,2791,0
ETH-USD,pinball_avg,patchtst,garch11_t,2791,2791,0
ETH-USD,pinball_avg,patchtst,gjr,2791,2791,0
ETH-USD,pinball_avg,patchtst,har,2791,2791,0
ETH-USD,pinball_avg,patchtst,lgbm,2791,2791,0
ETH-USD,pinball_avg,patchtst,moirai,2791,2791,0
ETH-USD,pinball_avg,patchtst,naive,2791,2791,0
ETH-USD,pinball_avg,patchtst,patchtst,2791,2791,0
ETH-USD,pinball_avg,patchtst,timesfm,2791,2791,0
ETH-USD,pinball_avg,timesfm,autoarima,2791,2791,0
ETH-USD,pinball_avg,timesfm,autoets,2791,2791,0
ETH-USD,pinball_avg,timesfm,chronos,2791,2791,0
ETH-USD,pinball_avg,timesfm,ewma,2791,2791,0
ETH-USD,pinball_avg,timesfm,garch11,2791,2791,0
ETH-USD,pinball_avg,timesfm,garch11_t,2791,2791,0
ETH-USD,pinball_avg,timesfm,gjr,2791,2791,0
ETH-USD,pinball_avg,timesfm,har,2791,2791,0
ETH-USD,pinball_avg,timesfm,lgbm,2791,2791,0
ETH-USD,pinball_avg,timesfm,moirai,2791,2791,0
ETH-USD,pinball_avg,timesfm,naive,2791,2791,0
ETH-USD,pinball_avg,timesfm,patchtst,2791,2791,0
ETH-USD,pinball_avg,timesfm,timesfm,2791,2791,0
ETH-USD,qlike,autoarima,autoarima,2791,2791,0
ETH-USD,qlike,autoarima,autoets,2791,2791,0
ETH-USD,qlike,autoarima,chronos,2791,2791,0
ETH-USD,qlike,autoarima,ewma,2791,2791,0
ETH-USD,qlike,autoarima,garch11,2791,2791,0
ETH-USD,qlike,autoarima,garch11_t,2791,2791,0
ETH-USD,qlike,autoarima,gjr,2791,2791,0
ETH-USD,qlike,autoarima,har,2791,2791,0
ETH-USD,qlike,autoarima,lgbm,2791,2791,0
ETH-USD,qlike,autoarima,moirai,2791,2791,0
ETH-USD,qlike,autoarima,naive,2791,2791,0
ETH-USD,qlike,autoarima,patchtst,2791,2791,0
ETH-USD,qlike,autoarima,timesfm,2791,2791,0
ETH-USD,qlike,autoets,autoarima,2791,2791,0
ETH-USD,qlike,autoets,autoets,2791,2791,0
ETH-USD,qlike,autoets,chronos,2791,2791,0
ETH-USD,qlike,autoets,ewma,2791,2791,0
ETH-USD,qlike,autoets,garch11,2791,2791,0
ETH-USD,qlike,autoets,garch11_t,2791,2791,0
ETH-USD,qlike,autoets,gjr,2791,2791,0
ETH-USD,qlike,autoets,har,2791,2791,0
ETH-USD,qlike,autoets,lgbm,2791,2791,0
ETH-USD,qlike,autoets,moirai,2791,2791,0
ETH-USD,qlike,autoets,naive,2791,2791,0
ETH-USD,qlike,autoets,patchtst,2791,2791,0
ETH-USD,qlike,autoets,timesfm,2791,2791,0
ETH-USD,qlike,chronos,autoarima,2791,2791,0
ETH-USD,qlike,chronos,autoets,2791,2791,0
ETH-USD,qlike,chronos,chronos,2791,2791,0
ETH-USD,qlike,chronos,ewma,2791,2791,0
ETH-USD,qlike,chronos,garch11,2791,2791,0
ETH-USD,qlike,chronos,garch11_t,2791,2791,0
ETH-USD,qlike,chronos,gjr,2791,2791,0
ETH-USD,qlike,chronos,har,2791,2791,0
ETH-USD,qlike,chronos,lgbm,2791,2791,0
ETH-USD,qlike,chronos,moirai,2791,2791,0
ETH-USD,qlike,chronos,naive,2791,2791,0
ETH-USD,qlike,chronos,patchtst,2791,2791,0
ETH-USD,qlike,chronos,timesfm,2791,2791,0
ETH-USD,qlike,ewma,autoarima,2791,2791,0
ETH-USD,qlike,ewma,autoets,2791,2791,0
ETH-USD,qlike,ewma,chronos,2791,2791,0
ETH-USD,qlike,ewma,ewma,2791,2791,0
ETH-USD,qlike,ewma,garch11,2791,2791,0
ETH-USD,qlike,ewma,garch11_t,2791,2791,0
ETH-USD,qlike,ewma,gjr,2791,2791,0
ETH-USD,qlike,ewma,har,2791,2791,0
ETH-USD,qlike,ewma,lgbm,2791,2791,0
ETH-USD,qlike,ewma,moirai,2791,2791,0
ETH-USD,qlike,ewma,naive,2791,2791,0
ETH-USD,qlike,ewma,patchtst,2791,2791,0
ETH-USD,qlike,ewma,timesfm,2791,2791,0
ETH-USD,qlike,garch11,autoarima,2791,2791,0
ETH-USD,qlike,garch11,autoets,2791,2791,0
ETH-USD,qlike,garch11,chronos,2791,2791,0
ETH-USD,qlike,garch11,ewma,2791,2791,0
ETH-USD,qlike,garch11,garch11,2791,2791,0
ETH-USD,qlike,garch11,garch11_t,2791,2791,0
ETH-USD,qlike,garch11,gjr,2791,2791,0
ETH-USD,qlike,garch11,har,2791,2791,0
ETH-USD,qlike,garch11,lgbm,2791,2791,0
ETH-USD,qlike,garch11,moirai,2791,2791,0
ETH-USD,qlike,garch11,naive,2791,2791,0
ETH-USD,qlike,garch11,patchtst,2791,2791,0
ETH-USD,qlike,garch11,timesfm,2791,2791,0
ETH-USD,qlike,garch11_t,autoarima,2791,2791,0
ETH-USD,qlike,garch11_t,autoets,2791,2791,0
ETH-USD,qlike,garch11_t,chronos,2791,2791,0
ETH-USD,qlike,garch11_t,ewma,2791,2791,0
ETH-USD,qlike,garch11_t,garch11,2791,2791,0
ETH-USD,qlike,garch11_t,garch11_t,2791,2791,0
ETH-USD,qlike,garch11_t,gjr,2791,2791,0
ETH-USD,qlike,garch11_t,har,2791,2791,0
ETH-USD,qlike,garch11_t,lgbm,2791,2791,0
ETH-USD,qlike,garch11_t,moirai,2791,2791,0
ETH-USD,qlike,garch11_t,naive,2791,2791,0
ETH-USD,qlike,garch11_t,patchtst,2791,2791,0
ETH-USD,qlike,garch11_t,timesfm,2791,2791,0
ETH-USD,qlike,gjr,autoarima,2791,2791,0
ETH-USD,qlike,gjr,autoets,2791,2791,0
ETH-USD,qlike,gjr,chronos,2791,2791,0
ETH-USD,qlike,gjr,ewma,2791,2791,0
ETH-USD,qlike,gjr,garch11,2791,2791,0
ETH-USD,qlike,gjr,garch11_t,2791,2791,0
ETH-USD,qlike,gjr,gjr,2791,2791,0
ETH-USD,qlike,gjr,har,2791,2791,0
ETH-USD,qlike,gjr,lgbm,2791,2791,0
ETH-USD,qlike,gjr,moirai,2791,2791,0
ETH-USD,qlike,gjr,naive,2791,2791,0
ETH-USD,qlike,gjr,patchtst,2791,2791,0
ETH-USD,qlike,gjr,timesfm,2791,2791,0
ETH-USD,qlike,har,autoarima,2791,2791,0
ETH-USD,qlike,har,autoets,2791,2791,0
ETH-USD,qlike,har,chronos,2791,2791,0
ETH-USD,qlike,har,ewma,2791,2791,0
ETH-USD,qlike,har,garch11,2791,2791,0
ETH-USD,qlike,har,garch11_t,2791,2791,0
ETH-USD,qlike,har,gjr,2791,2791,0
ETH-USD,qlike,har,har,2791,2791,0
ETH-USD,qlike,har,lgbm,2791,2791,0
ETH-USD,qlike,har,moirai,2791,2791,0
ETH-USD,qlike,har,naive,2791,2791,0
ETH-USD,qlike,har,patchtst,2791,2791,0
ETH-USD,qlike,har,timesfm,2791,2791,0
ETH-USD,qlike,lgbm,autoarima,2791,2791,0
ETH-USD,qlike,lgbm,autoets,2791,2791,0
ETH-USD,qlike,lgbm,chronos,2791,2791,0
ETH-USD,qlike,lgbm,ewma,2791,2791,0
ETH-USD,qlike,lgbm,garch11,2791,2791,0
ETH-USD,qlike,lgbm,garch11_t,2791,2791,0
ETH-USD,qlike,lgbm,gjr,2791,2791,0
ETH-USD,qlike,lgbm,har,2791,2791,0
ETH-USD,qlike,lgbm,lgbm,2791,2791,0
ETH-USD,qlike,lgbm,moirai,2791,2791,0
ETH-USD,qlike,lgbm,naive,2791,2791,0
ETH-USD,qlike,lgbm,patchtst,2791,2791,0
ETH-USD,qlike,lgbm,timesfm,2791,2791,0
ETH-USD,qlike,moirai,autoarima,2791,2791,0
ETH-USD,qlike,moirai,autoets,2791,2791,0
ETH-USD,qlike,moirai,chronos,2791,2791,0
ETH-USD,qlike,moirai,ewma,2791,2791,0
ETH-USD,qlike,moirai,garch11,2791,2791,0
ETH-USD,qlike,moirai,garch11_t,2791,2791,0
ETH-USD,qlike,moirai,gjr,2791,2791,0
ETH-USD,qlike,moirai,har,2791,2791,0
ETH-USD,qlike,moirai,lgbm,2791,2791,0
ETH-USD,qlike,moirai,moirai,2791,2791,0
ETH-USD,qlike,moirai,naive,2791,2791,0
ETH-USD,qlike,moirai,patchtst,2791,2791,0
ETH-USD,qlike,moirai,timesfm,2791,2791,0
ETH-USD,qlike,naive,autoarima,2791,2791,0
ETH-USD,qlike,naive,autoets,2791,2791,0
ETH-USD,qlike,naive,chronos,2791,2791,0
ETH-USD,qlike,naive,ewma,2791,2791,0
ETH-USD,qlike,naive,garch11,2791,2791,0
ETH-USD,qlike,naive,garch11_t,2791,2791,0
ETH-USD,qlike,naive,gjr,2791,2791,0
ETH-USD,qlike,naive,har,2791,2791,0
ETH-USD,qlike,naive,lgbm,2791,2791,0
ETH-USD,qlike,naive,moirai,2791,2791,0
ETH-USD,qlike,naive,naive,2791,2791,0
ETH-USD,qlike,naive,patchtst,2791,2791,0
ETH-USD,qlike,naive,timesfm,2791,2791,0
ETH-USD,qlike,patchtst,autoarima,2791,2791,0
ETH-USD,qlike,patchtst,autoets,2791,2791,0
ETH-USD,qlike,patchtst,chronos,2791,2791,0
ETH-USD,qlike,patchtst,ewma,2791,2791,0
ETH-USD,qlike,patchtst,garch11,2791,2791,0
ETH-USD,qlike,patchtst,garch11_t,2791,2791,0
ETH-USD,qlike,patchtst,gjr,2791,2791,0
ETH-USD,qlike,patchtst,har,2791,2791,0
ETH-USD,qlike,patchtst,lgbm,2791,2791,0
ETH-USD,qlike,patchtst,moirai,2791,2791,0
ETH-USD,qlike,patchtst,naive,2791,2791,0
ETH-USD,qlike,patchtst,patchtst,2791,2791,0
ETH-USD,qlike,patchtst,timesfm,2791,2791,0
ETH-USD,qlike,timesfm,autoarima,2791,2791,0
ETH-USD,qlike,timesfm,autoets,2791,2791,0
ETH-USD,qlike,timesfm,chronos,2791,2791,0
ETH-USD,qlike,timesfm,ewma,2791,2791,0
ETH-USD,qlike,timesfm,garch11,2791,2791,0
ETH-USD,qlike,timesfm,garch11_t,2791,2791,0
ETH-USD,qlike,timesfm,gjr,2791,2791,0
ETH-USD,qlike,timesfm,har,2791,2791,0
ETH-USD,qlike,timesfm,lgbm,2791,2791,0
ETH-USD,qlike,timesfm,moirai,2791,2791,0
ETH-USD,qlike,timesfm,naive,2791,2791,0
ETH-USD,qlike,timesfm,patchtst,2791,2791,0
ETH-USD,qlike,timesfm,timesfm,2791,2791,0
ETH-USD,fz0_0p01,autoarima,autoarima,2791,2791,0
ETH-USD,fz0_0p01,autoarima,autoets,2791,2791,0
ETH-USD,fz0_0p01,autoarima,chronos,2791,2791,0
ETH-USD,fz0_0p01,autoarima,ewma,2791,2791,0
ETH-USD,fz0_0p01,autoarima,garch11,2791,2791,0
ETH-USD,fz0_0p01,autoarima,garch11_t,2791,2791,0
ETH-USD,fz0_0p01,autoarima,gjr,2791,2791,0
ETH-USD,fz0_0p01,autoarima,har,2791,2791,0
ETH-USD,fz0_0p01,autoarima,lgbm,2791,2791,0
ETH-USD,fz0_0p01,autoarima,moirai,2791,2791,0
ETH-USD,fz0_0p01,autoarima,naive,2791,2791,0
ETH-USD,fz0_0p01,autoarima,patchtst,2791,2791,0
ETH-USD,fz0_0p01,autoarima,timesfm,2791,2791,0
ETH-USD,fz0_0p01,autoets,autoarima,2791,2791,0
ETH-USD,fz0_0p01,autoets,autoets,2791,2791,0
ETH-USD,fz0_0p01,autoets,chronos,2791,2791,0
ETH-USD,fz0_0p01,autoets,ewma,2791,2791,0
ETH-USD,fz0_0p01,autoets,garch11,2791,2791,0
ETH-USD,fz0_0p01,autoets,garch11_t,2791,2791,0
ETH-USD,fz0_0p01,autoets,gjr,2791,2791,0
ETH-USD,fz0_0p01,autoets,har,2791,2791,0
ETH-USD,fz0_0p01,autoets,lgbm,2791,2791,0
ETH-USD,fz0_0p01,autoets,moirai,2791,2791,0
ETH-USD,fz0_0p01,autoets,naive,2791,2791,0
ETH-USD,fz0_0p01,autoets,patchtst,2791,2791,0
ETH-USD,fz0_0p01,autoets,timesfm,2791,2791,0
ETH-USD,fz0_0p01,chronos,autoarima,2791,2791,0
ETH-USD,fz0_0p01,chronos,autoets,2791,2791,0
ETH-USD,fz0_0p01,chronos,chronos,2791,2791,0
ETH-USD,fz0_0p01,chronos,ewma,2791,2791,0
ETH-USD,fz0_0p01,chronos,garch11,2791,2791,0
ETH-USD,fz0_0p01,chronos,garch11_t,2791,2791,0
ETH-USD,fz0_0p01,chronos,gjr,2791,2791,0
ETH-USD,fz0_0p01,chronos,har,2791,2791,0
ETH-USD,fz0_0p01,chronos,lgbm,2791,2791,0
ETH-USD,fz0_0p01,chronos,moirai,2791,2791,0
ETH-USD,fz0_0p01,chronos,naive,2791,2791,0
ETH-USD,fz0_0p01,chronos,patchtst,2791,2791,0
ETH-USD,fz0_0p01,chronos,timesfm,2791,2791,0
ETH-USD,fz0_0p01,ewma,autoarima,2791,2791,0
ETH-USD,fz0_0p01,ewma,autoets,2791,2791,0
ETH-USD,fz0_0p01,ewma,chronos,2791,2791,0
ETH-USD,fz0_0p01,ewma,ewma,2791,2791,0
ETH-USD,fz0_0p01,ewma,garch11,2791,2791,0
ETH-USD,fz0_0p01,ewma,garch11_t,2791,2791,0
ETH-USD,fz0_0p01,ewma,gjr,2791,2791,0
ETH-USD,fz0_0p01,ewma,har,2791,2791,0
ETH-USD,fz0_0p01,ewma,lgbm,2791,2791,0
ETH-USD,fz0_0p01,ewma,moirai,2791,2791,0
ETH-USD,fz0_0p01,ewma,naive,2791,2791,0
ETH-USD,fz0_0p01,ewma,patchtst,2791,2791,0
ETH-USD,fz0_0p01,ewma,timesfm,2791,2791,0
ETH-USD,fz0_0p01,garch11,autoarima,2791,2791,0
ETH-USD,fz0_0p01,garch11,autoets,2791,2791,0
ETH-USD,fz0_0p01,garch11,chronos,2791,2791,0
ETH-USD,fz0_0p01,garch11,ewma,2791,2791,0
ETH-USD,fz0_0p01,garch11,garch11,2791,2791,0
ETH-USD,fz0_0p01,garch11,garch11_t,2791,2791,0
ETH-USD,fz0_0p01,garch11,gjr,2791,2791,0
ETH-USD,fz0_0p01,garch11,har,2791,2791,0
ETH-USD,fz0_0p01,garch11,lgbm,2791,2791,0
ETH-USD,fz0_0p01,garch11,moirai,2791,2791,0
ETH-USD,fz0_0p01,garch11,naive,2791,2791,0
ETH-USD,fz0_0p01,garch11,patchtst,2791,2791,0
ETH-USD,fz0_0p01,garch11,timesfm,2791,2791,0
ETH-USD,fz0_0p01,garch11_t,autoarima,2791,2791,0
ETH-USD,fz0_0p01,garch11_t,autoets,2791,2791,0
ETH-USD,fz0_0p01,garch11_t,chronos,2791,2791,0
ETH-USD,fz0_0p01,garch11_t,ewma,2791,2791,0
ETH-USD,fz0_0p01,garch11_t,garch11,2791,2791,0
ETH-USD,fz0_0p01,garch11_t,garch11_t,2791,2791,0
ETH-USD,fz0_0p01,garch11_t,gjr,2791,2791,0
ETH-USD,fz0_0p01,garch11_t,har,2791,2791,0
ETH-USD,fz0_0p01,garch11_t,lgbm,2791,2791,0
ETH-USD,fz0_0p01,garch11_t,moirai,2791,2791,0
ETH-USD,fz0_0p01,garch11_t,naive,2791,2791,0
ETH-USD,fz0_0p01,garch11_t,patchtst,2791,2791,0
ETH-USD,fz0_0p01,garch11_t,timesfm,2791,2791,0
ETH-USD,fz0_0p01,gjr,autoarima,2791,2791,0
ETH-USD,fz0_0p01,gjr,autoets,2791,2791,0
ETH-USD,fz0_0p01,gjr,chronos,2791,2791,0
ETH-USD,fz0_0p01,gjr,ewma,2791,2791,0
ETH-USD,fz0_0p01,gjr,garch11,2791,2791,0
ETH-USD,fz0_0p01,gjr,garch11_t,2791,2791,0
ETH-USD,fz0_0p01,gjr,gjr,2791,2791,0
ETH-USD,fz0_0p01,gjr,har,2791,2791,0
ETH-USD,fz0_0p01,gjr,lgbm,2791,2791,0
ETH-USD,fz0_0p01,gjr,moirai,2791,2791,0
ETH-USD,fz0_0p01,gjr,naive,2791,2791,0
ETH-USD,fz0_0p01,gjr,patchtst,2791,2791,0
ETH-USD,fz0_0p01,gjr,timesfm,2791,2791,0
ETH-USD,fz0_0p01,har,autoarima,2791,2791,0
ETH-USD,fz0_0p01,har,autoets,2791,2791,0
ETH-USD,fz0_0p01,har,chronos,2791,2791,0
ETH-USD,fz0_0p01,har,ewma,2791,2791,0
ETH-USD,fz0_0p01,har,garch11,2791,2791,0
ETH-USD,fz0_0p01,har,garch11_t,2791,2791,0
ETH-USD,fz0_0p01,har,gjr,2791,2791,0
ETH-USD,fz0_0p01,har,har,2791,2791,0
ETH-USD,fz0_0p01,har,lgbm,2791,2791,0
ETH-USD,fz0_0p01,har,moirai,2791,2791,0
ETH-USD,fz0_0p01,har,naive,2791,2791,0
ETH-USD,fz0_0p01,har,patchtst,2791,2791,0
ETH-USD,fz0_0p01,har,timesfm,2791,2791,0
ETH-USD,fz0_0p01,lgbm,autoarima,2791,2791,0
ETH-USD,fz0_0p01,lgbm,autoets,2791,2791,0
ETH-USD,fz0_0p01,lgbm,chronos,2791,2791,0
ETH-USD,fz0_0p01,lgbm,ewma,2791,2791,0
ETH-USD,fz0_0p01,lgbm,garch11,2791,2791,0
ETH-USD,fz0_0p01,lgbm,garch11_t,2791,2791,0
ETH-USD,fz0_0p01,lgbm,gjr,2791,2791,0
ETH-USD,fz0_0p01,lgbm,har,2791,2791,0
ETH-USD,fz0_0p01,lgbm,lgbm,2791,2791,0
ETH-USD,fz0_0p01,lgbm,moirai,2791,2791,0
ETH-USD,fz0_0p01,lgbm,naive,2791,2791,0
ETH-USD,fz0_0p01,lgbm,patchtst,2791,2791,0
ETH-USD,fz0_0p01,lgbm,timesfm,2791,2791,0
ETH-USD,fz0_0p01,moirai,autoarima,2791,2791,0
ETH-USD,fz0_0p01,moirai,autoets,2791,2791,0
ETH-USD,fz0_0p01,moirai,chronos,2791,2791,0
ETH-USD,fz0_0p01,moirai,ewma,2791,2791,0
ETH-USD,fz0_0p01,moirai,garch11,2791,2791,0
ETH-USD,fz0_0p01,moirai,garch11_t,2791,2791,0
ETH-USD,fz0_0p01,moirai,gjr,2791,2791,0
ETH-USD,fz0_0p01,moirai,har,2791,2791,0
ETH-USD,fz0_0p01,moirai,lgbm,2791,2791,0
ETH-USD,fz0_0p01,moirai,moirai,2791,2791,0
ETH-USD,fz0_0p01,moirai,naive,2791,2791,0
ETH-USD,fz0_0p01,moirai,patchtst,2791,2791,0
ETH-USD,fz0_0p01,moirai,timesfm,2791,2791,0
ETH-USD,fz0_0p01,naive,autoarima,2791,2791,0
ETH-USD,fz0_0p01,naive,autoets,2791,2791,0
ETH-USD,fz0_0p01,naive,chronos,2791,2791,0
ETH-USD,fz0_0p01,naive,ewma,2791,2791,0
ETH-USD,fz0_0p01,naive,garch11,2791,2791,0
ETH-USD,fz0_0p01,naive,garch11_t,2791,2791,0
ETH-USD,fz0_0p01,naive,gjr,2791,2791,0
ETH-USD,fz0_0p01,naive,har,2791,2791,0
ETH-USD,fz0_0p01,naive,lgbm,2791,2791,0
ETH-USD,fz0_0p01,naive,moirai,2791,2791,0
ETH-USD,fz0_0p01,naive,naive,2791,2791,0
ETH-USD,fz0_0p01,naive,patchtst,2791,2791,0
ETH-USD,fz0_0p01,naive,timesfm,2791,2791,0
ETH-USD,fz0_0p01,patchtst,autoarima,2791,2791,0
ETH-USD,fz0_0p01,patchtst,autoets,2791,2791,0
ETH-USD,fz0_0p01,patchtst,chronos,2791,2791,0
ETH-USD,fz0_0p01,patchtst,ewma,2791,2791,0
ETH-USD,fz0_0p01,patchtst,garch11,2791,2791,0
ETH-USD,fz0_0p01,patchtst,garch11_t,2791,2791,0
ETH-USD,fz0_0p01,patchtst,gjr,2791,2791,0
ETH-USD,fz0_0p01,patchtst,har,2791,2791,0
ETH-USD,fz0_0p01,patchtst,lgbm,2791,2791,0
ETH-USD,fz0_0p01,patchtst,moirai,2791,2791,0
ETH-USD,fz0_0p01,patchtst,naive,2791,2791,0
ETH-USD,fz0_0p01,patchtst,patchtst,2791,2791,0
ETH-USD,fz0_0p01,patchtst,timesfm,2791,2791,0
ETH-USD,fz0_0p01,timesfm,autoarima,2791,2791,0
ETH-USD,fz0_0p01,timesfm,autoets,2791,2791,0
ETH-USD,fz0_0p01,timesfm,chronos,2791,2791,0
ETH-USD,fz0_0p01,timesfm,ewma,2791,2791,0
ETH-USD,fz0_0p01,timesfm,garch11,2791,2791,0
ETH-USD,fz0_0p01,timesfm,garch11_t,2791,2791,0
ETH-USD,fz0_0p01,timesfm,gjr,2791,2791,0
ETH-USD,fz0_0p01,timesfm,har,2791,2791,0
ETH-USD,fz0_0p01,timesfm,lgbm,2791,2791,0
ETH-USD,fz0_0p01,timesfm,moirai,2791,2791,0
ETH-USD,fz0_0p01,timesfm,naive,2791,2791,0
ETH-USD,fz0_0p01,timesfm,patchtst,2791,2791,0
ETH-USD,fz0_0p01,timesfm,timesfm,2791,2791,0
ETH-USD,fz0_0p025,autoarima,autoarima,2791,2791,0
ETH-USD,fz0_0p025,autoarima,autoets,2791,2791,0
ETH-USD,fz0_0p025,autoarima,chronos,2791,2791,0
ETH-USD,fz0_0p025,autoarima,ewma,2791,2791,0
ETH-USD,fz0_0p025,autoarima,garch11,2791,2791,0
ETH-USD,fz0_0p025,autoarima,garch11_t,2791,2791,0
ETH-USD,fz0_0p025,autoarima,gjr,2791,2791,0
ETH-USD,fz0_0p025,autoarima,har,2791,2791,0
ETH-USD,fz0_0p025,autoarima,lgbm,2791,2791,0
ETH-USD,fz0_0p025,autoarima,moirai,2791,2791,0
ETH-USD,fz0_0p025,autoarima,naive,2791,2791,0
ETH-USD,fz0_0p025,autoarima,patchtst,2791,2791,0
ETH-USD,fz0_0p025,autoarima,timesfm,2791,2791,0
ETH-USD,fz0_0p025,autoets,autoarima,2791,2791,0
ETH-USD,fz0_0p025,autoets,autoets,2791,2791,0
ETH-USD,fz0_0p025,autoets,chronos,2791,2791,0
ETH-USD,fz0_0p025,autoets,ewma,2791,2791,0
ETH-USD,fz0_0p025,autoets,garch11,2791,2791,0
ETH-USD,fz0_0p025,autoets,garch11_t,2791,2791,0
ETH-USD,fz0_0p025,autoets,gjr,2791,2791,0
ETH-USD,fz0_0p025,autoets,har,2791,2791,0
ETH-USD,fz0_0p025,autoets,lgbm,2791,2791,0
ETH-USD,fz0_0p025,autoets,moirai,2791,2791,0
ETH-USD,fz0_0p025,autoets,naive,2791,2791,0
ETH-USD,fz0_0p025,autoets,patchtst,2791,2791,0
ETH-USD,fz0_0p025,autoets,timesfm,2791,2791,0
ETH-USD,fz0_0p025,chronos,autoarima,2791,2791,0
ETH-USD,fz0_0p025,chronos,autoets,2791,2791,0
ETH-USD,fz0_0p025,chronos,chronos,2791,2791,0
ETH-USD,fz0_0p025,chronos,ewma,2791,2791,0
ETH-USD,fz0_0p025,chronos,garch11,2791,2791,0
ETH-USD,fz0_0p025,chronos,garch11_t,2791,2791,0
ETH-USD,fz0_0p025,chronos,gjr,2791,2791,0
ETH-USD,fz0_0p025,chronos,har,2791,2791,0
ETH-USD,fz0_0p025,chronos,lgbm,2791,2791,0
ETH-USD,fz0_0p025,chronos,moirai,2791,2791,0
ETH-USD,fz0_0p025,chronos,naive,2791,2791,0
ETH-USD,fz0_0p025,chronos,patchtst,2791,2791,0
ETH-USD,fz0_0p025,chronos,timesfm,2791,2791,0
ETH-USD,fz0_0p025,ewma,autoarima,2791,2791,0
ETH-USD,fz0_0p025,ewma,autoets,2791,2791,0
ETH-USD,fz0_0p025,ewma,chronos,2791,2791,0
ETH-USD,fz0_0p025,ewma,ewma,2791,2791,0
ETH-USD,fz0_0p025,ewma,garch11,2791,2791,0
ETH-USD,fz0_0p025,ewma,garch11_t,2791,2791,0
ETH-USD,fz0_0p025,ewma,gjr,2791,2791,0
ETH-USD,fz0_0p025,ewma,har,2791,2791,0
ETH-USD,fz0_0p025,ewma,lgbm,2791,2791,0
ETH-USD,fz0_0p025,ewma,moirai,2791,2791,0
ETH-USD,fz0_0p025,ewma,naive,2791,2791,0
ETH-USD,fz0_0p025,ewma,patchtst,2791,2791,0
ETH-USD,fz0_0p025,ewma,timesfm,2791,2791,0
ETH-USD,fz0_0p025,garch11,autoarima,2791,2791,0
ETH-USD,fz0_0p025,garch11,autoets,2791,2791,0
ETH-USD,fz0_0p025,garch11,chronos,2791,2791,0
ETH-USD,fz0_0p025,garch11,ewma,2791,2791,0
ETH-USD,fz0_0p025,garch11,garch11,2791,2791,0
ETH-USD,fz0_0p025,garch11,garch11_t,2791,2791,0
ETH-USD,fz0_0p025,garch11,gjr,2791,2791,0
ETH-USD,fz0_0p025,garch11,har,2791,2791,0
ETH-USD,fz0_0p025,garch11,lgbm,2791,2791,0
ETH-USD,fz0_0p025,garch11,moirai,2791,2791,0
ETH-USD,fz0_0p025,garch11,naive,2791,2791,0
ETH-USD,fz0_0p025,garch11,patchtst,2791,2791,0
ETH-USD,fz0_0p025,garch11,timesfm,2791,2791,0
ETH-USD,fz0_0p025,garch11_t,autoarima,2791,2791,0
ETH-USD,fz0_0p025,garch11_t,autoets,2791,2791,0
ETH-USD,fz0_0p025,garch11_t,chronos,2791,2791,0
ETH-USD,fz0_0p025,garch11_t,ewma,2791,2791,0
ETH-USD,fz0_0p025,garch11_t,garch11,2791,2791,0
ETH-USD,fz0_0p025,garch11_t,garch11_t,2791,2791,0
ETH-USD,fz0_0p025,garch11_t,gjr,2791,2791,0
ETH-USD,fz0_0p025,garch11_t,har,2791,2791,0
ETH-USD,fz0_0p025,garch11_t,lgbm,2791,2791,0
ETH-USD,fz0_0p025,garch11_t,moirai,2791,2791,0
ETH-USD,fz0_0p025,garch11_t,naive,2791,2791,0
ETH-USD,fz0_0p025,garch11_t,patchtst,2791,2791,0
ETH-USD,fz0_0p025,garch11_t,timesfm,2791,2791,0
ETH-USD,fz0_0p025,gjr,autoarima,2791,2791,0
ETH-USD,fz0_0p025,gjr,autoets,2791,2791,0
ETH-USD,fz0_0p025,gjr,chronos,2791,2791,0
ETH-USD,fz0_0p025,gjr,ewma,2791,2791,0
ETH-USD,fz0_0p025,gjr,garch11,2791,2791,0
ETH-USD,fz0_0p025,gjr,garch11_t,2791,2791,0
ETH-USD,fz0_0p025,gjr,gjr,2791,2791,0
ETH-USD,fz0_0p025,gjr,har,2791,2791,0
ETH-USD,fz0_0p025,gjr,lgbm,2791,2791,0
ETH-USD,fz0_0p025,gjr,moirai,2791,2791,0
ETH-USD,fz0_0p025,gjr,naive,2791,2791,0
ETH-USD,fz0_0p025,gjr,patchtst,2791,2791,0
ETH-USD,fz0_0p025,gjr,timesfm,2791,2791,0
ETH-USD,fz0_0p025,har,autoarima,2791,2791,0
ETH-USD,fz0_0p025,har,autoets,2791,2791,0
ETH-USD,fz0_0p025,har,chronos,2791,2791,0
ETH-USD,fz0_0p025,har,ewma,2791,2791,0
ETH-USD,fz0_0p025,har,garch11,2791,2791,0
ETH-USD,fz0_0p025,har,garch11_t,2791,2791,0
ETH-USD,fz0_0p025,har,gjr,2791,2791,0
ETH-USD,fz0_0p025,har,har,2791,2791,0
ETH-USD,fz0_0p025,har,lgbm,2791,2791,0
ETH-USD,fz0_0p025,har,moirai,2791,2791,0
ETH-USD,fz0_0p025,har,naive,2791,2791,0
ETH-USD,fz0_0p025,har,patchtst,2791,2791,0
ETH-USD,fz0_0p025,har,timesfm,2791,2791,0
ETH-USD,fz0_0p025,lgbm,autoarima,2791,2791,0
ETH-USD,fz0_0p025,lgbm,autoets,2791,2791,0
ETH-USD,fz0_0p025,lgbm,chronos,2791,2791,0
ETH-USD,fz0_0p025,lgbm,ewma,2791,2791,0
ETH-USD,fz0_0p025,lgbm,garch11,2791,2791,0
ETH-USD,fz0_0p025,lgbm,garch11_t,2791,2791,0
ETH-USD,fz0_0p025,lgbm,gjr,2791,2791,0
ETH-USD,fz0_0p025,lgbm,har,2791,2791,0
ETH-USD,fz0_0p025,lgbm,lgbm,2791,2791,0
ETH-USD,fz0_0p025,lgbm,moirai,2791,2791,0
ETH-USD,fz0_0p025,lgbm,naive,2791,2791,0
ETH-USD,fz0_0p025,lgbm,patchtst,2791,2791,0
ETH-USD,fz0_0p025,lgbm,timesfm,2791,2791,0
ETH-USD,fz0_0p025,moirai,autoarima,2791,2791,0
ETH-USD,fz0_0p025,moirai,autoets,2791,2791,0
ETH-USD,fz0_0p025,moirai,chronos,2791,2791,0
ETH-USD,fz0_0p025,moirai,ewma,2791,2791,0
ETH-USD,fz0_0p025,moirai,garch11,2791,2791,0
ETH-USD,fz0_0p025,moirai,garch11_t,2791,2791,0
ETH-USD,fz0_0p025,moirai,gjr,2791,2791,0
ETH-USD,fz0_0p025,moirai,har,2791,2791,0
ETH-USD,fz0_0p025,moirai,lgbm,2791,2791,0
ETH-USD,fz0_0p025,moirai,moirai,2791,2791,0
ETH-USD,fz0_0p025,moirai,naive,2791,2791,0
ETH-USD,fz0_0p025,moirai,patchtst,2791,2791,0
ETH-USD,fz0_0p025,moirai,timesfm,2791,2791,0
ETH-USD,fz0_0p025,naive,autoarima,2791,2791,0
ETH-USD,fz0_0p025,naive,autoets,2791,2791,0
ETH-USD,fz0_0p025,naive,chronos,2791,2791,0
ETH-USD,fz0_0p025,naive,ewma,2791,2791,0
ETH-USD,fz0_0p025,naive,garch11,2791,2791,0
ETH-USD,fz0_0p025,naive,garch11_t,2791,2791,0
ETH-USD,fz0_0p025,naive,gjr,2791,2791,0
ETH-USD,fz0_0p025,naive,har,2791,2791,0
ETH-USD,fz0_0p025,naive,lgbm,2791,2791,0
ETH-USD,fz0_0p025,naive,moirai,2791,2791,0
ETH-USD,fz0_0p025,naive,naive,2791,2791,0
ETH-USD,fz0_0p025,naive,patchtst,2791,2791,0
ETH-USD,fz0_0p025,naive,timesfm,2791,2791,0
ETH-USD,fz0_0p025,patchtst,autoarima,2791,2791,0
ETH-USD,fz0_0p025,patchtst,autoets,2791,2791,0
ETH-USD,fz0_0p025,patchtst,chronos,2791,2791,0
ETH-USD,fz0_0p025,patchtst,ewma,2791,2791,0
ETH-USD,fz0_0p025,patchtst,garch11,2791,2791,0
ETH-USD,fz0_0p025,patchtst,garch11_t,2791,2791,0
ETH-USD,fz0_0p025,patchtst,gjr,2791,2791,0
ETH-USD,fz0_0p025,patchtst,har,2791,2791,0
ETH-USD,fz0_0p025,patchtst,lgbm,2791,2791,0
ETH-USD,fz0_0p025,patchtst,moirai,2791,2791,0
ETH-USD,fz0_0p025,patchtst,naive,2791,2791,0
ETH-USD,fz0_0p025,patchtst,patchtst,2791,2791,0
ETH-USD,fz0_0p025,patchtst,timesfm,2791,2791,0
ETH-USD,fz0_0p025,timesfm,autoarima,2791,2791,0
ETH-USD,fz0_0p025,timesfm,autoets,2791,2791,0
ETH-USD,fz0_0p025,timesfm,chronos,2791,2791,0
ETH-USD,fz0_0p025,timesfm,ewma,2791,2791,0
ETH-USD,fz0_0p025,timesfm,garch11,2791,2791,0
ETH-USD,fz0_0p025,timesfm,garch11_t,2791,2791,0
ETH-USD,fz0_0p025,timesfm,gjr,2791,2791,0
ETH-USD,fz0_0p025,timesfm,har,2791,2791,0
ETH-USD,fz0_0p025,timesfm,lgbm,2791,2791,0
ETH-USD,fz0_0p025,timesfm,moirai,2791,2791,0
ETH-USD,fz0_0p025,timesfm,naive,2791,2791,0
ETH-USD,fz0_0p025,timesfm,patchtst,2791,2791,0
ETH-USD,fz0_0p025,timesfm,timesfm,2791,2791,0
ETH-USD,fz0_0p05,autoarima,autoarima,2791,2791,0
ETH-USD,fz0_0p05,autoarima,autoets,2791,2791,0
ETH-USD,fz0_0p05,autoarima,chronos,2791,2791,0
ETH-USD,fz0_0p05,autoarima,ewma,2791,2791,0
ETH-USD,fz0_0p05,autoarima,garch11,2791,2791,0
ETH-USD,fz0_0p05,autoarima,garch11_t,2791,2791,0
ETH-USD,fz0_0p05,autoarima,gjr,2791,2791,0
ETH-USD,fz0_0p05,autoarima,har,2791,2791,0
ETH-USD,fz0_0p05,autoarima,lgbm,2791,2791,0
ETH-USD,fz0_0p05,autoarima,moirai,2791,2791,0
ETH-USD,fz0_0p05,autoarima,naive,2791,2791,0
ETH-USD,fz0_0p05,autoarima,patchtst,2791,2791,0
ETH-USD,fz0_0p05,autoarima,timesfm,2791,2791,0
ETH-USD,fz0_0p05,autoets,autoarima,2791,2791,0
ETH-USD,fz0_0p05,autoets,autoets,2791,2791,0
ETH-USD,fz0_0p05,autoets,chronos,2791,2791,0
ETH-USD,fz0_0p05,autoets,ewma,2791,2791,0
ETH-USD,fz0_0p05,autoets,garch11,2791,2791,0
ETH-USD,fz0_0p05,autoets,garch11_t,2791,2791,0
ETH-USD,fz0_0p05,autoets,gjr,2791,2791,0
ETH-USD,fz0_0p05,autoets,har,2791,2791,0
ETH-USD,fz0_0p05,autoets,lgbm,2791,2791,0
ETH-USD,fz0_0p05,autoets,moirai,2791,2791,0
ETH-USD,fz0_0p05,autoets,naive,2791,2791,0
ETH-USD,fz0_0p05,autoets,patchtst,2791,2791,0
ETH-USD,fz0_0p05,autoets,timesfm,2791,2791,0
ETH-USD,fz0_0p05,chronos,autoarima,2791,2791,0
ETH-USD,fz0_0p05,chronos,autoets,2791,2791,0
ETH-USD,fz0_0p05,chronos,chronos,2791,2791,0
ETH-USD,fz0_0p05,chronos,ewma,2791,2791,0
ETH-USD,fz0_0p05,chronos,garch11,2791,2791,0
ETH-USD,fz0_0p05,chronos,garch11_t,2791,2791,0
ETH-USD,fz0_0p05,chronos,gjr,2791,2791,0
ETH-USD,fz0_0p05,chronos,har,2791,2791,0
ETH-USD,fz0_0p05,chronos,lgbm,2791,2791,0
ETH-USD,fz0_0p05,chronos,moirai,2791,2791,0
ETH-USD,fz0_0p05,chronos,naive,2791,2791,0
ETH-USD,fz0_0p05,chronos,patchtst,2791,2791,0
ETH-USD,fz0_0p05,chronos,timesfm,2791,2791,0
ETH-USD,fz0_0p05,ewma,autoarima,2791,2791,0
ETH-USD,fz0_0p05,ewma,autoets,2791,2791,0
ETH-USD,fz0_0p05,ewma,chronos,2791,2791,0
ETH-USD,fz0_0p05,ewma,ewma,2791,2791,0
ETH-USD,fz0_0p05,ewma,garch11,2791,2791,0
ETH-USD,fz0_0p05,ewma,garch11_t,2791,2791,0
ETH-USD,fz0_0p05,ewma,gjr,2791,2791,0
ETH-USD,fz0_0p05,ewma,har,2791,2791,0
ETH-USD,fz0_0p05,ewma,lgbm,2791,2791,0
ETH-USD,fz0_0p05,ewma,moirai,2791,2791,0
ETH-USD,fz0_0p05,ewma,naive,2791,2791,0
ETH-USD,fz0_0p05,ewma,patchtst,2791,2791,0
ETH-USD,fz0_0p05,ewma,timesfm,2791,2791,0
ETH-USD,fz0_0p05,garch11,autoarima,2791,2791,0
ETH-USD,fz0_0p05,garch11,autoets,2791,2791,0
ETH-USD,fz0_0p05,garch11,chronos,2791,2791,0
ETH-USD,fz0_0p05,garch11,ewma,2791,2791,0
ETH-USD,fz0_0p05,garch11,garch11,2791,2791,0
ETH-USD,fz0_0p05,garch11,garch11_t,2791,2791,0
ETH-USD,fz0_0p05,garch11,gjr,2791,2791,0
ETH-USD,fz0_0p05,garch11,har,2791,2791,0
ETH-USD,fz0_0p05,garch11,lgbm,2791,2791,0
ETH-USD,fz0_0p05,garch11,moirai,2791,2791,0
ETH-USD,fz0_0p05,garch11,naive,2791,2791,0
ETH-USD,fz0_0p05,garch11,patchtst,2791,2791,0
ETH-USD,fz0_0p05,garch11,timesfm,2791,2791,0
ETH-USD,fz0_0p05,garch11_t,autoarima,2791,2791,0
ETH-USD,fz0_0p05,garch11_t,autoets,2791,2791,0
ETH-USD,fz0_0p05,garch11_t,chronos,2791,2791,0
ETH-USD,fz0_0p05,garch11_t,ewma,2791,2791,0
ETH-USD,fz0_0p05,garch11_t,garch11,2791,2791,0
ETH-USD,fz0_0p05,garch11_t,garch11_t,2791,2791,0
ETH-USD,fz0_0p05,garch11_t,gjr,2791,2791,0
ETH-USD,fz0_0p05,garch11_t,har,2791,2791,0
ETH-USD,fz0_0p05,garch11_t,lgbm,2791,2791,0
ETH-USD,fz0_0p05,garch11_t,moirai,2791,2791,0
ETH-USD,fz0_0p05,garch11_t,naive,2791,2791,0
ETH-USD,fz0_0p05,garch11_t,patchtst,2791,2791,0
ETH-USD,fz0_0p05,garch11_t,timesfm,2791,2791,0
ETH-USD,fz0_0p05,gjr,autoarima,2791,2791,0
ETH-USD,fz0_0p05,gjr,autoets,2791,2791,0
ETH-USD,fz0_0p05,gjr,chronos,2791,2791,0
ETH-USD,fz0_0p05,gjr,ewma,2791,2791,0
ETH-USD,fz0_0p05,gjr,garch11,2791,2791,0
ETH-USD,fz0_0p05,gjr,garch11_t,2791,2791,0
ETH-USD,fz0_0p05,gjr,gjr,2791,2791,0
ETH-USD,fz0_0p05,gjr,har,2791,2791,0
ETH-USD,fz0_0p05,gjr,lgbm,2791,2791,0
ETH-USD,fz0_0p05,gjr,moirai,2791,2791,0
ETH-USD,fz0_0p05,gjr,naive,2791,2791,0
ETH-USD,fz0_0p05,gjr,patchtst,2791,2791,0
ETH-USD,fz0_0p05,gjr,timesfm,2791,2791,0
ETH-USD,fz0_0p05,har,autoarima,2791,2791,0
ETH-USD,fz0_0p05,har,autoets,2791,2791,0
ETH-USD,fz0_0p05,har,chronos,2791,2791,0
ETH-USD,fz0_0p05,har,ewma,2791,2791,0
ETH-USD,fz0_0p05,har,garch11,2791,2791,0
ETH-USD,fz0_0p05,har,garch11_t,2791,2791,0
ETH-USD,fz0_0p05,har,gjr,2791,2791,0
ETH-USD,fz0_0p05,har,har,2791,2791,0
ETH-USD,fz0_0p05,har,lgbm,2791,2791,0
ETH-USD,fz0_0p05,har,moirai,2791,2791,0
ETH-USD,fz0_0p05,har,naive,2791,2791,0
ETH-USD,fz0_0p05,har,patchtst,2791,2791,0
ETH-USD,fz0_0p05,har,timesfm,2791,2791,0
ETH-USD,fz0_0p05,lgbm,autoarima,2791,2791,0
ETH-USD,fz0_0p05,lgbm,autoets,2791,2791,0
ETH-USD,fz0_0p05,lgbm,chronos,2791,2791,0
ETH-USD,fz0_0p05,lgbm,ewma,2791,2791,0
ETH-USD,fz0_0p05,lgbm,garch11,2791,2791,0
ETH-USD,fz0_0p05,lgbm,garch11_t,2791,2791,0
ETH-USD,fz0_0p05,lgbm,gjr,2791,2791,0
ETH-USD,fz0_0p05,lgbm,har,2791,2791,0
ETH-USD,fz0_0p05,lgbm,lgbm,2791,2791,0
ETH-USD,fz0_0p05,lgbm,moirai,2791,2791,0
ETH-USD,fz0_0p05,lgbm,naive,2791,2791,0
ETH-USD,fz0_0p05,lgbm,patchtst,2791,2791,0
ETH-USD,fz0_0p05,lgbm,timesfm,2791,2791,0
ETH-USD,fz0_0p05,moirai,autoarima,2791,2791,0
ETH-USD,fz0_0p05,moirai,autoets,2791,2791,0
ETH-USD,fz0_0p05,moirai,chronos,2791,2791,0
ETH-USD,fz0_0p05,moirai,ewma,2791,2791,0
ETH-USD,fz0_0p05,moirai,garch11,2791,2791,0
ETH-USD,fz0_0p05,moirai,garch11_t,2791,2791,0
ETH-USD,fz0_0p05,moirai,gjr,2791,2791,0
ETH-USD,fz0_0p05,moirai,har,2791,2791,0
ETH-USD,fz0_0p05,moirai,lgbm,2791,2791,0
ETH-USD,fz0_0p05,moirai,moirai,2791,2791,0
ETH-USD,fz0_0p05,moirai,naive,2791,2791,0
ETH-USD,fz0_0p05,moirai,patchtst,2791,2791,0
ETH-USD,fz0_0p05,moirai,timesfm,2791,2791,0
ETH-USD,fz0_0p05,naive,autoarima,2791,2791,0
ETH-USD,fz0_0p05,naive,autoets,2791,2791,0
ETH-USD,fz0_0p05,naive,chronos,2791,2791,0
ETH-USD,fz0_0p05,naive,ewma,2791,2791,0
ETH-USD,fz0_0p05,naive,garch11,2791,2791,0
ETH-USD,fz0_0p05,naive,garch11_t,2791,2791,0
ETH-USD,fz0_0p05,naive,gjr,2791,2791,0
ETH-USD,fz0_0p05,naive,har,2791,2791,0
ETH-USD,fz0_0p05,naive,lgbm,2791,2791,0
ETH-USD,fz0_0p05,naive,moirai,2791,2791,0
ETH-USD,fz0_0p05,naive,naive,2791,2791,0
ETH-USD,fz0_0p05,naive,patchtst,2791,2791,0
ETH-USD,fz0_0p05,naive,timesfm,2791,2791,0
ETH-USD,fz0_0p05,patchtst,autoarima,2791,2791,0
ETH-USD,fz0_0p05,patchtst,autoets,2791,2791,0
ETH-USD,fz0_0p05,patchtst,chronos,2791,2791,0
ETH-USD,fz0_0p05,patchtst,ewma,2791,2791,0
ETH-USD,fz0_0p05,patchtst,garch11,2791,2791,0
ETH-USD,fz0_0p05,patchtst,garch11_t,2791,2791,0
ETH-USD,fz0_0p05,patchtst,gjr,2791,2791,0
ETH-USD,fz0_0p05,patchtst,har,2791,2791,0
ETH-USD,fz0_0p05,patchtst,lgbm,2791,2791,0
ETH-USD,fz0_0p05,patchtst,moirai,2791,2791,0
ETH-USD,fz0_0p05,patchtst,naive,2791,2791,0
ETH-USD,fz0_0p05,patchtst,patchtst,2791,2791,0
ETH-USD,fz0_0p05,patchtst,timesfm,2791,2791,0
ETH-USD,fz0_0p05,timesfm,autoarima,2791,2791,0
ETH-USD,fz0_0p05,timesfm,autoets,2791,2791,0
ETH-USD,fz0_0p05,timesfm,chronos,2791,2791,0
ETH-USD,fz0_0p05,timesfm,ewma,2791,2791,0
ETH-USD,fz0_0p05,timesfm,garch11,2791,2791,0
ETH-USD,fz0_0p05,timesfm,garch11_t,2791,2791,0
ETH-USD,fz0_0p05,timesfm,gjr,2791,2791,0
ETH-USD,fz0_0p05,timesfm,har,2791,2791,0
ETH-USD,fz0_0p05,timesfm,lgbm,2791,2791,0
ETH-USD,fz0_0p05,timesfm,moirai,2791,2791,0
ETH-USD,fz0_0p05,timesfm,naive,2791,2791,0
ETH-USD,fz0_0p05,timesfm,patchtst,2791,2791,0
ETH-USD,fz0_0p05,timesfm,timesfm,2791,2791,0
ETH-USD,fz0_avg,autoarima,autoarima,2791,2791,0
ETH-USD,fz0_avg,autoarima,autoets,2791,2791,0
ETH-USD,fz0_avg,autoarima,chronos,2791,2791,0
ETH-USD,fz0_avg,autoarima,ewma,2791,2791,0
ETH-USD,fz0_avg,autoarima,garch11,2791,2791,0
ETH-USD,fz0_avg,autoarima,garch11_t,2791,2791,0
ETH-USD,fz0_avg,autoarima,gjr,2791,2791,0
ETH-USD,fz0_avg,autoarima,har,2791,2791,0
ETH-USD,fz0_avg,autoarima,lgbm,2791,2791,0
ETH-USD,fz0_avg,autoarima,moirai,2791,2791,0
ETH-USD,fz0_avg,autoarima,naive,2791,2791,0
ETH-USD,fz0_avg,autoarima,patchtst,2791,2791,0
ETH-USD,fz0_avg,autoarima,timesfm,2791,2791,0
ETH-USD,fz0_avg,autoets,autoarima,2791,2791,0
ETH-USD,fz0_avg,autoets,autoets,2791,2791,0
ETH-USD,fz0_avg,autoets,chronos,2791,2791,0
ETH-USD,fz0_avg,autoets,ewma,2791,2791,0
ETH-USD,fz0_avg,autoets,garch11,2791,2791,0
ETH-USD,fz0_avg,autoets,garch11_t,2791,2791,0
ETH-USD,fz0_avg,autoets,gjr,2791,2791,0
ETH-USD,fz0_avg,autoets,har,2791,2791,0
ETH-USD,fz0_avg,autoets,lgbm,2791,2791,0
ETH-USD,fz0_avg,autoets,moirai,2791,2791,0
ETH-USD,fz0_avg,autoets,naive,2791,2791,0
ETH-USD,fz0_avg,autoets,patchtst,2791,2791,0
ETH-USD,fz0_avg,autoets,timesfm,2791,2791,0
ETH-USD,fz0_avg,chronos,autoarima,2791,2791,0
ETH-USD,fz0_avg,chronos,autoets,2791,2791,0
ETH-USD,fz0_avg,chronos,chronos,2791,2791,0
ETH-USD,fz0_avg,chronos,ewma,2791,2791,0
ETH-USD,fz0_avg,chronos,garch11,2791,2791,0
ETH-USD,fz0_avg,chronos,garch11_t,2791,2791,0
ETH-USD,fz0_avg,chronos,gjr,2791,2791,0
ETH-USD,fz0_avg,chronos,har,2791,2791,0
ETH-USD,fz0_avg,chronos,lgbm,2791,2791,0
ETH-USD,fz0_avg,chronos,moirai,2791,2791,0
ETH-USD,fz0_avg,chronos,naive,2791,2791,0
ETH-USD,fz0_avg,chronos,patchtst,2791,2791,0
ETH-USD,fz0_avg,chronos,timesfm,2791,2791,0
ETH-USD,fz0_avg,ewma,autoarima,2791,2791,0
ETH-USD,fz0_avg,ewma,autoets,2791,2791,0
ETH-USD,fz0_avg,ewma,chronos,2791,2791,0
ETH-USD,fz0_avg,ewma,ewma,2791,2791,0
ETH-USD,fz0_avg,ewma,garch11,2791,2791,0
ETH-USD,fz0_avg,ewma,garch11_t,2791,2791,0
ETH-USD,fz0_avg,ewma,gjr,2791,2791,0
ETH-USD,fz0_avg,ewma,har,2791,2791,0
ETH-USD,fz0_avg,ewma,lgbm,2791,2791,0
ETH-USD,fz0_avg,ewma,moirai,2791,2791,0
ETH-USD,fz0_avg,ewma,naive,2791,2791,0
ETH-USD,fz0_avg,ewma,patchtst,2791,2791,0
ETH-USD,fz0_avg,ewma,timesfm,2791,2791,0
ETH-USD,fz0_avg,garch11,autoarima,2791,2791,0
ETH-USD,fz0_avg,garch11,autoets,2791,2791,0
ETH-USD,fz0_avg,garch11,chronos,2791,2791,0
ETH-USD,fz0_avg,garch11,ewma,2791,2791,0
ETH-USD,fz0_avg,garch11,garch11,2791,2791,0
ETH-USD,fz0_avg,garch11,garch11_t,2791,2791,0
ETH-USD,fz0_avg,garch11,gjr,2791,2791,0
ETH-USD,fz0_avg,garch11,har,2791,2791,0
ETH-USD,fz0_avg,garch11,lgbm,2791,2791,0
ETH-USD,fz0_avg,garch11,moirai,2791,2791,0
ETH-USD,fz0_avg,garch11,naive,2791,2791,0
ETH-USD,fz0_avg,garch11,patchtst,2791,2791,0
ETH-USD,fz0_avg,garch11,timesfm,2791,2791,0
ETH-USD,fz0_avg,garch11_t,autoarima,2791,2791,0
ETH-USD,fz0_avg,garch11_t,autoets,2791,2791,0
ETH-USD,fz0_avg,garch11_t,chronos,2791,2791,0
ETH-USD,fz0_avg,garch11_t,ewma,2791,2791,0
ETH-USD,fz0_avg,garch11_t,garch11,2791,2791,0
ETH-USD,fz0_avg,garch11_t,garch11_t,2791,2791,0
ETH-USD,fz0_avg,garch11_t,gjr,2791,2791,0
ETH-USD,fz0_avg,garch11_t,har,2791,2791,0
ETH-USD,fz0_avg,garch11_t,lgbm,2791,2791,0
ETH-USD,fz0_avg,garch11_t,moirai,2791,2791,0
ETH-USD,fz0_avg,garch11_t,naive,2791,2791,0
ETH-USD,fz0_avg,garch11_t,patchtst,2791,2791,0
ETH-USD,fz0_avg,garch11_t,timesfm,2791,2791,0
ETH-USD,fz0_avg,gjr,autoarima,2791,2791,0
ETH-USD,fz0_avg,gjr,autoets,2791,2791,0
ETH-USD,fz0_avg,gjr,chronos,2791,2791,0
ETH-USD,fz0_avg,gjr,ewma,2791,2791,0
ETH-USD,fz0_avg,gjr,garch11,2791,2791,0
ETH-USD,fz0_avg,gjr,garch11_t,2791,2791,0
ETH-USD,fz0_avg,gjr,gjr,2791,2791,0
ETH-USD,fz0_avg,gjr,har,2791,2791,0
ETH-USD,fz0_avg,gjr,lgbm,2791,2791,0
ETH-USD,fz0_avg,gjr,moirai,2791,2791,0
ETH-USD,fz0_avg,gjr,naive,2791,2791,0
ETH-USD,fz0_avg,gjr,patchtst,2791,2791,0
ETH-USD,fz0_avg,gjr,timesfm,2791,2791,0
ETH-USD,fz0_avg,har,autoarima,2791,2791,0
ETH-USD,fz0_avg,har,autoets,2791,2791,0
ETH-USD,fz0_avg,har,chronos,2791,2791,0
ETH-USD,fz0_avg,har,ewma,2791,2791,0
ETH-USD,fz0_avg,har,garch11,2791,2791,0
ETH-USD,fz0_avg,har,garch11_t,2791,2791,0
ETH-USD,fz0_avg,har,gjr,2791,2791,0
ETH-USD,fz0_avg,har,har,2791,2791,0
ETH-USD,fz0_avg,har,lgbm,2791,2791,0
ETH-USD,fz0_avg,har,moirai,2791,2791,0
ETH-USD,fz0_avg,har,naive,2791,2791,0
ETH-USD,fz0_avg,har,patchtst,2791,2791,0
ETH-USD,fz0_avg,har,timesfm,2791,2791,0
ETH-USD,fz0_avg,lgbm,autoarima,2791,2791,0
ETH-USD,fz0_avg,lgbm,autoets,2791,2791,0
ETH-USD,fz0_avg,lgbm,chronos,2791,2791,0
ETH-USD,fz0_avg,lgbm,ewma,2791,2791,0
ETH-USD,fz0_avg,lgbm,garch11,2791,2791,0
ETH-USD,fz0_avg,lgbm,garch11_t,2791,2791,0
ETH-USD,fz0_avg,lgbm,gjr,2791,2791,0
ETH-USD,fz0_avg,lgbm,har,2791,2791,0
ETH-USD,fz0_avg,lgbm,lgbm,2791,2791,0
ETH-USD,fz0_avg,lgbm,moirai,2791,2791,0
ETH-USD,fz0_avg,lgbm,naive,2791,2791,0
ETH-USD,fz0_avg,lgbm,patchtst,2791,2791,0
ETH-USD,fz0_avg,lgbm,timesfm,2791,2791,0
ETH-USD,fz0_avg,moirai,autoarima,2791,2791,0
ETH-USD,fz0_avg,moirai,autoets,2791,2791,0
ETH-USD,fz0_avg,moirai,chronos,2791,2791,0
ETH-USD,fz0_avg,moirai,ewma,2791,2791,0
ETH-USD,fz0_avg,moirai,garch11,2791,2791,0
ETH-USD,fz0_avg,moirai,garch11_t,2791,2791,0
ETH-USD,fz0_avg,moirai,gjr,2791,2791,0
ETH-USD,fz0_avg,moirai,har,2791,2791,0
ETH-USD,fz0_avg,moirai,lgbm,2791,2791,0
ETH-USD,fz0_avg,moirai,moirai,2791,2791,0
ETH-USD,fz0_avg,moirai,naive,2791,2791,0
ETH-USD,fz0_avg,moirai,patchtst,2791,2791,0
ETH-USD,fz0_avg,moirai,timesfm,2791,2791,0
ETH-USD,fz0_avg,naive,autoarima,2791,2791,0
ETH-USD,fz0_avg,naive,autoets,2791,2791,0
ETH-USD,fz0_avg,naive,chronos,2791,2791,0
ETH-USD,fz0_avg,naive,ewma,2791,2791,0
ETH-USD,fz0_avg,naive,garch11,2791,2791,0
ETH-USD,fz0_avg,naive,garch11_t,2791,2791,0
ETH-USD,fz0_avg,naive,gjr,2791,2791,0
ETH-USD,fz0_avg,naive,har,2791,2791,0
ETH-USD,fz0_avg,naive,lgbm,2791,2791,0
ETH-USD,fz0_avg,naive,moirai,2791,2791,0
ETH-USD,fz0_avg,naive,naive,2791,2791,0
ETH-USD,fz0_avg,naive,patchtst,2791,2791,0
ETH-USD,fz0_avg,naive,timesfm,2791,2791,0
ETH-USD,fz0_avg,patchtst,autoarima,2791,2791,0
ETH-USD,fz0_avg,patchtst,autoets,2791,2791,0
ETH-USD,fz0_avg,patchtst,chronos,2791,2791,0
ETH-USD,fz0_avg,patchtst,ewma,2791,2791,0
ETH-USD,fz0_avg,patchtst,garch11,2791,2791,0
ETH-USD,fz0_avg,patchtst,garch11_t,2791,2791,0
ETH-USD,fz0_avg,patchtst,gjr,2791,2791,0
ETH-USD,fz0_avg,patchtst,har,2791,2791,0
ETH-USD,fz0_avg,patchtst,lgbm,2791,2791,0
ETH-USD,fz0_avg,patchtst,moirai,2791,2791,0
ETH-USD,fz0_avg,patchtst,naive,2791,2791,0
ETH-USD,fz0_avg,patchtst,patchtst,2791,2791,0
ETH-USD,fz0_avg,patchtst,timesfm,2791,2791,0
ETH-USD,fz0_avg,timesfm,autoarima,2791,2791,0
ETH-USD,fz0_avg,timesfm,autoets,2791,2791,0
ETH-USD,fz0_avg,timesfm,chronos,2791,2791,0
ETH-USD,fz0_avg,timesfm,ewma,2791,2791,0
ETH-USD,fz0_avg,timesfm,garch11,2791,2791,0
ETH-USD,fz0_avg,timesfm,garch11_t,2791,2791,0
ETH-USD,fz0_avg,timesfm,gjr,2791,2791,0
ETH-USD,fz0_avg,timesfm,har,2791,2791,0
ETH-USD,fz0_avg,timesfm,lgbm,2791,2791,0
ETH-USD,fz0_avg,timesfm,moirai,2791,2791,0
ETH-USD,fz0_avg,timesfm,naive,2791,2791,0
ETH-USD,fz0_avg,timesfm,patchtst,2791,2791,0
ETH-USD,fz0_avg,timesfm,timesfm,2791,2791,0
HSI,crps,autoarima,autoarima,4828,4828,0
HSI,crps,autoarima,autoets,4828,4828,0
HSI,crps,autoarima,chronos,4828,4828,0
HSI,crps,autoarima,ewma,4828,4828,0
HSI,crps,autoarima,garch11,4828,4828,0
HSI,crps,autoarima,garch11_t,4828,4828,0
HSI,crps,autoarima,gjr,4828,4828,0
HSI,crps,autoarima,har,4828,4828,0
HSI,crps,autoarima,lgbm,4828,4828,0
HSI,crps,autoarima,moirai,4828,4828,0
HSI,crps,autoarima,naive,4828,4828,0
HSI,crps,autoarima,patchtst,4828,4828,0
HSI,crps,autoarima,timesfm,4828,4828,0
HSI,crps,autoets,autoarima,4828,4828,0
HSI,crps,autoets,autoets,4828,4828,0
HSI,crps,autoets,chronos,4828,4828,0
HSI,crps,autoets,ewma,4828,4828,0
HSI,crps,autoets,garch11,4828,4828,0
HSI,crps,autoets,garch11_t,4828,4828,0
HSI,crps,autoets,gjr,4828,4828,0
HSI,crps,autoets,har,4828,4828,0
HSI,crps,autoets,lgbm,4828,4828,0
HSI,crps,autoets,moirai,4828,4828,0
HSI,crps,autoets,naive,4828,4828,0
HSI,crps,autoets,patchtst,4828,4828,0
HSI,crps,autoets,timesfm,4828,4828,0
HSI,crps,chronos,autoarima,4828,4828,0
HSI,crps,chronos,autoets,4828,4828,0
HSI,crps,chronos,chronos,4828,4828,0
HSI,crps,chronos,ewma,4828,4828,0
HSI,crps,chronos,garch11,4828,4828,0
HSI,crps,chronos,garch11_t,4828,4828,0
HSI,crps,chronos,gjr,4828,4828,0
HSI,crps,chronos,har,4828,4828,0
HSI,crps,chronos,lgbm,4828,4828,0
HSI,crps,chronos,moirai,4828,4828,0
HSI,crps,chronos,naive,4828,4828,0
HSI,crps,chronos,patchtst,4828,4828,0
HSI,crps,chronos,timesfm,4828,4828,0
HSI,crps,ewma,autoarima,4828,4828,0
HSI,crps,ewma,autoets,4828,4828,0
HSI,crps,ewma,chronos,4828,4828,0
HSI,crps,ewma,ewma,4828,4828,0
HSI,crps,ewma,garch11,4828,4828,0
HSI,crps,ewma,garch11_t,4828,4828,0
HSI,crps,ewma,gjr,4828,4828,0
HSI,crps,ewma,har,4828,4828,0
HSI,crps,ewma,lgbm,4828,4828,0
HSI,crps,ewma,moirai,4828,4828,0
HSI,crps,ewma,naive,4828,4828,0
HSI,crps,ewma,patchtst,4828,4828,0
HSI,crps,ewma,timesfm,4828,4828,0
HSI,crps,garch11,autoarima,4828,4828,0
HSI,crps,garch11,autoets,4828,4828,0
HSI,crps,garch11,chronos,4828,4828,0
HSI,crps,garch11,ewma,4828,4828,0
HSI,crps,garch11,garch11,4828,4828,0
HSI,crps,garch11,garch11_t,4828,4828,0
HSI,crps,garch11,gjr,4828,4828,0
HSI,crps,garch11,har,4828,4828,0
HSI,crps,garch11,lgbm,4828,4828,0
HSI,crps,garch11,moirai,4828,4828,0
HSI,crps,garch11,naive,4828,4828,0
HSI,crps,garch11,patchtst,4828,4828,0
HSI,crps,garch11,timesfm,4828,4828,0
HSI,crps,garch11_t,autoarima,4828,4828,0
HSI,crps,garch11_t,autoets,4828,4828,0
HSI,crps,garch11_t,chronos,4828,4828,0
HSI,crps,garch11_t,ewma,4828,4828,0
HSI,crps,garch11_t,garch11,4828,4828,0
HSI,crps,garch11_t,garch11_t,4828,4828,0
HSI,crps,garch11_t,gjr,4828,4828,0
HSI,crps,garch11_t,har,4828,4828,0
HSI,crps,garch11_t,lgbm,4828,4828,0
HSI,crps,garch11_t,moirai,4828,4828,0
HSI,crps,garch11_t,naive,4828,4828,0
HSI,crps,garch11_t,patchtst,4828,4828,0
HSI,crps,garch11_t,timesfm,4828,4828,0
HSI,crps,gjr,autoarima,4828,4828,0
HSI,crps,gjr,autoets,4828,4828,0
HSI,crps,gjr,chronos,4828,4828,0
HSI,crps,gjr,ewma,4828,4828,0
HSI,crps,gjr,garch11,4828,4828,0
HSI,crps,gjr,garch11_t,4828,4828,0
HSI,crps,gjr,gjr,4828,4828,0
HSI,crps,gjr,har,4828,4828,0
HSI,crps,gjr,lgbm,4828,4828,0
HSI,crps,gjr,moirai,4828,4828,0
HSI,crps,gjr,naive,4828,4828,0
HSI,crps,gjr,patchtst,4828,4828,0
HSI,crps,gjr,timesfm,4828,4828,0
HSI,crps,har,autoarima,4828,4828,0
HSI,crps,har,autoets,4828,4828,0
HSI,crps,har,chronos,4828,4828,0
HSI,crps,har,ewma,4828,4828,0
HSI,crps,har,garch11,4828,4828,0
HSI,crps,har,garch11_t,4828,4828,0
HSI,crps,har,gjr,4828,4828,0
HSI,crps,har,har,4828,4828,0
HSI,crps,har,lgbm,4828,4828,0
HSI,crps,har,moirai,4828,4828,0
HSI,crps,har,naive,4828,4828,0
HSI,crps,har,patchtst,4828,4828,0
HSI,crps,har,timesfm,4828,4828,0
HSI,crps,lgbm,autoarima,4828,4828,0
HSI,crps,lgbm,autoets,4828,4828,0
HSI,crps,lgbm,chronos,4828,4828,0
HSI,crps,lgbm,ewma,4828,4828,0
HSI,crps,lgbm,garch11,4828,4828,0
HSI,crps,lgbm,garch11_t,4828,4828,0
HSI,crps,lgbm,gjr,4828,4828,0
HSI,crps,lgbm,har,4828,4828,0
HSI,crps,lgbm,lgbm,4828,4828,0
HSI,crps,lgbm,moirai,4828,4828,0
HSI,crps,lgbm,naive,4828,4828,0
HSI,crps,lgbm,patchtst,4828,4828,0
HSI,crps,lgbm,timesfm,4828,4828,0
HSI,crps,moirai,autoarima,4828,4828,0
HSI,crps,moirai,autoets,4828,4828,0
HSI,crps,moirai,chronos,4828,4828,0
HSI,crps,moirai,ewma,4828,4828,0
HSI,crps,moirai,garch11,4828,4828,0
HSI,crps,moirai,garch11_t,4828,4828,0
HSI,crps,moirai,gjr,4828,4828,0
HSI,crps,moirai,har,4828,4828,0
HSI,crps,moirai,lgbm,4828,4828,0
HSI,crps,moirai,moirai,4828,4828,0
HSI,crps,moirai,naive,4828,4828,0
HSI,crps,moirai,patchtst,4828,4828,0
HSI,crps,moirai,timesfm,4828,4828,0
HSI,crps,naive,autoarima,4828,4828,0
HSI,crps,naive,autoets,4828,4828,0
HSI,crps,naive,chronos,4828,4828,0
HSI,crps,naive,ewma,4828,4828,0
HSI,crps,naive,garch11,4828,4828,0
HSI,crps,naive,garch11_t,4828,4828,0
HSI,crps,naive,gjr,4828,4828,0
HSI,crps,naive,har,4828,4828,0
HSI,crps,naive,lgbm,4828,4828,0
HSI,crps,naive,moirai,4828,4828,0
HSI,crps,naive,naive,4828,4828,0
HSI,crps,naive,patchtst,4828,4828,0
HSI,crps,naive,timesfm,4828,4828,0
HSI,crps,patchtst,autoarima,4828,4828,0
HSI,crps,patchtst,autoets,4828,4828,0
HSI,crps,patchtst,chronos,4828,4828,0
HSI,crps,patchtst,ewma,4828,4828,0
HSI,crps,patchtst,garch11,4828,4828,0
HSI,crps,patchtst,garch11_t,4828,4828,0
HSI,crps,patchtst,gjr,4828,4828,0
HSI,crps,patchtst,har,4828,4828,0
HSI,crps,patchtst,lgbm,4828,4828,0
HSI,crps,patchtst,moirai,4828,4828,0
HSI,crps,patchtst,naive,4828,4828,0
HSI,crps,patchtst,patchtst,4828,4828,0
HSI,crps,patchtst,timesfm,4828,4828,0
HSI,crps,timesfm,autoarima,4828,4828,0
HSI,crps,timesfm,autoets,4828,4828,0
HSI,crps,timesfm,chronos,4828,4828,0
HSI,crps,timesfm,ewma,4828,4828,0
HSI,crps,timesfm,garch11,4828,4828,0
HSI,crps,timesfm,garch11_t,4828,4828,0
HSI,crps,timesfm,gjr,4828,4828,0
HSI,crps,timesfm,har,4828,4828,0
HSI,crps,timesfm,lgbm,4828,4828,0
HSI,crps,timesfm,moirai,4828,4828,0
HSI,crps,timesfm,naive,4828,4828,0
HSI,crps,timesfm,patchtst,4828,4828,0
HSI,crps,timesfm,timesfm,4828,4828,0
HSI,log_score,autoarima,autoarima,4828,4828,0
HSI,log_score,autoarima,autoets,4828,4828,0
HSI,log_score,autoarima,chronos,4828,4828,0
HSI,log_score,autoarima,ewma,4828,4828,0
HSI,log_score,autoarima,garch11,4828,4828,0
HSI,log_score,autoarima,garch11_t,4828,4828,0
HSI,log_score,autoarima,gjr,4828,4828,0
HSI,log_score,autoarima,har,4828,4828,0
HSI,log_score,autoarima,lgbm,4828,4828,0
HSI,log_score,autoarima,moirai,4828,4828,0
HSI,log_score,autoarima,naive,4828,4828,0
HSI,log_score,autoarima,patchtst,4828,4828,0
HSI,log_score,autoarima,timesfm,4828,4828,0
HSI,log_score,autoets,autoarima,4828,4828,0
HSI,log_score,autoets,autoets,4828,4828,0
HSI,log_score,autoets,chronos,4828,4828,0
HSI,log_score,autoets,ewma,4828,4828,0
HSI,log_score,autoets,garch11,4828,4828,0
HSI,log_score,autoets,garch11_t,4828,4828,0
HSI,log_score,autoets,gjr,4828,4828,0
HSI,log_score,autoets,har,4828,4828,0
HSI,log_score,autoets,lgbm,4828,4828,0
HSI,log_score,autoets,moirai,4828,4828,0
HSI,log_score,autoets,naive,4828,4828,0
HSI,log_score,autoets,patchtst,4828,4828,0
HSI,log_score,autoets,timesfm,4828,4828,0
HSI,log_score,chronos,autoarima,4828,4828,0
HSI,log_score,chronos,autoets,4828,4828,0
HSI,log_score,chronos,chronos,4828,4828,0
HSI,log_score,chronos,ewma,4828,4828,0
HSI,log_score,chronos,garch11,4828,4828,0
HSI,log_score,chronos,garch11_t,4828,4828,0
HSI,log_score,chronos,gjr,4828,4828,0
HSI,log_score,chronos,har,4828,4828,0
HSI,log_score,chronos,lgbm,4828,4828,0
HSI,log_score,chronos,moirai,4828,4828,0
HSI,log_score,chronos,naive,4828,4828,0
HSI,log_score,chronos,patchtst,4828,4828,0
HSI,log_score,chronos,timesfm,4828,4828,0
HSI,log_score,ewma,autoarima,4828,4828,0
HSI,log_score,ewma,autoets,4828,4828,0
HSI,log_score,ewma,chronos,4828,4828,0
HSI,log_score,ewma,ewma,4828,4828,0
HSI,log_score,ewma,garch11,4828,4828,0
HSI,log_score,ewma,garch11_t,4828,4828,0
HSI,log_score,ewma,gjr,4828,4828,0
HSI,log_score,ewma,har,4828,4828,0
HSI,log_score,ewma,lgbm,4828,4828,0
HSI,log_score,ewma,moirai,4828,4828,0
HSI,log_score,ewma,naive,4828,4828,0
HSI,log_score,ewma,patchtst,4828,4828,0
HSI,log_score,ewma,timesfm,4828,4828,0
HSI,log_score,garch11,autoarima,4828,4828,0
HSI,log_score,garch11,autoets,4828,4828,0
HSI,log_score,garch11,chronos,4828,4828,0
HSI,log_score,garch11,ewma,4828,4828,0
HSI,log_score,garch11,garch11,4828,4828,0
HSI,log_score,garch11,garch11_t,4828,4828,0
HSI,log_score,garch11,gjr,4828,4828,0
HSI,log_score,garch11,har,4828,4828,0
HSI,log_score,garch11,lgbm,4828,4828,0
HSI,log_score,garch11,moirai,4828,4828,0
HSI,log_score,garch11,naive,4828,4828,0
HSI,log_score,garch11,patchtst,4828,4828,0
HSI,log_score,garch11,timesfm,4828,4828,0
HSI,log_score,garch11_t,autoarima,4828,4828,0
HSI,log_score,garch11_t,autoets,4828,4828,0
HSI,log_score,garch11_t,chronos,4828,4828,0
HSI,log_score,garch11_t,ewma,4828,4828,0
HSI,log_score,garch11_t,garch11,4828,4828,0
HSI,log_score,garch11_t,garch11_t,4828,4828,0
HSI,log_score,garch11_t,gjr,4828,4828,0
HSI,log_score,garch11_t,har,4828,4828,0
HSI,log_score,garch11_t,lgbm,4828,4828,0
HSI,log_score,garch11_t,moirai,4828,4828,0
HSI,log_score,garch11_t,naive,4828,4828,0
HSI,log_score,garch11_t,patchtst,4828,4828,0
HSI,log_score,garch11_t,timesfm,4828,4828,0
HSI,log_score,gjr,autoarima,4828,4828,0
HSI,log_score,gjr,autoets,4828,4828,0
HSI,log_score,gjr,chronos,4828,4828,0
HSI,log_score,gjr,ewma,4828,4828,0
HSI,log_score,gjr,garch11,4828,4828,0
HSI,log_score,gjr,garch11_t,4828,4828,0
HSI,log_score,gjr,gjr,4828,4828,0
HSI,log_score,gjr,har,4828,4828,0
HSI,log_score,gjr,lgbm,4828,4828,0
HSI,log_score,gjr,moirai,4828,4828,0
HSI,log_score,gjr,naive,4828,4828,0
HSI,log_score,gjr,patchtst,4828,4828,0
HSI,log_score,gjr,timesfm,4828,4828,0
HSI,log_score,har,autoarima,4828,4828,0
HSI,log_score,har,autoets,4828,4828,0
HSI,log_score,har,chronos,4828,4828,0
HSI,log_score,har,ewma,4828,4828,0
HSI,log_score,har,garch11,4828,4828,0
HSI,log_score,har,garch11_t,4828,4828,0
HSI,log_score,har,gjr,4828,4828,0
HSI,log_score,har,har,4828,4828,0
HSI,log_score,har,lgbm,4828,4828,0
HSI,log_score,har,moirai,4828,4828,0
HSI,log_score,har,naive,4828,4828,0
HSI,log_score,har,patchtst,4828,4828,0
HSI,log_score,har,timesfm,4828,4828,0
HSI,log_score,lgbm,autoarima,4828,4828,0
HSI,log_score,lgbm,autoets,4828,4828,0
HSI,log_score,lgbm,chronos,4828,4828,0
HSI,log_score,lgbm,ewma,4828,4828,0
HSI,log_score,lgbm,garch11,4828,4828,0
HSI,log_score,lgbm,garch11_t,4828,4828,0
HSI,log_score,lgbm,gjr,4828,4828,0
HSI,log_score,lgbm,har,4828,4828,0
HSI,log_score,lgbm,lgbm,4828,4828,0
HSI,log_score,lgbm,moirai,4828,4828,0
HSI,log_score,lgbm,naive,4828,4828,0
HSI,log_score,lgbm,patchtst,4828,4828,0
HSI,log_score,lgbm,timesfm,4828,4828,0
HSI,log_score,moirai,autoarima,4828,4828,0
HSI,log_score,moirai,autoets,4828,4828,0
HSI,log_score,moirai,chronos,4828,4828,0
HSI,log_score,moirai,ewma,4828,4828,0
HSI,log_score,moirai,garch11,4828,4828,0
HSI,log_score,moirai,garch11_t,4828,4828,0
HSI,log_score,moirai,gjr,4828,4828,0
HSI,log_score,moirai,har,4828,4828,0
HSI,log_score,moirai,lgbm,4828,4828,0
HSI,log_score,moirai,moirai,4828,4828,0
HSI,log_score,moirai,naive,4828,4828,0
HSI,log_score,moirai,patchtst,4828,4828,0
HSI,log_score,moirai,timesfm,4828,4828,0
HSI,log_score,naive,autoarima,4828,4828,0
HSI,log_score,naive,autoets,4828,4828,0
HSI,log_score,naive,chronos,4828,4828,0
HSI,log_score,naive,ewma,4828,4828,0
HSI,log_score,naive,garch11,4828,4828,0
HSI,log_score,naive,garch11_t,4828,4828,0
HSI,log_score,naive,gjr,4828,4828,0
HSI,log_score,naive,har,4828,4828,0
HSI,log_score,naive,lgbm,4828,4828,0
HSI,log_score,naive,moirai,4828,4828,0
HSI,log_score,naive,naive,4828,4828,0
HSI,log_score,naive,patchtst,4828,4828,0
HSI,log_score,naive,timesfm,4828,4828,0
HSI,log_score,patchtst,autoarima,4828,4828,0
HSI,log_score,patchtst,autoets,4828,4828,0
HSI,log_score,patchtst,chronos,4828,4828,0
HSI,log_score,patchtst,ewma,4828,4828,0
HSI,log_score,patchtst,garch11,4828,4828,0
HSI,log_score,patchtst,garch11_t,4828,4828,0
HSI,log_score,patchtst,gjr,4828,4828,0
HSI,log_score,patchtst,har,4828,4828,0
HSI,log_score,patchtst,lgbm,4828,4828,0
HSI,log_score,patchtst,moirai,4828,4828,0
HSI,log_score,patchtst,naive,4828,4828,0
HSI,log_score,patchtst,patchtst,4828,4828,0
HSI,log_score,patchtst,timesfm,4828,4828,0
HSI,log_score,timesfm,autoarima,4828,4828,0
HSI,log_score,timesfm,autoets,4828,4828,0
HSI,log_score,timesfm,chronos,4828,4828,0
HSI,log_score,timesfm,ewma,4828,4828,0
HSI,log_score,timesfm,garch11,4828,4828,0
HSI,log_score,timesfm,garch11_t,4828,4828,0
HSI,log_score,timesfm,gjr,4828,4828,0
HSI,log_score,timesfm,har,4828,4828,0
HSI,log_score,timesfm,lgbm,4828,4828,0
HSI,log_score,timesfm,moirai,4828,4828,0
HSI,log_score,timesfm,naive,4828,4828,0
HSI,log_score,timesfm,patchtst,4828,4828,0
HSI,log_score,timesfm,timesfm,4828,4828,0
HSI,pinball_0p01,autoarima,autoarima,4828,4828,0
HSI,pinball_0p01,autoarima,autoets,4828,4828,0
HSI,pinball_0p01,autoarima,chronos,4828,4828,0
HSI,pinball_0p01,autoarima,ewma,4828,4828,0
HSI,pinball_0p01,autoarima,garch11,4828,4828,0
HSI,pinball_0p01,autoarima,garch11_t,4828,4828,0
HSI,pinball_0p01,autoarima,gjr,4828,4828,0
HSI,pinball_0p01,autoarima,har,4828,4828,0
HSI,pinball_0p01,autoarima,lgbm,4828,4828,0
HSI,pinball_0p01,autoarima,moirai,4828,4828,0
HSI,pinball_0p01,autoarima,naive,4828,4828,0
HSI,pinball_0p01,autoarima,patchtst,4828,4828,0
HSI,pinball_0p01,autoarima,timesfm,4828,4828,0
HSI,pinball_0p01,autoets,autoarima,4828,4828,0
HSI,pinball_0p01,autoets,autoets,4828,4828,0
HSI,pinball_0p01,autoets,chronos,4828,4828,0
HSI,pinball_0p01,autoets,ewma,4828,4828,0
HSI,pinball_0p01,autoets,garch11,4828,4828,0
HSI,pinball_0p01,autoets,garch11_t,4828,4828,0
HSI,pinball_0p01,autoets,gjr,4828,4828,0
HSI,pinball_0p01,autoets,har,4828,4828,0
HSI,pinball_0p01,autoets,lgbm,4828,4828,0
HSI,pinball_0p01,autoets,moirai,4828,4828,0
HSI,pinball_0p01,autoets,naive,4828,4828,0
HSI,pinball_0p01,autoets,patchtst,4828,4828,0
HSI,pinball_0p01,autoets,timesfm,4828,4828,0
HSI,pinball_0p01,chronos,autoarima,4828,4828,0
HSI,pinball_0p01,chronos,autoets,4828,4828,0
HSI,pinball_0p01,chronos,chronos,4828,4828,0
HSI,pinball_0p01,chronos,ewma,4828,4828,0
HSI,pinball_0p01,chronos,garch11,4828,4828,0
HSI,pinball_0p01,chronos,garch11_t,4828,4828,0
HSI,pinball_0p01,chronos,gjr,4828,4828,0
HSI,pinball_0p01,chronos,har,4828,4828,0
HSI,pinball_0p01,chronos,lgbm,4828,4828,0
HSI,pinball_0p01,chronos,moirai,4828,4828,0
HSI,pinball_0p01,chronos,naive,4828,4828,0
HSI,pinball_0p01,chronos,patchtst,4828,4828,0
HSI,pinball_0p01,chronos,timesfm,4828,4828,0
HSI,pinball_0p01,ewma,autoarima,4828,4828,0
HSI,pinball_0p01,ewma,autoets,4828,4828,0
HSI,pinball_0p01,ewma,chronos,4828,4828,0
HSI,pinball_0p01,ewma,ewma,4828,4828,0
HSI,pinball_0p01,ewma,garch11,4828,4828,0
HSI,pinball_0p01,ewma,garch11_t,4828,4828,0
HSI,pinball_0p01,ewma,gjr,4828,4828,0
HSI,pinball_0p01,ewma,har,4828,4828,0
HSI,pinball_0p01,ewma,lgbm,4828,4828,0
HSI,pinball_0p01,ewma,moirai,4828,4828,0
HSI,pinball_0p01,ewma,naive,4828,4828,0
HSI,pinball_0p01,ewma,patchtst,4828,4828,0
HSI,pinball_0p01,ewma,timesfm,4828,4828,0
HSI,pinball_0p01,garch11,autoarima,4828,4828,0
HSI,pinball_0p01,garch11,autoets,4828,4828,0
HSI,pinball_0p01,garch11,chronos,4828,4828,0
HSI,pinball_0p01,garch11,ewma,4828,4828,0
HSI,pinball_0p01,garch11,garch11,4828,4828,0
HSI,pinball_0p01,garch11,garch11_t,4828,4828,0
HSI,pinball_0p01,garch11,gjr,4828,4828,0
HSI,pinball_0p01,garch11,har,4828,4828,0
HSI,pinball_0p01,garch11,lgbm,4828,4828,0
HSI,pinball_0p01,garch11,moirai,4828,4828,0
HSI,pinball_0p01,garch11,naive,4828,4828,0
HSI,pinball_0p01,garch11,patchtst,4828,4828,0
HSI,pinball_0p01,garch11,timesfm,4828,4828,0
HSI,pinball_0p01,garch11_t,autoarima,4828,4828,0
HSI,pinball_0p01,garch11_t,autoets,4828,4828,0
HSI,pinball_0p01,garch11_t,chronos,4828,4828,0
HSI,pinball_0p01,garch11_t,ewma,4828,4828,0
HSI,pinball_0p01,garch11_t,garch11,4828,4828,0
HSI,pinball_0p01,garch11_t,garch11_t,4828,4828,0
HSI,pinball_0p01,garch11_t,gjr,4828,4828,0
HSI,pinball_0p01,garch11_t,har,4828,4828,0
HSI,pinball_0p01,garch11_t,lgbm,4828,4828,0
HSI,pinball_0p01,garch11_t,moirai,4828,4828,0
HSI,pinball_0p01,garch11_t,naive,4828,4828,0
HSI,pinball_0p01,garch11_t,patchtst,4828,4828,0
HSI,pinball_0p01,garch11_t,timesfm,4828,4828,0
HSI,pinball_0p01,gjr,autoarima,4828,4828,0
HSI,pinball_0p01,gjr,autoets,4828,4828,0
HSI,pinball_0p01,gjr,chronos,4828,4828,0
HSI,pinball_0p01,gjr,ewma,4828,4828,0
HSI,pinball_0p01,gjr,garch11,4828,4828,0
HSI,pinball_0p01,gjr,garch11_t,4828,4828,0
HSI,pinball_0p01,gjr,gjr,4828,4828,0
HSI,pinball_0p01,gjr,har,4828,4828,0
HSI,pinball_0p01,gjr,lgbm,4828,4828,0
HSI,pinball_0p01,gjr,moirai,4828,4828,0
HSI,pinball_0p01,gjr,naive,4828,4828,0
HSI,pinball_0p01,gjr,patchtst,4828,4828,0
HSI,pinball_0p01,gjr,timesfm,4828,4828,0
HSI,pinball_0p01,har,autoarima,4828,4828,0
HSI,pinball_0p01,har,autoets,4828,4828,0
HSI,pinball_0p01,har,chronos,4828,4828,0
HSI,pinball_0p01,har,ewma,4828,4828,0
HSI,pinball_0p01,har,garch11,4828,4828,0
HSI,pinball_0p01,har,garch11_t,4828,4828,0
HSI,pinball_0p01,har,gjr,4828,4828,0
HSI,pinball_0p01,har,har,4828,4828,0
HSI,pinball_0p01,har,lgbm,4828,4828,0
HSI,pinball_0p01,har,moirai,4828,4828,0
HSI,pinball_0p01,har,naive,4828,4828,0
HSI,pinball_0p01,har,patchtst,4828,4828,0
HSI,pinball_0p01,har,timesfm,4828,4828,0
HSI,pinball_0p01,lgbm,autoarima,4828,4828,0
HSI,pinball_0p01,lgbm,autoets,4828,4828,0
HSI,pinball_0p01,lgbm,chronos,4828,4828,0
HSI,pinball_0p01,lgbm,ewma,4828,4828,0
HSI,pinball_0p01,lgbm,garch11,4828,4828,0
HSI,pinball_0p01,lgbm,garch11_t,4828,4828,0
HSI,pinball_0p01,lgbm,gjr,4828,4828,0
HSI,pinball_0p01,lgbm,har,4828,4828,0
HSI,pinball_0p01,lgbm,lgbm,4828,4828,0
HSI,pinball_0p01,lgbm,moirai,4828,4828,0
HSI,pinball_0p01,lgbm,naive,4828,4828,0
HSI,pinball_0p01,lgbm,patchtst,4828,4828,0
HSI,pinball_0p01,lgbm,timesfm,4828,4828,0
HSI,pinball_0p01,moirai,autoarima,4828,4828,0
HSI,pinball_0p01,moirai,autoets,4828,4828,0
HSI,pinball_0p01,moirai,chronos,4828,4828,0
HSI,pinball_0p01,moirai,ewma,4828,4828,0
HSI,pinball_0p01,moirai,garch11,4828,4828,0
HSI,pinball_0p01,moirai,garch11_t,4828,4828,0
HSI,pinball_0p01,moirai,gjr,4828,4828,0
HSI,pinball_0p01,moirai,har,4828,4828,0
HSI,pinball_0p01,moirai,lgbm,4828,4828,0
HSI,pinball_0p01,moirai,moirai,4828,4828,0
HSI,pinball_0p01,moirai,naive,4828,4828,0
HSI,pinball_0p01,moirai,patchtst,4828,4828,0
HSI,pinball_0p01,moirai,timesfm,4828,4828,0
HSI,pinball_0p01,naive,autoarima,4828,4828,0
HSI,pinball_0p01,naive,autoets,4828,4828,0
HSI,pinball_0p01,naive,chronos,4828,4828,0
HSI,pinball_0p01,naive,ewma,4828,4828,0
HSI,pinball_0p01,naive,garch11,4828,4828,0
HSI,pinball_0p01,naive,garch11_t,4828,4828,0
HSI,pinball_0p01,naive,gjr,4828,4828,0
HSI,pinball_0p01,naive,har,4828,4828,0
HSI,pinball_0p01,naive,lgbm,4828,4828,0
HSI,pinball_0p01,naive,moirai,4828,4828,0
HSI,pinball_0p01,naive,naive,4828,4828,0
HSI,pinball_0p01,naive,patchtst,4828,4828,0
HSI,pinball_0p01,naive,timesfm,4828,4828,0
HSI,pinball_0p01,patchtst,autoarima,4828,4828,0
HSI,pinball_0p01,patchtst,autoets,4828,4828,0
HSI,pinball_0p01,patchtst,chronos,4828,4828,0
HSI,pinball_0p01,patchtst,ewma,4828,4828,0
HSI,pinball_0p01,patchtst,garch11,4828,4828,0
HSI,pinball_0p01,patchtst,garch11_t,4828,4828,0
HSI,pinball_0p01,patchtst,gjr,4828,4828,0
HSI,pinball_0p01,patchtst,har,4828,4828,0
HSI,pinball_0p01,patchtst,lgbm,4828,4828,0
HSI,pinball_0p01,patchtst,moirai,4828,4828,0
HSI,pinball_0p01,patchtst,naive,4828,4828,0
HSI,pinball_0p01,patchtst,patchtst,4828,4828,0
HSI,pinball_0p01,patchtst,timesfm,4828,4828,0
HSI,pinball_0p01,timesfm,autoarima,4828,4828,0
HSI,pinball_0p01,timesfm,autoets,4828,4828,0
HSI,pinball_0p01,timesfm,chronos,4828,4828,0
HSI,pinball_0p01,timesfm,ewma,4828,4828,0
HSI,pinball_0p01,timesfm,garch11,4828,4828,0
HSI,pinball_0p01,timesfm,garch11_t,4828,4828,0
HSI,pinball_0p01,timesfm,gjr,4828,4828,0
HSI,pinball_0p01,timesfm,har,4828,4828,0
HSI,pinball_0p01,timesfm,lgbm,4828,4828,0
HSI,pinball_0p01,timesfm,moirai,4828,4828,0
HSI,pinball_0p01,timesfm,naive,4828,4828,0
HSI,pinball_0p01,timesfm,patchtst,4828,4828,0
HSI,pinball_0p01,timesfm,timesfm,4828,4828,0
HSI,pinball_0p025,autoarima,autoarima,4828,4828,0
HSI,pinball_0p025,autoarima,autoets,4828,4828,0
HSI,pinball_0p025,autoarima,chronos,4828,4828,0
HSI,pinball_0p025,autoarima,ewma,4828,4828,0
HSI,pinball_0p025,autoarima,garch11,4828,4828,0
HSI,pinball_0p025,autoarima,garch11_t,4828,4828,0
HSI,pinball_0p025,autoarima,gjr,4828,4828,0
HSI,pinball_0p025,autoarima,har,4828,4828,0
HSI,pinball_0p025,autoarima,lgbm,4828,4828,0
HSI,pinball_0p025,autoarima,moirai,4828,4828,0
HSI,pinball_0p025,autoarima,naive,4828,4828,0
HSI,pinball_0p025,autoarima,patchtst,4828,4828,0
HSI,pinball_0p025,autoarima,timesfm,4828,4828,0
HSI,pinball_0p025,autoets,autoarima,4828,4828,0
HSI,pinball_0p025,autoets,autoets,4828,4828,0
HSI,pinball_0p025,autoets,chronos,4828,4828,0
HSI,pinball_0p025,autoets,ewma,4828,4828,0
HSI,pinball_0p025,autoets,garch11,4828,4828,0
HSI,pinball_0p025,autoets,garch11_t,4828,4828,0
HSI,pinball_0p025,autoets,gjr,4828,4828,0
HSI,pinball_0p025,autoets,har,4828,4828,0
HSI,pinball_0p025,autoets,lgbm,4828,4828,0
HSI,pinball_0p025,autoets,moirai,4828,4828,0
HSI,pinball_0p025,autoets,naive,4828,4828,0
HSI,pinball_0p025,autoets,patchtst,4828,4828,0
HSI,pinball_0p025,autoets,timesfm,4828,4828,0
HSI,pinball_0p025,chronos,autoarima,4828,4828,0
HSI,pinball_0p025,chronos,autoets,4828,4828,0
HSI,pinball_0p025,chronos,chronos,4828,4828,0
HSI,pinball_0p025,chronos,ewma,4828,4828,0
HSI,pinball_0p025,chronos,garch11,4828,4828,0
HSI,pinball_0p025,chronos,garch11_t,4828,4828,0
HSI,pinball_0p025,chronos,gjr,4828,4828,0
HSI,pinball_0p025,chronos,har,4828,4828,0
HSI,pinball_0p025,chronos,lgbm,4828,4828,0
HSI,pinball_0p025,chronos,moirai,4828,4828,0
HSI,pinball_0p025,chronos,naive,4828,4828,0
HSI,pinball_0p025,chronos,patchtst,4828,4828,0
HSI,pinball_0p025,chronos,timesfm,4828,4828,0
HSI,pinball_0p025,ewma,autoarima,4828,4828,0
HSI,pinball_0p025,ewma,autoets,4828,4828,0
HSI,pinball_0p025,ewma,chronos,4828,4828,0
HSI,pinball_0p025,ewma,ewma,4828,4828,0
HSI,pinball_0p025,ewma,garch11,4828,4828,0
HSI,pinball_0p025,ewma,garch11_t,4828,4828,0
HSI,pinball_0p025,ewma,gjr,4828,4828,0
HSI,pinball_0p025,ewma,har,4828,4828,0
HSI,pinball_0p025,ewma,lgbm,4828,4828,0
HSI,pinball_0p025,ewma,moirai,4828,4828,0
HSI,pinball_0p025,ewma,naive,4828,4828,0
HSI,pinball_0p025,ewma,patchtst,4828,4828,0
HSI,pinball_0p025,ewma,timesfm,4828,4828,0
HSI,pinball_0p025,garch11,autoarima,4828,4828,0
HSI,pinball_0p025,garch11,autoets,4828,4828,0
HSI,pinball_0p025,garch11,chronos,4828,4828,0
HSI,pinball_0p025,garch11,ewma,4828,4828,0
HSI,pinball_0p025,garch11,garch11,4828,4828,0
HSI,pinball_0p025,garch11,garch11_t,4828,4828,0
HSI,pinball_0p025,garch11,gjr,4828,4828,0
HSI,pinball_0p025,garch11,har,4828,4828,0
HSI,pinball_0p025,garch11,lgbm,4828,4828,0
HSI,pinball_0p025,garch11,moirai,4828,4828,0
HSI,pinball_0p025,garch11,naive,4828,4828,0
HSI,pinball_0p025,garch11,patchtst,4828,4828,0
HSI,pinball_0p025,garch11,timesfm,4828,4828,0
HSI,pinball_0p025,garch11_t,autoarima,4828,4828,0
HSI,pinball_0p025,garch11_t,autoets,4828,4828,0
HSI,pinball_0p025,garch11_t,chronos,4828,4828,0
HSI,pinball_0p025,garch11_t,ewma,4828,4828,0
HSI,pinball_0p025,garch11_t,garch11,4828,4828,0
HSI,pinball_0p025,garch11_t,garch11_t,4828,4828,0
HSI,pinball_0p025,garch11_t,gjr,4828,4828,0
HSI,pinball_0p025,garch11_t,har,4828,4828,0
HSI,pinball_0p025,garch11_t,lgbm,4828,4828,0
HSI,pinball_0p025,garch11_t,moirai,4828,4828,0
HSI,pinball_0p025,garch11_t,naive,4828,4828,0
HSI,pinball_0p025,garch11_t,patchtst,4828,4828,0
HSI,pinball_0p025,garch11_t,timesfm,4828,4828,0
HSI,pinball_0p025,gjr,autoarima,4828,4828,0
HSI,pinball_0p025,gjr,autoets,4828,4828,0
HSI,pinball_0p025,gjr,chronos,4828,4828,0
HSI,pinball_0p025,gjr,ewma,4828,4828,0
HSI,pinball_0p025,gjr,garch11,4828,4828,0
HSI,pinball_0p025,gjr,garch11_t,4828,4828,0
HSI,pinball_0p025,gjr,gjr,4828,4828,0
HSI,pinball_0p025,gjr,har,4828,4828,0
HSI,pinball_0p025,gjr,lgbm,4828,4828,0
HSI,pinball_0p025,gjr,moirai,4828,4828,0
HSI,pinball_0p025,gjr,naive,4828,4828,0
HSI,pinball_0p025,gjr,patchtst,4828,4828,0
HSI,pinball_0p025,gjr,timesfm,4828,4828,0
HSI,pinball_0p025,har,autoarima,4828,4828,0
HSI,pinball_0p025,har,autoets,4828,4828,0
HSI,pinball_0p025,har,chronos,4828,4828,0
HSI,pinball_0p025,har,ewma,4828,4828,0
HSI,pinball_0p025,har,garch11,4828,4828,0
HSI,pinball_0p025,har,garch11_t,4828,4828,0
HSI,pinball_0p025,har,gjr,4828,4828,0
HSI,pinball_0p025,har,har,4828,4828,0
HSI,pinball_0p025,har,lgbm,4828,4828,0
HSI,pinball_0p025,har,moirai,4828,4828,0
HSI,pinball_0p025,har,naive,4828,4828,0
HSI,pinball_0p025,har,patchtst,4828,4828,0
HSI,pinball_0p025,har,timesfm,4828,4828,0
HSI,pinball_0p025,lgbm,autoarima,4828,4828,0
HSI,pinball_0p025,lgbm,autoets,4828,4828,0
HSI,pinball_0p025,lgbm,chronos,4828,4828,0
HSI,pinball_0p025,lgbm,ewma,4828,4828,0
HSI,pinball_0p025,lgbm,garch11,4828,4828,0
HSI,pinball_0p025,lgbm,garch11_t,4828,4828,0
HSI,pinball_0p025,lgbm,gjr,4828,4828,0
HSI,pinball_0p025,lgbm,har,4828,4828,0
HSI,pinball_0p025,lgbm,lgbm,4828,4828,0
HSI,pinball_0p025,lgbm,moirai,4828,4828,0
HSI,pinball_0p025,lgbm,naive,4828,4828,0
HSI,pinball_0p025,lgbm,patchtst,4828,4828,0
HSI,pinball_0p025,lgbm,timesfm,4828,4828,0
HSI,pinball_0p025,moirai,autoarima,4828,4828,0
HSI,pinball_0p025,moirai,autoets,4828,4828,0
HSI,pinball_0p025,moirai,chronos,4828,4828,0
HSI,pinball_0p025,moirai,ewma,4828,4828,0
HSI,pinball_0p025,moirai,garch11,4828,4828,0
HSI,pinball_0p025,moirai,garch11_t,4828,4828,0
HSI,pinball_0p025,moirai,gjr,4828,4828,0
HSI,pinball_0p025,moirai,har,4828,4828,0
HSI,pinball_0p025,moirai,lgbm,4828,4828,0
HSI,pinball_0p025,moirai,moirai,4828,4828,0
HSI,pinball_0p025,moirai,naive,4828,4828,0
HSI,pinball_0p025,moirai,patchtst,4828,4828,0
HSI,pinball_0p025,moirai,timesfm,4828,4828,0
HSI,pinball_0p025,naive,autoarima,4828,4828,0
HSI,pinball_0p025,naive,autoets,4828,4828,0
HSI,pinball_0p025,naive,chronos,4828,4828,0
HSI,pinball_0p025,naive,ewma,4828,4828,0
HSI,pinball_0p025,naive,garch11,4828,4828,0
HSI,pinball_0p025,naive,garch11_t,4828,4828,0
HSI,pinball_0p025,naive,gjr,4828,4828,0
HSI,pinball_0p025,naive,har,4828,4828,0
HSI,pinball_0p025,naive,lgbm,4828,4828,0
HSI,pinball_0p025,naive,moirai,4828,4828,0
HSI,pinball_0p025,naive,naive,4828,4828,0
HSI,pinball_0p025,naive,patchtst,4828,4828,0
HSI,pinball_0p025,naive,timesfm,4828,4828,0
HSI,pinball_0p025,patchtst,autoarima,4828,4828,0
HSI,pinball_0p025,patchtst,autoets,4828,4828,0
HSI,pinball_0p025,patchtst,chronos,4828,4828,0
HSI,pinball_0p025,patchtst,ewma,4828,4828,0
HSI,pinball_0p025,patchtst,garch11,4828,4828,0
HSI,pinball_0p025,patchtst,garch11_t,4828,4828,0
HSI,pinball_0p025,patchtst,gjr,4828,4828,0
HSI,pinball_0p025,patchtst,har,4828,4828,0
HSI,pinball_0p025,patchtst,lgbm,4828,4828,0
HSI,pinball_0p025,patchtst,moirai,4828,4828,0
HSI,pinball_0p025,patchtst,naive,4828,4828,0
HSI,pinball_0p025,patchtst,patchtst,4828,4828,0
HSI,pinball_0p025,patchtst,timesfm,4828,4828,0
HSI,pinball_0p025,timesfm,autoarima,4828,4828,0
HSI,pinball_0p025,timesfm,autoets,4828,4828,0
HSI,pinball_0p025,timesfm,chronos,4828,4828,0
HSI,pinball_0p025,timesfm,ewma,4828,4828,0
HSI,pinball_0p025,timesfm,garch11,4828,4828,0
HSI,pinball_0p025,timesfm,garch11_t,4828,4828,0
HSI,pinball_0p025,timesfm,gjr,4828,4828,0
HSI,pinball_0p025,timesfm,har,4828,4828,0
HSI,pinball_0p025,timesfm,lgbm,4828,4828,0
HSI,pinball_0p025,timesfm,moirai,4828,4828,0
HSI,pinball_0p025,timesfm,naive,4828,4828,0
HSI,pinball_0p025,timesfm,patchtst,4828,4828,0
HSI,pinball_0p025,timesfm,timesfm,4828,4828,0
HSI,pinball_0p05,autoarima,autoarima,4828,4828,0
HSI,pinball_0p05,autoarima,autoets,4828,4828,0
HSI,pinball_0p05,autoarima,chronos,4828,4828,0
HSI,pinball_0p05,autoarima,ewma,4828,4828,0
HSI,pinball_0p05,autoarima,garch11,4828,4828,0
HSI,pinball_0p05,autoarima,garch11_t,4828,4828,0
HSI,pinball_0p05,autoarima,gjr,4828,4828,0
HSI,pinball_0p05,autoarima,har,4828,4828,0
HSI,pinball_0p05,autoarima,lgbm,4828,4828,0
HSI,pinball_0p05,autoarima,moirai,4828,4828,0
HSI,pinball_0p05,autoarima,naive,4828,4828,0
HSI,pinball_0p05,autoarima,patchtst,4828,4828,0
HSI,pinball_0p05,autoarima,timesfm,4828,4828,0
HSI,pinball_0p05,autoets,autoarima,4828,4828,0
HSI,pinball_0p05,autoets,autoets,4828,4828,0
HSI,pinball_0p05,autoets,chronos,4828,4828,0
HSI,pinball_0p05,autoets,ewma,4828,4828,0
HSI,pinball_0p05,autoets,garch11,4828,4828,0
HSI,pinball_0p05,autoets,garch11_t,4828,4828,0
HSI,pinball_0p05,autoets,gjr,4828,4828,0
HSI,pinball_0p05,autoets,har,4828,4828,0
HSI,pinball_0p05,autoets,lgbm,4828,4828,0
HSI,pinball_0p05,autoets,moirai,4828,4828,0
HSI,pinball_0p05,autoets,naive,4828,4828,0
HSI,pinball_0p05,autoets,patchtst,4828,4828,0
HSI,pinball_0p05,autoets,timesfm,4828,4828,0
HSI,pinball_0p05,chronos,autoarima,4828,4828,0
HSI,pinball_0p05,chronos,autoets,4828,4828,0
HSI,pinball_0p05,chronos,chronos,4828,4828,0
HSI,pinball_0p05,chronos,ewma,4828,4828,0
HSI,pinball_0p05,chronos,garch11,4828,4828,0
HSI,pinball_0p05,chronos,garch11_t,4828,4828,0
HSI,pinball_0p05,chronos,gjr,4828,4828,0
HSI,pinball_0p05,chronos,har,4828,4828,0
HSI,pinball_0p05,chronos,lgbm,4828,4828,0
HSI,pinball_0p05,chronos,moirai,4828,4828,0
HSI,pinball_0p05,chronos,naive,4828,4828,0
HSI,pinball_0p05,chronos,patchtst,4828,4828,0
HSI,pinball_0p05,chronos,timesfm,4828,4828,0
HSI,pinball_0p05,ewma,autoarima,4828,4828,0
HSI,pinball_0p05,ewma,autoets,4828,4828,0
HSI,pinball_0p05,ewma,chronos,4828,4828,0
HSI,pinball_0p05,ewma,ewma,4828,4828,0
HSI,pinball_0p05,ewma,garch11,4828,4828,0
HSI,pinball_0p05,ewma,garch11_t,4828,4828,0
HSI,pinball_0p05,ewma,gjr,4828,4828,0
HSI,pinball_0p05,ewma,har,4828,4828,0
HSI,pinball_0p05,ewma,lgbm,4828,4828,0
HSI,pinball_0p05,ewma,moirai,4828,4828,0
HSI,pinball_0p05,ewma,naive,4828,4828,0
HSI,pinball_0p05,ewma,patchtst,4828,4828,0
HSI,pinball_0p05,ewma,timesfm,4828,4828,0
HSI,pinball_0p05,garch11,autoarima,4828,4828,0
HSI,pinball_0p05,garch11,autoets,4828,4828,0
HSI,pinball_0p05,garch11,chronos,4828,4828,0
HSI,pinball_0p05,garch11,ewma,4828,4828,0
HSI,pinball_0p05,garch11,garch11,4828,4828,0
HSI,pinball_0p05,garch11,garch11_t,4828,4828,0
HSI,pinball_0p05,garch11,gjr,4828,4828,0
HSI,pinball_0p05,garch11,har,4828,4828,0
HSI,pinball_0p05,garch11,lgbm,4828,4828,0
HSI,pinball_0p05,garch11,moirai,4828,4828,0
HSI,pinball_0p05,garch11,naive,4828,4828,0
HSI,pinball_0p05,garch11,patchtst,4828,4828,0
HSI,pinball_0p05,garch11,timesfm,4828,4828,0
HSI,pinball_0p05,garch11_t,autoarima,4828,4828,0
HSI,pinball_0p05,garch11_t,autoets,4828,4828,0
HSI,pinball_0p05,garch11_t,chronos,4828,4828,0
HSI,pinball_0p05,garch11_t,ewma,4828,4828,0
HSI,pinball_0p05,garch11_t,garch11,4828,4828,0
HSI,pinball_0p05,garch11_t,garch11_t,4828,4828,0
HSI,pinball_0p05,garch11_t,gjr,4828,4828,0
HSI,pinball_0p05,garch11_t,har,4828,4828,0
HSI,pinball_0p05,garch11_t,lgbm,4828,4828,0
HSI,pinball_0p05,garch11_t,moirai,4828,4828,0
HSI,pinball_0p05,garch11_t,naive,4828,4828,0
HSI,pinball_0p05,garch11_t,patchtst,4828,4828,0
HSI,pinball_0p05,garch11_t,timesfm,4828,4828,0
HSI,pinball_0p05,gjr,autoarima,4828,4828,0
HSI,pinball_0p05,gjr,autoets,4828,4828,0
HSI,pinball_0p05,gjr,chronos,4828,4828,0
HSI,pinball_0p05,gjr,ewma,4828,4828,0
HSI,pinball_0p05,gjr,garch11,4828,4828,0
HSI,pinball_0p05,gjr,garch11_t,4828,4828,0
HSI,pinball_0p05,gjr,gjr,4828,4828,0
HSI,pinball_0p05,gjr,har,4828,4828,0
HSI,pinball_0p05,gjr,lgbm,4828,4828,0
HSI,pinball_0p05,gjr,moirai,4828,4828,0
HSI,pinball_0p05,gjr,naive,4828,4828,0
HSI,pinball_0p05,gjr,patchtst,4828,4828,0
HSI,pinball_0p05,gjr,timesfm,4828,4828,0
HSI,pinball_0p05,har,autoarima,4828,4828,0
HSI,pinball_0p05,har,autoets,4828,4828,0
HSI,pinball_0p05,har,chronos,4828,4828,0
HSI,pinball_0p05,har,ewma,4828,4828,0
HSI,pinball_0p05,har,garch11,4828,4828,0
HSI,pinball_0p05,har,garch11_t,4828,4828,0
HSI,pinball_0p05,har,gjr,4828,4828,0
HSI,pinball_0p05,har,har,4828,4828,0
HSI,pinball_0p05,har,lgbm,4828,4828,0
HSI,pinball_0p05,har,moirai,4828,4828,0
HSI,pinball_0p05,har,naive,4828,4828,0
HSI,pinball_0p05,har,patchtst,4828,4828,0
HSI,pinball_0p05,har,timesfm,4828,4828,0
HSI,pinball_0p05,lgbm,autoarima,4828,4828,0
HSI,pinball_0p05,lgbm,autoets,4828,4828,0
HSI,pinball_0p05,lgbm,chronos,4828,4828,0
HSI,pinball_0p05,lgbm,ewma,4828,4828,0
HSI,pinball_0p05,lgbm,garch11,4828,4828,0
HSI,pinball_0p05,lgbm,garch11_t,4828,4828,0
HSI,pinball_0p05,lgbm,gjr,4828,4828,0
HSI,pinball_0p05,lgbm,har,4828,4828,0
HSI,pinball_0p05,lgbm,lgbm,4828,4828,0
HSI,pinball_0p05,lgbm,moirai,4828,4828,0
HSI,pinball_0p05,lgbm,naive,4828,4828,0
HSI,pinball_0p05,lgbm,patchtst,4828,4828,0
HSI,pinball_0p05,lgbm,timesfm,4828,4828,0
HSI,pinball_0p05,moirai,autoarima,4828,4828,0
HSI,pinball_0p05,moirai,autoets,4828,4828,0
HSI,pinball_0p05,moirai,chronos,4828,4828,0
HSI,pinball_0p05,moirai,ewma,4828,4828,0
HSI,pinball_0p05,moirai,garch11,4828,4828,0
HSI,pinball_0p05,moirai,garch11_t,4828,4828,0
HSI,pinball_0p05,moirai,gjr,4828,4828,0
HSI,pinball_0p05,moirai,har,4828,4828,0
HSI,pinball_0p05,moirai,lgbm,4828,4828,0
HSI,pinball_0p05,moirai,moirai,4828,4828,0
HSI,pinball_0p05,moirai,naive,4828,4828,0
HSI,pinball_0p05,moirai,patchtst,4828,4828,0
HSI,pinball_0p05,moirai,timesfm,4828,4828,0
HSI,pinball_0p05,naive,autoarima,4828,4828,0
HSI,pinball_0p05,naive,autoets,4828,4828,0
HSI,pinball_0p05,naive,chronos,4828,4828,0
HSI,pinball_0p05,naive,ewma,4828,4828,0
HSI,pinball_0p05,naive,garch11,4828,4828,0
HSI,pinball_0p05,naive,garch11_t,4828,4828,0
HSI,pinball_0p05,naive,gjr,4828,4828,0
HSI,pinball_0p05,naive,har,4828,4828,0
HSI,pinball_0p05,naive,lgbm,4828,4828,0
HSI,pinball_0p05,naive,moirai,4828,4828,0
HSI,pinball_0p05,naive,naive,4828,4828,0
HSI,pinball_0p05,naive,patchtst,4828,4828,0
HSI,pinball_0p05,naive,timesfm,4828,4828,0
HSI,pinball_0p05,patchtst,autoarima,4828,4828,0
HSI,pinball_0p05,patchtst,autoets,4828,4828,0
HSI,pinball_0p05,patchtst,chronos,4828,4828,0
HSI,pinball_0p05,patchtst,ewma,4828,4828,0
HSI,pinball_0p05,patchtst,garch11,4828,4828,0
HSI,pinball_0p05,patchtst,garch11_t,4828,4828,0
HSI,pinball_0p05,patchtst,gjr,4828,4828,0
HSI,pinball_0p05,patchtst,har,4828,4828,0
HSI,pinball_0p05,patchtst,lgbm,4828,4828,0
HSI,pinball_0p05,patchtst,moirai,4828,4828,0
HSI,pinball_0p05,patchtst,naive,4828,4828,0
HSI,pinball_0p05,patchtst,patchtst,4828,4828,0
HSI,pinball_0p05,patchtst,timesfm,4828,4828,0
HSI,pinball_0p05,timesfm,autoarima,4828,4828,0
HSI,pinball_0p05,timesfm,autoets,4828,4828,0
HSI,pinball_0p05,timesfm,chronos,4828,4828,0
HSI,pinball_0p05,timesfm,ewma,4828,4828,0
HSI,pinball_0p05,timesfm,garch11,4828,4828,0
HSI,pinball_0p05,timesfm,garch11_t,4828,4828,0
HSI,pinball_0p05,timesfm,gjr,4828,4828,0
HSI,pinball_0p05,timesfm,har,4828,4828,0
HSI,pinball_0p05,timesfm,lgbm,4828,4828,0
HSI,pinball_0p05,timesfm,moirai,4828,4828,0
HSI,pinball_0p05,timesfm,naive,4828,4828,0
HSI,pinball_0p05,timesfm,patchtst,4828,4828,0
HSI,pinball_0p05,timesfm,timesfm,4828,4828,0
HSI,pinball_avg,autoarima,autoarima,4828,4828,0
HSI,pinball_avg,autoarima,autoets,4828,4828,0
HSI,pinball_avg,autoarima,chronos,4828,4828,0
HSI,pinball_avg,autoarima,ewma,4828,4828,0
HSI,pinball_avg,autoarima,garch11,4828,4828,0
HSI,pinball_avg,autoarima,garch11_t,4828,4828,0
HSI,pinball_avg,autoarima,gjr,4828,4828,0
HSI,pinball_avg,autoarima,har,4828,4828,0
HSI,pinball_avg,autoarima,lgbm,4828,4828,0
HSI,pinball_avg,autoarima,moirai,4828,4828,0
HSI,pinball_avg,autoarima,naive,4828,4828,0
HSI,pinball_avg,autoarima,patchtst,4828,4828,0
HSI,pinball_avg,autoarima,timesfm,4828,4828,0
HSI,pinball_avg,autoets,autoarima,4828,4828,0
HSI,pinball_avg,autoets,autoets,4828,4828,0
HSI,pinball_avg,autoets,chronos,4828,4828,0
HSI,pinball_avg,autoets,ewma,4828,4828,0
HSI,pinball_avg,autoets,garch11,4828,4828,0
HSI,pinball_avg,autoets,garch11_t,4828,4828,0
HSI,pinball_avg,autoets,gjr,4828,4828,0
HSI,pinball_avg,autoets,har,4828,4828,0
HSI,pinball_avg,autoets,lgbm,4828,4828,0
HSI,pinball_avg,autoets,moirai,4828,4828,0
HSI,pinball_avg,autoets,naive,4828,4828,0
HSI,pinball_avg,autoets,patchtst,4828,4828,0
HSI,pinball_avg,autoets,timesfm,4828,4828,0
HSI,pinball_avg,chronos,autoarima,4828,4828,0
HSI,pinball_avg,chronos,autoets,4828,4828,0
HSI,pinball_avg,chronos,chronos,4828,4828,0
HSI,pinball_avg,chronos,ewma,4828,4828,0
HSI,pinball_avg,chronos,garch11,4828,4828,0
HSI,pinball_avg,chronos,garch11_t,4828,4828,0
HSI,pinball_avg,chronos,gjr,4828,4828,0
HSI,pinball_avg,chronos,har,4828,4828,0
HSI,pinball_avg,chronos,lgbm,4828,4828,0
HSI,pinball_avg,chronos,moirai,4828,4828,0
HSI,pinball_avg,chronos,naive,4828,4828,0
HSI,pinball_avg,chronos,patchtst,4828,4828,0
HSI,pinball_avg,chronos,timesfm,4828,4828,0
HSI,pinball_avg,ewma,autoarima,4828,4828,0
HSI,pinball_avg,ewma,autoets,4828,4828,0
HSI,pinball_avg,ewma,chronos,4828,4828,0
HSI,pinball_avg,ewma,ewma,4828,4828,0
HSI,pinball_avg,ewma,garch11,4828,4828,0
HSI,pinball_avg,ewma,garch11_t,4828,4828,0
HSI,pinball_avg,ewma,gjr,4828,4828,0
HSI,pinball_avg,ewma,har,4828,4828,0
HSI,pinball_avg,ewma,lgbm,4828,4828,0
HSI,pinball_avg,ewma,moirai,4828,4828,0
HSI,pinball_avg,ewma,naive,4828,4828,0
HSI,pinball_avg,ewma,patchtst,4828,4828,0
HSI,pinball_avg,ewma,timesfm,4828,4828,0
HSI,pinball_avg,garch11,autoarima,4828,4828,0
HSI,pinball_avg,garch11,autoets,4828,4828,0
HSI,pinball_avg,garch11,chronos,4828,4828,0
HSI,pinball_avg,garch11,ewma,4828,4828,0
HSI,pinball_avg,garch11,garch11,4828,4828,0
HSI,pinball_avg,garch11,garch11_t,4828,4828,0
HSI,pinball_avg,garch11,gjr,4828,4828,0
HSI,pinball_avg,garch11,har,4828,4828,0
HSI,pinball_avg,garch11,lgbm,4828,4828,0
HSI,pinball_avg,garch11,moirai,4828,4828,0
HSI,pinball_avg,garch11,naive,4828,4828,0
HSI,pinball_avg,garch11,patchtst,4828,4828,0
HSI,pinball_avg,garch11,timesfm,4828,4828,0
HSI,pinball_avg,garch11_t,autoarima,4828,4828,0
HSI,pinball_avg,garch11_t,autoets,4828,4828,0
HSI,pinball_avg,garch11_t,chronos,4828,4828,0
HSI,pinball_avg,garch11_t,ewma,4828,4828,0
HSI,pinball_avg,garch11_t,garch11,4828,4828,0
HSI,pinball_avg,garch11_t,garch11_t,4828,4828,0
HSI,pinball_avg,garch11_t,gjr,4828,4828,0
HSI,pinball_avg,garch11_t,har,4828,4828,0
HSI,pinball_avg,garch11_t,lgbm,4828,4828,0
HSI,pinball_avg,garch11_t,moirai,4828,4828,0
HSI,pinball_avg,garch11_t,naive,4828,4828,0
HSI,pinball_avg,garch11_t,patchtst,4828,4828,0
HSI,pinball_avg,garch11_t,timesfm,4828,4828,0
HSI,pinball_avg,gjr,autoarima,4828,4828,0
HSI,pinball_avg,gjr,autoets,4828,4828,0
HSI,pinball_avg,gjr,chronos,4828,4828,0
HSI,pinball_avg,gjr,ewma,4828,4828,0
HSI,pinball_avg,gjr,garch11,4828,4828,0
HSI,pinball_avg,gjr,garch11_t,4828,4828,0
HSI,pinball_avg,gjr,gjr,4828,4828,0
HSI,pinball_avg,gjr,har,4828,4828,0
HSI,pinball_avg,gjr,lgbm,4828,4828,0
HSI,pinball_avg,gjr,moirai,4828,4828,0
HSI,pinball_avg,gjr,naive,4828,4828,0
HSI,pinball_avg,gjr,patchtst,4828,4828,0
HSI,pinball_avg,gjr,timesfm,4828,4828,0
HSI,pinball_avg,har,autoarima,4828,4828,0
HSI,pinball_avg,har,autoets,4828,4828,0
HSI,pinball_avg,har,chronos,4828,4828,0
HSI,pinball_avg,har,ewma,4828,4828,0
HSI,pinball_avg,har,garch11,4828,4828,0
HSI,pinball_avg,har,garch11_t,4828,4828,0
HSI,pinball_avg,har,gjr,4828,4828,0
HSI,pinball_avg,har,har,4828,4828,0
HSI,pinball_avg,har,lgbm,4828,4828,0
HSI,pinball_avg,har,moirai,4828,4828,0
HSI,pinball_avg,har,naive,4828,4828,0
HSI,pinball_avg,har,patchtst,4828,4828,0
HSI,pinball_avg,har,timesfm,4828,4828,0
HSI,pinball_avg,lgbm,autoarima,4828,4828,0
HSI,pinball_avg,lgbm,autoets,4828,4828,0
HSI,pinball_avg,lgbm,chronos,4828,4828,0
HSI,pinball_avg,lgbm,ewma,4828,4828,0
HSI,pinball_avg,lgbm,garch11,4828,4828,0
HSI,pinball_avg,lgbm,garch11_t,4828,4828,0
HSI,pinball_avg,lgbm,gjr,4828,4828,0
HSI,pinball_avg,lgbm,har,4828,4828,0
HSI,pinball_avg,lgbm,lgbm,4828,4828,0
HSI,pinball_avg,lgbm,moirai,4828,4828,0
HSI,pinball_avg,lgbm,naive,4828,4828,0
HSI,pinball_avg,lgbm,patchtst,4828,4828,0
HSI,pinball_avg,lgbm,timesfm,4828,4828,0
HSI,pinball_avg,moirai,autoarima,4828,4828,0
HSI,pinball_avg,moirai,autoets,4828,4828,0
HSI,pinball_avg,moirai,chronos,4828,4828,0
HSI,pinball_avg,moirai,ewma,4828,4828,0
HSI,pinball_avg,moirai,garch11,4828,4828,0
HSI,pinball_avg,moirai,garch11_t,4828,4828,0
HSI,pinball_avg,moirai,gjr,4828,4828,0
HSI,pinball_avg,moirai,har,4828,4828,0
HSI,pinball_avg,moirai,lgbm,4828,4828,0
HSI,pinball_avg,moirai,moirai,4828,4828,0
HSI,pinball_avg,moirai,naive,4828,4828,0
HSI,pinball_avg,moirai,patchtst,4828,4828,0
HSI,pinball_avg,moirai,timesfm,4828,4828,0
HSI,pinball_avg,naive,autoarima,4828,4828,0
HSI,pinball_avg,naive,autoets,4828,4828,0
HSI,pinball_avg,naive,chronos,4828,4828,0
HSI,pinball_avg,naive,ewma,4828,4828,0
HSI,pinball_avg,naive,garch11,4828,4828,0
HSI,pinball_avg,naive,garch11_t,4828,4828,0
HSI,pinball_avg,naive,gjr,4828,4828,0
HSI,pinball_avg,naive,har,4828,4828,0
HSI,pinball_avg,naive,lgbm,4828,4828,0
HSI,pinball_avg,naive,moirai,4828,4828,0
HSI,pinball_avg,naive,naive,4828,4828,0
HSI,pinball_avg,naive,patchtst,4828,4828,0
HSI,pinball_avg,naive,timesfm,4828,4828,0
HSI,pinball_avg,patchtst,autoarima,4828,4828,0
HSI,pinball_avg,patchtst,autoets,4828,4828,0
HSI,pinball_avg,patchtst,chronos,4828,4828,0
HSI,pinball_avg,patchtst,ewma,4828,4828,0
HSI,pinball_avg,patchtst,garch11,4828,4828,0
HSI,pinball_avg,patchtst,garch11_t,4828,4828,0
HSI,pinball_avg,patchtst,gjr,4828,4828,0
HSI,pinball_avg,patchtst,har,4828,4828,0
HSI,pinball_avg,patchtst,lgbm,4828,4828,0
HSI,pinball_avg,patchtst,moirai,4828,4828,0
HSI,pinball_avg,patchtst,naive,4828,4828,0
HSI,pinball_avg,patchtst,patchtst,4828,4828,0
HSI,pinball_avg,patchtst,timesfm,4828,4828,0
HSI,pinball_avg,timesfm,autoarima,4828,4828,0
HSI,pinball_avg,timesfm,autoets,4828,4828,0
HSI,pinball_avg,timesfm,chronos,4828,4828,0
HSI,pinball_avg,timesfm,ewma,4828,4828,0
HSI,pinball_avg,timesfm,garch11,4828,4828,0
HSI,pinball_avg,timesfm,garch11_t,4828,4828,0
HSI,pinball_avg,timesfm,gjr,4828,4828,0
HSI,pinball_avg,timesfm,har,4828,4828,0
HSI,pinball_avg,timesfm,lgbm,4828,4828,0
HSI,pinball_avg,timesfm,moirai,4828,4828,0
HSI,pinball_avg,timesfm,naive,4828,4828,0
HSI,pinball_avg,timesfm,patchtst,4828,4828,0
HSI,pinball_avg,timesfm,timesfm,4828,4828,0
HSI,qlike,autoarima,autoarima,4828,4815,13
HSI,qlike,autoarima,autoets,4828,4815,13
HSI,qlike,autoarima,chronos,4828,4815,13
HSI,qlike,autoarima,ewma,4828,4815,13
HSI,qlike,autoarima,garch11,4828,4815,13
HSI,qlike,autoarima,garch11_t,4828,4815,13
HSI,qlike,autoarima,gjr,4828,4815,13
HSI,qlike,autoarima,har,4828,4815,13
HSI,qlike,autoarima,lgbm,4828,4815,13
HSI,qlike,autoarima,moirai,4828,4815,13
HSI,qlike,autoarima,naive,4828,4815,13
HSI,qlike,autoarima,patchtst,4828,4815,13
HSI,qlike,autoarima,timesfm,4828,4815,13
HSI,qlike,autoets,autoarima,4828,4815,13
HSI,qlike,autoets,autoets,4828,4815,13
HSI,qlike,autoets,chronos,4828,4815,13
HSI,qlike,autoets,ewma,4828,4815,13
HSI,qlike,autoets,garch11,4828,4815,13
HSI,qlike,autoets,garch11_t,4828,4815,13
HSI,qlike,autoets,gjr,4828,4815,13
HSI,qlike,autoets,har,4828,4815,13
HSI,qlike,autoets,lgbm,4828,4815,13
HSI,qlike,autoets,moirai,4828,4815,13
HSI,qlike,autoets,naive,4828,4815,13
HSI,qlike,autoets,patchtst,4828,4815,13
HSI,qlike,autoets,timesfm,4828,4815,13
HSI,qlike,chronos,autoarima,4828,4815,13
HSI,qlike,chronos,autoets,4828,4815,13
HSI,qlike,chronos,chronos,4828,4815,13
HSI,qlike,chronos,ewma,4828,4815,13
HSI,qlike,chronos,garch11,4828,4815,13
HSI,qlike,chronos,garch11_t,4828,4815,13
HSI,qlike,chronos,gjr,4828,4815,13
HSI,qlike,chronos,har,4828,4815,13
HSI,qlike,chronos,lgbm,4828,4815,13
HSI,qlike,chronos,moirai,4828,4815,13
HSI,qlike,chronos,naive,4828,4815,13
HSI,qlike,chronos,patchtst,4828,4815,13
HSI,qlike,chronos,timesfm,4828,4815,13
HSI,qlike,ewma,autoarima,4828,4815,13
HSI,qlike,ewma,autoets,4828,4815,13
HSI,qlike,ewma,chronos,4828,4815,13
HSI,qlike,ewma,ewma,4828,4815,13
HSI,qlike,ewma,garch11,4828,4815,13
HSI,qlike,ewma,garch11_t,4828,4815,13
HSI,qlike,ewma,gjr,4828,4815,13
HSI,qlike,ewma,har,4828,4815,13
HSI,qlike,ewma,lgbm,4828,4815,13
HSI,qlike,ewma,moirai,4828,4815,13
HSI,qlike,ewma,naive,4828,4815,13
HSI,qlike,ewma,patchtst,4828,4815,13
HSI,qlike,ewma,timesfm,4828,4815,13
HSI,qlike,garch11,autoarima,4828,4815,13
HSI,qlike,garch11,autoets,4828,4815,13
HSI,qlike,garch11,chronos,4828,4815,13
HSI,qlike,garch11,ewma,4828,4815,13
HSI,qlike,garch11,garch11,4828,4815,13
HSI,qlike,garch11,garch11_t,4828,4815,13
HSI,qlike,garch11,gjr,4828,4815,13
HSI,qlike,garch11,har,4828,4815,13
HSI,qlike,garch11,lgbm,4828,4815,13
HSI,qlike,garch11,moirai,4828,4815,13
HSI,qlike,garch11,naive,4828,4815,13
HSI,qlike,garch11,patchtst,4828,4815,13
HSI,qlike,garch11,timesfm,4828,4815,13
HSI,qlike,garch11_t,autoarima,4828,4815,13
HSI,qlike,garch11_t,autoets,4828,4815,13
HSI,qlike,garch11_t,chronos,4828,4815,13
HSI,qlike,garch11_t,ewma,4828,4815,13
HSI,qlike,garch11_t,garch11,4828,4815,13
HSI,qlike,garch11_t,garch11_t,4828,4815,13
HSI,qlike,garch11_t,gjr,4828,4815,13
HSI,qlike,garch11_t,har,4828,4815,13
HSI,qlike,garch11_t,lgbm,4828,4815,13
HSI,qlike,garch11_t,moirai,4828,4815,13
HSI,qlike,garch11_t,naive,4828,4815,13
HSI,qlike,garch11_t,patchtst,4828,4815,13
HSI,qlike,garch11_t,timesfm,4828,4815,13
HSI,qlike,gjr,autoarima,4828,4815,13
HSI,qlike,gjr,autoets,4828,4815,13
HSI,qlike,gjr,chronos,4828,4815,13
HSI,qlike,gjr,ewma,4828,4815,13
HSI,qlike,gjr,garch11,4828,4815,13
HSI,qlike,gjr,garch11_t,4828,4815,13
HSI,qlike,gjr,gjr,4828,4815,13
HSI,qlike,gjr,har,4828,4815,13
HSI,qlike,gjr,lgbm,4828,4815,13
HSI,qlike,gjr,moirai,4828,4815,13
HSI,qlike,gjr,naive,4828,4815,13
HSI,qlike,gjr,patchtst,4828,4815,13
HSI,qlike,gjr,timesfm,4828,4815,13
HSI,qlike,har,autoarima,4828,4815,13
HSI,qlike,har,autoets,4828,4815,13
HSI,qlike,har,chronos,4828,4815,13
HSI,qlike,har,ewma,4828,4815,13
HSI,qlike,har,garch11,4828,4815,13
HSI,qlike,har,garch11_t,4828,4815,13
HSI,qlike,har,gjr,4828,4815,13
HSI,qlike,har,har,4828,4815,13
HSI,qlike,har,lgbm,4828,4815,13
HSI,qlike,har,moirai,4828,4815,13
HSI,qlike,har,naive,4828,4815,13
HSI,qlike,har,patchtst,4828,4815,13
HSI,qlike,har,timesfm,4828,4815,13
HSI,qlike,lgbm,autoarima,4828,4815,13
HSI,qlike,lgbm,autoets,4828,4815,13
HSI,qlike,lgbm,chronos,4828,4815,13
HSI,qlike,lgbm,ewma,4828,4815,13
HSI,qlike,lgbm,garch11,4828,4815,13
HSI,qlike,lgbm,garch11_t,4828,4815,13
HSI,qlike,lgbm,gjr,4828,4815,13
HSI,qlike,lgbm,har,4828,4815,13
HSI,qlike,lgbm,lgbm,4828,4815,13
HSI,qlike,lgbm,moirai,4828,4815,13
HSI,qlike,lgbm,naive,4828,4815,13
HSI,qlike,lgbm,patchtst,4828,4815,13
HSI,qlike,lgbm,timesfm,4828,4815,13
HSI,qlike,moirai,autoarima,4828,4815,13
HSI,qlike,moirai,autoets,4828,4815,13
HSI,qlike,moirai,chronos,4828,4815,13
HSI,qlike,moirai,ewma,4828,4815,13
HSI,qlike,moirai,garch11,4828,4815,13
HSI,qlike,moirai,garch11_t,4828,4815,13
HSI,qlike,moirai,gjr,4828,4815,13
HSI,qlike,moirai,har,4828,4815,13
HSI,qlike,moirai,lgbm,4828,4815,13
HSI,qlike,moirai,moirai,4828,4815,13
HSI,qlike,moirai,naive,4828,4815,13
HSI,qlike,moirai,patchtst,4828,4815,13
HSI,qlike,moirai,timesfm,4828,4815,13
HSI,qlike,naive,autoarima,4828,4815,13
HSI,qlike,naive,autoets,4828,4815,13
HSI,qlike,naive,chronos,4828,4815,13
HSI,qlike,naive,ewma,4828,4815,13
HSI,qlike,naive,garch11,4828,4815,13
HSI,qlike,naive,garch11_t,4828,4815,13
HSI,qlike,naive,gjr,4828,4815,13
HSI,qlike,naive,har,4828,4815,13
HSI,qlike,naive,lgbm,4828,4815,13
HSI,qlike,naive,moirai,4828,4815,13
HSI,qlike,naive,naive,4828,4815,13
HSI,qlike,naive,patchtst,4828,4815,13
HSI,qlike,naive,timesfm,4828,4815,13
HSI,qlike,patchtst,autoarima,4828,4815,13
HSI,qlike,patchtst,autoets,4828,4815,13
HSI,qlike,patchtst,chronos,4828,4815,13
HSI,qlike,patchtst,ewma,4828,4815,13
HSI,qlike,patchtst,garch11,4828,4815,13
HSI,qlike,patchtst,garch11_t,4828,4815,13
HSI,qlike,patchtst,gjr,4828,4815,13
HSI,qlike,patchtst,har,4828,4815,13
HSI,qlike,patchtst,lgbm,4828,4815,13
HSI,qlike,patchtst,moirai,4828,4815,13
HSI,qlike,patchtst,naive,4828,4815,13
HSI,qlike,patchtst,patchtst,4828,4815,13
HSI,qlike,patchtst,timesfm,4828,4815,13
HSI,qlike,timesfm,autoarima,4828,4815,13
HSI,qlike,timesfm,autoets,4828,4815,13
HSI,qlike,timesfm,chronos,4828,4815,13
HSI,qlike,timesfm,ewma,4828,4815,13
HSI,qlike,timesfm,garch11,4828,4815,13
HSI,qlike,timesfm,garch11_t,4828,4815,13
HSI,qlike,timesfm,gjr,4828,4815,13
HSI,qlike,timesfm,har,4828,4815,13
HSI,qlike,timesfm,lgbm,4828,4815,13
HSI,qlike,timesfm,moirai,4828,4815,13
HSI,qlike,timesfm,naive,4828,4815,13
HSI,qlike,timesfm,patchtst,4828,4815,13
HSI,qlike,timesfm,timesfm,4828,4815,13
HSI,fz0_0p01,autoarima,autoarima,4828,4828,0
HSI,fz0_0p01,autoarima,autoets,4828,4828,0
HSI,fz0_0p01,autoarima,chronos,4828,4828,0
HSI,fz0_0p01,autoarima,ewma,4828,4828,0
HSI,fz0_0p01,autoarima,garch11,4828,4828,0
HSI,fz0_0p01,autoarima,garch11_t,4828,4828,0
HSI,fz0_0p01,autoarima,gjr,4828,4828,0
HSI,fz0_0p01,autoarima,har,4828,4828,0
HSI,fz0_0p01,autoarima,lgbm,4828,4828,0
HSI,fz0_0p01,autoarima,moirai,4828,4828,0
HSI,fz0_0p01,autoarima,naive,4828,4828,0
HSI,fz0_0p01,autoarima,patchtst,4828,4828,0
HSI,fz0_0p01,autoarima,timesfm,4828,4828,0
HSI,fz0_0p01,autoets,autoarima,4828,4828,0
HSI,fz0_0p01,autoets,autoets,4828,4828,0
HSI,fz0_0p01,autoets,chronos,4828,4828,0
HSI,fz0_0p01,autoets,ewma,4828,4828,0
HSI,fz0_0p01,autoets,garch11,4828,4828,0
HSI,fz0_0p01,autoets,garch11_t,4828,4828,0
HSI,fz0_0p01,autoets,gjr,4828,4828,0
HSI,fz0_0p01,autoets,har,4828,4828,0
HSI,fz0_0p01,autoets,lgbm,4828,4828,0
HSI,fz0_0p01,autoets,moirai,4828,4828,0
HSI,fz0_0p01,autoets,naive,4828,4828,0
HSI,fz0_0p01,autoets,patchtst,4828,4828,0
HSI,fz0_0p01,autoets,timesfm,4828,4828,0
HSI,fz0_0p01,chronos,autoarima,4828,4828,0
HSI,fz0_0p01,chronos,autoets,4828,4828,0
HSI,fz0_0p01,chronos,chronos,4828,4828,0
HSI,fz0_0p01,chronos,ewma,4828,4828,0
HSI,fz0_0p01,chronos,garch11,4828,4828,0
HSI,fz0_0p01,chronos,garch11_t,4828,4828,0
HSI,fz0_0p01,chronos,gjr,4828,4828,0
HSI,fz0_0p01,chronos,har,4828,4828,0
HSI,fz0_0p01,chronos,lgbm,4828,4828,0
HSI,fz0_0p01,chronos,moirai,4828,4828,0
HSI,fz0_0p01,chronos,naive,4828,4828,0
HSI,fz0_0p01,chronos,patchtst,4828,4828,0
HSI,fz0_0p01,chronos,timesfm,4828,4828,0
HSI,fz0_0p01,ewma,autoarima,4828,4828,0
HSI,fz0_0p01,ewma,autoets,4828,4828,0
HSI,fz0_0p01,ewma,chronos,4828,4828,0
HSI,fz0_0p01,ewma,ewma,4828,4828,0
HSI,fz0_0p01,ewma,garch11,4828,4828,0
HSI,fz0_0p01,ewma,garch11_t,4828,4828,0
HSI,fz0_0p01,ewma,gjr,4828,4828,0
HSI,fz0_0p01,ewma,har,4828,4828,0
HSI,fz0_0p01,ewma,lgbm,4828,4828,0
HSI,fz0_0p01,ewma,moirai,4828,4828,0
HSI,fz0_0p01,ewma,naive,4828,4828,0
HSI,fz0_0p01,ewma,patchtst,4828,4828,0
HSI,fz0_0p01,ewma,timesfm,4828,4828,0
HSI,fz0_0p01,garch11,autoarima,4828,4828,0
HSI,fz0_0p01,garch11,autoets,4828,4828,0
HSI,fz0_0p01,garch11,chronos,4828,4828,0
HSI,fz0_0p01,garch11,ewma,4828,4828,0
HSI,fz0_0p01,garch11,garch11,4828,4828,0
HSI,fz0_0p01,garch11,garch11_t,4828,4828,0
HSI,fz0_0p01,garch11,gjr,4828,4828,0
HSI,fz0_0p01,garch11,har,4828,4828,0
HSI,fz0_0p01,garch11,lgbm,4828,4828,0
HSI,fz0_0p01,garch11,moirai,4828,4828,0
HSI,fz0_0p01,garch11,naive,4828,4828,0
HSI,fz0_0p01,garch11,patchtst,4828,4828,0
HSI,fz0_0p01,garch11,timesfm,4828,4828,0
HSI,fz0_0p01,garch11_t,autoarima,4828,4828,0
HSI,fz0_0p01,garch11_t,autoets,4828,4828,0
HSI,fz0_0p01,garch11_t,chronos,4828,4828,0
HSI,fz0_0p01,garch11_t,ewma,4828,4828,0
HSI,fz0_0p01,garch11_t,garch11,4828,4828,0
HSI,fz0_0p01,garch11_t,garch11_t,4828,4828,0
HSI,fz0_0p01,garch11_t,gjr,4828,4828,0
HSI,fz0_0p01,garch11_t,har,4828,4828,0
HSI,fz0_0p01,garch11_t,lgbm,4828,4828,0
HSI,fz0_0p01,garch11_t,moirai,4828,4828,0
HSI,fz0_0p01,garch11_t,naive,4828,4828,0
HSI,fz0_0p01,garch11_t,patchtst,4828,4828,0
HSI,fz0_0p01,garch11_t,timesfm,4828,4828,0
HSI,fz0_0p01,gjr,autoarima,4828,4828,0
HSI,fz0_0p01,gjr,autoets,4828,4828,0
HSI,fz0_0p01,gjr,chronos,4828,4828,0
HSI,fz0_0p01,gjr,ewma,4828,4828,0
HSI,fz0_0p01,gjr,garch11,4828,4828,0
HSI,fz0_0p01,gjr,garch11_t,4828,4828,0
HSI,fz0_0p01,gjr,gjr,4828,4828,0
HSI,fz0_0p01,gjr,har,4828,4828,0
HSI,fz0_0p01,gjr,lgbm,4828,4828,0
HSI,fz0_0p01,gjr,moirai,4828,4828,0
HSI,fz0_0p01,gjr,naive,4828,4828,0
HSI,fz0_0p01,gjr,patchtst,4828,4828,0
HSI,fz0_0p01,gjr,timesfm,4828,4828,0
HSI,fz0_0p01,har,autoarima,4828,4828,0
HSI,fz0_0p01,har,autoets,4828,4828,0
HSI,fz0_0p01,har,chronos,4828,4828,0
HSI,fz0_0p01,har,ewma,4828,4828,0
HSI,fz0_0p01,har,garch11,4828,4828,0
HSI,fz0_0p01,har,garch11_t,4828,4828,0
HSI,fz0_0p01,har,gjr,4828,4828,0
HSI,fz0_0p01,har,har,4828,4828,0
HSI,fz0_0p01,har,lgbm,4828,4828,0
HSI,fz0_0p01,har,moirai,4828,4828,0
HSI,fz0_0p01,har,naive,4828,4828,0
HSI,fz0_0p01,har,patchtst,4828,4828,0
HSI,fz0_0p01,har,timesfm,4828,4828,0
HSI,fz0_0p01,lgbm,autoarima,4828,4828,0
HSI,fz0_0p01,lgbm,autoets,4828,4828,0
HSI,fz0_0p01,lgbm,chronos,4828,4828,0
HSI,fz0_0p01,lgbm,ewma,4828,4828,0
HSI,fz0_0p01,lgbm,garch11,4828,4828,0
HSI,fz0_0p01,lgbm,garch11_t,4828,4828,0
HSI,fz0_0p01,lgbm,gjr,4828,4828,0
HSI,fz0_0p01,lgbm,har,4828,4828,0
HSI,fz0_0p01,lgbm,lgbm,4828,4828,0
HSI,fz0_0p01,lgbm,moirai,4828,4828,0
HSI,fz0_0p01,lgbm,naive,4828,4828,0
HSI,fz0_0p01,lgbm,patchtst,4828,4828,0
HSI,fz0_0p01,lgbm,timesfm,4828,4828,0
HSI,fz0_0p01,moirai,autoarima,4828,4828,0
HSI,fz0_0p01,moirai,autoets,4828,4828,0
HSI,fz0_0p01,moirai,chronos,4828,4828,0
HSI,fz0_0p01,moirai,ewma,4828,4828,0
HSI,fz0_0p01,moirai,garch11,4828,4828,0
HSI,fz0_0p01,moirai,garch11_t,4828,4828,0
HSI,fz0_0p01,moirai,gjr,4828,4828,0
HSI,fz0_0p01,moirai,har,4828,4828,0
HSI,fz0_0p01,moirai,lgbm,4828,4828,0
HSI,fz0_0p01,moirai,moirai,4828,4828,0
HSI,fz0_0p01,moirai,naive,4828,4828,0
HSI,fz0_0p01,moirai,patchtst,4828,4828,0
HSI,fz0_0p01,moirai,timesfm,4828,4828,0
HSI,fz0_0p01,naive,autoarima,4828,4828,0
HSI,fz0_0p01,naive,autoets,4828,4828,0
HSI,fz0_0p01,naive,chronos,4828,4828,0
HSI,fz0_0p01,naive,ewma,4828,4828,0
HSI,fz0_0p01,naive,garch11,4828,4828,0
HSI,fz0_0p01,naive,garch11_t,4828,4828,0
HSI,fz0_0p01,naive,gjr,4828,4828,0
HSI,fz0_0p01,naive,har,4828,4828,0
HSI,fz0_0p01,naive,lgbm,4828,4828,0
HSI,fz0_0p01,naive,moirai,4828,4828,0
HSI,fz0_0p01,naive,naive,4828,4828,0
HSI,fz0_0p01,naive,patchtst,4828,4828,0
HSI,fz0_0p01,naive,timesfm,4828,4828,0
HSI,fz0_0p01,patchtst,autoarima,4828,4828,0
HSI,fz0_0p01,patchtst,autoets,4828,4828,0
HSI,fz0_0p01,patchtst,chronos,4828,4828,0
HSI,fz0_0p01,patchtst,ewma,4828,4828,0
HSI,fz0_0p01,patchtst,garch11,4828,4828,0
HSI,fz0_0p01,patchtst,garch11_t,4828,4828,0
HSI,fz0_0p01,patchtst,gjr,4828,4828,0
HSI,fz0_0p01,patchtst,har,4828,4828,0
HSI,fz0_0p01,patchtst,lgbm,4828,4828,0
HSI,fz0_0p01,patchtst,moirai,4828,4828,0
HSI,fz0_0p01,patchtst,naive,4828,4828,0
HSI,fz0_0p01,patchtst,patchtst,4828,4828,0
HSI,fz0_0p01,patchtst,timesfm,4828,4828,0
HSI,fz0_0p01,timesfm,autoarima,4828,4828,0
HSI,fz0_0p01,timesfm,autoets,4828,4828,0
HSI,fz0_0p01,timesfm,chronos,4828,4828,0
HSI,fz0_0p01,timesfm,ewma,4828,4828,0
HSI,fz0_0p01,timesfm,garch11,4828,4828,0
HSI,fz0_0p01,timesfm,garch11_t,4828,4828,0
HSI,fz0_0p01,timesfm,gjr,4828,4828,0
HSI,fz0_0p01,timesfm,har,4828,4828,0
HSI,fz0_0p01,timesfm,lgbm,4828,4828,0
HSI,fz0_0p01,timesfm,moirai,4828,4828,0
HSI,fz0_0p01,timesfm,naive,4828,4828,0
HSI,fz0_0p01,timesfm,patchtst,4828,4828,0
HSI,fz0_0p01,timesfm,timesfm,4828,4828,0
HSI,fz0_0p025,autoarima,autoarima,4828,4828,0
HSI,fz0_0p025,autoarima,autoets,4828,4828,0
HSI,fz0_0p025,autoarima,chronos,4828,4828,0
HSI,fz0_0p025,autoarima,ewma,4828,4828,0
HSI,fz0_0p025,autoarima,garch11,4828,4828,0
HSI,fz0_0p025,autoarima,garch11_t,4828,4828,0
HSI,fz0_0p025,autoarima,gjr,4828,4828,0
HSI,fz0_0p025,autoarima,har,4828,4828,0
HSI,fz0_0p025,autoarima,lgbm,4828,4828,0
HSI,fz0_0p025,autoarima,moirai,4828,4828,0
HSI,fz0_0p025,autoarima,naive,4828,4828,0
HSI,fz0_0p025,autoarima,patchtst,4828,4828,0
HSI,fz0_0p025,autoarima,timesfm,4828,4828,0
HSI,fz0_0p025,autoets,autoarima,4828,4828,0
HSI,fz0_0p025,autoets,autoets,4828,4828,0
HSI,fz0_0p025,autoets,chronos,4828,4828,0
HSI,fz0_0p025,autoets,ewma,4828,4828,0
HSI,fz0_0p025,autoets,garch11,4828,4828,0
HSI,fz0_0p025,autoets,garch11_t,4828,4828,0
HSI,fz0_0p025,autoets,gjr,4828,4828,0
HSI,fz0_0p025,autoets,har,4828,4828,0
HSI,fz0_0p025,autoets,lgbm,4828,4828,0
HSI,fz0_0p025,autoets,moirai,4828,4828,0
HSI,fz0_0p025,autoets,naive,4828,4828,0
HSI,fz0_0p025,autoets,patchtst,4828,4828,0
HSI,fz0_0p025,autoets,timesfm,4828,4828,0
HSI,fz0_0p025,chronos,autoarima,4828,4828,0
HSI,fz0_0p025,chronos,autoets,4828,4828,0
HSI,fz0_0p025,chronos,chronos,4828,4828,0
HSI,fz0_0p025,chronos,ewma,4828,4828,0
HSI,fz0_0p025,chronos,garch11,4828,4828,0
HSI,fz0_0p025,chronos,garch11_t,4828,4828,0
HSI,fz0_0p025,chronos,gjr,4828,4828,0
HSI,fz0_0p025,chronos,har,4828,4828,0
HSI,fz0_0p025,chronos,lgbm,4828,4828,0
HSI,fz0_0p025,chronos,moirai,4828,4828,0
HSI,fz0_0p025,chronos,naive,4828,4828,0
HSI,fz0_0p025,chronos,patchtst,4828,4828,0
HSI,fz0_0p025,chronos,timesfm,4828,4828,0
HSI,fz0_0p025,ewma,autoarima,4828,4828,0
HSI,fz0_0p025,ewma,autoets,4828,4828,0
HSI,fz0_0p025,ewma,chronos,4828,4828,0
HSI,fz0_0p025,ewma,ewma,4828,4828,0
HSI,fz0_0p025,ewma,garch11,4828,4828,0
HSI,fz0_0p025,ewma,garch11_t,4828,4828,0
HSI,fz0_0p025,ewma,gjr,4828,4828,0
HSI,fz0_0p025,ewma,har,4828,4828,0
HSI,fz0_0p025,ewma,lgbm,4828,4828,0
HSI,fz0_0p025,ewma,moirai,4828,4828,0
HSI,fz0_0p025,ewma,naive,4828,4828,0
HSI,fz0_0p025,ewma,patchtst,4828,4828,0
HSI,fz0_0p025,ewma,timesfm,4828,4828,0
HSI,fz0_0p025,garch11,autoarima,4828,4828,0
HSI,fz0_0p025,garch11,autoets,4828,4828,0
HSI,fz0_0p025,garch11,chronos,4828,4828,0
HSI,fz0_0p025,garch11,ewma,4828,4828,0
HSI,fz0_0p025,garch11,garch11,4828,4828,0
HSI,fz0_0p025,garch11,garch11_t,4828,4828,0
HSI,fz0_0p025,garch11,gjr,4828,4828,0
HSI,fz0_0p025,garch11,har,4828,4828,0
HSI,fz0_0p025,garch11,lgbm,4828,4828,0
HSI,fz0_0p025,garch11,moirai,4828,4828,0
HSI,fz0_0p025,garch11,naive,4828,4828,0
HSI,fz0_0p025,garch11,patchtst,4828,4828,0
HSI,fz0_0p025,garch11,timesfm,4828,4828,0
HSI,fz0_0p025,garch11_t,autoarima,4828,4828,0
HSI,fz0_0p025,garch11_t,autoets,4828,4828,0
HSI,fz0_0p025,garch11_t,chronos,4828,4828,0
HSI,fz0_0p025,garch11_t,ewma,4828,4828,0
HSI,fz0_0p025,garch11_t,garch11,4828,4828,0
HSI,fz0_0p025,garch11_t,garch11_t,4828,4828,0
HSI,fz0_0p025,garch11_t,gjr,4828,4828,0
HSI,fz0_0p025,garch11_t,har,4828,4828,0
HSI,fz0_0p025,garch11_t,lgbm,4828,4828,0
HSI,fz0_0p025,garch11_t,moirai,4828,4828,0
HSI,fz0_0p025,garch11_t,naive,4828,4828,0
HSI,fz0_0p025,garch11_t,patchtst,4828,4828,0
HSI,fz0_0p025,garch11_t,timesfm,4828,4828,0
HSI,fz0_0p025,gjr,autoarima,4828,4828,0
HSI,fz0_0p025,gjr,autoets,4828,4828,0
HSI,fz0_0p025,gjr,chronos,4828,4828,0
HSI,fz0_0p025,gjr,ewma,4828,4828,0
HSI,fz0_0p025,gjr,garch11,4828,4828,0
HSI,fz0_0p025,gjr,garch11_t,4828,4828,0
HSI,fz0_0p025,gjr,gjr,4828,4828,0
HSI,fz0_0p025,gjr,har,4828,4828,0
HSI,fz0_0p025,gjr,lgbm,4828,4828,0
HSI,fz0_0p025,gjr,moirai,4828,4828,0
HSI,fz0_0p025,gjr,naive,4828,4828,0
HSI,fz0_0p025,gjr,patchtst,4828,4828,0
HSI,fz0_0p025,gjr,timesfm,4828,4828,0
HSI,fz0_0p025,har,autoarima,4828,4828,0
HSI,fz0_0p025,har,autoets,4828,4828,0
HSI,fz0_0p025,har,chronos,4828,4828,0
HSI,fz0_0p025,har,ewma,4828,4828,0
HSI,fz0_0p025,har,garch11,4828,4828,0
HSI,fz0_0p025,har,garch11_t,4828,4828,0
HSI,fz0_0p025,har,gjr,4828,4828,0
HSI,fz0_0p025,har,har,4828,4828,0
HSI,fz0_0p025,har,lgbm,4828,4828,0
HSI,fz0_0p025,har,moirai,4828,4828,0
HSI,fz0_0p025,har,naive,4828,4828,0
HSI,fz0_0p025,har,patchtst,4828,4828,0
HSI,fz0_0p025,har,timesfm,4828,4828,0
HSI,fz0_0p025,lgbm,autoarima,4828,4828,0
HSI,fz0_0p025,lgbm,autoets,4828,4828,0
HSI,fz0_0p025,lgbm,chronos,4828,4828,0
HSI,fz0_0p025,lgbm,ewma,4828,4828,0
HSI,fz0_0p025,lgbm,garch11,4828,4828,0
HSI,fz0_0p025,lgbm,garch11_t,4828,4828,0
HSI,fz0_0p025,lgbm,gjr,4828,4828,0
HSI,fz0_0p025,lgbm,har,4828,4828,0
HSI,fz0_0p025,lgbm,lgbm,4828,4828,0
HSI,fz0_0p025,lgbm,moirai,4828,4828,0
HSI,fz0_0p025,lgbm,naive,4828,4828,0
HSI,fz0_0p025,lgbm,patchtst,4828,4828,0
HSI,fz0_0p025,lgbm,timesfm,4828,4828,0
HSI,fz0_0p025,moirai,autoarima,4828,4828,0
HSI,fz0_0p025,moirai,autoets,4828,4828,0
HSI,fz0_0p025,moirai,chronos,4828,4828,0
HSI,fz0_0p025,moirai,ewma,4828,4828,0
HSI,fz0_0p025,moirai,garch11,4828,4828,0
HSI,fz0_0p025,moirai,garch11_t,4828,4828,0
HSI,fz0_0p025,moirai,gjr,4828,4828,0
HSI,fz0_0p025,moirai,har,4828,4828,0
HSI,fz0_0p025,moirai,lgbm,4828,4828,0
HSI,fz0_0p025,moirai,moirai,4828,4828,0
HSI,fz0_0p025,moirai,naive,4828,4828,0
HSI,fz0_0p025,moirai,patchtst,4828,4828,0
HSI,fz0_0p025,moirai,timesfm,4828,4828,0
HSI,fz0_0p025,naive,autoarima,4828,4828,0
HSI,fz0_0p025,naive,autoets,4828,4828,0
HSI,fz0_0p025,naive,chronos,4828,4828,0
HSI,fz0_0p025,naive,ewma,4828,4828,0
HSI,fz0_0p025,naive,garch11,4828,4828,0
HSI,fz0_0p025,naive,garch11_t,4828,4828,0
HSI,fz0_0p025,naive,gjr,4828,4828,0
HSI,fz0_0p025,naive,har,4828,4828,0
HSI,fz0_0p025,naive,lgbm,4828,4828,0
HSI,fz0_0p025,naive,moirai,4828,4828,0
HSI,fz0_0p025,naive,naive,4828,4828,0
HSI,fz0_0p025,naive,patchtst,4828,4828,0
HSI,fz0_0p025,naive,timesfm,4828,4828,0
HSI,fz0_0p025,patchtst,autoarima,4828,4828,0
HSI,fz0_0p025,patchtst,autoets,4828,4828,0
HSI,fz0_0p025,patchtst,chronos,4828,4828,0
HSI,fz0_0p025,patchtst,ewma,4828,4828,0
HSI,fz0_0p025,patchtst,garch11,4828,4828,0
HSI,fz0_0p025,patchtst,garch11_t,4828,4828,0
HSI,fz0_0p025,patchtst,gjr,4828,4828,0
HSI,fz0_0p025,patchtst,har,4828,4828,0
HSI,fz0_0p025,patchtst,lgbm,4828,4828,0
HSI,fz0_0p025,patchtst,moirai,4828,4828,0
HSI,fz0_0p025,patchtst,naive,4828,4828,0
HSI,fz0_0p025,patchtst,patchtst,4828,4828,0
HSI,fz0_0p025,patchtst,timesfm,4828,4828,0
HSI,fz0_0p025,timesfm,autoarima,4828,4828,0
HSI,fz0_0p025,timesfm,autoets,4828,4828,0
HSI,fz0_0p025,timesfm,chronos,4828,4828,0
HSI,fz0_0p025,timesfm,ewma,4828,4828,0
HSI,fz0_0p025,timesfm,garch11,4828,4828,0
HSI,fz0_0p025,timesfm,garch11_t,4828,4828,0
HSI,fz0_0p025,timesfm,gjr,4828,4828,0
HSI,fz0_0p025,timesfm,har,4828,4828,0
HSI,fz0_0p025,timesfm,lgbm,4828,4828,0
HSI,fz0_0p025,timesfm,moirai,4828,4828,0
HSI,fz0_0p025,timesfm,naive,4828,4828,0
HSI,fz0_0p025,timesfm,patchtst,4828,4828,0
HSI,fz0_0p025,timesfm,timesfm,4828,4828,0
HSI,fz0_0p05,autoarima,autoarima,4828,4828,0
HSI,fz0_0p05,autoarima,autoets,4828,4828,0
HSI,fz0_0p05,autoarima,chronos,4828,4828,0
HSI,fz0_0p05,autoarima,ewma,4828,4828,0
HSI,fz0_0p05,autoarima,garch11,4828,4828,0
HSI,fz0_0p05,autoarima,garch11_t,4828,4828,0
HSI,fz0_0p05,autoarima,gjr,4828,4828,0
HSI,fz0_0p05,autoarima,har,4828,4828,0
HSI,fz0_0p05,autoarima,lgbm,4828,4828,0
HSI,fz0_0p05,autoarima,moirai,4828,4828,0
HSI,fz0_0p05,autoarima,naive,4828,4828,0
HSI,fz0_0p05,autoarima,patchtst,4828,4828,0
HSI,fz0_0p05,autoarima,timesfm,4828,4828,0
HSI,fz0_0p05,autoets,autoarima,4828,4828,0
HSI,fz0_0p05,autoets,autoets,4828,4828,0
HSI,fz0_0p05,autoets,chronos,4828,4828,0
HSI,fz0_0p05,autoets,ewma,4828,4828,0
HSI,fz0_0p05,autoets,garch11,4828,4828,0
HSI,fz0_0p05,autoets,garch11_t,4828,4828,0
HSI,fz0_0p05,autoets,gjr,4828,4828,0
HSI,fz0_0p05,autoets,har,4828,4828,0
HSI,fz0_0p05,autoets,lgbm,4828,4828,0
HSI,fz0_0p05,autoets,moirai,4828,4828,0
HSI,fz0_0p05,autoets,naive,4828,4828,0
HSI,fz0_0p05,autoets,patchtst,4828,4828,0
HSI,fz0_0p05,autoets,timesfm,4828,4828,0
HSI,fz0_0p05,chronos,autoarima,4828,4828,0
HSI,fz0_0p05,chronos,autoets,4828,4828,0
HSI,fz0_0p05,chronos,chronos,4828,4828,0
HSI,fz0_0p05,chronos,ewma,4828,4828,0
HSI,fz0_0p05,chronos,garch11,4828,4828,0
HSI,fz0_0p05,chronos,garch11_t,4828,4828,0
HSI,fz0_0p05,chronos,gjr,4828,4828,0
HSI,fz0_0p05,chronos,har,4828,4828,0
HSI,fz0_0p05,chronos,lgbm,4828,4828,0
HSI,fz0_0p05,chronos,moirai,4828,4828,0
HSI,fz0_0p05,chronos,naive,4828,4828,0
HSI,fz0_0p05,chronos,patchtst,4828,4828,0
HSI,fz0_0p05,chronos,timesfm,4828,4828,0
HSI,fz0_0p05,ewma,autoarima,4828,4828,0
HSI,fz0_0p05,ewma,autoets,4828,4828,0
HSI,fz0_0p05,ewma,chronos,4828,4828,0
HSI,fz0_0p05,ewma,ewma,4828,4828,0
HSI,fz0_0p05,ewma,garch11,4828,4828,0
HSI,fz0_0p05,ewma,garch11_t,4828,4828,0
HSI,fz0_0p05,ewma,gjr,4828,4828,0
HSI,fz0_0p05,ewma,har,4828,4828,0
HSI,fz0_0p05,ewma,lgbm,4828,4828,0
HSI,fz0_0p05,ewma,moirai,4828,4828,0
HSI,fz0_0p05,ewma,naive,4828,4828,0
HSI,fz0_0p05,ewma,patchtst,4828,4828,0
HSI,fz0_0p05,ewma,timesfm,4828,4828,0
HSI,fz0_0p05,garch11,autoarima,4828,4828,0
HSI,fz0_0p05,garch11,autoets,4828,4828,0
HSI,fz0_0p05,garch11,chronos,4828,4828,0
HSI,fz0_0p05,garch11,ewma,4828,4828,0
HSI,fz0_0p05,garch11,garch11,4828,4828,0
HSI,fz0_0p05,garch11,garch11_t,4828,4828,0
HSI,fz0_0p05,garch11,gjr,4828,4828,0
HSI,fz0_0p05,garch11,har,4828,4828,0
HSI,fz0_0p05,garch11,lgbm,4828,4828,0
HSI,fz0_0p05,garch11,moirai,4828,4828,0
HSI,fz0_0p05,garch11,naive,4828,4828,0
HSI,fz0_0p05,garch11,patchtst,4828,4828,0
HSI,fz0_0p05,garch11,timesfm,4828,4828,0
HSI,fz0_0p05,garch11_t,autoarima,4828,4828,0
HSI,fz0_0p05,garch11_t,autoets,4828,4828,0
HSI,fz0_0p05,garch11_t,chronos,4828,4828,0
HSI,fz0_0p05,garch11_t,ewma,4828,4828,0
HSI,fz0_0p05,garch11_t,garch11,4828,4828,0
HSI,fz0_0p05,garch11_t,garch11_t,4828,4828,0
HSI,fz0_0p05,garch11_t,gjr,4828,4828,0
HSI,fz0_0p05,garch11_t,har,4828,4828,0
HSI,fz0_0p05,garch11_t,lgbm,4828,4828,0
HSI,fz0_0p05,garch11_t,moirai,4828,4828,0
HSI,fz0_0p05,garch11_t,naive,4828,4828,0
HSI,fz0_0p05,garch11_t,patchtst,4828,4828,0
HSI,fz0_0p05,garch11_t,timesfm,4828,4828,0
HSI,fz0_0p05,gjr,autoarima,4828,4828,0
HSI,fz0_0p05,gjr,autoets,4828,4828,0
HSI,fz0_0p05,gjr,chronos,4828,4828,0
HSI,fz0_0p05,gjr,ewma,4828,4828,0
HSI,fz0_0p05,gjr,garch11,4828,4828,0
HSI,fz0_0p05,gjr,garch11_t,4828,4828,0
HSI,fz0_0p05,gjr,gjr,4828,4828,0
HSI,fz0_0p05,gjr,har,4828,4828,0
HSI,fz0_0p05,gjr,lgbm,4828,4828,0
HSI,fz0_0p05,gjr,moirai,4828,4828,0
HSI,fz0_0p05,gjr,naive,4828,4828,0
HSI,fz0_0p05,gjr,patchtst,4828,4828,0
HSI,fz0_0p05,gjr,timesfm,4828,4828,0
HSI,fz0_0p05,har,autoarima,4828,4828,0
HSI,fz0_0p05,har,autoets,4828,4828,0
HSI,fz0_0p05,har,chronos,4828,4828,0
HSI,fz0_0p05,har,ewma,4828,4828,0
HSI,fz0_0p05,har,garch11,4828,4828,0
HSI,fz0_0p05,har,garch11_t,4828,4828,0
HSI,fz0_0p05,har,gjr,4828,4828,0
HSI,fz0_0p05,har,har,4828,4828,0
HSI,fz0_0p05,har,lgbm,4828,4828,0
HSI,fz0_0p05,har,moirai,4828,4828,0
HSI,fz0_0p05,har,naive,4828,4828,0
HSI,fz0_0p05,har,patchtst,4828,4828,0
HSI,fz0_0p05,har,timesfm,4828,4828,0
HSI,fz0_0p05,lgbm,autoarima,4828,4828,0
HSI,fz0_0p05,lgbm,autoets,4828,4828,0
HSI,fz0_0p05,lgbm,chronos,4828,4828,0
HSI,fz0_0p05,lgbm,ewma,4828,4828,0
HSI,fz0_0p05,lgbm,garch11,4828,4828,0
HSI,fz0_0p05,lgbm,garch11_t,4828,4828,0
HSI,fz0_0p05,lgbm,gjr,4828,4828,0
HSI,fz0_0p05,lgbm,har,4828,4828,0
HSI,fz0_0p05,lgbm,lgbm,4828,4828,0
HSI,fz0_0p05,lgbm,moirai,4828,4828,0
HSI,fz0_0p05,lgbm,naive,4828,4828,0
HSI,fz0_0p05,lgbm,patchtst,4828,4828,0
HSI,fz0_0p05,lgbm,timesfm,4828,4828,0
HSI,fz0_0p05,moirai,autoarima,4828,4828,0
HSI,fz0_0p05,moirai,autoets,4828,4828,0
HSI,fz0_0p05,moirai,chronos,4828,4828,0
HSI,fz0_0p05,moirai,ewma,4828,4828,0
HSI,fz0_0p05,moirai,garch11,4828,4828,0
HSI,fz0_0p05,moirai,garch11_t,4828,4828,0
HSI,fz0_0p05,moirai,gjr,4828,4828,0
HSI,fz0_0p05,moirai,har,4828,4828,0
HSI,fz0_0p05,moirai,lgbm,4828,4828,0
HSI,fz0_0p05,moirai,moirai,4828,4828,0
HSI,fz0_0p05,moirai,naive,4828,4828,0
HSI,fz0_0p05,moirai,patchtst,4828,4828,0
HSI,fz0_0p05,moirai,timesfm,4828,4828,0
HSI,fz0_0p05,naive,autoarima,4828,4828,0
HSI,fz0_0p05,naive,autoets,4828,4828,0
HSI,fz0_0p05,naive,chronos,4828,4828,0
HSI,fz0_0p05,naive,ewma,4828,4828,0
HSI,fz0_0p05,naive,garch11,4828,4828,0
HSI,fz0_0p05,naive,garch11_t,4828,4828,0
HSI,fz0_0p05,naive,gjr,4828,4828,0
HSI,fz0_0p05,naive,har,4828,4828,0
HSI,fz0_0p05,naive,lgbm,4828,4828,0
HSI,fz0_0p05,naive,moirai,4828,4828,0
HSI,fz0_0p05,naive,naive,4828,4828,0
HSI,fz0_0p05,naive,patchtst,4828,4828,0
HSI,fz0_0p05,naive,timesfm,4828,4828,0
HSI,fz0_0p05,patchtst,autoarima,4828,4828,0
HSI,fz0_0p05,patchtst,autoets,4828,4828,0
HSI,fz0_0p05,patchtst,chronos,4828,4828,0
HSI,fz0_0p05,patchtst,ewma,4828,4828,0
HSI,fz0_0p05,patchtst,garch11,4828,4828,0
HSI,fz0_0p05,patchtst,garch11_t,4828,4828,0
HSI,fz0_0p05,patchtst,gjr,4828,4828,0
HSI,fz0_0p05,patchtst,har,4828,4828,0
HSI,fz0_0p05,patchtst,lgbm,4828,4828,0
HSI,fz0_0p05,patchtst,moirai,4828,4828,0
HSI,fz0_0p05,patchtst,naive,4828,4828,0
HSI,fz0_0p05,patchtst,patchtst,4828,4828,0
HSI,fz0_0p05,patchtst,timesfm,4828,4828,0
HSI,fz0_0p05,timesfm,autoarima,4828,4828,0
HSI,fz0_0p05,timesfm,autoets,4828,4828,0
HSI,fz0_0p05,timesfm,chronos,4828,4828,0
HSI,fz0_0p05,timesfm,ewma,4828,4828,0
HSI,fz0_0p05,timesfm,garch11,4828,4828,0
HSI,fz0_0p05,timesfm,garch11_t,4828,4828,0
HSI,fz0_0p05,timesfm,gjr,4828,4828,0
HSI,fz0_0p05,timesfm,har,4828,4828,0
HSI,fz0_0p05,timesfm,lgbm,4828,4828,0
HSI,fz0_0p05,timesfm,moirai,4828,4828,0
HSI,fz0_0p05,timesfm,naive,4828,4828,0
HSI,fz0_0p05,timesfm,patchtst,4828,4828,0
HSI,fz0_0p05,timesfm,timesfm,4828,4828,0
HSI,fz0_avg,autoarima,autoarima,4828,4828,0
HSI,fz0_avg,autoarima,autoets,4828,4828,0
HSI,fz0_avg,autoarima,chronos,4828,4828,0
HSI,fz0_avg,autoarima,ewma,4828,4828,0
HSI,fz0_avg,autoarima,garch11,4828,4828,0
HSI,fz0_avg,autoarima,garch11_t,4828,4828,0
HSI,fz0_avg,autoarima,gjr,4828,4828,0
HSI,fz0_avg,autoarima,har,4828,4828,0
HSI,fz0_avg,autoarima,lgbm,4828,4828,0
HSI,fz0_avg,autoarima,moirai,4828,4828,0
HSI,fz0_avg,autoarima,naive,4828,4828,0
HSI,fz0_avg,autoarima,patchtst,4828,4828,0
HSI,fz0_avg,autoarima,timesfm,4828,4828,0
HSI,fz0_avg,autoets,autoarima,4828,4828,0
HSI,fz0_avg,autoets,autoets,4828,4828,0
HSI,fz0_avg,autoets,chronos,4828,4828,0
HSI,fz0_avg,autoets,ewma,4828,4828,0
HSI,fz0_avg,autoets,garch11,4828,4828,0
HSI,fz0_avg,autoets,garch11_t,4828,4828,0
HSI,fz0_avg,autoets,gjr,4828,4828,0
HSI,fz0_avg,autoets,har,4828,4828,0
HSI,fz0_avg,autoets,lgbm,4828,4828,0
HSI,fz0_avg,autoets,moirai,4828,4828,0
HSI,fz0_avg,autoets,naive,4828,4828,0
HSI,fz0_avg,autoets,patchtst,4828,4828,0
HSI,fz0_avg,autoets,timesfm,4828,4828,0
HSI,fz0_avg,chronos,autoarima,4828,4828,0
HSI,fz0_avg,chronos,autoets,4828,4828,0
HSI,fz0_avg,chronos,chronos,4828,4828,0
HSI,fz0_avg,chronos,ewma,4828,4828,0
HSI,fz0_avg,chronos,garch11,4828,4828,0
HSI,fz0_avg,chronos,garch11_t,4828,4828,0
HSI,fz0_avg,chronos,gjr,4828,4828,0
HSI,fz0_avg,chronos,har,4828,4828,0
HSI,fz0_avg,chronos,lgbm,4828,4828,0
HSI,fz0_avg,chronos,moirai,4828,4828,0
HSI,fz0_avg,chronos,naive,4828,4828,0
HSI,fz0_avg,chronos,patchtst,4828,4828,0
HSI,fz0_avg,chronos,timesfm,4828,4828,0
HSI,fz0_avg,ewma,autoarima,4828,4828,0
HSI,fz0_avg,ewma,autoets,4828,4828,0
HSI,fz0_avg,ewma,chronos,4828,4828,0
HSI,fz0_avg,ewma,ewma,4828,4828,0
HSI,fz0_avg,ewma,garch11,4828,4828,0
HSI,fz0_avg,ewma,garch11_t,4828,4828,0
HSI,fz0_avg,ewma,gjr,4828,4828,0
HSI,fz0_avg,ewma,har,4828,4828,0
HSI,fz0_avg,ewma,lgbm,4828,4828,0
HSI,fz0_avg,ewma,moirai,4828,4828,0
HSI,fz0_avg,ewma,naive,4828,4828,0
HSI,fz0_avg,ewma,patchtst,4828,4828,0
HSI,fz0_avg,ewma,timesfm,4828,4828,0
HSI,fz0_avg,garch11,autoarima,4828,4828,0
HSI,fz0_avg,garch11,autoets,4828,4828,0
HSI,fz0_avg,garch11,chronos,4828,4828,0
HSI,fz0_avg,garch11,ewma,4828,4828,0
HSI,fz0_avg,garch11,garch11,4828,4828,0
HSI,fz0_avg,garch11,garch11_t,4828,4828,0
HSI,fz0_avg,garch11,gjr,4828,4828,0
HSI,fz0_avg,garch11,har,4828,4828,0
HSI,fz0_avg,garch11,lgbm,4828,4828,0
HSI,fz0_avg,garch11,moirai,4828,4828,0
HSI,fz0_avg,garch11,naive,4828,4828,0
HSI,fz0_avg,garch11,patchtst,4828,4828,0
HSI,fz0_avg,garch11,timesfm,4828,4828,0
HSI,fz0_avg,garch11_t,autoarima,4828,4828,0
HSI,fz0_avg,garch11_t,autoets,4828,4828,0
HSI,fz0_avg,garch11_t,chronos,4828,4828,0
HSI,fz0_avg,garch11_t,ewma,4828,4828,0
HSI,fz0_avg,garch11_t,garch11,4828,4828,0
HSI,fz0_avg,garch11_t,garch11_t,4828,4828,0
HSI,fz0_avg,garch11_t,gjr,4828,4828,0
HSI,fz0_avg,garch11_t,har,4828,4828,0
HSI,fz0_avg,garch11_t,lgbm,4828,4828,0
HSI,fz0_avg,garch11_t,moirai,4828,4828,0
HSI,fz0_avg,garch11_t,naive,4828,4828,0
HSI,fz0_avg,garch11_t,patchtst,4828,4828,0
HSI,fz0_avg,garch11_t,timesfm,4828,4828,0
HSI,fz0_avg,gjr,autoarima,4828,4828,0
HSI,fz0_avg,gjr,autoets,4828,4828,0
HSI,fz0_avg,gjr,chronos,4828,4828,0
HSI,fz0_avg,gjr,ewma,4828,4828,0
HSI,fz0_avg,gjr,garch11,4828,4828,0
HSI,fz0_avg,gjr,garch11_t,4828,4828,0
HSI,fz0_avg,gjr,gjr,4828,4828,0
HSI,fz0_avg,gjr,har,4828,4828,0
HSI,fz0_avg,gjr,lgbm,4828,4828,0
HSI,fz0_avg,gjr,moirai,4828,4828,0
HSI,fz0_avg,gjr,naive,4828,4828,0
HSI,fz0_avg,gjr,patchtst,4828,4828,0
HSI,fz0_avg,gjr,timesfm,4828,4828,0
HSI,fz0_avg,har,autoarima,4828,4828,0
HSI,fz0_avg,har,autoets,4828,4828,0
HSI,fz0_avg,har,chronos,4828,4828,0
HSI,fz0_avg,har,ewma,4828,4828,0
HSI,fz0_avg,har,garch11,4828,4828,0
HSI,fz0_avg,har,garch11_t,4828,4828,0
HSI,fz0_avg,har,gjr,4828,4828,0
HSI,fz0_avg,har,har,4828,4828,0
HSI,fz0_avg,har,lgbm,4828,4828,0
HSI,fz0_avg,har,moirai,4828,4828,0
HSI,fz0_avg,har,naive,4828,4828,0
HSI,fz0_avg,har,patchtst,4828,4828,0
HSI,fz0_avg,har,timesfm,4828,4828,0
HSI,fz0_avg,lgbm,autoarima,4828,4828,0
HSI,fz0_avg,lgbm,autoets,4828,4828,0
HSI,fz0_avg,lgbm,chronos,4828,4828,0
HSI,fz0_avg,lgbm,ewma,4828,4828,0
HSI,fz0_avg,lgbm,garch11,4828,4828,0
HSI,fz0_avg,lgbm,garch11_t,4828,4828,0
HSI,fz0_avg,lgbm,gjr,4828,4828,0
HSI,fz0_avg,lgbm,har,4828,4828,0
HSI,fz0_avg,lgbm,lgbm,4828,4828,0
HSI,fz0_avg,lgbm,moirai,4828,4828,0
HSI,fz0_avg,lgbm,naive,4828,4828,0
HSI,fz0_avg,lgbm,patchtst,4828,4828,0
HSI,fz0_avg,lgbm,timesfm,4828,4828,0
HSI,fz0_avg,moirai,autoarima,4828,4828,0
HSI,fz0_avg,moirai,autoets,4828,4828,0
HSI,fz0_avg,moirai,chronos,4828,4828,0
HSI,fz0_avg,moirai,ewma,4828,4828,0
HSI,fz0_avg,moirai,garch11,4828,4828,0
HSI,fz0_avg,moirai,garch11_t,4828,4828,0
HSI,fz0_avg,moirai,gjr,4828,4828,0
HSI,fz0_avg,moirai,har,4828,4828,0
HSI,fz0_avg,moirai,lgbm,4828,4828,0
HSI,fz0_avg,moirai,moirai,4828,4828,0
HSI,fz0_avg,moirai,naive,4828,4828,0
HSI,fz0_avg,moirai,patchtst,4828,4828,0
HSI,fz0_avg,moirai,timesfm,4828,4828,0
HSI,fz0_avg,naive,autoarima,4828,4828,0
HSI,fz0_avg,naive,autoets,4828,4828,0
HSI,fz0_avg,naive,chronos,4828,4828,0
HSI,fz0_avg,naive,ewma,4828,4828,0
HSI,fz0_avg,naive,garch11,4828,4828,0
HSI,fz0_avg,naive,garch11_t,4828,4828,0
HSI,fz0_avg,naive,gjr,4828,4828,0
HSI,fz0_avg,naive,har,4828,4828,0
HSI,fz0_avg,naive,lgbm,4828,4828,0
HSI,fz0_avg,naive,moirai,4828,4828,0
HSI,fz0_avg,naive,naive,4828,4828,0
HSI,fz0_avg,naive,patchtst,4828,4828,0
HSI,fz0_avg,naive,timesfm,4828,4828,0
HSI,fz0_avg,patchtst,autoarima,4828,4828,0
HSI,fz0_avg,patchtst,autoets,4828,4828,0
HSI,fz0_avg,patchtst,chronos,4828,4828,0
HSI,fz0_avg,patchtst,ewma,4828,4828,0
HSI,fz0_avg,patchtst,garch11,4828,4828,0
HSI,fz0_avg,patchtst,garch11_t,4828,4828,0
HSI,fz0_avg,patchtst,gjr,4828,4828,0
HSI,fz0_avg,patchtst,har,4828,4828,0
HSI,fz0_avg,patchtst,lgbm,4828,4828,0
HSI,fz0_avg,patchtst,moirai,4828,4828,0
HSI,fz0_avg,patchtst,naive,4828,4828,0
HSI,fz0_avg,patchtst,patchtst,4828,4828,0
HSI,fz0_avg,patchtst,timesfm,4828,4828,0
HSI,fz0_avg,timesfm,autoarima,4828,4828,0
HSI,fz0_avg,timesfm,autoets,4828,4828,0
HSI,fz0_avg,timesfm,chronos,4828,4828,0
HSI,fz0_avg,timesfm,ewma,4828,4828,0
HSI,fz0_avg,timesfm,garch11,4828,4828,0
HSI,fz0_avg,timesfm,garch11_t,4828,4828,0
HSI,fz0_avg,timesfm,gjr,4828,4828,0
HSI,fz0_avg,timesfm,har,4828,4828,0
HSI,fz0_avg,timesfm,lgbm,4828,4828,0
HSI,fz0_avg,timesfm,moirai,4828,4828,0
HSI,fz0_avg,timesfm,naive,4828,4828,0
HSI,fz0_avg,timesfm,patchtst,4828,4828,0
HSI,fz0_avg,timesfm,timesfm,4828,4828,0
KOSPI,crps,autoarima,autoarima,4837,4837,0
KOSPI,crps,autoarima,autoets,4837,4837,0
KOSPI,crps,autoarima,chronos,4837,4837,0
KOSPI,crps,autoarima,ewma,4837,4837,0
KOSPI,crps,autoarima,garch11,4837,4837,0
KOSPI,crps,autoarima,garch11_t,4837,4837,0
KOSPI,crps,autoarima,gjr,4837,4837,0
KOSPI,crps,autoarima,har,4837,4837,0
KOSPI,crps,autoarima,lgbm,4837,4837,0
KOSPI,crps,autoarima,moirai,4837,4837,0
KOSPI,crps,autoarima,naive,4837,4837,0
KOSPI,crps,autoarima,patchtst,4837,4837,0
KOSPI,crps,autoarima,timesfm,4837,4837,0
KOSPI,crps,autoets,autoarima,4837,4837,0
KOSPI,crps,autoets,autoets,4837,4837,0
KOSPI,crps,autoets,chronos,4837,4837,0
KOSPI,crps,autoets,ewma,4837,4837,0
KOSPI,crps,autoets,garch11,4837,4837,0
KOSPI,crps,autoets,garch11_t,4837,4837,0
KOSPI,crps,autoets,gjr,4837,4837,0
KOSPI,crps,autoets,har,4837,4837,0
KOSPI,crps,autoets,lgbm,4837,4837,0
KOSPI,crps,autoets,moirai,4837,4837,0
KOSPI,crps,autoets,naive,4837,4837,0
KOSPI,crps,autoets,patchtst,4837,4837,0
KOSPI,crps,autoets,timesfm,4837,4837,0
KOSPI,crps,chronos,autoarima,4837,4837,0
KOSPI,crps,chronos,autoets,4837,4837,0
KOSPI,crps,chronos,chronos,4837,4837,0
KOSPI,crps,chronos,ewma,4837,4837,0
KOSPI,crps,chronos,garch11,4837,4837,0
KOSPI,crps,chronos,garch11_t,4837,4837,0
KOSPI,crps,chronos,gjr,4837,4837,0
KOSPI,crps,chronos,har,4837,4837,0
KOSPI,crps,chronos,lgbm,4837,4837,0
KOSPI,crps,chronos,moirai,4837,4837,0
KOSPI,crps,chronos,naive,4837,4837,0
KOSPI,crps,chronos,patchtst,4837,4837,0
KOSPI,crps,chronos,timesfm,4837,4837,0
KOSPI,crps,ewma,autoarima,4837,4837,0
KOSPI,crps,ewma,autoets,4837,4837,0
KOSPI,crps,ewma,chronos,4837,4837,0
KOSPI,crps,ewma,ewma,4837,4837,0
KOSPI,crps,ewma,garch11,4837,4837,0
KOSPI,crps,ewma,garch11_t,4837,4837,0
KOSPI,crps,ewma,gjr,4837,4837,0
KOSPI,crps,ewma,har,4837,4837,0
KOSPI,crps,ewma,lgbm,4837,4837,0
KOSPI,crps,ewma,moirai,4837,4837,0
KOSPI,crps,ewma,naive,4837,4837,0
KOSPI,crps,ewma,patchtst,4837,4837,0
KOSPI,crps,ewma,timesfm,4837,4837,0
KOSPI,crps,garch11,autoarima,4837,4837,0
KOSPI,crps,garch11,autoets,4837,4837,0
KOSPI,crps,garch11,chronos,4837,4837,0
KOSPI,crps,garch11,ewma,4837,4837,0
KOSPI,crps,garch11,garch11,4837,4837,0
KOSPI,crps,garch11,garch11_t,4837,4837,0
KOSPI,crps,garch11,gjr,4837,4837,0
KOSPI,crps,garch11,har,4837,4837,0
KOSPI,crps,garch11,lgbm,4837,4837,0
KOSPI,crps,garch11,moirai,4837,4837,0
KOSPI,crps,garch11,naive,4837,4837,0
KOSPI,crps,garch11,patchtst,4837,4837,0
KOSPI,crps,garch11,timesfm,4837,4837,0
KOSPI,crps,garch11_t,autoarima,4837,4837,0
KOSPI,crps,garch11_t,autoets,4837,4837,0
KOSPI,crps,garch11_t,chronos,4837,4837,0
KOSPI,crps,garch11_t,ewma,4837,4837,0
KOSPI,crps,garch11_t,garch11,4837,4837,0
KOSPI,crps,garch11_t,garch11_t,4837,4837,0
KOSPI,crps,garch11_t,gjr,4837,4837,0
KOSPI,crps,garch11_t,har,4837,4837,0
KOSPI,crps,garch11_t,lgbm,4837,4837,0
KOSPI,crps,garch11_t,moirai,4837,4837,0
KOSPI,crps,garch11_t,naive,4837,4837,0
KOSPI,crps,garch11_t,patchtst,4837,4837,0
KOSPI,crps,garch11_t,timesfm,4837,4837,0
KOSPI,crps,gjr,autoarima,4837,4837,0
KOSPI,crps,gjr,autoets,4837,4837,0
KOSPI,crps,gjr,chronos,4837,4837,0
KOSPI,crps,gjr,ewma,4837,4837,0
KOSPI,crps,gjr,garch11,4837,4837,0
KOSPI,crps,gjr,garch11_t,4837,4837,0
KOSPI,crps,gjr,gjr,4837,4837,0
KOSPI,crps,gjr,har,4837,4837,0
KOSPI,crps,gjr,lgbm,4837,4837,0
KOSPI,crps,gjr,moirai,4837,4837,0
KOSPI,crps,gjr,naive,4837,4837,0
KOSPI,crps,gjr,patchtst,4837,4837,0
KOSPI,crps,gjr,timesfm,4837,4837,0
KOSPI,crps,har,autoarima,4837,4837,0
KOSPI,crps,har,autoets,4837,4837,0
KOSPI,crps,har,chronos,4837,4837,0
KOSPI,crps,har,ewma,4837,4837,0
KOSPI,crps,har,garch11,4837,4837,0
KOSPI,crps,har,garch11_t,4837,4837,0
KOSPI,crps,har,gjr,4837,4837,0
KOSPI,crps,har,har,4837,4837,0
KOSPI,crps,har,lgbm,4837,4837,0
KOSPI,crps,har,moirai,4837,4837,0
KOSPI,crps,har,naive,4837,4837,0
KOSPI,crps,har,patchtst,4837,4837,0
KOSPI,crps,har,timesfm,4837,4837,0
KOSPI,crps,lgbm,autoarima,4837,4837,0
KOSPI,crps,lgbm,autoets,4837,4837,0
KOSPI,crps,lgbm,chronos,4837,4837,0
KOSPI,crps,lgbm,ewma,4837,4837,0
KOSPI,crps,lgbm,garch11,4837,4837,0
KOSPI,crps,lgbm,garch11_t,4837,4837,0
KOSPI,crps,lgbm,gjr,4837,4837,0
KOSPI,crps,lgbm,har,4837,4837,0
KOSPI,crps,lgbm,lgbm,4837,4837,0
KOSPI,crps,lgbm,moirai,4837,4837,0
KOSPI,crps,lgbm,naive,4837,4837,0
KOSPI,crps,lgbm,patchtst,4837,4837,0
KOSPI,crps,lgbm,timesfm,4837,4837,0
KOSPI,crps,moirai,autoarima,4837,4837,0
KOSPI,crps,moirai,autoets,4837,4837,0
KOSPI,crps,moirai,chronos,4837,4837,0
KOSPI,crps,moirai,ewma,4837,4837,0
KOSPI,crps,moirai,garch11,4837,4837,0
KOSPI,crps,moirai,garch11_t,4837,4837,0
KOSPI,crps,moirai,gjr,4837,4837,0
KOSPI,crps,moirai,har,4837,4837,0
KOSPI,crps,moirai,lgbm,4837,4837,0
KOSPI,crps,moirai,moirai,4837,4837,0
KOSPI,crps,moirai,naive,4837,4837,0
KOSPI,crps,moirai,patchtst,4837,4837,0
KOSPI,crps,moirai,timesfm,4837,4837,0
KOSPI,crps,naive,autoarima,4837,4837,0
KOSPI,crps,naive,autoets,4837,4837,0
KOSPI,crps,naive,chronos,4837,4837,0
KOSPI,crps,naive,ewma,4837,4837,0
KOSPI,crps,naive,garch11,4837,4837,0
KOSPI,crps,naive,garch11_t,4837,4837,0
KOSPI,crps,naive,gjr,4837,4837,0
KOSPI,crps,naive,har,4837,4837,0
KOSPI,crps,naive,lgbm,4837,4837,0
KOSPI,crps,naive,moirai,4837,4837,0
KOSPI,crps,naive,naive,4837,4837,0
KOSPI,crps,naive,patchtst,4837,4837,0
KOSPI,crps,naive,timesfm,4837,4837,0
KOSPI,crps,patchtst,autoarima,4837,4837,0
KOSPI,crps,patchtst,autoets,4837,4837,0
KOSPI,crps,patchtst,chronos,4837,4837,0
KOSPI,crps,patchtst,ewma,4837,4837,0
KOSPI,crps,patchtst,garch11,4837,4837,0
KOSPI,crps,patchtst,garch11_t,4837,4837,0
KOSPI,crps,patchtst,gjr,4837,4837,0
KOSPI,crps,patchtst,har,4837,4837,0
KOSPI,crps,patchtst,lgbm,4837,4837,0
KOSPI,crps,patchtst,moirai,4837,4837,0
KOSPI,crps,patchtst,naive,4837,4837,0
KOSPI,crps,patchtst,patchtst,4837,4837,0
KOSPI,crps,patchtst,timesfm,4837,4837,0
KOSPI,crps,timesfm,autoarima,4837,4837,0
KOSPI,crps,timesfm,autoets,4837,4837,0
KOSPI,crps,timesfm,chronos,4837,4837,0
KOSPI,crps,timesfm,ewma,4837,4837,0
KOSPI,crps,timesfm,garch11,4837,4837,0
KOSPI,crps,timesfm,garch11_t,4837,4837,0
KOSPI,crps,timesfm,gjr,4837,4837,0
KOSPI,crps,timesfm,har,4837,4837,0
KOSPI,crps,timesfm,lgbm,4837,4837,0
KOSPI,crps,timesfm,moirai,4837,4837,0
KOSPI,crps,timesfm,naive,4837,4837,0
KOSPI,crps,timesfm,patchtst,4837,4837,0
KOSPI,crps,timesfm,timesfm,4837,4837,0
KOSPI,log_score,autoarima,autoarima,4837,4837,0
KOSPI,log_score,autoarima,autoets,4837,4837,0
KOSPI,log_score,autoarima,chronos,4837,4837,0
KOSPI,log_score,autoarima,ewma,4837,4837,0
KOSPI,log_score,autoarima,garch11,4837,4837,0
KOSPI,log_score,autoarima,garch11_t,4837,4837,0
KOSPI,log_score,autoarima,gjr,4837,4837,0
KOSPI,log_score,autoarima,har,4837,4837,0
KOSPI,log_score,autoarima,lgbm,4837,4837,0
KOSPI,log_score,autoarima,moirai,4837,4837,0
KOSPI,log_score,autoarima,naive,4837,4837,0
KOSPI,log_score,autoarima,patchtst,4837,4837,0
KOSPI,log_score,autoarima,timesfm,4837,4837,0
KOSPI,log_score,autoets,autoarima,4837,4837,0
KOSPI,log_score,autoets,autoets,4837,4837,0
KOSPI,log_score,autoets,chronos,4837,4837,0
KOSPI,log_score,autoets,ewma,4837,4837,0
KOSPI,log_score,autoets,garch11,4837,4837,0
KOSPI,log_score,autoets,garch11_t,4837,4837,0
KOSPI,log_score,autoets,gjr,4837,4837,0
KOSPI,log_score,autoets,har,4837,4837,0
KOSPI,log_score,autoets,lgbm,4837,4837,0
KOSPI,log_score,autoets,moirai,4837,4837,0
KOSPI,log_score,autoets,naive,4837,4837,0
KOSPI,log_score,autoets,patchtst,4837,4837,0
KOSPI,log_score,autoets,timesfm,4837,4837,0
KOSPI,log_score,chronos,autoarima,4837,4837,0
KOSPI,log_score,chronos,autoets,4837,4837,0
KOSPI,log_score,chronos,chronos,4837,4837,0
KOSPI,log_score,chronos,ewma,4837,4837,0
KOSPI,log_score,chronos,garch11,4837,4837,0
KOSPI,log_score,chronos,garch11_t,4837,4837,0
KOSPI,log_score,chronos,gjr,4837,4837,0
KOSPI,log_score,chronos,har,4837,4837,0
KOSPI,log_score,chronos,lgbm,4837,4837,0
KOSPI,log_score,chronos,moirai,4837,4837,0
KOSPI,log_score,chronos,naive,4837,4837,0
KOSPI,log_score,chronos,patchtst,4837,4837,0
KOSPI,log_score,chronos,timesfm,4837,4837,0
KOSPI,log_score,ewma,autoarima,4837,4837,0
KOSPI,log_score,ewma,autoets,4837,4837,0
KOSPI,log_score,ewma,chronos,4837,4837,0
KOSPI,log_score,ewma,ewma,4837,4837,0
KOSPI,log_score,ewma,garch11,4837,4837,0
KOSPI,log_score,ewma,garch11_t,4837,4837,0
KOSPI,log_score,ewma,gjr,4837,4837,0
KOSPI,log_score,ewma,har,4837,4837,0
KOSPI,log_score,ewma,lgbm,4837,4837,0
KOSPI,log_score,ewma,moirai,4837,4837,0
KOSPI,log_score,ewma,naive,4837,4837,0
KOSPI,log_score,ewma,patchtst,4837,4837,0
KOSPI,log_score,ewma,timesfm,4837,4837,0
KOSPI,log_score,garch11,autoarima,4837,4837,0
KOSPI,log_score,garch11,autoets,4837,4837,0
KOSPI,log_score,garch11,chronos,4837,4837,0
KOSPI,log_score,garch11,ewma,4837,4837,0
KOSPI,log_score,garch11,garch11,4837,4837,0
KOSPI,log_score,garch11,garch11_t,4837,4837,0
KOSPI,log_score,garch11,gjr,4837,4837,0
KOSPI,log_score,garch11,har,4837,4837,0
KOSPI,log_score,garch11,lgbm,4837,4837,0
KOSPI,log_score,garch11,moirai,4837,4837,0
KOSPI,log_score,garch11,naive,4837,4837,0
KOSPI,log_score,garch11,patchtst,4837,4837,0
KOSPI,log_score,garch11,timesfm,4837,4837,0
KOSPI,log_score,garch11_t,autoarima,4837,4837,0
KOSPI,log_score,garch11_t,autoets,4837,4837,0
KOSPI,log_score,garch11_t,chronos,4837,4837,0
KOSPI,log_score,garch11_t,ewma,4837,4837,0
KOSPI,log_score,garch11_t,garch11,4837,4837,0
KOSPI,log_score,garch11_t,garch11_t,4837,4837,0
KOSPI,log_score,garch11_t,gjr,4837,4837,0
KOSPI,log_score,garch11_t,har,4837,4837,0
KOSPI,log_score,garch11_t,lgbm,4837,4837,0
KOSPI,log_score,garch11_t,moirai,4837,4837,0
KOSPI,log_score,garch11_t,naive,4837,4837,0
KOSPI,log_score,garch11_t,patchtst,4837,4837,0
KOSPI,log_score,garch11_t,timesfm,4837,4837,0
KOSPI,log_score,gjr,autoarima,4837,4837,0
KOSPI,log_score,gjr,autoets,4837,4837,0
KOSPI,log_score,gjr,chronos,4837,4837,0
KOSPI,log_score,gjr,ewma,4837,4837,0
KOSPI,log_score,gjr,garch11,4837,4837,0
KOSPI,log_score,gjr,garch11_t,4837,4837,0
KOSPI,log_score,gjr,gjr,4837,4837,0
KOSPI,log_score,gjr,har,4837,4837,0
KOSPI,log_score,gjr,lgbm,4837,4837,0
KOSPI,log_score,gjr,moirai,4837,4837,0
KOSPI,log_score,gjr,naive,4837,4837,0
KOSPI,log_score,gjr,patchtst,4837,4837,0
KOSPI,log_score,gjr,timesfm,4837,4837,0
KOSPI,log_score,har,autoarima,4837,4837,0
KOSPI,log_score,har,autoets,4837,4837,0
KOSPI,log_score,har,chronos,4837,4837,0
KOSPI,log_score,har,ewma,4837,4837,0
KOSPI,log_score,har,garch11,4837,4837,0
KOSPI,log_score,har,garch11_t,4837,4837,0
KOSPI,log_score,har,gjr,4837,4837,0
KOSPI,log_score,har,har,4837,4837,0
KOSPI,log_score,har,lgbm,4837,4837,0
KOSPI,log_score,har,moirai,4837,4837,0
KOSPI,log_score,har,naive,4837,4837,0
KOSPI,log_score,har,patchtst,4837,4837,0
KOSPI,log_score,har,timesfm,4837,4837,0
KOSPI,log_score,lgbm,autoarima,4837,4837,0
KOSPI,log_score,lgbm,autoets,4837,4837,0
KOSPI,log_score,lgbm,chronos,4837,4837,0
KOSPI,log_score,lgbm,ewma,4837,4837,0
KOSPI,log_score,lgbm,garch11,4837,4837,0
KOSPI,log_score,lgbm,garch11_t,4837,4837,0
KOSPI,log_score,lgbm,gjr,4837,4837,0
KOSPI,log_score,lgbm,har,4837,4837,0
KOSPI,log_score,lgbm,lgbm,4837,4837,0
KOSPI,log_score,lgbm,moirai,4837,4837,0
KOSPI,log_score,lgbm,naive,4837,4837,0
KOSPI,log_score,lgbm,patchtst,4837,4837,0
KOSPI,log_score,lgbm,timesfm,4837,4837,0
KOSPI,log_score,moirai,autoarima,4837,4837,0
KOSPI,log_score,moirai,autoets,4837,4837,0
KOSPI,log_score,moirai,chronos,4837,4837,0
KOSPI,log_score,moirai,ewma,4837,4837,0
KOSPI,log_score,moirai,garch11,4837,4837,0
KOSPI,log_score,moirai,garch11_t,4837,4837,0
KOSPI,log_score,moirai,gjr,4837,4837,0
KOSPI,log_score,moirai,har,4837,4837,0
KOSPI,log_score,moirai,lgbm,4837,4837,0
KOSPI,log_score,moirai,moirai,4837,4837,0
KOSPI,log_score,moirai,naive,4837,4837,0
KOSPI,log_score,moirai,patchtst,4837,4837,0
KOSPI,log_score,moirai,timesfm,4837,4837,0
KOSPI,log_score,naive,autoarima,4837,4837,0
KOSPI,log_score,naive,autoets,4837,4837,0
KOSPI,log_score,naive,chronos,4837,4837,0
KOSPI,log_score,naive,ewma,4837,4837,0
KOSPI,log_score,naive,garch11,4837,4837,0
KOSPI,log_score,naive,garch11_t,4837,4837,0
KOSPI,log_score,naive,gjr,4837,4837,0
KOSPI,log_score,naive,har,4837,4837,0
KOSPI,log_score,naive,lgbm,4837,4837,0
KOSPI,log_score,naive,moirai,4837,4837,0
KOSPI,log_score,naive,naive,4837,4837,0
KOSPI,log_score,naive,patchtst,4837,4837,0
KOSPI,log_score,naive,timesfm,4837,4837,0
KOSPI,log_score,patchtst,autoarima,4837,4837,0
KOSPI,log_score,patchtst,autoets,4837,4837,0
KOSPI,log_score,patchtst,chronos,4837,4837,0
KOSPI,log_score,patchtst,ewma,4837,4837,0
KOSPI,log_score,patchtst,garch11,4837,4837,0
KOSPI,log_score,patchtst,garch11_t,4837,4837,0
KOSPI,log_score,patchtst,gjr,4837,4837,0
KOSPI,log_score,patchtst,har,4837,4837,0
KOSPI,log_score,patchtst,lgbm,4837,4837,0
KOSPI,log_score,patchtst,moirai,4837,4837,0
KOSPI,log_score,patchtst,naive,4837,4837,0
KOSPI,log_score,patchtst,patchtst,4837,4837,0
KOSPI,log_score,patchtst,timesfm,4837,4837,0
KOSPI,log_score,timesfm,autoarima,4837,4837,0
KOSPI,log_score,timesfm,autoets,4837,4837,0
KOSPI,log_score,timesfm,chronos,4837,4837,0
KOSPI,log_score,timesfm,ewma,4837,4837,0
KOSPI,log_score,timesfm,garch11,4837,4837,0
KOSPI,log_score,timesfm,garch11_t,4837,4837,0
KOSPI,log_score,timesfm,gjr,4837,4837,0
KOSPI,log_score,timesfm,har,4837,4837,0
KOSPI,log_score,timesfm,lgbm,4837,4837,0
KOSPI,log_score,timesfm,moirai,4837,4837,0
KOSPI,log_score,timesfm,naive,4837,4837,0
KOSPI,log_score,timesfm,patchtst,4837,4837,0
KOSPI,log_score,timesfm,timesfm,4837,4837,0
KOSPI,pinball_0p01,autoarima,autoarima,4837,4837,0
KOSPI,pinball_0p01,autoarima,autoets,4837,4837,0
KOSPI,pinball_0p01,autoarima,chronos,4837,4837,0
KOSPI,pinball_0p01,autoarima,ewma,4837,4837,0
KOSPI,pinball_0p01,autoarima,garch11,4837,4837,0
KOSPI,pinball_0p01,autoarima,garch11_t,4837,4837,0
KOSPI,pinball_0p01,autoarima,gjr,4837,4837,0
KOSPI,pinball_0p01,autoarima,har,4837,4837,0
KOSPI,pinball_0p01,autoarima,lgbm,4837,4837,0
KOSPI,pinball_0p01,autoarima,moirai,4837,4837,0
KOSPI,pinball_0p01,autoarima,naive,4837,4837,0
KOSPI,pinball_0p01,autoarima,patchtst,4837,4837,0
KOSPI,pinball_0p01,autoarima,timesfm,4837,4837,0
KOSPI,pinball_0p01,autoets,autoarima,4837,4837,0
KOSPI,pinball_0p01,autoets,autoets,4837,4837,0
KOSPI,pinball_0p01,autoets,chronos,4837,4837,0
KOSPI,pinball_0p01,autoets,ewma,4837,4837,0
KOSPI,pinball_0p01,autoets,garch11,4837,4837,0
KOSPI,pinball_0p01,autoets,garch11_t,4837,4837,0
KOSPI,pinball_0p01,autoets,gjr,4837,4837,0
KOSPI,pinball_0p01,autoets,har,4837,4837,0
KOSPI,pinball_0p01,autoets,lgbm,4837,4837,0
KOSPI,pinball_0p01,autoets,moirai,4837,4837,0
KOSPI,pinball_0p01,autoets,naive,4837,4837,0
KOSPI,pinball_0p01,autoets,patchtst,4837,4837,0
KOSPI,pinball_0p01,autoets,timesfm,4837,4837,0
KOSPI,pinball_0p01,chronos,autoarima,4837,4837,0
KOSPI,pinball_0p01,chronos,autoets,4837,4837,0
KOSPI,pinball_0p01,chronos,chronos,4837,4837,0
KOSPI,pinball_0p01,chronos,ewma,4837,4837,0
KOSPI,pinball_0p01,chronos,garch11,4837,4837,0
KOSPI,pinball_0p01,chronos,garch11_t,4837,4837,0
KOSPI,pinball_0p01,chronos,gjr,4837,4837,0
KOSPI,pinball_0p01,chronos,har,4837,4837,0
KOSPI,pinball_0p01,chronos,lgbm,4837,4837,0
KOSPI,pinball_0p01,chronos,moirai,4837,4837,0
KOSPI,pinball_0p01,chronos,naive,4837,4837,0
KOSPI,pinball_0p01,chronos,patchtst,4837,4837,0
KOSPI,pinball_0p01,chronos,timesfm,4837,4837,0
KOSPI,pinball_0p01,ewma,autoarima,4837,4837,0
KOSPI,pinball_0p01,ewma,autoets,4837,4837,0
KOSPI,pinball_0p01,ewma,chronos,4837,4837,0
KOSPI,pinball_0p01,ewma,ewma,4837,4837,0
KOSPI,pinball_0p01,ewma,garch11,4837,4837,0
KOSPI,pinball_0p01,ewma,garch11_t,4837,4837,0
KOSPI,pinball_0p01,ewma,gjr,4837,4837,0
KOSPI,pinball_0p01,ewma,har,4837,4837,0
KOSPI,pinball_0p01,ewma,lgbm,4837,4837,0
KOSPI,pinball_0p01,ewma,moirai,4837,4837,0
KOSPI,pinball_0p01,ewma,naive,4837,4837,0
KOSPI,pinball_0p01,ewma,patchtst,4837,4837,0
KOSPI,pinball_0p01,ewma,timesfm,4837,4837,0
KOSPI,pinball_0p01,garch11,autoarima,4837,4837,0
KOSPI,pinball_0p01,garch11,autoets,4837,4837,0
KOSPI,pinball_0p01,garch11,chronos,4837,4837,0
KOSPI,pinball_0p01,garch11,ewma,4837,4837,0
KOSPI,pinball_0p01,garch11,garch11,4837,4837,0
KOSPI,pinball_0p01,garch11,garch11_t,4837,4837,0
KOSPI,pinball_0p01,garch11,gjr,4837,4837,0
KOSPI,pinball_0p01,garch11,har,4837,4837,0
KOSPI,pinball_0p01,garch11,lgbm,4837,4837,0
KOSPI,pinball_0p01,garch11,moirai,4837,4837,0
KOSPI,pinball_0p01,garch11,naive,4837,4837,0
KOSPI,pinball_0p01,garch11,patchtst,4837,4837,0
KOSPI,pinball_0p01,garch11,timesfm,4837,4837,0
KOSPI,pinball_0p01,garch11_t,autoarima,4837,4837,0
KOSPI,pinball_0p01,garch11_t,autoets,4837,4837,0
KOSPI,pinball_0p01,garch11_t,chronos,4837,4837,0
KOSPI,pinball_0p01,garch11_t,ewma,4837,4837,0
KOSPI,pinball_0p01,garch11_t,garch11,4837,4837,0
KOSPI,pinball_0p01,garch11_t,garch11_t,4837,4837,0
KOSPI,pinball_0p01,garch11_t,gjr,4837,4837,0
KOSPI,pinball_0p01,garch11_t,har,4837,4837,0
KOSPI,pinball_0p01,garch11_t,lgbm,4837,4837,0
KOSPI,pinball_0p01,garch11_t,moirai,4837,4837,0
KOSPI,pinball_0p01,garch11_t,naive,4837,4837,0
KOSPI,pinball_0p01,garch11_t,patchtst,4837,4837,0
KOSPI,pinball_0p01,garch11_t,timesfm,4837,4837,0
KOSPI,pinball_0p01,gjr,autoarima,4837,4837,0
KOSPI,pinball_0p01,gjr,autoets,4837,4837,0
KOSPI,pinball_0p01,gjr,chronos,4837,4837,0
KOSPI,pinball_0p01,gjr,ewma,4837,4837,0
KOSPI,pinball_0p01,gjr,garch11,4837,4837,0
KOSPI,pinball_0p01,gjr,garch11_t,4837,4837,0
KOSPI,pinball_0p01,gjr,gjr,4837,4837,0
KOSPI,pinball_0p01,gjr,har,4837,4837,0
KOSPI,pinball_0p01,gjr,lgbm,4837,4837,0
KOSPI,pinball_0p01,gjr,moirai,4837,4837,0
KOSPI,pinball_0p01,gjr,naive,4837,4837,0
KOSPI,pinball_0p01,gjr,patchtst,4837,4837,0
KOSPI,pinball_0p01,gjr,timesfm,4837,4837,0
KOSPI,pinball_0p01,har,autoarima,4837,4837,0
KOSPI,pinball_0p01,har,autoets,4837,4837,0
KOSPI,pinball_0p01,har,chronos,4837,4837,0
KOSPI,pinball_0p01,har,ewma,4837,4837,0
KOSPI,pinball_0p01,har,garch11,4837,4837,0
KOSPI,pinball_0p01,har,garch11_t,4837,4837,0
KOSPI,pinball_0p01,har,gjr,4837,4837,0
KOSPI,pinball_0p01,har,har,4837,4837,0
KOSPI,pinball_0p01,har,lgbm,4837,4837,0
KOSPI,pinball_0p01,har,moirai,4837,4837,0
KOSPI,pinball_0p01,har,naive,4837,4837,0
KOSPI,pinball_0p01,har,patchtst,4837,4837,0
KOSPI,pinball_0p01,har,timesfm,4837,4837,0
KOSPI,pinball_0p01,lgbm,autoarima,4837,4837,0
KOSPI,pinball_0p01,lgbm,autoets,4837,4837,0
KOSPI,pinball_0p01,lgbm,chronos,4837,4837,0
KOSPI,pinball_0p01,lgbm,ewma,4837,4837,0
KOSPI,pinball_0p01,lgbm,garch11,4837,4837,0
KOSPI,pinball_0p01,lgbm,garch11_t,4837,4837,0
KOSPI,pinball_0p01,lgbm,gjr,4837,4837,0
KOSPI,pinball_0p01,lgbm,har,4837,4837,0
KOSPI,pinball_0p01,lgbm,lgbm,4837,4837,0
KOSPI,pinball_0p01,lgbm,moirai,4837,4837,0
KOSPI,pinball_0p01,lgbm,naive,4837,4837,0
KOSPI,pinball_0p01,lgbm,patchtst,4837,4837,0
KOSPI,pinball_0p01,lgbm,timesfm,4837,4837,0
KOSPI,pinball_0p01,moirai,autoarima,4837,4837,0
KOSPI,pinball_0p01,moirai,autoets,4837,4837,0
KOSPI,pinball_0p01,moirai,chronos,4837,4837,0
KOSPI,pinball_0p01,moirai,ewma,4837,4837,0
KOSPI,pinball_0p01,moirai,garch11,4837,4837,0
KOSPI,pinball_0p01,moirai,garch11_t,4837,4837,0
KOSPI,pinball_0p01,moirai,gjr,4837,4837,0
KOSPI,pinball_0p01,moirai,har,4837,4837,0
KOSPI,pinball_0p01,moirai,lgbm,4837,4837,0
KOSPI,pinball_0p01,moirai,moirai,4837,4837,0
KOSPI,pinball_0p01,moirai,naive,4837,4837,0
KOSPI,pinball_0p01,moirai,patchtst,4837,4837,0
KOSPI,pinball_0p01,moirai,timesfm,4837,4837,0
KOSPI,pinball_0p01,naive,autoarima,4837,4837,0
KOSPI,pinball_0p01,naive,autoets,4837,4837,0
KOSPI,pinball_0p01,naive,chronos,4837,4837,0
KOSPI,pinball_0p01,naive,ewma,4837,4837,0
KOSPI,pinball_0p01,naive,garch11,4837,4837,0
KOSPI,pinball_0p01,naive,garch11_t,4837,4837,0
KOSPI,pinball_0p01,naive,gjr,4837,4837,0
KOSPI,pinball_0p01,naive,har,4837,4837,0
KOSPI,pinball_0p01,naive,lgbm,4837,4837,0
KOSPI,pinball_0p01,naive,moirai,4837,4837,0
KOSPI,pinball_0p01,naive,naive,4837,4837,0
KOSPI,pinball_0p01,naive,patchtst,4837,4837,0
KOSPI,pinball_0p01,naive,timesfm,4837,4837,0
KOSPI,pinball_0p01,patchtst,autoarima,4837,4837,0
KOSPI,pinball_0p01,patchtst,autoets,4837,4837,0
KOSPI,pinball_0p01,patchtst,chronos,4837,4837,0
KOSPI,pinball_0p01,patchtst,ewma,4837,4837,0
KOSPI,pinball_0p01,patchtst,garch11,4837,4837,0
KOSPI,pinball_0p01,patchtst,garch11_t,4837,4837,0
KOSPI,pinball_0p01,patchtst,gjr,4837,4837,0
KOSPI,pinball_0p01,patchtst,har,4837,4837,0
KOSPI,pinball_0p01,patchtst,lgbm,4837,4837,0
KOSPI,pinball_0p01,patchtst,moirai,4837,4837,0
KOSPI,pinball_0p01,patchtst,naive,4837,4837,0
KOSPI,pinball_0p01,patchtst,patchtst,4837,4837,0
KOSPI,pinball_0p01,patchtst,timesfm,4837,4837,0
KOSPI,pinball_0p01,timesfm,autoarima,4837,4837,0
KOSPI,pinball_0p01,timesfm,autoets,4837,4837,0
KOSPI,pinball_0p01,timesfm,chronos,4837,4837,0
KOSPI,pinball_0p01,timesfm,ewma,4837,4837,0
KOSPI,pinball_0p01,timesfm,garch11,4837,4837,0
KOSPI,pinball_0p01,timesfm,garch11_t,4837,4837,0
KOSPI,pinball_0p01,timesfm,gjr,4837,4837,0
KOSPI,pinball_0p01,timesfm,har,4837,4837,0
KOSPI,pinball_0p01,timesfm,lgbm,4837,4837,0
KOSPI,pinball_0p01,timesfm,moirai,4837,4837,0
KOSPI,pinball_0p01,timesfm,naive,4837,4837,0
KOSPI,pinball_0p01,timesfm,patchtst,4837,4837,0
KOSPI,pinball_0p01,timesfm,timesfm,4837,4837,0
KOSPI,pinball_0p025,autoarima,autoarima,4837,4837,0
KOSPI,pinball_0p025,autoarima,autoets,4837,4837,0
KOSPI,pinball_0p025,autoarima,chronos,4837,4837,0
KOSPI,pinball_0p025,autoarima,ewma,4837,4837,0
KOSPI,pinball_0p025,autoarima,garch11,4837,4837,0
KOSPI,pinball_0p025,autoarima,garch11_t,4837,4837,0
KOSPI,pinball_0p025,autoarima,gjr,4837,4837,0
KOSPI,pinball_0p025,autoarima,har,4837,4837,0
KOSPI,pinball_0p025,autoarima,lgbm,4837,4837,0
KOSPI,pinball_0p025,autoarima,moirai,4837,4837,0
KOSPI,pinball_0p025,autoarima,naive,4837,4837,0
KOSPI,pinball_0p025,autoarima,patchtst,4837,4837,0
KOSPI,pinball_0p025,autoarima,timesfm,4837,4837,0
KOSPI,pinball_0p025,autoets,autoarima,4837,4837,0
KOSPI,pinball_0p025,autoets,autoets,4837,4837,0
KOSPI,pinball_0p025,autoets,chronos,4837,4837,0
KOSPI,pinball_0p025,autoets,ewma,4837,4837,0
KOSPI,pinball_0p025,autoets,garch11,4837,4837,0
KOSPI,pinball_0p025,autoets,garch11_t,4837,4837,0
KOSPI,pinball_0p025,autoets,gjr,4837,4837,0
KOSPI,pinball_0p025,autoets,har,4837,4837,0
KOSPI,pinball_0p025,autoets,lgbm,4837,4837,0
KOSPI,pinball_0p025,autoets,moirai,4837,4837,0
KOSPI,pinball_0p025,autoets,naive,4837,4837,0
KOSPI,pinball_0p025,autoets,patchtst,4837,4837,0
KOSPI,pinball_0p025,autoets,timesfm,4837,4837,0
KOSPI,pinball_0p025,chronos,autoarima,4837,4837,0
KOSPI,pinball_0p025,chronos,autoets,4837,4837,0
KOSPI,pinball_0p025,chronos,chronos,4837,4837,0
KOSPI,pinball_0p025,chronos,ewma,4837,4837,0
KOSPI,pinball_0p025,chronos,garch11,4837,4837,0
KOSPI,pinball_0p025,chronos,garch11_t,4837,4837,0
KOSPI,pinball_0p025,chronos,gjr,4837,4837,0
KOSPI,pinball_0p025,chronos,har,4837,4837,0
KOSPI,pinball_0p025,chronos,lgbm,4837,4837,0
KOSPI,pinball_0p025,chronos,moirai,4837,4837,0
KOSPI,pinball_0p025,chronos,naive,4837,4837,0
KOSPI,pinball_0p025,chronos,patchtst,4837,4837,0
KOSPI,pinball_0p025,chronos,timesfm,4837,4837,0
KOSPI,pinball_0p025,ewma,autoarima,4837,4837,0
KOSPI,pinball_0p025,ewma,autoets,4837,4837,0
KOSPI,pinball_0p025,ewma,chronos,4837,4837,0
KOSPI,pinball_0p025,ewma,ewma,4837,4837,0
KOSPI,pinball_0p025,ewma,garch11,4837,4837,0
KOSPI,pinball_0p025,ewma,garch11_t,4837,4837,0
KOSPI,pinball_0p025,ewma,gjr,4837,4837,0
KOSPI,pinball_0p025,ewma,har,4837,4837,0
KOSPI,pinball_0p025,ewma,lgbm,4837,4837,0
KOSPI,pinball_0p025,ewma,moirai,4837,4837,0
KOSPI,pinball_0p025,ewma,naive,4837,4837,0
KOSPI,pinball_0p025,ewma,patchtst,4837,4837,0
KOSPI,pinball_0p025,ewma,timesfm,4837,4837,0
KOSPI,pinball_0p025,garch11,autoarima,4837,4837,0
KOSPI,pinball_0p025,garch11,autoets,4837,4837,0
KOSPI,pinball_0p025,garch11,chronos,4837,4837,0
KOSPI,pinball_0p025,garch11,ewma,4837,4837,0
KOSPI,pinball_0p025,garch11,garch11,4837,4837,0
KOSPI,pinball_0p025,garch11,garch11_t,4837,4837,0
KOSPI,pinball_0p025,garch11,gjr,4837,4837,0
KOSPI,pinball_0p025,garch11,har,4837,4837,0
KOSPI,pinball_0p025,garch11,lgbm,4837,4837,0
KOSPI,pinball_0p025,garch11,moirai,4837,4837,0
KOSPI,pinball_0p025,garch11,naive,4837,4837,0
KOSPI,pinball_0p025,garch11,patchtst,4837,4837,0
KOSPI,pinball_0p025,garch11,timesfm,4837,4837,0
KOSPI,pinball_0p025,garch11_t,autoarima,4837,4837,0
KOSPI,pinball_0p025,garch11_t,autoets,4837,4837,0
KOSPI,pinball_0p025,garch11_t,chronos,4837,4837,0
KOSPI,pinball_0p025,garch11_t,ewma,4837,4837,0
KOSPI,pinball_0p025,garch11_t,garch11,4837,4837,0
KOSPI,pinball_0p025,garch11_t,garch11_t,4837,4837,0
KOSPI,pinball_0p025,garch11_t,gjr,4837,4837,0
KOSPI,pinball_0p025,garch11_t,har,4837,4837,0
KOSPI,pinball_0p025,garch11_t,lgbm,4837,4837,0
KOSPI,pinball_0p025,garch11_t,moirai,4837,4837,0
KOSPI,pinball_0p025,garch11_t,naive,4837,4837,0
KOSPI,pinball_0p025,garch11_t,patchtst,4837,4837,0
KOSPI,pinball_0p025,garch11_t,timesfm,4837,4837,0
KOSPI,pinball_0p025,gjr,autoarima,4837,4837,0
KOSPI,pinball_0p025,gjr,autoets,4837,4837,0
KOSPI,pinball_0p025,gjr,chronos,4837,4837,0
KOSPI,pinball_0p025,gjr,ewma,4837,4837,0
KOSPI,pinball_0p025,gjr,garch11,4837,4837,0
KOSPI,pinball_0p025,gjr,garch11_t,4837,4837,0
KOSPI,pinball_0p025,gjr,gjr,4837,4837,0
KOSPI,pinball_0p025,gjr,har,4837,4837,0
KOSPI,pinball_0p025,gjr,lgbm,4837,4837,0
KOSPI,pinball_0p025,gjr,moirai,4837,4837,0
KOSPI,pinball_0p025,gjr,naive,4837,4837,0
KOSPI,pinball_0p025,gjr,patchtst,4837,4837,0
KOSPI,pinball_0p025,gjr,timesfm,4837,4837,0
KOSPI,pinball_0p025,har,autoarima,4837,4837,0
KOSPI,pinball_0p025,har,autoets,4837,4837,0
KOSPI,pinball_0p025,har,chronos,4837,4837,0
KOSPI,pinball_0p025,har,ewma,4837,4837,0
KOSPI,pinball_0p025,har,garch11,4837,4837,0
KOSPI,pinball_0p025,har,garch11_t,4837,4837,0
KOSPI,pinball_0p025,har,gjr,4837,4837,0
KOSPI,pinball_0p025,har,har,4837,4837,0
KOSPI,pinball_0p025,har,lgbm,4837,4837,0
KOSPI,pinball_0p025,har,moirai,4837,4837,0
KOSPI,pinball_0p025,har,naive,4837,4837,0
KOSPI,pinball_0p025,har,patchtst,4837,4837,0
KOSPI,pinball_0p025,har,timesfm,4837,4837,0
KOSPI,pinball_0p025,lgbm,autoarima,4837,4837,0
KOSPI,pinball_0p025,lgbm,autoets,4837,4837,0
KOSPI,pinball_0p025,lgbm,chronos,4837,4837,0
KOSPI,pinball_0p025,lgbm,ewma,4837,4837,0
KOSPI,pinball_0p025,lgbm,garch11,4837,4837,0
KOSPI,pinball_0p025,lgbm,garch11_t,4837,4837,0
KOSPI,pinball_0p025,lgbm,gjr,4837,4837,0
KOSPI,pinball_0p025,lgbm,har,4837,4837,0
KOSPI,pinball_0p025,lgbm,lgbm,4837,4837,0
KOSPI,pinball_0p025,lgbm,moirai,4837,4837,0
KOSPI,pinball_0p025,lgbm,naive,4837,4837,0
KOSPI,pinball_0p025,lgbm,patchtst,4837,4837,0
KOSPI,pinball_0p025,lgbm,timesfm,4837,4837,0
KOSPI,pinball_0p025,moirai,autoarima,4837,4837,0
KOSPI,pinball_0p025,moirai,autoets,4837,4837,0
KOSPI,pinball_0p025,moirai,chronos,4837,4837,0
KOSPI,pinball_0p025,moirai,ewma,4837,4837,0
KOSPI,pinball_0p025,moirai,garch11,4837,4837,0
KOSPI,pinball_0p025,moirai,garch11_t,4837,4837,0
KOSPI,pinball_0p025,moirai,gjr,4837,4837,0
KOSPI,pinball_0p025,moirai,har,4837,4837,0
KOSPI,pinball_0p025,moirai,lgbm,4837,4837,0
KOSPI,pinball_0p025,moirai,moirai,4837,4837,0
KOSPI,pinball_0p025,moirai,naive,4837,4837,0
KOSPI,pinball_0p025,moirai,patchtst,4837,4837,0
KOSPI,pinball_0p025,moirai,timesfm,4837,4837,0
KOSPI,pinball_0p025,naive,autoarima,4837,4837,0
KOSPI,pinball_0p025,naive,autoets,4837,4837,0
KOSPI,pinball_0p025,naive,chronos,4837,4837,0
KOSPI,pinball_0p025,naive,ewma,4837,4837,0
KOSPI,pinball_0p025,naive,garch11,4837,4837,0
KOSPI,pinball_0p025,naive,garch11_t,4837,4837,0
KOSPI,pinball_0p025,naive,gjr,4837,4837,0
KOSPI,pinball_0p025,naive,har,4837,4837,0
KOSPI,pinball_0p025,naive,lgbm,4837,4837,0
KOSPI,pinball_0p025,naive,moirai,4837,4837,0
KOSPI,pinball_0p025,naive,naive,4837,4837,0
KOSPI,pinball_0p025,naive,patchtst,4837,4837,0
KOSPI,pinball_0p025,naive,timesfm,4837,4837,0
KOSPI,pinball_0p025,patchtst,autoarima,4837,4837,0
KOSPI,pinball_0p025,patchtst,autoets,4837,4837,0
KOSPI,pinball_0p025,patchtst,chronos,4837,4837,0
KOSPI,pinball_0p025,patchtst,ewma,4837,4837,0
KOSPI,pinball_0p025,patchtst,garch11,4837,4837,0
KOSPI,pinball_0p025,patchtst,garch11_t,4837,4837,0
KOSPI,pinball_0p025,patchtst,gjr,4837,4837,0
KOSPI,pinball_0p025,patchtst,har,4837,4837,0
KOSPI,pinball_0p025,patchtst,lgbm,4837,4837,0
KOSPI,pinball_0p025,patchtst,moirai,4837,4837,0
KOSPI,pinball_0p025,patchtst,naive,4837,4837,0
KOSPI,pinball_0p025,patchtst,patchtst,4837,4837,0
KOSPI,pinball_0p025,patchtst,timesfm,4837,4837,0
KOSPI,pinball_0p025,timesfm,autoarima,4837,4837,0
KOSPI,pinball_0p025,timesfm,autoets,4837,4837,0
KOSPI,pinball_0p025,timesfm,chronos,4837,4837,0
KOSPI,pinball_0p025,timesfm,ewma,4837,4837,0
KOSPI,pinball_0p025,timesfm,garch11,4837,4837,0
KOSPI,pinball_0p025,timesfm,garch11_t,4837,4837,0
KOSPI,pinball_0p025,timesfm,gjr,4837,4837,0
KOSPI,pinball_0p025,timesfm,har,4837,4837,0
KOSPI,pinball_0p025,timesfm,lgbm,4837,4837,0
KOSPI,pinball_0p025,timesfm,moirai,4837,4837,0
KOSPI,pinball_0p025,timesfm,naive,4837,4837,0
KOSPI,pinball_0p025,timesfm,patchtst,4837,4837,0
KOSPI,pinball_0p025,timesfm,timesfm,4837,4837,0
KOSPI,pinball_0p05,autoarima,autoarima,4837,4837,0
KOSPI,pinball_0p05,autoarima,autoets,4837,4837,0
KOSPI,pinball_0p05,autoarima,chronos,4837,4837,0
KOSPI,pinball_0p05,autoarima,ewma,4837,4837,0
KOSPI,pinball_0p05,autoarima,garch11,4837,4837,0
KOSPI,pinball_0p05,autoarima,garch11_t,4837,4837,0
KOSPI,pinball_0p05,autoarima,gjr,4837,4837,0
KOSPI,pinball_0p05,autoarima,har,4837,4837,0
KOSPI,pinball_0p05,autoarima,lgbm,4837,4837,0
KOSPI,pinball_0p05,autoarima,moirai,4837,4837,0
KOSPI,pinball_0p05,autoarima,naive,4837,4837,0
KOSPI,pinball_0p05,autoarima,patchtst,4837,4837,0
KOSPI,pinball_0p05,autoarima,timesfm,4837,4837,0
KOSPI,pinball_0p05,autoets,autoarima,4837,4837,0
KOSPI,pinball_0p05,autoets,autoets,4837,4837,0
KOSPI,pinball_0p05,autoets,chronos,4837,4837,0
KOSPI,pinball_0p05,autoets,ewma,4837,4837,0
KOSPI,pinball_0p05,autoets,garch11,4837,4837,0
KOSPI,pinball_0p05,autoets,garch11_t,4837,4837,0
KOSPI,pinball_0p05,autoets,gjr,4837,4837,0
KOSPI,pinball_0p05,autoets,har,4837,4837,0
KOSPI,pinball_0p05,autoets,lgbm,4837,4837,0
KOSPI,pinball_0p05,autoets,moirai,4837,4837,0
KOSPI,pinball_0p05,autoets,naive,4837,4837,0
KOSPI,pinball_0p05,autoets,patchtst,4837,4837,0
KOSPI,pinball_0p05,autoets,timesfm,4837,4837,0
KOSPI,pinball_0p05,chronos,autoarima,4837,4837,0
KOSPI,pinball_0p05,chronos,autoets,4837,4837,0
KOSPI,pinball_0p05,chronos,chronos,4837,4837,0
KOSPI,pinball_0p05,chronos,ewma,4837,4837,0
KOSPI,pinball_0p05,chronos,garch11,4837,4837,0
KOSPI,pinball_0p05,chronos,garch11_t,4837,4837,0
KOSPI,pinball_0p05,chronos,gjr,4837,4837,0
KOSPI,pinball_0p05,chronos,har,4837,4837,0
KOSPI,pinball_0p05,chronos,lgbm,4837,4837,0
KOSPI,pinball_0p05,chronos,moirai,4837,4837,0
KOSPI,pinball_0p05,chronos,naive,4837,4837,0
KOSPI,pinball_0p05,chronos,patchtst,4837,4837,0
KOSPI,pinball_0p05,chronos,timesfm,4837,4837,0
KOSPI,pinball_0p05,ewma,autoarima,4837,4837,0
KOSPI,pinball_0p05,ewma,autoets,4837,4837,0
KOSPI,pinball_0p05,ewma,chronos,4837,4837,0
KOSPI,pinball_0p05,ewma,ewma,4837,4837,0
KOSPI,pinball_0p05,ewma,garch11,4837,4837,0
KOSPI,pinball_0p05,ewma,garch11_t,4837,4837,0
KOSPI,pinball_0p05,ewma,gjr,4837,4837,0
KOSPI,pinball_0p05,ewma,har,4837,4837,0
KOSPI,pinball_0p05,ewma,lgbm,4837,4837,0
KOSPI,pinball_0p05,ewma,moirai,4837,4837,0
KOSPI,pinball_0p05,ewma,naive,4837,4837,0
KOSPI,pinball_0p05,ewma,patchtst,4837,4837,0
KOSPI,pinball_0p05,ewma,timesfm,4837,4837,0
KOSPI,pinball_0p05,garch11,autoarima,4837,4837,0
KOSPI,pinball_0p05,garch11,autoets,4837,4837,0
KOSPI,pinball_0p05,garch11,chronos,4837,4837,0
KOSPI,pinball_0p05,garch11,ewma,4837,4837,0
KOSPI,pinball_0p05,garch11,garch11,4837,4837,0
KOSPI,pinball_0p05,garch11,garch11_t,4837,4837,0
KOSPI,pinball_0p05,garch11,gjr,4837,4837,0
KOSPI,pinball_0p05,garch11,har,4837,4837,0
KOSPI,pinball_0p05,garch11,lgbm,4837,4837,0
KOSPI,pinball_0p05,garch11,moirai,4837,4837,0
KOSPI,pinball_0p05,garch11,naive,4837,4837,0
KOSPI,pinball_0p05,garch11,patchtst,4837,4837,0
KOSPI,pinball_0p05,garch11,timesfm,4837,4837,0
KOSPI,pinball_0p05,garch11_t,autoarima,4837,4837,0
KOSPI,pinball_0p05,garch11_t,autoets,4837,4837,0
KOSPI,pinball_0p05,garch11_t,chronos,4837,4837,0
KOSPI,pinball_0p05,garch11_t,ewma,4837,4837,0
KOSPI,pinball_0p05,garch11_t,garch11,4837,4837,0
KOSPI,pinball_0p05,garch11_t,garch11_t,4837,4837,0
KOSPI,pinball_0p05,garch11_t,gjr,4837,4837,0
KOSPI,pinball_0p05,garch11_t,har,4837,4837,0
KOSPI,pinball_0p05,garch11_t,lgbm,4837,4837,0
KOSPI,pinball_0p05,garch11_t,moirai,4837,4837,0
KOSPI,pinball_0p05,garch11_t,naive,4837,4837,0
KOSPI,pinball_0p05,garch11_t,patchtst,4837,4837,0
KOSPI,pinball_0p05,garch11_t,timesfm,4837,4837,0
KOSPI,pinball_0p05,gjr,autoarima,4837,4837,0
KOSPI,pinball_0p05,gjr,autoets,4837,4837,0
KOSPI,pinball_0p05,gjr,chronos,4837,4837,0
KOSPI,pinball_0p05,gjr,ewma,4837,4837,0
KOSPI,pinball_0p05,gjr,garch11,4837,4837,0
KOSPI,pinball_0p05,gjr,garch11_t,4837,4837,0
KOSPI,pinball_0p05,gjr,gjr,4837,4837,0
KOSPI,pinball_0p05,gjr,har,4837,4837,0
KOSPI,pinball_0p05,gjr,lgbm,4837,4837,0
KOSPI,pinball_0p05,gjr,moirai,4837,4837,0
KOSPI,pinball_0p05,gjr,naive,4837,4837,0
KOSPI,pinball_0p05,gjr,patchtst,4837,4837,0
KOSPI,pinball_0p05,gjr,timesfm,4837,4837,0
KOSPI,pinball_0p05,har,autoarima,4837,4837,0
KOSPI,pinball_0p05,har,autoets,4837,4837,0
KOSPI,pinball_0p05,har,chronos,4837,4837,0
KOSPI,pinball_0p05,har,ewma,4837,4837,0
KOSPI,pinball_0p05,har,garch11,4837,4837,0
KOSPI,pinball_0p05,har,garch11_t,4837,4837,0
KOSPI,pinball_0p05,har,gjr,4837,4837,0
KOSPI,pinball_0p05,har,har,4837,4837,0
KOSPI,pinball_0p05,har,lgbm,4837,4837,0
KOSPI,pinball_0p05,har,moirai,4837,4837,0
KOSPI,pinball_0p05,har,naive,4837,4837,0
KOSPI,pinball_0p05,har,patchtst,4837,4837,0
KOSPI,pinball_0p05,har,timesfm,4837,4837,0
KOSPI,pinball_0p05,lgbm,autoarima,4837,4837,0
KOSPI,pinball_0p05,lgbm,autoets,4837,4837,0
KOSPI,pinball_0p05,lgbm,chronos,4837,4837,0
KOSPI,pinball_0p05,lgbm,ewma,4837,4837,0
KOSPI,pinball_0p05,lgbm,garch11,4837,4837,0
KOSPI,pinball_0p05,lgbm,garch11_t,4837,4837,0
KOSPI,pinball_0p05,lgbm,gjr,4837,4837,0
KOSPI,pinball_0p05,lgbm,har,4837,4837,0
KOSPI,pinball_0p05,lgbm,lgbm,4837,4837,0
KOSPI,pinball_0p05,lgbm,moirai,4837,4837,0
KOSPI,pinball_0p05,lgbm,naive,4837,4837,0
KOSPI,pinball_0p05,lgbm,patchtst,4837,4837,0
KOSPI,pinball_0p05,lgbm,timesfm,4837,4837,0
KOSPI,pinball_0p05,moirai,autoarima,4837,4837,0
KOSPI,pinball_0p05,moirai,autoets,4837,4837,0
KOSPI,pinball_0p05,moirai,chronos,4837,4837,0
KOSPI,pinball_0p05,moirai,ewma,4837,4837,0
KOSPI,pinball_0p05,moirai,garch11,4837,4837,0
KOSPI,pinball_0p05,moirai,garch11_t,4837,4837,0
KOSPI,pinball_0p05,moirai,gjr,4837,4837,0
KOSPI,pinball_0p05,moirai,har,4837,4837,0
KOSPI,pinball_0p05,moirai,lgbm,4837,4837,0
KOSPI,pinball_0p05,moirai,moirai,4837,4837,0
KOSPI,pinball_0p05,moirai,naive,4837,4837,0
KOSPI,pinball_0p05,moirai,patchtst,4837,4837,0
KOSPI,pinball_0p05,moirai,timesfm,4837,4837,0
KOSPI,pinball_0p05,naive,autoarima,4837,4837,0
KOSPI,pinball_0p05,naive,autoets,4837,4837,0
KOSPI,pinball_0p05,naive,chronos,4837,4837,0
KOSPI,pinball_0p05,naive,ewma,4837,4837,0
KOSPI,pinball_0p05,naive,garch11,4837,4837,0
KOSPI,pinball_0p05,naive,garch11_t,4837,4837,0
KOSPI,pinball_0p05,naive,gjr,4837,4837,0
KOSPI,pinball_0p05,naive,har,4837,4837,0
KOSPI,pinball_0p05,naive,lgbm,4837,4837,0
KOSPI,pinball_0p05,naive,moirai,4837,4837,0
KOSPI,pinball_0p05,naive,naive,4837,4837,0
KOSPI,pinball_0p05,naive,patchtst,4837,4837,0
KOSPI,pinball_0p05,naive,timesfm,4837,4837,0
KOSPI,pinball_0p05,patchtst,autoarima,4837,4837,0
KOSPI,pinball_0p05,patchtst,autoets,4837,4837,0
KOSPI,pinball_0p05,patchtst,chronos,4837,4837,0
KOSPI,pinball_0p05,patchtst,ewma,4837,4837,0
KOSPI,pinball_0p05,patchtst,garch11,4837,4837,0
KOSPI,pinball_0p05,patchtst,garch11_t,4837,4837,0
KOSPI,pinball_0p05,patchtst,gjr,4837,4837,0
KOSPI,pinball_0p05,patchtst,har,4837,4837,0
KOSPI,pinball_0p05,patchtst,lgbm,4837,4837,0
KOSPI,pinball_0p05,patchtst,moirai,4837,4837,0
KOSPI,pinball_0p05,patchtst,naive,4837,4837,0
KOSPI,pinball_0p05,patchtst,patchtst,4837,4837,0
KOSPI,pinball_0p05,patchtst,timesfm,4837,4837,0
KOSPI,pinball_0p05,timesfm,autoarima,4837,4837,0
KOSPI,pinball_0p05,timesfm,autoets,4837,4837,0
KOSPI,pinball_0p05,timesfm,chronos,4837,4837,0
KOSPI,pinball_0p05,timesfm,ewma,4837,4837,0
KOSPI,pinball_0p05,timesfm,garch11,4837,4837,0
KOSPI,pinball_0p05,timesfm,garch11_t,4837,4837,0
KOSPI,pinball_0p05,timesfm,gjr,4837,4837,0
KOSPI,pinball_0p05,timesfm,har,4837,4837,0
KOSPI,pinball_0p05,timesfm,lgbm,4837,4837,0
KOSPI,pinball_0p05,timesfm,moirai,4837,4837,0
KOSPI,pinball_0p05,timesfm,naive,4837,4837,0
KOSPI,pinball_0p05,timesfm,patchtst,4837,4837,0
KOSPI,pinball_0p05,timesfm,timesfm,4837,4837,0
KOSPI,pinball_avg,autoarima,autoarima,4837,4837,0
KOSPI,pinball_avg,autoarima,autoets,4837,4837,0
KOSPI,pinball_avg,autoarima,chronos,4837,4837,0
KOSPI,pinball_avg,autoarima,ewma,4837,4837,0
KOSPI,pinball_avg,autoarima,garch11,4837,4837,0
KOSPI,pinball_avg,autoarima,garch11_t,4837,4837,0
KOSPI,pinball_avg,autoarima,gjr,4837,4837,0
KOSPI,pinball_avg,autoarima,har,4837,4837,0
KOSPI,pinball_avg,autoarima,lgbm,4837,4837,0
KOSPI,pinball_avg,autoarima,moirai,4837,4837,0
KOSPI,pinball_avg,autoarima,naive,4837,4837,0
KOSPI,pinball_avg,autoarima,patchtst,4837,4837,0
KOSPI,pinball_avg,autoarima,timesfm,4837,4837,0
KOSPI,pinball_avg,autoets,autoarima,4837,4837,0
KOSPI,pinball_avg,autoets,autoets,4837,4837,0
KOSPI,pinball_avg,autoets,chronos,4837,4837,0
KOSPI,pinball_avg,autoets,ewma,4837,4837,0
KOSPI,pinball_avg,autoets,garch11,4837,4837,0
KOSPI,pinball_avg,autoets,garch11_t,4837,4837,0
KOSPI,pinball_avg,autoets,gjr,4837,4837,0
KOSPI,pinball_avg,autoets,har,4837,4837,0
KOSPI,pinball_avg,autoets,lgbm,4837,4837,0
KOSPI,pinball_avg,autoets,moirai,4837,4837,0
KOSPI,pinball_avg,autoets,naive,4837,4837,0
KOSPI,pinball_avg,autoets,patchtst,4837,4837,0
KOSPI,pinball_avg,autoets,timesfm,4837,4837,0
KOSPI,pinball_avg,chronos,autoarima,4837,4837,0
KOSPI,pinball_avg,chronos,autoets,4837,4837,0
KOSPI,pinball_avg,chronos,chronos,4837,4837,0
KOSPI,pinball_avg,chronos,ewma,4837,4837,0
KOSPI,pinball_avg,chronos,garch11,4837,4837,0
KOSPI,pinball_avg,chronos,garch11_t,4837,4837,0
KOSPI,pinball_avg,chronos,gjr,4837,4837,0
KOSPI,pinball_avg,chronos,har,4837,4837,0
KOSPI,pinball_avg,chronos,lgbm,4837,4837,0
KOSPI,pinball_avg,chronos,moirai,4837,4837,0
KOSPI,pinball_avg,chronos,naive,4837,4837,0
KOSPI,pinball_avg,chronos,patchtst,4837,4837,0
KOSPI,pinball_avg,chronos,timesfm,4837,4837,0
KOSPI,pinball_avg,ewma,autoarima,4837,4837,0
KOSPI,pinball_avg,ewma,autoets,4837,4837,0
KOSPI,pinball_avg,ewma,chronos,4837,4837,0
KOSPI,pinball_avg,ewma,ewma,4837,4837,0
KOSPI,pinball_avg,ewma,garch11,4837,4837,0
KOSPI,pinball_avg,ewma,garch11_t,4837,4837,0
KOSPI,pinball_avg,ewma,gjr,4837,4837,0
KOSPI,pinball_avg,ewma,har,4837,4837,0
KOSPI,pinball_avg,ewma,lgbm,4837,4837,0
KOSPI,pinball_avg,ewma,moirai,4837,4837,0
KOSPI,pinball_avg,ewma,naive,4837,4837,0
KOSPI,pinball_avg,ewma,patchtst,4837,4837,0
KOSPI,pinball_avg,ewma,timesfm,4837,4837,0
KOSPI,pinball_avg,garch11,autoarima,4837,4837,0
KOSPI,pinball_avg,garch11,autoets,4837,4837,0
KOSPI,pinball_avg,garch11,chronos,4837,4837,0
KOSPI,pinball_avg,garch11,ewma,4837,4837,0
KOSPI,pinball_avg,garch11,garch11,4837,4837,0
KOSPI,pinball_avg,garch11,garch11_t,4837,4837,0
KOSPI,pinball_avg,garch11,gjr,4837,4837,0
KOSPI,pinball_avg,garch11,har,4837,4837,0
KOSPI,pinball_avg,garch11,lgbm,4837,4837,0
KOSPI,pinball_avg,garch11,moirai,4837,4837,0
KOSPI,pinball_avg,garch11,naive,4837,4837,0
KOSPI,pinball_avg,garch11,patchtst,4837,4837,0
KOSPI,pinball_avg,garch11,timesfm,4837,4837,0
KOSPI,pinball_avg,garch11_t,autoarima,4837,4837,0
KOSPI,pinball_avg,garch11_t,autoets,4837,4837,0
KOSPI,pinball_avg,garch11_t,chronos,4837,4837,0
KOSPI,pinball_avg,garch11_t,ewma,4837,4837,0
KOSPI,pinball_avg,garch11_t,garch11,4837,4837,0
KOSPI,pinball_avg,garch11_t,garch11_t,4837,4837,0
KOSPI,pinball_avg,garch11_t,gjr,4837,4837,0
KOSPI,pinball_avg,garch11_t,har,4837,4837,0
KOSPI,pinball_avg,garch11_t,lgbm,4837,4837,0
KOSPI,pinball_avg,garch11_t,moirai,4837,4837,0
KOSPI,pinball_avg,garch11_t,naive,4837,4837,0
KOSPI,pinball_avg,garch11_t,patchtst,4837,4837,0
KOSPI,pinball_avg,garch11_t,timesfm,4837,4837,0
KOSPI,pinball_avg,gjr,autoarima,4837,4837,0
KOSPI,pinball_avg,gjr,autoets,4837,4837,0
KOSPI,pinball_avg,gjr,chronos,4837,4837,0
KOSPI,pinball_avg,gjr,ewma,4837,4837,0
KOSPI,pinball_avg,gjr,garch11,4837,4837,0
KOSPI,pinball_avg,gjr,garch11_t,4837,4837,0
KOSPI,pinball_avg,gjr,gjr,4837,4837,0
KOSPI,pinball_avg,gjr,har,4837,4837,0
KOSPI,pinball_avg,gjr,lgbm,4837,4837,0
KOSPI,pinball_avg,gjr,moirai,4837,4837,0
KOSPI,pinball_avg,gjr,naive,4837,4837,0
KOSPI,pinball_avg,gjr,patchtst,4837,4837,0
KOSPI,pinball_avg,gjr,timesfm,4837,4837,0
KOSPI,pinball_avg,har,autoarima,4837,4837,0
KOSPI,pinball_avg,har,autoets,4837,4837,0
KOSPI,pinball_avg,har,chronos,4837,4837,0
KOSPI,pinball_avg,har,ewma,4837,4837,0
KOSPI,pinball_avg,har,garch11,4837,4837,0
KOSPI,pinball_avg,har,garch11_t,4837,4837,0
KOSPI,pinball_avg,har,gjr,4837,4837,0
KOSPI,pinball_avg,har,har,4837,4837,0
KOSPI,pinball_avg,har,lgbm,4837,4837,0
KOSPI,pinball_avg,har,moirai,4837,4837,0
KOSPI,pinball_avg,har,naive,4837,4837,0
KOSPI,pinball_avg,har,patchtst,4837,4837,0
KOSPI,pinball_avg,har,timesfm,4837,4837,0
KOSPI,pinball_avg,lgbm,autoarima,4837,4837,0
KOSPI,pinball_avg,lgbm,autoets,4837,4837,0
KOSPI,pinball_avg,lgbm,chronos,4837,4837,0
KOSPI,pinball_avg,lgbm,ewma,4837,4837,0
KOSPI,pinball_avg,lgbm,garch11,4837,4837,0
KOSPI,pinball_avg,lgbm,garch11_t,4837,4837,0
KOSPI,pinball_avg,lgbm,gjr,4837,4837,0
KOSPI,pinball_avg,lgbm,har,4837,4837,0
KOSPI,pinball_avg,lgbm,lgbm,4837,4837,0
KOSPI,pinball_avg,lgbm,moirai,4837,4837,0
KOSPI,pinball_avg,lgbm,naive,4837,4837,0
KOSPI,pinball_avg,lgbm,patchtst,4837,4837,0
KOSPI,pinball_avg,lgbm,timesfm,4837,4837,0
KOSPI,pinball_avg,moirai,autoarima,4837,4837,0
KOSPI,pinball_avg,moirai,autoets,4837,4837,0
KOSPI,pinball_avg,moirai,chronos,4837,4837,0
KOSPI,pinball_avg,moirai,ewma,4837,4837,0
KOSPI,pinball_avg,moirai,garch11,4837,4837,0
KOSPI,pinball_avg,moirai,garch11_t,4837,4837,0
KOSPI,pinball_avg,moirai,gjr,4837,4837,0
KOSPI,pinball_avg,moirai,har,4837,4837,0
KOSPI,pinball_avg,moirai,lgbm,4837,4837,0
KOSPI,pinball_avg,moirai,moirai,4837,4837,0
KOSPI,pinball_avg,moirai,naive,4837,4837,0
KOSPI,pinball_avg,moirai,patchtst,4837,4837,0
KOSPI,pinball_avg,moirai,timesfm,4837,4837,0
KOSPI,pinball_avg,naive,autoarima,4837,4837,0
KOSPI,pinball_avg,naive,autoets,4837,4837,0
KOSPI,pinball_avg,naive,chronos,4837,4837,0
KOSPI,pinball_avg,naive,ewma,4837,4837,0
KOSPI,pinball_avg,naive,garch11,4837,4837,0
KOSPI,pinball_avg,naive,garch11_t,4837,4837,0
KOSPI,pinball_avg,naive,gjr,4837,4837,0
KOSPI,pinball_avg,naive,har,4837,4837,0
KOSPI,pinball_avg,naive,lgbm,4837,4837,0
KOSPI,pinball_avg,naive,moirai,4837,4837,0
KOSPI,pinball_avg,naive,naive,4837,4837,0
KOSPI,pinball_avg,naive,patchtst,4837,4837,0
KOSPI,pinball_avg,naive,timesfm,4837,4837,0
KOSPI,pinball_avg,patchtst,autoarima,4837,4837,0
KOSPI,pinball_avg,patchtst,autoets,4837,4837,0
KOSPI,pinball_avg,patchtst,chronos,4837,4837,0
KOSPI,pinball_avg,patchtst,ewma,4837,4837,0
KOSPI,pinball_avg,patchtst,garch11,4837,4837,0
KOSPI,pinball_avg,patchtst,garch11_t,4837,4837,0
KOSPI,pinball_avg,patchtst,gjr,4837,4837,0
KOSPI,pinball_avg,patchtst,har,4837,4837,0
KOSPI,pinball_avg,patchtst,lgbm,4837,4837,0
KOSPI,pinball_avg,patchtst,moirai,4837,4837,0
KOSPI,pinball_avg,patchtst,naive,4837,4837,0
KOSPI,pinball_avg,patchtst,patchtst,4837,4837,0
KOSPI,pinball_avg,patchtst,timesfm,4837,4837,0
KOSPI,pinball_avg,timesfm,autoarima,4837,4837,0
KOSPI,pinball_avg,timesfm,autoets,4837,4837,0
KOSPI,pinball_avg,timesfm,chronos,4837,4837,0
KOSPI,pinball_avg,timesfm,ewma,4837,4837,0
KOSPI,pinball_avg,timesfm,garch11,4837,4837,0
KOSPI,pinball_avg,timesfm,garch11_t,4837,4837,0
KOSPI,pinball_avg,timesfm,gjr,4837,4837,0
KOSPI,pinball_avg,timesfm,har,4837,4837,0
KOSPI,pinball_avg,timesfm,lgbm,4837,4837,0
KOSPI,pinball_avg,timesfm,moirai,4837,4837,0
KOSPI,pinball_avg,timesfm,naive,4837,4837,0
KOSPI,pinball_avg,timesfm,patchtst,4837,4837,0
KOSPI,pinball_avg,timesfm,timesfm,4837,4837,0
KOSPI,qlike,autoarima,autoarima,4837,4837,0
KOSPI,qlike,autoarima,autoets,4837,4837,0
KOSPI,qlike,autoarima,chronos,4837,4837,0
KOSPI,qlike,autoarima,ewma,4837,4837,0
KOSPI,qlike,autoarima,garch11,4837,4837,0
KOSPI,qlike,autoarima,garch11_t,4837,4837,0
KOSPI,qlike,autoarima,gjr,4837,4837,0
KOSPI,qlike,autoarima,har,4837,4837,0
KOSPI,qlike,autoarima,lgbm,4837,4837,0
KOSPI,qlike,autoarima,moirai,4837,4837,0
KOSPI,qlike,autoarima,naive,4837,4837,0
KOSPI,qlike,autoarima,patchtst,4837,4837,0
KOSPI,qlike,autoarima,timesfm,4837,4837,0
KOSPI,qlike,autoets,autoarima,4837,4837,0
KOSPI,qlike,autoets,autoets,4837,4837,0
KOSPI,qlike,autoets,chronos,4837,4837,0
KOSPI,qlike,autoets,ewma,4837,4837,0
KOSPI,qlike,autoets,garch11,4837,4837,0
KOSPI,qlike,autoets,garch11_t,4837,4837,0
KOSPI,qlike,autoets,gjr,4837,4837,0
KOSPI,qlike,autoets,har,4837,4837,0
KOSPI,qlike,autoets,lgbm,4837,4837,0
KOSPI,qlike,autoets,moirai,4837,4837,0
KOSPI,qlike,autoets,naive,4837,4837,0
KOSPI,qlike,autoets,patchtst,4837,4837,0
KOSPI,qlike,autoets,timesfm,4837,4837,0
KOSPI,qlike,chronos,autoarima,4837,4837,0
KOSPI,qlike,chronos,autoets,4837,4837,0
KOSPI,qlike,chronos,chronos,4837,4837,0
KOSPI,qlike,chronos,ewma,4837,4837,0
KOSPI,qlike,chronos,garch11,4837,4837,0
KOSPI,qlike,chronos,garch11_t,4837,4837,0
KOSPI,qlike,chronos,gjr,4837,4837,0
KOSPI,qlike,chronos,har,4837,4837,0
KOSPI,qlike,chronos,lgbm,4837,4837,0
KOSPI,qlike,chronos,moirai,4837,4837,0
KOSPI,qlike,chronos,naive,4837,4837,0
KOSPI,qlike,chronos,patchtst,4837,4837,0
KOSPI,qlike,chronos,timesfm,4837,4837,0
KOSPI,qlike,ewma,autoarima,4837,4837,0
KOSPI,qlike,ewma,autoets,4837,4837,0
KOSPI,qlike,ewma,chronos,4837,4837,0
KOSPI,qlike,ewma,ewma,4837,4837,0
KOSPI,qlike,ewma,garch11,4837,4837,0
KOSPI,qlike,ewma,garch11_t,4837,4837,0
KOSPI,qlike,ewma,gjr,4837,4837,0
KOSPI,qlike,ewma,har,4837,4837,0
KOSPI,qlike,ewma,lgbm,4837,4837,0
KOSPI,qlike,ewma,moirai,4837,4837,0
KOSPI,qlike,ewma,naive,4837,4837,0
KOSPI,qlike,ewma,patchtst,4837,4837,0
KOSPI,qlike,ewma,timesfm,4837,4837,0
KOSPI,qlike,garch11,autoarima,4837,4837,0
KOSPI,qlike,garch11,autoets,4837,4837,0
KOSPI,qlike,garch11,chronos,4837,4837,0
KOSPI,qlike,garch11,ewma,4837,4837,0
KOSPI,qlike,garch11,garch11,4837,4837,0
KOSPI,qlike,garch11,garch11_t,4837,4837,0
KOSPI,qlike,garch11,gjr,4837,4837,0
KOSPI,qlike,garch11,har,4837,4837,0
KOSPI,qlike,garch11,lgbm,4837,4837,0
KOSPI,qlike,garch11,moirai,4837,4837,0
KOSPI,qlike,garch11,naive,4837,4837,0
KOSPI,qlike,garch11,patchtst,4837,4837,0
KOSPI,qlike,garch11,timesfm,4837,4837,0
KOSPI,qlike,garch11_t,autoarima,4837,4837,0
KOSPI,qlike,garch11_t,autoets,4837,4837,0
KOSPI,qlike,garch11_t,chronos,4837,4837,0
KOSPI,qlike,garch11_t,ewma,4837,4837,0
KOSPI,qlike,garch11_t,garch11,4837,4837,0
KOSPI,qlike,garch11_t,garch11_t,4837,4837,0
KOSPI,qlike,garch11_t,gjr,4837,4837,0
KOSPI,qlike,garch11_t,har,4837,4837,0
KOSPI,qlike,garch11_t,lgbm,4837,4837,0
KOSPI,qlike,garch11_t,moirai,4837,4837,0
KOSPI,qlike,garch11_t,naive,4837,4837,0
KOSPI,qlike,garch11_t,patchtst,4837,4837,0
KOSPI,qlike,garch11_t,timesfm,4837,4837,0
KOSPI,qlike,gjr,autoarima,4837,4837,0
KOSPI,qlike,gjr,autoets,4837,4837,0
KOSPI,qlike,gjr,chronos,4837,4837,0
KOSPI,qlike,gjr,ewma,4837,4837,0
KOSPI,qlike,gjr,garch11,4837,4837,0
KOSPI,qlike,gjr,garch11_t,4837,4837,0
KOSPI,qlike,gjr,gjr,4837,4837,0
KOSPI,qlike,gjr,har,4837,4837,0
KOSPI,qlike,gjr,lgbm,4837,4837,0
KOSPI,qlike,gjr,moirai,4837,4837,0
KOSPI,qlike,gjr,naive,4837,4837,0
KOSPI,qlike,gjr,patchtst,4837,4837,0
KOSPI,qlike,gjr,timesfm,4837,4837,0
KOSPI,qlike,har,autoarima,4837,4837,0
KOSPI,qlike,har,autoets,4837,4837,0
KOSPI,qlike,har,chronos,4837,4837,0
KOSPI,qlike,har,ewma,4837,4837,0
KOSPI,qlike,har,garch11,4837,4837,0
KOSPI,qlike,har,garch11_t,4837,4837,0
KOSPI,qlike,har,gjr,4837,4837,0
KOSPI,qlike,har,har,4837,4837,0
KOSPI,qlike,har,lgbm,4837,4837,0
KOSPI,qlike,har,moirai,4837,4837,0
KOSPI,qlike,har,naive,4837,4837,0
KOSPI,qlike,har,patchtst,4837,4837,0
KOSPI,qlike,har,timesfm,4837,4837,0
KOSPI,qlike,lgbm,autoarima,4837,4837,0
KOSPI,qlike,lgbm,autoets,4837,4837,0
KOSPI,qlike,lgbm,chronos,4837,4837,0
KOSPI,qlike,lgbm,ewma,4837,4837,0
KOSPI,qlike,lgbm,garch11,4837,4837,0
KOSPI,qlike,lgbm,garch11_t,4837,4837,0
KOSPI,qlike,lgbm,gjr,4837,4837,0
KOSPI,qlike,lgbm,har,4837,4837,0
KOSPI,qlike,lgbm,lgbm,4837,4837,0
KOSPI,qlike,lgbm,moirai,4837,4837,0
KOSPI,qlike,lgbm,naive,4837,4837,0
KOSPI,qlike,lgbm,patchtst,4837,4837,0
KOSPI,qlike,lgbm,timesfm,4837,4837,0
KOSPI,qlike,moirai,autoarima,4837,4837,0
KOSPI,qlike,moirai,autoets,4837,4837,0
KOSPI,qlike,moirai,chronos,4837,4837,0
KOSPI,qlike,moirai,ewma,4837,4837,0
KOSPI,qlike,moirai,garch11,4837,4837,0
KOSPI,qlike,moirai,garch11_t,4837,4837,0
KOSPI,qlike,moirai,gjr,4837,4837,0
KOSPI,qlike,moirai,har,4837,4837,0
KOSPI,qlike,moirai,lgbm,4837,4837,0
KOSPI,qlike,moirai,moirai,4837,4837,0
KOSPI,qlike,moirai,naive,4837,4837,0
KOSPI,qlike,moirai,patchtst,4837,4837,0
KOSPI,qlike,moirai,timesfm,4837,4837,0
KOSPI,qlike,naive,autoarima,4837,4837,0
KOSPI,qlike,naive,autoets,4837,4837,0
KOSPI,qlike,naive,chronos,4837,4837,0
KOSPI,qlike,naive,ewma,4837,4837,0
KOSPI,qlike,naive,garch11,4837,4837,0
KOSPI,qlike,naive,garch11_t,4837,4837,0
KOSPI,qlike,naive,gjr,4837,4837,0
KOSPI,qlike,naive,har,4837,4837,0
KOSPI,qlike,naive,lgbm,4837,4837,0
KOSPI,qlike,naive,moirai,4837,4837,0
KOSPI,qlike,naive,naive,4837,4837,0
KOSPI,qlike,naive,patchtst,4837,4837,0
KOSPI,qlike,naive,timesfm,4837,4837,0
KOSPI,qlike,patchtst,autoarima,4837,4837,0
KOSPI,qlike,patchtst,autoets,4837,4837,0
KOSPI,qlike,patchtst,chronos,4837,4837,0
KOSPI,qlike,patchtst,ewma,4837,4837,0
KOSPI,qlike,patchtst,garch11,4837,4837,0
KOSPI,qlike,patchtst,garch11_t,4837,4837,0
KOSPI,qlike,patchtst,gjr,4837,4837,0
KOSPI,qlike,patchtst,har,4837,4837,0
KOSPI,qlike,patchtst,lgbm,4837,4837,0
KOSPI,qlike,patchtst,moirai,4837,4837,0
KOSPI,qlike,patchtst,naive,4837,4837,0
KOSPI,qlike,patchtst,patchtst,4837,4837,0
KOSPI,qlike,patchtst,timesfm,4837,4837,0
KOSPI,qlike,timesfm,autoarima,4837,4837,0
KOSPI,qlike,timesfm,autoets,4837,4837,0
KOSPI,qlike,timesfm,chronos,4837,4837,0
KOSPI,qlike,timesfm,ewma,4837,4837,0
KOSPI,qlike,timesfm,garch11,4837,4837,0
KOSPI,qlike,timesfm,garch11_t,4837,4837,0
KOSPI,qlike,timesfm,gjr,4837,4837,0
KOSPI,qlike,timesfm,har,4837,4837,0
KOSPI,qlike,timesfm,lgbm,4837,4837,0
KOSPI,qlike,timesfm,moirai,4837,4837,0
KOSPI,qlike,timesfm,naive,4837,4837,0
KOSPI,qlike,timesfm,patchtst,4837,4837,0
KOSPI,qlike,timesfm,timesfm,4837,4837,0
KOSPI,fz0_0p01,autoarima,autoarima,4837,4837,0
KOSPI,fz0_0p01,autoarima,autoets,4837,4837,0
KOSPI,fz0_0p01,autoarima,chronos,4837,4837,0
KOSPI,fz0_0p01,autoarima,ewma,4837,4837,0
KOSPI,fz0_0p01,autoarima,garch11,4837,4837,0
KOSPI,fz0_0p01,autoarima,garch11_t,4837,4837,0
KOSPI,fz0_0p01,autoarima,gjr,4837,4837,0
KOSPI,fz0_0p01,autoarima,har,4837,4837,0
KOSPI,fz0_0p01,autoarima,lgbm,4837,4837,0
KOSPI,fz0_0p01,autoarima,moirai,4837,4837,0
KOSPI,fz0_0p01,autoarima,naive,4837,4837,0
KOSPI,fz0_0p01,autoarima,patchtst,4837,4837,0
KOSPI,fz0_0p01,autoarima,timesfm,4837,4837,0
KOSPI,fz0_0p01,autoets,autoarima,4837,4837,0
KOSPI,fz0_0p01,autoets,autoets,4837,4837,0
KOSPI,fz0_0p01,autoets,chronos,4837,4837,0
KOSPI,fz0_0p01,autoets,ewma,4837,4837,0
KOSPI,fz0_0p01,autoets,garch11,4837,4837,0
KOSPI,fz0_0p01,autoets,garch11_t,4837,4837,0
KOSPI,fz0_0p01,autoets,gjr,4837,4837,0
KOSPI,fz0_0p01,autoets,har,4837,4837,0
KOSPI,fz0_0p01,autoets,lgbm,4837,4837,0
KOSPI,fz0_0p01,autoets,moirai,4837,4837,0
KOSPI,fz0_0p01,autoets,naive,4837,4837,0
KOSPI,fz0_0p01,autoets,patchtst,4837,4837,0
KOSPI,fz0_0p01,autoets,timesfm,4837,4837,0
KOSPI,fz0_0p01,chronos,autoarima,4837,4837,0
KOSPI,fz0_0p01,chronos,autoets,4837,4837,0
KOSPI,fz0_0p01,chronos,chronos,4837,4837,0
KOSPI,fz0_0p01,chronos,ewma,4837,4837,0
KOSPI,fz0_0p01,chronos,garch11,4837,4837,0
KOSPI,fz0_0p01,chronos,garch11_t,4837,4837,0
KOSPI,fz0_0p01,chronos,gjr,4837,4837,0
KOSPI,fz0_0p01,chronos,har,4837,4837,0
KOSPI,fz0_0p01,chronos,lgbm,4837,4837,0
KOSPI,fz0_0p01,chronos,moirai,4837,4837,0
KOSPI,fz0_0p01,chronos,naive,4837,4837,0
KOSPI,fz0_0p01,chronos,patchtst,4837,4837,0
KOSPI,fz0_0p01,chronos,timesfm,4837,4837,0
KOSPI,fz0_0p01,ewma,autoarima,4837,4837,0
KOSPI,fz0_0p01,ewma,autoets,4837,4837,0
KOSPI,fz0_0p01,ewma,chronos,4837,4837,0
KOSPI,fz0_0p01,ewma,ewma,4837,4837,0
KOSPI,fz0_0p01,ewma,garch11,4837,4837,0
KOSPI,fz0_0p01,ewma,garch11_t,4837,4837,0
KOSPI,fz0_0p01,ewma,gjr,4837,4837,0
KOSPI,fz0_0p01,ewma,har,4837,4837,0
KOSPI,fz0_0p01,ewma,lgbm,4837,4837,0
KOSPI,fz0_0p01,ewma,moirai,4837,4837,0
KOSPI,fz0_0p01,ewma,naive,4837,4837,0
KOSPI,fz0_0p01,ewma,patchtst,4837,4837,0
KOSPI,fz0_0p01,ewma,timesfm,4837,4837,0
KOSPI,fz0_0p01,garch11,autoarima,4837,4837,0
KOSPI,fz0_0p01,garch11,autoets,4837,4837,0
KOSPI,fz0_0p01,garch11,chronos,4837,4837,0
KOSPI,fz0_0p01,garch11,ewma,4837,4837,0
KOSPI,fz0_0p01,garch11,garch11,4837,4837,0
KOSPI,fz0_0p01,garch11,garch11_t,4837,4837,0
KOSPI,fz0_0p01,garch11,gjr,4837,4837,0
KOSPI,fz0_0p01,garch11,har,4837,4837,0
KOSPI,fz0_0p01,garch11,lgbm,4837,4837,0
KOSPI,fz0_0p01,garch11,moirai,4837,4837,0
KOSPI,fz0_0p01,garch11,naive,4837,4837,0
KOSPI,fz0_0p01,garch11,patchtst,4837,4837,0
KOSPI,fz0_0p01,garch11,timesfm,4837,4837,0
KOSPI,fz0_0p01,garch11_t,autoarima,4837,4837,0
KOSPI,fz0_0p01,garch11_t,autoets,4837,4837,0
KOSPI,fz0_0p01,garch11_t,chronos,4837,4837,0
KOSPI,fz0_0p01,garch11_t,ewma,4837,4837,0
KOSPI,fz0_0p01,garch11_t,garch11,4837,4837,0
KOSPI,fz0_0p01,garch11_t,garch11_t,4837,4837,0
KOSPI,fz0_0p01,garch11_t,gjr,4837,4837,0
KOSPI,fz0_0p01,garch11_t,har,4837,4837,0
KOSPI,fz0_0p01,garch11_t,lgbm,4837,4837,0
KOSPI,fz0_0p01,garch11_t,moirai,4837,4837,0
KOSPI,fz0_0p01,garch11_t,naive,4837,4837,0
KOSPI,fz0_0p01,garch11_t,patchtst,4837,4837,0
KOSPI,fz0_0p01,garch11_t,timesfm,4837,4837,0
KOSPI,fz0_0p01,gjr,autoarima,4837,4837,0
KOSPI,fz0_0p01,gjr,autoets,4837,4837,0
KOSPI,fz0_0p01,gjr,chronos,4837,4837,0
KOSPI,fz0_0p01,gjr,ewma,4837,4837,0
KOSPI,fz0_0p01,gjr,garch11,4837,4837,0
KOSPI,fz0_0p01,gjr,garch11_t,4837,4837,0
KOSPI,fz0_0p01,gjr,gjr,4837,4837,0
KOSPI,fz0_0p01,gjr,har,4837,4837,0
KOSPI,fz0_0p01,gjr,lgbm,4837,4837,0
KOSPI,fz0_0p01,gjr,moirai,4837,4837,0
KOSPI,fz0_0p01,gjr,naive,4837,4837,0
KOSPI,fz0_0p01,gjr,patchtst,4837,4837,0
KOSPI,fz0_0p01,gjr,timesfm,4837,4837,0
KOSPI,fz0_0p01,har,autoarima,4837,4837,0
KOSPI,fz0_0p01,har,autoets,4837,4837,0
KOSPI,fz0_0p01,har,chronos,4837,4837,0
KOSPI,fz0_0p01,har,ewma,4837,4837,0
KOSPI,fz0_0p01,har,garch11,4837,4837,0
KOSPI,fz0_0p01,har,garch11_t,4837,4837,0
KOSPI,fz0_0p01,har,gjr,4837,4837,0
KOSPI,fz0_0p01,har,har,4837,4837,0
KOSPI,fz0_0p01,har,lgbm,4837,4837,0
KOSPI,fz0_0p01,har,moirai,4837,4837,0
KOSPI,fz0_0p01,har,naive,4837,4837,0
KOSPI,fz0_0p01,har,patchtst,4837,4837,0
KOSPI,fz0_0p01,har,timesfm,4837,4837,0
KOSPI,fz0_0p01,lgbm,autoarima,4837,4837,0
KOSPI,fz0_0p01,lgbm,autoets,4837,4837,0
KOSPI,fz0_0p01,lgbm,chronos,4837,4837,0
KOSPI,fz0_0p01,lgbm,ewma,4837,4837,0
KOSPI,fz0_0p01,lgbm,garch11,4837,4837,0
KOSPI,fz0_0p01,lgbm,garch11_t,4837,4837,0
KOSPI,fz0_0p01,lgbm,gjr,4837,4837,0
KOSPI,fz0_0p01,lgbm,har,4837,4837,0
KOSPI,fz0_0p01,lgbm,lgbm,4837,4837,0
KOSPI,fz0_0p01,lgbm,moirai,4837,4837,0
KOSPI,fz0_0p01,lgbm,naive,4837,4837,0
KOSPI,fz0_0p01,lgbm,patchtst,4837,4837,0
KOSPI,fz0_0p01,lgbm,timesfm,4837,4837,0
KOSPI,fz0_0p01,moirai,autoarima,4837,4837,0
KOSPI,fz0_0p01,moirai,autoets,4837,4837,0
KOSPI,fz0_0p01,moirai,chronos,4837,4837,0
KOSPI,fz0_0p01,moirai,ewma,4837,4837,0
KOSPI,fz0_0p01,moirai,garch11,4837,4837,0
KOSPI,fz0_0p01,moirai,garch11_t,4837,4837,0
KOSPI,fz0_0p01,moirai,gjr,4837,4837,0
KOSPI,fz0_0p01,moirai,har,4837,4837,0
KOSPI,fz0_0p01,moirai,lgbm,4837,4837,0
KOSPI,fz0_0p01,moirai,moirai,4837,4837,0
KOSPI,fz0_0p01,moirai,naive,4837,4837,0
KOSPI,fz0_0p01,moirai,patchtst,4837,4837,0
KOSPI,fz0_0p01,moirai,timesfm,4837,4837,0
KOSPI,fz0_0p01,naive,autoarima,4837,4837,0
KOSPI,fz0_0p01,naive,autoets,4837,4837,0
KOSPI,fz0_0p01,naive,chronos,4837,4837,0
KOSPI,fz0_0p01,naive,ewma,4837,4837,0
KOSPI,fz0_0p01,naive,garch11,4837,4837,0
KOSPI,fz0_0p01,naive,garch11_t,4837,4837,0
KOSPI,fz0_0p01,naive,gjr,4837,4837,0
KOSPI,fz0_0p01,naive,har,4837,4837,0
KOSPI,fz0_0p01,naive,lgbm,4837,4837,0
KOSPI,fz0_0p01,naive,moirai,4837,4837,0
KOSPI,fz0_0p01,naive,naive,4837,4837,0
KOSPI,fz0_0p01,naive,patchtst,4837,4837,0
KOSPI,fz0_0p01,naive,timesfm,4837,4837,0
KOSPI,fz0_0p01,patchtst,autoarima,4837,4837,0
KOSPI,fz0_0p01,patchtst,autoets,4837,4837,0
KOSPI,fz0_0p01,patchtst,chronos,4837,4837,0
KOSPI,fz0_0p01,patchtst,ewma,4837,4837,0
KOSPI,fz0_0p01,patchtst,garch11,4837,4837,0
KOSPI,fz0_0p01,patchtst,garch11_t,4837,4837,0
KOSPI,fz0_0p01,patchtst,gjr,4837,4837,0
KOSPI,fz0_0p01,patchtst,har,4837,4837,0
KOSPI,fz0_0p01,patchtst,lgbm,4837,4837,0
KOSPI,fz0_0p01,patchtst,moirai,4837,4837,0
KOSPI,fz0_0p01,patchtst,naive,4837,4837,0
KOSPI,fz0_0p01,patchtst,patchtst,4837,4837,0
KOSPI,fz0_0p01,patchtst,timesfm,4837,4837,0
KOSPI,fz0_0p01,timesfm,autoarima,4837,4837,0
KOSPI,fz0_0p01,timesfm,autoets,4837,4837,0
KOSPI,fz0_0p01,timesfm,chronos,4837,4837,0
KOSPI,fz0_0p01,timesfm,ewma,4837,4837,0
KOSPI,fz0_0p01,timesfm,garch11,4837,4837,0
KOSPI,fz0_0p01,timesfm,garch11_t,4837,4837,0
KOSPI,fz0_0p01,timesfm,gjr,4837,4837,0
KOSPI,fz0_0p01,timesfm,har,4837,4837,0
KOSPI,fz0_0p01,timesfm,lgbm,4837,4837,0
KOSPI,fz0_0p01,timesfm,moirai,4837,4837,0
KOSPI,fz0_0p01,timesfm,naive,4837,4837,0
KOSPI,fz0_0p01,timesfm,patchtst,4837,4837,0
KOSPI,fz0_0p01,timesfm,timesfm,4837,4837,0
KOSPI,fz0_0p025,autoarima,autoarima,4837,4837,0
KOSPI,fz0_0p025,autoarima,autoets,4837,4837,0
KOSPI,fz0_0p025,autoarima,chronos,4837,4837,0
KOSPI,fz0_0p025,autoarima,ewma,4837,4837,0
KOSPI,fz0_0p025,autoarima,garch11,4837,4837,0
KOSPI,fz0_0p025,autoarima,garch11_t,4837,4837,0
KOSPI,fz0_0p025,autoarima,gjr,4837,4837,0
KOSPI,fz0_0p025,autoarima,har,4837,4837,0
KOSPI,fz0_0p025,autoarima,lgbm,4837,4837,0
KOSPI,fz0_0p025,autoarima,moirai,4837,4837,0
KOSPI,fz0_0p025,autoarima,naive,4837,4837,0
KOSPI,fz0_0p025,autoarima,patchtst,4837,4837,0
KOSPI,fz0_0p025,autoarima,timesfm,4837,4837,0
KOSPI,fz0_0p025,autoets,autoarima,4837,4837,0
KOSPI,fz0_0p025,autoets,autoets,4837,4837,0
KOSPI,fz0_0p025,autoets,chronos,4837,4837,0
KOSPI,fz0_0p025,autoets,ewma,4837,4837,0
KOSPI,fz0_0p025,autoets,garch11,4837,4837,0
KOSPI,fz0_0p025,autoets,garch11_t,4837,4837,0
KOSPI,fz0_0p025,autoets,gjr,4837,4837,0
KOSPI,fz0_0p025,autoets,har,4837,4837,0
KOSPI,fz0_0p025,autoets,lgbm,4837,4837,0
KOSPI,fz0_0p025,autoets,moirai,4837,4837,0
KOSPI,fz0_0p025,autoets,naive,4837,4837,0
KOSPI,fz0_0p025,autoets,patchtst,4837,4837,0
KOSPI,fz0_0p025,autoets,timesfm,4837,4837,0
KOSPI,fz0_0p025,chronos,autoarima,4837,4837,0
KOSPI,fz0_0p025,chronos,autoets,4837,4837,0
KOSPI,fz0_0p025,chronos,chronos,4837,4837,0
KOSPI,fz0_0p025,chronos,ewma,4837,4837,0
KOSPI,fz0_0p025,chronos,garch11,4837,4837,0
KOSPI,fz0_0p025,chronos,garch11_t,4837,4837,0
KOSPI,fz0_0p025,chronos,gjr,4837,4837,0
KOSPI,fz0_0p025,chronos,har,4837,4837,0
KOSPI,fz0_0p025,chronos,lgbm,4837,4837,0
KOSPI,fz0_0p025,chronos,moirai,4837,4837,0
KOSPI,fz0_0p025,chronos,naive,4837,4837,0
KOSPI,fz0_0p025,chronos,patchtst,4837,4837,0
KOSPI,fz0_0p025,chronos,timesfm,4837,4837,0
KOSPI,fz0_0p025,ewma,autoarima,4837,4837,0
KOSPI,fz0_0p025,ewma,autoets,4837,4837,0
KOSPI,fz0_0p025,ewma,chronos,4837,4837,0
KOSPI,fz0_0p025,ewma,ewma,4837,4837,0
KOSPI,fz0_0p025,ewma,garch11,4837,4837,0
KOSPI,fz0_0p025,ewma,garch11_t,4837,4837,0
KOSPI,fz0_0p025,ewma,gjr,4837,4837,0
KOSPI,fz0_0p025,ewma,har,4837,4837,0
KOSPI,fz0_0p025,ewma,lgbm,4837,4837,0
KOSPI,fz0_0p025,ewma,moirai,4837,4837,0
KOSPI,fz0_0p025,ewma,naive,4837,4837,0
KOSPI,fz0_0p025,ewma,patchtst,4837,4837,0
KOSPI,fz0_0p025,ewma,timesfm,4837,4837,0
KOSPI,fz0_0p025,garch11,autoarima,4837,4837,0
KOSPI,fz0_0p025,garch11,autoets,4837,4837,0
KOSPI,fz0_0p025,garch11,chronos,4837,4837,0
KOSPI,fz0_0p025,garch11,ewma,4837,4837,0
KOSPI,fz0_0p025,garch11,garch11,4837,4837,0
KOSPI,fz0_0p025,garch11,garch11_t,4837,4837,0
KOSPI,fz0_0p025,garch11,gjr,4837,4837,0
KOSPI,fz0_0p025,garch11,har,4837,4837,0
KOSPI,fz0_0p025,garch11,lgbm,4837,4837,0
KOSPI,fz0_0p025,garch11,moirai,4837,4837,0
KOSPI,fz0_0p025,garch11,naive,4837,4837,0
KOSPI,fz0_0p025,garch11,patchtst,4837,4837,0
KOSPI,fz0_0p025,garch11,timesfm,4837,4837,0
KOSPI,fz0_0p025,garch11_t,autoarima,4837,4837,0
KOSPI,fz0_0p025,garch11_t,autoets,4837,4837,0
KOSPI,fz0_0p025,garch11_t,chronos,4837,4837,0
KOSPI,fz0_0p025,garch11_t,ewma,4837,4837,0
KOSPI,fz0_0p025,garch11_t,garch11,4837,4837,0
KOSPI,fz0_0p025,garch11_t,garch11_t,4837,4837,0
KOSPI,fz0_0p025,garch11_t,gjr,4837,4837,0
KOSPI,fz0_0p025,garch11_t,har,4837,4837,0
KOSPI,fz0_0p025,garch11_t,lgbm,4837,4837,0
KOSPI,fz0_0p025,garch11_t,moirai,4837,4837,0
KOSPI,fz0_0p025,garch11_t,naive,4837,4837,0
KOSPI,fz0_0p025,garch11_t,patchtst,4837,4837,0
KOSPI,fz0_0p025,garch11_t,timesfm,4837,4837,0
KOSPI,fz0_0p025,gjr,autoarima,4837,4837,0
KOSPI,fz0_0p025,gjr,autoets,4837,4837,0
KOSPI,fz0_0p025,gjr,chronos,4837,4837,0
KOSPI,fz0_0p025,gjr,ewma,4837,4837,0
KOSPI,fz0_0p025,gjr,garch11,4837,4837,0
KOSPI,fz0_0p025,gjr,garch11_t,4837,4837,0
KOSPI,fz0_0p025,gjr,gjr,4837,4837,0
KOSPI,fz0_0p025,gjr,har,4837,4837,0
KOSPI,fz0_0p025,gjr,lgbm,4837,4837,0
KOSPI,fz0_0p025,gjr,moirai,4837,4837,0
KOSPI,fz0_0p025,gjr,naive,4837,4837,0
KOSPI,fz0_0p025,gjr,patchtst,4837,4837,0
KOSPI,fz0_0p025,gjr,timesfm,4837,4837,0
KOSPI,fz0_0p025,har,autoarima,4837,4837,0
KOSPI,fz0_0p025,har,autoets,4837,4837,0
KOSPI,fz0_0p025,har,chronos,4837,4837,0
KOSPI,fz0_0p025,har,ewma,4837,4837,0
KOSPI,fz0_0p025,har,garch11,4837,4837,0
KOSPI,fz0_0p025,har,garch11_t,4837,4837,0
KOSPI,fz0_0p025,har,gjr,4837,4837,0
KOSPI,fz0_0p025,har,har,4837,4837,0
KOSPI,fz0_0p025,har,lgbm,4837,4837,0
KOSPI,fz0_0p025,har,moirai,4837,4837,0
KOSPI,fz0_0p025,har,naive,4837,4837,0
KOSPI,fz0_0p025,har,patchtst,4837,4837,0
KOSPI,fz0_0p025,har,timesfm,4837,4837,0
KOSPI,fz0_0p025,lgbm,autoarima,4837,4837,0
KOSPI,fz0_0p025,lgbm,autoets,4837,4837,0
KOSPI,fz0_0p025,lgbm,chronos,4837,4837,0
KOSPI,fz0_0p025,lgbm,ewma,4837,4837,0
KOSPI,fz0_0p025,lgbm,garch11,4837,4837,0
KOSPI,fz0_0p025,lgbm,garch11_t,4837,4837,0
KOSPI,fz0_0p025,lgbm,gjr,4837,4837,0
KOSPI,fz0_0p025,lgbm,har,4837,4837,0
KOSPI,fz0_0p025,lgbm,lgbm,4837,4837,0
KOSPI,fz0_0p025,lgbm,moirai,4837,4837,0
KOSPI,fz0_0p025,lgbm,naive,4837,4837,0
KOSPI,fz0_0p025,lgbm,patchtst,4837,4837,0
KOSPI,fz0_0p025,lgbm,timesfm,4837,4837,0
KOSPI,fz0_0p025,moirai,autoarima,4837,4837,0
KOSPI,fz0_0p025,moirai,autoets,4837,4837,0
KOSPI,fz0_0p025,moirai,chronos,4837,4837,0
KOSPI,fz0_0p025,moirai,ewma,4837,4837,0
KOSPI,fz0_0p025,moirai,garch11,4837,4837,0
KOSPI,fz0_0p025,moirai,garch11_t,4837,4837,0
KOSPI,fz0_0p025,moirai,gjr,4837,4837,0
KOSPI,fz0_0p025,moirai,har,4837,4837,0
KOSPI,fz0_0p025,moirai,lgbm,4837,4837,0
KOSPI,fz0_0p025,moirai,moirai,4837,4837,0
KOSPI,fz0_0p025,moirai,naive,4837,4837,0
KOSPI,fz0_0p025,moirai,patchtst,4837,4837,0
KOSPI,fz0_0p025,moirai,timesfm,4837,4837,0
KOSPI,fz0_0p025,naive,autoarima,4837,4837,0
KOSPI,fz0_0p025,naive,autoets,4837,4837,0
KOSPI,fz0_0p025,naive,chronos,4837,4837,0
KOSPI,fz0_0p025,naive,ewma,4837,4837,0
KOSPI,fz0_0p025,naive,garch11,4837,4837,0
KOSPI,fz0_0p025,naive,garch11_t,4837,4837,0
KOSPI,fz0_0p025,naive,gjr,4837,4837,0
KOSPI,fz0_0p025,naive,har,4837,4837,0
KOSPI,fz0_0p025,naive,lgbm,4837,4837,0
KOSPI,fz0_0p025,naive,moirai,4837,4837,0
KOSPI,fz0_0p025,naive,naive,4837,4837,0
KOSPI,fz0_0p025,naive,patchtst,4837,4837,0
KOSPI,fz0_0p025,naive,timesfm,4837,4837,0
KOSPI,fz0_0p025,patchtst,autoarima,4837,4837,0
KOSPI,fz0_0p025,patchtst,autoets,4837,4837,0
KOSPI,fz0_0p025,patchtst,chronos,4837,4837,0
KOSPI,fz0_0p025,patchtst,ewma,4837,4837,0
KOSPI,fz0_0p025,patchtst,garch11,4837,4837,0
KOSPI,fz0_0p025,patchtst,garch11_t,4837,4837,0
KOSPI,fz0_0p025,patchtst,gjr,4837,4837,0
KOSPI,fz0_0p025,patchtst,har,4837,4837,0
KOSPI,fz0_0p025,patchtst,lgbm,4837,4837,0
KOSPI,fz0_0p025,patchtst,moirai,4837,4837,0
KOSPI,fz0_0p025,patchtst,naive,4837,4837,0
KOSPI,fz0_0p025,patchtst,patchtst,4837,4837,0
KOSPI,fz0_0p025,patchtst,timesfm,4837,4837,0
KOSPI,fz0_0p025,timesfm,autoarima,4837,4837,0
KOSPI,fz0_0p025,timesfm,autoets,4837,4837,0
KOSPI,fz0_0p025,timesfm,chronos,4837,4837,0
KOSPI,fz0_0p025,timesfm,ewma,4837,4837,0
KOSPI,fz0_0p025,timesfm,garch11,4837,4837,0
KOSPI,fz0_0p025,timesfm,garch11_t,4837,4837,0
KOSPI,fz0_0p025,timesfm,gjr,4837,4837,0
KOSPI,fz0_0p025,timesfm,har,4837,4837,0
KOSPI,fz0_0p025,timesfm,lgbm,4837,4837,0
KOSPI,fz0_0p025,timesfm,moirai,4837,4837,0
KOSPI,fz0_0p025,timesfm,naive,4837,4837,0
KOSPI,fz0_0p025,timesfm,patchtst,4837,4837,0
KOSPI,fz0_0p025,timesfm,timesfm,4837,4837,0
KOSPI,fz0_0p05,autoarima,autoarima,4837,4837,0
KOSPI,fz0_0p05,autoarima,autoets,4837,4837,0
KOSPI,fz0_0p05,autoarima,chronos,4837,4837,0
KOSPI,fz0_0p05,autoarima,ewma,4837,4837,0
KOSPI,fz0_0p05,autoarima,garch11,4837,4837,0
KOSPI,fz0_0p05,autoarima,garch11_t,4837,4837,0
KOSPI,fz0_0p05,autoarima,gjr,4837,4837,0
KOSPI,fz0_0p05,autoarima,har,4837,4837,0
KOSPI,fz0_0p05,autoarima,lgbm,4837,4837,0
KOSPI,fz0_0p05,autoarima,moirai,4837,4837,0
KOSPI,fz0_0p05,autoarima,naive,4837,4837,0
KOSPI,fz0_0p05,autoarima,patchtst,4837,4837,0
KOSPI,fz0_0p05,autoarima,timesfm,4837,4837,0
KOSPI,fz0_0p05,autoets,autoarima,4837,4837,0
KOSPI,fz0_0p05,autoets,autoets,4837,4837,0
KOSPI,fz0_0p05,autoets,chronos,4837,4837,0
KOSPI,fz0_0p05,autoets,ewma,4837,4837,0
KOSPI,fz0_0p05,autoets,garch11,4837,4837,0
KOSPI,fz0_0p05,autoets,garch11_t,4837,4837,0
KOSPI,fz0_0p05,autoets,gjr,4837,4837,0
KOSPI,fz0_0p05,autoets,har,4837,4837,0
KOSPI,fz0_0p05,autoets,lgbm,4837,4837,0
KOSPI,fz0_0p05,autoets,moirai,4837,4837,0
KOSPI,fz0_0p05,autoets,naive,4837,4837,0
KOSPI,fz0_0p05,autoets,patchtst,4837,4837,0
KOSPI,fz0_0p05,autoets,timesfm,4837,4837,0
KOSPI,fz0_0p05,chronos,autoarima,4837,4837,0
KOSPI,fz0_0p05,chronos,autoets,4837,4837,0
KOSPI,fz0_0p05,chronos,chronos,4837,4837,0
KOSPI,fz0_0p05,chronos,ewma,4837,4837,0
KOSPI,fz0_0p05,chronos,garch11,4837,4837,0
KOSPI,fz0_0p05,chronos,garch11_t,4837,4837,0
KOSPI,fz0_0p05,chronos,gjr,4837,4837,0
KOSPI,fz0_0p05,chronos,har,4837,4837,0
KOSPI,fz0_0p05,chronos,lgbm,4837,4837,0
KOSPI,fz0_0p05,chronos,moirai,4837,4837,0
KOSPI,fz0_0p05,chronos,naive,4837,4837,0
KOSPI,fz0_0p05,chronos,patchtst,4837,4837,0
KOSPI,fz0_0p05,chronos,timesfm,4837,4837,0
KOSPI,fz0_0p05,ewma,autoarima,4837,4837,0
KOSPI,fz0_0p05,ewma,autoets,4837,4837,0
KOSPI,fz0_0p05,ewma,chronos,4837,4837,0
KOSPI,fz0_0p05,ewma,ewma,4837,4837,0
KOSPI,fz0_0p05,ewma,garch11,4837,4837,0
KOSPI,fz0_0p05,ewma,garch11_t,4837,4837,0
KOSPI,fz0_0p05,ewma,gjr,4837,4837,0
KOSPI,fz0_0p05,ewma,har,4837,4837,0
KOSPI,fz0_0p05,ewma,lgbm,4837,4837,0
KOSPI,fz0_0p05,ewma,moirai,4837,4837,0
KOSPI,fz0_0p05,ewma,naive,4837,4837,0
KOSPI,fz0_0p05,ewma,patchtst,4837,4837,0
KOSPI,fz0_0p05,ewma,timesfm,4837,4837,0
KOSPI,fz0_0p05,garch11,autoarima,4837,4837,0
KOSPI,fz0_0p05,garch11,autoets,4837,4837,0
KOSPI,fz0_0p05,garch11,chronos,4837,4837,0
KOSPI,fz0_0p05,garch11,ewma,4837,4837,0
KOSPI,fz0_0p05,garch11,garch11,4837,4837,0
KOSPI,fz0_0p05,garch11,garch11_t,4837,4837,0
KOSPI,fz0_0p05,garch11,gjr,4837,4837,0
KOSPI,fz0_0p05,garch11,har,4837,4837,0
KOSPI,fz0_0p05,garch11,lgbm,4837,4837,0
KOSPI,fz0_0p05,garch11,moirai,4837,4837,0
KOSPI,fz0_0p05,garch11,naive,4837,4837,0
KOSPI,fz0_0p05,garch11,patchtst,4837,4837,0
KOSPI,fz0_0p05,garch11,timesfm,4837,4837,0
KOSPI,fz0_0p05,garch11_t,autoarima,4837,4837,0
KOSPI,fz0_0p05,garch11_t,autoets,4837,4837,0
KOSPI,fz0_0p05,garch11_t,chronos,4837,4837,0
KOSPI,fz0_0p05,garch11_t,ewma,4837,4837,0
KOSPI,fz0_0p05,garch11_t,garch11,4837,4837,0
KOSPI,fz0_0p05,garch11_t,garch11_t,4837,4837,0
KOSPI,fz0_0p05,garch11_t,gjr,4837,4837,0
KOSPI,fz0_0p05,garch11_t,har,4837,4837,0
KOSPI,fz0_0p05,garch11_t,lgbm,4837,4837,0
KOSPI,fz0_0p05,garch11_t,moirai,4837,4837,0
KOSPI,fz0_0p05,garch11_t,naive,4837,4837,0
KOSPI,fz0_0p05,garch11_t,patchtst,4837,4837,0
KOSPI,fz0_0p05,garch11_t,timesfm,4837,4837,0
KOSPI,fz0_0p05,gjr,autoarima,4837,4837,0
KOSPI,fz0_0p05,gjr,autoets,4837,4837,0
KOSPI,fz0_0p05,gjr,chronos,4837,4837,0
KOSPI,fz0_0p05,gjr,ewma,4837,4837,0
KOSPI,fz0_0p05,gjr,garch11,4837,4837,0
KOSPI,fz0_0p05,gjr,garch11_t,4837,4837,0
KOSPI,fz0_0p05,gjr,gjr,4837,4837,0
KOSPI,fz0_0p05,gjr,har,4837,4837,0
KOSPI,fz0_0p05,gjr,lgbm,4837,4837,0
KOSPI,fz0_0p05,gjr,moirai,4837,4837,0
KOSPI,fz0_0p05,gjr,naive,4837,4837,0
KOSPI,fz0_0p05,gjr,patchtst,4837,4837,0
KOSPI,fz0_0p05,gjr,timesfm,4837,4837,0
KOSPI,fz0_0p05,har,autoarima,4837,4837,0
KOSPI,fz0_0p05,har,autoets,4837,4837,0
KOSPI,fz0_0p05,har,chronos,4837,4837,0
KOSPI,fz0_0p05,har,ewma,4837,4837,0
KOSPI,fz0_0p05,har,garch11,4837,4837,0
KOSPI,fz0_0p05,har,garch11_t,4837,4837,0
KOSPI,fz0_0p05,har,gjr,4837,4837,0
KOSPI,fz0_0p05,har,har,4837,4837,0
KOSPI,fz0_0p05,har,lgbm,4837,4837,0
KOSPI,fz0_0p05,har,moirai,4837,4837,0
KOSPI,fz0_0p05,har,naive,4837,4837,0
KOSPI,fz0_0p05,har,patchtst,4837,4837,0
KOSPI,fz0_0p05,har,timesfm,4837,4837,0
KOSPI,fz0_0p05,lgbm,autoarima,4837,4837,0
KOSPI,fz0_0p05,lgbm,autoets,4837,4837,0
KOSPI,fz0_0p05,lgbm,chronos,4837,4837,0
KOSPI,fz0_0p05,lgbm,ewma,4837,4837,0
KOSPI,fz0_0p05,lgbm,garch11,4837,4837,0
KOSPI,fz0_0p05,lgbm,garch11_t,4837,4837,0
KOSPI,fz0_0p05,lgbm,gjr,4837,4837,0
KOSPI,fz0_0p05,lgbm,har,4837,4837,0
KOSPI,fz0_0p05,lgbm,lgbm,4837,4837,0
KOSPI,fz0_0p05,lgbm,moirai,4837,4837,0
KOSPI,fz0_0p05,lgbm,naive,4837,4837,0
KOSPI,fz0_0p05,lgbm,patchtst,4837,4837,0
KOSPI,fz0_0p05,lgbm,timesfm,4837,4837,0
KOSPI,fz0_0p05,moirai,autoarima,4837,4837,0
KOSPI,fz0_0p05,moirai,autoets,4837,4837,0
KOSPI,fz0_0p05,moirai,chronos,4837,4837,0
KOSPI,fz0_0p05,moirai,ewma,4837,4837,0
KOSPI,fz0_0p05,moirai,garch11,4837,4837,0
KOSPI,fz0_0p05,moirai,garch11_t,4837,4837,0
KOSPI,fz0_0p05,moirai,gjr,4837,4837,0
KOSPI,fz0_0p05,moirai,har,4837,4837,0
KOSPI,fz0_0p05,moirai,lgbm,4837,4837,0
KOSPI,fz0_0p05,moirai,moirai,4837,4837,0
KOSPI,fz0_0p05,moirai,naive,4837,4837,0
KOSPI,fz0_0p05,moirai,patchtst,4837,4837,0
KOSPI,fz0_0p05,moirai,timesfm,4837,4837,0
KOSPI,fz0_0p05,naive,autoarima,4837,4837,0
KOSPI,fz0_0p05,naive,autoets,4837,4837,0
KOSPI,fz0_0p05,naive,chronos,4837,4837,0
KOSPI,fz0_0p05,naive,ewma,4837,4837,0
KOSPI,fz0_0p05,naive,garch11,4837,4837,0
KOSPI,fz0_0p05,naive,garch11_t,4837,4837,0
KOSPI,fz0_0p05,naive,gjr,4837,4837,0
KOSPI,fz0_0p05,naive,har,4837,4837,0
KOSPI,fz0_0p05,naive,lgbm,4837,4837,0
KOSPI,fz0_0p05,naive,moirai,4837,4837,0
KOSPI,fz0_0p05,naive,naive,4837,4837,0
KOSPI,fz0_0p05,naive,patchtst,4837,4837,0
KOSPI,fz0_0p05,naive,timesfm,4837,4837,0
KOSPI,fz0_0p05,patchtst,autoarima,4837,4837,0
KOSPI,fz0_0p05,patchtst,autoets,4837,4837,0
KOSPI,fz0_0p05,patchtst,chronos,4837,4837,0
KOSPI,fz0_0p05,patchtst,ewma,4837,4837,0
KOSPI,fz0_0p05,patchtst,garch11,4837,4837,0
KOSPI,fz0_0p05,patchtst,garch11_t,4837,4837,0
KOSPI,fz0_0p05,patchtst,gjr,4837,4837,0
KOSPI,fz0_0p05,patchtst,har,4837,4837,0
KOSPI,fz0_0p05,patchtst,lgbm,4837,4837,0
KOSPI,fz0_0p05,patchtst,moirai,4837,4837,0
KOSPI,fz0_0p05,patchtst,naive,4837,4837,0
KOSPI,fz0_0p05,patchtst,patchtst,4837,4837,0
KOSPI,fz0_0p05,patchtst,timesfm,4837,4837,0
KOSPI,fz0_0p05,timesfm,autoarima,4837,4837,0
KOSPI,fz0_0p05,timesfm,autoets,4837,4837,0
KOSPI,fz0_0p05,timesfm,chronos,4837,4837,0
KOSPI,fz0_0p05,timesfm,ewma,4837,4837,0
KOSPI,fz0_0p05,timesfm,garch11,4837,4837,0
KOSPI,fz0_0p05,timesfm,garch11_t,4837,4837,0
KOSPI,fz0_0p05,timesfm,gjr,4837,4837,0
KOSPI,fz0_0p05,timesfm,har,4837,4837,0
KOSPI,fz0_0p05,timesfm,lgbm,4837,4837,0
KOSPI,fz0_0p05,timesfm,moirai,4837,4837,0
KOSPI,fz0_0p05,timesfm,naive,4837,4837,0
KOSPI,fz0_0p05,timesfm,patchtst,4837,4837,0
KOSPI,fz0_0p05,timesfm,timesfm,4837,4837,0
KOSPI,fz0_avg,autoarima,autoarima,4837,4837,0
KOSPI,fz0_avg,autoarima,autoets,4837,4837,0
KOSPI,fz0_avg,autoarima,chronos,4837,4837,0
KOSPI,fz0_avg,autoarima,ewma,4837,4837,0
KOSPI,fz0_avg,autoarima,garch11,4837,4837,0
KOSPI,fz0_avg,autoarima,garch11_t,4837,4837,0
KOSPI,fz0_avg,autoarima,gjr,4837,4837,0
KOSPI,fz0_avg,autoarima,har,4837,4837,0
KOSPI,fz0_avg,autoarima,lgbm,4837,4837,0
KOSPI,fz0_avg,autoarima,moirai,4837,4837,0
KOSPI,fz0_avg,autoarima,naive,4837,4837,0
KOSPI,fz0_avg,autoarima,patchtst,4837,4837,0
KOSPI,fz0_avg,autoarima,timesfm,4837,4837,0
KOSPI,fz0_avg,autoets,autoarima,4837,4837,0
KOSPI,fz0_avg,autoets,autoets,4837,4837,0
KOSPI,fz0_avg,autoets,chronos,4837,4837,0
KOSPI,fz0_avg,autoets,ewma,4837,4837,0
KOSPI,fz0_avg,autoets,garch11,4837,4837,0
KOSPI,fz0_avg,autoets,garch11_t,4837,4837,0
KOSPI,fz0_avg,autoets,gjr,4837,4837,0
KOSPI,fz0_avg,autoets,har,4837,4837,0
KOSPI,fz0_avg,autoets,lgbm,4837,4837,0
KOSPI,fz0_avg,autoets,moirai,4837,4837,0
KOSPI,fz0_avg,autoets,naive,4837,4837,0
KOSPI,fz0_avg,autoets,patchtst,4837,4837,0
KOSPI,fz0_avg,autoets,timesfm,4837,4837,0
KOSPI,fz0_avg,chronos,autoarima,4837,4837,0
KOSPI,fz0_avg,chronos,autoets,4837,4837,0
KOSPI,fz0_avg,chronos,chronos,4837,4837,0
KOSPI,fz0_avg,chronos,ewma,4837,4837,0
KOSPI,fz0_avg,chronos,garch11,4837,4837,0
KOSPI,fz0_avg,chronos,garch11_t,4837,4837,0
KOSPI,fz0_avg,chronos,gjr,4837,4837,0
KOSPI,fz0_avg,chronos,har,4837,4837,0
KOSPI,fz0_avg,chronos,lgbm,4837,4837,0
KOSPI,fz0_avg,chronos,moirai,4837,4837,0
KOSPI,fz0_avg,chronos,naive,4837,4837,0
KOSPI,fz0_avg,chronos,patchtst,4837,4837,0
KOSPI,fz0_avg,chronos,timesfm,4837,4837,0
KOSPI,fz0_avg,ewma,autoarima,4837,4837,0
KOSPI,fz0_avg,ewma,autoets,4837,4837,0
KOSPI,fz0_avg,ewma,chronos,4837,4837,0
KOSPI,fz0_avg,ewma,ewma,4837,4837,0
KOSPI,fz0_avg,ewma,garch11,4837,4837,0
KOSPI,fz0_avg,ewma,garch11_t,4837,4837,0
KOSPI,fz0_avg,ewma,gjr,4837,4837,0
KOSPI,fz0_avg,ewma,har,4837,4837,0
KOSPI,fz0_avg,ewma,lgbm,4837,4837,0
KOSPI,fz0_avg,ewma,moirai,4837,4837,0
KOSPI,fz0_avg,ewma,naive,4837,4837,0
KOSPI,fz0_avg,ewma,patchtst,4837,4837,0
KOSPI,fz0_avg,ewma,timesfm,4837,4837,0
KOSPI,fz0_avg,garch11,autoarima,4837,4837,0
KOSPI,fz0_avg,garch11,autoets,4837,4837,0
KOSPI,fz0_avg,garch11,chronos,4837,4837,0
KOSPI,fz0_avg,garch11,ewma,4837,4837,0
KOSPI,fz0_avg,garch11,garch11,4837,4837,0
KOSPI,fz0_avg,garch11,garch11_t,4837,4837,0
KOSPI,fz0_avg,garch11,gjr,4837,4837,0
KOSPI,fz0_avg,garch11,har,4837,4837,0
KOSPI,fz0_avg,garch11,lgbm,4837,4837,0
KOSPI,fz0_avg,garch11,moirai,4837,4837,0
KOSPI,fz0_avg,garch11,naive,4837,4837,0
KOSPI,fz0_avg,garch11,patchtst,4837,4837,0
KOSPI,fz0_avg,garch11,timesfm,4837,4837,0
KOSPI,fz0_avg,garch11_t,autoarima,4837,4837,0
KOSPI,fz0_avg,garch11_t,autoets,4837,4837,0
KOSPI,fz0_avg,garch11_t,chronos,4837,4837,0
KOSPI,fz0_avg,garch11_t,ewma,4837,4837,0
KOSPI,fz0_avg,garch11_t,garch11,4837,4837,0
KOSPI,fz0_avg,garch11_t,garch11_t,4837,4837,0
KOSPI,fz0_avg,garch11_t,gjr,4837,4837,0
KOSPI,fz0_avg,garch11_t,har,4837,4837,0
KOSPI,fz0_avg,garch11_t,lgbm,4837,4837,0
KOSPI,fz0_avg,garch11_t,moirai,4837,4837,0
KOSPI,fz0_avg,garch11_t,naive,4837,4837,0
KOSPI,fz0_avg,garch11_t,patchtst,4837,4837,0
KOSPI,fz0_avg,garch11_t,timesfm,4837,4837,0
KOSPI,fz0_avg,gjr,autoarima,4837,4837,0
KOSPI,fz0_avg,gjr,autoets,4837,4837,0
KOSPI,fz0_avg,gjr,chronos,4837,4837,0
KOSPI,fz0_avg,gjr,ewma,4837,4837,0
KOSPI,fz0_avg,gjr,garch11,4837,4837,0
KOSPI,fz0_avg,gjr,garch11_t,4837,4837,0
KOSPI,fz0_avg,gjr,gjr,4837,4837,0
KOSPI,fz0_avg,gjr,har,4837,4837,0
KOSPI,fz0_avg,gjr,lgbm,4837,4837,0
KOSPI,fz0_avg,gjr,moirai,4837,4837,0
KOSPI,fz0_avg,gjr,naive,4837,4837,0
KOSPI,fz0_avg,gjr,patchtst,4837,4837,0
KOSPI,fz0_avg,gjr,timesfm,4837,4837,0
KOSPI,fz0_avg,har,autoarima,4837,4837,0
KOSPI,fz0_avg,har,autoets,4837,4837,0
KOSPI,fz0_avg,har,chronos,4837,4837,0
KOSPI,fz0_avg,har,ewma,4837,4837,0
KOSPI,fz0_avg,har,garch11,4837,4837,0
KOSPI,fz0_avg,har,garch11_t,4837,4837,0
KOSPI,fz0_avg,har,gjr,4837,4837,0
KOSPI,fz0_avg,har,har,4837,4837,0
KOSPI,fz0_avg,har,lgbm,4837,4837,0
KOSPI,fz0_avg,har,moirai,4837,4837,0
KOSPI,fz0_avg,har,naive,4837,4837,0
KOSPI,fz0_avg,har,patchtst,4837,4837,0
KOSPI,fz0_avg,har,timesfm,4837,4837,0
KOSPI,fz0_avg,lgbm,autoarima,4837,4837,0
KOSPI,fz0_avg,lgbm,autoets,4837,4837,0
KOSPI,fz0_avg,lgbm,chronos,4837,4837,0
KOSPI,fz0_avg,lgbm,ewma,4837,4837,0
KOSPI,fz0_avg,lgbm,garch11,4837,4837,0
KOSPI,fz0_avg,lgbm,garch11_t,4837,4837,0
KOSPI,fz0_avg,lgbm,gjr,4837,4837,0
KOSPI,fz0_avg,lgbm,har,4837,4837,0
KOSPI,fz0_avg,lgbm,lgbm,4837,4837,0
KOSPI,fz0_avg,lgbm,moirai,4837,4837,0
KOSPI,fz0_avg,lgbm,naive,4837,4837,0
KOSPI,fz0_avg,lgbm,patchtst,4837,4837,0
KOSPI,fz0_avg,lgbm,timesfm,4837,4837,0
KOSPI,fz0_avg,moirai,autoarima,4837,4837,0
KOSPI,fz0_avg,moirai,autoets,4837,4837,0
KOSPI,fz0_avg,moirai,chronos,4837,4837,0
KOSPI,fz0_avg,moirai,ewma,4837,4837,0
KOSPI,fz0_avg,moirai,garch11,4837,4837,0
KOSPI,fz0_avg,moirai,garch11_t,4837,4837,0
KOSPI,fz0_avg,moirai,gjr,4837,4837,0
KOSPI,fz0_avg,moirai,har,4837,4837,0
KOSPI,fz0_avg,moirai,lgbm,4837,4837,0
KOSPI,fz0_avg,moirai,moirai,4837,4837,0
KOSPI,fz0_avg,moirai,naive,4837,4837,0
KOSPI,fz0_avg,moirai,patchtst,4837,4837,0
KOSPI,fz0_avg,moirai,timesfm,4837,4837,0
KOSPI,fz0_avg,naive,autoarima,4837,4837,0
KOSPI,fz0_avg,naive,autoets,4837,4837,0
KOSPI,fz0_avg,naive,chronos,4837,4837,0
KOSPI,fz0_avg,naive,ewma,4837,4837,0
KOSPI,fz0_avg,naive,garch11,4837,4837,0
KOSPI,fz0_avg,naive,garch11_t,4837,4837,0
KOSPI,fz0_avg,naive,gjr,4837,4837,0
KOSPI,fz0_avg,naive,har,4837,4837,0
KOSPI,fz0_avg,naive,lgbm,4837,4837,0
KOSPI,fz0_avg,naive,moirai,4837,4837,0
KOSPI,fz0_avg,naive,naive,4837,4837,0
KOSPI,fz0_avg,naive,patchtst,4837,4837,0
KOSPI,fz0_avg,naive,timesfm,4837,4837,0
KOSPI,fz0_avg,patchtst,autoarima,4837,4837,0
KOSPI,fz0_avg,patchtst,autoets,4837,4837,0
KOSPI,fz0_avg,patchtst,chronos,4837,4837,0
KOSPI,fz0_avg,patchtst,ewma,4837,4837,0
KOSPI,fz0_avg,patchtst,garch11,4837,4837,0
KOSPI,fz0_avg,patchtst,garch11_t,4837,4837,0
KOSPI,fz0_avg,patchtst,gjr,4837,4837,0
KOSPI,fz0_avg,patchtst,har,4837,4837,0
KOSPI,fz0_avg,patchtst,lgbm,4837,4837,0
KOSPI,fz0_avg,patchtst,moirai,4837,4837,0
KOSPI,fz0_avg,patchtst,naive,4837,4837,0
KOSPI,fz0_avg,patchtst,patchtst,4837,4837,0
KOSPI,fz0_avg,patchtst,timesfm,4837,4837,0
KOSPI,fz0_avg,timesfm,autoarima,4837,4837,0
KOSPI,fz0_avg,timesfm,autoets,4837,4837,0
KOSPI,fz0_avg,timesfm,chronos,4837,4837,0
KOSPI,fz0_avg,timesfm,ewma,4837,4837,0
KOSPI,fz0_avg,timesfm,garch11,4837,4837,0
KOSPI,fz0_avg,timesfm,garch11_t,4837,4837,0
KOSPI,fz0_avg,timesfm,gjr,4837,4837,0
KOSPI,fz0_avg,timesfm,har,4837,4837,0
KOSPI,fz0_avg,timesfm,lgbm,4837,4837,0
KOSPI,fz0_avg,timesfm,moirai,4837,4837,0
KOSPI,fz0_avg,timesfm,naive,4837,4837,0
KOSPI,fz0_avg,timesfm,patchtst,4837,4837,0
KOSPI,fz0_avg,timesfm,timesfm,4837,4837,0
NDX,crps,autoarima,autoarima,4942,4942,0
NDX,crps,autoarima,autoets,4942,4942,0
NDX,crps,autoarima,chronos,4942,4942,0
NDX,crps,autoarima,ewma,4942,4942,0
NDX,crps,autoarima,garch11,4942,4942,0
NDX,crps,autoarima,garch11_t,4942,4942,0
NDX,crps,autoarima,gjr,4942,4942,0
NDX,crps,autoarima,har,4942,4942,0
NDX,crps,autoarima,lgbm,4942,4942,0
NDX,crps,autoarima,moirai,4942,4942,0
NDX,crps,autoarima,naive,4942,4942,0
NDX,crps,autoarima,patchtst,4942,4942,0
NDX,crps,autoarima,timesfm,4942,4942,0
NDX,crps,autoets,autoarima,4942,4942,0
NDX,crps,autoets,autoets,4942,4942,0
NDX,crps,autoets,chronos,4942,4942,0
NDX,crps,autoets,ewma,4942,4942,0
NDX,crps,autoets,garch11,4942,4942,0
NDX,crps,autoets,garch11_t,4942,4942,0
NDX,crps,autoets,gjr,4942,4942,0
NDX,crps,autoets,har,4942,4942,0
NDX,crps,autoets,lgbm,4942,4942,0
NDX,crps,autoets,moirai,4942,4942,0
NDX,crps,autoets,naive,4942,4942,0
NDX,crps,autoets,patchtst,4942,4942,0
NDX,crps,autoets,timesfm,4942,4942,0
NDX,crps,chronos,autoarima,4942,4942,0
NDX,crps,chronos,autoets,4942,4942,0
NDX,crps,chronos,chronos,4942,4942,0
NDX,crps,chronos,ewma,4942,4942,0
NDX,crps,chronos,garch11,4942,4942,0
NDX,crps,chronos,garch11_t,4942,4942,0
NDX,crps,chronos,gjr,4942,4942,0
NDX,crps,chronos,har,4942,4942,0
NDX,crps,chronos,lgbm,4942,4942,0
NDX,crps,chronos,moirai,4942,4942,0
NDX,crps,chronos,naive,4942,4942,0
NDX,crps,chronos,patchtst,4942,4942,0
NDX,crps,chronos,timesfm,4942,4942,0
NDX,crps,ewma,autoarima,4942,4942,0
NDX,crps,ewma,autoets,4942,4942,0
NDX,crps,ewma,chronos,4942,4942,0
NDX,crps,ewma,ewma,4942,4942,0
NDX,crps,ewma,garch11,4942,4942,0
NDX,crps,ewma,garch11_t,4942,4942,0
NDX,crps,ewma,gjr,4942,4942,0
NDX,crps,ewma,har,4942,4942,0
NDX,crps,ewma,lgbm,4942,4942,0
NDX,crps,ewma,moirai,4942,4942,0
NDX,crps,ewma,naive,4942,4942,0
NDX,crps,ewma,patchtst,4942,4942,0
NDX,crps,ewma,timesfm,4942,4942,0
NDX,crps,garch11,autoarima,4942,4942,0
NDX,crps,garch11,autoets,4942,4942,0
NDX,crps,garch11,chronos,4942,4942,0
NDX,crps,garch11,ewma,4942,4942,0
NDX,crps,garch11,garch11,4942,4942,0
NDX,crps,garch11,garch11_t,4942,4942,0
NDX,crps,garch11,gjr,4942,4942,0
NDX,crps,garch11,har,4942,4942,0
NDX,crps,garch11,lgbm,4942,4942,0
NDX,crps,garch11,moirai,4942,4942,0
NDX,crps,garch11,naive,4942,4942,0
NDX,crps,garch11,patchtst,4942,4942,0
NDX,crps,garch11,timesfm,4942,4942,0
NDX,crps,garch11_t,autoarima,4942,4942,0
NDX,crps,garch11_t,autoets,4942,4942,0
NDX,crps,garch11_t,chronos,4942,4942,0
NDX,crps,garch11_t,ewma,4942,4942,0
NDX,crps,garch11_t,garch11,4942,4942,0
NDX,crps,garch11_t,garch11_t,4942,4942,0
NDX,crps,garch11_t,gjr,4942,4942,0
NDX,crps,garch11_t,har,4942,4942,0
NDX,crps,garch11_t,lgbm,4942,4942,0
NDX,crps,garch11_t,moirai,4942,4942,0
NDX,crps,garch11_t,naive,4942,4942,0
NDX,crps,garch11_t,patchtst,4942,4942,0
NDX,crps,garch11_t,timesfm,4942,4942,0
NDX,crps,gjr,autoarima,4942,4942,0
NDX,crps,gjr,autoets,4942,4942,0
NDX,crps,gjr,chronos,4942,4942,0
NDX,crps,gjr,ewma,4942,4942,0
NDX,crps,gjr,garch11,4942,4942,0
NDX,crps,gjr,garch11_t,4942,4942,0
NDX,crps,gjr,gjr,4942,4942,0
NDX,crps,gjr,har,4942,4942,0
NDX,crps,gjr,lgbm,4942,4942,0
NDX,crps,gjr,moirai,4942,4942,0
NDX,crps,gjr,naive,4942,4942,0
NDX,crps,gjr,patchtst,4942,4942,0
NDX,crps,gjr,timesfm,4942,4942,0
NDX,crps,har,autoarima,4942,4942,0
NDX,crps,har,autoets,4942,4942,0
NDX,crps,har,chronos,4942,4942,0
NDX,crps,har,ewma,4942,4942,0
NDX,crps,har,garch11,4942,4942,0
NDX,crps,har,garch11_t,4942,4942,0
NDX,crps,har,gjr,4942,4942,0
NDX,crps,har,har,4942,4942,0
NDX,crps,har,lgbm,4942,4942,0
NDX,crps,har,moirai,4942,4942,0
NDX,crps,har,naive,4942,4942,0
NDX,crps,har,patchtst,4942,4942,0
NDX,crps,har,timesfm,4942,4942,0
NDX,crps,lgbm,autoarima,4942,4942,0
NDX,crps,lgbm,autoets,4942,4942,0
NDX,crps,lgbm,chronos,4942,4942,0
NDX,crps,lgbm,ewma,4942,4942,0
NDX,crps,lgbm,garch11,4942,4942,0
NDX,crps,lgbm,garch11_t,4942,4942,0
NDX,crps,lgbm,gjr,4942,4942,0
NDX,crps,lgbm,har,4942,4942,0
NDX,crps,lgbm,lgbm,4942,4942,0
NDX,crps,lgbm,moirai,4942,4942,0
NDX,crps,lgbm,naive,4942,4942,0
NDX,crps,lgbm,patchtst,4942,4942,0
NDX,crps,lgbm,timesfm,4942,4942,0
NDX,crps,moirai,autoarima,4942,4942,0
NDX,crps,moirai,autoets,4942,4942,0
NDX,crps,moirai,chronos,4942,4942,0
NDX,crps,moirai,ewma,4942,4942,0
NDX,crps,moirai,garch11,4942,4942,0
NDX,crps,moirai,garch11_t,4942,4942,0
NDX,crps,moirai,gjr,4942,4942,0
NDX,crps,moirai,har,4942,4942,0
NDX,crps,moirai,lgbm,4942,4942,0
NDX,crps,moirai,moirai,4942,4942,0
NDX,crps,moirai,naive,4942,4942,0
NDX,crps,moirai,patchtst,4942,4942,0
NDX,crps,moirai,timesfm,4942,4942,0
NDX,crps,naive,autoarima,4942,4942,0
NDX,crps,naive,autoets,4942,4942,0
NDX,crps,naive,chronos,4942,4942,0
NDX,crps,naive,ewma,4942,4942,0
NDX,crps,naive,garch11,4942,4942,0
NDX,crps,naive,garch11_t,4942,4942,0
NDX,crps,naive,gjr,4942,4942,0
NDX,crps,naive,har,4942,4942,0
NDX,crps,naive,lgbm,4942,4942,0
NDX,crps,naive,moirai,4942,4942,0
NDX,crps,naive,naive,4942,4942,0
NDX,crps,naive,patchtst,4942,4942,0
NDX,crps,naive,timesfm,4942,4942,0
NDX,crps,patchtst,autoarima,4942,4942,0
NDX,crps,patchtst,autoets,4942,4942,0
NDX,crps,patchtst,chronos,4942,4942,0
NDX,crps,patchtst,ewma,4942,4942,0
NDX,crps,patchtst,garch11,4942,4942,0
NDX,crps,patchtst,garch11_t,4942,4942,0
NDX,crps,patchtst,gjr,4942,4942,0
NDX,crps,patchtst,har,4942,4942,0
NDX,crps,patchtst,lgbm,4942,4942,0
NDX,crps,patchtst,moirai,4942,4942,0
NDX,crps,patchtst,naive,4942,4942,0
NDX,crps,patchtst,patchtst,4942,4942,0
NDX,crps,patchtst,timesfm,4942,4942,0
NDX,crps,timesfm,autoarima,4942,4942,0
NDX,crps,timesfm,autoets,4942,4942,0
NDX,crps,timesfm,chronos,4942,4942,0
NDX,crps,timesfm,ewma,4942,4942,0
NDX,crps,timesfm,garch11,4942,4942,0
NDX,crps,timesfm,garch11_t,4942,4942,0
NDX,crps,timesfm,gjr,4942,4942,0
NDX,crps,timesfm,har,4942,4942,0
NDX,crps,timesfm,lgbm,4942,4942,0
NDX,crps,timesfm,moirai,4942,4942,0
NDX,crps,timesfm,naive,4942,4942,0
NDX,crps,timesfm,patchtst,4942,4942,0
NDX,crps,timesfm,timesfm,4942,4942,0
NDX,log_score,autoarima,autoarima,4942,4942,0
NDX,log_score,autoarima,autoets,4942,4942,0
NDX,log_score,autoarima,chronos,4942,4942,0
NDX,log_score,autoarima,ewma,4942,4942,0
NDX,log_score,autoarima,garch11,4942,4942,0
NDX,log_score,autoarima,garch11_t,4942,4942,0
NDX,log_score,autoarima,gjr,4942,4942,0
NDX,log_score,autoarima,har,4942,4942,0
NDX,log_score,autoarima,lgbm,4942,4942,0
NDX,log_score,autoarima,moirai,4942,4942,0
NDX,log_score,autoarima,naive,4942,4942,0
NDX,log_score,autoarima,patchtst,4942,4942,0
NDX,log_score,autoarima,timesfm,4942,4942,0
NDX,log_score,autoets,autoarima,4942,4942,0
NDX,log_score,autoets,autoets,4942,4942,0
NDX,log_score,autoets,chronos,4942,4942,0
NDX,log_score,autoets,ewma,4942,4942,0
NDX,log_score,autoets,garch11,4942,4942,0
NDX,log_score,autoets,garch11_t,4942,4942,0
NDX,log_score,autoets,gjr,4942,4942,0
NDX,log_score,autoets,har,4942,4942,0
NDX,log_score,autoets,lgbm,4942,4942,0
NDX,log_score,autoets,moirai,4942,4942,0
NDX,log_score,autoets,naive,4942,4942,0
NDX,log_score,autoets,patchtst,4942,4942,0
NDX,log_score,autoets,timesfm,4942,4942,0
NDX,log_score,chronos,autoarima,4942,4942,0
NDX,log_score,chronos,autoets,4942,4942,0
NDX,log_score,chronos,chronos,4942,4942,0
NDX,log_score,chronos,ewma,4942,4942,0
NDX,log_score,chronos,garch11,4942,4942,0
NDX,log_score,chronos,garch11_t,4942,4942,0
NDX,log_score,chronos,gjr,4942,4942,0
NDX,log_score,chronos,har,4942,4942,0
NDX,log_score,chronos,lgbm,4942,4942,0
NDX,log_score,chronos,moirai,4942,4942,0
NDX,log_score,chronos,naive,4942,4942,0
NDX,log_score,chronos,patchtst,4942,4942,0
NDX,log_score,chronos,timesfm,4942,4942,0
NDX,log_score,ewma,autoarima,4942,4942,0
NDX,log_score,ewma,autoets,4942,4942,0
NDX,log_score,ewma,chronos,4942,4942,0
NDX,log_score,ewma,ewma,4942,4942,0
NDX,log_score,ewma,garch11,4942,4942,0
NDX,log_score,ewma,garch11_t,4942,4942,0
NDX,log_score,ewma,gjr,4942,4942,0
NDX,log_score,ewma,har,4942,4942,0
NDX,log_score,ewma,lgbm,4942,4942,0
NDX,log_score,ewma,moirai,4942,4942,0
NDX,log_score,ewma,naive,4942,4942,0
NDX,log_score,ewma,patchtst,4942,4942,0
NDX,log_score,ewma,timesfm,4942,4942,0
NDX,log_score,garch11,autoarima,4942,4942,0
NDX,log_score,garch11,autoets,4942,4942,0
NDX,log_score,garch11,chronos,4942,4942,0
NDX,log_score,garch11,ewma,4942,4942,0
NDX,log_score,garch11,garch11,4942,4942,0
NDX,log_score,garch11,garch11_t,4942,4942,0
NDX,log_score,garch11,gjr,4942,4942,0
NDX,log_score,garch11,har,4942,4942,0
NDX,log_score,garch11,lgbm,4942,4942,0
NDX,log_score,garch11,moirai,4942,4942,0
NDX,log_score,garch11,naive,4942,4942,0
NDX,log_score,garch11,patchtst,4942,4942,0
NDX,log_score,garch11,timesfm,4942,4942,0
NDX,log_score,garch11_t,autoarima,4942,4942,0
NDX,log_score,garch11_t,autoets,4942,4942,0
NDX,log_score,garch11_t,chronos,4942,4942,0
NDX,log_score,garch11_t,ewma,4942,4942,0
NDX,log_score,garch11_t,garch11,4942,4942,0
NDX,log_score,garch11_t,garch11_t,4942,4942,0
NDX,log_score,garch11_t,gjr,4942,4942,0
NDX,log_score,garch11_t,har,4942,4942,0
NDX,log_score,garch11_t,lgbm,4942,4942,0
NDX,log_score,garch11_t,moirai,4942,4942,0
NDX,log_score,garch11_t,naive,4942,4942,0
NDX,log_score,garch11_t,patchtst,4942,4942,0
NDX,log_score,garch11_t,timesfm,4942,4942,0
NDX,log_score,gjr,autoarima,4942,4942,0
NDX,log_score,gjr,autoets,4942,4942,0
NDX,log_score,gjr,chronos,4942,4942,0
NDX,log_score,gjr,ewma,4942,4942,0
NDX,log_score,gjr,garch11,4942,4942,0
NDX,log_score,gjr,garch11_t,4942,4942,0
NDX,log_score,gjr,gjr,4942,4942,0
NDX,log_score,gjr,har,4942,4942,0
NDX,log_score,gjr,lgbm,4942,4942,0
NDX,log_score,gjr,moirai,4942,4942,0
NDX,log_score,gjr,naive,4942,4942,0
NDX,log_score,gjr,patchtst,4942,4942,0
NDX,log_score,gjr,timesfm,4942,4942,0
NDX,log_score,har,autoarima,4942,4942,0
NDX,log_score,har,autoets,4942,4942,0
NDX,log_score,har,chronos,4942,4942,0
NDX,log_score,har,ewma,4942,4942,0
NDX,log_score,har,garch11,4942,4942,0
NDX,log_score,har,garch11_t,4942,4942,0
NDX,log_score,har,gjr,4942,4942,0
NDX,log_score,har,har,4942,4942,0
NDX,log_score,har,lgbm,4942,4942,0
NDX,log_score,har,moirai,4942,4942,0
NDX,log_score,har,naive,4942,4942,0
NDX,log_score,har,patchtst,4942,4942,0
NDX,log_score,har,timesfm,4942,4942,0
NDX,log_score,lgbm,autoarima,4942,4942,0
NDX,log_score,lgbm,autoets,4942,4942,0
NDX,log_score,lgbm,chronos,4942,4942,0
NDX,log_score,lgbm,ewma,4942,4942,0
NDX,log_score,lgbm,garch11,4942,4942,0
NDX,log_score,lgbm,garch11_t,4942,4942,0
NDX,log_score,lgbm,gjr,4942,4942,0
NDX,log_score,lgbm,har,4942,4942,0
NDX,log_score,lgbm,lgbm,4942,4942,0
NDX,log_score,lgbm,moirai,4942,4942,0
NDX,log_score,lgbm,naive,4942,4942,0
NDX,log_score,lgbm,patchtst,4942,4942,0
NDX,log_score,lgbm,timesfm,4942,4942,0
NDX,log_score,moirai,autoarima,4942,4942,0
NDX,log_score,moirai,autoets,4942,4942,0
NDX,log_score,moirai,chronos,4942,4942,0
NDX,log_score,moirai,ewma,4942,4942,0
NDX,log_score,moirai,garch11,4942,4942,0
NDX,log_score,moirai,garch11_t,4942,4942,0
NDX,log_score,moirai,gjr,4942,4942,0
NDX,log_score,moirai,har,4942,4942,0
NDX,log_score,moirai,lgbm,4942,4942,0
NDX,log_score,moirai,moirai,4942,4942,0
NDX,log_score,moirai,naive,4942,4942,0
NDX,log_score,moirai,patchtst,4942,4942,0
NDX,log_score,moirai,timesfm,4942,4942,0
NDX,log_score,naive,autoarima,4942,4942,0
NDX,log_score,naive,autoets,4942,4942,0
NDX,log_score,naive,chronos,4942,4942,0
NDX,log_score,naive,ewma,4942,4942,0
NDX,log_score,naive,garch11,4942,4942,0
NDX,log_score,naive,garch11_t,4942,4942,0
NDX,log_score,naive,gjr,4942,4942,0
NDX,log_score,naive,har,4942,4942,0
NDX,log_score,naive,lgbm,4942,4942,0
NDX,log_score,naive,moirai,4942,4942,0
NDX,log_score,naive,naive,4942,4942,0
NDX,log_score,naive,patchtst,4942,4942,0
NDX,log_score,naive,timesfm,4942,4942,0
NDX,log_score,patchtst,autoarima,4942,4942,0
NDX,log_score,patchtst,autoets,4942,4942,0
NDX,log_score,patchtst,chronos,4942,4942,0
NDX,log_score,patchtst,ewma,4942,4942,0
NDX,log_score,patchtst,garch11,4942,4942,0
NDX,log_score,patchtst,garch11_t,4942,4942,0
NDX,log_score,patchtst,gjr,4942,4942,0
NDX,log_score,patchtst,har,4942,4942,0
NDX,log_score,patchtst,lgbm,4942,4942,0
NDX,log_score,patchtst,moirai,4942,4942,0
NDX,log_score,patchtst,naive,4942,4942,0
NDX,log_score,patchtst,patchtst,4942,4942,0
NDX,log_score,patchtst,timesfm,4942,4942,0
NDX,log_score,timesfm,autoarima,4942,4942,0
NDX,log_score,timesfm,autoets,4942,4942,0
NDX,log_score,timesfm,chronos,4942,4942,0
NDX,log_score,timesfm,ewma,4942,4942,0
NDX,log_score,timesfm,garch11,4942,4942,0
NDX,log_score,timesfm,garch11_t,4942,4942,0
NDX,log_score,timesfm,gjr,4942,4942,0
NDX,log_score,timesfm,har,4942,4942,0
NDX,log_score,timesfm,lgbm,4942,4942,0
NDX,log_score,timesfm,moirai,4942,4942,0
NDX,log_score,timesfm,naive,4942,4942,0
NDX,log_score,timesfm,patchtst,4942,4942,0
NDX,log_score,timesfm,timesfm,4942,4942,0
NDX,pinball_0p01,autoarima,autoarima,4942,4942,0
NDX,pinball_0p01,autoarima,autoets,4942,4942,0
NDX,pinball_0p01,autoarima,chronos,4942,4942,0
NDX,pinball_0p01,autoarima,ewma,4942,4942,0
NDX,pinball_0p01,autoarima,garch11,4942,4942,0
NDX,pinball_0p01,autoarima,garch11_t,4942,4942,0
NDX,pinball_0p01,autoarima,gjr,4942,4942,0
NDX,pinball_0p01,autoarima,har,4942,4942,0
NDX,pinball_0p01,autoarima,lgbm,4942,4942,0
NDX,pinball_0p01,autoarima,moirai,4942,4942,0
NDX,pinball_0p01,autoarima,naive,4942,4942,0
NDX,pinball_0p01,autoarima,patchtst,4942,4942,0
NDX,pinball_0p01,autoarima,timesfm,4942,4942,0
NDX,pinball_0p01,autoets,autoarima,4942,4942,0
NDX,pinball_0p01,autoets,autoets,4942,4942,0
NDX,pinball_0p01,autoets,chronos,4942,4942,0
NDX,pinball_0p01,autoets,ewma,4942,4942,0
NDX,pinball_0p01,autoets,garch11,4942,4942,0
NDX,pinball_0p01,autoets,garch11_t,4942,4942,0
NDX,pinball_0p01,autoets,gjr,4942,4942,0
NDX,pinball_0p01,autoets,har,4942,4942,0
NDX,pinball_0p01,autoets,lgbm,4942,4942,0
NDX,pinball_0p01,autoets,moirai,4942,4942,0
NDX,pinball_0p01,autoets,naive,4942,4942,0
NDX,pinball_0p01,autoets,patchtst,4942,4942,0
NDX,pinball_0p01,autoets,timesfm,4942,4942,0
NDX,pinball_0p01,chronos,autoarima,4942,4942,0
NDX,pinball_0p01,chronos,autoets,4942,4942,0
NDX,pinball_0p01,chronos,chronos,4942,4942,0
NDX,pinball_0p01,chronos,ewma,4942,4942,0
NDX,pinball_0p01,chronos,garch11,4942,4942,0
NDX,pinball_0p01,chronos,garch11_t,4942,4942,0
NDX,pinball_0p01,chronos,gjr,4942,4942,0
NDX,pinball_0p01,chronos,har,4942,4942,0
NDX,pinball_0p01,chronos,lgbm,4942,4942,0
NDX,pinball_0p01,chronos,moirai,4942,4942,0
NDX,pinball_0p01,chronos,naive,4942,4942,0
NDX,pinball_0p01,chronos,patchtst,4942,4942,0
NDX,pinball_0p01,chronos,timesfm,4942,4942,0
NDX,pinball_0p01,ewma,autoarima,4942,4942,0
NDX,pinball_0p01,ewma,autoets,4942,4942,0
NDX,pinball_0p01,ewma,chronos,4942,4942,0
NDX,pinball_0p01,ewma,ewma,4942,4942,0
NDX,pinball_0p01,ewma,garch11,4942,4942,0
NDX,pinball_0p01,ewma,garch11_t,4942,4942,0
NDX,pinball_0p01,ewma,gjr,4942,4942,0
NDX,pinball_0p01,ewma,har,4942,4942,0
NDX,pinball_0p01,ewma,lgbm,4942,4942,0
NDX,pinball_0p01,ewma,moirai,4942,4942,0
NDX,pinball_0p01,ewma,naive,4942,4942,0
NDX,pinball_0p01,ewma,patchtst,4942,4942,0
NDX,pinball_0p01,ewma,timesfm,4942,4942,0
NDX,pinball_0p01,garch11,autoarima,4942,4942,0
NDX,pinball_0p01,garch11,autoets,4942,4942,0
NDX,pinball_0p01,garch11,chronos,4942,4942,0
NDX,pinball_0p01,garch11,ewma,4942,4942,0
NDX,pinball_0p01,garch11,garch11,4942,4942,0
NDX,pinball_0p01,garch11,garch11_t,4942,4942,0
NDX,pinball_0p01,garch11,gjr,4942,4942,0
NDX,pinball_0p01,garch11,har,4942,4942,0
NDX,pinball_0p01,garch11,lgbm,4942,4942,0
NDX,pinball_0p01,garch11,moirai,4942,4942,0
NDX,pinball_0p01,garch11,naive,4942,4942,0
NDX,pinball_0p01,garch11,patchtst,4942,4942,0
NDX,pinball_0p01,garch11,timesfm,4942,4942,0
NDX,pinball_0p01,garch11_t,autoarima,4942,4942,0
NDX,pinball_0p01,garch11_t,autoets,4942,4942,0
NDX,pinball_0p01,garch11_t,chronos,4942,4942,0
NDX,pinball_0p01,garch11_t,ewma,4942,4942,0
NDX,pinball_0p01,garch11_t,garch11,4942,4942,0
NDX,pinball_0p01,garch11_t,garch11_t,4942,4942,0
NDX,pinball_0p01,garch11_t,gjr,4942,4942,0
NDX,pinball_0p01,garch11_t,har,4942,4942,0
NDX,pinball_0p01,garch11_t,lgbm,4942,4942,0
NDX,pinball_0p01,garch11_t,moirai,4942,4942,0
NDX,pinball_0p01,garch11_t,naive,4942,4942,0
NDX,pinball_0p01,garch11_t,patchtst,4942,4942,0
NDX,pinball_0p01,garch11_t,timesfm,4942,4942,0
NDX,pinball_0p01,gjr,autoarima,4942,4942,0
NDX,pinball_0p01,gjr,autoets,4942,4942,0
NDX,pinball_0p01,gjr,chronos,4942,4942,0
NDX,pinball_0p01,gjr,ewma,4942,4942,0
NDX,pinball_0p01,gjr,garch11,4942,4942,0
NDX,pinball_0p01,gjr,garch11_t,4942,4942,0
NDX,pinball_0p01,gjr,gjr,4942,4942,0
NDX,pinball_0p01,gjr,har,4942,4942,0
NDX,pinball_0p01,gjr,lgbm,4942,4942,0
NDX,pinball_0p01,gjr,moirai,4942,4942,0
NDX,pinball_0p01,gjr,naive,4942,4942,0
NDX,pinball_0p01,gjr,patchtst,4942,4942,0
NDX,pinball_0p01,gjr,timesfm,4942,4942,0
NDX,pinball_0p01,har,autoarima,4942,4942,0
NDX,pinball_0p01,har,autoets,4942,4942,0
NDX,pinball_0p01,har,chronos,4942,4942,0
NDX,pinball_0p01,har,ewma,4942,4942,0
NDX,pinball_0p01,har,garch11,4942,4942,0
NDX,pinball_0p01,har,garch11_t,4942,4942,0
NDX,pinball_0p01,har,gjr,4942,4942,0
NDX,pinball_0p01,har,har,4942,4942,0
NDX,pinball_0p01,har,lgbm,4942,4942,0
NDX,pinball_0p01,har,moirai,4942,4942,0
NDX,pinball_0p01,har,naive,4942,4942,0
NDX,pinball_0p01,har,patchtst,4942,4942,0
NDX,pinball_0p01,har,timesfm,4942,4942,0
NDX,pinball_0p01,lgbm,autoarima,4942,4942,0
NDX,pinball_0p01,lgbm,autoets,4942,4942,0
NDX,pinball_0p01,lgbm,chronos,4942,4942,0
NDX,pinball_0p01,lgbm,ewma,4942,4942,0
NDX,pinball_0p01,lgbm,garch11,4942,4942,0
NDX,pinball_0p01,lgbm,garch11_t,4942,4942,0
NDX,pinball_0p01,lgbm,gjr,4942,4942,0
NDX,pinball_0p01,lgbm,har,4942,4942,0
NDX,pinball_0p01,lgbm,lgbm,4942,4942,0
NDX,pinball_0p01,lgbm,moirai,4942,4942,0
NDX,pinball_0p01,lgbm,naive,4942,4942,0
NDX,pinball_0p01,lgbm,patchtst,4942,4942,0
NDX,pinball_0p01,lgbm,timesfm,4942,4942,0
NDX,pinball_0p01,moirai,autoarima,4942,4942,0
NDX,pinball_0p01,moirai,autoets,4942,4942,0
NDX,pinball_0p01,moirai,chronos,4942,4942,0
NDX,pinball_0p01,moirai,ewma,4942,4942,0
NDX,pinball_0p01,moirai,garch11,4942,4942,0
NDX,pinball_0p01,moirai,garch11_t,4942,4942,0
NDX,pinball_0p01,moirai,gjr,4942,4942,0
NDX,pinball_0p01,moirai,har,4942,4942,0
NDX,pinball_0p01,moirai,lgbm,4942,4942,0
NDX,pinball_0p01,moirai,moirai,4942,4942,0
NDX,pinball_0p01,moirai,naive,4942,4942,0
NDX,pinball_0p01,moirai,patchtst,4942,4942,0
NDX,pinball_0p01,moirai,timesfm,4942,4942,0
NDX,pinball_0p01,naive,autoarima,4942,4942,0
NDX,pinball_0p01,naive,autoets,4942,4942,0
NDX,pinball_0p01,naive,chronos,4942,4942,0
NDX,pinball_0p01,naive,ewma,4942,4942,0
NDX,pinball_0p01,naive,garch11,4942,4942,0
NDX,pinball_0p01,naive,garch11_t,4942,4942,0
NDX,pinball_0p01,naive,gjr,4942,4942,0
NDX,pinball_0p01,naive,har,4942,4942,0
NDX,pinball_0p01,naive,lgbm,4942,4942,0
NDX,pinball_0p01,naive,moirai,4942,4942,0
NDX,pinball_0p01,naive,naive,4942,4942,0
NDX,pinball_0p01,naive,patchtst,4942,4942,0
NDX,pinball_0p01,naive,timesfm,4942,4942,0
NDX,pinball_0p01,patchtst,autoarima,4942,4942,0
NDX,pinball_0p01,patchtst,autoets,4942,4942,0
NDX,pinball_0p01,patchtst,chronos,4942,4942,0
NDX,pinball_0p01,patchtst,ewma,4942,4942,0
NDX,pinball_0p01,patchtst,garch11,4942,4942,0
NDX,pinball_0p01,patchtst,garch11_t,4942,4942,0
NDX,pinball_0p01,patchtst,gjr,4942,4942,0
NDX,pinball_0p01,patchtst,har,4942,4942,0
NDX,pinball_0p01,patchtst,lgbm,4942,4942,0
NDX,pinball_0p01,patchtst,moirai,4942,4942,0
NDX,pinball_0p01,patchtst,naive,4942,4942,0
NDX,pinball_0p01,patchtst,patchtst,4942,4942,0
NDX,pinball_0p01,patchtst,timesfm,4942,4942,0
NDX,pinball_0p01,timesfm,autoarima,4942,4942,0
NDX,pinball_0p01,timesfm,autoets,4942,4942,0
NDX,pinball_0p01,timesfm,chronos,4942,4942,0
NDX,pinball_0p01,timesfm,ewma,4942,4942,0
NDX,pinball_0p01,timesfm,garch11,4942,4942,0
NDX,pinball_0p01,timesfm,garch11_t,4942,4942,0
NDX,pinball_0p01,timesfm,gjr,4942,4942,0
NDX,pinball_0p01,timesfm,har,4942,4942,0
NDX,pinball_0p01,timesfm,lgbm,4942,4942,0
NDX,pinball_0p01,timesfm,moirai,4942,4942,0
NDX,pinball_0p01,timesfm,naive,4942,4942,0
NDX,pinball_0p01,timesfm,patchtst,4942,4942,0
NDX,pinball_0p01,timesfm,timesfm,4942,4942,0
NDX,pinball_0p025,autoarima,autoarima,4942,4942,0
NDX,pinball_0p025,autoarima,autoets,4942,4942,0
NDX,pinball_0p025,autoarima,chronos,4942,4942,0
NDX,pinball_0p025,autoarima,ewma,4942,4942,0
NDX,pinball_0p025,autoarima,garch11,4942,4942,0
NDX,pinball_0p025,autoarima,garch11_t,4942,4942,0
NDX,pinball_0p025,autoarima,gjr,4942,4942,0
NDX,pinball_0p025,autoarima,har,4942,4942,0
NDX,pinball_0p025,autoarima,lgbm,4942,4942,0
NDX,pinball_0p025,autoarima,moirai,4942,4942,0
NDX,pinball_0p025,autoarima,naive,4942,4942,0
NDX,pinball_0p025,autoarima,patchtst,4942,4942,0
NDX,pinball_0p025,autoarima,timesfm,4942,4942,0
NDX,pinball_0p025,autoets,autoarima,4942,4942,0
NDX,pinball_0p025,autoets,autoets,4942,4942,0
NDX,pinball_0p025,autoets,chronos,4942,4942,0
NDX,pinball_0p025,autoets,ewma,4942,4942,0
NDX,pinball_0p025,autoets,garch11,4942,4942,0
NDX,pinball_0p025,autoets,garch11_t,4942,4942,0
NDX,pinball_0p025,autoets,gjr,4942,4942,0
NDX,pinball_0p025,autoets,har,4942,4942,0
NDX,pinball_0p025,autoets,lgbm,4942,4942,0
NDX,pinball_0p025,autoets,moirai,4942,4942,0
NDX,pinball_0p025,autoets,naive,4942,4942,0
NDX,pinball_0p025,autoets,patchtst,4942,4942,0
NDX,pinball_0p025,autoets,timesfm,4942,4942,0
NDX,pinball_0p025,chronos,autoarima,4942,4942,0
NDX,pinball_0p025,chronos,autoets,4942,4942,0
NDX,pinball_0p025,chronos,chronos,4942,4942,0
NDX,pinball_0p025,chronos,ewma,4942,4942,0
NDX,pinball_0p025,chronos,garch11,4942,4942,0
NDX,pinball_0p025,chronos,garch11_t,4942,4942,0
NDX,pinball_0p025,chronos,gjr,4942,4942,0
NDX,pinball_0p025,chronos,har,4942,4942,0
NDX,pinball_0p025,chronos,lgbm,4942,4942,0
NDX,pinball_0p025,chronos,moirai,4942,4942,0
NDX,pinball_0p025,chronos,naive,4942,4942,0
NDX,pinball_0p025,chronos,patchtst,4942,4942,0
NDX,pinball_0p025,chronos,timesfm,4942,4942,0
NDX,pinball_0p025,ewma,autoarima,4942,4942,0
NDX,pinball_0p025,ewma,autoets,4942,4942,0
NDX,pinball_0p025,ewma,chronos,4942,4942,0
NDX,pinball_0p025,ewma,ewma,4942,4942,0
NDX,pinball_0p025,ewma,garch11,4942,4942,0
NDX,pinball_0p025,ewma,garch11_t,4942,4942,0
NDX,pinball_0p025,ewma,gjr,4942,4942,0
NDX,pinball_0p025,ewma,har,4942,4942,0
NDX,pinball_0p025,ewma,lgbm,4942,4942,0
NDX,pinball_0p025,ewma,moirai,4942,4942,0
NDX,pinball_0p025,ewma,naive,4942,4942,0
NDX,pinball_0p025,ewma,patchtst,4942,4942,0
NDX,pinball_0p025,ewma,timesfm,4942,4942,0
NDX,pinball_0p025,garch11,autoarima,4942,4942,0
NDX,pinball_0p025,garch11,autoets,4942,4942,0
NDX,pinball_0p025,garch11,chronos,4942,4942,0
NDX,pinball_0p025,garch11,ewma,4942,4942,0
NDX,pinball_0p025,garch11,garch11,4942,4942,0
NDX,pinball_0p025,garch11,garch11_t,4942,4942,0
NDX,pinball_0p025,garch11,gjr,4942,4942,0
NDX,pinball_0p025,garch11,har,4942,4942,0
NDX,pinball_0p025,garch11,lgbm,4942,4942,0
NDX,pinball_0p025,garch11,moirai,4942,4942,0
NDX,pinball_0p025,garch11,naive,4942,4942,0
NDX,pinball_0p025,garch11,patchtst,4942,4942,0
NDX,pinball_0p025,garch11,timesfm,4942,4942,0
NDX,pinball_0p025,garch11_t,autoarima,4942,4942,0
NDX,pinball_0p025,garch11_t,autoets,4942,4942,0
NDX,pinball_0p025,garch11_t,chronos,4942,4942,0
NDX,pinball_0p025,garch11_t,ewma,4942,4942,0
NDX,pinball_0p025,garch11_t,garch11,4942,4942,0
NDX,pinball_0p025,garch11_t,garch11_t,4942,4942,0
NDX,pinball_0p025,garch11_t,gjr,4942,4942,0
NDX,pinball_0p025,garch11_t,har,4942,4942,0
NDX,pinball_0p025,garch11_t,lgbm,4942,4942,0
NDX,pinball_0p025,garch11_t,moirai,4942,4942,0
NDX,pinball_0p025,garch11_t,naive,4942,4942,0
NDX,pinball_0p025,garch11_t,patchtst,4942,4942,0
NDX,pinball_0p025,garch11_t,timesfm,4942,4942,0
NDX,pinball_0p025,gjr,autoarima,4942,4942,0
NDX,pinball_0p025,gjr,autoets,4942,4942,0
NDX,pinball_0p025,gjr,chronos,4942,4942,0
NDX,pinball_0p025,gjr,ewma,4942,4942,0
NDX,pinball_0p025,gjr,garch11,4942,4942,0
NDX,pinball_0p025,gjr,garch11_t,4942,4942,0
NDX,pinball_0p025,gjr,gjr,4942,4942,0
NDX,pinball_0p025,gjr,har,4942,4942,0
NDX,pinball_0p025,gjr,lgbm,4942,4942,0
NDX,pinball_0p025,gjr,moirai,4942,4942,0
NDX,pinball_0p025,gjr,naive,4942,4942,0
NDX,pinball_0p025,gjr,patchtst,4942,4942,0
NDX,pinball_0p025,gjr,timesfm,4942,4942,0
NDX,pinball_0p025,har,autoarima,4942,4942,0
NDX,pinball_0p025,har,autoets,4942,4942,0
NDX,pinball_0p025,har,chronos,4942,4942,0
NDX,pinball_0p025,har,ewma,4942,4942,0
NDX,pinball_0p025,har,garch11,4942,4942,0
NDX,pinball_0p025,har,garch11_t,4942,4942,0
NDX,pinball_0p025,har,gjr,4942,4942,0
NDX,pinball_0p025,har,har,4942,4942,0
NDX,pinball_0p025,har,lgbm,4942,4942,0
NDX,pinball_0p025,har,moirai,4942,4942,0
NDX,pinball_0p025,har,naive,4942,4942,0
NDX,pinball_0p025,har,patchtst,4942,4942,0
NDX,pinball_0p025,har,timesfm,4942,4942,0
NDX,pinball_0p025,lgbm,autoarima,4942,4942,0
NDX,pinball_0p025,lgbm,autoets,4942,4942,0
NDX,pinball_0p025,lgbm,chronos,4942,4942,0
NDX,pinball_0p025,lgbm,ewma,4942,4942,0
NDX,pinball_0p025,lgbm,garch11,4942,4942,0
NDX,pinball_0p025,lgbm,garch11_t,4942,4942,0
NDX,pinball_0p025,lgbm,gjr,4942,4942,0
NDX,pinball_0p025,lgbm,har,4942,4942,0
NDX,pinball_0p025,lgbm,lgbm,4942,4942,0
NDX,pinball_0p025,lgbm,moirai,4942,4942,0
NDX,pinball_0p025,lgbm,naive,4942,4942,0
NDX,pinball_0p025,lgbm,patchtst,4942,4942,0
NDX,pinball_0p025,lgbm,timesfm,4942,4942,0
NDX,pinball_0p025,moirai,autoarima,4942,4942,0
NDX,pinball_0p025,moirai,autoets,4942,4942,0
NDX,pinball_0p025,moirai,chronos,4942,4942,0
NDX,pinball_0p025,moirai,ewma,4942,4942,0
NDX,pinball_0p025,moirai,garch11,4942,4942,0
NDX,pinball_0p025,moirai,garch11_t,4942,4942,0
NDX,pinball_0p025,moirai,gjr,4942,4942,0
NDX,pinball_0p025,moirai,har,4942,4942,0
NDX,pinball_0p025,moirai,lgbm,4942,4942,0
NDX,pinball_0p025,moirai,moirai,4942,4942,0
NDX,pinball_0p025,moirai,naive,4942,4942,0
NDX,pinball_0p025,moirai,patchtst,4942,4942,0
NDX,pinball_0p025,moirai,timesfm,4942,4942,0
NDX,pinball_0p025,naive,autoarima,4942,4942,0
NDX,pinball_0p025,naive,autoets,4942,4942,0
NDX,pinball_0p025,naive,chronos,4942,4942,0
NDX,pinball_0p025,naive,ewma,4942,4942,0
NDX,pinball_0p025,naive,garch11,4942,4942,0
NDX,pinball_0p025,naive,garch11_t,4942,4942,0
NDX,pinball_0p025,naive,gjr,4942,4942,0
NDX,pinball_0p025,naive,har,4942,4942,0
NDX,pinball_0p025,naive,lgbm,4942,4942,0
NDX,pinball_0p025,naive,moirai,4942,4942,0
NDX,pinball_0p025,naive,naive,4942,4942,0
NDX,pinball_0p025,naive,patchtst,4942,4942,0
NDX,pinball_0p025,naive,timesfm,4942,4942,0
NDX,pinball_0p025,patchtst,autoarima,4942,4942,0
NDX,pinball_0p025,patchtst,autoets,4942,4942,0
NDX,pinball_0p025,patchtst,chronos,4942,4942,0
NDX,pinball_0p025,patchtst,ewma,4942,4942,0
NDX,pinball_0p025,patchtst,garch11,4942,4942,0
NDX,pinball_0p025,patchtst,garch11_t,4942,4942,0
NDX,pinball_0p025,patchtst,gjr,4942,4942,0
NDX,pinball_0p025,patchtst,har,4942,4942,0
NDX,pinball_0p025,patchtst,lgbm,4942,4942,0
NDX,pinball_0p025,patchtst,moirai,4942,4942,0
NDX,pinball_0p025,patchtst,naive,4942,4942,0
NDX,pinball_0p025,patchtst,patchtst,4942,4942,0
NDX,pinball_0p025,patchtst,timesfm,4942,4942,0
NDX,pinball_0p025,timesfm,autoarima,4942,4942,0
NDX,pinball_0p025,timesfm,autoets,4942,4942,0
NDX,pinball_0p025,timesfm,chronos,4942,4942,0
NDX,pinball_0p025,timesfm,ewma,4942,4942,0
NDX,pinball_0p025,timesfm,garch11,4942,4942,0
NDX,pinball_0p025,timesfm,garch11_t,4942,4942,0
NDX,pinball_0p025,timesfm,gjr,4942,4942,0
NDX,pinball_0p025,timesfm,har,4942,4942,0
NDX,pinball_0p025,timesfm,lgbm,4942,4942,0
NDX,pinball_0p025,timesfm,moirai,4942,4942,0
NDX,pinball_0p025,timesfm,naive,4942,4942,0
NDX,pinball_0p025,timesfm,patchtst,4942,4942,0
NDX,pinball_0p025,timesfm,timesfm,4942,4942,0
NDX,pinball_0p05,autoarima,autoarima,4942,4942,0
NDX,pinball_0p05,autoarima,autoets,4942,4942,0
NDX,pinball_0p05,autoarima,chronos,4942,4942,0
NDX,pinball_0p05,autoarima,ewma,4942,4942,0
NDX,pinball_0p05,autoarima,garch11,4942,4942,0
NDX,pinball_0p05,autoarima,garch11_t,4942,4942,0
NDX,pinball_0p05,autoarima,gjr,4942,4942,0
NDX,pinball_0p05,autoarima,har,4942,4942,0
NDX,pinball_0p05,autoarima,lgbm,4942,4942,0
NDX,pinball_0p05,autoarima,moirai,4942,4942,0
NDX,pinball_0p05,autoarima,naive,4942,4942,0
NDX,pinball_0p05,autoarima,patchtst,4942,4942,0
NDX,pinball_0p05,autoarima,timesfm,4942,4942,0
NDX,pinball_0p05,autoets,autoarima,4942,4942,0
NDX,pinball_0p05,autoets,autoets,4942,4942,0
NDX,pinball_0p05,autoets,chronos,4942,4942,0
NDX,pinball_0p05,autoets,ewma,4942,4942,0
NDX,pinball_0p05,autoets,garch11,4942,4942,0
NDX,pinball_0p05,autoets,garch11_t,4942,4942,0
NDX,pinball_0p05,autoets,gjr,4942,4942,0
NDX,pinball_0p05,autoets,har,4942,4942,0
NDX,pinball_0p05,autoets,lgbm,4942,4942,0
NDX,pinball_0p05,autoets,moirai,4942,4942,0
NDX,pinball_0p05,autoets,naive,4942,4942,0
NDX,pinball_0p05,autoets,patchtst,4942,4942,0
NDX,pinball_0p05,autoets,timesfm,4942,4942,0
NDX,pinball_0p05,chronos,autoarima,4942,4942,0
NDX,pinball_0p05,chronos,autoets,4942,4942,0
NDX,pinball_0p05,chronos,chronos,4942,4942,0
NDX,pinball_0p05,chronos,ewma,4942,4942,0
NDX,pinball_0p05,chronos,garch11,4942,4942,0
NDX,pinball_0p05,chronos,garch11_t,4942,4942,0
NDX,pinball_0p05,chronos,gjr,4942,4942,0
NDX,pinball_0p05,chronos,har,4942,4942,0
NDX,pinball_0p05,chronos,lgbm,4942,4942,0
NDX,pinball_0p05,chronos,moirai,4942,4942,0
NDX,pinball_0p05,chronos,naive,4942,4942,0
NDX,pinball_0p05,chronos,patchtst,4942,4942,0
NDX,pinball_0p05,chronos,timesfm,4942,4942,0
NDX,pinball_0p05,ewma,autoarima,4942,4942,0
NDX,pinball_0p05,ewma,autoets,4942,4942,0
NDX,pinball_0p05,ewma,chronos,4942,4942,0
NDX,pinball_0p05,ewma,ewma,4942,4942,0
NDX,pinball_0p05,ewma,garch11,4942,4942,0
NDX,pinball_0p05,ewma,garch11_t,4942,4942,0
NDX,pinball_0p05,ewma,gjr,4942,4942,0
NDX,pinball_0p05,ewma,har,4942,4942,0
NDX,pinball_0p05,ewma,lgbm,4942,4942,0
NDX,pinball_0p05,ewma,moirai,4942,4942,0
NDX,pinball_0p05,ewma,naive,4942,4942,0
NDX,pinball_0p05,ewma,patchtst,4942,4942,0
NDX,pinball_0p05,ewma,timesfm,4942,4942,0
NDX,pinball_0p05,garch11,autoarima,4942,4942,0
NDX,pinball_0p05,garch11,autoets,4942,4942,0
NDX,pinball_0p05,garch11,chronos,4942,4942,0
NDX,pinball_0p05,garch11,ewma,4942,4942,0
NDX,pinball_0p05,garch11,garch11,4942,4942,0
NDX,pinball_0p05,garch11,garch11_t,4942,4942,0
NDX,pinball_0p05,garch11,gjr,4942,4942,0
NDX,pinball_0p05,garch11,har,4942,4942,0
NDX,pinball_0p05,garch11,lgbm,4942,4942,0
NDX,pinball_0p05,garch11,moirai,4942,4942,0
NDX,pinball_0p05,garch11,naive,4942,4942,0
NDX,pinball_0p05,garch11,patchtst,4942,4942,0
NDX,pinball_0p05,garch11,timesfm,4942,4942,0
NDX,pinball_0p05,garch11_t,autoarima,4942,4942,0
NDX,pinball_0p05,garch11_t,autoets,4942,4942,0
NDX,pinball_0p05,garch11_t,chronos,4942,4942,0
NDX,pinball_0p05,garch11_t,ewma,4942,4942,0
NDX,pinball_0p05,garch11_t,garch11,4942,4942,0
NDX,pinball_0p05,garch11_t,garch11_t,4942,4942,0
NDX,pinball_0p05,garch11_t,gjr,4942,4942,0
NDX,pinball_0p05,garch11_t,har,4942,4942,0
NDX,pinball_0p05,garch11_t,lgbm,4942,4942,0
NDX,pinball_0p05,garch11_t,moirai,4942,4942,0
NDX,pinball_0p05,garch11_t,naive,4942,4942,0
NDX,pinball_0p05,garch11_t,patchtst,4942,4942,0
NDX,pinball_0p05,garch11_t,timesfm,4942,4942,0
NDX,pinball_0p05,gjr,autoarima,4942,4942,0
NDX,pinball_0p05,gjr,autoets,4942,4942,0
NDX,pinball_0p05,gjr,chronos,4942,4942,0
NDX,pinball_0p05,gjr,ewma,4942,4942,0
NDX,pinball_0p05,gjr,garch11,4942,4942,0
NDX,pinball_0p05,gjr,garch11_t,4942,4942,0
NDX,pinball_0p05,gjr,gjr,4942,4942,0
NDX,pinball_0p05,gjr,har,4942,4942,0
NDX,pinball_0p05,gjr,lgbm,4942,4942,0
NDX,pinball_0p05,gjr,moirai,4942,4942,0
NDX,pinball_0p05,gjr,naive,4942,4942,0
NDX,pinball_0p05,gjr,patchtst,4942,4942,0
NDX,pinball_0p05,gjr,timesfm,4942,4942,0
NDX,pinball_0p05,har,autoarima,4942,4942,0
NDX,pinball_0p05,har,autoets,4942,4942,0
NDX,pinball_0p05,har,chronos,4942,4942,0
NDX,pinball_0p05,har,ewma,4942,4942,0
NDX,pinball_0p05,har,garch11,4942,4942,0
NDX,pinball_0p05,har,garch11_t,4942,4942,0
NDX,pinball_0p05,har,gjr,4942,4942,0
NDX,pinball_0p05,har,har,4942,4942,0
NDX,pinball_0p05,har,lgbm,4942,4942,0
NDX,pinball_0p05,har,moirai,4942,4942,0
NDX,pinball_0p05,har,naive,4942,4942,0
NDX,pinball_0p05,har,patchtst,4942,4942,0
NDX,pinball_0p05,har,timesfm,4942,4942,0
NDX,pinball_0p05,lgbm,autoarima,4942,4942,0
NDX,pinball_0p05,lgbm,autoets,4942,4942,0
NDX,pinball_0p05,lgbm,chronos,4942,4942,0
NDX,pinball_0p05,lgbm,ewma,4942,4942,0
NDX,pinball_0p05,lgbm,garch11,4942,4942,0
NDX,pinball_0p05,lgbm,garch11_t,4942,4942,0
NDX,pinball_0p05,lgbm,gjr,4942,4942,0
NDX,pinball_0p05,lgbm,har,4942,4942,0
NDX,pinball_0p05,lgbm,lgbm,4942,4942,0
NDX,pinball_0p05,lgbm,moirai,4942,4942,0
NDX,pinball_0p05,lgbm,naive,4942,4942,0
NDX,pinball_0p05,lgbm,patchtst,4942,4942,0
NDX,pinball_0p05,lgbm,timesfm,4942,4942,0
NDX,pinball_0p05,moirai,autoarima,4942,4942,0
NDX,pinball_0p05,moirai,autoets,4942,4942,0
NDX,pinball_0p05,moirai,chronos,4942,4942,0
NDX,pinball_0p05,moirai,ewma,4942,4942,0
NDX,pinball_0p05,moirai,garch11,4942,4942,0
NDX,pinball_0p05,moirai,garch11_t,4942,4942,0
NDX,pinball_0p05,moirai,gjr,4942,4942,0
NDX,pinball_0p05,moirai,har,4942,4942,0
NDX,pinball_0p05,moirai,lgbm,4942,4942,0
NDX,pinball_0p05,moirai,moirai,4942,4942,0
NDX,pinball_0p05,moirai,naive,4942,4942,0
NDX,pinball_0p05,moirai,patchtst,4942,4942,0
NDX,pinball_0p05,moirai,timesfm,4942,4942,0
NDX,pinball_0p05,naive,autoarima,4942,4942,0
NDX,pinball_0p05,naive,autoets,4942,4942,0
NDX,pinball_0p05,naive,chronos,4942,4942,0
NDX,pinball_0p05,naive,ewma,4942,4942,0
NDX,pinball_0p05,naive,garch11,4942,4942,0
NDX,pinball_0p05,naive,garch11_t,4942,4942,0
NDX,pinball_0p05,naive,gjr,4942,4942,0
NDX,pinball_0p05,naive,har,4942,4942,0
NDX,pinball_0p05,naive,lgbm,4942,4942,0
NDX,pinball_0p05,naive,moirai,4942,4942,0
NDX,pinball_0p05,naive,naive,4942,4942,0
NDX,pinball_0p05,naive,patchtst,4942,4942,0
NDX,pinball_0p05,naive,timesfm,4942,4942,0
NDX,pinball_0p05,patchtst,autoarima,4942,4942,0
NDX,pinball_0p05,patchtst,autoets,4942,4942,0
NDX,pinball_0p05,patchtst,chronos,4942,4942,0
NDX,pinball_0p05,patchtst,ewma,4942,4942,0
NDX,pinball_0p05,patchtst,garch11,4942,4942,0
NDX,pinball_0p05,patchtst,garch11_t,4942,4942,0
NDX,pinball_0p05,patchtst,gjr,4942,4942,0
NDX,pinball_0p05,patchtst,har,4942,4942,0
NDX,pinball_0p05,patchtst,lgbm,4942,4942,0
NDX,pinball_0p05,patchtst,moirai,4942,4942,0
NDX,pinball_0p05,patchtst,naive,4942,4942,0
NDX,pinball_0p05,patchtst,patchtst,4942,4942,0
NDX,pinball_0p05,patchtst,timesfm,4942,4942,0
NDX,pinball_0p05,timesfm,autoarima,4942,4942,0
NDX,pinball_0p05,timesfm,autoets,4942,4942,0
NDX,pinball_0p05,timesfm,chronos,4942,4942,0
NDX,pinball_0p05,timesfm,ewma,4942,4942,0
NDX,pinball_0p05,timesfm,garch11,4942,4942,0
NDX,pinball_0p05,timesfm,garch11_t,4942,4942,0
NDX,pinball_0p05,timesfm,gjr,4942,4942,0
NDX,pinball_0p05,timesfm,har,4942,4942,0
NDX,pinball_0p05,timesfm,lgbm,4942,4942,0
NDX,pinball_0p05,timesfm,moirai,4942,4942,0
NDX,pinball_0p05,timesfm,naive,4942,4942,0
NDX,pinball_0p05,timesfm,patchtst,4942,4942,0
NDX,pinball_0p05,timesfm,timesfm,4942,4942,0
NDX,pinball_avg,autoarima,autoarima,4942,4942,0
NDX,pinball_avg,autoarima,autoets,4942,4942,0
NDX,pinball_avg,autoarima,chronos,4942,4942,0
NDX,pinball_avg,autoarima,ewma,4942,4942,0
NDX,pinball_avg,autoarima,garch11,4942,4942,0
NDX,pinball_avg,autoarima,garch11_t,4942,4942,0
NDX,pinball_avg,autoarima,gjr,4942,4942,0
NDX,pinball_avg,autoarima,har,4942,4942,0
NDX,pinball_avg,autoarima,lgbm,4942,4942,0
NDX,pinball_avg,autoarima,moirai,4942,4942,0
NDX,pinball_avg,autoarima,naive,4942,4942,0
NDX,pinball_avg,autoarima,patchtst,4942,4942,0
NDX,pinball_avg,autoarima,timesfm,4942,4942,0
NDX,pinball_avg,autoets,autoarima,4942,4942,0
NDX,pinball_avg,autoets,autoets,4942,4942,0
NDX,pinball_avg,autoets,chronos,4942,4942,0
NDX,pinball_avg,autoets,ewma,4942,4942,0
NDX,pinball_avg,autoets,garch11,4942,4942,0
NDX,pinball_avg,autoets,garch11_t,4942,4942,0
NDX,pinball_avg,autoets,gjr,4942,4942,0
NDX,pinball_avg,autoets,har,4942,4942,0
NDX,pinball_avg,autoets,lgbm,4942,4942,0
NDX,pinball_avg,autoets,moirai,4942,4942,0
NDX,pinball_avg,autoets,naive,4942,4942,0
NDX,pinball_avg,autoets,patchtst,4942,4942,0
NDX,pinball_avg,autoets,timesfm,4942,4942,0
NDX,pinball_avg,chronos,autoarima,4942,4942,0
NDX,pinball_avg,chronos,autoets,4942,4942,0
NDX,pinball_avg,chronos,chronos,4942,4942,0
NDX,pinball_avg,chronos,ewma,4942,4942,0
NDX,pinball_avg,chronos,garch11,4942,4942,0
NDX,pinball_avg,chronos,garch11_t,4942,4942,0
NDX,pinball_avg,chronos,gjr,4942,4942,0
NDX,pinball_avg,chronos,har,4942,4942,0
NDX,pinball_avg,chronos,lgbm,4942,4942,0
NDX,pinball_avg,chronos,moirai,4942,4942,0
NDX,pinball_avg,chronos,naive,4942,4942,0
NDX,pinball_avg,chronos,patchtst,4942,4942,0
NDX,pinball_avg,chronos,timesfm,4942,4942,0
NDX,pinball_avg,ewma,autoarima,4942,4942,0
NDX,pinball_avg,ewma,autoets,4942,4942,0
NDX,pinball_avg,ewma,chronos,4942,4942,0
NDX,pinball_avg,ewma,ewma,4942,4942,0
NDX,pinball_avg,ewma,garch11,4942,4942,0
NDX,pinball_avg,ewma,garch11_t,4942,4942,0
NDX,pinball_avg,ewma,gjr,4942,4942,0
NDX,pinball_avg,ewma,har,4942,4942,0
NDX,pinball_avg,ewma,lgbm,4942,4942,0
NDX,pinball_avg,ewma,moirai,4942,4942,0
NDX,pinball_avg,ewma,naive,4942,4942,0
NDX,pinball_avg,ewma,patchtst,4942,4942,0
NDX,pinball_avg,ewma,timesfm,4942,4942,0
NDX,pinball_avg,garch11,autoarima,4942,4942,0
NDX,pinball_avg,garch11,autoets,4942,4942,0
NDX,pinball_avg,garch11,chronos,4942,4942,0
NDX,pinball_avg,garch11,ewma,4942,4942,0
NDX,pinball_avg,garch11,garch11,4942,4942,0
NDX,pinball_avg,garch11,garch11_t,4942,4942,0
NDX,pinball_avg,garch11,gjr,4942,4942,0
NDX,pinball_avg,garch11,har,4942,4942,0
NDX,pinball_avg,garch11,lgbm,4942,4942,0
NDX,pinball_avg,garch11,moirai,4942,4942,0
NDX,pinball_avg,garch11,naive,4942,4942,0
NDX,pinball_avg,garch11,patchtst,4942,4942,0
NDX,pinball_avg,garch11,timesfm,4942,4942,0
NDX,pinball_avg,garch11_t,autoarima,4942,4942,0
NDX,pinball_avg,garch11_t,autoets,4942,4942,0
NDX,pinball_avg,garch11_t,chronos,4942,4942,0
NDX,pinball_avg,garch11_t,ewma,4942,4942,0
NDX,pinball_avg,garch11_t,garch11,4942,4942,0
NDX,pinball_avg,garch11_t,garch11_t,4942,4942,0
NDX,pinball_avg,garch11_t,gjr,4942,4942,0
NDX,pinball_avg,garch11_t,har,4942,4942,0
NDX,pinball_avg,garch11_t,lgbm,4942,4942,0
NDX,pinball_avg,garch11_t,moirai,4942,4942,0
NDX,pinball_avg,garch11_t,naive,4942,4942,0
NDX,pinball_avg,garch11_t,patchtst,4942,4942,0
NDX,pinball_avg,garch11_t,timesfm,4942,4942,0
NDX,pinball_avg,gjr,autoarima,4942,4942,0
NDX,pinball_avg,gjr,autoets,4942,4942,0
NDX,pinball_avg,gjr,chronos,4942,4942,0
NDX,pinball_avg,gjr,ewma,4942,4942,0
NDX,pinball_avg,gjr,garch11,4942,4942,0
NDX,pinball_avg,gjr,garch11_t,4942,4942,0
NDX,pinball_avg,gjr,gjr,4942,4942,0
NDX,pinball_avg,gjr,har,4942,4942,0
NDX,pinball_avg,gjr,lgbm,4942,4942,0
NDX,pinball_avg,gjr,moirai,4942,4942,0
NDX,pinball_avg,gjr,naive,4942,4942,0
NDX,pinball_avg,gjr,patchtst,4942,4942,0
NDX,pinball_avg,gjr,timesfm,4942,4942,0
NDX,pinball_avg,har,autoarima,4942,4942,0
NDX,pinball_avg,har,autoets,4942,4942,0
NDX,pinball_avg,har,chronos,4942,4942,0
NDX,pinball_avg,har,ewma,4942,4942,0
NDX,pinball_avg,har,garch11,4942,4942,0
NDX,pinball_avg,har,garch11_t,4942,4942,0
NDX,pinball_avg,har,gjr,4942,4942,0
NDX,pinball_avg,har,har,4942,4942,0
NDX,pinball_avg,har,lgbm,4942,4942,0
NDX,pinball_avg,har,moirai,4942,4942,0
NDX,pinball_avg,har,naive,4942,4942,0
NDX,pinball_avg,har,patchtst,4942,4942,0
NDX,pinball_avg,har,timesfm,4942,4942,0
NDX,pinball_avg,lgbm,autoarima,4942,4942,0
NDX,pinball_avg,lgbm,autoets,4942,4942,0
NDX,pinball_avg,lgbm,chronos,4942,4942,0
NDX,pinball_avg,lgbm,ewma,4942,4942,0
NDX,pinball_avg,lgbm,garch11,4942,4942,0
NDX,pinball_avg,lgbm,garch11_t,4942,4942,0
NDX,pinball_avg,lgbm,gjr,4942,4942,0
NDX,pinball_avg,lgbm,har,4942,4942,0
NDX,pinball_avg,lgbm,lgbm,4942,4942,0
NDX,pinball_avg,lgbm,moirai,4942,4942,0
NDX,pinball_avg,lgbm,naive,4942,4942,0
NDX,pinball_avg,lgbm,patchtst,4942,4942,0
NDX,pinball_avg,lgbm,timesfm,4942,4942,0
NDX,pinball_avg,moirai,autoarima,4942,4942,0
NDX,pinball_avg,moirai,autoets,4942,4942,0
NDX,pinball_avg,moirai,chronos,4942,4942,0
NDX,pinball_avg,moirai,ewma,4942,4942,0
NDX,pinball_avg,moirai,garch11,4942,4942,0
NDX,pinball_avg,moirai,garch11_t,4942,4942,0
NDX,pinball_avg,moirai,gjr,4942,4942,0
NDX,pinball_avg,moirai,har,4942,4942,0
NDX,pinball_avg,moirai,lgbm,4942,4942,0
NDX,pinball_avg,moirai,moirai,4942,4942,0
NDX,pinball_avg,moirai,naive,4942,4942,0
NDX,pinball_avg,moirai,patchtst,4942,4942,0
NDX,pinball_avg,moirai,timesfm,4942,4942,0
NDX,pinball_avg,naive,autoarima,4942,4942,0
NDX,pinball_avg,naive,autoets,4942,4942,0
NDX,pinball_avg,naive,chronos,4942,4942,0
NDX,pinball_avg,naive,ewma,4942,4942,0
NDX,pinball_avg,naive,garch11,4942,4942,0
NDX,pinball_avg,naive,garch11_t,4942,4942,0
NDX,pinball_avg,naive,gjr,4942,4942,0
NDX,pinball_avg,naive,har,4942,4942,0
NDX,pinball_avg,naive,lgbm,4942,4942,0
NDX,pinball_avg,naive,moirai,4942,4942,0
NDX,pinball_avg,naive,naive,4942,4942,0
NDX,pinball_avg,naive,patchtst,4942,4942,0
NDX,pinball_avg,naive,timesfm,4942,4942,0
NDX,pinball_avg,patchtst,autoarima,4942,4942,0
NDX,pinball_avg,patchtst,autoets,4942,4942,0
NDX,pinball_avg,patchtst,chronos,4942,4942,0
NDX,pinball_avg,patchtst,ewma,4942,4942,0
NDX,pinball_avg,patchtst,garch11,4942,4942,0
NDX,pinball_avg,patchtst,garch11_t,4942,4942,0
NDX,pinball_avg,patchtst,gjr,4942,4942,0
NDX,pinball_avg,patchtst,har,4942,4942,0
NDX,pinball_avg,patchtst,lgbm,4942,4942,0
NDX,pinball_avg,patchtst,moirai,4942,4942,0
NDX,pinball_avg,patchtst,naive,4942,4942,0
NDX,pinball_avg,patchtst,patchtst,4942,4942,0
NDX,pinball_avg,patchtst,timesfm,4942,4942,0
NDX,pinball_avg,timesfm,autoarima,4942,4942,0
NDX,pinball_avg,timesfm,autoets,4942,4942,0
NDX,pinball_avg,timesfm,chronos,4942,4942,0
NDX,pinball_avg,timesfm,ewma,4942,4942,0
NDX,pinball_avg,timesfm,garch11,4942,4942,0
NDX,pinball_avg,timesfm,garch11_t,4942,4942,0
NDX,pinball_avg,timesfm,gjr,4942,4942,0
NDX,pinball_avg,timesfm,har,4942,4942,0
NDX,pinball_avg,timesfm,lgbm,4942,4942,0
NDX,pinball_avg,timesfm,moirai,4942,4942,0
NDX,pinball_avg,timesfm,naive,4942,4942,0
NDX,pinball_avg,timesfm,patchtst,4942,4942,0
NDX,pinball_avg,timesfm,timesfm,4942,4942,0
NDX,qlike,autoarima,autoarima,4942,4942,0
NDX,qlike,autoarima,autoets,4942,4942,0
NDX,qlike,autoarima,chronos,4942,4942,0
NDX,qlike,autoarima,ewma,4942,4942,0
NDX,qlike,autoarima,garch11,4942,4942,0
NDX,qlike,autoarima,garch11_t,4942,4942,0
NDX,qlike,autoarima,gjr,4942,4942,0
NDX,qlike,autoarima,har,4942,4942,0
NDX,qlike,autoarima,lgbm,4942,4942,0
NDX,qlike,autoarima,moirai,4942,4942,0
NDX,qlike,autoarima,naive,4942,4942,0
NDX,qlike,autoarima,patchtst,4942,4942,0
NDX,qlike,autoarima,timesfm,4942,4942,0
NDX,qlike,autoets,autoarima,4942,4942,0
NDX,qlike,autoets,autoets,4942,4942,0
NDX,qlike,autoets,chronos,4942,4942,0
NDX,qlike,autoets,ewma,4942,4942,0
NDX,qlike,autoets,garch11,4942,4942,0
NDX,qlike,autoets,garch11_t,4942,4942,0
NDX,qlike,autoets,gjr,4942,4942,0
NDX,qlike,autoets,har,4942,4942,0
NDX,qlike,autoets,lgbm,4942,4942,0
NDX,qlike,autoets,moirai,4942,4942,0
NDX,qlike,autoets,naive,4942,4942,0
NDX,qlike,autoets,patchtst,4942,4942,0
NDX,qlike,autoets,timesfm,4942,4942,0
NDX,qlike,chronos,autoarima,4942,4942,0
NDX,qlike,chronos,autoets,4942,4942,0
NDX,qlike,chronos,chronos,4942,4942,0
NDX,qlike,chronos,ewma,4942,4942,0
NDX,qlike,chronos,garch11,4942,4942,0
NDX,qlike,chronos,garch11_t,4942,4942,0
NDX,qlike,chronos,gjr,4942,4942,0
NDX,qlike,chronos,har,4942,4942,0
NDX,qlike,chronos,lgbm,4942,4942,0
NDX,qlike,chronos,moirai,4942,4942,0
NDX,qlike,chronos,naive,4942,4942,0
NDX,qlike,chronos,patchtst,4942,4942,0
NDX,qlike,chronos,timesfm,4942,4942,0
NDX,qlike,ewma,autoarima,4942,4942,0
NDX,qlike,ewma,autoets,4942,4942,0
NDX,qlike,ewma,chronos,4942,4942,0
NDX,qlike,ewma,ewma,4942,4942,0
NDX,qlike,ewma,garch11,4942,4942,0
NDX,qlike,ewma,garch11_t,4942,4942,0
NDX,qlike,ewma,gjr,4942,4942,0
NDX,qlike,ewma,har,4942,4942,0
NDX,qlike,ewma,lgbm,4942,4942,0
NDX,qlike,ewma,moirai,4942,4942,0
NDX,qlike,ewma,naive,4942,4942,0
NDX,qlike,ewma,patchtst,4942,4942,0
NDX,qlike,ewma,timesfm,4942,4942,0
NDX,qlike,garch11,autoarima,4942,4942,0
NDX,qlike,garch11,autoets,4942,4942,0
NDX,qlike,garch11,chronos,4942,4942,0
NDX,qlike,garch11,ewma,4942,4942,0
NDX,qlike,garch11,garch11,4942,4942,0
NDX,qlike,garch11,garch11_t,4942,4942,0
NDX,qlike,garch11,gjr,4942,4942,0
NDX,qlike,garch11,har,4942,4942,0
NDX,qlike,garch11,lgbm,4942,4942,0
NDX,qlike,garch11,moirai,4942,4942,0
NDX,qlike,garch11,naive,4942,4942,0
NDX,qlike,garch11,patchtst,4942,4942,0
NDX,qlike,garch11,timesfm,4942,4942,0
NDX,qlike,garch11_t,autoarima,4942,4942,0
NDX,qlike,garch11_t,autoets,4942,4942,0
NDX,qlike,garch11_t,chronos,4942,4942,0
NDX,qlike,garch11_t,ewma,4942,4942,0
NDX,qlike,garch11_t,garch11,4942,4942,0
NDX,qlike,garch11_t,garch11_t,4942,4942,0
NDX,qlike,garch11_t,gjr,4942,4942,0
NDX,qlike,garch11_t,har,4942,4942,0
NDX,qlike,garch11_t,lgbm,4942,4942,0
NDX,qlike,garch11_t,moirai,4942,4942,0
NDX,qlike,garch11_t,naive,4942,4942,0
NDX,qlike,garch11_t,patchtst,4942,4942,0
NDX,qlike,garch11_t,timesfm,4942,4942,0
NDX,qlike,gjr,autoarima,4942,4942,0
NDX,qlike,gjr,autoets,4942,4942,0
NDX,qlike,gjr,chronos,4942,4942,0
NDX,qlike,gjr,ewma,4942,4942,0
NDX,qlike,gjr,garch11,4942,4942,0
NDX,qlike,gjr,garch11_t,4942,4942,0
NDX,qlike,gjr,gjr,4942,4942,0
NDX,qlike,gjr,har,4942,4942,0
NDX,qlike,gjr,lgbm,4942,4942,0
NDX,qlike,gjr,moirai,4942,4942,0
NDX,qlike,gjr,naive,4942,4942,0
NDX,qlike,gjr,patchtst,4942,4942,0
NDX,qlike,gjr,timesfm,4942,4942,0
NDX,qlike,har,autoarima,4942,4942,0
NDX,qlike,har,autoets,4942,4942,0
NDX,qlike,har,chronos,4942,4942,0
NDX,qlike,har,ewma,4942,4942,0
NDX,qlike,har,garch11,4942,4942,0
NDX,qlike,har,garch11_t,4942,4942,0
NDX,qlike,har,gjr,4942,4942,0
NDX,qlike,har,har,4942,4942,0
NDX,qlike,har,lgbm,4942,4942,0
NDX,qlike,har,moirai,4942,4942,0
NDX,qlike,har,naive,4942,4942,0
NDX,qlike,har,patchtst,4942,4942,0
NDX,qlike,har,timesfm,4942,4942,0
NDX,qlike,lgbm,autoarima,4942,4942,0
NDX,qlike,lgbm,autoets,4942,4942,0
NDX,qlike,lgbm,chronos,4942,4942,0
NDX,qlike,lgbm,ewma,4942,4942,0
NDX,qlike,lgbm,garch11,4942,4942,0
NDX,qlike,lgbm,garch11_t,4942,4942,0
NDX,qlike,lgbm,gjr,4942,4942,0
NDX,qlike,lgbm,har,4942,4942,0
NDX,qlike,lgbm,lgbm,4942,4942,0
NDX,qlike,lgbm,moirai,4942,4942,0
NDX,qlike,lgbm,naive,4942,4942,0
NDX,qlike,lgbm,patchtst,4942,4942,0
NDX,qlike,lgbm,timesfm,4942,4942,0
NDX,qlike,moirai,autoarima,4942,4942,0
NDX,qlike,moirai,autoets,4942,4942,0
NDX,qlike,moirai,chronos,4942,4942,0
NDX,qlike,moirai,ewma,4942,4942,0
NDX,qlike,moirai,garch11,4942,4942,0
NDX,qlike,moirai,garch11_t,4942,4942,0
NDX,qlike,moirai,gjr,4942,4942,0
NDX,qlike,moirai,har,4942,4942,0
NDX,qlike,moirai,lgbm,4942,4942,0
NDX,qlike,moirai,moirai,4942,4942,0
NDX,qlike,moirai,naive,4942,4942,0
NDX,qlike,moirai,patchtst,4942,4942,0
NDX,qlike,moirai,timesfm,4942,4942,0
NDX,qlike,naive,autoarima,4942,4942,0
NDX,qlike,naive,autoets,4942,4942,0
NDX,qlike,naive,chronos,4942,4942,0
NDX,qlike,naive,ewma,4942,4942,0
NDX,qlike,naive,garch11,4942,4942,0
NDX,qlike,naive,garch11_t,4942,4942,0
NDX,qlike,naive,gjr,4942,4942,0
NDX,qlike,naive,har,4942,4942,0
NDX,qlike,naive,lgbm,4942,4942,0
NDX,qlike,naive,moirai,4942,4942,0
NDX,qlike,naive,naive,4942,4942,0
NDX,qlike,naive,patchtst,4942,4942,0
NDX,qlike,naive,timesfm,4942,4942,0
NDX,qlike,patchtst,autoarima,4942,4942,0
NDX,qlike,patchtst,autoets,4942,4942,0
NDX,qlike,patchtst,chronos,4942,4942,0
NDX,qlike,patchtst,ewma,4942,4942,0
NDX,qlike,patchtst,garch11,4942,4942,0
NDX,qlike,patchtst,garch11_t,4942,4942,0
NDX,qlike,patchtst,gjr,4942,4942,0
NDX,qlike,patchtst,har,4942,4942,0
NDX,qlike,patchtst,lgbm,4942,4942,0
NDX,qlike,patchtst,moirai,4942,4942,0
NDX,qlike,patchtst,naive,4942,4942,0
NDX,qlike,patchtst,patchtst,4942,4942,0
NDX,qlike,patchtst,timesfm,4942,4942,0
NDX,qlike,timesfm,autoarima,4942,4942,0
NDX,qlike,timesfm,autoets,4942,4942,0
NDX,qlike,timesfm,chronos,4942,4942,0
NDX,qlike,timesfm,ewma,4942,4942,0
NDX,qlike,timesfm,garch11,4942,4942,0
NDX,qlike,timesfm,garch11_t,4942,4942,0
NDX,qlike,timesfm,gjr,4942,4942,0
NDX,qlike,timesfm,har,4942,4942,0
NDX,qlike,timesfm,lgbm,4942,4942,0
NDX,qlike,timesfm,moirai,4942,4942,0
NDX,qlike,timesfm,naive,4942,4942,0
NDX,qlike,timesfm,patchtst,4942,4942,0
NDX,qlike,timesfm,timesfm,4942,4942,0
NDX,fz0_0p01,autoarima,autoarima,4942,4942,0
NDX,fz0_0p01,autoarima,autoets,4942,4942,0
NDX,fz0_0p01,autoarima,chronos,4942,4942,0
NDX,fz0_0p01,autoarima,ewma,4942,4942,0
NDX,fz0_0p01,autoarima,garch11,4942,4942,0
NDX,fz0_0p01,autoarima,garch11_t,4942,4942,0
NDX,fz0_0p01,autoarima,gjr,4942,4942,0
NDX,fz0_0p01,autoarima,har,4942,4942,0
NDX,fz0_0p01,autoarima,lgbm,4942,4942,0
NDX,fz0_0p01,autoarima,moirai,4942,4942,0
NDX,fz0_0p01,autoarima,naive,4942,4942,0
NDX,fz0_0p01,autoarima,patchtst,4942,4942,0
NDX,fz0_0p01,autoarima,timesfm,4942,4942,0
NDX,fz0_0p01,autoets,autoarima,4942,4942,0
NDX,fz0_0p01,autoets,autoets,4942,4942,0
NDX,fz0_0p01,autoets,chronos,4942,4942,0
NDX,fz0_0p01,autoets,ewma,4942,4942,0
NDX,fz0_0p01,autoets,garch11,4942,4942,0
NDX,fz0_0p01,autoets,garch11_t,4942,4942,0
NDX,fz0_0p01,autoets,gjr,4942,4942,0
NDX,fz0_0p01,autoets,har,4942,4942,0
NDX,fz0_0p01,autoets,lgbm,4942,4942,0
NDX,fz0_0p01,autoets,moirai,4942,4942,0
NDX,fz0_0p01,autoets,naive,4942,4942,0
NDX,fz0_0p01,autoets,patchtst,4942,4942,0
NDX,fz0_0p01,autoets,timesfm,4942,4942,0
NDX,fz0_0p01,chronos,autoarima,4942,4942,0
NDX,fz0_0p01,chronos,autoets,4942,4942,0
NDX,fz0_0p01,chronos,chronos,4942,4942,0
NDX,fz0_0p01,chronos,ewma,4942,4942,0
NDX,fz0_0p01,chronos,garch11,4942,4942,0
NDX,fz0_0p01,chronos,garch11_t,4942,4942,0
NDX,fz0_0p01,chronos,gjr,4942,4942,0
NDX,fz0_0p01,chronos,har,4942,4942,0
NDX,fz0_0p01,chronos,lgbm,4942,4942,0
NDX,fz0_0p01,chronos,moirai,4942,4942,0
NDX,fz0_0p01,chronos,naive,4942,4942,0
NDX,fz0_0p01,chronos,patchtst,4942,4942,0
NDX,fz0_0p01,chronos,timesfm,4942,4942,0
NDX,fz0_0p01,ewma,autoarima,4942,4942,0
NDX,fz0_0p01,ewma,autoets,4942,4942,0
NDX,fz0_0p01,ewma,chronos,4942,4942,0
NDX,fz0_0p01,ewma,ewma,4942,4942,0
NDX,fz0_0p01,ewma,garch11,4942,4942,0
NDX,fz0_0p01,ewma,garch11_t,4942,4942,0
NDX,fz0_0p01,ewma,gjr,4942,4942,0
NDX,fz0_0p01,ewma,har,4942,4942,0
NDX,fz0_0p01,ewma,lgbm,4942,4942,0
NDX,fz0_0p01,ewma,moirai,4942,4942,0
NDX,fz0_0p01,ewma,naive,4942,4942,0
NDX,fz0_0p01,ewma,patchtst,4942,4942,0
NDX,fz0_0p01,ewma,timesfm,4942,4942,0
NDX,fz0_0p01,garch11,autoarima,4942,4942,0
NDX,fz0_0p01,garch11,autoets,4942,4942,0
NDX,fz0_0p01,garch11,chronos,4942,4942,0
NDX,fz0_0p01,garch11,ewma,4942,4942,0
NDX,fz0_0p01,garch11,garch11,4942,4942,0
NDX,fz0_0p01,garch11,garch11_t,4942,4942,0
NDX,fz0_0p01,garch11,gjr,4942,4942,0
NDX,fz0_0p01,garch11,har,4942,4942,0
NDX,fz0_0p01,garch11,lgbm,4942,4942,0
NDX,fz0_0p01,garch11,moirai,4942,4942,0
NDX,fz0_0p01,garch11,naive,4942,4942,0
NDX,fz0_0p01,garch11,patchtst,4942,4942,0
NDX,fz0_0p01,garch11,timesfm,4942,4942,0
NDX,fz0_0p01,garch11_t,autoarima,4942,4942,0
NDX,fz0_0p01,garch11_t,autoets,4942,4942,0
NDX,fz0_0p01,garch11_t,chronos,4942,4942,0
NDX,fz0_0p01,garch11_t,ewma,4942,4942,0
NDX,fz0_0p01,garch11_t,garch11,4942,4942,0
NDX,fz0_0p01,garch11_t,garch11_t,4942,4942,0
NDX,fz0_0p01,garch11_t,gjr,4942,4942,0
NDX,fz0_0p01,garch11_t,har,4942,4942,0
NDX,fz0_0p01,garch11_t,lgbm,4942,4942,0
NDX,fz0_0p01,garch11_t,moirai,4942,4942,0
NDX,fz0_0p01,garch11_t,naive,4942,4942,0
NDX,fz0_0p01,garch11_t,patchtst,4942,4942,0
NDX,fz0_0p01,garch11_t,timesfm,4942,4942,0
NDX,fz0_0p01,gjr,autoarima,4942,4942,0
NDX,fz0_0p01,gjr,autoets,4942,4942,0
NDX,fz0_0p01,gjr,chronos,4942,4942,0
NDX,fz0_0p01,gjr,ewma,4942,4942,0
NDX,fz0_0p01,gjr,garch11,4942,4942,0
NDX,fz0_0p01,gjr,garch11_t,4942,4942,0
NDX,fz0_0p01,gjr,gjr,4942,4942,0
NDX,fz0_0p01,gjr,har,4942,4942,0
NDX,fz0_0p01,gjr,lgbm,4942,4942,0
NDX,fz0_0p01,gjr,moirai,4942,4942,0
NDX,fz0_0p01,gjr,naive,4942,4942,0
NDX,fz0_0p01,gjr,patchtst,4942,4942,0
NDX,fz0_0p01,gjr,timesfm,4942,4942,0
NDX,fz0_0p01,har,autoarima,4942,4942,0
NDX,fz0_0p01,har,autoets,4942,4942,0
NDX,fz0_0p01,har,chronos,4942,4942,0
NDX,fz0_0p01,har,ewma,4942,4942,0
NDX,fz0_0p01,har,garch11,4942,4942,0
NDX,fz0_0p01,har,garch11_t,4942,4942,0
NDX,fz0_0p01,har,gjr,4942,4942,0
NDX,fz0_0p01,har,har,4942,4942,0
NDX,fz0_0p01,har,lgbm,4942,4942,0
NDX,fz0_0p01,har,moirai,4942,4942,0
NDX,fz0_0p01,har,naive,4942,4942,0
NDX,fz0_0p01,har,patchtst,4942,4942,0
NDX,fz0_0p01,har,timesfm,4942,4942,0
NDX,fz0_0p01,lgbm,autoarima,4942,4942,0
NDX,fz0_0p01,lgbm,autoets,4942,4942,0
NDX,fz0_0p01,lgbm,chronos,4942,4942,0
NDX,fz0_0p01,lgbm,ewma,4942,4942,0
NDX,fz0_0p01,lgbm,garch11,4942,4942,0
NDX,fz0_0p01,lgbm,garch11_t,4942,4942,0
NDX,fz0_0p01,lgbm,gjr,4942,4942,0
NDX,fz0_0p01,lgbm,har,4942,4942,0
NDX,fz0_0p01,lgbm,lgbm,4942,4942,0
NDX,fz0_0p01,lgbm,moirai,4942,4942,0
NDX,fz0_0p01,lgbm,naive,4942,4942,0
NDX,fz0_0p01,lgbm,patchtst,4942,4942,0
NDX,fz0_0p01,lgbm,timesfm,4942,4942,0
NDX,fz0_0p01,moirai,autoarima,4942,4942,0
NDX,fz0_0p01,moirai,autoets,4942,4942,0
NDX,fz0_0p01,moirai,chronos,4942,4942,0
NDX,fz0_0p01,moirai,ewma,4942,4942,0
NDX,fz0_0p01,moirai,garch11,4942,4942,0
NDX,fz0_0p01,moirai,garch11_t,4942,4942,0
NDX,fz0_0p01,moirai,gjr,4942,4942,0
NDX,fz0_0p01,moirai,har,4942,4942,0
NDX,fz0_0p01,moirai,lgbm,4942,4942,0
NDX,fz0_0p01,moirai,moirai,4942,4942,0
NDX,fz0_0p01,moirai,naive,4942,4942,0
NDX,fz0_0p01,moirai,patchtst,4942,4942,0
NDX,fz0_0p01,moirai,timesfm,4942,4942,0
NDX,fz0_0p01,naive,autoarima,4942,4942,0
NDX,fz0_0p01,naive,autoets,4942,4942,0
NDX,fz0_0p01,naive,chronos,4942,4942,0
NDX,fz0_0p01,naive,ewma,4942,4942,0
NDX,fz0_0p01,naive,garch11,4942,4942,0
NDX,fz0_0p01,naive,garch11_t,4942,4942,0
NDX,fz0_0p01,naive,gjr,4942,4942,0
NDX,fz0_0p01,naive,har,4942,4942,0
NDX,fz0_0p01,naive,lgbm,4942,4942,0
NDX,fz0_0p01,naive,moirai,4942,4942,0
NDX,fz0_0p01,naive,naive,4942,4942,0
NDX,fz0_0p01,naive,patchtst,4942,4942,0
NDX,fz0_0p01,naive,timesfm,4942,4942,0
NDX,fz0_0p01,patchtst,autoarima,4942,4942,0
NDX,fz0_0p01,patchtst,autoets,4942,4942,0
NDX,fz0_0p01,patchtst,chronos,4942,4942,0
NDX,fz0_0p01,patchtst,ewma,4942,4942,0
NDX,fz0_0p01,patchtst,garch11,4942,4942,0
NDX,fz0_0p01,patchtst,garch11_t,4942,4942,0
NDX,fz0_0p01,patchtst,gjr,4942,4942,0
NDX,fz0_0p01,patchtst,har,4942,4942,0
NDX,fz0_0p01,patchtst,lgbm,4942,4942,0
NDX,fz0_0p01,patchtst,moirai,4942,4942,0
NDX,fz0_0p01,patchtst,naive,4942,4942,0
NDX,fz0_0p01,patchtst,patchtst,4942,4942,0
NDX,fz0_0p01,patchtst,timesfm,4942,4942,0
NDX,fz0_0p01,timesfm,autoarima,4942,4942,0
NDX,fz0_0p01,timesfm,autoets,4942,4942,0
NDX,fz0_0p01,timesfm,chronos,4942,4942,0
NDX,fz0_0p01,timesfm,ewma,4942,4942,0
NDX,fz0_0p01,timesfm,garch11,4942,4942,0
NDX,fz0_0p01,timesfm,garch11_t,4942,4942,0
NDX,fz0_0p01,timesfm,gjr,4942,4942,0
NDX,fz0_0p01,timesfm,har,4942,4942,0
NDX,fz0_0p01,timesfm,lgbm,4942,4942,0
NDX,fz0_0p01,timesfm,moirai,4942,4942,0
NDX,fz0_0p01,timesfm,naive,4942,4942,0
NDX,fz0_0p01,timesfm,patchtst,4942,4942,0
NDX,fz0_0p01,timesfm,timesfm,4942,4942,0
NDX,fz0_0p025,autoarima,autoarima,4942,4942,0
NDX,fz0_0p025,autoarima,autoets,4942,4942,0
NDX,fz0_0p025,autoarima,chronos,4942,4942,0
NDX,fz0_0p025,autoarima,ewma,4942,4942,0
NDX,fz0_0p025,autoarima,garch11,4942,4942,0
NDX,fz0_0p025,autoarima,garch11_t,4942,4942,0
NDX,fz0_0p025,autoarima,gjr,4942,4942,0
NDX,fz0_0p025,autoarima,har,4942,4942,0
NDX,fz0_0p025,autoarima,lgbm,4942,4942,0
NDX,fz0_0p025,autoarima,moirai,4942,4942,0
NDX,fz0_0p025,autoarima,naive,4942,4942,0
NDX,fz0_0p025,autoarima,patchtst,4942,4942,0
NDX,fz0_0p025,autoarima,timesfm,4942,4942,0
NDX,fz0_0p025,autoets,autoarima,4942,4942,0
NDX,fz0_0p025,autoets,autoets,4942,4942,0
NDX,fz0_0p025,autoets,chronos,4942,4942,0
NDX,fz0_0p025,autoets,ewma,4942,4942,0
NDX,fz0_0p025,autoets,garch11,4942,4942,0
NDX,fz0_0p025,autoets,garch11_t,4942,4942,0
NDX,fz0_0p025,autoets,gjr,4942,4942,0
NDX,fz0_0p025,autoets,har,4942,4942,0
NDX,fz0_0p025,autoets,lgbm,4942,4942,0
NDX,fz0_0p025,autoets,moirai,4942,4942,0
NDX,fz0_0p025,autoets,naive,4942,4942,0
NDX,fz0_0p025,autoets,patchtst,4942,4942,0
NDX,fz0_0p025,autoets,timesfm,4942,4942,0
NDX,fz0_0p025,chronos,autoarima,4942,4942,0
NDX,fz0_0p025,chronos,autoets,4942,4942,0
NDX,fz0_0p025,chronos,chronos,4942,4942,0
NDX,fz0_0p025,chronos,ewma,4942,4942,0
NDX,fz0_0p025,chronos,garch11,4942,4942,0
NDX,fz0_0p025,chronos,garch11_t,4942,4942,0
NDX,fz0_0p025,chronos,gjr,4942,4942,0
NDX,fz0_0p025,chronos,har,4942,4942,0
NDX,fz0_0p025,chronos,lgbm,4942,4942,0
NDX,fz0_0p025,chronos,moirai,4942,4942,0
NDX,fz0_0p025,chronos,naive,4942,4942,0
NDX,fz0_0p025,chronos,patchtst,4942,4942,0
NDX,fz0_0p025,chronos,timesfm,4942,4942,0
NDX,fz0_0p025,ewma,autoarima,4942,4942,0
NDX,fz0_0p025,ewma,autoets,4942,4942,0
NDX,fz0_0p025,ewma,chronos,4942,4942,0
NDX,fz0_0p025,ewma,ewma,4942,4942,0
NDX,fz0_0p025,ewma,garch11,4942,4942,0
NDX,fz0_0p025,ewma,garch11_t,4942,4942,0
NDX,fz0_0p025,ewma,gjr,4942,4942,0
NDX,fz0_0p025,ewma,har,4942,4942,0
NDX,fz0_0p025,ewma,lgbm,4942,4942,0
NDX,fz0_0p025,ewma,moirai,4942,4942,0
NDX,fz0_0p025,ewma,naive,4942,4942,0
NDX,fz0_0p025,ewma,patchtst,4942,4942,0
NDX,fz0_0p025,ewma,timesfm,4942,4942,0
NDX,fz0_0p025,garch11,autoarima,4942,4942,0
NDX,fz0_0p025,garch11,autoets,4942,4942,0
NDX,fz0_0p025,garch11,chronos,4942,4942,0
NDX,fz0_0p025,garch11,ewma,4942,4942,0
NDX,fz0_0p025,garch11,garch11,4942,4942,0
NDX,fz0_0p025,garch11,garch11_t,4942,4942,0
NDX,fz0_0p025,garch11,gjr,4942,4942,0
NDX,fz0_0p025,garch11,har,4942,4942,0
NDX,fz0_0p025,garch11,lgbm,4942,4942,0
NDX,fz0_0p025,garch11,moirai,4942,4942,0
NDX,fz0_0p025,garch11,naive,4942,4942,0
NDX,fz0_0p025,garch11,patchtst,4942,4942,0
NDX,fz0_0p025,garch11,timesfm,4942,4942,0
NDX,fz0_0p025,garch11_t,autoarima,4942,4942,0
NDX,fz0_0p025,garch11_t,autoets,4942,4942,0
NDX,fz0_0p025,garch11_t,chronos,4942,4942,0
NDX,fz0_0p025,garch11_t,ewma,4942,4942,0
NDX,fz0_0p025,garch11_t,garch11,4942,4942,0
NDX,fz0_0p025,garch11_t,garch11_t,4942,4942,0
NDX,fz0_0p025,garch11_t,gjr,4942,4942,0
NDX,fz0_0p025,garch11_t,har,4942,4942,0
NDX,fz0_0p025,garch11_t,lgbm,4942,4942,0
NDX,fz0_0p025,garch11_t,moirai,4942,4942,0
NDX,fz0_0p025,garch11_t,naive,4942,4942,0
NDX,fz0_0p025,garch11_t,patchtst,4942,4942,0
NDX,fz0_0p025,garch11_t,timesfm,4942,4942,0
NDX,fz0_0p025,gjr,autoarima,4942,4942,0
NDX,fz0_0p025,gjr,autoets,4942,4942,0
NDX,fz0_0p025,gjr,chronos,4942,4942,0
NDX,fz0_0p025,gjr,ewma,4942,4942,0
NDX,fz0_0p025,gjr,garch11,4942,4942,0
NDX,fz0_0p025,gjr,garch11_t,4942,4942,0
NDX,fz0_0p025,gjr,gjr,4942,4942,0
NDX,fz0_0p025,gjr,har,4942,4942,0
NDX,fz0_0p025,gjr,lgbm,4942,4942,0
NDX,fz0_0p025,gjr,moirai,4942,4942,0
NDX,fz0_0p025,gjr,naive,4942,4942,0
NDX,fz0_0p025,gjr,patchtst,4942,4942,0
NDX,fz0_0p025,gjr,timesfm,4942,4942,0
NDX,fz0_0p025,har,autoarima,4942,4942,0
NDX,fz0_0p025,har,autoets,4942,4942,0
NDX,fz0_0p025,har,chronos,4942,4942,0
NDX,fz0_0p025,har,ewma,4942,4942,0
NDX,fz0_0p025,har,garch11,4942,4942,0
NDX,fz0_0p025,har,garch11_t,4942,4942,0
NDX,fz0_0p025,har,gjr,4942,4942,0
NDX,fz0_0p025,har,har,4942,4942,0
NDX,fz0_0p025,har,lgbm,4942,4942,0
NDX,fz0_0p025,har,moirai,4942,4942,0
NDX,fz0_0p025,har,naive,4942,4942,0
NDX,fz0_0p025,har,patchtst,4942,4942,0
NDX,fz0_0p025,har,timesfm,4942,4942,0
NDX,fz0_0p025,lgbm,autoarima,4942,4942,0
NDX,fz0_0p025,lgbm,autoets,4942,4942,0
NDX,fz0_0p025,lgbm,chronos,4942,4942,0
NDX,fz0_0p025,lgbm,ewma,4942,4942,0
NDX,fz0_0p025,lgbm,garch11,4942,4942,0
NDX,fz0_0p025,lgbm,garch11_t,4942,4942,0
NDX,fz0_0p025,lgbm,gjr,4942,4942,0
NDX,fz0_0p025,lgbm,har,4942,4942,0
NDX,fz0_0p025,lgbm,lgbm,4942,4942,0
NDX,fz0_0p025,lgbm,moirai,4942,4942,0
NDX,fz0_0p025,lgbm,naive,4942,4942,0
NDX,fz0_0p025,lgbm,patchtst,4942,4942,0
NDX,fz0_0p025,lgbm,timesfm,4942,4942,0
NDX,fz0_0p025,moirai,autoarima,4942,4942,0
NDX,fz0_0p025,moirai,autoets,4942,4942,0
NDX,fz0_0p025,moirai,chronos,4942,4942,0
NDX,fz0_0p025,moirai,ewma,4942,4942,0
NDX,fz0_0p025,moirai,garch11,4942,4942,0
NDX,fz0_0p025,moirai,garch11_t,4942,4942,0
NDX,fz0_0p025,moirai,gjr,4942,4942,0
NDX,fz0_0p025,moirai,har,4942,4942,0
NDX,fz0_0p025,moirai,lgbm,4942,4942,0
NDX,fz0_0p025,moirai,moirai,4942,4942,0
NDX,fz0_0p025,moirai,naive,4942,4942,0
NDX,fz0_0p025,moirai,patchtst,4942,4942,0
NDX,fz0_0p025,moirai,timesfm,4942,4942,0
NDX,fz0_0p025,naive,autoarima,4942,4942,0
NDX,fz0_0p025,naive,autoets,4942,4942,0
NDX,fz0_0p025,naive,chronos,4942,4942,0
NDX,fz0_0p025,naive,ewma,4942,4942,0
NDX,fz0_0p025,naive,garch11,4942,4942,0
NDX,fz0_0p025,naive,garch11_t,4942,4942,0
NDX,fz0_0p025,naive,gjr,4942,4942,0
NDX,fz0_0p025,naive,har,4942,4942,0
NDX,fz0_0p025,naive,lgbm,4942,4942,0
NDX,fz0_0p025,naive,moirai,4942,4942,0
NDX,fz0_0p025,naive,naive,4942,4942,0
NDX,fz0_0p025,naive,patchtst,4942,4942,0
NDX,fz0_0p025,naive,timesfm,4942,4942,0
NDX,fz0_0p025,patchtst,autoarima,4942,4942,0
NDX,fz0_0p025,patchtst,autoets,4942,4942,0
NDX,fz0_0p025,patchtst,chronos,4942,4942,0
NDX,fz0_0p025,patchtst,ewma,4942,4942,0
NDX,fz0_0p025,patchtst,garch11,4942,4942,0
NDX,fz0_0p025,patchtst,garch11_t,4942,4942,0
NDX,fz0_0p025,patchtst,gjr,4942,4942,0
NDX,fz0_0p025,patchtst,har,4942,4942,0
NDX,fz0_0p025,patchtst,lgbm,4942,4942,0
NDX,fz0_0p025,patchtst,moirai,4942,4942,0
NDX,fz0_0p025,patchtst,naive,4942,4942,0
NDX,fz0_0p025,patchtst,patchtst,4942,4942,0
NDX,fz0_0p025,patchtst,timesfm,4942,4942,0
NDX,fz0_0p025,timesfm,autoarima,4942,4942,0
NDX,fz0_0p025,timesfm,autoets,4942,4942,0
NDX,fz0_0p025,timesfm,chronos,4942,4942,0
NDX,fz0_0p025,timesfm,ewma,4942,4942,0
NDX,fz0_0p025,timesfm,garch11,4942,4942,0
NDX,fz0_0p025,timesfm,garch11_t,4942,4942,0
NDX,fz0_0p025,timesfm,gjr,4942,4942,0
NDX,fz0_0p025,timesfm,har,4942,4942,0
NDX,fz0_0p025,timesfm,lgbm,4942,4942,0
NDX,fz0_0p025,timesfm,moirai,4942,4942,0
NDX,fz0_0p025,timesfm,naive,4942,4942,0
NDX,fz0_0p025,timesfm,patchtst,4942,4942,0
NDX,fz0_0p025,timesfm,timesfm,4942,4942,0
NDX,fz0_0p05,autoarima,autoarima,4942,4942,0
NDX,fz0_0p05,autoarima,autoets,4942,4942,0
NDX,fz0_0p05,autoarima,chronos,4942,4942,0
NDX,fz0_0p05,autoarima,ewma,4942,4942,0
NDX,fz0_0p05,autoarima,garch11,4942,4942,0
NDX,fz0_0p05,autoarima,garch11_t,4942,4942,0
NDX,fz0_0p05,autoarima,gjr,4942,4942,0
NDX,fz0_0p05,autoarima,har,4942,4942,0
NDX,fz0_0p05,autoarima,lgbm,4942,4942,0
NDX,fz0_0p05,autoarima,moirai,4942,4942,0
NDX,fz0_0p05,autoarima,naive,4942,4942,0
NDX,fz0_0p05,autoarima,patchtst,4942,4942,0
NDX,fz0_0p05,autoarima,timesfm,4942,4942,0
NDX,fz0_0p05,autoets,autoarima,4942,4942,0
NDX,fz0_0p05,autoets,autoets,4942,4942,0
NDX,fz0_0p05,autoets,chronos,4942,4942,0
NDX,fz0_0p05,autoets,ewma,4942,4942,0
NDX,fz0_0p05,autoets,garch11,4942,4942,0
NDX,fz0_0p05,autoets,garch11_t,4942,4942,0
NDX,fz0_0p05,autoets,gjr,4942,4942,0
NDX,fz0_0p05,autoets,har,4942,4942,0
NDX,fz0_0p05,autoets,lgbm,4942,4942,0
NDX,fz0_0p05,autoets,moirai,4942,4942,0
NDX,fz0_0p05,autoets,naive,4942,4942,0
NDX,fz0_0p05,autoets,patchtst,4942,4942,0
NDX,fz0_0p05,autoets,timesfm,4942,4942,0
NDX,fz0_0p05,chronos,autoarima,4942,4942,0
NDX,fz0_0p05,chronos,autoets,4942,4942,0
NDX,fz0_0p05,chronos,chronos,4942,4942,0
NDX,fz0_0p05,chronos,ewma,4942,4942,0
NDX,fz0_0p05,chronos,garch11,4942,4942,0
NDX,fz0_0p05,chronos,garch11_t,4942,4942,0
NDX,fz0_0p05,chronos,gjr,4942,4942,0
NDX,fz0_0p05,chronos,har,4942,4942,0
NDX,fz0_0p05,chronos,lgbm,4942,4942,0
NDX,fz0_0p05,chronos,moirai,4942,4942,0
NDX,fz0_0p05,chronos,naive,4942,4942,0
NDX,fz0_0p05,chronos,patchtst,4942,4942,0
NDX,fz0_0p05,chronos,timesfm,4942,4942,0
NDX,fz0_0p05,ewma,autoarima,4942,4942,0
NDX,fz0_0p05,ewma,autoets,4942,4942,0
NDX,fz0_0p05,ewma,chronos,4942,4942,0
NDX,fz0_0p05,ewma,ewma,4942,4942,0
NDX,fz0_0p05,ewma,garch11,4942,4942,0
NDX,fz0_0p05,ewma,garch11_t,4942,4942,0
NDX,fz0_0p05,ewma,gjr,4942,4942,0
NDX,fz0_0p05,ewma,har,4942,4942,0
NDX,fz0_0p05,ewma,lgbm,4942,4942,0
NDX,fz0_0p05,ewma,moirai,4942,4942,0
NDX,fz0_0p05,ewma,naive,4942,4942,0
NDX,fz0_0p05,ewma,patchtst,4942,4942,0
NDX,fz0_0p05,ewma,timesfm,4942,4942,0
NDX,fz0_0p05,garch11,autoarima,4942,4942,0
NDX,fz0_0p05,garch11,autoets,4942,4942,0
NDX,fz0_0p05,garch11,chronos,4942,4942,0
NDX,fz0_0p05,garch11,ewma,4942,4942,0
NDX,fz0_0p05,garch11,garch11,4942,4942,0
NDX,fz0_0p05,garch11,garch11_t,4942,4942,0
NDX,fz0_0p05,garch11,gjr,4942,4942,0
NDX,fz0_0p05,garch11,har,4942,4942,0
NDX,fz0_0p05,garch11,lgbm,4942,4942,0
NDX,fz0_0p05,garch11,moirai,4942,4942,0
NDX,fz0_0p05,garch11,naive,4942,4942,0
NDX,fz0_0p05,garch11,patchtst,4942,4942,0
NDX,fz0_0p05,garch11,timesfm,4942,4942,0
NDX,fz0_0p05,garch11_t,autoarima,4942,4942,0
NDX,fz0_0p05,garch11_t,autoets,4942,4942,0
NDX,fz0_0p05,garch11_t,chronos,4942,4942,0
NDX,fz0_0p05,garch11_t,ewma,4942,4942,0
NDX,fz0_0p05,garch11_t,garch11,4942,4942,0
NDX,fz0_0p05,garch11_t,garch11_t,4942,4942,0
NDX,fz0_0p05,garch11_t,gjr,4942,4942,0
NDX,fz0_0p05,garch11_t,har,4942,4942,0
NDX,fz0_0p05,garch11_t,lgbm,4942,4942,0
NDX,fz0_0p05,garch11_t,moirai,4942,4942,0
NDX,fz0_0p05,garch11_t,naive,4942,4942,0
NDX,fz0_0p05,garch11_t,patchtst,4942,4942,0
NDX,fz0_0p05,garch11_t,timesfm,4942,4942,0
NDX,fz0_0p05,gjr,autoarima,4942,4942,0
NDX,fz0_0p05,gjr,autoets,4942,4942,0
NDX,fz0_0p05,gjr,chronos,4942,4942,0
NDX,fz0_0p05,gjr,ewma,4942,4942,0
NDX,fz0_0p05,gjr,garch11,4942,4942,0
NDX,fz0_0p05,gjr,garch11_t,4942,4942,0
NDX,fz0_0p05,gjr,gjr,4942,4942,0
NDX,fz0_0p05,gjr,har,4942,4942,0
NDX,fz0_0p05,gjr,lgbm,4942,4942,0
NDX,fz0_0p05,gjr,moirai,4942,4942,0
NDX,fz0_0p05,gjr,naive,4942,4942,0
NDX,fz0_0p05,gjr,patchtst,4942,4942,0
NDX,fz0_0p05,gjr,timesfm,4942,4942,0
NDX,fz0_0p05,har,autoarima,4942,4942,0
NDX,fz0_0p05,har,autoets,4942,4942,0
NDX,fz0_0p05,har,chronos,4942,4942,0
NDX,fz0_0p05,har,ewma,4942,4942,0
NDX,fz0_0p05,har,garch11,4942,4942,0
NDX,fz0_0p05,har,garch11_t,4942,4942,0
NDX,fz0_0p05,har,gjr,4942,4942,0
NDX,fz0_0p05,har,har,4942,4942,0
NDX,fz0_0p05,har,lgbm,4942,4942,0
NDX,fz0_0p05,har,moirai,4942,4942,0
NDX,fz0_0p05,har,naive,4942,4942,0
NDX,fz0_0p05,har,patchtst,4942,4942,0
NDX,fz0_0p05,har,timesfm,4942,4942,0
NDX,fz0_0p05,lgbm,autoarima,4942,4942,0
NDX,fz0_0p05,lgbm,autoets,4942,4942,0
NDX,fz0_0p05,lgbm,chronos,4942,4942,0
NDX,fz0_0p05,lgbm,ewma,4942,4942,0
NDX,fz0_0p05,lgbm,garch11,4942,4942,0
NDX,fz0_0p05,lgbm,garch11_t,4942,4942,0
NDX,fz0_0p05,lgbm,gjr,4942,4942,0
NDX,fz0_0p05,lgbm,har,4942,4942,0
NDX,fz0_0p05,lgbm,lgbm,4942,4942,0
NDX,fz0_0p05,lgbm,moirai,4942,4942,0
NDX,fz0_0p05,lgbm,naive,4942,4942,0
NDX,fz0_0p05,lgbm,patchtst,4942,4942,0
NDX,fz0_0p05,lgbm,timesfm,4942,4942,0
NDX,fz0_0p05,moirai,autoarima,4942,4942,0
NDX,fz0_0p05,moirai,autoets,4942,4942,0
NDX,fz0_0p05,moirai,chronos,4942,4942,0
NDX,fz0_0p05,moirai,ewma,4942,4942,0
NDX,fz0_0p05,moirai,garch11,4942,4942,0
NDX,fz0_0p05,moirai,garch11_t,4942,4942,0
NDX,fz0_0p05,moirai,gjr,4942,4942,0
NDX,fz0_0p05,moirai,har,4942,4942,0
NDX,fz0_0p05,moirai,lgbm,4942,4942,0
NDX,fz0_0p05,moirai,moirai,4942,4942,0
NDX,fz0_0p05,moirai,naive,4942,4942,0
NDX,fz0_0p05,moirai,patchtst,4942,4942,0
NDX,fz0_0p05,moirai,timesfm,4942,4942,0
NDX,fz0_0p05,naive,autoarima,4942,4942,0
NDX,fz0_0p05,naive,autoets,4942,4942,0
NDX,fz0_0p05,naive,chronos,4942,4942,0
NDX,fz0_0p05,naive,ewma,4942,4942,0
NDX,fz0_0p05,naive,garch11,4942,4942,0
NDX,fz0_0p05,naive,garch11_t,4942,4942,0
NDX,fz0_0p05,naive,gjr,4942,4942,0
NDX,fz0_0p05,naive,har,4942,4942,0
NDX,fz0_0p05,naive,lgbm,4942,4942,0
NDX,fz0_0p05,naive,moirai,4942,4942,0
NDX,fz0_0p05,naive,naive,4942,4942,0
NDX,fz0_0p05,naive,patchtst,4942,4942,0
NDX,fz0_0p05,naive,timesfm,4942,4942,0
NDX,fz0_0p05,patchtst,autoarima,4942,4942,0
NDX,fz0_0p05,patchtst,autoets,4942,4942,0
NDX,fz0_0p05,patchtst,chronos,4942,4942,0
NDX,fz0_0p05,patchtst,ewma,4942,4942,0
NDX,fz0_0p05,patchtst,garch11,4942,4942,0
NDX,fz0_0p05,patchtst,garch11_t,4942,4942,0
NDX,fz0_0p05,patchtst,gjr,4942,4942,0
NDX,fz0_0p05,patchtst,har,4942,4942,0
NDX,fz0_0p05,patchtst,lgbm,4942,4942,0
NDX,fz0_0p05,patchtst,moirai,4942,4942,0
NDX,fz0_0p05,patchtst,naive,4942,4942,0
NDX,fz0_0p05,patchtst,patchtst,4942,4942,0
NDX,fz0_0p05,patchtst,timesfm,4942,4942,0
NDX,fz0_0p05,timesfm,autoarima,4942,4942,0
NDX,fz0_0p05,timesfm,autoets,4942,4942,0
NDX,fz0_0p05,timesfm,chronos,4942,4942,0
NDX,fz0_0p05,timesfm,ewma,4942,4942,0
NDX,fz0_0p05,timesfm,garch11,4942,4942,0
NDX,fz0_0p05,timesfm,garch11_t,4942,4942,0
NDX,fz0_0p05,timesfm,gjr,4942,4942,0
NDX,fz0_0p05,timesfm,har,4942,4942,0
NDX,fz0_0p05,timesfm,lgbm,4942,4942,0
NDX,fz0_0p05,timesfm,moirai,4942,4942,0
NDX,fz0_0p05,timesfm,naive,4942,4942,0
NDX,fz0_0p05,timesfm,patchtst,4942,4942,0
NDX,fz0_0p05,timesfm,timesfm,4942,4942,0
NDX,fz0_avg,autoarima,autoarima,4942,4942,0
NDX,fz0_avg,autoarima,autoets,4942,4942,0
NDX,fz0_avg,autoarima,chronos,4942,4942,0
NDX,fz0_avg,autoarima,ewma,4942,4942,0
NDX,fz0_avg,autoarima,garch11,4942,4942,0
NDX,fz0_avg,autoarima,garch11_t,4942,4942,0
NDX,fz0_avg,autoarima,gjr,4942,4942,0
NDX,fz0_avg,autoarima,har,4942,4942,0
NDX,fz0_avg,autoarima,lgbm,4942,4942,0
NDX,fz0_avg,autoarima,moirai,4942,4942,0
NDX,fz0_avg,autoarima,naive,4942,4942,0
NDX,fz0_avg,autoarima,patchtst,4942,4942,0
NDX,fz0_avg,autoarima,timesfm,4942,4942,0
NDX,fz0_avg,autoets,autoarima,4942,4942,0
NDX,fz0_avg,autoets,autoets,4942,4942,0
NDX,fz0_avg,autoets,chronos,4942,4942,0
NDX,fz0_avg,autoets,ewma,4942,4942,0
NDX,fz0_avg,autoets,garch11,4942,4942,0
NDX,fz0_avg,autoets,garch11_t,4942,4942,0
NDX,fz0_avg,autoets,gjr,4942,4942,0
NDX,fz0_avg,autoets,har,4942,4942,0
NDX,fz0_avg,autoets,lgbm,4942,4942,0
NDX,fz0_avg,autoets,moirai,4942,4942,0
NDX,fz0_avg,autoets,naive,4942,4942,0
NDX,fz0_avg,autoets,patchtst,4942,4942,0
NDX,fz0_avg,autoets,timesfm,4942,4942,0
NDX,fz0_avg,chronos,autoarima,4942,4942,0
NDX,fz0_avg,chronos,autoets,4942,4942,0
NDX,fz0_avg,chronos,chronos,4942,4942,0
NDX,fz0_avg,chronos,ewma,4942,4942,0
NDX,fz0_avg,chronos,garch11,4942,4942,0
NDX,fz0_avg,chronos,garch11_t,4942,4942,0
NDX,fz0_avg,chronos,gjr,4942,4942,0
NDX,fz0_avg,chronos,har,4942,4942,0
NDX,fz0_avg,chronos,lgbm,4942,4942,0
NDX,fz0_avg,chronos,moirai,4942,4942,0
NDX,fz0_avg,chronos,naive,4942,4942,0
NDX,fz0_avg,chronos,patchtst,4942,4942,0
NDX,fz0_avg,chronos,timesfm,4942,4942,0
NDX,fz0_avg,ewma,autoarima,4942,4942,0
NDX,fz0_avg,ewma,autoets,4942,4942,0
NDX,fz0_avg,ewma,chronos,4942,4942,0
NDX,fz0_avg,ewma,ewma,4942,4942,0
NDX,fz0_avg,ewma,garch11,4942,4942,0
NDX,fz0_avg,ewma,garch11_t,4942,4942,0
NDX,fz0_avg,ewma,gjr,4942,4942,0
NDX,fz0_avg,ewma,har,4942,4942,0
NDX,fz0_avg,ewma,lgbm,4942,4942,0
NDX,fz0_avg,ewma,moirai,4942,4942,0
NDX,fz0_avg,ewma,naive,4942,4942,0
NDX,fz0_avg,ewma,patchtst,4942,4942,0
NDX,fz0_avg,ewma,timesfm,4942,4942,0
NDX,fz0_avg,garch11,autoarima,4942,4942,0
NDX,fz0_avg,garch11,autoets,4942,4942,0
NDX,fz0_avg,garch11,chronos,4942,4942,0
NDX,fz0_avg,garch11,ewma,4942,4942,0
NDX,fz0_avg,garch11,garch11,4942,4942,0
NDX,fz0_avg,garch11,garch11_t,4942,4942,0
NDX,fz0_avg,garch11,gjr,4942,4942,0
NDX,fz0_avg,garch11,har,4942,4942,0
NDX,fz0_avg,garch11,lgbm,4942,4942,0
NDX,fz0_avg,garch11,moirai,4942,4942,0
NDX,fz0_avg,garch11,naive,4942,4942,0
NDX,fz0_avg,garch11,patchtst,4942,4942,0
NDX,fz0_avg,garch11,timesfm,4942,4942,0
NDX,fz0_avg,garch11_t,autoarima,4942,4942,0
NDX,fz0_avg,garch11_t,autoets,4942,4942,0
NDX,fz0_avg,garch11_t,chronos,4942,4942,0
NDX,fz0_avg,garch11_t,ewma,4942,4942,0
NDX,fz0_avg,garch11_t,garch11,4942,4942,0
NDX,fz0_avg,garch11_t,garch11_t,4942,4942,0
NDX,fz0_avg,garch11_t,gjr,4942,4942,0
NDX,fz0_avg,garch11_t,har,4942,4942,0
NDX,fz0_avg,garch11_t,lgbm,4942,4942,0
NDX,fz0_avg,garch11_t,moirai,4942,4942,0
NDX,fz0_avg,garch11_t,naive,4942,4942,0
NDX,fz0_avg,garch11_t,patchtst,4942,4942,0
NDX,fz0_avg,garch11_t,timesfm,4942,4942,0
NDX,fz0_avg,gjr,autoarima,4942,4942,0
NDX,fz0_avg,gjr,autoets,4942,4942,0
NDX,fz0_avg,gjr,chronos,4942,4942,0
NDX,fz0_avg,gjr,ewma,4942,4942,0
NDX,fz0_avg,gjr,garch11,4942,4942,0
NDX,fz0_avg,gjr,garch11_t,4942,4942,0
NDX,fz0_avg,gjr,gjr,4942,4942,0
NDX,fz0_avg,gjr,har,4942,4942,0
NDX,fz0_avg,gjr,lgbm,4942,4942,0
NDX,fz0_avg,gjr,moirai,4942,4942,0
NDX,fz0_avg,gjr,naive,4942,4942,0
NDX,fz0_avg,gjr,patchtst,4942,4942,0
NDX,fz0_avg,gjr,timesfm,4942,4942,0
NDX,fz0_avg,har,autoarima,4942,4942,0
NDX,fz0_avg,har,autoets,4942,4942,0
NDX,fz0_avg,har,chronos,4942,4942,0
NDX,fz0_avg,har,ewma,4942,4942,0
NDX,fz0_avg,har,garch11,4942,4942,0
NDX,fz0_avg,har,garch11_t,4942,4942,0
NDX,fz0_avg,har,gjr,4942,4942,0
NDX,fz0_avg,har,har,4942,4942,0
NDX,fz0_avg,har,lgbm,4942,4942,0
NDX,fz0_avg,har,moirai,4942,4942,0
NDX,fz0_avg,har,naive,4942,4942,0
NDX,fz0_avg,har,patchtst,4942,4942,0
NDX,fz0_avg,har,timesfm,4942,4942,0
NDX,fz0_avg,lgbm,autoarima,4942,4942,0
NDX,fz0_avg,lgbm,autoets,4942,4942,0
NDX,fz0_avg,lgbm,chronos,4942,4942,0
NDX,fz0_avg,lgbm,ewma,4942,4942,0
NDX,fz0_avg,lgbm,garch11,4942,4942,0
NDX,fz0_avg,lgbm,garch11_t,4942,4942,0
NDX,fz0_avg,lgbm,gjr,4942,4942,0
NDX,fz0_avg,lgbm,har,4942,4942,0
NDX,fz0_avg,lgbm,lgbm,4942,4942,0
NDX,fz0_avg,lgbm,moirai,4942,4942,0
NDX,fz0_avg,lgbm,naive,4942,4942,0
NDX,fz0_avg,lgbm,patchtst,4942,4942,0
NDX,fz0_avg,lgbm,timesfm,4942,4942,0
NDX,fz0_avg,moirai,autoarima,4942,4942,0
NDX,fz0_avg,moirai,autoets,4942,4942,0
NDX,fz0_avg,moirai,chronos,4942,4942,0
NDX,fz0_avg,moirai,ewma,4942,4942,0
NDX,fz0_avg,moirai,garch11,4942,4942,0
NDX,fz0_avg,moirai,garch11_t,4942,4942,0
NDX,fz0_avg,moirai,gjr,4942,4942,0
NDX,fz0_avg,moirai,har,4942,4942,0
NDX,fz0_avg,moirai,lgbm,4942,4942,0
NDX,fz0_avg,moirai,moirai,4942,4942,0
NDX,fz0_avg,moirai,naive,4942,4942,0
NDX,fz0_avg,moirai,patchtst,4942,4942,0
NDX,fz0_avg,moirai,timesfm,4942,4942,0
NDX,fz0_avg,naive,autoarima,4942,4942,0
NDX,fz0_avg,naive,autoets,4942,4942,0
NDX,fz0_avg,naive,chronos,4942,4942,0
NDX,fz0_avg,naive,ewma,4942,4942,0
NDX,fz0_avg,naive,garch11,4942,4942,0
NDX,fz0_avg,naive,garch11_t,4942,4942,0
NDX,fz0_avg,naive,gjr,4942,4942,0
NDX,fz0_avg,naive,har,4942,4942,0
NDX,fz0_avg,naive,lgbm,4942,4942,0
NDX,fz0_avg,naive,moirai,4942,4942,0
NDX,fz0_avg,naive,naive,4942,4942,0
NDX,fz0_avg,naive,patchtst,4942,4942,0
NDX,fz0_avg,naive,timesfm,4942,4942,0
NDX,fz0_avg,patchtst,autoarima,4942,4942,0
NDX,fz0_avg,patchtst,autoets,4942,4942,0
NDX,fz0_avg,patchtst,chronos,4942,4942,0
NDX,fz0_avg,patchtst,ewma,4942,4942,0
NDX,fz0_avg,patchtst,garch11,4942,4942,0
NDX,fz0_avg,patchtst,garch11_t,4942,4942,0
NDX,fz0_avg,patchtst,gjr,4942,4942,0
NDX,fz0_avg,patchtst,har,4942,4942,0
NDX,fz0_avg,patchtst,lgbm,4942,4942,0
NDX,fz0_avg,patchtst,moirai,4942,4942,0
NDX,fz0_avg,patchtst,naive,4942,4942,0
NDX,fz0_avg,patchtst,patchtst,4942,4942,0
NDX,fz0_avg,patchtst,timesfm,4942,4942,0
NDX,fz0_avg,timesfm,autoarima,4942,4942,0
NDX,fz0_avg,timesfm,autoets,4942,4942,0
NDX,fz0_avg,timesfm,chronos,4942,4942,0
NDX,fz0_avg,timesfm,ewma,4942,4942,0
NDX,fz0_avg,timesfm,garch11,4942,4942,0
NDX,fz0_avg,timesfm,garch11_t,4942,4942,0
NDX,fz0_avg,timesfm,gjr,4942,4942,0
NDX,fz0_avg,timesfm,har,4942,4942,0
NDX,fz0_avg,timesfm,lgbm,4942,4942,0
NDX,fz0_avg,timesfm,moirai,4942,4942,0
NDX,fz0_avg,timesfm,naive,4942,4942,0
NDX,fz0_avg,timesfm,patchtst,4942,4942,0
NDX,fz0_avg,timesfm,timesfm,4942,4942,0
NKX,crps,autoarima,autoarima,4795,4774,21
NKX,crps,autoarima,autoets,4795,4774,21
NKX,crps,autoarima,chronos,4795,4774,21
NKX,crps,autoarima,ewma,4795,4774,21
NKX,crps,autoarima,garch11,4795,4774,21
NKX,crps,autoarima,garch11_t,4795,4774,21
NKX,crps,autoarima,gjr,4795,4774,21
NKX,crps,autoarima,har,4795,4774,21
NKX,crps,autoarima,lgbm,4795,4774,21
NKX,crps,autoarima,moirai,4795,4774,21
NKX,crps,autoarima,naive,4795,4774,21
NKX,crps,autoarima,patchtst,4795,4774,21
NKX,crps,autoarima,timesfm,4795,4774,21
NKX,crps,autoets,autoarima,4795,4774,21
NKX,crps,autoets,autoets,4795,4774,21
NKX,crps,autoets,chronos,4795,4774,21
NKX,crps,autoets,ewma,4795,4774,21
NKX,crps,autoets,garch11,4795,4774,21
NKX,crps,autoets,garch11_t,4795,4774,21
NKX,crps,autoets,gjr,4795,4774,21
NKX,crps,autoets,har,4795,4774,21
NKX,crps,autoets,lgbm,4795,4774,21
NKX,crps,autoets,moirai,4795,4774,21
NKX,crps,autoets,naive,4795,4774,21
NKX,crps,autoets,patchtst,4795,4774,21
NKX,crps,autoets,timesfm,4795,4774,21
NKX,crps,chronos,autoarima,4795,4774,21
NKX,crps,chronos,autoets,4795,4774,21
NKX,crps,chronos,chronos,4795,4774,21
NKX,crps,chronos,ewma,4795,4774,21
NKX,crps,chronos,garch11,4795,4774,21
NKX,crps,chronos,garch11_t,4795,4774,21
NKX,crps,chronos,gjr,4795,4774,21
NKX,crps,chronos,har,4795,4774,21
NKX,crps,chronos,lgbm,4795,4774,21
NKX,crps,chronos,moirai,4795,4774,21
NKX,crps,chronos,naive,4795,4774,21
NKX,crps,chronos,patchtst,4795,4774,21
NKX,crps,chronos,timesfm,4795,4774,21
NKX,crps,ewma,autoarima,4795,4774,21
NKX,crps,ewma,autoets,4795,4774,21
NKX,crps,ewma,chronos,4795,4774,21
NKX,crps,ewma,ewma,4795,4795,0
NKX,crps,ewma,garch11,4795,4795,0
NKX,crps,ewma,garch11_t,4795,4795,0
NKX,crps,ewma,gjr,4795,4795,0
NKX,crps,ewma,har,4795,4774,21
NKX,crps,ewma,lgbm,4795,4774,21
NKX,crps,ewma,moirai,4795,4774,21
NKX,crps,ewma,naive,4795,4795,0
NKX,crps,ewma,patchtst,4795,4774,21
NKX,crps,ewma,timesfm,4795,4774,21
NKX,crps,garch11,autoarima,4795,4774,21
NKX,crps,garch11,autoets,4795,4774,21
NKX,crps,garch11,chronos,4795,4774,21
NKX,crps,garch11,ewma,4795,4795,0
NKX,crps,garch11,garch11,4795,4795,0
NKX,crps,garch11,garch11_t,4795,4795,0
NKX,crps,garch11,gjr,4795,4795,0
NKX,crps,garch11,har,4795,4774,21
NKX,crps,garch11,lgbm,4795,4774,21
NKX,crps,garch11,moirai,4795,4774,21
NKX,crps,garch11,naive,4795,4795,0
NKX,crps,garch11,patchtst,4795,4774,21
NKX,crps,garch11,timesfm,4795,4774,21
NKX,crps,garch11_t,autoarima,4795,4774,21
NKX,crps,garch11_t,autoets,4795,4774,21
NKX,crps,garch11_t,chronos,4795,4774,21
NKX,crps,garch11_t,ewma,4795,4795,0
NKX,crps,garch11_t,garch11,4795,4795,0
NKX,crps,garch11_t,garch11_t,4795,4795,0
NKX,crps,garch11_t,gjr,4795,4795,0
NKX,crps,garch11_t,har,4795,4774,21
NKX,crps,garch11_t,lgbm,4795,4774,21
NKX,crps,garch11_t,moirai,4795,4774,21
NKX,crps,garch11_t,naive,4795,4795,0
NKX,crps,garch11_t,patchtst,4795,4774,21
NKX,crps,garch11_t,timesfm,4795,4774,21
NKX,crps,gjr,autoarima,4795,4774,21
NKX,crps,gjr,autoets,4795,4774,21
NKX,crps,gjr,chronos,4795,4774,21
NKX,crps,gjr,ewma,4795,4795,0
NKX,crps,gjr,garch11,4795,4795,0
NKX,crps,gjr,garch11_t,4795,4795,0
NKX,crps,gjr,gjr,4795,4795,0
NKX,crps,gjr,har,4795,4774,21
NKX,crps,gjr,lgbm,4795,4774,21
NKX,crps,gjr,moirai,4795,4774,21
NKX,crps,gjr,naive,4795,4795,0
NKX,crps,gjr,patchtst,4795,4774,21
NKX,crps,gjr,timesfm,4795,4774,21
NKX,crps,har,autoarima,4795,4774,21
NKX,crps,har,autoets,4795,4774,21
NKX,crps,har,chronos,4795,4774,21
NKX,crps,har,ewma,4795,4774,21
NKX,crps,har,garch11,4795,4774,21
NKX,crps,har,garch11_t,4795,4774,21
NKX,crps,har,gjr,4795,4774,21
NKX,crps,har,har,4795,4774,21
NKX,crps,har,lgbm,4795,4774,21
NKX,crps,har,moirai,4795,4774,21
NKX,crps,har,naive,4795,4774,21
NKX,crps,har,patchtst,4795,4774,21
NKX,crps,har,timesfm,4795,4774,21
NKX,crps,lgbm,autoarima,4795,4774,21
NKX,crps,lgbm,autoets,4795,4774,21
NKX,crps,lgbm,chronos,4795,4774,21
NKX,crps,lgbm,ewma,4795,4774,21
NKX,crps,lgbm,garch11,4795,4774,21
NKX,crps,lgbm,garch11_t,4795,4774,21
NKX,crps,lgbm,gjr,4795,4774,21
NKX,crps,lgbm,har,4795,4774,21
NKX,crps,lgbm,lgbm,4795,4774,21
NKX,crps,lgbm,moirai,4795,4774,21
NKX,crps,lgbm,naive,4795,4774,21
NKX,crps,lgbm,patchtst,4795,4774,21
NKX,crps,lgbm,timesfm,4795,4774,21
NKX,crps,moirai,autoarima,4795,4774,21
NKX,crps,moirai,autoets,4795,4774,21
NKX,crps,moirai,chronos,4795,4774,21
NKX,crps,moirai,ewma,4795,4774,21
NKX,crps,moirai,garch11,4795,4774,21
NKX,crps,moirai,garch11_t,4795,4774,21
NKX,crps,moirai,gjr,4795,4774,21
NKX,crps,moirai,har,4795,4774,21
NKX,crps,moirai,lgbm,4795,4774,21
NKX,crps,moirai,moirai,4795,4774,21
NKX,crps,moirai,naive,4795,4774,21
NKX,crps,moirai,patchtst,4795,4774,21
NKX,crps,moirai,timesfm,4795,4774,21
NKX,crps,naive,autoarima,4795,4774,21
NKX,crps,naive,autoets,4795,4774,21
NKX,crps,naive,chronos,4795,4774,21
NKX,crps,naive,ewma,4795,4795,0
NKX,crps,naive,garch11,4795,4795,0
NKX,crps,naive,garch11_t,4795,4795,0
NKX,crps,naive,gjr,4795,4795,0
NKX,crps,naive,har,4795,4774,21
NKX,crps,naive,lgbm,4795,4774,21
NKX,crps,naive,moirai,4795,4774,21
NKX,crps,naive,naive,4795,4795,0
NKX,crps,naive,patchtst,4795,4774,21
NKX,crps,naive,timesfm,4795,4774,21
NKX,crps,patchtst,autoarima,4795,4774,21
NKX,crps,patchtst,autoets,4795,4774,21
NKX,crps,patchtst,chronos,4795,4774,21
NKX,crps,patchtst,ewma,4795,4774,21
NKX,crps,patchtst,garch11,4795,4774,21
NKX,crps,patchtst,garch11_t,4795,4774,21
NKX,crps,patchtst,gjr,4795,4774,21
NKX,crps,patchtst,har,4795,4774,21
NKX,crps,patchtst,lgbm,4795,4774,21
NKX,crps,patchtst,moirai,4795,4774,21
NKX,crps,patchtst,naive,4795,4774,21
NKX,crps,patchtst,patchtst,4795,4774,21
NKX,crps,patchtst,timesfm,4795,4774,21
NKX,crps,timesfm,autoarima,4795,4774,21
NKX,crps,timesfm,autoets,4795,4774,21
NKX,crps,timesfm,chronos,4795,4774,21
NKX,crps,timesfm,ewma,4795,4774,21
NKX,crps,timesfm,garch11,4795,4774,21
NKX,crps,timesfm,garch11_t,4795,4774,21
NKX,crps,timesfm,gjr,4795,4774,21
NKX,crps,timesfm,har,4795,4774,21
NKX,crps,timesfm,lgbm,4795,4774,21
NKX,crps,timesfm,moirai,4795,4774,21
NKX,crps,timesfm,naive,4795,4774,21
NKX,crps,timesfm,patchtst,4795,4774,21
NKX,crps,timesfm,timesfm,4795,4774,21
NKX,log_score,autoarima,autoarima,4795,4774,21
NKX,log_score,autoarima,autoets,4795,4774,21
NKX,log_score,autoarima,chronos,4795,4774,21
NKX,log_score,autoarima,ewma,4795,4774,21
NKX,log_score,autoarima,garch11,4795,4774,21
NKX,log_score,autoarima,garch11_t,4795,4774,21
NKX,log_score,autoarima,gjr,4795,4774,21
NKX,log_score,autoarima,har,4795,4774,21
NKX,log_score,autoarima,lgbm,4795,4774,21
NKX,log_score,autoarima,moirai,4795,4774,21
NKX,log_score,autoarima,naive,4795,4774,21
NKX,log_score,autoarima,patchtst,4795,4774,21
NKX,log_score,autoarima,timesfm,4795,4774,21
NKX,log_score,autoets,autoarima,4795,4774,21
NKX,log_score,autoets,autoets,4795,4774,21
NKX,log_score,autoets,chronos,4795,4774,21
NKX,log_score,autoets,ewma,4795,4774,21
NKX,log_score,autoets,garch11,4795,4774,21
NKX,log_score,autoets,garch11_t,4795,4774,21
NKX,log_score,autoets,gjr,4795,4774,21
NKX,log_score,autoets,har,4795,4774,21
NKX,log_score,autoets,lgbm,4795,4774,21
NKX,log_score,autoets,moirai,4795,4774,21
NKX,log_score,autoets,naive,4795,4774,21
NKX,log_score,autoets,patchtst,4795,4774,21
NKX,log_score,autoets,timesfm,4795,4774,21
NKX,log_score,chronos,autoarima,4795,4774,21
NKX,log_score,chronos,autoets,4795,4774,21
NKX,log_score,chronos,chronos,4795,4774,21
NKX,log_score,chronos,ewma,4795,4774,21
NKX,log_score,chronos,garch11,4795,4774,21
NKX,log_score,chronos,garch11_t,4795,4774,21
NKX,log_score,chronos,gjr,4795,4774,21
NKX,log_score,chronos,har,4795,4774,21
NKX,log_score,chronos,lgbm,4795,4774,21
NKX,log_score,chronos,moirai,4795,4774,21
NKX,log_score,chronos,naive,4795,4774,21
NKX,log_score,chronos,patchtst,4795,4774,21
NKX,log_score,chronos,timesfm,4795,4774,21
NKX,log_score,ewma,autoarima,4795,4774,21
NKX,log_score,ewma,autoets,4795,4774,21
NKX,log_score,ewma,chronos,4795,4774,21
NKX,log_score,ewma,ewma,4795,4795,0
NKX,log_score,ewma,garch11,4795,4795,0
NKX,log_score,ewma,garch11_t,4795,4795,0
NKX,log_score,ewma,gjr,4795,4795,0
NKX,log_score,ewma,har,4795,4774,21
NKX,log_score,ewma,lgbm,4795,4774,21
NKX,log_score,ewma,moirai,4795,4774,21
NKX,log_score,ewma,naive,4795,4795,0
NKX,log_score,ewma,patchtst,4795,4774,21
NKX,log_score,ewma,timesfm,4795,4774,21
NKX,log_score,garch11,autoarima,4795,4774,21
NKX,log_score,garch11,autoets,4795,4774,21
NKX,log_score,garch11,chronos,4795,4774,21
NKX,log_score,garch11,ewma,4795,4795,0
NKX,log_score,garch11,garch11,4795,4795,0
NKX,log_score,garch11,garch11_t,4795,4795,0
NKX,log_score,garch11,gjr,4795,4795,0
NKX,log_score,garch11,har,4795,4774,21
NKX,log_score,garch11,lgbm,4795,4774,21
NKX,log_score,garch11,moirai,4795,4774,21
NKX,log_score,garch11,naive,4795,4795,0
NKX,log_score,garch11,patchtst,4795,4774,21
NKX,log_score,garch11,timesfm,4795,4774,21
NKX,log_score,garch11_t,autoarima,4795,4774,21
NKX,log_score,garch11_t,autoets,4795,4774,21
NKX,log_score,garch11_t,chronos,4795,4774,21
NKX,log_score,garch11_t,ewma,4795,4795,0
NKX,log_score,garch11_t,garch11,4795,4795,0
NKX,log_score,garch11_t,garch11_t,4795,4795,0
NKX,log_score,garch11_t,gjr,4795,4795,0
NKX,log_score,garch11_t,har,4795,4774,21
NKX,log_score,garch11_t,lgbm,4795,4774,21
NKX,log_score,garch11_t,moirai,4795,4774,21
NKX,log_score,garch11_t,naive,4795,4795,0
NKX,log_score,garch11_t,patchtst,4795,4774,21
NKX,log_score,garch11_t,timesfm,4795,4774,21
NKX,log_score,gjr,autoarima,4795,4774,21
NKX,log_score,gjr,autoets,4795,4774,21
NKX,log_score,gjr,chronos,4795,4774,21
NKX,log_score,gjr,ewma,4795,4795,0
NKX,log_score,gjr,garch11,4795,4795,0
NKX,log_score,gjr,garch11_t,4795,4795,0
NKX,log_score,gjr,gjr,4795,4795,0
NKX,log_score,gjr,har,4795,4774,21
NKX,log_score,gjr,lgbm,4795,4774,21
NKX,log_score,gjr,moirai,4795,4774,21
NKX,log_score,gjr,naive,4795,4795,0
NKX,log_score,gjr,patchtst,4795,4774,21
NKX,log_score,gjr,timesfm,4795,4774,21
NKX,log_score,har,autoarima,4795,4774,21
NKX,log_score,har,autoets,4795,4774,21
NKX,log_score,har,chronos,4795,4774,21
NKX,log_score,har,ewma,4795,4774,21
NKX,log_score,har,garch11,4795,4774,21
NKX,log_score,har,garch11_t,4795,4774,21
NKX,log_score,har,gjr,4795,4774,21
NKX,log_score,har,har,4795,4774,21
NKX,log_score,har,lgbm,4795,4774,21
NKX,log_score,har,moirai,4795,4774,21
NKX,log_score,har,naive,4795,4774,21
NKX,log_score,har,patchtst,4795,4774,21
NKX,log_score,har,timesfm,4795,4774,21
NKX,log_score,lgbm,autoarima,4795,4774,21
NKX,log_score,lgbm,autoets,4795,4774,21
NKX,log_score,lgbm,chronos,4795,4774,21
NKX,log_score,lgbm,ewma,4795,4774,21
NKX,log_score,lgbm,garch11,4795,4774,21
NKX,log_score,lgbm,garch11_t,4795,4774,21
NKX,log_score,lgbm,gjr,4795,4774,21
NKX,log_score,lgbm,har,4795,4774,21
NKX,log_score,lgbm,lgbm,4795,4774,21
NKX,log_score,lgbm,moirai,4795,4774,21
NKX,log_score,lgbm,naive,4795,4774,21
NKX,log_score,lgbm,patchtst,4795,4774,21
NKX,log_score,lgbm,timesfm,4795,4774,21
NKX,log_score,moirai,autoarima,4795,4774,21
NKX,log_score,moirai,autoets,4795,4774,21
NKX,log_score,moirai,chronos,4795,4774,21
NKX,log_score,moirai,ewma,4795,4774,21
NKX,log_score,moirai,garch11,4795,4774,21
NKX,log_score,moirai,garch11_t,4795,4774,21
NKX,log_score,moirai,gjr,4795,4774,21
NKX,log_score,moirai,har,4795,4774,21
NKX,log_score,moirai,lgbm,4795,4774,21
NKX,log_score,moirai,moirai,4795,4774,21
NKX,log_score,moirai,naive,4795,4774,21
NKX,log_score,moirai,patchtst,4795,4774,21
NKX,log_score,moirai,timesfm,4795,4774,21
NKX,log_score,naive,autoarima,4795,4774,21
NKX,log_score,naive,autoets,4795,4774,21
NKX,log_score,naive,chronos,4795,4774,21
NKX,log_score,naive,ewma,4795,4795,0
NKX,log_score,naive,garch11,4795,4795,0
NKX,log_score,naive,garch11_t,4795,4795,0
NKX,log_score,naive,gjr,4795,4795,0
NKX,log_score,naive,har,4795,4774,21
NKX,log_score,naive,lgbm,4795,4774,21
NKX,log_score,naive,moirai,4795,4774,21
NKX,log_score,naive,naive,4795,4795,0
NKX,log_score,naive,patchtst,4795,4774,21
NKX,log_score,naive,timesfm,4795,4774,21
NKX,log_score,patchtst,autoarima,4795,4774,21
NKX,log_score,patchtst,autoets,4795,4774,21
NKX,log_score,patchtst,chronos,4795,4774,21
NKX,log_score,patchtst,ewma,4795,4774,21
NKX,log_score,patchtst,garch11,4795,4774,21
NKX,log_score,patchtst,garch11_t,4795,4774,21
NKX,log_score,patchtst,gjr,4795,4774,21
NKX,log_score,patchtst,har,4795,4774,21
NKX,log_score,patchtst,lgbm,4795,4774,21
NKX,log_score,patchtst,moirai,4795,4774,21
NKX,log_score,patchtst,naive,4795,4774,21
NKX,log_score,patchtst,patchtst,4795,4774,21
NKX,log_score,patchtst,timesfm,4795,4774,21
NKX,log_score,timesfm,autoarima,4795,4774,21
NKX,log_score,timesfm,autoets,4795,4774,21
NKX,log_score,timesfm,chronos,4795,4774,21
NKX,log_score,timesfm,ewma,4795,4774,21
NKX,log_score,timesfm,garch11,4795,4774,21
NKX,log_score,timesfm,garch11_t,4795,4774,21
NKX,log_score,timesfm,gjr,4795,4774,21
NKX,log_score,timesfm,har,4795,4774,21
NKX,log_score,timesfm,lgbm,4795,4774,21
NKX,log_score,timesfm,moirai,4795,4774,21
NKX,log_score,timesfm,naive,4795,4774,21
NKX,log_score,timesfm,patchtst,4795,4774,21
NKX,log_score,timesfm,timesfm,4795,4774,21
NKX,pinball_0p01,autoarima,autoarima,4795,4774,21
NKX,pinball_0p01,autoarima,autoets,4795,4774,21
NKX,pinball_0p01,autoarima,chronos,4795,4774,21
NKX,pinball_0p01,autoarima,ewma,4795,4774,21
NKX,pinball_0p01,autoarima,garch11,4795,4774,21
NKX,pinball_0p01,autoarima,garch11_t,4795,4774,21
NKX,pinball_0p01,autoarima,gjr,4795,4774,21
NKX,pinball_0p01,autoarima,har,4795,4774,21
NKX,pinball_0p01,autoarima,lgbm,4795,4774,21
NKX,pinball_0p01,autoarima,moirai,4795,4774,21
NKX,pinball_0p01,autoarima,naive,4795,4774,21
NKX,pinball_0p01,autoarima,patchtst,4795,4774,21
NKX,pinball_0p01,autoarima,timesfm,4795,4774,21
NKX,pinball_0p01,autoets,autoarima,4795,4774,21
NKX,pinball_0p01,autoets,autoets,4795,4774,21
NKX,pinball_0p01,autoets,chronos,4795,4774,21
NKX,pinball_0p01,autoets,ewma,4795,4774,21
NKX,pinball_0p01,autoets,garch11,4795,4774,21
NKX,pinball_0p01,autoets,garch11_t,4795,4774,21
NKX,pinball_0p01,autoets,gjr,4795,4774,21
NKX,pinball_0p01,autoets,har,4795,4774,21
NKX,pinball_0p01,autoets,lgbm,4795,4774,21
NKX,pinball_0p01,autoets,moirai,4795,4774,21
NKX,pinball_0p01,autoets,naive,4795,4774,21
NKX,pinball_0p01,autoets,patchtst,4795,4774,21
NKX,pinball_0p01,autoets,timesfm,4795,4774,21
NKX,pinball_0p01,chronos,autoarima,4795,4774,21
NKX,pinball_0p01,chronos,autoets,4795,4774,21
NKX,pinball_0p01,chronos,chronos,4795,4774,21
NKX,pinball_0p01,chronos,ewma,4795,4774,21
NKX,pinball_0p01,chronos,garch11,4795,4774,21
NKX,pinball_0p01,chronos,garch11_t,4795,4774,21
NKX,pinball_0p01,chronos,gjr,4795,4774,21
NKX,pinball_0p01,chronos,har,4795,4774,21
NKX,pinball_0p01,chronos,lgbm,4795,4774,21
NKX,pinball_0p01,chronos,moirai,4795,4774,21
NKX,pinball_0p01,chronos,naive,4795,4774,21
NKX,pinball_0p01,chronos,patchtst,4795,4774,21
NKX,pinball_0p01,chronos,timesfm,4795,4774,21
NKX,pinball_0p01,ewma,autoarima,4795,4774,21
NKX,pinball_0p01,ewma,autoets,4795,4774,21
NKX,pinball_0p01,ewma,chronos,4795,4774,21
NKX,pinball_0p01,ewma,ewma,4795,4795,0
NKX,pinball_0p01,ewma,garch11,4795,4795,0
NKX,pinball_0p01,ewma,garch11_t,4795,4795,0
NKX,pinball_0p01,ewma,gjr,4795,4795,0
NKX,pinball_0p01,ewma,har,4795,4774,21
NKX,pinball_0p01,ewma,lgbm,4795,4774,21
NKX,pinball_0p01,ewma,moirai,4795,4774,21
NKX,pinball_0p01,ewma,naive,4795,4795,0
NKX,pinball_0p01,ewma,patchtst,4795,4774,21
NKX,pinball_0p01,ewma,timesfm,4795,4774,21
NKX,pinball_0p01,garch11,autoarima,4795,4774,21
NKX,pinball_0p01,garch11,autoets,4795,4774,21
NKX,pinball_0p01,garch11,chronos,4795,4774,21
NKX,pinball_0p01,garch11,ewma,4795,4795,0
NKX,pinball_0p01,garch11,garch11,4795,4795,0
NKX,pinball_0p01,garch11,garch11_t,4795,4795,0
NKX,pinball_0p01,garch11,gjr,4795,4795,0
NKX,pinball_0p01,garch11,har,4795,4774,21
NKX,pinball_0p01,garch11,lgbm,4795,4774,21
NKX,pinball_0p01,garch11,moirai,4795,4774,21
NKX,pinball_0p01,garch11,naive,4795,4795,0
NKX,pinball_0p01,garch11,patchtst,4795,4774,21
NKX,pinball_0p01,garch11,timesfm,4795,4774,21
NKX,pinball_0p01,garch11_t,autoarima,4795,4774,21
NKX,pinball_0p01,garch11_t,autoets,4795,4774,21
NKX,pinball_0p01,garch11_t,chronos,4795,4774,21
NKX,pinball_0p01,garch11_t,ewma,4795,4795,0
NKX,pinball_0p01,garch11_t,garch11,4795,4795,0
NKX,pinball_0p01,garch11_t,garch11_t,4795,4795,0
NKX,pinball_0p01,garch11_t,gjr,4795,4795,0
NKX,pinball_0p01,garch11_t,har,4795,4774,21
NKX,pinball_0p01,garch11_t,lgbm,4795,4774,21
NKX,pinball_0p01,garch11_t,moirai,4795,4774,21
NKX,pinball_0p01,garch11_t,naive,4795,4795,0
NKX,pinball_0p01,garch11_t,patchtst,4795,4774,21
NKX,pinball_0p01,garch11_t,timesfm,4795,4774,21
NKX,pinball_0p01,gjr,autoarima,4795,4774,21
NKX,pinball_0p01,gjr,autoets,4795,4774,21
NKX,pinball_0p01,gjr,chronos,4795,4774,21
NKX,pinball_0p01,gjr,ewma,4795,4795,0
NKX,pinball_0p01,gjr,garch11,4795,4795,0
NKX,pinball_0p01,gjr,garch11_t,4795,4795,0
NKX,pinball_0p01,gjr,gjr,4795,4795,0
NKX,pinball_0p01,gjr,har,4795,4774,21
NKX,pinball_0p01,gjr,lgbm,4795,4774,21
NKX,pinball_0p01,gjr,moirai,4795,4774,21
NKX,pinball_0p01,gjr,naive,4795,4795,0
NKX,pinball_0p01,gjr,patchtst,4795,4774,21
NKX,pinball_0p01,gjr,timesfm,4795,4774,21
NKX,pinball_0p01,har,autoarima,4795,4774,21
NKX,pinball_0p01,har,autoets,4795,4774,21
NKX,pinball_0p01,har,chronos,4795,4774,21
NKX,pinball_0p01,har,ewma,4795,4774,21
NKX,pinball_0p01,har,garch11,4795,4774,21
NKX,pinball_0p01,har,garch11_t,4795,4774,21
NKX,pinball_0p01,har,gjr,4795,4774,21
NKX,pinball_0p01,har,har,4795,4774,21
NKX,pinball_0p01,har,lgbm,4795,4774,21
NKX,pinball_0p01,har,moirai,4795,4774,21
NKX,pinball_0p01,har,naive,4795,4774,21
NKX,pinball_0p01,har,patchtst,4795,4774,21
NKX,pinball_0p01,har,timesfm,4795,4774,21
NKX,pinball_0p01,lgbm,autoarima,4795,4774,21
NKX,pinball_0p01,lgbm,autoets,4795,4774,21
NKX,pinball_0p01,lgbm,chronos,4795,4774,21
NKX,pinball_0p01,lgbm,ewma,4795,4774,21
NKX,pinball_0p01,lgbm,garch11,4795,4774,21
NKX,pinball_0p01,lgbm,garch11_t,4795,4774,21
NKX,pinball_0p01,lgbm,gjr,4795,4774,21
NKX,pinball_0p01,lgbm,har,4795,4774,21
NKX,pinball_0p01,lgbm,lgbm,4795,4774,21
NKX,pinball_0p01,lgbm,moirai,4795,4774,21
NKX,pinball_0p01,lgbm,naive,4795,4774,21
NKX,pinball_0p01,lgbm,patchtst,4795,4774,21
NKX,pinball_0p01,lgbm,timesfm,4795,4774,21
NKX,pinball_0p01,moirai,autoarima,4795,4774,21
NKX,pinball_0p01,moirai,autoets,4795,4774,21
NKX,pinball_0p01,moirai,chronos,4795,4774,21
NKX,pinball_0p01,moirai,ewma,4795,4774,21
NKX,pinball_0p01,moirai,garch11,4795,4774,21
NKX,pinball_0p01,moirai,garch11_t,4795,4774,21
NKX,pinball_0p01,moirai,gjr,4795,4774,21
NKX,pinball_0p01,moirai,har,4795,4774,21
NKX,pinball_0p01,moirai,lgbm,4795,4774,21
NKX,pinball_0p01,moirai,moirai,4795,4774,21
NKX,pinball_0p01,moirai,naive,4795,4774,21
NKX,pinball_0p01,moirai,patchtst,4795,4774,21
NKX,pinball_0p01,moirai,timesfm,4795,4774,21
NKX,pinball_0p01,naive,autoarima,4795,4774,21
NKX,pinball_0p01,naive,autoets,4795,4774,21
NKX,pinball_0p01,naive,chronos,4795,4774,21
NKX,pinball_0p01,naive,ewma,4795,4795,0
NKX,pinball_0p01,naive,garch11,4795,4795,0
NKX,pinball_0p01,naive,garch11_t,4795,4795,0
NKX,pinball_0p01,naive,gjr,4795,4795,0
NKX,pinball_0p01,naive,har,4795,4774,21
NKX,pinball_0p01,naive,lgbm,4795,4774,21
NKX,pinball_0p01,naive,moirai,4795,4774,21
NKX,pinball_0p01,naive,naive,4795,4795,0
NKX,pinball_0p01,naive,patchtst,4795,4774,21
NKX,pinball_0p01,naive,timesfm,4795,4774,21
NKX,pinball_0p01,patchtst,autoarima,4795,4774,21
NKX,pinball_0p01,patchtst,autoets,4795,4774,21
NKX,pinball_0p01,patchtst,chronos,4795,4774,21
NKX,pinball_0p01,patchtst,ewma,4795,4774,21
NKX,pinball_0p01,patchtst,garch11,4795,4774,21
NKX,pinball_0p01,patchtst,garch11_t,4795,4774,21
NKX,pinball_0p01,patchtst,gjr,4795,4774,21
NKX,pinball_0p01,patchtst,har,4795,4774,21
NKX,pinball_0p01,patchtst,lgbm,4795,4774,21
NKX,pinball_0p01,patchtst,moirai,4795,4774,21
NKX,pinball_0p01,patchtst,naive,4795,4774,21
NKX,pinball_0p01,patchtst,patchtst,4795,4774,21
NKX,pinball_0p01,patchtst,timesfm,4795,4774,21
NKX,pinball_0p01,timesfm,autoarima,4795,4774,21
NKX,pinball_0p01,timesfm,autoets,4795,4774,21
NKX,pinball_0p01,timesfm,chronos,4795,4774,21
NKX,pinball_0p01,timesfm,ewma,4795,4774,21
NKX,pinball_0p01,timesfm,garch11,4795,4774,21
NKX,pinball_0p01,timesfm,garch11_t,4795,4774,21
NKX,pinball_0p01,timesfm,gjr,4795,4774,21
NKX,pinball_0p01,timesfm,har,4795,4774,21
NKX,pinball_0p01,timesfm,lgbm,4795,4774,21
NKX,pinball_0p01,timesfm,moirai,4795,4774,21
NKX,pinball_0p01,timesfm,naive,4795,4774,21
NKX,pinball_0p01,timesfm,patchtst,4795,4774,21
NKX,pinball_0p01,timesfm,timesfm,4795,4774,21
NKX,pinball_0p025,autoarima,autoarima,4795,4774,21
NKX,pinball_0p025,autoarima,autoets,4795,4774,21
NKX,pinball_0p025,autoarima,chronos,4795,4774,21
NKX,pinball_0p025,autoarima,ewma,4795,4774,21
NKX,pinball_0p025,autoarima,garch11,4795,4774,21
NKX,pinball_0p025,autoarima,garch11_t,4795,4774,21
NKX,pinball_0p025,autoarima,gjr,4795,4774,21
NKX,pinball_0p025,autoarima,har,4795,4774,21
NKX,pinball_0p025,autoarima,lgbm,4795,4774,21
NKX,pinball_0p025,autoarima,moirai,4795,4774,21
NKX,pinball_0p025,autoarima,naive,4795,4774,21
NKX,pinball_0p025,autoarima,patchtst,4795,4774,21
NKX,pinball_0p025,autoarima,timesfm,4795,4774,21
NKX,pinball_0p025,autoets,autoarima,4795,4774,21
NKX,pinball_0p025,autoets,autoets,4795,4774,21
NKX,pinball_0p025,autoets,chronos,4795,4774,21
NKX,pinball_0p025,autoets,ewma,4795,4774,21
NKX,pinball_0p025,autoets,garch11,4795,4774,21
NKX,pinball_0p025,autoets,garch11_t,4795,4774,21
NKX,pinball_0p025,autoets,gjr,4795,4774,21
NKX,pinball_0p025,autoets,har,4795,4774,21
NKX,pinball_0p025,autoets,lgbm,4795,4774,21
NKX,pinball_0p025,autoets,moirai,4795,4774,21
NKX,pinball_0p025,autoets,naive,4795,4774,21
NKX,pinball_0p025,autoets,patchtst,4795,4774,21
NKX,pinball_0p025,autoets,timesfm,4795,4774,21
NKX,pinball_0p025,chronos,autoarima,4795,4774,21
NKX,pinball_0p025,chronos,autoets,4795,4774,21
NKX,pinball_0p025,chronos,chronos,4795,4774,21
NKX,pinball_0p025,chronos,ewma,4795,4774,21
NKX,pinball_0p025,chronos,garch11,4795,4774,21
NKX,pinball_0p025,chronos,garch11_t,4795,4774,21
NKX,pinball_0p025,chronos,gjr,4795,4774,21
NKX,pinball_0p025,chronos,har,4795,4774,21
NKX,pinball_0p025,chronos,lgbm,4795,4774,21
NKX,pinball_0p025,chronos,moirai,4795,4774,21
NKX,pinball_0p025,chronos,naive,4795,4774,21
NKX,pinball_0p025,chronos,patchtst,4795,4774,21
NKX,pinball_0p025,chronos,timesfm,4795,4774,21
NKX,pinball_0p025,ewma,autoarima,4795,4774,21
NKX,pinball_0p025,ewma,autoets,4795,4774,21
NKX,pinball_0p025,ewma,chronos,4795,4774,21
NKX,pinball_0p025,ewma,ewma,4795,4795,0
NKX,pinball_0p025,ewma,garch11,4795,4795,0
NKX,pinball_0p025,ewma,garch11_t,4795,4795,0
NKX,pinball_0p025,ewma,gjr,4795,4795,0
NKX,pinball_0p025,ewma,har,4795,4774,21
NKX,pinball_0p025,ewma,lgbm,4795,4774,21
NKX,pinball_0p025,ewma,moirai,4795,4774,21
NKX,pinball_0p025,ewma,naive,4795,4795,0
NKX,pinball_0p025,ewma,patchtst,4795,4774,21
NKX,pinball_0p025,ewma,timesfm,4795,4774,21
NKX,pinball_0p025,garch11,autoarima,4795,4774,21
NKX,pinball_0p025,garch11,autoets,4795,4774,21
NKX,pinball_0p025,garch11,chronos,4795,4774,21
NKX,pinball_0p025,garch11,ewma,4795,4795,0
NKX,pinball_0p025,garch11,garch11,4795,4795,0
NKX,pinball_0p025,garch11,garch11_t,4795,4795,0
NKX,pinball_0p025,garch11,gjr,4795,4795,0
NKX,pinball_0p025,garch11,har,4795,4774,21
NKX,pinball_0p025,garch11,lgbm,4795,4774,21
NKX,pinball_0p025,garch11,moirai,4795,4774,21
NKX,pinball_0p025,garch11,naive,4795,4795,0
NKX,pinball_0p025,garch11,patchtst,4795,4774,21
NKX,pinball_0p025,garch11,timesfm,4795,4774,21
NKX,pinball_0p025,garch11_t,autoarima,4795,4774,21
NKX,pinball_0p025,garch11_t,autoets,4795,4774,21
NKX,pinball_0p025,garch11_t,chronos,4795,4774,21
NKX,pinball_0p025,garch11_t,ewma,4795,4795,0
NKX,pinball_0p025,garch11_t,garch11,4795,4795,0
NKX,pinball_0p025,garch11_t,garch11_t,4795,4795,0
NKX,pinball_0p025,garch11_t,gjr,4795,4795,0
NKX,pinball_0p025,garch11_t,har,4795,4774,21
NKX,pinball_0p025,garch11_t,lgbm,4795,4774,21
NKX,pinball_0p025,garch11_t,moirai,4795,4774,21
NKX,pinball_0p025,garch11_t,naive,4795,4795,0
NKX,pinball_0p025,garch11_t,patchtst,4795,4774,21
NKX,pinball_0p025,garch11_t,timesfm,4795,4774,21
NKX,pinball_0p025,gjr,autoarima,4795,4774,21
NKX,pinball_0p025,gjr,autoets,4795,4774,21
NKX,pinball_0p025,gjr,chronos,4795,4774,21
NKX,pinball_0p025,gjr,ewma,4795,4795,0
NKX,pinball_0p025,gjr,garch11,4795,4795,0
NKX,pinball_0p025,gjr,garch11_t,4795,4795,0
NKX,pinball_0p025,gjr,gjr,4795,4795,0
NKX,pinball_0p025,gjr,har,4795,4774,21
NKX,pinball_0p025,gjr,lgbm,4795,4774,21
NKX,pinball_0p025,gjr,moirai,4795,4774,21
NKX,pinball_0p025,gjr,naive,4795,4795,0
NKX,pinball_0p025,gjr,patchtst,4795,4774,21
NKX,pinball_0p025,gjr,timesfm,4795,4774,21
NKX,pinball_0p025,har,autoarima,4795,4774,21
NKX,pinball_0p025,har,autoets,4795,4774,21
NKX,pinball_0p025,har,chronos,4795,4774,21
NKX,pinball_0p025,har,ewma,4795,4774,21
NKX,pinball_0p025,har,garch11,4795,4774,21
NKX,pinball_0p025,har,garch11_t,4795,4774,21
NKX,pinball_0p025,har,gjr,4795,4774,21
NKX,pinball_0p025,har,har,4795,4774,21
NKX,pinball_0p025,har,lgbm,4795,4774,21
NKX,pinball_0p025,har,moirai,4795,4774,21
NKX,pinball_0p025,har,naive,4795,4774,21
NKX,pinball_0p025,har,patchtst,4795,4774,21
NKX,pinball_0p025,har,timesfm,4795,4774,21
NKX,pinball_0p025,lgbm,autoarima,4795,4774,21
NKX,pinball_0p025,lgbm,autoets,4795,4774,21
NKX,pinball_0p025,lgbm,chronos,4795,4774,21
NKX,pinball_0p025,lgbm,ewma,4795,4774,21
NKX,pinball_0p025,lgbm,garch11,4795,4774,21
NKX,pinball_0p025,lgbm,garch11_t,4795,4774,21
NKX,pinball_0p025,lgbm,gjr,4795,4774,21
NKX,pinball_0p025,lgbm,har,4795,4774,21
NKX,pinball_0p025,lgbm,lgbm,4795,4774,21
NKX,pinball_0p025,lgbm,moirai,4795,4774,21
NKX,pinball_0p025,lgbm,naive,4795,4774,21
NKX,pinball_0p025,lgbm,patchtst,4795,4774,21
NKX,pinball_0p025,lgbm,timesfm,4795,4774,21
NKX,pinball_0p025,moirai,autoarima,4795,4774,21
NKX,pinball_0p025,moirai,autoets,4795,4774,21
NKX,pinball_0p025,moirai,chronos,4795,4774,21
NKX,pinball_0p025,moirai,ewma,4795,4774,21
NKX,pinball_0p025,moirai,garch11,4795,4774,21
NKX,pinball_0p025,moirai,garch11_t,4795,4774,21
NKX,pinball_0p025,moirai,gjr,4795,4774,21
NKX,pinball_0p025,moirai,har,4795,4774,21
NKX,pinball_0p025,moirai,lgbm,4795,4774,21
NKX,pinball_0p025,moirai,moirai,4795,4774,21
NKX,pinball_0p025,moirai,naive,4795,4774,21
NKX,pinball_0p025,moirai,patchtst,4795,4774,21
NKX,pinball_0p025,moirai,timesfm,4795,4774,21
NKX,pinball_0p025,naive,autoarima,4795,4774,21
NKX,pinball_0p025,naive,autoets,4795,4774,21
NKX,pinball_0p025,naive,chronos,4795,4774,21
NKX,pinball_0p025,naive,ewma,4795,4795,0
NKX,pinball_0p025,naive,garch11,4795,4795,0
NKX,pinball_0p025,naive,garch11_t,4795,4795,0
NKX,pinball_0p025,naive,gjr,4795,4795,0
NKX,pinball_0p025,naive,har,4795,4774,21
NKX,pinball_0p025,naive,lgbm,4795,4774,21
NKX,pinball_0p025,naive,moirai,4795,4774,21
NKX,pinball_0p025,naive,naive,4795,4795,0
NKX,pinball_0p025,naive,patchtst,4795,4774,21
NKX,pinball_0p025,naive,timesfm,4795,4774,21
NKX,pinball_0p025,patchtst,autoarima,4795,4774,21
NKX,pinball_0p025,patchtst,autoets,4795,4774,21
NKX,pinball_0p025,patchtst,chronos,4795,4774,21
NKX,pinball_0p025,patchtst,ewma,4795,4774,21
NKX,pinball_0p025,patchtst,garch11,4795,4774,21
NKX,pinball_0p025,patchtst,garch11_t,4795,4774,21
NKX,pinball_0p025,patchtst,gjr,4795,4774,21
NKX,pinball_0p025,patchtst,har,4795,4774,21
NKX,pinball_0p025,patchtst,lgbm,4795,4774,21
NKX,pinball_0p025,patchtst,moirai,4795,4774,21
NKX,pinball_0p025,patchtst,naive,4795,4774,21
NKX,pinball_0p025,patchtst,patchtst,4795,4774,21
NKX,pinball_0p025,patchtst,timesfm,4795,4774,21
NKX,pinball_0p025,timesfm,autoarima,4795,4774,21
NKX,pinball_0p025,timesfm,autoets,4795,4774,21
NKX,pinball_0p025,timesfm,chronos,4795,4774,21
NKX,pinball_0p025,timesfm,ewma,4795,4774,21
NKX,pinball_0p025,timesfm,garch11,4795,4774,21
NKX,pinball_0p025,timesfm,garch11_t,4795,4774,21
NKX,pinball_0p025,timesfm,gjr,4795,4774,21
NKX,pinball_0p025,timesfm,har,4795,4774,21
NKX,pinball_0p025,timesfm,lgbm,4795,4774,21
NKX,pinball_0p025,timesfm,moirai,4795,4774,21
NKX,pinball_0p025,timesfm,naive,4795,4774,21
NKX,pinball_0p025,timesfm,patchtst,4795,4774,21
NKX,pinball_0p025,timesfm,timesfm,4795,4774,21
NKX,pinball_0p05,autoarima,autoarima,4795,4774,21
NKX,pinball_0p05,autoarima,autoets,4795,4774,21
NKX,pinball_0p05,autoarima,chronos,4795,4774,21
NKX,pinball_0p05,autoarima,ewma,4795,4774,21
NKX,pinball_0p05,autoarima,garch11,4795,4774,21
NKX,pinball_0p05,autoarima,garch11_t,4795,4774,21
NKX,pinball_0p05,autoarima,gjr,4795,4774,21
NKX,pinball_0p05,autoarima,har,4795,4774,21
NKX,pinball_0p05,autoarima,lgbm,4795,4774,21
NKX,pinball_0p05,autoarima,moirai,4795,4774,21
NKX,pinball_0p05,autoarima,naive,4795,4774,21
NKX,pinball_0p05,autoarima,patchtst,4795,4774,21
NKX,pinball_0p05,autoarima,timesfm,4795,4774,21
NKX,pinball_0p05,autoets,autoarima,4795,4774,21
NKX,pinball_0p05,autoets,autoets,4795,4774,21
NKX,pinball_0p05,autoets,chronos,4795,4774,21
NKX,pinball_0p05,autoets,ewma,4795,4774,21
NKX,pinball_0p05,autoets,garch11,4795,4774,21
NKX,pinball_0p05,autoets,garch11_t,4795,4774,21
NKX,pinball_0p05,autoets,gjr,4795,4774,21
NKX,pinball_0p05,autoets,har,4795,4774,21
NKX,pinball_0p05,autoets,lgbm,4795,4774,21
NKX,pinball_0p05,autoets,moirai,4795,4774,21
NKX,pinball_0p05,autoets,naive,4795,4774,21
NKX,pinball_0p05,autoets,patchtst,4795,4774,21
NKX,pinball_0p05,autoets,timesfm,4795,4774,21
NKX,pinball_0p05,chronos,autoarima,4795,4774,21
NKX,pinball_0p05,chronos,autoets,4795,4774,21
NKX,pinball_0p05,chronos,chronos,4795,4774,21
NKX,pinball_0p05,chronos,ewma,4795,4774,21
NKX,pinball_0p05,chronos,garch11,4795,4774,21
NKX,pinball_0p05,chronos,garch11_t,4795,4774,21
NKX,pinball_0p05,chronos,gjr,4795,4774,21
NKX,pinball_0p05,chronos,har,4795,4774,21
NKX,pinball_0p05,chronos,lgbm,4795,4774,21
NKX,pinball_0p05,chronos,moirai,4795,4774,21
NKX,pinball_0p05,chronos,naive,4795,4774,21
NKX,pinball_0p05,chronos,patchtst,4795,4774,21
NKX,pinball_0p05,chronos,timesfm,4795,4774,21
NKX,pinball_0p05,ewma,autoarima,4795,4774,21
NKX,pinball_0p05,ewma,autoets,4795,4774,21
NKX,pinball_0p05,ewma,chronos,4795,4774,21
NKX,pinball_0p05,ewma,ewma,4795,4795,0
NKX,pinball_0p05,ewma,garch11,4795,4795,0
NKX,pinball_0p05,ewma,garch11_t,4795,4795,0
NKX,pinball_0p05,ewma,gjr,4795,4795,0
NKX,pinball_0p05,ewma,har,4795,4774,21
NKX,pinball_0p05,ewma,lgbm,4795,4774,21
NKX,pinball_0p05,ewma,moirai,4795,4774,21
NKX,pinball_0p05,ewma,naive,4795,4795,0
NKX,pinball_0p05,ewma,patchtst,4795,4774,21
NKX,pinball_0p05,ewma,timesfm,4795,4774,21
NKX,pinball_0p05,garch11,autoarima,4795,4774,21
NKX,pinball_0p05,garch11,autoets,4795,4774,21
NKX,pinball_0p05,garch11,chronos,4795,4774,21
NKX,pinball_0p05,garch11,ewma,4795,4795,0
NKX,pinball_0p05,garch11,garch11,4795,4795,0
NKX,pinball_0p05,garch11,garch11_t,4795,4795,0
NKX,pinball_0p05,garch11,gjr,4795,4795,0
NKX,pinball_0p05,garch11,har,4795,4774,21
NKX,pinball_0p05,garch11,lgbm,4795,4774,21
NKX,pinball_0p05,garch11,moirai,4795,4774,21
NKX,pinball_0p05,garch11,naive,4795,4795,0
NKX,pinball_0p05,garch11,patchtst,4795,4774,21
NKX,pinball_0p05,garch11,timesfm,4795,4774,21
NKX,pinball_0p05,garch11_t,autoarima,4795,4774,21
NKX,pinball_0p05,garch11_t,autoets,4795,4774,21
NKX,pinball_0p05,garch11_t,chronos,4795,4774,21
NKX,pinball_0p05,garch11_t,ewma,4795,4795,0
NKX,pinball_0p05,garch11_t,garch11,4795,4795,0
NKX,pinball_0p05,garch11_t,garch11_t,4795,4795,0
NKX,pinball_0p05,garch11_t,gjr,4795,4795,0
NKX,pinball_0p05,garch11_t,har,4795,4774,21
NKX,pinball_0p05,garch11_t,lgbm,4795,4774,21
NKX,pinball_0p05,garch11_t,moirai,4795,4774,21
NKX,pinball_0p05,garch11_t,naive,4795,4795,0
NKX,pinball_0p05,garch11_t,patchtst,4795,4774,21
NKX,pinball_0p05,garch11_t,timesfm,4795,4774,21
NKX,pinball_0p05,gjr,autoarima,4795,4774,21
NKX,pinball_0p05,gjr,autoets,4795,4774,21
NKX,pinball_0p05,gjr,chronos,4795,4774,21
NKX,pinball_0p05,gjr,ewma,4795,4795,0
NKX,pinball_0p05,gjr,garch11,4795,4795,0
NKX,pinball_0p05,gjr,garch11_t,4795,4795,0
NKX,pinball_0p05,gjr,gjr,4795,4795,0
NKX,pinball_0p05,gjr,har,4795,4774,21
NKX,pinball_0p05,gjr,lgbm,4795,4774,21
NKX,pinball_0p05,gjr,moirai,4795,4774,21
NKX,pinball_0p05,gjr,naive,4795,4795,0
NKX,pinball_0p05,gjr,patchtst,4795,4774,21
NKX,pinball_0p05,gjr,timesfm,4795,4774,21
NKX,pinball_0p05,har,autoarima,4795,4774,21
NKX,pinball_0p05,har,autoets,4795,4774,21
NKX,pinball_0p05,har,chronos,4795,4774,21
NKX,pinball_0p05,har,ewma,4795,4774,21
NKX,pinball_0p05,har,garch11,4795,4774,21
NKX,pinball_0p05,har,garch11_t,4795,4774,21
NKX,pinball_0p05,har,gjr,4795,4774,21
NKX,pinball_0p05,har,har,4795,4774,21
NKX,pinball_0p05,har,lgbm,4795,4774,21
NKX,pinball_0p05,har,moirai,4795,4774,21
NKX,pinball_0p05,har,naive,4795,4774,21
NKX,pinball_0p05,har,patchtst,4795,4774,21
NKX,pinball_0p05,har,timesfm,4795,4774,21
NKX,pinball_0p05,lgbm,autoarima,4795,4774,21
NKX,pinball_0p05,lgbm,autoets,4795,4774,21
NKX,pinball_0p05,lgbm,chronos,4795,4774,21
NKX,pinball_0p05,lgbm,ewma,4795,4774,21
NKX,pinball_0p05,lgbm,garch11,4795,4774,21
NKX,pinball_0p05,lgbm,garch11_t,4795,4774,21
NKX,pinball_0p05,lgbm,gjr,4795,4774,21
NKX,pinball_0p05,lgbm,har,4795,4774,21
NKX,pinball_0p05,lgbm,lgbm,4795,4774,21
NKX,pinball_0p05,lgbm,moirai,4795,4774,21
NKX,pinball_0p05,lgbm,naive,4795,4774,21
NKX,pinball_0p05,lgbm,patchtst,4795,4774,21
NKX,pinball_0p05,lgbm,timesfm,4795,4774,21
NKX,pinball_0p05,moirai,autoarima,4795,4774,21
NKX,pinball_0p05,moirai,autoets,4795,4774,21
NKX,pinball_0p05,moirai,chronos,4795,4774,21
NKX,pinball_0p05,moirai,ewma,4795,4774,21
NKX,pinball_0p05,moirai,garch11,4795,4774,21
NKX,pinball_0p05,moirai,garch11_t,4795,4774,21
NKX,pinball_0p05,moirai,gjr,4795,4774,21
NKX,pinball_0p05,moirai,har,4795,4774,21
NKX,pinball_0p05,moirai,lgbm,4795,4774,21
NKX,pinball_0p05,moirai,moirai,4795,4774,21
NKX,pinball_0p05,moirai,naive,4795,4774,21
NKX,pinball_0p05,moirai,patchtst,4795,4774,21
NKX,pinball_0p05,moirai,timesfm,4795,4774,21
NKX,pinball_0p05,naive,autoarima,4795,4774,21
NKX,pinball_0p05,naive,autoets,4795,4774,21
NKX,pinball_0p05,naive,chronos,4795,4774,21
NKX,pinball_0p05,naive,ewma,4795,4795,0
NKX,pinball_0p05,naive,garch11,4795,4795,0
NKX,pinball_0p05,naive,garch11_t,4795,4795,0
NKX,pinball_0p05,naive,gjr,4795,4795,0
NKX,pinball_0p05,naive,har,4795,4774,21
NKX,pinball_0p05,naive,lgbm,4795,4774,21
NKX,pinball_0p05,naive,moirai,4795,4774,21
NKX,pinball_0p05,naive,naive,4795,4795,0
NKX,pinball_0p05,naive,patchtst,4795,4774,21
NKX,pinball_0p05,naive,timesfm,4795,4774,21
NKX,pinball_0p05,patchtst,autoarima,4795,4774,21
NKX,pinball_0p05,patchtst,autoets,4795,4774,21
NKX,pinball_0p05,patchtst,chronos,4795,4774,21
NKX,pinball_0p05,patchtst,ewma,4795,4774,21
NKX,pinball_0p05,patchtst,garch11,4795,4774,21
NKX,pinball_0p05,patchtst,garch11_t,4795,4774,21
NKX,pinball_0p05,patchtst,gjr,4795,4774,21
NKX,pinball_0p05,patchtst,har,4795,4774,21
NKX,pinball_0p05,patchtst,lgbm,4795,4774,21
NKX,pinball_0p05,patchtst,moirai,4795,4774,21
NKX,pinball_0p05,patchtst,naive,4795,4774,21
NKX,pinball_0p05,patchtst,patchtst,4795,4774,21
NKX,pinball_0p05,patchtst,timesfm,4795,4774,21
NKX,pinball_0p05,timesfm,autoarima,4795,4774,21
NKX,pinball_0p05,timesfm,autoets,4795,4774,21
NKX,pinball_0p05,timesfm,chronos,4795,4774,21
NKX,pinball_0p05,timesfm,ewma,4795,4774,21
NKX,pinball_0p05,timesfm,garch11,4795,4774,21
NKX,pinball_0p05,timesfm,garch11_t,4795,4774,21
NKX,pinball_0p05,timesfm,gjr,4795,4774,21
NKX,pinball_0p05,timesfm,har,4795,4774,21
NKX,pinball_0p05,timesfm,lgbm,4795,4774,21
NKX,pinball_0p05,timesfm,moirai,4795,4774,21
NKX,pinball_0p05,timesfm,naive,4795,4774,21
NKX,pinball_0p05,timesfm,patchtst,4795,4774,21
NKX,pinball_0p05,timesfm,timesfm,4795,4774,21
NKX,pinball_avg,autoarima,autoarima,4795,4774,21
NKX,pinball_avg,autoarima,autoets,4795,4774,21
NKX,pinball_avg,autoarima,chronos,4795,4774,21
NKX,pinball_avg,autoarima,ewma,4795,4774,21
NKX,pinball_avg,autoarima,garch11,4795,4774,21
NKX,pinball_avg,autoarima,garch11_t,4795,4774,21
NKX,pinball_avg,autoarima,gjr,4795,4774,21
NKX,pinball_avg,autoarima,har,4795,4774,21
NKX,pinball_avg,autoarima,lgbm,4795,4774,21
NKX,pinball_avg,autoarima,moirai,4795,4774,21
NKX,pinball_avg,autoarima,naive,4795,4774,21
NKX,pinball_avg,autoarima,patchtst,4795,4774,21
NKX,pinball_avg,autoarima,timesfm,4795,4774,21
NKX,pinball_avg,autoets,autoarima,4795,4774,21
NKX,pinball_avg,autoets,autoets,4795,4774,21
NKX,pinball_avg,autoets,chronos,4795,4774,21
NKX,pinball_avg,autoets,ewma,4795,4774,21
NKX,pinball_avg,autoets,garch11,4795,4774,21
NKX,pinball_avg,autoets,garch11_t,4795,4774,21
NKX,pinball_avg,autoets,gjr,4795,4774,21
NKX,pinball_avg,autoets,har,4795,4774,21
NKX,pinball_avg,autoets,lgbm,4795,4774,21
NKX,pinball_avg,autoets,moirai,4795,4774,21
NKX,pinball_avg,autoets,naive,4795,4774,21
NKX,pinball_avg,autoets,patchtst,4795,4774,21
NKX,pinball_avg,autoets,timesfm,4795,4774,21
NKX,pinball_avg,chronos,autoarima,4795,4774,21
NKX,pinball_avg,chronos,autoets,4795,4774,21
NKX,pinball_avg,chronos,chronos,4795,4774,21
NKX,pinball_avg,chronos,ewma,4795,4774,21
NKX,pinball_avg,chronos,garch11,4795,4774,21
NKX,pinball_avg,chronos,garch11_t,4795,4774,21
NKX,pinball_avg,chronos,gjr,4795,4774,21
NKX,pinball_avg,chronos,har,4795,4774,21
NKX,pinball_avg,chronos,lgbm,4795,4774,21
NKX,pinball_avg,chronos,moirai,4795,4774,21
NKX,pinball_avg,chronos,naive,4795,4774,21
NKX,pinball_avg,chronos,patchtst,4795,4774,21
NKX,pinball_avg,chronos,timesfm,4795,4774,21
NKX,pinball_avg,ewma,autoarima,4795,4774,21
NKX,pinball_avg,ewma,autoets,4795,4774,21
NKX,pinball_avg,ewma,chronos,4795,4774,21
NKX,pinball_avg,ewma,ewma,4795,4795,0
NKX,pinball_avg,ewma,garch11,4795,4795,0
NKX,pinball_avg,ewma,garch11_t,4795,4795,0
NKX,pinball_avg,ewma,gjr,4795,4795,0
NKX,pinball_avg,ewma,har,4795,4774,21
NKX,pinball_avg,ewma,lgbm,4795,4774,21
NKX,pinball_avg,ewma,moirai,4795,4774,21
NKX,pinball_avg,ewma,naive,4795,4795,0
NKX,pinball_avg,ewma,patchtst,4795,4774,21
NKX,pinball_avg,ewma,timesfm,4795,4774,21
NKX,pinball_avg,garch11,autoarima,4795,4774,21
NKX,pinball_avg,garch11,autoets,4795,4774,21
NKX,pinball_avg,garch11,chronos,4795,4774,21
NKX,pinball_avg,garch11,ewma,4795,4795,0
NKX,pinball_avg,garch11,garch11,4795,4795,0
NKX,pinball_avg,garch11,garch11_t,4795,4795,0
NKX,pinball_avg,garch11,gjr,4795,4795,0
NKX,pinball_avg,garch11,har,4795,4774,21
NKX,pinball_avg,garch11,lgbm,4795,4774,21
NKX,pinball_avg,garch11,moirai,4795,4774,21
NKX,pinball_avg,garch11,naive,4795,4795,0
NKX,pinball_avg,garch11,patchtst,4795,4774,21
NKX,pinball_avg,garch11,timesfm,4795,4774,21
NKX,pinball_avg,garch11_t,autoarima,4795,4774,21
NKX,pinball_avg,garch11_t,autoets,4795,4774,21
NKX,pinball_avg,garch11_t,chronos,4795,4774,21
NKX,pinball_avg,garch11_t,ewma,4795,4795,0
NKX,pinball_avg,garch11_t,garch11,4795,4795,0
NKX,pinball_avg,garch11_t,garch11_t,4795,4795,0
NKX,pinball_avg,garch11_t,gjr,4795,4795,0
NKX,pinball_avg,garch11_t,har,4795,4774,21
NKX,pinball_avg,garch11_t,lgbm,4795,4774,21
NKX,pinball_avg,garch11_t,moirai,4795,4774,21
NKX,pinball_avg,garch11_t,naive,4795,4795,0
NKX,pinball_avg,garch11_t,patchtst,4795,4774,21
NKX,pinball_avg,garch11_t,timesfm,4795,4774,21
NKX,pinball_avg,gjr,autoarima,4795,4774,21
NKX,pinball_avg,gjr,autoets,4795,4774,21
NKX,pinball_avg,gjr,chronos,4795,4774,21
NKX,pinball_avg,gjr,ewma,4795,4795,0
NKX,pinball_avg,gjr,garch11,4795,4795,0
NKX,pinball_avg,gjr,garch11_t,4795,4795,0
NKX,pinball_avg,gjr,gjr,4795,4795,0
NKX,pinball_avg,gjr,har,4795,4774,21
NKX,pinball_avg,gjr,lgbm,4795,4774,21
NKX,pinball_avg,gjr,moirai,4795,4774,21
NKX,pinball_avg,gjr,naive,4795,4795,0
NKX,pinball_avg,gjr,patchtst,4795,4774,21
NKX,pinball_avg,gjr,timesfm,4795,4774,21
NKX,pinball_avg,har,autoarima,4795,4774,21
NKX,pinball_avg,har,autoets,4795,4774,21
NKX,pinball_avg,har,chronos,4795,4774,21
NKX,pinball_avg,har,ewma,4795,4774,21
NKX,pinball_avg,har,garch11,4795,4774,21
NKX,pinball_avg,har,garch11_t,4795,4774,21
NKX,pinball_avg,har,gjr,4795,4774,21
NKX,pinball_avg,har,har,4795,4774,21
NKX,pinball_avg,har,lgbm,4795,4774,21
NKX,pinball_avg,har,moirai,4795,4774,21
NKX,pinball_avg,har,naive,4795,4774,21
NKX,pinball_avg,har,patchtst,4795,4774,21
NKX,pinball_avg,har,timesfm,4795,4774,21
NKX,pinball_avg,lgbm,autoarima,4795,4774,21
NKX,pinball_avg,lgbm,autoets,4795,4774,21
NKX,pinball_avg,lgbm,chronos,4795,4774,21
NKX,pinball_avg,lgbm,ewma,4795,4774,21
NKX,pinball_avg,lgbm,garch11,4795,4774,21
NKX,pinball_avg,lgbm,garch11_t,4795,4774,21
NKX,pinball_avg,lgbm,gjr,4795,4774,21
NKX,pinball_avg,lgbm,har,4795,4774,21
NKX,pinball_avg,lgbm,lgbm,4795,4774,21
NKX,pinball_avg,lgbm,moirai,4795,4774,21
NKX,pinball_avg,lgbm,naive,4795,4774,21
NKX,pinball_avg,lgbm,patchtst,4795,4774,21
NKX,pinball_avg,lgbm,timesfm,4795,4774,21
NKX,pinball_avg,moirai,autoarima,4795,4774,21
NKX,pinball_avg,moirai,autoets,4795,4774,21
NKX,pinball_avg,moirai,chronos,4795,4774,21
NKX,pinball_avg,moirai,ewma,4795,4774,21
NKX,pinball_avg,moirai,garch11,4795,4774,21
NKX,pinball_avg,moirai,garch11_t,4795,4774,21
NKX,pinball_avg,moirai,gjr,4795,4774,21
NKX,pinball_avg,moirai,har,4795,4774,21
NKX,pinball_avg,moirai,lgbm,4795,4774,21
NKX,pinball_avg,moirai,moirai,4795,4774,21
NKX,pinball_avg,moirai,naive,4795,4774,21
NKX,pinball_avg,moirai,patchtst,4795,4774,21
NKX,pinball_avg,moirai,timesfm,4795,4774,21
NKX,pinball_avg,naive,autoarima,4795,4774,21
NKX,pinball_avg,naive,autoets,4795,4774,21
NKX,pinball_avg,naive,chronos,4795,4774,21
NKX,pinball_avg,naive,ewma,4795,4795,0
NKX,pinball_avg,naive,garch11,4795,4795,0
NKX,pinball_avg,naive,garch11_t,4795,4795,0
NKX,pinball_avg,naive,gjr,4795,4795,0
NKX,pinball_avg,naive,har,4795,4774,21
NKX,pinball_avg,naive,lgbm,4795,4774,21
NKX,pinball_avg,naive,moirai,4795,4774,21
NKX,pinball_avg,naive,naive,4795,4795,0
NKX,pinball_avg,naive,patchtst,4795,4774,21
NKX,pinball_avg,naive,timesfm,4795,4774,21
NKX,pinball_avg,patchtst,autoarima,4795,4774,21
NKX,pinball_avg,patchtst,autoets,4795,4774,21
NKX,pinball_avg,patchtst,chronos,4795,4774,21
NKX,pinball_avg,patchtst,ewma,4795,4774,21
NKX,pinball_avg,patchtst,garch11,4795,4774,21
NKX,pinball_avg,patchtst,garch11_t,4795,4774,21
NKX,pinball_avg,patchtst,gjr,4795,4774,21
NKX,pinball_avg,patchtst,har,4795,4774,21
NKX,pinball_avg,patchtst,lgbm,4795,4774,21
NKX,pinball_avg,patchtst,moirai,4795,4774,21
NKX,pinball_avg,patchtst,naive,4795,4774,21
NKX,pinball_avg,patchtst,patchtst,4795,4774,21
NKX,pinball_avg,patchtst,timesfm,4795,4774,21
NKX,pinball_avg,timesfm,autoarima,4795,4774,21
NKX,pinball_avg,timesfm,autoets,4795,4774,21
NKX,pinball_avg,timesfm,chronos,4795,4774,21
NKX,pinball_avg,timesfm,ewma,4795,4774,21
NKX,pinball_avg,timesfm,garch11,4795,4774,21
NKX,pinball_avg,timesfm,garch11_t,4795,4774,21
NKX,pinball_avg,timesfm,gjr,4795,4774,21
NKX,pinball_avg,timesfm,har,4795,4774,21
NKX,pinball_avg,timesfm,lgbm,4795,4774,21
NKX,pinball_avg,timesfm,moirai,4795,4774,21
NKX,pinball_avg,timesfm,naive,4795,4774,21
NKX,pinball_avg,timesfm,patchtst,4795,4774,21
NKX,pinball_avg,timesfm,timesfm,4795,4774,21
NKX,qlike,autoarima,autoarima,4795,4773,22
NKX,qlike,autoarima,autoets,4795,4773,22
NKX,qlike,autoarima,chronos,4795,4773,22
NKX,qlike,autoarima,ewma,4795,4773,22
NKX,qlike,autoarima,garch11,4795,4773,22
NKX,qlike,autoarima,garch11_t,4795,4773,22
NKX,qlike,autoarima,gjr,4795,4773,22
NKX,qlike,autoarima,har,4795,4773,22
NKX,qlike,autoarima,lgbm,4795,4773,22
NKX,qlike,autoarima,moirai,4795,4773,22
NKX,qlike,autoarima,naive,4795,4773,22
NKX,qlike,autoarima,patchtst,4795,4773,22
NKX,qlike,autoarima,timesfm,4795,4773,22
NKX,qlike,autoets,autoarima,4795,4773,22
NKX,qlike,autoets,autoets,4795,4773,22
NKX,qlike,autoets,chronos,4795,4773,22
NKX,qlike,autoets,ewma,4795,4773,22
NKX,qlike,autoets,garch11,4795,4773,22
NKX,qlike,autoets,garch11_t,4795,4773,22
NKX,qlike,autoets,gjr,4795,4773,22
NKX,qlike,autoets,har,4795,4773,22
NKX,qlike,autoets,lgbm,4795,4773,22
NKX,qlike,autoets,moirai,4795,4773,22
NKX,qlike,autoets,naive,4795,4773,22
NKX,qlike,autoets,patchtst,4795,4773,22
NKX,qlike,autoets,timesfm,4795,4773,22
NKX,qlike,chronos,autoarima,4795,4773,22
NKX,qlike,chronos,autoets,4795,4773,22
NKX,qlike,chronos,chronos,4795,4773,22
NKX,qlike,chronos,ewma,4795,4773,22
NKX,qlike,chronos,garch11,4795,4773,22
NKX,qlike,chronos,garch11_t,4795,4773,22
NKX,qlike,chronos,gjr,4795,4773,22
NKX,qlike,chronos,har,4795,4773,22
NKX,qlike,chronos,lgbm,4795,4773,22
NKX,qlike,chronos,moirai,4795,4773,22
NKX,qlike,chronos,naive,4795,4773,22
NKX,qlike,chronos,patchtst,4795,4773,22
NKX,qlike,chronos,timesfm,4795,4773,22
NKX,qlike,ewma,autoarima,4795,4773,22
NKX,qlike,ewma,autoets,4795,4773,22
NKX,qlike,ewma,chronos,4795,4773,22
NKX,qlike,ewma,ewma,4795,4794,1
NKX,qlike,ewma,garch11,4795,4794,1
NKX,qlike,ewma,garch11_t,4795,4794,1
NKX,qlike,ewma,gjr,4795,4794,1
NKX,qlike,ewma,har,4795,4773,22
NKX,qlike,ewma,lgbm,4795,4773,22
NKX,qlike,ewma,moirai,4795,4773,22
NKX,qlike,ewma,naive,4795,4794,1
NKX,qlike,ewma,patchtst,4795,4773,22
NKX,qlike,ewma,timesfm,4795,4773,22
NKX,qlike,garch11,autoarima,4795,4773,22
NKX,qlike,garch11,autoets,4795,4773,22
NKX,qlike,garch11,chronos,4795,4773,22
NKX,qlike,garch11,ewma,4795,4794,1
NKX,qlike,garch11,garch11,4795,4794,1
NKX,qlike,garch11,garch11_t,4795,4794,1
NKX,qlike,garch11,gjr,4795,4794,1
NKX,qlike,garch11,har,4795,4773,22
NKX,qlike,garch11,lgbm,4795,4773,22
NKX,qlike,garch11,moirai,4795,4773,22
NKX,qlike,garch11,naive,4795,4794,1
NKX,qlike,garch11,patchtst,4795,4773,22
NKX,qlike,garch11,timesfm,4795,4773,22
NKX,qlike,garch11_t,autoarima,4795,4773,22
NKX,qlike,garch11_t,autoets,4795,4773,22
NKX,qlike,garch11_t,chronos,4795,4773,22
NKX,qlike,garch11_t,ewma,4795,4794,1
NKX,qlike,garch11_t,garch11,4795,4794,1
NKX,qlike,garch11_t,garch11_t,4795,4794,1
NKX,qlike,garch11_t,gjr,4795,4794,1
NKX,qlike,garch11_t,har,4795,4773,22
NKX,qlike,garch11_t,lgbm,4795,4773,22
NKX,qlike,garch11_t,moirai,4795,4773,22
NKX,qlike,garch11_t,naive,4795,4794,1
NKX,qlike,garch11_t,patchtst,4795,4773,22
NKX,qlike,garch11_t,timesfm,4795,4773,22
NKX,qlike,gjr,autoarima,4795,4773,22
NKX,qlike,gjr,autoets,4795,4773,22
NKX,qlike,gjr,chronos,4795,4773,22
NKX,qlike,gjr,ewma,4795,4794,1
NKX,qlike,gjr,garch11,4795,4794,1
NKX,qlike,gjr,garch11_t,4795,4794,1
NKX,qlike,gjr,gjr,4795,4794,1
NKX,qlike,gjr,har,4795,4773,22
NKX,qlike,gjr,lgbm,4795,4773,22
NKX,qlike,gjr,moirai,4795,4773,22
NKX,qlike,gjr,naive,4795,4794,1
NKX,qlike,gjr,patchtst,4795,4773,22
NKX,qlike,gjr,timesfm,4795,4773,22
NKX,qlike,har,autoarima,4795,4773,22
NKX,qlike,har,autoets,4795,4773,22
NKX,qlike,har,chronos,4795,4773,22
NKX,qlike,har,ewma,4795,4773,22
NKX,qlike,har,garch11,4795,4773,22
NKX,qlike,har,garch11_t,4795,4773,22
NKX,qlike,har,gjr,4795,4773,22
NKX,qlike,har,har,4795,4773,22
NKX,qlike,har,lgbm,4795,4773,22
NKX,qlike,har,moirai,4795,4773,22
NKX,qlike,har,naive,4795,4773,22
NKX,qlike,har,patchtst,4795,4773,22
NKX,qlike,har,timesfm,4795,4773,22
NKX,qlike,lgbm,autoarima,4795,4773,22
NKX,qlike,lgbm,autoets,4795,4773,22
NKX,qlike,lgbm,chronos,4795,4773,22
NKX,qlike,lgbm,ewma,4795,4773,22
NKX,qlike,lgbm,garch11,4795,4773,22
NKX,qlike,lgbm,garch11_t,4795,4773,22
NKX,qlike,lgbm,gjr,4795,4773,22
NKX,qlike,lgbm,har,4795,4773,22
NKX,qlike,lgbm,lgbm,4795,4773,22
NKX,qlike,lgbm,moirai,4795,4773,22
NKX,qlike,lgbm,naive,4795,4773,22
NKX,qlike,lgbm,patchtst,4795,4773,22
NKX,qlike,lgbm,timesfm,4795,4773,22
NKX,qlike,moirai,autoarima,4795,4773,22
NKX,qlike,moirai,autoets,4795,4773,22
NKX,qlike,moirai,chronos,4795,4773,22
NKX,qlike,moirai,ewma,4795,4773,22
NKX,qlike,moirai,garch11,4795,4773,22
NKX,qlike,moirai,garch11_t,4795,4773,22
NKX,qlike,moirai,gjr,4795,4773,22
NKX,qlike,moirai,har,4795,4773,22
NKX,qlike,moirai,lgbm,4795,4773,22
NKX,qlike,moirai,moirai,4795,4773,22
NKX,qlike,moirai,naive,4795,4773,22
NKX,qlike,moirai,patchtst,4795,4773,22
NKX,qlike,moirai,timesfm,4795,4773,22
NKX,qlike,naive,autoarima,4795,4773,22
NKX,qlike,naive,autoets,4795,4773,22
NKX,qlike,naive,chronos,4795,4773,22
NKX,qlike,naive,ewma,4795,4794,1
NKX,qlike,naive,garch11,4795,4794,1
NKX,qlike,naive,garch11_t,4795,4794,1
NKX,qlike,naive,gjr,4795,4794,1
NKX,qlike,naive,har,4795,4773,22
NKX,qlike,naive,lgbm,4795,4773,22
NKX,qlike,naive,moirai,4795,4773,22
NKX,qlike,naive,naive,4795,4794,1
NKX,qlike,naive,patchtst,4795,4773,22
NKX,qlike,naive,timesfm,4795,4773,22
NKX,qlike,patchtst,autoarima,4795,4773,22
NKX,qlike,patchtst,autoets,4795,4773,22
NKX,qlike,patchtst,chronos,4795,4773,22
NKX,qlike,patchtst,ewma,4795,4773,22
NKX,qlike,patchtst,garch11,4795,4773,22
NKX,qlike,patchtst,garch11_t,4795,4773,22
NKX,qlike,patchtst,gjr,4795,4773,22
NKX,qlike,patchtst,har,4795,4773,22
NKX,qlike,patchtst,lgbm,4795,4773,22
NKX,qlike,patchtst,moirai,4795,4773,22
NKX,qlike,patchtst,naive,4795,4773,22
NKX,qlike,patchtst,patchtst,4795,4773,22
NKX,qlike,patchtst,timesfm,4795,4773,22
NKX,qlike,timesfm,autoarima,4795,4773,22
NKX,qlike,timesfm,autoets,4795,4773,22
NKX,qlike,timesfm,chronos,4795,4773,22
NKX,qlike,timesfm,ewma,4795,4773,22
NKX,qlike,timesfm,garch11,4795,4773,22
NKX,qlike,timesfm,garch11_t,4795,4773,22
NKX,qlike,timesfm,gjr,4795,4773,22
NKX,qlike,timesfm,har,4795,4773,22
NKX,qlike,timesfm,lgbm,4795,4773,22
NKX,qlike,timesfm,moirai,4795,4773,22
NKX,qlike,timesfm,naive,4795,4773,22
NKX,qlike,timesfm,patchtst,4795,4773,22
NKX,qlike,timesfm,timesfm,4795,4773,22
NKX,fz0_0p01,autoarima,autoarima,4795,4774,21
NKX,fz0_0p01,autoarima,autoets,4795,4774,21
NKX,fz0_0p01,autoarima,chronos,4795,4774,21
NKX,fz0_0p01,autoarima,ewma,4795,4774,21
NKX,fz0_0p01,autoarima,garch11,4795,4774,21
NKX,fz0_0p01,autoarima,garch11_t,4795,4774,21
NKX,fz0_0p01,autoarima,gjr,4795,4774,21
NKX,fz0_0p01,autoarima,har,4795,4774,21
NKX,fz0_0p01,autoarima,lgbm,4795,4774,21
NKX,fz0_0p01,autoarima,moirai,4795,4774,21
NKX,fz0_0p01,autoarima,naive,4795,4774,21
NKX,fz0_0p01,autoarima,patchtst,4795,4774,21
NKX,fz0_0p01,autoarima,timesfm,4795,4774,21
NKX,fz0_0p01,autoets,autoarima,4795,4774,21
NKX,fz0_0p01,autoets,autoets,4795,4774,21
NKX,fz0_0p01,autoets,chronos,4795,4774,21
NKX,fz0_0p01,autoets,ewma,4795,4774,21
NKX,fz0_0p01,autoets,garch11,4795,4774,21
NKX,fz0_0p01,autoets,garch11_t,4795,4774,21
NKX,fz0_0p01,autoets,gjr,4795,4774,21
NKX,fz0_0p01,autoets,har,4795,4774,21
NKX,fz0_0p01,autoets,lgbm,4795,4774,21
NKX,fz0_0p01,autoets,moirai,4795,4774,21
NKX,fz0_0p01,autoets,naive,4795,4774,21
NKX,fz0_0p01,autoets,patchtst,4795,4774,21
NKX,fz0_0p01,autoets,timesfm,4795,4774,21
NKX,fz0_0p01,chronos,autoarima,4795,4774,21
NKX,fz0_0p01,chronos,autoets,4795,4774,21
NKX,fz0_0p01,chronos,chronos,4795,4774,21
NKX,fz0_0p01,chronos,ewma,4795,4774,21
NKX,fz0_0p01,chronos,garch11,4795,4774,21
NKX,fz0_0p01,chronos,garch11_t,4795,4774,21
NKX,fz0_0p01,chronos,gjr,4795,4774,21
NKX,fz0_0p01,chronos,har,4795,4774,21
NKX,fz0_0p01,chronos,lgbm,4795,4774,21
NKX,fz0_0p01,chronos,moirai,4795,4774,21
NKX,fz0_0p01,chronos,naive,4795,4774,21
NKX,fz0_0p01,chronos,patchtst,4795,4774,21
NKX,fz0_0p01,chronos,timesfm,4795,4774,21
NKX,fz0_0p01,ewma,autoarima,4795,4774,21
NKX,fz0_0p01,ewma,autoets,4795,4774,21
NKX,fz0_0p01,ewma,chronos,4795,4774,21
NKX,fz0_0p01,ewma,ewma,4795,4795,0
NKX,fz0_0p01,ewma,garch11,4795,4795,0
NKX,fz0_0p01,ewma,garch11_t,4795,4795,0
NKX,fz0_0p01,ewma,gjr,4795,4795,0
NKX,fz0_0p01,ewma,har,4795,4774,21
NKX,fz0_0p01,ewma,lgbm,4795,4774,21
NKX,fz0_0p01,ewma,moirai,4795,4774,21
NKX,fz0_0p01,ewma,naive,4795,4795,0
NKX,fz0_0p01,ewma,patchtst,4795,4774,21
NKX,fz0_0p01,ewma,timesfm,4795,4774,21
NKX,fz0_0p01,garch11,autoarima,4795,4774,21
NKX,fz0_0p01,garch11,autoets,4795,4774,21
NKX,fz0_0p01,garch11,chronos,4795,4774,21
NKX,fz0_0p01,garch11,ewma,4795,4795,0
NKX,fz0_0p01,garch11,garch11,4795,4795,0
NKX,fz0_0p01,garch11,garch11_t,4795,4795,0
NKX,fz0_0p01,garch11,gjr,4795,4795,0
NKX,fz0_0p01,garch11,har,4795,4774,21
NKX,fz0_0p01,garch11,lgbm,4795,4774,21
NKX,fz0_0p01,garch11,moirai,4795,4774,21
NKX,fz0_0p01,garch11,naive,4795,4795,0
NKX,fz0_0p01,garch11,patchtst,4795,4774,21
NKX,fz0_0p01,garch11,timesfm,4795,4774,21
NKX,fz0_0p01,garch11_t,autoarima,4795,4774,21
NKX,fz0_0p01,garch11_t,autoets,4795,4774,21
NKX,fz0_0p01,garch11_t,chronos,4795,4774,21
NKX,fz0_0p01,garch11_t,ewma,4795,4795,0
NKX,fz0_0p01,garch11_t,garch11,4795,4795,0
NKX,fz0_0p01,garch11_t,garch11_t,4795,4795,0
NKX,fz0_0p01,garch11_t,gjr,4795,4795,0
NKX,fz0_0p01,garch11_t,har,4795,4774,21
NKX,fz0_0p01,garch11_t,lgbm,4795,4774,21
NKX,fz0_0p01,garch11_t,moirai,4795,4774,21
NKX,fz0_0p01,garch11_t,naive,4795,4795,0
NKX,fz0_0p01,garch11_t,patchtst,4795,4774,21
NKX,fz0_0p01,garch11_t,timesfm,4795,4774,21
NKX,fz0_0p01,gjr,autoarima,4795,4774,21
NKX,fz0_0p01,gjr,autoets,4795,4774,21
NKX,fz0_0p01,gjr,chronos,4795,4774,21
NKX,fz0_0p01,gjr,ewma,4795,4795,0
NKX,fz0_0p01,gjr,garch11,4795,4795,0
NKX,fz0_0p01,gjr,garch11_t,4795,4795,0
NKX,fz0_0p01,gjr,gjr,4795,4795,0
NKX,fz0_0p01,gjr,har,4795,4774,21
NKX,fz0_0p01,gjr,lgbm,4795,4774,21
NKX,fz0_0p01,gjr,moirai,4795,4774,21
NKX,fz0_0p01,gjr,naive,4795,4795,0
NKX,fz0_0p01,gjr,patchtst,4795,4774,21
NKX,fz0_0p01,gjr,timesfm,4795,4774,21
NKX,fz0_0p01,har,autoarima,4795,4774,21
NKX,fz0_0p01,har,autoets,4795,4774,21
NKX,fz0_0p01,har,chronos,4795,4774,21
NKX,fz0_0p01,har,ewma,4795,4774,21
NKX,fz0_0p01,har,garch11,4795,4774,21
NKX,fz0_0p01,har,garch11_t,4795,4774,21
NKX,fz0_0p01,har,gjr,4795,4774,21
NKX,fz0_0p01,har,har,4795,4774,21
NKX,fz0_0p01,har,lgbm,4795,4774,21
NKX,fz0_0p01,har,moirai,4795,4774,21
NKX,fz0_0p01,har,naive,4795,4774,21
NKX,fz0_0p01,har,patchtst,4795,4774,21
NKX,fz0_0p01,har,timesfm,4795,4774,21
NKX,fz0_0p01,lgbm,autoarima,4795,4774,21
NKX,fz0_0p01,lgbm,autoets,4795,4774,21
NKX,fz0_0p01,lgbm,chronos,4795,4774,21
NKX,fz0_0p01,lgbm,ewma,4795,4774,21
NKX,fz0_0p01,lgbm,garch11,4795,4774,21
NKX,fz0_0p01,lgbm,garch11_t,4795,4774,21
NKX,fz0_0p01,lgbm,gjr,4795,4774,21
NKX,fz0_0p01,lgbm,har,4795,4774,21
NKX,fz0_0p01,lgbm,lgbm,4795,4774,21
NKX,fz0_0p01,lgbm,moirai,4795,4774,21
NKX,fz0_0p01,lgbm,naive,4795,4774,21
NKX,fz0_0p01,lgbm,patchtst,4795,4774,21
NKX,fz0_0p01,lgbm,timesfm,4795,4774,21
NKX,fz0_0p01,moirai,autoarima,4795,4774,21
NKX,fz0_0p01,moirai,autoets,4795,4774,21
NKX,fz0_0p01,moirai,chronos,4795,4774,21
NKX,fz0_0p01,moirai,ewma,4795,4774,21
NKX,fz0_0p01,moirai,garch11,4795,4774,21
NKX,fz0_0p01,moirai,garch11_t,4795,4774,21
NKX,fz0_0p01,moirai,gjr,4795,4774,21
NKX,fz0_0p01,moirai,har,4795,4774,21
NKX,fz0_0p01,moirai,lgbm,4795,4774,21
NKX,fz0_0p01,moirai,moirai,4795,4774,21
NKX,fz0_0p01,moirai,naive,4795,4774,21
NKX,fz0_0p01,moirai,patchtst,4795,4774,21
NKX,fz0_0p01,moirai,timesfm,4795,4774,21
NKX,fz0_0p01,naive,autoarima,4795,4774,21
NKX,fz0_0p01,naive,autoets,4795,4774,21
NKX,fz0_0p01,naive,chronos,4795,4774,21
NKX,fz0_0p01,naive,ewma,4795,4795,0
NKX,fz0_0p01,naive,garch11,4795,4795,0
NKX,fz0_0p01,naive,garch11_t,4795,4795,0
NKX,fz0_0p01,naive,gjr,4795,4795,0
NKX,fz0_0p01,naive,har,4795,4774,21
NKX,fz0_0p01,naive,lgbm,4795,4774,21
NKX,fz0_0p01,naive,moirai,4795,4774,21
NKX,fz0_0p01,naive,naive,4795,4795,0
NKX,fz0_0p01,naive,patchtst,4795,4774,21
NKX,fz0_0p01,naive,timesfm,4795,4774,21
NKX,fz0_0p01,patchtst,autoarima,4795,4774,21
NKX,fz0_0p01,patchtst,autoets,4795,4774,21
NKX,fz0_0p01,patchtst,chronos,4795,4774,21
NKX,fz0_0p01,patchtst,ewma,4795,4774,21
NKX,fz0_0p01,patchtst,garch11,4795,4774,21
NKX,fz0_0p01,patchtst,garch11_t,4795,4774,21
NKX,fz0_0p01,patchtst,gjr,4795,4774,21
NKX,fz0_0p01,patchtst,har,4795,4774,21
NKX,fz0_0p01,patchtst,lgbm,4795,4774,21
NKX,fz0_0p01,patchtst,moirai,4795,4774,21
NKX,fz0_0p01,patchtst,naive,4795,4774,21
NKX,fz0_0p01,patchtst,patchtst,4795,4774,21
NKX,fz0_0p01,patchtst,timesfm,4795,4774,21
NKX,fz0_0p01,timesfm,autoarima,4795,4774,21
NKX,fz0_0p01,timesfm,autoets,4795,4774,21
NKX,fz0_0p01,timesfm,chronos,4795,4774,21
NKX,fz0_0p01,timesfm,ewma,4795,4774,21
NKX,fz0_0p01,timesfm,garch11,4795,4774,21
NKX,fz0_0p01,timesfm,garch11_t,4795,4774,21
NKX,fz0_0p01,timesfm,gjr,4795,4774,21
NKX,fz0_0p01,timesfm,har,4795,4774,21
NKX,fz0_0p01,timesfm,lgbm,4795,4774,21
NKX,fz0_0p01,timesfm,moirai,4795,4774,21
NKX,fz0_0p01,timesfm,naive,4795,4774,21
NKX,fz0_0p01,timesfm,patchtst,4795,4774,21
NKX,fz0_0p01,timesfm,timesfm,4795,4774,21
NKX,fz0_0p025,autoarima,autoarima,4795,4774,21
NKX,fz0_0p025,autoarima,autoets,4795,4774,21
NKX,fz0_0p025,autoarima,chronos,4795,4774,21
NKX,fz0_0p025,autoarima,ewma,4795,4774,21
NKX,fz0_0p025,autoarima,garch11,4795,4774,21
NKX,fz0_0p025,autoarima,garch11_t,4795,4774,21
NKX,fz0_0p025,autoarima,gjr,4795,4774,21
NKX,fz0_0p025,autoarima,har,4795,4774,21
NKX,fz0_0p025,autoarima,lgbm,4795,4774,21
NKX,fz0_0p025,autoarima,moirai,4795,4774,21
NKX,fz0_0p025,autoarima,naive,4795,4774,21
NKX,fz0_0p025,autoarima,patchtst,4795,4774,21
NKX,fz0_0p025,autoarima,timesfm,4795,4774,21
NKX,fz0_0p025,autoets,autoarima,4795,4774,21
NKX,fz0_0p025,autoets,autoets,4795,4774,21
NKX,fz0_0p025,autoets,chronos,4795,4774,21
NKX,fz0_0p025,autoets,ewma,4795,4774,21
NKX,fz0_0p025,autoets,garch11,4795,4774,21
NKX,fz0_0p025,autoets,garch11_t,4795,4774,21
NKX,fz0_0p025,autoets,gjr,4795,4774,21
NKX,fz0_0p025,autoets,har,4795,4774,21
NKX,fz0_0p025,autoets,lgbm,4795,4774,21
NKX,fz0_0p025,autoets,moirai,4795,4774,21
NKX,fz0_0p025,autoets,naive,4795,4774,21
NKX,fz0_0p025,autoets,patchtst,4795,4774,21
NKX,fz0_0p025,autoets,timesfm,4795,4774,21
NKX,fz0_0p025,chronos,autoarima,4795,4774,21
NKX,fz0_0p025,chronos,autoets,4795,4774,21
NKX,fz0_0p025,chronos,chronos,4795,4774,21
NKX,fz0_0p025,chronos,ewma,4795,4774,21
NKX,fz0_0p025,chronos,garch11,4795,4774,21
NKX,fz0_0p025,chronos,garch11_t,4795,4774,21
NKX,fz0_0p025,chronos,gjr,4795,4774,21
NKX,fz0_0p025,chronos,har,4795,4774,21
NKX,fz0_0p025,chronos,lgbm,4795,4774,21
NKX,fz0_0p025,chronos,moirai,4795,4774,21
NKX,fz0_0p025,chronos,naive,4795,4774,21
NKX,fz0_0p025,chronos,patchtst,4795,4774,21
NKX,fz0_0p025,chronos,timesfm,4795,4774,21
NKX,fz0_0p025,ewma,autoarima,4795,4774,21
NKX,fz0_0p025,ewma,autoets,4795,4774,21
NKX,fz0_0p025,ewma,chronos,4795,4774,21
NKX,fz0_0p025,ewma,ewma,4795,4795,0
NKX,fz0_0p025,ewma,garch11,4795,4795,0
NKX,fz0_0p025,ewma,garch11_t,4795,4795,0
NKX,fz0_0p025,ewma,gjr,4795,4795,0
NKX,fz0_0p025,ewma,har,4795,4774,21
NKX,fz0_0p025,ewma,lgbm,4795,4774,21
NKX,fz0_0p025,ewma,moirai,4795,4774,21
NKX,fz0_0p025,ewma,naive,4795,4795,0
NKX,fz0_0p025,ewma,patchtst,4795,4774,21
NKX,fz0_0p025,ewma,timesfm,4795,4774,21
NKX,fz0_0p025,garch11,autoarima,4795,4774,21
NKX,fz0_0p025,garch11,autoets,4795,4774,21
NKX,fz0_0p025,garch11,chronos,4795,4774,21
NKX,fz0_0p025,garch11,ewma,4795,4795,0
NKX,fz0_0p025,garch11,garch11,4795,4795,0
NKX,fz0_0p025,garch11,garch11_t,4795,4795,0
NKX,fz0_0p025,garch11,gjr,4795,4795,0
NKX,fz0_0p025,garch11,har,4795,4774,21
NKX,fz0_0p025,garch11,lgbm,4795,4774,21
NKX,fz0_0p025,garch11,moirai,4795,4774,21
NKX,fz0_0p025,garch11,naive,4795,4795,0
NKX,fz0_0p025,garch11,patchtst,4795,4774,21
NKX,fz0_0p025,garch11,timesfm,4795,4774,21
NKX,fz0_0p025,garch11_t,autoarima,4795,4774,21
NKX,fz0_0p025,garch11_t,autoets,4795,4774,21
NKX,fz0_0p025,garch11_t,chronos,4795,4774,21
NKX,fz0_0p025,garch11_t,ewma,4795,4795,0
NKX,fz0_0p025,garch11_t,garch11,4795,4795,0
NKX,fz0_0p025,garch11_t,garch11_t,4795,4795,0
NKX,fz0_0p025,garch11_t,gjr,4795,4795,0
NKX,fz0_0p025,garch11_t,har,4795,4774,21
NKX,fz0_0p025,garch11_t,lgbm,4795,4774,21
NKX,fz0_0p025,garch11_t,moirai,4795,4774,21
NKX,fz0_0p025,garch11_t,naive,4795,4795,0
NKX,fz0_0p025,garch11_t,patchtst,4795,4774,21
NKX,fz0_0p025,garch11_t,timesfm,4795,4774,21
NKX,fz0_0p025,gjr,autoarima,4795,4774,21
NKX,fz0_0p025,gjr,autoets,4795,4774,21
NKX,fz0_0p025,gjr,chronos,4795,4774,21
NKX,fz0_0p025,gjr,ewma,4795,4795,0
NKX,fz0_0p025,gjr,garch11,4795,4795,0
NKX,fz0_0p025,gjr,garch11_t,4795,4795,0
NKX,fz0_0p025,gjr,gjr,4795,4795,0
NKX,fz0_0p025,gjr,har,4795,4774,21
NKX,fz0_0p025,gjr,lgbm,4795,4774,21
NKX,fz0_0p025,gjr,moirai,4795,4774,21
NKX,fz0_0p025,gjr,naive,4795,4795,0
NKX,fz0_0p025,gjr,patchtst,4795,4774,21
NKX,fz0_0p025,gjr,timesfm,4795,4774,21
NKX,fz0_0p025,har,autoarima,4795,4774,21
NKX,fz0_0p025,har,autoets,4795,4774,21
NKX,fz0_0p025,har,chronos,4795,4774,21
NKX,fz0_0p025,har,ewma,4795,4774,21
NKX,fz0_0p025,har,garch11,4795,4774,21
NKX,fz0_0p025,har,garch11_t,4795,4774,21
NKX,fz0_0p025,har,gjr,4795,4774,21
NKX,fz0_0p025,har,har,4795,4774,21
NKX,fz0_0p025,har,lgbm,4795,4774,21
NKX,fz0_0p025,har,moirai,4795,4774,21
NKX,fz0_0p025,har,naive,4795,4774,21
NKX,fz0_0p025,har,patchtst,4795,4774,21
NKX,fz0_0p025,har,timesfm,4795,4774,21
NKX,fz0_0p025,lgbm,autoarima,4795,4774,21
NKX,fz0_0p025,lgbm,autoets,4795,4774,21
NKX,fz0_0p025,lgbm,chronos,4795,4774,21
NKX,fz0_0p025,lgbm,ewma,4795,4774,21
NKX,fz0_0p025,lgbm,garch11,4795,4774,21
NKX,fz0_0p025,lgbm,garch11_t,4795,4774,21
NKX,fz0_0p025,lgbm,gjr,4795,4774,21
NKX,fz0_0p025,lgbm,har,4795,4774,21
NKX,fz0_0p025,lgbm,lgbm,4795,4774,21
NKX,fz0_0p025,lgbm,moirai,4795,4774,21
NKX,fz0_0p025,lgbm,naive,4795,4774,21
NKX,fz0_0p025,lgbm,patchtst,4795,4774,21
NKX,fz0_0p025,lgbm,timesfm,4795,4774,21
NKX,fz0_0p025,moirai,autoarima,4795,4774,21
NKX,fz0_0p025,moirai,autoets,4795,4774,21
NKX,fz0_0p025,moirai,chronos,4795,4774,21
NKX,fz0_0p025,moirai,ewma,4795,4774,21
NKX,fz0_0p025,moirai,garch11,4795,4774,21
NKX,fz0_0p025,moirai,garch11_t,4795,4774,21
NKX,fz0_0p025,moirai,gjr,4795,4774,21
NKX,fz0_0p025,moirai,har,4795,4774,21
NKX,fz0_0p025,moirai,lgbm,4795,4774,21
NKX,fz0_0p025,moirai,moirai,4795,4774,21
NKX,fz0_0p025,moirai,naive,4795,4774,21
NKX,fz0_0p025,moirai,patchtst,4795,4774,21
NKX,fz0_0p025,moirai,timesfm,4795,4774,21
NKX,fz0_0p025,naive,autoarima,4795,4774,21
NKX,fz0_0p025,naive,autoets,4795,4774,21
NKX,fz0_0p025,naive,chronos,4795,4774,21
NKX,fz0_0p025,naive,ewma,4795,4795,0
NKX,fz0_0p025,naive,garch11,4795,4795,0
NKX,fz0_0p025,naive,garch11_t,4795,4795,0
NKX,fz0_0p025,naive,gjr,4795,4795,0
NKX,fz0_0p025,naive,har,4795,4774,21
NKX,fz0_0p025,naive,lgbm,4795,4774,21
NKX,fz0_0p025,naive,moirai,4795,4774,21
NKX,fz0_0p025,naive,naive,4795,4795,0
NKX,fz0_0p025,naive,patchtst,4795,4774,21
NKX,fz0_0p025,naive,timesfm,4795,4774,21
NKX,fz0_0p025,patchtst,autoarima,4795,4774,21
NKX,fz0_0p025,patchtst,autoets,4795,4774,21
NKX,fz0_0p025,patchtst,chronos,4795,4774,21
NKX,fz0_0p025,patchtst,ewma,4795,4774,21
NKX,fz0_0p025,patchtst,garch11,4795,4774,21
NKX,fz0_0p025,patchtst,garch11_t,4795,4774,21
NKX,fz0_0p025,patchtst,gjr,4795,4774,21
NKX,fz0_0p025,patchtst,har,4795,4774,21
NKX,fz0_0p025,patchtst,lgbm,4795,4774,21
NKX,fz0_0p025,patchtst,moirai,4795,4774,21
NKX,fz0_0p025,patchtst,naive,4795,4774,21
NKX,fz0_0p025,patchtst,patchtst,4795,4774,21
NKX,fz0_0p025,patchtst,timesfm,4795,4774,21
NKX,fz0_0p025,timesfm,autoarima,4795,4774,21
NKX,fz0_0p025,timesfm,autoets,4795,4774,21
NKX,fz0_0p025,timesfm,chronos,4795,4774,21
NKX,fz0_0p025,timesfm,ewma,4795,4774,21
NKX,fz0_0p025,timesfm,garch11,4795,4774,21
NKX,fz0_0p025,timesfm,garch11_t,4795,4774,21
NKX,fz0_0p025,timesfm,gjr,4795,4774,21
NKX,fz0_0p025,timesfm,har,4795,4774,21
NKX,fz0_0p025,timesfm,lgbm,4795,4774,21
NKX,fz0_0p025,timesfm,moirai,4795,4774,21
NKX,fz0_0p025,timesfm,naive,4795,4774,21
NKX,fz0_0p025,timesfm,patchtst,4795,4774,21
NKX,fz0_0p025,timesfm,timesfm,4795,4774,21
NKX,fz0_0p05,autoarima,autoarima,4795,4774,21
NKX,fz0_0p05,autoarima,autoets,4795,4774,21
NKX,fz0_0p05,autoarima,chronos,4795,4774,21
NKX,fz0_0p05,autoarima,ewma,4795,4774,21
NKX,fz0_0p05,autoarima,garch11,4795,4774,21
NKX,fz0_0p05,autoarima,garch11_t,4795,4774,21
NKX,fz0_0p05,autoarima,gjr,4795,4774,21
NKX,fz0_0p05,autoarima,har,4795,4774,21
NKX,fz0_0p05,autoarima,lgbm,4795,4774,21
NKX,fz0_0p05,autoarima,moirai,4795,4774,21
NKX,fz0_0p05,autoarima,naive,4795,4774,21
NKX,fz0_0p05,autoarima,patchtst,4795,4774,21
NKX,fz0_0p05,autoarima,timesfm,4795,4774,21
NKX,fz0_0p05,autoets,autoarima,4795,4774,21
NKX,fz0_0p05,autoets,autoets,4795,4774,21
NKX,fz0_0p05,autoets,chronos,4795,4774,21
NKX,fz0_0p05,autoets,ewma,4795,4774,21
NKX,fz0_0p05,autoets,garch11,4795,4774,21
NKX,fz0_0p05,autoets,garch11_t,4795,4774,21
NKX,fz0_0p05,autoets,gjr,4795,4774,21
NKX,fz0_0p05,autoets,har,4795,4774,21
NKX,fz0_0p05,autoets,lgbm,4795,4774,21
NKX,fz0_0p05,autoets,moirai,4795,4774,21
NKX,fz0_0p05,autoets,naive,4795,4774,21
NKX,fz0_0p05,autoets,patchtst,4795,4774,21
NKX,fz0_0p05,autoets,timesfm,4795,4774,21
NKX,fz0_0p05,chronos,autoarima,4795,4774,21
NKX,fz0_0p05,chronos,autoets,4795,4774,21
NKX,fz0_0p05,chronos,chronos,4795,4774,21
NKX,fz0_0p05,chronos,ewma,4795,4774,21
NKX,fz0_0p05,chronos,garch11,4795,4774,21
NKX,fz0_0p05,chronos,garch11_t,4795,4774,21
NKX,fz0_0p05,chronos,gjr,4795,4774,21
NKX,fz0_0p05,chronos,har,4795,4774,21
NKX,fz0_0p05,chronos,lgbm,4795,4774,21
NKX,fz0_0p05,chronos,moirai,4795,4774,21
NKX,fz0_0p05,chronos,naive,4795,4774,21
NKX,fz0_0p05,chronos,patchtst,4795,4774,21
NKX,fz0_0p05,chronos,timesfm,4795,4774,21
NKX,fz0_0p05,ewma,autoarima,4795,4774,21
NKX,fz0_0p05,ewma,autoets,4795,4774,21
NKX,fz0_0p05,ewma,chronos,4795,4774,21
NKX,fz0_0p05,ewma,ewma,4795,4795,0
NKX,fz0_0p05,ewma,garch11,4795,4795,0
NKX,fz0_0p05,ewma,garch11_t,4795,4795,0
NKX,fz0_0p05,ewma,gjr,4795,4795,0
NKX,fz0_0p05,ewma,har,4795,4774,21
NKX,fz0_0p05,ewma,lgbm,4795,4774,21
NKX,fz0_0p05,ewma,moirai,4795,4774,21
NKX,fz0_0p05,ewma,naive,4795,4795,0
NKX,fz0_0p05,ewma,patchtst,4795,4774,21
NKX,fz0_0p05,ewma,timesfm,4795,4774,21
NKX,fz0_0p05,garch11,autoarima,4795,4774,21
NKX,fz0_0p05,garch11,autoets,4795,4774,21
NKX,fz0_0p05,garch11,chronos,4795,4774,21
NKX,fz0_0p05,garch11,ewma,4795,4795,0
NKX,fz0_0p05,garch11,garch11,4795,4795,0
NKX,fz0_0p05,garch11,garch11_t,4795,4795,0
NKX,fz0_0p05,garch11,gjr,4795,4795,0
NKX,fz0_0p05,garch11,har,4795,4774,21
NKX,fz0_0p05,garch11,lgbm,4795,4774,21
NKX,fz0_0p05,garch11,moirai,4795,4774,21
NKX,fz0_0p05,garch11,naive,4795,4795,0
NKX,fz0_0p05,garch11,patchtst,4795,4774,21
NKX,fz0_0p05,garch11,timesfm,4795,4774,21
NKX,fz0_0p05,garch11_t,autoarima,4795,4774,21
NKX,fz0_0p05,garch11_t,autoets,4795,4774,21
NKX,fz0_0p05,garch11_t,chronos,4795,4774,21
NKX,fz0_0p05,garch11_t,ewma,4795,4795,0
NKX,fz0_0p05,garch11_t,garch11,4795,4795,0
NKX,fz0_0p05,garch11_t,garch11_t,4795,4795,0
NKX,fz0_0p05,garch11_t,gjr,4795,4795,0
NKX,fz0_0p05,garch11_t,har,4795,4774,21
NKX,fz0_0p05,garch11_t,lgbm,4795,4774,21
NKX,fz0_0p05,garch11_t,moirai,4795,4774,21
NKX,fz0_0p05,garch11_t,naive,4795,4795,0
NKX,fz0_0p05,garch11_t,patchtst,4795,4774,21
NKX,fz0_0p05,garch11_t,timesfm,4795,4774,21
NKX,fz0_0p05,gjr,autoarima,4795,4774,21
NKX,fz0_0p05,gjr,autoets,4795,4774,21
NKX,fz0_0p05,gjr,chronos,4795,4774,21
NKX,fz0_0p05,gjr,ewma,4795,4795,0
NKX,fz0_0p05,gjr,garch11,4795,4795,0
NKX,fz0_0p05,gjr,garch11_t,4795,4795,0
NKX,fz0_0p05,gjr,gjr,4795,4795,0
NKX,fz0_0p05,gjr,har,4795,4774,21
NKX,fz0_0p05,gjr,lgbm,4795,4774,21
NKX,fz0_0p05,gjr,moirai,4795,4774,21
NKX,fz0_0p05,gjr,naive,4795,4795,0
NKX,fz0_0p05,gjr,patchtst,4795,4774,21
NKX,fz0_0p05,gjr,timesfm,4795,4774,21
NKX,fz0_0p05,har,autoarima,4795,4774,21
NKX,fz0_0p05,har,autoets,4795,4774,21
NKX,fz0_0p05,har,chronos,4795,4774,21
NKX,fz0_0p05,har,ewma,4795,4774,21
NKX,fz0_0p05,har,garch11,4795,4774,21
NKX,fz0_0p05,har,garch11_t,4795,4774,21
NKX,fz0_0p05,har,gjr,4795,4774,21
NKX,fz0_0p05,har,har,4795,4774,21
NKX,fz0_0p05,har,lgbm,4795,4774,21
NKX,fz0_0p05,har,moirai,4795,4774,21
NKX,fz0_0p05,har,naive,4795,4774,21
NKX,fz0_0p05,har,patchtst,4795,4774,21
NKX,fz0_0p05,har,timesfm,4795,4774,21
NKX,fz0_0p05,lgbm,autoarima,4795,4774,21
NKX,fz0_0p05,lgbm,autoets,4795,4774,21
NKX,fz0_0p05,lgbm,chronos,4795,4774,21
NKX,fz0_0p05,lgbm,ewma,4795,4774,21
NKX,fz0_0p05,lgbm,garch11,4795,4774,21
NKX,fz0_0p05,lgbm,garch11_t,4795,4774,21
NKX,fz0_0p05,lgbm,gjr,4795,4774,21
NKX,fz0_0p05,lgbm,har,4795,4774,21
NKX,fz0_0p05,lgbm,lgbm,4795,4774,21
NKX,fz0_0p05,lgbm,moirai,4795,4774,21
NKX,fz0_0p05,lgbm,naive,4795,4774,21
NKX,fz0_0p05,lgbm,patchtst,4795,4774,21
NKX,fz0_0p05,lgbm,timesfm,4795,4774,21
NKX,fz0_0p05,moirai,autoarima,4795,4774,21
NKX,fz0_0p05,moirai,autoets,4795,4774,21
NKX,fz0_0p05,moirai,chronos,4795,4774,21
NKX,fz0_0p05,moirai,ewma,4795,4774,21
NKX,fz0_0p05,moirai,garch11,4795,4774,21
NKX,fz0_0p05,moirai,garch11_t,4795,4774,21
NKX,fz0_0p05,moirai,gjr,4795,4774,21
NKX,fz0_0p05,moirai,har,4795,4774,21
NKX,fz0_0p05,moirai,lgbm,4795,4774,21
NKX,fz0_0p05,moirai,moirai,4795,4774,21
NKX,fz0_0p05,moirai,naive,4795,4774,21
NKX,fz0_0p05,moirai,patchtst,4795,4774,21
NKX,fz0_0p05,moirai,timesfm,4795,4774,21
NKX,fz0_0p05,naive,autoarima,4795,4774,21
NKX,fz0_0p05,naive,autoets,4795,4774,21
NKX,fz0_0p05,naive,chronos,4795,4774,21
NKX,fz0_0p05,naive,ewma,4795,4795,0
NKX,fz0_0p05,naive,garch11,4795,4795,0
NKX,fz0_0p05,naive,garch11_t,4795,4795,0
NKX,fz0_0p05,naive,gjr,4795,4795,0
NKX,fz0_0p05,naive,har,4795,4774,21
NKX,fz0_0p05,naive,lgbm,4795,4774,21
NKX,fz0_0p05,naive,moirai,4795,4774,21
NKX,fz0_0p05,naive,naive,4795,4795,0
NKX,fz0_0p05,naive,patchtst,4795,4774,21
NKX,fz0_0p05,naive,timesfm,4795,4774,21
NKX,fz0_0p05,patchtst,autoarima,4795,4774,21
NKX,fz0_0p05,patchtst,autoets,4795,4774,21
NKX,fz0_0p05,patchtst,chronos,4795,4774,21
NKX,fz0_0p05,patchtst,ewma,4795,4774,21
NKX,fz0_0p05,patchtst,garch11,4795,4774,21
NKX,fz0_0p05,patchtst,garch11_t,4795,4774,21
NKX,fz0_0p05,patchtst,gjr,4795,4774,21
NKX,fz0_0p05,patchtst,har,4795,4774,21
NKX,fz0_0p05,patchtst,lgbm,4795,4774,21
NKX,fz0_0p05,patchtst,moirai,4795,4774,21
NKX,fz0_0p05,patchtst,naive,4795,4774,21
NKX,fz0_0p05,patchtst,patchtst,4795,4774,21
NKX,fz0_0p05,patchtst,timesfm,4795,4774,21
NKX,fz0_0p05,timesfm,autoarima,4795,4774,21
NKX,fz0_0p05,timesfm,autoets,4795,4774,21
NKX,fz0_0p05,timesfm,chronos,4795,4774,21
NKX,fz0_0p05,timesfm,ewma,4795,4774,21
NKX,fz0_0p05,timesfm,garch11,4795,4774,21
NKX,fz0_0p05,timesfm,garch11_t,4795,4774,21
NKX,fz0_0p05,timesfm,gjr,4795,4774,21
NKX,fz0_0p05,timesfm,har,4795,4774,21
NKX,fz0_0p05,timesfm,lgbm,4795,4774,21
NKX,fz0_0p05,timesfm,moirai,4795,4774,21
NKX,fz0_0p05,timesfm,naive,4795,4774,21
NKX,fz0_0p05,timesfm,patchtst,4795,4774,21
NKX,fz0_0p05,timesfm,timesfm,4795,4774,21
NKX,fz0_avg,autoarima,autoarima,4795,4774,21
NKX,fz0_avg,autoarima,autoets,4795,4774,21
NKX,fz0_avg,autoarima,chronos,4795,4774,21
NKX,fz0_avg,autoarima,ewma,4795,4774,21
NKX,fz0_avg,autoarima,garch11,4795,4774,21
NKX,fz0_avg,autoarima,garch11_t,4795,4774,21
NKX,fz0_avg,autoarima,gjr,4795,4774,21
NKX,fz0_avg,autoarima,har,4795,4774,21
NKX,fz0_avg,autoarima,lgbm,4795,4774,21
NKX,fz0_avg,autoarima,moirai,4795,4774,21
NKX,fz0_avg,autoarima,naive,4795,4774,21
NKX,fz0_avg,autoarima,patchtst,4795,4774,21
NKX,fz0_avg,autoarima,timesfm,4795,4774,21
NKX,fz0_avg,autoets,autoarima,4795,4774,21
NKX,fz0_avg,autoets,autoets,4795,4774,21
NKX,fz0_avg,autoets,chronos,4795,4774,21
NKX,fz0_avg,autoets,ewma,4795,4774,21
NKX,fz0_avg,autoets,garch11,4795,4774,21
NKX,fz0_avg,autoets,garch11_t,4795,4774,21
NKX,fz0_avg,autoets,gjr,4795,4774,21
NKX,fz0_avg,autoets,har,4795,4774,21
NKX,fz0_avg,autoets,lgbm,4795,4774,21
NKX,fz0_avg,autoets,moirai,4795,4774,21
NKX,fz0_avg,autoets,naive,4795,4774,21
NKX,fz0_avg,autoets,patchtst,4795,4774,21
NKX,fz0_avg,autoets,timesfm,4795,4774,21
NKX,fz0_avg,chronos,autoarima,4795,4774,21
NKX,fz0_avg,chronos,autoets,4795,4774,21
NKX,fz0_avg,chronos,chronos,4795,4774,21
NKX,fz0_avg,chronos,ewma,4795,4774,21
NKX,fz0_avg,chronos,garch11,4795,4774,21
NKX,fz0_avg,chronos,garch11_t,4795,4774,21
NKX,fz0_avg,chronos,gjr,4795,4774,21
NKX,fz0_avg,chronos,har,4795,4774,21
NKX,fz0_avg,chronos,lgbm,4795,4774,21
NKX,fz0_avg,chronos,moirai,4795,4774,21
NKX,fz0_avg,chronos,naive,4795,4774,21
NKX,fz0_avg,chronos,patchtst,4795,4774,21
NKX,fz0_avg,chronos,timesfm,4795,4774,21
NKX,fz0_avg,ewma,autoarima,4795,4774,21
NKX,fz0_avg,ewma,autoets,4795,4774,21
NKX,fz0_avg,ewma,chronos,4795,4774,21
NKX,fz0_avg,ewma,ewma,4795,4795,0
NKX,fz0_avg,ewma,garch11,4795,4795,0
NKX,fz0_avg,ewma,garch11_t,4795,4795,0
NKX,fz0_avg,ewma,gjr,4795,4795,0
NKX,fz0_avg,ewma,har,4795,4774,21
NKX,fz0_avg,ewma,lgbm,4795,4774,21
NKX,fz0_avg,ewma,moirai,4795,4774,21
NKX,fz0_avg,ewma,naive,4795,4795,0
NKX,fz0_avg,ewma,patchtst,4795,4774,21
NKX,fz0_avg,ewma,timesfm,4795,4774,21
NKX,fz0_avg,garch11,autoarima,4795,4774,21
NKX,fz0_avg,garch11,autoets,4795,4774,21
NKX,fz0_avg,garch11,chronos,4795,4774,21
NKX,fz0_avg,garch11,ewma,4795,4795,0
NKX,fz0_avg,garch11,garch11,4795,4795,0
NKX,fz0_avg,garch11,garch11_t,4795,4795,0
NKX,fz0_avg,garch11,gjr,4795,4795,0
NKX,fz0_avg,garch11,har,4795,4774,21
NKX,fz0_avg,garch11,lgbm,4795,4774,21
NKX,fz0_avg,garch11,moirai,4795,4774,21
NKX,fz0_avg,garch11,naive,4795,4795,0
NKX,fz0_avg,garch11,patchtst,4795,4774,21
NKX,fz0_avg,garch11,timesfm,4795,4774,21
NKX,fz0_avg,garch11_t,autoarima,4795,4774,21
NKX,fz0_avg,garch11_t,autoets,4795,4774,21
NKX,fz0_avg,garch11_t,chronos,4795,4774,21
NKX,fz0_avg,garch11_t,ewma,4795,4795,0
NKX,fz0_avg,garch11_t,garch11,4795,4795,0
NKX,fz0_avg,garch11_t,garch11_t,4795,4795,0
NKX,fz0_avg,garch11_t,gjr,4795,4795,0
NKX,fz0_avg,garch11_t,har,4795,4774,21
NKX,fz0_avg,garch11_t,lgbm,4795,4774,21
NKX,fz0_avg,garch11_t,moirai,4795,4774,21
NKX,fz0_avg,garch11_t,naive,4795,4795,0
NKX,fz0_avg,garch11_t,patchtst,4795,4774,21
NKX,fz0_avg,garch11_t,timesfm,4795,4774,21
NKX,fz0_avg,gjr,autoarima,4795,4774,21
NKX,fz0_avg,gjr,autoets,4795,4774,21
NKX,fz0_avg,gjr,chronos,4795,4774,21
NKX,fz0_avg,gjr,ewma,4795,4795,0
NKX,fz0_avg,gjr,garch11,4795,4795,0
NKX,fz0_avg,gjr,garch11_t,4795,4795,0
NKX,fz0_avg,gjr,gjr,4795,4795,0
NKX,fz0_avg,gjr,har,4795,4774,21
NKX,fz0_avg,gjr,lgbm,4795,4774,21
NKX,fz0_avg,gjr,moirai,4795,4774,21
NKX,fz0_avg,gjr,naive,4795,4795,0
NKX,fz0_avg,gjr,patchtst,4795,4774,21
NKX,fz0_avg,gjr,timesfm,4795,4774,21
NKX,fz0_avg,har,autoarima,4795,4774,21
NKX,fz0_avg,har,autoets,4795,4774,21
NKX,fz0_avg,har,chronos,4795,4774,21
NKX,fz0_avg,har,ewma,4795,4774,21
NKX,fz0_avg,har,garch11,4795,4774,21
NKX,fz0_avg,har,garch11_t,4795,4774,21
NKX,fz0_avg,har,gjr,4795,4774,21
NKX,fz0_avg,har,har,4795,4774,21
NKX,fz0_avg,har,lgbm,4795,4774,21
NKX,fz0_avg,har,moirai,4795,4774,21
NKX,fz0_avg,har,naive,4795,4774,21
NKX,fz0_avg,har,patchtst,4795,4774,21
NKX,fz0_avg,har,timesfm,4795,4774,21
NKX,fz0_avg,lgbm,autoarima,4795,4774,21
NKX,fz0_avg,lgbm,autoets,4795,4774,21
NKX,fz0_avg,lgbm,chronos,4795,4774,21
NKX,fz0_avg,lgbm,ewma,4795,4774,21
NKX,fz0_avg,lgbm,garch11,4795,4774,21
NKX,fz0_avg,lgbm,garch11_t,4795,4774,21
NKX,fz0_avg,lgbm,gjr,4795,4774,21
NKX,fz0_avg,lgbm,har,4795,4774,21
NKX,fz0_avg,lgbm,lgbm,4795,4774,21
NKX,fz0_avg,lgbm,moirai,4795,4774,21
NKX,fz0_avg,lgbm,naive,4795,4774,21
NKX,fz0_avg,lgbm,patchtst,4795,4774,21
NKX,fz0_avg,lgbm,timesfm,4795,4774,21
NKX,fz0_avg,moirai,autoarima,4795,4774,21
NKX,fz0_avg,moirai,autoets,4795,4774,21
NKX,fz0_avg,moirai,chronos,4795,4774,21
NKX,fz0_avg,moirai,ewma,4795,4774,21
NKX,fz0_avg,moirai,garch11,4795,4774,21
NKX,fz0_avg,moirai,garch11_t,4795,4774,21
NKX,fz0_avg,moirai,gjr,4795,4774,21
NKX,fz0_avg,moirai,har,4795,4774,21
NKX,fz0_avg,moirai,lgbm,4795,4774,21
NKX,fz0_avg,moirai,moirai,4795,4774,21
NKX,fz0_avg,moirai,naive,4795,4774,21
NKX,fz0_avg,moirai,patchtst,4795,4774,21
NKX,fz0_avg,moirai,timesfm,4795,4774,21
NKX,fz0_avg,naive,autoarima,4795,4774,21
NKX,fz0_avg,naive,autoets,4795,4774,21
NKX,fz0_avg,naive,chronos,4795,4774,21
NKX,fz0_avg,naive,ewma,4795,4795,0
NKX,fz0_avg,naive,garch11,4795,4795,0
NKX,fz0_avg,naive,garch11_t,4795,4795,0
NKX,fz0_avg,naive,gjr,4795,4795,0
NKX,fz0_avg,naive,har,4795,4774,21
NKX,fz0_avg,naive,lgbm,4795,4774,21
NKX,fz0_avg,naive,moirai,4795,4774,21
NKX,fz0_avg,naive,naive,4795,4795,0
NKX,fz0_avg,naive,patchtst,4795,4774,21
NKX,fz0_avg,naive,timesfm,4795,4774,21
NKX,fz0_avg,patchtst,autoarima,4795,4774,21
NKX,fz0_avg,patchtst,autoets,4795,4774,21
NKX,fz0_avg,patchtst,chronos,4795,4774,21
NKX,fz0_avg,patchtst,ewma,4795,4774,21
NKX,fz0_avg,patchtst,garch11,4795,4774,21
NKX,fz0_avg,patchtst,garch11_t,4795,4774,21
NKX,fz0_avg,patchtst,gjr,4795,4774,21
NKX,fz0_avg,patchtst,har,4795,4774,21
NKX,fz0_avg,patchtst,lgbm,4795,4774,21
NKX,fz0_avg,patchtst,moirai,4795,4774,21
NKX,fz0_avg,patchtst,naive,4795,4774,21
NKX,fz0_avg,patchtst,patchtst,4795,4774,21
NKX,fz0_avg,patchtst,timesfm,4795,4774,21
NKX,fz0_avg,timesfm,autoarima,4795,4774,21
NKX,fz0_avg,timesfm,autoets,4795,4774,21
NKX,fz0_avg,timesfm,chronos,4795,4774,21
NKX,fz0_avg,timesfm,ewma,4795,4774,21
NKX,fz0_avg,timesfm,garch11,4795,4774,21
NKX,fz0_avg,timesfm,garch11_t,4795,4774,21
NKX,fz0_avg,timesfm,gjr,4795,4774,21
NKX,fz0_avg,timesfm,har,4795,4774,21
NKX,fz0_avg,timesfm,lgbm,4795,4774,21
NKX,fz0_avg,timesfm,moirai,4795,4774,21
NKX,fz0_avg,timesfm,naive,4795,4774,21
NKX,fz0_avg,timesfm,patchtst,4795,4774,21
NKX,fz0_avg,timesfm,timesfm,4795,4774,21
SPY,crps,autoarima,autoarima,4904,4904,0
SPY,crps,autoarima,autoets,4904,4904,0
SPY,crps,autoarima,chronos,4904,4904,0
SPY,crps,autoarima,ewma,4904,4904,0
SPY,crps,autoarima,garch11,4904,4904,0
SPY,crps,autoarima,garch11_t,4904,4904,0
SPY,crps,autoarima,gjr,4904,4904,0
SPY,crps,autoarima,har,4904,4904,0
SPY,crps,autoarima,lgbm,4904,4904,0
SPY,crps,autoarima,moirai,4904,4904,0
SPY,crps,autoarima,naive,4904,4904,0
SPY,crps,autoarima,patchtst,4904,4904,0
SPY,crps,autoarima,timesfm,4904,4904,0
SPY,crps,autoets,autoarima,4904,4904,0
SPY,crps,autoets,autoets,4904,4904,0
SPY,crps,autoets,chronos,4904,4904,0
SPY,crps,autoets,ewma,4904,4904,0
SPY,crps,autoets,garch11,4904,4904,0
SPY,crps,autoets,garch11_t,4904,4904,0
SPY,crps,autoets,gjr,4904,4904,0
SPY,crps,autoets,har,4904,4904,0
SPY,crps,autoets,lgbm,4904,4904,0
SPY,crps,autoets,moirai,4904,4904,0
SPY,crps,autoets,naive,4904,4904,0
SPY,crps,autoets,patchtst,4904,4904,0
SPY,crps,autoets,timesfm,4904,4904,0
SPY,crps,chronos,autoarima,4904,4904,0
SPY,crps,chronos,autoets,4904,4904,0
SPY,crps,chronos,chronos,4904,4904,0
SPY,crps,chronos,ewma,4904,4904,0
SPY,crps,chronos,garch11,4904,4904,0
SPY,crps,chronos,garch11_t,4904,4904,0
SPY,crps,chronos,gjr,4904,4904,0
SPY,crps,chronos,har,4904,4904,0
SPY,crps,chronos,lgbm,4904,4904,0
SPY,crps,chronos,moirai,4904,4904,0
SPY,crps,chronos,naive,4904,4904,0
SPY,crps,chronos,patchtst,4904,4904,0
SPY,crps,chronos,timesfm,4904,4904,0
SPY,crps,ewma,autoarima,4904,4904,0
SPY,crps,ewma,autoets,4904,4904,0
SPY,crps,ewma,chronos,4904,4904,0
SPY,crps,ewma,ewma,4904,4904,0
SPY,crps,ewma,garch11,4904,4904,0
SPY,crps,ewma,garch11_t,4904,4904,0
SPY,crps,ewma,gjr,4904,4904,0
SPY,crps,ewma,har,4904,4904,0
SPY,crps,ewma,lgbm,4904,4904,0
SPY,crps,ewma,moirai,4904,4904,0
SPY,crps,ewma,naive,4904,4904,0
SPY,crps,ewma,patchtst,4904,4904,0
SPY,crps,ewma,timesfm,4904,4904,0
SPY,crps,garch11,autoarima,4904,4904,0
SPY,crps,garch11,autoets,4904,4904,0
SPY,crps,garch11,chronos,4904,4904,0
SPY,crps,garch11,ewma,4904,4904,0
SPY,crps,garch11,garch11,4904,4904,0
SPY,crps,garch11,garch11_t,4904,4904,0
SPY,crps,garch11,gjr,4904,4904,0
SPY,crps,garch11,har,4904,4904,0
SPY,crps,garch11,lgbm,4904,4904,0
SPY,crps,garch11,moirai,4904,4904,0
SPY,crps,garch11,naive,4904,4904,0
SPY,crps,garch11,patchtst,4904,4904,0
SPY,crps,garch11,timesfm,4904,4904,0
SPY,crps,garch11_t,autoarima,4904,4904,0
SPY,crps,garch11_t,autoets,4904,4904,0
SPY,crps,garch11_t,chronos,4904,4904,0
SPY,crps,garch11_t,ewma,4904,4904,0
SPY,crps,garch11_t,garch11,4904,4904,0
SPY,crps,garch11_t,garch11_t,4904,4904,0
SPY,crps,garch11_t,gjr,4904,4904,0
SPY,crps,garch11_t,har,4904,4904,0
SPY,crps,garch11_t,lgbm,4904,4904,0
SPY,crps,garch11_t,moirai,4904,4904,0
SPY,crps,garch11_t,naive,4904,4904,0
SPY,crps,garch11_t,patchtst,4904,4904,0
SPY,crps,garch11_t,timesfm,4904,4904,0
SPY,crps,gjr,autoarima,4904,4904,0
SPY,crps,gjr,autoets,4904,4904,0
SPY,crps,gjr,chronos,4904,4904,0
SPY,crps,gjr,ewma,4904,4904,0
SPY,crps,gjr,garch11,4904,4904,0
SPY,crps,gjr,garch11_t,4904,4904,0
SPY,crps,gjr,gjr,4904,4904,0
SPY,crps,gjr,har,4904,4904,0
SPY,crps,gjr,lgbm,4904,4904,0
SPY,crps,gjr,moirai,4904,4904,0
SPY,crps,gjr,naive,4904,4904,0
SPY,crps,gjr,patchtst,4904,4904,0
SPY,crps,gjr,timesfm,4904,4904,0
SPY,crps,har,autoarima,4904,4904,0
SPY,crps,har,autoets,4904,4904,0
SPY,crps,har,chronos,4904,4904,0
SPY,crps,har,ewma,4904,4904,0
SPY,crps,har,garch11,4904,4904,0
SPY,crps,har,garch11_t,4904,4904,0
SPY,crps,har,gjr,4904,4904,0
SPY,crps,har,har,4904,4904,0
SPY,crps,har,lgbm,4904,4904,0
SPY,crps,har,moirai,4904,4904,0
SPY,crps,har,naive,4904,4904,0
SPY,crps,har,patchtst,4904,4904,0
SPY,crps,har,timesfm,4904,4904,0
SPY,crps,lgbm,autoarima,4904,4904,0
SPY,crps,lgbm,autoets,4904,4904,0
SPY,crps,lgbm,chronos,4904,4904,0
SPY,crps,lgbm,ewma,4904,4904,0
SPY,crps,lgbm,garch11,4904,4904,0
SPY,crps,lgbm,garch11_t,4904,4904,0
SPY,crps,lgbm,gjr,4904,4904,0
SPY,crps,lgbm,har,4904,4904,0
SPY,crps,lgbm,lgbm,4904,4904,0
SPY,crps,lgbm,moirai,4904,4904,0
SPY,crps,lgbm,naive,4904,4904,0
SPY,crps,lgbm,patchtst,4904,4904,0
SPY,crps,lgbm,timesfm,4904,4904,0
SPY,crps,moirai,autoarima,4904,4904,0
SPY,crps,moirai,autoets,4904,4904,0
SPY,crps,moirai,chronos,4904,4904,0
SPY,crps,moirai,ewma,4904,4904,0
SPY,crps,moirai,garch11,4904,4904,0
SPY,crps,moirai,garch11_t,4904,4904,0
SPY,crps,moirai,gjr,4904,4904,0
SPY,crps,moirai,har,4904,4904,0
SPY,crps,moirai,lgbm,4904,4904,0
SPY,crps,moirai,moirai,4904,4904,0
SPY,crps,moirai,naive,4904,4904,0
SPY,crps,moirai,patchtst,4904,4904,0
SPY,crps,moirai,timesfm,4904,4904,0
SPY,crps,naive,autoarima,4904,4904,0
SPY,crps,naive,autoets,4904,4904,0
SPY,crps,naive,chronos,4904,4904,0
SPY,crps,naive,ewma,4904,4904,0
SPY,crps,naive,garch11,4904,4904,0
SPY,crps,naive,garch11_t,4904,4904,0
SPY,crps,naive,gjr,4904,4904,0
SPY,crps,naive,har,4904,4904,0
SPY,crps,naive,lgbm,4904,4904,0
SPY,crps,naive,moirai,4904,4904,0
SPY,crps,naive,naive,4904,4904,0
SPY,crps,naive,patchtst,4904,4904,0
SPY,crps,naive,timesfm,4904,4904,0
SPY,crps,patchtst,autoarima,4904,4904,0
SPY,crps,patchtst,autoets,4904,4904,0
SPY,crps,patchtst,chronos,4904,4904,0
SPY,crps,patchtst,ewma,4904,4904,0
SPY,crps,patchtst,garch11,4904,4904,0
SPY,crps,patchtst,garch11_t,4904,4904,0
SPY,crps,patchtst,gjr,4904,4904,0
SPY,crps,patchtst,har,4904,4904,0
SPY,crps,patchtst,lgbm,4904,4904,0
SPY,crps,patchtst,moirai,4904,4904,0
SPY,crps,patchtst,naive,4904,4904,0
SPY,crps,patchtst,patchtst,4904,4904,0
SPY,crps,patchtst,timesfm,4904,4904,0
SPY,crps,timesfm,autoarima,4904,4904,0
SPY,crps,timesfm,autoets,4904,4904,0
SPY,crps,timesfm,chronos,4904,4904,0
SPY,crps,timesfm,ewma,4904,4904,0
SPY,crps,timesfm,garch11,4904,4904,0
SPY,crps,timesfm,garch11_t,4904,4904,0
SPY,crps,timesfm,gjr,4904,4904,0
SPY,crps,timesfm,har,4904,4904,0
SPY,crps,timesfm,lgbm,4904,4904,0
SPY,crps,timesfm,moirai,4904,4904,0
SPY,crps,timesfm,naive,4904,4904,0
SPY,crps,timesfm,patchtst,4904,4904,0
SPY,crps,timesfm,timesfm,4904,4904,0
SPY,log_score,autoarima,autoarima,4904,4904,0
SPY,log_score,autoarima,autoets,4904,4904,0
SPY,log_score,autoarima,chronos,4904,4904,0
SPY,log_score,autoarima,ewma,4904,4904,0
SPY,log_score,autoarima,garch11,4904,4904,0
SPY,log_score,autoarima,garch11_t,4904,4904,0
SPY,log_score,autoarima,gjr,4904,4904,0
SPY,log_score,autoarima,har,4904,4904,0
SPY,log_score,autoarima,lgbm,4904,4904,0
SPY,log_score,autoarima,moirai,4904,4904,0
SPY,log_score,autoarima,naive,4904,4904,0
SPY,log_score,autoarima,patchtst,4904,4904,0
SPY,log_score,autoarima,timesfm,4904,4904,0
SPY,log_score,autoets,autoarima,4904,4904,0
SPY,log_score,autoets,autoets,4904,4904,0
SPY,log_score,autoets,chronos,4904,4904,0
SPY,log_score,autoets,ewma,4904,4904,0
SPY,log_score,autoets,garch11,4904,4904,0
SPY,log_score,autoets,garch11_t,4904,4904,0
SPY,log_score,autoets,gjr,4904,4904,0
SPY,log_score,autoets,har,4904,4904,0
SPY,log_score,autoets,lgbm,4904,4904,0
SPY,log_score,autoets,moirai,4904,4904,0
SPY,log_score,autoets,naive,4904,4904,0
SPY,log_score,autoets,patchtst,4904,4904,0
SPY,log_score,autoets,timesfm,4904,4904,0
SPY,log_score,chronos,autoarima,4904,4904,0
SPY,log_score,chronos,autoets,4904,4904,0
SPY,log_score,chronos,chronos,4904,4904,0
SPY,log_score,chronos,ewma,4904,4904,0
SPY,log_score,chronos,garch11,4904,4904,0
SPY,log_score,chronos,garch11_t,4904,4904,0
SPY,log_score,chronos,gjr,4904,4904,0
SPY,log_score,chronos,har,4904,4904,0
SPY,log_score,chronos,lgbm,4904,4904,0
SPY,log_score,chronos,moirai,4904,4904,0
SPY,log_score,chronos,naive,4904,4904,0
SPY,log_score,chronos,patchtst,4904,4904,0
SPY,log_score,chronos,timesfm,4904,4904,0
SPY,log_score,ewma,autoarima,4904,4904,0
SPY,log_score,ewma,autoets,4904,4904,0
SPY,log_score,ewma,chronos,4904,4904,0
SPY,log_score,ewma,ewma,4904,4904,0
SPY,log_score,ewma,garch11,4904,4904,0
SPY,log_score,ewma,garch11_t,4904,4904,0
SPY,log_score,ewma,gjr,4904,4904,0
SPY,log_score,ewma,har,4904,4904,0
SPY,log_score,ewma,lgbm,4904,4904,0
SPY,log_score,ewma,moirai,4904,4904,0
SPY,log_score,ewma,naive,4904,4904,0
SPY,log_score,ewma,patchtst,4904,4904,0
SPY,log_score,ewma,timesfm,4904,4904,0
SPY,log_score,garch11,autoarima,4904,4904,0
SPY,log_score,garch11,autoets,4904,4904,0
SPY,log_score,garch11,chronos,4904,4904,0
SPY,log_score,garch11,ewma,4904,4904,0
SPY,log_score,garch11,garch11,4904,4904,0
SPY,log_score,garch11,garch11_t,4904,4904,0
SPY,log_score,garch11,gjr,4904,4904,0
SPY,log_score,garch11,har,4904,4904,0
SPY,log_score,garch11,lgbm,4904,4904,0
SPY,log_score,garch11,moirai,4904,4904,0
SPY,log_score,garch11,naive,4904,4904,0
SPY,log_score,garch11,patchtst,4904,4904,0
SPY,log_score,garch11,timesfm,4904,4904,0
SPY,log_score,garch11_t,autoarima,4904,4904,0
SPY,log_score,garch11_t,autoets,4904,4904,0
SPY,log_score,garch11_t,chronos,4904,4904,0
SPY,log_score,garch11_t,ewma,4904,4904,0
SPY,log_score,garch11_t,garch11,4904,4904,0
SPY,log_score,garch11_t,garch11_t,4904,4904,0
SPY,log_score,garch11_t,gjr,4904,4904,0
SPY,log_score,garch11_t,har,4904,4904,0
SPY,log_score,garch11_t,lgbm,4904,4904,0
SPY,log_score,garch11_t,moirai,4904,4904,0
SPY,log_score,garch11_t,naive,4904,4904,0
SPY,log_score,garch11_t,patchtst,4904,4904,0
SPY,log_score,garch11_t,timesfm,4904,4904,0
SPY,log_score,gjr,autoarima,4904,4904,0
SPY,log_score,gjr,autoets,4904,4904,0
SPY,log_score,gjr,chronos,4904,4904,0
SPY,log_score,gjr,ewma,4904,4904,0
SPY,log_score,gjr,garch11,4904,4904,0
SPY,log_score,gjr,garch11_t,4904,4904,0
SPY,log_score,gjr,gjr,4904,4904,0
SPY,log_score,gjr,har,4904,4904,0
SPY,log_score,gjr,lgbm,4904,4904,0
SPY,log_score,gjr,moirai,4904,4904,0
SPY,log_score,gjr,naive,4904,4904,0
SPY,log_score,gjr,patchtst,4904,4904,0
SPY,log_score,gjr,timesfm,4904,4904,0
SPY,log_score,har,autoarima,4904,4904,0
SPY,log_score,har,autoets,4904,4904,0
SPY,log_score,har,chronos,4904,4904,0
SPY,log_score,har,ewma,4904,4904,0
SPY,log_score,har,garch11,4904,4904,0
SPY,log_score,har,garch11_t,4904,4904,0
SPY,log_score,har,gjr,4904,4904,0
SPY,log_score,har,har,4904,4904,0
SPY,log_score,har,lgbm,4904,4904,0
SPY,log_score,har,moirai,4904,4904,0
SPY,log_score,har,naive,4904,4904,0
SPY,log_score,har,patchtst,4904,4904,0
SPY,log_score,har,timesfm,4904,4904,0
SPY,log_score,lgbm,autoarima,4904,4904,0
SPY,log_score,lgbm,autoets,4904,4904,0
SPY,log_score,lgbm,chronos,4904,4904,0
SPY,log_score,lgbm,ewma,4904,4904,0
SPY,log_score,lgbm,garch11,4904,4904,0
SPY,log_score,lgbm,garch11_t,4904,4904,0
SPY,log_score,lgbm,gjr,4904,4904,0
SPY,log_score,lgbm,har,4904,4904,0
SPY,log_score,lgbm,lgbm,4904,4904,0
SPY,log_score,lgbm,moirai,4904,4904,0
SPY,log_score,lgbm,naive,4904,4904,0
SPY,log_score,lgbm,patchtst,4904,4904,0
SPY,log_score,lgbm,timesfm,4904,4904,0
SPY,log_score,moirai,autoarima,4904,4904,0
SPY,log_score,moirai,autoets,4904,4904,0
SPY,log_score,moirai,chronos,4904,4904,0
SPY,log_score,moirai,ewma,4904,4904,0
SPY,log_score,moirai,garch11,4904,4904,0
SPY,log_score,moirai,garch11_t,4904,4904,0
SPY,log_score,moirai,gjr,4904,4904,0
SPY,log_score,moirai,har,4904,4904,0
SPY,log_score,moirai,lgbm,4904,4904,0
SPY,log_score,moirai,moirai,4904,4904,0
SPY,log_score,moirai,naive,4904,4904,0
SPY,log_score,moirai,patchtst,4904,4904,0
SPY,log_score,moirai,timesfm,4904,4904,0
SPY,log_score,naive,autoarima,4904,4904,0
SPY,log_score,naive,autoets,4904,4904,0
SPY,log_score,naive,chronos,4904,4904,0
SPY,log_score,naive,ewma,4904,4904,0
SPY,log_score,naive,garch11,4904,4904,0
SPY,log_score,naive,garch11_t,4904,4904,0
SPY,log_score,naive,gjr,4904,4904,0
SPY,log_score,naive,har,4904,4904,0
SPY,log_score,naive,lgbm,4904,4904,0
SPY,log_score,naive,moirai,4904,4904,0
SPY,log_score,naive,naive,4904,4904,0
SPY,log_score,naive,patchtst,4904,4904,0
SPY,log_score,naive,timesfm,4904,4904,0
SPY,log_score,patchtst,autoarima,4904,4904,0
SPY,log_score,patchtst,autoets,4904,4904,0
SPY,log_score,patchtst,chronos,4904,4904,0
SPY,log_score,patchtst,ewma,4904,4904,0
SPY,log_score,patchtst,garch11,4904,4904,0
SPY,log_score,patchtst,garch11_t,4904,4904,0
SPY,log_score,patchtst,gjr,4904,4904,0
SPY,log_score,patchtst,har,4904,4904,0
SPY,log_score,patchtst,lgbm,4904,4904,0
SPY,log_score,patchtst,moirai,4904,4904,0
SPY,log_score,patchtst,naive,4904,4904,0
SPY,log_score,patchtst,patchtst,4904,4904,0
SPY,log_score,patchtst,timesfm,4904,4904,0
SPY,log_score,timesfm,autoarima,4904,4904,0
SPY,log_score,timesfm,autoets,4904,4904,0
SPY,log_score,timesfm,chronos,4904,4904,0
SPY,log_score,timesfm,ewma,4904,4904,0
SPY,log_score,timesfm,garch11,4904,4904,0
SPY,log_score,timesfm,garch11_t,4904,4904,0
SPY,log_score,timesfm,gjr,4904,4904,0
SPY,log_score,timesfm,har,4904,4904,0
SPY,log_score,timesfm,lgbm,4904,4904,0
SPY,log_score,timesfm,moirai,4904,4904,0
SPY,log_score,timesfm,naive,4904,4904,0
SPY,log_score,timesfm,patchtst,4904,4904,0
SPY,log_score,timesfm,timesfm,4904,4904,0
SPY,pinball_0p01,autoarima,autoarima,4904,4904,0
SPY,pinball_0p01,autoarima,autoets,4904,4904,0
SPY,pinball_0p01,autoarima,chronos,4904,4904,0
SPY,pinball_0p01,autoarima,ewma,4904,4904,0
SPY,pinball_0p01,autoarima,garch11,4904,4904,0
SPY,pinball_0p01,autoarima,garch11_t,4904,4904,0
SPY,pinball_0p01,autoarima,gjr,4904,4904,0
SPY,pinball_0p01,autoarima,har,4904,4904,0
SPY,pinball_0p01,autoarima,lgbm,4904,4904,0
SPY,pinball_0p01,autoarima,moirai,4904,4904,0
SPY,pinball_0p01,autoarima,naive,4904,4904,0
SPY,pinball_0p01,autoarima,patchtst,4904,4904,0
SPY,pinball_0p01,autoarima,timesfm,4904,4904,0
SPY,pinball_0p01,autoets,autoarima,4904,4904,0
SPY,pinball_0p01,autoets,autoets,4904,4904,0
SPY,pinball_0p01,autoets,chronos,4904,4904,0
SPY,pinball_0p01,autoets,ewma,4904,4904,0
SPY,pinball_0p01,autoets,garch11,4904,4904,0
SPY,pinball_0p01,autoets,garch11_t,4904,4904,0
SPY,pinball_0p01,autoets,gjr,4904,4904,0
SPY,pinball_0p01,autoets,har,4904,4904,0
SPY,pinball_0p01,autoets,lgbm,4904,4904,0
SPY,pinball_0p01,autoets,moirai,4904,4904,0
SPY,pinball_0p01,autoets,naive,4904,4904,0
SPY,pinball_0p01,autoets,patchtst,4904,4904,0
SPY,pinball_0p01,autoets,timesfm,4904,4904,0
SPY,pinball_0p01,chronos,autoarima,4904,4904,0
SPY,pinball_0p01,chronos,autoets,4904,4904,0
SPY,pinball_0p01,chronos,chronos,4904,4904,0
SPY,pinball_0p01,chronos,ewma,4904,4904,0
SPY,pinball_0p01,chronos,garch11,4904,4904,0
SPY,pinball_0p01,chronos,garch11_t,4904,4904,0
SPY,pinball_0p01,chronos,gjr,4904,4904,0
SPY,pinball_0p01,chronos,har,4904,4904,0
SPY,pinball_0p01,chronos,lgbm,4904,4904,0
SPY,pinball_0p01,chronos,moirai,4904,4904,0
SPY,pinball_0p01,chronos,naive,4904,4904,0
SPY,pinball_0p01,chronos,patchtst,4904,4904,0
SPY,pinball_0p01,chronos,timesfm,4904,4904,0
SPY,pinball_0p01,ewma,autoarima,4904,4904,0
SPY,pinball_0p01,ewma,autoets,4904,4904,0
SPY,pinball_0p01,ewma,chronos,4904,4904,0
SPY,pinball_0p01,ewma,ewma,4904,4904,0
SPY,pinball_0p01,ewma,garch11,4904,4904,0
SPY,pinball_0p01,ewma,garch11_t,4904,4904,0
SPY,pinball_0p01,ewma,gjr,4904,4904,0
SPY,pinball_0p01,ewma,har,4904,4904,0
SPY,pinball_0p01,ewma,lgbm,4904,4904,0
SPY,pinball_0p01,ewma,moirai,4904,4904,0
SPY,pinball_0p01,ewma,naive,4904,4904,0
SPY,pinball_0p01,ewma,patchtst,4904,4904,0
SPY,pinball_0p01,ewma,timesfm,4904,4904,0
SPY,pinball_0p01,garch11,autoarima,4904,4904,0
SPY,pinball_0p01,garch11,autoets,4904,4904,0
SPY,pinball_0p01,garch11,chronos,4904,4904,0
SPY,pinball_0p01,garch11,ewma,4904,4904,0
SPY,pinball_0p01,garch11,garch11,4904,4904,0
SPY,pinball_0p01,garch11,garch11_t,4904,4904,0
SPY,pinball_0p01,garch11,gjr,4904,4904,0
SPY,pinball_0p01,garch11,har,4904,4904,0
SPY,pinball_0p01,garch11,lgbm,4904,4904,0
SPY,pinball_0p01,garch11,moirai,4904,4904,0
SPY,pinball_0p01,garch11,naive,4904,4904,0
SPY,pinball_0p01,garch11,patchtst,4904,4904,0
SPY,pinball_0p01,garch11,timesfm,4904,4904,0
SPY,pinball_0p01,garch11_t,autoarima,4904,4904,0
SPY,pinball_0p01,garch11_t,autoets,4904,4904,0
SPY,pinball_0p01,garch11_t,chronos,4904,4904,0
SPY,pinball_0p01,garch11_t,ewma,4904,4904,0
SPY,pinball_0p01,garch11_t,garch11,4904,4904,0
SPY,pinball_0p01,garch11_t,garch11_t,4904,4904,0
SPY,pinball_0p01,garch11_t,gjr,4904,4904,0
SPY,pinball_0p01,garch11_t,har,4904,4904,0
SPY,pinball_0p01,garch11_t,lgbm,4904,4904,0
SPY,pinball_0p01,garch11_t,moirai,4904,4904,0
SPY,pinball_0p01,garch11_t,naive,4904,4904,0
SPY,pinball_0p01,garch11_t,patchtst,4904,4904,0
SPY,pinball_0p01,garch11_t,timesfm,4904,4904,0
SPY,pinball_0p01,gjr,autoarima,4904,4904,0
SPY,pinball_0p01,gjr,autoets,4904,4904,0
SPY,pinball_0p01,gjr,chronos,4904,4904,0
SPY,pinball_0p01,gjr,ewma,4904,4904,0
SPY,pinball_0p01,gjr,garch11,4904,4904,0
SPY,pinball_0p01,gjr,garch11_t,4904,4904,0
SPY,pinball_0p01,gjr,gjr,4904,4904,0
SPY,pinball_0p01,gjr,har,4904,4904,0
SPY,pinball_0p01,gjr,lgbm,4904,4904,0
SPY,pinball_0p01,gjr,moirai,4904,4904,0
SPY,pinball_0p01,gjr,naive,4904,4904,0
SPY,pinball_0p01,gjr,patchtst,4904,4904,0
SPY,pinball_0p01,gjr,timesfm,4904,4904,0
SPY,pinball_0p01,har,autoarima,4904,4904,0
SPY,pinball_0p01,har,autoets,4904,4904,0
SPY,pinball_0p01,har,chronos,4904,4904,0
SPY,pinball_0p01,har,ewma,4904,4904,0
SPY,pinball_0p01,har,garch11,4904,4904,0
SPY,pinball_0p01,har,garch11_t,4904,4904,0
SPY,pinball_0p01,har,gjr,4904,4904,0
SPY,pinball_0p01,har,har,4904,4904,0
SPY,pinball_0p01,har,lgbm,4904,4904,0
SPY,pinball_0p01,har,moirai,4904,4904,0
SPY,pinball_0p01,har,naive,4904,4904,0
SPY,pinball_0p01,har,patchtst,4904,4904,0
SPY,pinball_0p01,har,timesfm,4904,4904,0
SPY,pinball_0p01,lgbm,autoarima,4904,4904,0
SPY,pinball_0p01,lgbm,autoets,4904,4904,0
SPY,pinball_0p01,lgbm,chronos,4904,4904,0
SPY,pinball_0p01,lgbm,ewma,4904,4904,0
SPY,pinball_0p01,lgbm,garch11,4904,4904,0
SPY,pinball_0p01,lgbm,garch11_t,4904,4904,0
SPY,pinball_0p01,lgbm,gjr,4904,4904,0
SPY,pinball_0p01,lgbm,har,4904,4904,0
SPY,pinball_0p01,lgbm,lgbm,4904,4904,0
SPY,pinball_0p01,lgbm,moirai,4904,4904,0
SPY,pinball_0p01,lgbm,naive,4904,4904,0
SPY,pinball_0p01,lgbm,patchtst,4904,4904,0
SPY,pinball_0p01,lgbm,timesfm,4904,4904,0
SPY,pinball_0p01,moirai,autoarima,4904,4904,0
SPY,pinball_0p01,moirai,autoets,4904,4904,0
SPY,pinball_0p01,moirai,chronos,4904,4904,0
SPY,pinball_0p01,moirai,ewma,4904,4904,0
SPY,pinball_0p01,moirai,garch11,4904,4904,0
SPY,pinball_0p01,moirai,garch11_t,4904,4904,0
SPY,pinball_0p01,moirai,gjr,4904,4904,0
SPY,pinball_0p01,moirai,har,4904,4904,0
SPY,pinball_0p01,moirai,lgbm,4904,4904,0
SPY,pinball_0p01,moirai,moirai,4904,4904,0
SPY,pinball_0p01,moirai,naive,4904,4904,0
SPY,pinball_0p01,moirai,patchtst,4904,4904,0
SPY,pinball_0p01,moirai,timesfm,4904,4904,0
SPY,pinball_0p01,naive,autoarima,4904,4904,0
SPY,pinball_0p01,naive,autoets,4904,4904,0
SPY,pinball_0p01,naive,chronos,4904,4904,0
SPY,pinball_0p01,naive,ewma,4904,4904,0
SPY,pinball_0p01,naive,garch11,4904,4904,0
SPY,pinball_0p01,naive,garch11_t,4904,4904,0
SPY,pinball_0p01,naive,gjr,4904,4904,0
SPY,pinball_0p01,naive,har,4904,4904,0
SPY,pinball_0p01,naive,lgbm,4904,4904,0
SPY,pinball_0p01,naive,moirai,4904,4904,0
SPY,pinball_0p01,naive,naive,4904,4904,0
SPY,pinball_0p01,naive,patchtst,4904,4904,0
SPY,pinball_0p01,naive,timesfm,4904,4904,0
SPY,pinball_0p01,patchtst,autoarima,4904,4904,0
SPY,pinball_0p01,patchtst,autoets,4904,4904,0
SPY,pinball_0p01,patchtst,chronos,4904,4904,0
SPY,pinball_0p01,patchtst,ewma,4904,4904,0
SPY,pinball_0p01,patchtst,garch11,4904,4904,0
SPY,pinball_0p01,patchtst,garch11_t,4904,4904,0
SPY,pinball_0p01,patchtst,gjr,4904,4904,0
SPY,pinball_0p01,patchtst,har,4904,4904,0
SPY,pinball_0p01,patchtst,lgbm,4904,4904,0
SPY,pinball_0p01,patchtst,moirai,4904,4904,0
SPY,pinball_0p01,patchtst,naive,4904,4904,0
SPY,pinball_0p01,patchtst,patchtst,4904,4904,0
SPY,pinball_0p01,patchtst,timesfm,4904,4904,0
SPY,pinball_0p01,timesfm,autoarima,4904,4904,0
SPY,pinball_0p01,timesfm,autoets,4904,4904,0
SPY,pinball_0p01,timesfm,chronos,4904,4904,0
SPY,pinball_0p01,timesfm,ewma,4904,4904,0
SPY,pinball_0p01,timesfm,garch11,4904,4904,0
SPY,pinball_0p01,timesfm,garch11_t,4904,4904,0
SPY,pinball_0p01,timesfm,gjr,4904,4904,0
SPY,pinball_0p01,timesfm,har,4904,4904,0
SPY,pinball_0p01,timesfm,lgbm,4904,4904,0
SPY,pinball_0p01,timesfm,moirai,4904,4904,0
SPY,pinball_0p01,timesfm,naive,4904,4904,0
SPY,pinball_0p01,timesfm,patchtst,4904,4904,0
SPY,pinball_0p01,timesfm,timesfm,4904,4904,0
SPY,pinball_0p025,autoarima,autoarima,4904,4904,0
SPY,pinball_0p025,autoarima,autoets,4904,4904,0
SPY,pinball_0p025,autoarima,chronos,4904,4904,0
SPY,pinball_0p025,autoarima,ewma,4904,4904,0
SPY,pinball_0p025,autoarima,garch11,4904,4904,0
SPY,pinball_0p025,autoarima,garch11_t,4904,4904,0
SPY,pinball_0p025,autoarima,gjr,4904,4904,0
SPY,pinball_0p025,autoarima,har,4904,4904,0
SPY,pinball_0p025,autoarima,lgbm,4904,4904,0
SPY,pinball_0p025,autoarima,moirai,4904,4904,0
SPY,pinball_0p025,autoarima,naive,4904,4904,0
SPY,pinball_0p025,autoarima,patchtst,4904,4904,0
SPY,pinball_0p025,autoarima,timesfm,4904,4904,0
SPY,pinball_0p025,autoets,autoarima,4904,4904,0
SPY,pinball_0p025,autoets,autoets,4904,4904,0
SPY,pinball_0p025,autoets,chronos,4904,4904,0
SPY,pinball_0p025,autoets,ewma,4904,4904,0
SPY,pinball_0p025,autoets,garch11,4904,4904,0
SPY,pinball_0p025,autoets,garch11_t,4904,4904,0
SPY,pinball_0p025,autoets,gjr,4904,4904,0
SPY,pinball_0p025,autoets,har,4904,4904,0
SPY,pinball_0p025,autoets,lgbm,4904,4904,0
SPY,pinball_0p025,autoets,moirai,4904,4904,0
SPY,pinball_0p025,autoets,naive,4904,4904,0
SPY,pinball_0p025,autoets,patchtst,4904,4904,0
SPY,pinball_0p025,autoets,timesfm,4904,4904,0
SPY,pinball_0p025,chronos,autoarima,4904,4904,0
SPY,pinball_0p025,chronos,autoets,4904,4904,0
SPY,pinball_0p025,chronos,chronos,4904,4904,0
SPY,pinball_0p025,chronos,ewma,4904,4904,0
SPY,pinball_0p025,chronos,garch11,4904,4904,0
SPY,pinball_0p025,chronos,garch11_t,4904,4904,0
SPY,pinball_0p025,chronos,gjr,4904,4904,0
SPY,pinball_0p025,chronos,har,4904,4904,0
SPY,pinball_0p025,chronos,lgbm,4904,4904,0
SPY,pinball_0p025,chronos,moirai,4904,4904,0
SPY,pinball_0p025,chronos,naive,4904,4904,0
SPY,pinball_0p025,chronos,patchtst,4904,4904,0
SPY,pinball_0p025,chronos,timesfm,4904,4904,0
SPY,pinball_0p025,ewma,autoarima,4904,4904,0
SPY,pinball_0p025,ewma,autoets,4904,4904,0
SPY,pinball_0p025,ewma,chronos,4904,4904,0
SPY,pinball_0p025,ewma,ewma,4904,4904,0
SPY,pinball_0p025,ewma,garch11,4904,4904,0
SPY,pinball_0p025,ewma,garch11_t,4904,4904,0
SPY,pinball_0p025,ewma,gjr,4904,4904,0
SPY,pinball_0p025,ewma,har,4904,4904,0
SPY,pinball_0p025,ewma,lgbm,4904,4904,0
SPY,pinball_0p025,ewma,moirai,4904,4904,0
SPY,pinball_0p025,ewma,naive,4904,4904,0
SPY,pinball_0p025,ewma,patchtst,4904,4904,0
SPY,pinball_0p025,ewma,timesfm,4904,4904,0
SPY,pinball_0p025,garch11,autoarima,4904,4904,0
SPY,pinball_0p025,garch11,autoets,4904,4904,0
SPY,pinball_0p025,garch11,chronos,4904,4904,0
SPY,pinball_0p025,garch11,ewma,4904,4904,0
SPY,pinball_0p025,garch11,garch11,4904,4904,0
SPY,pinball_0p025,garch11,garch11_t,4904,4904,0
SPY,pinball_0p025,garch11,gjr,4904,4904,0
SPY,pinball_0p025,garch11,har,4904,4904,0
SPY,pinball_0p025,garch11,lgbm,4904,4904,0
SPY,pinball_0p025,garch11,moirai,4904,4904,0
SPY,pinball_0p025,garch11,naive,4904,4904,0
SPY,pinball_0p025,garch11,patchtst,4904,4904,0
SPY,pinball_0p025,garch11,timesfm,4904,4904,0
SPY,pinball_0p025,garch11_t,autoarima,4904,4904,0
SPY,pinball_0p025,garch11_t,autoets,4904,4904,0
SPY,pinball_0p025,garch11_t,chronos,4904,4904,0
SPY,pinball_0p025,garch11_t,ewma,4904,4904,0
SPY,pinball_0p025,garch11_t,garch11,4904,4904,0
SPY,pinball_0p025,garch11_t,garch11_t,4904,4904,0
SPY,pinball_0p025,garch11_t,gjr,4904,4904,0
SPY,pinball_0p025,garch11_t,har,4904,4904,0
SPY,pinball_0p025,garch11_t,lgbm,4904,4904,0
SPY,pinball_0p025,garch11_t,moirai,4904,4904,0
SPY,pinball_0p025,garch11_t,naive,4904,4904,0
SPY,pinball_0p025,garch11_t,patchtst,4904,4904,0
SPY,pinball_0p025,garch11_t,timesfm,4904,4904,0
SPY,pinball_0p025,gjr,autoarima,4904,4904,0
SPY,pinball_0p025,gjr,autoets,4904,4904,0
SPY,pinball_0p025,gjr,chronos,4904,4904,0
SPY,pinball_0p025,gjr,ewma,4904,4904,0
SPY,pinball_0p025,gjr,garch11,4904,4904,0
SPY,pinball_0p025,gjr,garch11_t,4904,4904,0
SPY,pinball_0p025,gjr,gjr,4904,4904,0
SPY,pinball_0p025,gjr,har,4904,4904,0
SPY,pinball_0p025,gjr,lgbm,4904,4904,0
SPY,pinball_0p025,gjr,moirai,4904,4904,0
SPY,pinball_0p025,gjr,naive,4904,4904,0
SPY,pinball_0p025,gjr,patchtst,4904,4904,0
SPY,pinball_0p025,gjr,timesfm,4904,4904,0
SPY,pinball_0p025,har,autoarima,4904,4904,0
SPY,pinball_0p025,har,autoets,4904,4904,0
SPY,pinball_0p025,har,chronos,4904,4904,0
SPY,pinball_0p025,har,ewma,4904,4904,0
SPY,pinball_0p025,har,garch11,4904,4904,0
SPY,pinball_0p025,har,garch11_t,4904,4904,0
SPY,pinball_0p025,har,gjr,4904,4904,0
SPY,pinball_0p025,har,har,4904,4904,0
SPY,pinball_0p025,har,lgbm,4904,4904,0
SPY,pinball_0p025,har,moirai,4904,4904,0
SPY,pinball_0p025,har,naive,4904,4904,0
SPY,pinball_0p025,har,patchtst,4904,4904,0
SPY,pinball_0p025,har,timesfm,4904,4904,0
SPY,pinball_0p025,lgbm,autoarima,4904,4904,0
SPY,pinball_0p025,lgbm,autoets,4904,4904,0
SPY,pinball_0p025,lgbm,chronos,4904,4904,0
SPY,pinball_0p025,lgbm,ewma,4904,4904,0
SPY,pinball_0p025,lgbm,garch11,4904,4904,0
SPY,pinball_0p025,lgbm,garch11_t,4904,4904,0
SPY,pinball_0p025,lgbm,gjr,4904,4904,0
SPY,pinball_0p025,lgbm,har,4904,4904,0
SPY,pinball_0p025,lgbm,lgbm,4904,4904,0
SPY,pinball_0p025,lgbm,moirai,4904,4904,0
SPY,pinball_0p025,lgbm,naive,4904,4904,0
SPY,pinball_0p025,lgbm,patchtst,4904,4904,0
SPY,pinball_0p025,lgbm,timesfm,4904,4904,0
SPY,pinball_0p025,moirai,autoarima,4904,4904,0
SPY,pinball_0p025,moirai,autoets,4904,4904,0
SPY,pinball_0p025,moirai,chronos,4904,4904,0
SPY,pinball_0p025,moirai,ewma,4904,4904,0
SPY,pinball_0p025,moirai,garch11,4904,4904,0
SPY,pinball_0p025,moirai,garch11_t,4904,4904,0
SPY,pinball_0p025,moirai,gjr,4904,4904,0
SPY,pinball_0p025,moirai,har,4904,4904,0
SPY,pinball_0p025,moirai,lgbm,4904,4904,0
SPY,pinball_0p025,moirai,moirai,4904,4904,0
SPY,pinball_0p025,moirai,naive,4904,4904,0
SPY,pinball_0p025,moirai,patchtst,4904,4904,0
SPY,pinball_0p025,moirai,timesfm,4904,4904,0
SPY,pinball_0p025,naive,autoarima,4904,4904,0
SPY,pinball_0p025,naive,autoets,4904,4904,0
SPY,pinball_0p025,naive,chronos,4904,4904,0
SPY,pinball_0p025,naive,ewma,4904,4904,0
SPY,pinball_0p025,naive,garch11,4904,4904,0
SPY,pinball_0p025,naive,garch11_t,4904,4904,0
SPY,pinball_0p025,naive,gjr,4904,4904,0
SPY,pinball_0p025,naive,har,4904,4904,0
SPY,pinball_0p025,naive,lgbm,4904,4904,0
SPY,pinball_0p025,naive,moirai,4904,4904,0
SPY,pinball_0p025,naive,naive,4904,4904,0
SPY,pinball_0p025,naive,patchtst,4904,4904,0
SPY,pinball_0p025,naive,timesfm,4904,4904,0
SPY,pinball_0p025,patchtst,autoarima,4904,4904,0
SPY,pinball_0p025,patchtst,autoets,4904,4904,0
SPY,pinball_0p025,patchtst,chronos,4904,4904,0
SPY,pinball_0p025,patchtst,ewma,4904,4904,0
SPY,pinball_0p025,patchtst,garch11,4904,4904,0
SPY,pinball_0p025,patchtst,garch11_t,4904,4904,0
SPY,pinball_0p025,patchtst,gjr,4904,4904,0
SPY,pinball_0p025,patchtst,har,4904,4904,0
SPY,pinball_0p025,patchtst,lgbm,4904,4904,0
SPY,pinball_0p025,patchtst,moirai,4904,4904,0
SPY,pinball_0p025,patchtst,naive,4904,4904,0
SPY,pinball_0p025,patchtst,patchtst,4904,4904,0
SPY,pinball_0p025,patchtst,timesfm,4904,4904,0
SPY,pinball_0p025,timesfm,autoarima,4904,4904,0
SPY,pinball_0p025,timesfm,autoets,4904,4904,0
SPY,pinball_0p025,timesfm,chronos,4904,4904,0
SPY,pinball_0p025,timesfm,ewma,4904,4904,0
SPY,pinball_0p025,timesfm,garch11,4904,4904,0
SPY,pinball_0p025,timesfm,garch11_t,4904,4904,0
SPY,pinball_0p025,timesfm,gjr,4904,4904,0
SPY,pinball_0p025,timesfm,har,4904,4904,0
SPY,pinball_0p025,timesfm,lgbm,4904,4904,0
SPY,pinball_0p025,timesfm,moirai,4904,4904,0
SPY,pinball_0p025,timesfm,naive,4904,4904,0
SPY,pinball_0p025,timesfm,patchtst,4904,4904,0
SPY,pinball_0p025,timesfm,timesfm,4904,4904,0
SPY,pinball_0p05,autoarima,autoarima,4904,4904,0
SPY,pinball_0p05,autoarima,autoets,4904,4904,0
SPY,pinball_0p05,autoarima,chronos,4904,4904,0
SPY,pinball_0p05,autoarima,ewma,4904,4904,0
SPY,pinball_0p05,autoarima,garch11,4904,4904,0
SPY,pinball_0p05,autoarima,garch11_t,4904,4904,0
SPY,pinball_0p05,autoarima,gjr,4904,4904,0
SPY,pinball_0p05,autoarima,har,4904,4904,0
SPY,pinball_0p05,autoarima,lgbm,4904,4904,0
SPY,pinball_0p05,autoarima,moirai,4904,4904,0
SPY,pinball_0p05,autoarima,naive,4904,4904,0
SPY,pinball_0p05,autoarima,patchtst,4904,4904,0
SPY,pinball_0p05,autoarima,timesfm,4904,4904,0
SPY,pinball_0p05,autoets,autoarima,4904,4904,0
SPY,pinball_0p05,autoets,autoets,4904,4904,0
SPY,pinball_0p05,autoets,chronos,4904,4904,0
SPY,pinball_0p05,autoets,ewma,4904,4904,0
SPY,pinball_0p05,autoets,garch11,4904,4904,0
SPY,pinball_0p05,autoets,garch11_t,4904,4904,0
SPY,pinball_0p05,autoets,gjr,4904,4904,0
SPY,pinball_0p05,autoets,har,4904,4904,0
SPY,pinball_0p05,autoets,lgbm,4904,4904,0
SPY,pinball_0p05,autoets,moirai,4904,4904,0
SPY,pinball_0p05,autoets,naive,4904,4904,0
SPY,pinball_0p05,autoets,patchtst,4904,4904,0
SPY,pinball_0p05,autoets,timesfm,4904,4904,0
SPY,pinball_0p05,chronos,autoarima,4904,4904,0
SPY,pinball_0p05,chronos,autoets,4904,4904,0
SPY,pinball_0p05,chronos,chronos,4904,4904,0
SPY,pinball_0p05,chronos,ewma,4904,4904,0
SPY,pinball_0p05,chronos,garch11,4904,4904,0
SPY,pinball_0p05,chronos,garch11_t,4904,4904,0
SPY,pinball_0p05,chronos,gjr,4904,4904,0
SPY,pinball_0p05,chronos,har,4904,4904,0
SPY,pinball_0p05,chronos,lgbm,4904,4904,0
SPY,pinball_0p05,chronos,moirai,4904,4904,0
SPY,pinball_0p05,chronos,naive,4904,4904,0
SPY,pinball_0p05,chronos,patchtst,4904,4904,0
SPY,pinball_0p05,chronos,timesfm,4904,4904,0
SPY,pinball_0p05,ewma,autoarima,4904,4904,0
SPY,pinball_0p05,ewma,autoets,4904,4904,0
SPY,pinball_0p05,ewma,chronos,4904,4904,0
SPY,pinball_0p05,ewma,ewma,4904,4904,0
SPY,pinball_0p05,ewma,garch11,4904,4904,0
SPY,pinball_0p05,ewma,garch11_t,4904,4904,0
SPY,pinball_0p05,ewma,gjr,4904,4904,0
SPY,pinball_0p05,ewma,har,4904,4904,0
SPY,pinball_0p05,ewma,lgbm,4904,4904,0
SPY,pinball_0p05,ewma,moirai,4904,4904,0
SPY,pinball_0p05,ewma,naive,4904,4904,0
SPY,pinball_0p05,ewma,patchtst,4904,4904,0
SPY,pinball_0p05,ewma,timesfm,4904,4904,0
SPY,pinball_0p05,garch11,autoarima,4904,4904,0
SPY,pinball_0p05,garch11,autoets,4904,4904,0
SPY,pinball_0p05,garch11,chronos,4904,4904,0
SPY,pinball_0p05,garch11,ewma,4904,4904,0
SPY,pinball_0p05,garch11,garch11,4904,4904,0
SPY,pinball_0p05,garch11,garch11_t,4904,4904,0
SPY,pinball_0p05,garch11,gjr,4904,4904,0
SPY,pinball_0p05,garch11,har,4904,4904,0
SPY,pinball_0p05,garch11,lgbm,4904,4904,0
SPY,pinball_0p05,garch11,moirai,4904,4904,0
SPY,pinball_0p05,garch11,naive,4904,4904,0
SPY,pinball_0p05,garch11,patchtst,4904,4904,0
SPY,pinball_0p05,garch11,timesfm,4904,4904,0
SPY,pinball_0p05,garch11_t,autoarima,4904,4904,0
SPY,pinball_0p05,garch11_t,autoets,4904,4904,0
SPY,pinball_0p05,garch11_t,chronos,4904,4904,0
SPY,pinball_0p05,garch11_t,ewma,4904,4904,0
SPY,pinball_0p05,garch11_t,garch11,4904,4904,0
SPY,pinball_0p05,garch11_t,garch11_t,4904,4904,0
SPY,pinball_0p05,garch11_t,gjr,4904,4904,0
SPY,pinball_0p05,garch11_t,har,4904,4904,0
SPY,pinball_0p05,garch11_t,lgbm,4904,4904,0
SPY,pinball_0p05,garch11_t,moirai,4904,4904,0
SPY,pinball_0p05,garch11_t,naive,4904,4904,0
SPY,pinball_0p05,garch11_t,patchtst,4904,4904,0
SPY,pinball_0p05,garch11_t,timesfm,4904,4904,0
SPY,pinball_0p05,gjr,autoarima,4904,4904,0
SPY,pinball_0p05,gjr,autoets,4904,4904,0
SPY,pinball_0p05,gjr,chronos,4904,4904,0
SPY,pinball_0p05,gjr,ewma,4904,4904,0
SPY,pinball_0p05,gjr,garch11,4904,4904,0
SPY,pinball_0p05,gjr,garch11_t,4904,4904,0
SPY,pinball_0p05,gjr,gjr,4904,4904,0
SPY,pinball_0p05,gjr,har,4904,4904,0
SPY,pinball_0p05,gjr,lgbm,4904,4904,0
SPY,pinball_0p05,gjr,moirai,4904,4904,0
SPY,pinball_0p05,gjr,naive,4904,4904,0
SPY,pinball_0p05,gjr,patchtst,4904,4904,0
SPY,pinball_0p05,gjr,timesfm,4904,4904,0
SPY,pinball_0p05,har,autoarima,4904,4904,0
SPY,pinball_0p05,har,autoets,4904,4904,0
SPY,pinball_0p05,har,chronos,4904,4904,0
SPY,pinball_0p05,har,ewma,4904,4904,0
SPY,pinball_0p05,har,garch11,4904,4904,0
SPY,pinball_0p05,har,garch11_t,4904,4904,0
SPY,pinball_0p05,har,gjr,4904,4904,0
SPY,pinball_0p05,har,har,4904,4904,0
SPY,pinball_0p05,har,lgbm,4904,4904,0
SPY,pinball_0p05,har,moirai,4904,4904,0
SPY,pinball_0p05,har,naive,4904,4904,0
SPY,pinball_0p05,har,patchtst,4904,4904,0
SPY,pinball_0p05,har,timesfm,4904,4904,0
SPY,pinball_0p05,lgbm,autoarima,4904,4904,0
SPY,pinball_0p05,lgbm,autoets,4904,4904,0
SPY,pinball_0p05,lgbm,chronos,4904,4904,0
SPY,pinball_0p05,lgbm,ewma,4904,4904,0
SPY,pinball_0p05,lgbm,garch11,4904,4904,0
SPY,pinball_0p05,lgbm,garch11_t,4904,4904,0
SPY,pinball_0p05,lgbm,gjr,4904,4904,0
SPY,pinball_0p05,lgbm,har,4904,4904,0
SPY,pinball_0p05,lgbm,lgbm,4904,4904,0
SPY,pinball_0p05,lgbm,moirai,4904,4904,0
SPY,pinball_0p05,lgbm,naive,4904,4904,0
SPY,pinball_0p05,lgbm,patchtst,4904,4904,0
SPY,pinball_0p05,lgbm,timesfm,4904,4904,0
SPY,pinball_0p05,moirai,autoarima,4904,4904,0
SPY,pinball_0p05,moirai,autoets,4904,4904,0
SPY,pinball_0p05,moirai,chronos,4904,4904,0
SPY,pinball_0p05,moirai,ewma,4904,4904,0
SPY,pinball_0p05,moirai,garch11,4904,4904,0
SPY,pinball_0p05,moirai,garch11_t,4904,4904,0
SPY,pinball_0p05,moirai,gjr,4904,4904,0
SPY,pinball_0p05,moirai,har,4904,4904,0
SPY,pinball_0p05,moirai,lgbm,4904,4904,0
SPY,pinball_0p05,moirai,moirai,4904,4904,0
SPY,pinball_0p05,moirai,naive,4904,4904,0
SPY,pinball_0p05,moirai,patchtst,4904,4904,0
SPY,pinball_0p05,moirai,timesfm,4904,4904,0
SPY,pinball_0p05,naive,autoarima,4904,4904,0
SPY,pinball_0p05,naive,autoets,4904,4904,0
SPY,pinball_0p05,naive,chronos,4904,4904,0
SPY,pinball_0p05,naive,ewma,4904,4904,0
SPY,pinball_0p05,naive,garch11,4904,4904,0
SPY,pinball_0p05,naive,garch11_t,4904,4904,0
SPY,pinball_0p05,naive,gjr,4904,4904,0
SPY,pinball_0p05,naive,har,4904,4904,0
SPY,pinball_0p05,naive,lgbm,4904,4904,0
SPY,pinball_0p05,naive,moirai,4904,4904,0
SPY,pinball_0p05,naive,naive,4904,4904,0
SPY,pinball_0p05,naive,patchtst,4904,4904,0
SPY,pinball_0p05,naive,timesfm,4904,4904,0
SPY,pinball_0p05,patchtst,autoarima,4904,4904,0
SPY,pinball_0p05,patchtst,autoets,4904,4904,0
SPY,pinball_0p05,patchtst,chronos,4904,4904,0
SPY,pinball_0p05,patchtst,ewma,4904,4904,0
SPY,pinball_0p05,patchtst,garch11,4904,4904,0
SPY,pinball_0p05,patchtst,garch11_t,4904,4904,0
SPY,pinball_0p05,patchtst,gjr,4904,4904,0
SPY,pinball_0p05,patchtst,har,4904,4904,0
SPY,pinball_0p05,patchtst,lgbm,4904,4904,0
SPY,pinball_0p05,patchtst,moirai,4904,4904,0
SPY,pinball_0p05,patchtst,naive,4904,4904,0
SPY,pinball_0p05,patchtst,patchtst,4904,4904,0
SPY,pinball_0p05,patchtst,timesfm,4904,4904,0
SPY,pinball_0p05,timesfm,autoarima,4904,4904,0
SPY,pinball_0p05,timesfm,autoets,4904,4904,0
SPY,pinball_0p05,timesfm,chronos,4904,4904,0
SPY,pinball_0p05,timesfm,ewma,4904,4904,0
SPY,pinball_0p05,timesfm,garch11,4904,4904,0
SPY,pinball_0p05,timesfm,garch11_t,4904,4904,0
SPY,pinball_0p05,timesfm,gjr,4904,4904,0
SPY,pinball_0p05,timesfm,har,4904,4904,0
SPY,pinball_0p05,timesfm,lgbm,4904,4904,0
SPY,pinball_0p05,timesfm,moirai,4904,4904,0
SPY,pinball_0p05,timesfm,naive,4904,4904,0
SPY,pinball_0p05,timesfm,patchtst,4904,4904,0
SPY,pinball_0p05,timesfm,timesfm,4904,4904,0
SPY,pinball_avg,autoarima,autoarima,4904,4904,0
SPY,pinball_avg,autoarima,autoets,4904,4904,0
SPY,pinball_avg,autoarima,chronos,4904,4904,0
SPY,pinball_avg,autoarima,ewma,4904,4904,0
SPY,pinball_avg,autoarima,garch11,4904,4904,0
SPY,pinball_avg,autoarima,garch11_t,4904,4904,0
SPY,pinball_avg,autoarima,gjr,4904,4904,0
SPY,pinball_avg,autoarima,har,4904,4904,0
SPY,pinball_avg,autoarima,lgbm,4904,4904,0
SPY,pinball_avg,autoarima,moirai,4904,4904,0
SPY,pinball_avg,autoarima,naive,4904,4904,0
SPY,pinball_avg,autoarima,patchtst,4904,4904,0
SPY,pinball_avg,autoarima,timesfm,4904,4904,0
SPY,pinball_avg,autoets,autoarima,4904,4904,0
SPY,pinball_avg,autoets,autoets,4904,4904,0
SPY,pinball_avg,autoets,chronos,4904,4904,0
SPY,pinball_avg,autoets,ewma,4904,4904,0
SPY,pinball_avg,autoets,garch11,4904,4904,0
SPY,pinball_avg,autoets,garch11_t,4904,4904,0
SPY,pinball_avg,autoets,gjr,4904,4904,0
SPY,pinball_avg,autoets,har,4904,4904,0
SPY,pinball_avg,autoets,lgbm,4904,4904,0
SPY,pinball_avg,autoets,moirai,4904,4904,0
SPY,pinball_avg,autoets,naive,4904,4904,0
SPY,pinball_avg,autoets,patchtst,4904,4904,0
SPY,pinball_avg,autoets,timesfm,4904,4904,0
SPY,pinball_avg,chronos,autoarima,4904,4904,0
SPY,pinball_avg,chronos,autoets,4904,4904,0
SPY,pinball_avg,chronos,chronos,4904,4904,0
SPY,pinball_avg,chronos,ewma,4904,4904,0
SPY,pinball_avg,chronos,garch11,4904,4904,0
SPY,pinball_avg,chronos,garch11_t,4904,4904,0
SPY,pinball_avg,chronos,gjr,4904,4904,0
SPY,pinball_avg,chronos,har,4904,4904,0
SPY,pinball_avg,chronos,lgbm,4904,4904,0
SPY,pinball_avg,chronos,moirai,4904,4904,0
SPY,pinball_avg,chronos,naive,4904,4904,0
SPY,pinball_avg,chronos,patchtst,4904,4904,0
SPY,pinball_avg,chronos,timesfm,4904,4904,0
SPY,pinball_avg,ewma,autoarima,4904,4904,0
SPY,pinball_avg,ewma,autoets,4904,4904,0
SPY,pinball_avg,ewma,chronos,4904,4904,0
SPY,pinball_avg,ewma,ewma,4904,4904,0
SPY,pinball_avg,ewma,garch11,4904,4904,0
SPY,pinball_avg,ewma,garch11_t,4904,4904,0
SPY,pinball_avg,ewma,gjr,4904,4904,0
SPY,pinball_avg,ewma,har,4904,4904,0
SPY,pinball_avg,ewma,lgbm,4904,4904,0
SPY,pinball_avg,ewma,moirai,4904,4904,0
SPY,pinball_avg,ewma,naive,4904,4904,0
SPY,pinball_avg,ewma,patchtst,4904,4904,0
SPY,pinball_avg,ewma,timesfm,4904,4904,0
SPY,pinball_avg,garch11,autoarima,4904,4904,0
SPY,pinball_avg,garch11,autoets,4904,4904,0
SPY,pinball_avg,garch11,chronos,4904,4904,0
SPY,pinball_avg,garch11,ewma,4904,4904,0
SPY,pinball_avg,garch11,garch11,4904,4904,0
SPY,pinball_avg,garch11,garch11_t,4904,4904,0
SPY,pinball_avg,garch11,gjr,4904,4904,0
SPY,pinball_avg,garch11,har,4904,4904,0
SPY,pinball_avg,garch11,lgbm,4904,4904,0
SPY,pinball_avg,garch11,moirai,4904,4904,0
SPY,pinball_avg,garch11,naive,4904,4904,0
SPY,pinball_avg,garch11,patchtst,4904,4904,0
SPY,pinball_avg,garch11,timesfm,4904,4904,0
SPY,pinball_avg,garch11_t,autoarima,4904,4904,0
SPY,pinball_avg,garch11_t,autoets,4904,4904,0
SPY,pinball_avg,garch11_t,chronos,4904,4904,0
SPY,pinball_avg,garch11_t,ewma,4904,4904,0
SPY,pinball_avg,garch11_t,garch11,4904,4904,0
SPY,pinball_avg,garch11_t,garch11_t,4904,4904,0
SPY,pinball_avg,garch11_t,gjr,4904,4904,0
SPY,pinball_avg,garch11_t,har,4904,4904,0
SPY,pinball_avg,garch11_t,lgbm,4904,4904,0
SPY,pinball_avg,garch11_t,moirai,4904,4904,0
SPY,pinball_avg,garch11_t,naive,4904,4904,0
SPY,pinball_avg,garch11_t,patchtst,4904,4904,0
SPY,pinball_avg,garch11_t,timesfm,4904,4904,0
SPY,pinball_avg,gjr,autoarima,4904,4904,0
SPY,pinball_avg,gjr,autoets,4904,4904,0
SPY,pinball_avg,gjr,chronos,4904,4904,0
SPY,pinball_avg,gjr,ewma,4904,4904,0
SPY,pinball_avg,gjr,garch11,4904,4904,0
SPY,pinball_avg,gjr,garch11_t,4904,4904,0
SPY,pinball_avg,gjr,gjr,4904,4904,0
SPY,pinball_avg,gjr,har,4904,4904,0
SPY,pinball_avg,gjr,lgbm,4904,4904,0
SPY,pinball_avg,gjr,moirai,4904,4904,0
SPY,pinball_avg,gjr,naive,4904,4904,0
SPY,pinball_avg,gjr,patchtst,4904,4904,0
SPY,pinball_avg,gjr,timesfm,4904,4904,0
SPY,pinball_avg,har,autoarima,4904,4904,0
SPY,pinball_avg,har,autoets,4904,4904,0
SPY,pinball_avg,har,chronos,4904,4904,0
SPY,pinball_avg,har,ewma,4904,4904,0
SPY,pinball_avg,har,garch11,4904,4904,0
SPY,pinball_avg,har,garch11_t,4904,4904,0
SPY,pinball_avg,har,gjr,4904,4904,0
SPY,pinball_avg,har,har,4904,4904,0
SPY,pinball_avg,har,lgbm,4904,4904,0
SPY,pinball_avg,har,moirai,4904,4904,0
SPY,pinball_avg,har,naive,4904,4904,0
SPY,pinball_avg,har,patchtst,4904,4904,0
SPY,pinball_avg,har,timesfm,4904,4904,0
SPY,pinball_avg,lgbm,autoarima,4904,4904,0
SPY,pinball_avg,lgbm,autoets,4904,4904,0
SPY,pinball_avg,lgbm,chronos,4904,4904,0
SPY,pinball_avg,lgbm,ewma,4904,4904,0
SPY,pinball_avg,lgbm,garch11,4904,4904,0
SPY,pinball_avg,lgbm,garch11_t,4904,4904,0
SPY,pinball_avg,lgbm,gjr,4904,4904,0
SPY,pinball_avg,lgbm,har,4904,4904,0
SPY,pinball_avg,lgbm,lgbm,4904,4904,0
SPY,pinball_avg,lgbm,moirai,4904,4904,0
SPY,pinball_avg,lgbm,naive,4904,4904,0
SPY,pinball_avg,lgbm,patchtst,4904,4904,0
SPY,pinball_avg,lgbm,timesfm,4904,4904,0
SPY,pinball_avg,moirai,autoarima,4904,4904,0
SPY,pinball_avg,moirai,autoets,4904,4904,0
SPY,pinball_avg,moirai,chronos,4904,4904,0
SPY,pinball_avg,moirai,ewma,4904,4904,0
SPY,pinball_avg,moirai,garch11,4904,4904,0
SPY,pinball_avg,moirai,garch11_t,4904,4904,0
SPY,pinball_avg,moirai,gjr,4904,4904,0
SPY,pinball_avg,moirai,har,4904,4904,0
SPY,pinball_avg,moirai,lgbm,4904,4904,0
SPY,pinball_avg,moirai,moirai,4904,4904,0
SPY,pinball_avg,moirai,naive,4904,4904,0
SPY,pinball_avg,moirai,patchtst,4904,4904,0
SPY,pinball_avg,moirai,timesfm,4904,4904,0
SPY,pinball_avg,naive,autoarima,4904,4904,0
SPY,pinball_avg,naive,autoets,4904,4904,0
SPY,pinball_avg,naive,chronos,4904,4904,0
SPY,pinball_avg,naive,ewma,4904,4904,0
SPY,pinball_avg,naive,garch11,4904,4904,0
SPY,pinball_avg,naive,garch11_t,4904,4904,0
SPY,pinball_avg,naive,gjr,4904,4904,0
SPY,pinball_avg,naive,har,4904,4904,0
SPY,pinball_avg,naive,lgbm,4904,4904,0
SPY,pinball_avg,naive,moirai,4904,4904,0
SPY,pinball_avg,naive,naive,4904,4904,0
SPY,pinball_avg,naive,patchtst,4904,4904,0
SPY,pinball_avg,naive,timesfm,4904,4904,0
SPY,pinball_avg,patchtst,autoarima,4904,4904,0
SPY,pinball_avg,patchtst,autoets,4904,4904,0
SPY,pinball_avg,patchtst,chronos,4904,4904,0
SPY,pinball_avg,patchtst,ewma,4904,4904,0
SPY,pinball_avg,patchtst,garch11,4904,4904,0
SPY,pinball_avg,patchtst,garch11_t,4904,4904,0
SPY,pinball_avg,patchtst,gjr,4904,4904,0
SPY,pinball_avg,patchtst,har,4904,4904,0
SPY,pinball_avg,patchtst,lgbm,4904,4904,0
SPY,pinball_avg,patchtst,moirai,4904,4904,0
SPY,pinball_avg,patchtst,naive,4904,4904,0
SPY,pinball_avg,patchtst,patchtst,4904,4904,0
SPY,pinball_avg,patchtst,timesfm,4904,4904,0
SPY,pinball_avg,timesfm,autoarima,4904,4904,0
SPY,pinball_avg,timesfm,autoets,4904,4904,0
SPY,pinball_avg,timesfm,chronos,4904,4904,0
SPY,pinball_avg,timesfm,ewma,4904,4904,0
SPY,pinball_avg,timesfm,garch11,4904,4904,0
SPY,pinball_avg,timesfm,garch11_t,4904,4904,0
SPY,pinball_avg,timesfm,gjr,4904,4904,0
SPY,pinball_avg,timesfm,har,4904,4904,0
SPY,pinball_avg,timesfm,lgbm,4904,4904,0
SPY,pinball_avg,timesfm,moirai,4904,4904,0
SPY,pinball_avg,timesfm,naive,4904,4904,0
SPY,pinball_avg,timesfm,patchtst,4904,4904,0
SPY,pinball_avg,timesfm,timesfm,4904,4904,0
SPY,qlike,autoarima,autoarima,4904,4904,0
SPY,qlike,autoarima,autoets,4904,4904,0
SPY,qlike,autoarima,chronos,4904,4904,0
SPY,qlike,autoarima,ewma,4904,4904,0
SPY,qlike,autoarima,garch11,4904,4904,0
SPY,qlike,autoarima,garch11_t,4904,4904,0
SPY,qlike,autoarima,gjr,4904,4904,0
SPY,qlike,autoarima,har,4904,4904,0
SPY,qlike,autoarima,lgbm,4904,4904,0
SPY,qlike,autoarima,moirai,4904,4904,0
SPY,qlike,autoarima,naive,4904,4904,0
SPY,qlike,autoarima,patchtst,4904,4904,0
SPY,qlike,autoarima,timesfm,4904,4904,0
SPY,qlike,autoets,autoarima,4904,4904,0
SPY,qlike,autoets,autoets,4904,4904,0
SPY,qlike,autoets,chronos,4904,4904,0
SPY,qlike,autoets,ewma,4904,4904,0
SPY,qlike,autoets,garch11,4904,4904,0
SPY,qlike,autoets,garch11_t,4904,4904,0
SPY,qlike,autoets,gjr,4904,4904,0
SPY,qlike,autoets,har,4904,4904,0
SPY,qlike,autoets,lgbm,4904,4904,0
SPY,qlike,autoets,moirai,4904,4904,0
SPY,qlike,autoets,naive,4904,4904,0
SPY,qlike,autoets,patchtst,4904,4904,0
SPY,qlike,autoets,timesfm,4904,4904,0
SPY,qlike,chronos,autoarima,4904,4904,0
SPY,qlike,chronos,autoets,4904,4904,0
SPY,qlike,chronos,chronos,4904,4904,0
SPY,qlike,chronos,ewma,4904,4904,0
SPY,qlike,chronos,garch11,4904,4904,0
SPY,qlike,chronos,garch11_t,4904,4904,0
SPY,qlike,chronos,gjr,4904,4904,0
SPY,qlike,chronos,har,4904,4904,0
SPY,qlike,chronos,lgbm,4904,4904,0
SPY,qlike,chronos,moirai,4904,4904,0
SPY,qlike,chronos,naive,4904,4904,0
SPY,qlike,chronos,patchtst,4904,4904,0
SPY,qlike,chronos,timesfm,4904,4904,0
SPY,qlike,ewma,autoarima,4904,4904,0
SPY,qlike,ewma,autoets,4904,4904,0
SPY,qlike,ewma,chronos,4904,4904,0
SPY,qlike,ewma,ewma,4904,4904,0
SPY,qlike,ewma,garch11,4904,4904,0
SPY,qlike,ewma,garch11_t,4904,4904,0
SPY,qlike,ewma,gjr,4904,4904,0
SPY,qlike,ewma,har,4904,4904,0
SPY,qlike,ewma,lgbm,4904,4904,0
SPY,qlike,ewma,moirai,4904,4904,0
SPY,qlike,ewma,naive,4904,4904,0
SPY,qlike,ewma,patchtst,4904,4904,0
SPY,qlike,ewma,timesfm,4904,4904,0
SPY,qlike,garch11,autoarima,4904,4904,0
SPY,qlike,garch11,autoets,4904,4904,0
SPY,qlike,garch11,chronos,4904,4904,0
SPY,qlike,garch11,ewma,4904,4904,0
SPY,qlike,garch11,garch11,4904,4904,0
SPY,qlike,garch11,garch11_t,4904,4904,0
SPY,qlike,garch11,gjr,4904,4904,0
SPY,qlike,garch11,har,4904,4904,0
SPY,qlike,garch11,lgbm,4904,4904,0
SPY,qlike,garch11,moirai,4904,4904,0
SPY,qlike,garch11,naive,4904,4904,0
SPY,qlike,garch11,patchtst,4904,4904,0
SPY,qlike,garch11,timesfm,4904,4904,0
SPY,qlike,garch11_t,autoarima,4904,4904,0
SPY,qlike,garch11_t,autoets,4904,4904,0
SPY,qlike,garch11_t,chronos,4904,4904,0
SPY,qlike,garch11_t,ewma,4904,4904,0
SPY,qlike,garch11_t,garch11,4904,4904,0
SPY,qlike,garch11_t,garch11_t,4904,4904,0
SPY,qlike,garch11_t,gjr,4904,4904,0
SPY,qlike,garch11_t,har,4904,4904,0
SPY,qlike,garch11_t,lgbm,4904,4904,0
SPY,qlike,garch11_t,moirai,4904,4904,0
SPY,qlike,garch11_t,naive,4904,4904,0
SPY,qlike,garch11_t,patchtst,4904,4904,0
SPY,qlike,garch11_t,timesfm,4904,4904,0
SPY,qlike,gjr,autoarima,4904,4904,0
SPY,qlike,gjr,autoets,4904,4904,0
SPY,qlike,gjr,chronos,4904,4904,0
SPY,qlike,gjr,ewma,4904,4904,0
SPY,qlike,gjr,garch11,4904,4904,0
SPY,qlike,gjr,garch11_t,4904,4904,0
SPY,qlike,gjr,gjr,4904,4904,0
SPY,qlike,gjr,har,4904,4904,0
SPY,qlike,gjr,lgbm,4904,4904,0
SPY,qlike,gjr,moirai,4904,4904,0
SPY,qlike,gjr,naive,4904,4904,0
SPY,qlike,gjr,patchtst,4904,4904,0
SPY,qlike,gjr,timesfm,4904,4904,0
SPY,qlike,har,autoarima,4904,4904,0
SPY,qlike,har,autoets,4904,4904,0
SPY,qlike,har,chronos,4904,4904,0
SPY,qlike,har,ewma,4904,4904,0
SPY,qlike,har,garch11,4904,4904,0
SPY,qlike,har,garch11_t,4904,4904,0
SPY,qlike,har,gjr,4904,4904,0
SPY,qlike,har,har,4904,4904,0
SPY,qlike,har,lgbm,4904,4904,0
SPY,qlike,har,moirai,4904,4904,0
SPY,qlike,har,naive,4904,4904,0
SPY,qlike,har,patchtst,4904,4904,0
SPY,qlike,har,timesfm,4904,4904,0
SPY,qlike,lgbm,autoarima,4904,4904,0
SPY,qlike,lgbm,autoets,4904,4904,0
SPY,qlike,lgbm,chronos,4904,4904,0
SPY,qlike,lgbm,ewma,4904,4904,0
SPY,qlike,lgbm,garch11,4904,4904,0
SPY,qlike,lgbm,garch11_t,4904,4904,0
SPY,qlike,lgbm,gjr,4904,4904,0
SPY,qlike,lgbm,har,4904,4904,0
SPY,qlike,lgbm,lgbm,4904,4904,0
SPY,qlike,lgbm,moirai,4904,4904,0
SPY,qlike,lgbm,naive,4904,4904,0
SPY,qlike,lgbm,patchtst,4904,4904,0
SPY,qlike,lgbm,timesfm,4904,4904,0
SPY,qlike,moirai,autoarima,4904,4904,0
SPY,qlike,moirai,autoets,4904,4904,0
SPY,qlike,moirai,chronos,4904,4904,0
SPY,qlike,moirai,ewma,4904,4904,0
SPY,qlike,moirai,garch11,4904,4904,0
SPY,qlike,moirai,garch11_t,4904,4904,0
SPY,qlike,moirai,gjr,4904,4904,0
SPY,qlike,moirai,har,4904,4904,0
SPY,qlike,moirai,lgbm,4904,4904,0
SPY,qlike,moirai,moirai,4904,4904,0
SPY,qlike,moirai,naive,4904,4904,0
SPY,qlike,moirai,patchtst,4904,4904,0
SPY,qlike,moirai,timesfm,4904,4904,0
SPY,qlike,naive,autoarima,4904,4904,0
SPY,qlike,naive,autoets,4904,4904,0
SPY,qlike,naive,chronos,4904,4904,0
SPY,qlike,naive,ewma,4904,4904,0
SPY,qlike,naive,garch11,4904,4904,0
SPY,qlike,naive,garch11_t,4904,4904,0
SPY,qlike,naive,gjr,4904,4904,0
SPY,qlike,naive,har,4904,4904,0
SPY,qlike,naive,lgbm,4904,4904,0
SPY,qlike,naive,moirai,4904,4904,0
SPY,qlike,naive,naive,4904,4904,0
SPY,qlike,naive,patchtst,4904,4904,0
SPY,qlike,naive,timesfm,4904,4904,0
SPY,qlike,patchtst,autoarima,4904,4904,0
SPY,qlike,patchtst,autoets,4904,4904,0
SPY,qlike,patchtst,chronos,4904,4904,0
SPY,qlike,patchtst,ewma,4904,4904,0
SPY,qlike,patchtst,garch11,4904,4904,0
SPY,qlike,patchtst,garch11_t,4904,4904,0
SPY,qlike,patchtst,gjr,4904,4904,0
SPY,qlike,patchtst,har,4904,4904,0
SPY,qlike,patchtst,lgbm,4904,4904,0
SPY,qlike,patchtst,moirai,4904,4904,0
SPY,qlike,patchtst,naive,4904,4904,0
SPY,qlike,patchtst,patchtst,4904,4904,0
SPY,qlike,patchtst,timesfm,4904,4904,0
SPY,qlike,timesfm,autoarima,4904,4904,0
SPY,qlike,timesfm,autoets,4904,4904,0
SPY,qlike,timesfm,chronos,4904,4904,0
SPY,qlike,timesfm,ewma,4904,4904,0
SPY,qlike,timesfm,garch11,4904,4904,0
SPY,qlike,timesfm,garch11_t,4904,4904,0
SPY,qlike,timesfm,gjr,4904,4904,0
SPY,qlike,timesfm,har,4904,4904,0
SPY,qlike,timesfm,lgbm,4904,4904,0
SPY,qlike,timesfm,moirai,4904,4904,0
SPY,qlike,timesfm,naive,4904,4904,0
SPY,qlike,timesfm,patchtst,4904,4904,0
SPY,qlike,timesfm,timesfm,4904,4904,0
SPY,fz0_0p01,autoarima,autoarima,4904,4904,0
SPY,fz0_0p01,autoarima,autoets,4904,4904,0
SPY,fz0_0p01,autoarima,chronos,4904,4904,0
SPY,fz0_0p01,autoarima,ewma,4904,4904,0
SPY,fz0_0p01,autoarima,garch11,4904,4904,0
SPY,fz0_0p01,autoarima,garch11_t,4904,4904,0
SPY,fz0_0p01,autoarima,gjr,4904,4904,0
SPY,fz0_0p01,autoarima,har,4904,4904,0
SPY,fz0_0p01,autoarima,lgbm,4904,4904,0
SPY,fz0_0p01,autoarima,moirai,4904,4904,0
SPY,fz0_0p01,autoarima,naive,4904,4904,0
SPY,fz0_0p01,autoarima,patchtst,4904,4904,0
SPY,fz0_0p01,autoarima,timesfm,4904,4904,0
SPY,fz0_0p01,autoets,autoarima,4904,4904,0
SPY,fz0_0p01,autoets,autoets,4904,4904,0
SPY,fz0_0p01,autoets,chronos,4904,4904,0
SPY,fz0_0p01,autoets,ewma,4904,4904,0
SPY,fz0_0p01,autoets,garch11,4904,4904,0
SPY,fz0_0p01,autoets,garch11_t,4904,4904,0
SPY,fz0_0p01,autoets,gjr,4904,4904,0
SPY,fz0_0p01,autoets,har,4904,4904,0
SPY,fz0_0p01,autoets,lgbm,4904,4904,0
SPY,fz0_0p01,autoets,moirai,4904,4904,0
SPY,fz0_0p01,autoets,naive,4904,4904,0
SPY,fz0_0p01,autoets,patchtst,4904,4904,0
SPY,fz0_0p01,autoets,timesfm,4904,4904,0
SPY,fz0_0p01,chronos,autoarima,4904,4904,0
SPY,fz0_0p01,chronos,autoets,4904,4904,0
SPY,fz0_0p01,chronos,chronos,4904,4904,0
SPY,fz0_0p01,chronos,ewma,4904,4904,0
SPY,fz0_0p01,chronos,garch11,4904,4904,0
SPY,fz0_0p01,chronos,garch11_t,4904,4904,0
SPY,fz0_0p01,chronos,gjr,4904,4904,0
SPY,fz0_0p01,chronos,har,4904,4904,0
SPY,fz0_0p01,chronos,lgbm,4904,4904,0
SPY,fz0_0p01,chronos,moirai,4904,4904,0
SPY,fz0_0p01,chronos,naive,4904,4904,0
SPY,fz0_0p01,chronos,patchtst,4904,4904,0
SPY,fz0_0p01,chronos,timesfm,4904,4904,0
SPY,fz0_0p01,ewma,autoarima,4904,4904,0
SPY,fz0_0p01,ewma,autoets,4904,4904,0
SPY,fz0_0p01,ewma,chronos,4904,4904,0
SPY,fz0_0p01,ewma,ewma,4904,4904,0
SPY,fz0_0p01,ewma,garch11,4904,4904,0
SPY,fz0_0p01,ewma,garch11_t,4904,4904,0
SPY,fz0_0p01,ewma,gjr,4904,4904,0
SPY,fz0_0p01,ewma,har,4904,4904,0
SPY,fz0_0p01,ewma,lgbm,4904,4904,0
SPY,fz0_0p01,ewma,moirai,4904,4904,0
SPY,fz0_0p01,ewma,naive,4904,4904,0
SPY,fz0_0p01,ewma,patchtst,4904,4904,0
SPY,fz0_0p01,ewma,timesfm,4904,4904,0
SPY,fz0_0p01,garch11,autoarima,4904,4904,0
SPY,fz0_0p01,garch11,autoets,4904,4904,0
SPY,fz0_0p01,garch11,chronos,4904,4904,0
SPY,fz0_0p01,garch11,ewma,4904,4904,0
SPY,fz0_0p01,garch11,garch11,4904,4904,0
SPY,fz0_0p01,garch11,garch11_t,4904,4904,0
SPY,fz0_0p01,garch11,gjr,4904,4904,0
SPY,fz0_0p01,garch11,har,4904,4904,0
SPY,fz0_0p01,garch11,lgbm,4904,4904,0
SPY,fz0_0p01,garch11,moirai,4904,4904,0
SPY,fz0_0p01,garch11,naive,4904,4904,0
SPY,fz0_0p01,garch11,patchtst,4904,4904,0
SPY,fz0_0p01,garch11,timesfm,4904,4904,0
SPY,fz0_0p01,garch11_t,autoarima,4904,4904,0
SPY,fz0_0p01,garch11_t,autoets,4904,4904,0
SPY,fz0_0p01,garch11_t,chronos,4904,4904,0
SPY,fz0_0p01,garch11_t,ewma,4904,4904,0
SPY,fz0_0p01,garch11_t,garch11,4904,4904,0
SPY,fz0_0p01,garch11_t,garch11_t,4904,4904,0
SPY,fz0_0p01,garch11_t,gjr,4904,4904,0
SPY,fz0_0p01,garch11_t,har,4904,4904,0
SPY,fz0_0p01,garch11_t,lgbm,4904,4904,0
SPY,fz0_0p01,garch11_t,moirai,4904,4904,0
SPY,fz0_0p01,garch11_t,naive,4904,4904,0
SPY,fz0_0p01,garch11_t,patchtst,4904,4904,0
SPY,fz0_0p01,garch11_t,timesfm,4904,4904,0
SPY,fz0_0p01,gjr,autoarima,4904,4904,0
SPY,fz0_0p01,gjr,autoets,4904,4904,0
SPY,fz0_0p01,gjr,chronos,4904,4904,0
SPY,fz0_0p01,gjr,ewma,4904,4904,0
SPY,fz0_0p01,gjr,garch11,4904,4904,0
SPY,fz0_0p01,gjr,garch11_t,4904,4904,0
SPY,fz0_0p01,gjr,gjr,4904,4904,0
SPY,fz0_0p01,gjr,har,4904,4904,0
SPY,fz0_0p01,gjr,lgbm,4904,4904,0
SPY,fz0_0p01,gjr,moirai,4904,4904,0
SPY,fz0_0p01,gjr,naive,4904,4904,0
SPY,fz0_0p01,gjr,patchtst,4904,4904,0
SPY,fz0_0p01,gjr,timesfm,4904,4904,0
SPY,fz0_0p01,har,autoarima,4904,4904,0
SPY,fz0_0p01,har,autoets,4904,4904,0
SPY,fz0_0p01,har,chronos,4904,4904,0
SPY,fz0_0p01,har,ewma,4904,4904,0
SPY,fz0_0p01,har,garch11,4904,4904,0
SPY,fz0_0p01,har,garch11_t,4904,4904,0
SPY,fz0_0p01,har,gjr,4904,4904,0
SPY,fz0_0p01,har,har,4904,4904,0
SPY,fz0_0p01,har,lgbm,4904,4904,0
SPY,fz0_0p01,har,moirai,4904,4904,0
SPY,fz0_0p01,har,naive,4904,4904,0
SPY,fz0_0p01,har,patchtst,4904,4904,0
SPY,fz0_0p01,har,timesfm,4904,4904,0
SPY,fz0_0p01,lgbm,autoarima,4904,4904,0
SPY,fz0_0p01,lgbm,autoets,4904,4904,0
SPY,fz0_0p01,lgbm,chronos,4904,4904,0
SPY,fz0_0p01,lgbm,ewma,4904,4904,0
SPY,fz0_0p01,lgbm,garch11,4904,4904,0
SPY,fz0_0p01,lgbm,garch11_t,4904,4904,0
SPY,fz0_0p01,lgbm,gjr,4904,4904,0
SPY,fz0_0p01,lgbm,har,4904,4904,0
SPY,fz0_0p01,lgbm,lgbm,4904,4904,0
SPY,fz0_0p01,lgbm,moirai,4904,4904,0
SPY,fz0_0p01,lgbm,naive,4904,4904,0
SPY,fz0_0p01,lgbm,patchtst,4904,4904,0
SPY,fz0_0p01,lgbm,timesfm,4904,4904,0
SPY,fz0_0p01,moirai,autoarima,4904,4904,0
SPY,fz0_0p01,moirai,autoets,4904,4904,0
SPY,fz0_0p01,moirai,chronos,4904,4904,0
SPY,fz0_0p01,moirai,ewma,4904,4904,0
SPY,fz0_0p01,moirai,garch11,4904,4904,0
SPY,fz0_0p01,moirai,garch11_t,4904,4904,0
SPY,fz0_0p01,moirai,gjr,4904,4904,0
SPY,fz0_0p01,moirai,har,4904,4904,0
SPY,fz0_0p01,moirai,lgbm,4904,4904,0
SPY,fz0_0p01,moirai,moirai,4904,4904,0
SPY,fz0_0p01,moirai,naive,4904,4904,0
SPY,fz0_0p01,moirai,patchtst,4904,4904,0
SPY,fz0_0p01,moirai,timesfm,4904,4904,0
SPY,fz0_0p01,naive,autoarima,4904,4904,0
SPY,fz0_0p01,naive,autoets,4904,4904,0
SPY,fz0_0p01,naive,chronos,4904,4904,0
SPY,fz0_0p01,naive,ewma,4904,4904,0
SPY,fz0_0p01,naive,garch11,4904,4904,0
SPY,fz0_0p01,naive,garch11_t,4904,4904,0
SPY,fz0_0p01,naive,gjr,4904,4904,0
SPY,fz0_0p01,naive,har,4904,4904,0
SPY,fz0_0p01,naive,lgbm,4904,4904,0
SPY,fz0_0p01,naive,moirai,4904,4904,0
SPY,fz0_0p01,naive,naive,4904,4904,0
SPY,fz0_0p01,naive,patchtst,4904,4904,0
SPY,fz0_0p01,naive,timesfm,4904,4904,0
SPY,fz0_0p01,patchtst,autoarima,4904,4904,0
SPY,fz0_0p01,patchtst,autoets,4904,4904,0
SPY,fz0_0p01,patchtst,chronos,4904,4904,0
SPY,fz0_0p01,patchtst,ewma,4904,4904,0
SPY,fz0_0p01,patchtst,garch11,4904,4904,0
SPY,fz0_0p01,patchtst,garch11_t,4904,4904,0
SPY,fz0_0p01,patchtst,gjr,4904,4904,0
SPY,fz0_0p01,patchtst,har,4904,4904,0
SPY,fz0_0p01,patchtst,lgbm,4904,4904,0
SPY,fz0_0p01,patchtst,moirai,4904,4904,0
SPY,fz0_0p01,patchtst,naive,4904,4904,0
SPY,fz0_0p01,patchtst,patchtst,4904,4904,0
SPY,fz0_0p01,patchtst,timesfm,4904,4904,0
SPY,fz0_0p01,timesfm,autoarima,4904,4904,0
SPY,fz0_0p01,timesfm,autoets,4904,4904,0
SPY,fz0_0p01,timesfm,chronos,4904,4904,0
SPY,fz0_0p01,timesfm,ewma,4904,4904,0
SPY,fz0_0p01,timesfm,garch11,4904,4904,0
SPY,fz0_0p01,timesfm,garch11_t,4904,4904,0
SPY,fz0_0p01,timesfm,gjr,4904,4904,0
SPY,fz0_0p01,timesfm,har,4904,4904,0
SPY,fz0_0p01,timesfm,lgbm,4904,4904,0
SPY,fz0_0p01,timesfm,moirai,4904,4904,0
SPY,fz0_0p01,timesfm,naive,4904,4904,0
SPY,fz0_0p01,timesfm,patchtst,4904,4904,0
SPY,fz0_0p01,timesfm,timesfm,4904,4904,0
SPY,fz0_0p025,autoarima,autoarima,4904,4904,0
SPY,fz0_0p025,autoarima,autoets,4904,4904,0
SPY,fz0_0p025,autoarima,chronos,4904,4904,0
SPY,fz0_0p025,autoarima,ewma,4904,4904,0
SPY,fz0_0p025,autoarima,garch11,4904,4904,0
SPY,fz0_0p025,autoarima,garch11_t,4904,4904,0
SPY,fz0_0p025,autoarima,gjr,4904,4904,0
SPY,fz0_0p025,autoarima,har,4904,4904,0
SPY,fz0_0p025,autoarima,lgbm,4904,4904,0
SPY,fz0_0p025,autoarima,moirai,4904,4904,0
SPY,fz0_0p025,autoarima,naive,4904,4904,0
SPY,fz0_0p025,autoarima,patchtst,4904,4904,0
SPY,fz0_0p025,autoarima,timesfm,4904,4904,0
SPY,fz0_0p025,autoets,autoarima,4904,4904,0
SPY,fz0_0p025,autoets,autoets,4904,4904,0
SPY,fz0_0p025,autoets,chronos,4904,4904,0
SPY,fz0_0p025,autoets,ewma,4904,4904,0
SPY,fz0_0p025,autoets,garch11,4904,4904,0
SPY,fz0_0p025,autoets,garch11_t,4904,4904,0
SPY,fz0_0p025,autoets,gjr,4904,4904,0
SPY,fz0_0p025,autoets,har,4904,4904,0
SPY,fz0_0p025,autoets,lgbm,4904,4904,0
SPY,fz0_0p025,autoets,moirai,4904,4904,0
SPY,fz0_0p025,autoets,naive,4904,4904,0
SPY,fz0_0p025,autoets,patchtst,4904,4904,0
SPY,fz0_0p025,autoets,timesfm,4904,4904,0
SPY,fz0_0p025,chronos,autoarima,4904,4904,0
SPY,fz0_0p025,chronos,autoets,4904,4904,0
SPY,fz0_0p025,chronos,chronos,4904,4904,0
SPY,fz0_0p025,chronos,ewma,4904,4904,0
SPY,fz0_0p025,chronos,garch11,4904,4904,0
SPY,fz0_0p025,chronos,garch11_t,4904,4904,0
SPY,fz0_0p025,chronos,gjr,4904,4904,0
SPY,fz0_0p025,chronos,har,4904,4904,0
SPY,fz0_0p025,chronos,lgbm,4904,4904,0
SPY,fz0_0p025,chronos,moirai,4904,4904,0
SPY,fz0_0p025,chronos,naive,4904,4904,0
SPY,fz0_0p025,chronos,patchtst,4904,4904,0
SPY,fz0_0p025,chronos,timesfm,4904,4904,0
SPY,fz0_0p025,ewma,autoarima,4904,4904,0
SPY,fz0_0p025,ewma,autoets,4904,4904,0
SPY,fz0_0p025,ewma,chronos,4904,4904,0
SPY,fz0_0p025,ewma,ewma,4904,4904,0
SPY,fz0_0p025,ewma,garch11,4904,4904,0
SPY,fz0_0p025,ewma,garch11_t,4904,4904,0
SPY,fz0_0p025,ewma,gjr,4904,4904,0
SPY,fz0_0p025,ewma,har,4904,4904,0
SPY,fz0_0p025,ewma,lgbm,4904,4904,0
SPY,fz0_0p025,ewma,moirai,4904,4904,0
SPY,fz0_0p025,ewma,naive,4904,4904,0
SPY,fz0_0p025,ewma,patchtst,4904,4904,0
SPY,fz0_0p025,ewma,timesfm,4904,4904,0
SPY,fz0_0p025,garch11,autoarima,4904,4904,0
SPY,fz0_0p025,garch11,autoets,4904,4904,0
SPY,fz0_0p025,garch11,chronos,4904,4904,0
SPY,fz0_0p025,garch11,ewma,4904,4904,0
SPY,fz0_0p025,garch11,garch11,4904,4904,0
SPY,fz0_0p025,garch11,garch11_t,4904,4904,0
SPY,fz0_0p025,garch11,gjr,4904,4904,0
SPY,fz0_0p025,garch11,har,4904,4904,0
SPY,fz0_0p025,garch11,lgbm,4904,4904,0
SPY,fz0_0p025,garch11,moirai,4904,4904,0
SPY,fz0_0p025,garch11,naive,4904,4904,0
SPY,fz0_0p025,garch11,patchtst,4904,4904,0
SPY,fz0_0p025,garch11,timesfm,4904,4904,0
SPY,fz0_0p025,garch11_t,autoarima,4904,4904,0
SPY,fz0_0p025,garch11_t,autoets,4904,4904,0
SPY,fz0_0p025,garch11_t,chronos,4904,4904,0
SPY,fz0_0p025,garch11_t,ewma,4904,4904,0
SPY,fz0_0p025,garch11_t,garch11,4904,4904,0
SPY,fz0_0p025,garch11_t,garch11_t,4904,4904,0
SPY,fz0_0p025,garch11_t,gjr,4904,4904,0
SPY,fz0_0p025,garch11_t,har,4904,4904,0
SPY,fz0_0p025,garch11_t,lgbm,4904,4904,0
SPY,fz0_0p025,garch11_t,moirai,4904,4904,0
SPY,fz0_0p025,garch11_t,naive,4904,4904,0
SPY,fz0_0p025,garch11_t,patchtst,4904,4904,0
SPY,fz0_0p025,garch11_t,timesfm,4904,4904,0
SPY,fz0_0p025,gjr,autoarima,4904,4904,0
SPY,fz0_0p025,gjr,autoets,4904,4904,0
SPY,fz0_0p025,gjr,chronos,4904,4904,0
SPY,fz0_0p025,gjr,ewma,4904,4904,0
SPY,fz0_0p025,gjr,garch11,4904,4904,0
SPY,fz0_0p025,gjr,garch11_t,4904,4904,0
SPY,fz0_0p025,gjr,gjr,4904,4904,0
SPY,fz0_0p025,gjr,har,4904,4904,0
SPY,fz0_0p025,gjr,lgbm,4904,4904,0
SPY,fz0_0p025,gjr,moirai,4904,4904,0
SPY,fz0_0p025,gjr,naive,4904,4904,0
SPY,fz0_0p025,gjr,patchtst,4904,4904,0
SPY,fz0_0p025,gjr,timesfm,4904,4904,0
SPY,fz0_0p025,har,autoarima,4904,4904,0
SPY,fz0_0p025,har,autoets,4904,4904,0
SPY,fz0_0p025,har,chronos,4904,4904,0
SPY,fz0_0p025,har,ewma,4904,4904,0
SPY,fz0_0p025,har,garch11,4904,4904,0
SPY,fz0_0p025,har,garch11_t,4904,4904,0
SPY,fz0_0p025,har,gjr,4904,4904,0
SPY,fz0_0p025,har,har,4904,4904,0
SPY,fz0_0p025,har,lgbm,4904,4904,0
SPY,fz0_0p025,har,moirai,4904,4904,0
SPY,fz0_0p025,har,naive,4904,4904,0
SPY,fz0_0p025,har,patchtst,4904,4904,0
SPY,fz0_0p025,har,timesfm,4904,4904,0
SPY,fz0_0p025,lgbm,autoarima,4904,4904,0
SPY,fz0_0p025,lgbm,autoets,4904,4904,0
SPY,fz0_0p025,lgbm,chronos,4904,4904,0
SPY,fz0_0p025,lgbm,ewma,4904,4904,0
SPY,fz0_0p025,lgbm,garch11,4904,4904,0
SPY,fz0_0p025,lgbm,garch11_t,4904,4904,0
SPY,fz0_0p025,lgbm,gjr,4904,4904,0
SPY,fz0_0p025,lgbm,har,4904,4904,0
SPY,fz0_0p025,lgbm,lgbm,4904,4904,0
SPY,fz0_0p025,lgbm,moirai,4904,4904,0
SPY,fz0_0p025,lgbm,naive,4904,4904,0
SPY,fz0_0p025,lgbm,patchtst,4904,4904,0
SPY,fz0_0p025,lgbm,timesfm,4904,4904,0
SPY,fz0_0p025,moirai,autoarima,4904,4904,0
SPY,fz0_0p025,moirai,autoets,4904,4904,0
SPY,fz0_0p025,moirai,chronos,4904,4904,0
SPY,fz0_0p025,moirai,ewma,4904,4904,0
SPY,fz0_0p025,moirai,garch11,4904,4904,0
SPY,fz0_0p025,moirai,garch11_t,4904,4904,0
SPY,fz0_0p025,moirai,gjr,4904,4904,0
SPY,fz0_0p025,moirai,har,4904,4904,0
SPY,fz0_0p025,moirai,lgbm,4904,4904,0
SPY,fz0_0p025,moirai,moirai,4904,4904,0
SPY,fz0_0p025,moirai,naive,4904,4904,0
SPY,fz0_0p025,moirai,patchtst,4904,4904,0
SPY,fz0_0p025,moirai,timesfm,4904,4904,0
SPY,fz0_0p025,naive,autoarima,4904,4904,0
SPY,fz0_0p025,naive,autoets,4904,4904,0
SPY,fz0_0p025,naive,chronos,4904,4904,0
SPY,fz0_0p025,naive,ewma,4904,4904,0
SPY,fz0_0p025,naive,garch11,4904,4904,0
SPY,fz0_0p025,naive,garch11_t,4904,4904,0
SPY,fz0_0p025,naive,gjr,4904,4904,0
SPY,fz0_0p025,naive,har,4904,4904,0
SPY,fz0_0p025,naive,lgbm,4904,4904,0
SPY,fz0_0p025,naive,moirai,4904,4904,0
SPY,fz0_0p025,naive,naive,4904,4904,0
SPY,fz0_0p025,naive,patchtst,4904,4904,0
SPY,fz0_0p025,naive,timesfm,4904,4904,0
SPY,fz0_0p025,patchtst,autoarima,4904,4904,0
SPY,fz0_0p025,patchtst,autoets,4904,4904,0
SPY,fz0_0p025,patchtst,chronos,4904,4904,0
SPY,fz0_0p025,patchtst,ewma,4904,4904,0
SPY,fz0_0p025,patchtst,garch11,4904,4904,0
SPY,fz0_0p025,patchtst,garch11_t,4904,4904,0
SPY,fz0_0p025,patchtst,gjr,4904,4904,0
SPY,fz0_0p025,patchtst,har,4904,4904,0
SPY,fz0_0p025,patchtst,lgbm,4904,4904,0
SPY,fz0_0p025,patchtst,moirai,4904,4904,0
SPY,fz0_0p025,patchtst,naive,4904,4904,0
SPY,fz0_0p025,patchtst,patchtst,4904,4904,0
SPY,fz0_0p025,patchtst,timesfm,4904,4904,0
SPY,fz0_0p025,timesfm,autoarima,4904,4904,0
SPY,fz0_0p025,timesfm,autoets,4904,4904,0
SPY,fz0_0p025,timesfm,chronos,4904,4904,0
SPY,fz0_0p025,timesfm,ewma,4904,4904,0
SPY,fz0_0p025,timesfm,garch11,4904,4904,0
SPY,fz0_0p025,timesfm,garch11_t,4904,4904,0
SPY,fz0_0p025,timesfm,gjr,4904,4904,0
SPY,fz0_0p025,timesfm,har,4904,4904,0
SPY,fz0_0p025,timesfm,lgbm,4904,4904,0
SPY,fz0_0p025,timesfm,moirai,4904,4904,0
SPY,fz0_0p025,timesfm,naive,4904,4904,0
SPY,fz0_0p025,timesfm,patchtst,4904,4904,0
SPY,fz0_0p025,timesfm,timesfm,4904,4904,0
SPY,fz0_0p05,autoarima,autoarima,4904,4904,0
SPY,fz0_0p05,autoarima,autoets,4904,4904,0
SPY,fz0_0p05,autoarima,chronos,4904,4904,0
SPY,fz0_0p05,autoarima,ewma,4904,4904,0
SPY,fz0_0p05,autoarima,garch11,4904,4904,0
SPY,fz0_0p05,autoarima,garch11_t,4904,4904,0
SPY,fz0_0p05,autoarima,gjr,4904,4904,0
SPY,fz0_0p05,autoarima,har,4904,4904,0
SPY,fz0_0p05,autoarima,lgbm,4904,4904,0
SPY,fz0_0p05,autoarima,moirai,4904,4904,0
SPY,fz0_0p05,autoarima,naive,4904,4904,0
SPY,fz0_0p05,autoarima,patchtst,4904,4904,0
SPY,fz0_0p05,autoarima,timesfm,4904,4904,0
SPY,fz0_0p05,autoets,autoarima,4904,4904,0
SPY,fz0_0p05,autoets,autoets,4904,4904,0
SPY,fz0_0p05,autoets,chronos,4904,4904,0
SPY,fz0_0p05,autoets,ewma,4904,4904,0
SPY,fz0_0p05,autoets,garch11,4904,4904,0
SPY,fz0_0p05,autoets,garch11_t,4904,4904,0
SPY,fz0_0p05,autoets,gjr,4904,4904,0
SPY,fz0_0p05,autoets,har,4904,4904,0
SPY,fz0_0p05,autoets,lgbm,4904,4904,0
SPY,fz0_0p05,autoets,moirai,4904,4904,0
SPY,fz0_0p05,autoets,naive,4904,4904,0
SPY,fz0_0p05,autoets,patchtst,4904,4904,0
SPY,fz0_0p05,autoets,timesfm,4904,4904,0
SPY,fz0_0p05,chronos,autoarima,4904,4904,0
SPY,fz0_0p05,chronos,autoets,4904,4904,0
SPY,fz0_0p05,chronos,chronos,4904,4904,0
SPY,fz0_0p05,chronos,ewma,4904,4904,0
SPY,fz0_0p05,chronos,garch11,4904,4904,0
SPY,fz0_0p05,chronos,garch11_t,4904,4904,0
SPY,fz0_0p05,chronos,gjr,4904,4904,0
SPY,fz0_0p05,chronos,har,4904,4904,0
SPY,fz0_0p05,chronos,lgbm,4904,4904,0
SPY,fz0_0p05,chronos,moirai,4904,4904,0
SPY,fz0_0p05,chronos,naive,4904,4904,0
SPY,fz0_0p05,chronos,patchtst,4904,4904,0
SPY,fz0_0p05,chronos,timesfm,4904,4904,0
SPY,fz0_0p05,ewma,autoarima,4904,4904,0
SPY,fz0_0p05,ewma,autoets,4904,4904,0
SPY,fz0_0p05,ewma,chronos,4904,4904,0
SPY,fz0_0p05,ewma,ewma,4904,4904,0
SPY,fz0_0p05,ewma,garch11,4904,4904,0
SPY,fz0_0p05,ewma,garch11_t,4904,4904,0
SPY,fz0_0p05,ewma,gjr,4904,4904,0
SPY,fz0_0p05,ewma,har,4904,4904,0
SPY,fz0_0p05,ewma,lgbm,4904,4904,0
SPY,fz0_0p05,ewma,moirai,4904,4904,0
SPY,fz0_0p05,ewma,naive,4904,4904,0
SPY,fz0_0p05,ewma,patchtst,4904,4904,0
SPY,fz0_0p05,ewma,timesfm,4904,4904,0
SPY,fz0_0p05,garch11,autoarima,4904,4904,0
SPY,fz0_0p05,garch11,autoets,4904,4904,0
SPY,fz0_0p05,garch11,chronos,4904,4904,0
SPY,fz0_0p05,garch11,ewma,4904,4904,0
SPY,fz0_0p05,garch11,garch11,4904,4904,0
SPY,fz0_0p05,garch11,garch11_t,4904,4904,0
SPY,fz0_0p05,garch11,gjr,4904,4904,0
SPY,fz0_0p05,garch11,har,4904,4904,0
SPY,fz0_0p05,garch11,lgbm,4904,4904,0
SPY,fz0_0p05,garch11,moirai,4904,4904,0
SPY,fz0_0p05,garch11,naive,4904,4904,0
SPY,fz0_0p05,garch11,patchtst,4904,4904,0
SPY,fz0_0p05,garch11,timesfm,4904,4904,0
SPY,fz0_0p05,garch11_t,autoarima,4904,4904,0
SPY,fz0_0p05,garch11_t,autoets,4904,4904,0
SPY,fz0_0p05,garch11_t,chronos,4904,4904,0
SPY,fz0_0p05,garch11_t,ewma,4904,4904,0
SPY,fz0_0p05,garch11_t,garch11,4904,4904,0
SPY,fz0_0p05,garch11_t,garch11_t,4904,4904,0
SPY,fz0_0p05,garch11_t,gjr,4904,4904,0
SPY,fz0_0p05,garch11_t,har,4904,4904,0
SPY,fz0_0p05,garch11_t,lgbm,4904,4904,0
SPY,fz0_0p05,garch11_t,moirai,4904,4904,0
SPY,fz0_0p05,garch11_t,naive,4904,4904,0
SPY,fz0_0p05,garch11_t,patchtst,4904,4904,0
SPY,fz0_0p05,garch11_t,timesfm,4904,4904,0
SPY,fz0_0p05,gjr,autoarima,4904,4904,0
SPY,fz0_0p05,gjr,autoets,4904,4904,0
SPY,fz0_0p05,gjr,chronos,4904,4904,0
SPY,fz0_0p05,gjr,ewma,4904,4904,0
SPY,fz0_0p05,gjr,garch11,4904,4904,0
SPY,fz0_0p05,gjr,garch11_t,4904,4904,0
SPY,fz0_0p05,gjr,gjr,4904,4904,0
SPY,fz0_0p05,gjr,har,4904,4904,0
SPY,fz0_0p05,gjr,lgbm,4904,4904,0
SPY,fz0_0p05,gjr,moirai,4904,4904,0
SPY,fz0_0p05,gjr,naive,4904,4904,0
SPY,fz0_0p05,gjr,patchtst,4904,4904,0
SPY,fz0_0p05,gjr,timesfm,4904,4904,0
SPY,fz0_0p05,har,autoarima,4904,4904,0
SPY,fz0_0p05,har,autoets,4904,4904,0
SPY,fz0_0p05,har,chronos,4904,4904,0
SPY,fz0_0p05,har,ewma,4904,4904,0
SPY,fz0_0p05,har,garch11,4904,4904,0
SPY,fz0_0p05,har,garch11_t,4904,4904,0
SPY,fz0_0p05,har,gjr,4904,4904,0
SPY,fz0_0p05,har,har,4904,4904,0
SPY,fz0_0p05,har,lgbm,4904,4904,0
SPY,fz0_0p05,har,moirai,4904,4904,0
SPY,fz0_0p05,har,naive,4904,4904,0
SPY,fz0_0p05,har,patchtst,4904,4904,0
SPY,fz0_0p05,har,timesfm,4904,4904,0
SPY,fz0_0p05,lgbm,autoarima,4904,4904,0
SPY,fz0_0p05,lgbm,autoets,4904,4904,0
SPY,fz0_0p05,lgbm,chronos,4904,4904,0
SPY,fz0_0p05,lgbm,ewma,4904,4904,0
SPY,fz0_0p05,lgbm,garch11,4904,4904,0
SPY,fz0_0p05,lgbm,garch11_t,4904,4904,0
SPY,fz0_0p05,lgbm,gjr,4904,4904,0
SPY,fz0_0p05,lgbm,har,4904,4904,0
SPY,fz0_0p05,lgbm,lgbm,4904,4904,0
SPY,fz0_0p05,lgbm,moirai,4904,4904,0
SPY,fz0_0p05,lgbm,naive,4904,4904,0
SPY,fz0_0p05,lgbm,patchtst,4904,4904,0
SPY,fz0_0p05,lgbm,timesfm,4904,4904,0
SPY,fz0_0p05,moirai,autoarima,4904,4904,0
SPY,fz0_0p05,moirai,autoets,4904,4904,0
SPY,fz0_0p05,moirai,chronos,4904,4904,0
SPY,fz0_0p05,moirai,ewma,4904,4904,0
SPY,fz0_0p05,moirai,garch11,4904,4904,0
SPY,fz0_0p05,moirai,garch11_t,4904,4904,0
SPY,fz0_0p05,moirai,gjr,4904,4904,0
SPY,fz0_0p05,moirai,har,4904,4904,0
SPY,fz0_0p05,moirai,lgbm,4904,4904,0
SPY,fz0_0p05,moirai,moirai,4904,4904,0
SPY,fz0_0p05,moirai,naive,4904,4904,0
SPY,fz0_0p05,moirai,patchtst,4904,4904,0
SPY,fz0_0p05,moirai,timesfm,4904,4904,0
SPY,fz0_0p05,naive,autoarima,4904,4904,0
SPY,fz0_0p05,naive,autoets,4904,4904,0
SPY,fz0_0p05,naive,chronos,4904,4904,0
SPY,fz0_0p05,naive,ewma,4904,4904,0
SPY,fz0_0p05,naive,garch11,4904,4904,0
SPY,fz0_0p05,naive,garch11_t,4904,4904,0
SPY,fz0_0p05,naive,gjr,4904,4904,0
SPY,fz0_0p05,naive,har,4904,4904,0
SPY,fz0_0p05,naive,lgbm,4904,4904,0
SPY,fz0_0p05,naive,moirai,4904,4904,0
SPY,fz0_0p05,naive,naive,4904,4904,0
SPY,fz0_0p05,naive,patchtst,4904,4904,0
SPY,fz0_0p05,naive,timesfm,4904,4904,0
SPY,fz0_0p05,patchtst,autoarima,4904,4904,0
SPY,fz0_0p05,patchtst,autoets,4904,4904,0
SPY,fz0_0p05,patchtst,chronos,4904,4904,0
SPY,fz0_0p05,patchtst,ewma,4904,4904,0
SPY,fz0_0p05,patchtst,garch11,4904,4904,0
SPY,fz0_0p05,patchtst,garch11_t,4904,4904,0
SPY,fz0_0p05,patchtst,gjr,4904,4904,0
SPY,fz0_0p05,patchtst,har,4904,4904,0
SPY,fz0_0p05,patchtst,lgbm,4904,4904,0
SPY,fz0_0p05,patchtst,moirai,4904,4904,0
SPY,fz0_0p05,patchtst,naive,4904,4904,0
SPY,fz0_0p05,patchtst,patchtst,4904,4904,0
SPY,fz0_0p05,patchtst,timesfm,4904,4904,0
SPY,fz0_0p05,timesfm,autoarima,4904,4904,0
SPY,fz0_0p05,timesfm,autoets,4904,4904,0
SPY,fz0_0p05,timesfm,chronos,4904,4904,0
SPY,fz0_0p05,timesfm,ewma,4904,4904,0
SPY,fz0_0p05,timesfm,garch11,4904,4904,0
SPY,fz0_0p05,timesfm,garch11_t,4904,4904,0
SPY,fz0_0p05,timesfm,gjr,4904,4904,0
SPY,fz0_0p05,timesfm,har,4904,4904,0
SPY,fz0_0p05,timesfm,lgbm,4904,4904,0
SPY,fz0_0p05,timesfm,moirai,4904,4904,0
SPY,fz0_0p05,timesfm,naive,4904,4904,0
SPY,fz0_0p05,timesfm,patchtst,4904,4904,0
SPY,fz0_0p05,timesfm,timesfm,4904,4904,0
SPY,fz0_avg,autoarima,autoarima,4904,4904,0
SPY,fz0_avg,autoarima,autoets,4904,4904,0
SPY,fz0_avg,autoarima,chronos,4904,4904,0
SPY,fz0_avg,autoarima,ewma,4904,4904,0
SPY,fz0_avg,autoarima,garch11,4904,4904,0
SPY,fz0_avg,autoarima,garch11_t,4904,4904,0
SPY,fz0_avg,autoarima,gjr,4904,4904,0
SPY,fz0_avg,autoarima,har,4904,4904,0
SPY,fz0_avg,autoarima,lgbm,4904,4904,0
SPY,fz0_avg,autoarima,moirai,4904,4904,0
SPY,fz0_avg,autoarima,naive,4904,4904,0
SPY,fz0_avg,autoarima,patchtst,4904,4904,0
SPY,fz0_avg,autoarima,timesfm,4904,4904,0
SPY,fz0_avg,autoets,autoarima,4904,4904,0
SPY,fz0_avg,autoets,autoets,4904,4904,0
SPY,fz0_avg,autoets,chronos,4904,4904,0
SPY,fz0_avg,autoets,ewma,4904,4904,0
SPY,fz0_avg,autoets,garch11,4904,4904,0
SPY,fz0_avg,autoets,garch11_t,4904,4904,0
SPY,fz0_avg,autoets,gjr,4904,4904,0
SPY,fz0_avg,autoets,har,4904,4904,0
SPY,fz0_avg,autoets,lgbm,4904,4904,0
SPY,fz0_avg,autoets,moirai,4904,4904,0
SPY,fz0_avg,autoets,naive,4904,4904,0
SPY,fz0_avg,autoets,patchtst,4904,4904,0
SPY,fz0_avg,autoets,timesfm,4904,4904,0
SPY,fz0_avg,chronos,autoarima,4904,4904,0
SPY,fz0_avg,chronos,autoets,4904,4904,0
SPY,fz0_avg,chronos,chronos,4904,4904,0
SPY,fz0_avg,chronos,ewma,4904,4904,0
SPY,fz0_avg,chronos,garch11,4904,4904,0
SPY,fz0_avg,chronos,garch11_t,4904,4904,0
SPY,fz0_avg,chronos,gjr,4904,4904,0
SPY,fz0_avg,chronos,har,4904,4904,0
SPY,fz0_avg,chronos,lgbm,4904,4904,0
SPY,fz0_avg,chronos,moirai,4904,4904,0
SPY,fz0_avg,chronos,naive,4904,4904,0
SPY,fz0_avg,chronos,patchtst,4904,4904,0
SPY,fz0_avg,chronos,timesfm,4904,4904,0
SPY,fz0_avg,ewma,autoarima,4904,4904,0
SPY,fz0_avg,ewma,autoets,4904,4904,0
SPY,fz0_avg,ewma,chronos,4904,4904,0
SPY,fz0_avg,ewma,ewma,4904,4904,0
SPY,fz0_avg,ewma,garch11,4904,4904,0
SPY,fz0_avg,ewma,garch11_t,4904,4904,0
SPY,fz0_avg,ewma,gjr,4904,4904,0
SPY,fz0_avg,ewma,har,4904,4904,0
SPY,fz0_avg,ewma,lgbm,4904,4904,0
SPY,fz0_avg,ewma,moirai,4904,4904,0
SPY,fz0_avg,ewma,naive,4904,4904,0
SPY,fz0_avg,ewma,patchtst,4904,4904,0
SPY,fz0_avg,ewma,timesfm,4904,4904,0
SPY,fz0_avg,garch11,autoarima,4904,4904,0
SPY,fz0_avg,garch11,autoets,4904,4904,0
SPY,fz0_avg,garch11,chronos,4904,4904,0
SPY,fz0_avg,garch11,ewma,4904,4904,0
SPY,fz0_avg,garch11,garch11,4904,4904,0
SPY,fz0_avg,garch11,garch11_t,4904,4904,0
SPY,fz0_avg,garch11,gjr,4904,4904,0
SPY,fz0_avg,garch11,har,4904,4904,0
SPY,fz0_avg,garch11,lgbm,4904,4904,0
SPY,fz0_avg,garch11,moirai,4904,4904,0
SPY,fz0_avg,garch11,naive,4904,4904,0
SPY,fz0_avg,garch11,patchtst,4904,4904,0
SPY,fz0_avg,garch11,timesfm,4904,4904,0
SPY,fz0_avg,garch11_t,autoarima,4904,4904,0
SPY,fz0_avg,garch11_t,autoets,4904,4904,0
SPY,fz0_avg,garch11_t,chronos,4904,4904,0
SPY,fz0_avg,garch11_t,ewma,4904,4904,0
SPY,fz0_avg,garch11_t,garch11,4904,4904,0
SPY,fz0_avg,garch11_t,garch11_t,4904,4904,0
SPY,fz0_avg,garch11_t,gjr,4904,4904,0
SPY,fz0_avg,garch11_t,har,4904,4904,0
SPY,fz0_avg,garch11_t,lgbm,4904,4904,0
SPY,fz0_avg,garch11_t,moirai,4904,4904,0
SPY,fz0_avg,garch11_t,naive,4904,4904,0
SPY,fz0_avg,garch11_t,patchtst,4904,4904,0
SPY,fz0_avg,garch11_t,timesfm,4904,4904,0
SPY,fz0_avg,gjr,autoarima,4904,4904,0
SPY,fz0_avg,gjr,autoets,4904,4904,0
SPY,fz0_avg,gjr,chronos,4904,4904,0
SPY,fz0_avg,gjr,ewma,4904,4904,0
SPY,fz0_avg,gjr,garch11,4904,4904,0
SPY,fz0_avg,gjr,garch11_t,4904,4904,0
SPY,fz0_avg,gjr,gjr,4904,4904,0
SPY,fz0_avg,gjr,har,4904,4904,0
SPY,fz0_avg,gjr,lgbm,4904,4904,0
SPY,fz0_avg,gjr,moirai,4904,4904,0
SPY,fz0_avg,gjr,naive,4904,4904,0
SPY,fz0_avg,gjr,patchtst,4904,4904,0
SPY,fz0_avg,gjr,timesfm,4904,4904,0
SPY,fz0_avg,har,autoarima,4904,4904,0
SPY,fz0_avg,har,autoets,4904,4904,0
SPY,fz0_avg,har,chronos,4904,4904,0
SPY,fz0_avg,har,ewma,4904,4904,0
SPY,fz0_avg,har,garch11,4904,4904,0
SPY,fz0_avg,har,garch11_t,4904,4904,0
SPY,fz0_avg,har,gjr,4904,4904,0
SPY,fz0_avg,har,har,4904,4904,0
SPY,fz0_avg,har,lgbm,4904,4904,0
SPY,fz0_avg,har,moirai,4904,4904,0
SPY,fz0_avg,har,naive,4904,4904,0
SPY,fz0_avg,har,patchtst,4904,4904,0
SPY,fz0_avg,har,timesfm,4904,4904,0
SPY,fz0_avg,lgbm,autoarima,4904,4904,0
SPY,fz0_avg,lgbm,autoets,4904,4904,0
SPY,fz0_avg,lgbm,chronos,4904,4904,0
SPY,fz0_avg,lgbm,ewma,4904,4904,0
SPY,fz0_avg,lgbm,garch11,4904,4904,0
SPY,fz0_avg,lgbm,garch11_t,4904,4904,0
SPY,fz0_avg,lgbm,gjr,4904,4904,0
SPY,fz0_avg,lgbm,har,4904,4904,0
SPY,fz0_avg,lgbm,lgbm,4904,4904,0
SPY,fz0_avg,lgbm,moirai,4904,4904,0
SPY,fz0_avg,lgbm,naive,4904,4904,0
SPY,fz0_avg,lgbm,patchtst,4904,4904,0
SPY,fz0_avg,lgbm,timesfm,4904,4904,0
SPY,fz0_avg,moirai,autoarima,4904,4904,0
SPY,fz0_avg,moirai,autoets,4904,4904,0
SPY,fz0_avg,moirai,chronos,4904,4904,0
SPY,fz0_avg,moirai,ewma,4904,4904,0
SPY,fz0_avg,moirai,garch11,4904,4904,0
SPY,fz0_avg,moirai,garch11_t,4904,4904,0
SPY,fz0_avg,moirai,gjr,4904,4904,0
SPY,fz0_avg,moirai,har,4904,4904,0
SPY,fz0_avg,moirai,lgbm,4904,4904,0
SPY,fz0_avg,moirai,moirai,4904,4904,0
SPY,fz0_avg,moirai,naive,4904,4904,0
SPY,fz0_avg,moirai,patchtst,4904,4904,0
SPY,fz0_avg,moirai,timesfm,4904,4904,0
SPY,fz0_avg,naive,autoarima,4904,4904,0
SPY,fz0_avg,naive,autoets,4904,4904,0
SPY,fz0_avg,naive,chronos,4904,4904,0
SPY,fz0_avg,naive,ewma,4904,4904,0
SPY,fz0_avg,naive,garch11,4904,4904,0
SPY,fz0_avg,naive,garch11_t,4904,4904,0
SPY,fz0_avg,naive,gjr,4904,4904,0
SPY,fz0_avg,naive,har,4904,4904,0
SPY,fz0_avg,naive,lgbm,4904,4904,0
SPY,fz0_avg,naive,moirai,4904,4904,0
SPY,fz0_avg,naive,naive,4904,4904,0
SPY,fz0_avg,naive,patchtst,4904,4904,0
SPY,fz0_avg,naive,timesfm,4904,4904,0
SPY,fz0_avg,patchtst,autoarima,4904,4904,0
SPY,fz0_avg,patchtst,autoets,4904,4904,0
SPY,fz0_avg,patchtst,chronos,4904,4904,0
SPY,fz0_avg,patchtst,ewma,4904,4904,0
SPY,fz0_avg,patchtst,garch11,4904,4904,0
SPY,fz0_avg,patchtst,garch11_t,4904,4904,0
SPY,fz0_avg,patchtst,gjr,4904,4904,0
SPY,fz0_avg,patchtst,har,4904,4904,0
SPY,fz0_avg,patchtst,lgbm,4904,4904,0
SPY,fz0_avg,patchtst,moirai,4904,4904,0
SPY,fz0_avg,patchtst,naive,4904,4904,0
SPY,fz0_avg,patchtst,patchtst,4904,4904,0
SPY,fz0_avg,patchtst,timesfm,4904,4904,0
SPY,fz0_avg,timesfm,autoarima,4904,4904,0
SPY,fz0_avg,timesfm,autoets,4904,4904,0
SPY,fz0_avg,timesfm,chronos,4904,4904,0
SPY,fz0_avg,timesfm,ewma,4904,4904,0
SPY,fz0_avg,timesfm,garch11,4904,4904,0
SPY,fz0_avg,timesfm,garch11_t,4904,4904,0
SPY,fz0_avg,timesfm,gjr,4904,4904,0
SPY,fz0_avg,timesfm,har,4904,4904,0
SPY,fz0_avg,timesfm,lgbm,4904,4904,0
SPY,fz0_avg,timesfm,moirai,4904,4904,0
SPY,fz0_avg,timesfm,naive,4904,4904,0
SPY,fz0_avg,timesfm,patchtst,4904,4904,0
SPY,fz0_avg,timesfm,timesfm,4904,4904,0
TWSE,crps,autoarima,autoarima,4801,4801,0
TWSE,crps,autoarima,autoets,4801,4801,0
TWSE,crps,autoarima,chronos,4801,4801,0
TWSE,crps,autoarima,ewma,4801,4801,0
TWSE,crps,autoarima,garch11,4801,4801,0
TWSE,crps,autoarima,garch11_t,4801,4801,0
TWSE,crps,autoarima,gjr,4801,4801,0
TWSE,crps,autoarima,har,4801,4801,0
TWSE,crps,autoarima,lgbm,4801,4801,0
TWSE,crps,autoarima,moirai,4801,4801,0
TWSE,crps,autoarima,naive,4801,4801,0
TWSE,crps,autoarima,patchtst,4801,4801,0
TWSE,crps,autoarima,timesfm,4801,4801,0
TWSE,crps,autoets,autoarima,4801,4801,0
TWSE,crps,autoets,autoets,4801,4801,0
TWSE,crps,autoets,chronos,4801,4801,0
TWSE,crps,autoets,ewma,4801,4801,0
TWSE,crps,autoets,garch11,4801,4801,0
TWSE,crps,autoets,garch11_t,4801,4801,0
TWSE,crps,autoets,gjr,4801,4801,0
TWSE,crps,autoets,har,4801,4801,0
TWSE,crps,autoets,lgbm,4801,4801,0
TWSE,crps,autoets,moirai,4801,4801,0
TWSE,crps,autoets,naive,4801,4801,0
TWSE,crps,autoets,patchtst,4801,4801,0
TWSE,crps,autoets,timesfm,4801,4801,0
TWSE,crps,chronos,autoarima,4801,4801,0
TWSE,crps,chronos,autoets,4801,4801,0
TWSE,crps,chronos,chronos,4801,4801,0
TWSE,crps,chronos,ewma,4801,4801,0
TWSE,crps,chronos,garch11,4801,4801,0
TWSE,crps,chronos,garch11_t,4801,4801,0
TWSE,crps,chronos,gjr,4801,4801,0
TWSE,crps,chronos,har,4801,4801,0
TWSE,crps,chronos,lgbm,4801,4801,0
TWSE,crps,chronos,moirai,4801,4801,0
TWSE,crps,chronos,naive,4801,4801,0
TWSE,crps,chronos,patchtst,4801,4801,0
TWSE,crps,chronos,timesfm,4801,4801,0
TWSE,crps,ewma,autoarima,4801,4801,0
TWSE,crps,ewma,autoets,4801,4801,0
TWSE,crps,ewma,chronos,4801,4801,0
TWSE,crps,ewma,ewma,4801,4801,0
TWSE,crps,ewma,garch11,4801,4801,0
TWSE,crps,ewma,garch11_t,4801,4801,0
TWSE,crps,ewma,gjr,4801,4801,0
TWSE,crps,ewma,har,4801,4801,0
TWSE,crps,ewma,lgbm,4801,4801,0
TWSE,crps,ewma,moirai,4801,4801,0
TWSE,crps,ewma,naive,4801,4801,0
TWSE,crps,ewma,patchtst,4801,4801,0
TWSE,crps,ewma,timesfm,4801,4801,0
TWSE,crps,garch11,autoarima,4801,4801,0
TWSE,crps,garch11,autoets,4801,4801,0
TWSE,crps,garch11,chronos,4801,4801,0
TWSE,crps,garch11,ewma,4801,4801,0
TWSE,crps,garch11,garch11,4801,4801,0
TWSE,crps,garch11,garch11_t,4801,4801,0
TWSE,crps,garch11,gjr,4801,4801,0
TWSE,crps,garch11,har,4801,4801,0
TWSE,crps,garch11,lgbm,4801,4801,0
TWSE,crps,garch11,moirai,4801,4801,0
TWSE,crps,garch11,naive,4801,4801,0
TWSE,crps,garch11,patchtst,4801,4801,0
TWSE,crps,garch11,timesfm,4801,4801,0
TWSE,crps,garch11_t,autoarima,4801,4801,0
TWSE,crps,garch11_t,autoets,4801,4801,0
TWSE,crps,garch11_t,chronos,4801,4801,0
TWSE,crps,garch11_t,ewma,4801,4801,0
TWSE,crps,garch11_t,garch11,4801,4801,0
TWSE,crps,garch11_t,garch11_t,4801,4801,0
TWSE,crps,garch11_t,gjr,4801,4801,0
TWSE,crps,garch11_t,har,4801,4801,0
TWSE,crps,garch11_t,lgbm,4801,4801,0
TWSE,crps,garch11_t,moirai,4801,4801,0
TWSE,crps,garch11_t,naive,4801,4801,0
TWSE,crps,garch11_t,patchtst,4801,4801,0
TWSE,crps,garch11_t,timesfm,4801,4801,0
TWSE,crps,gjr,autoarima,4801,4801,0
TWSE,crps,gjr,autoets,4801,4801,0
TWSE,crps,gjr,chronos,4801,4801,0
TWSE,crps,gjr,ewma,4801,4801,0
TWSE,crps,gjr,garch11,4801,4801,0
TWSE,crps,gjr,garch11_t,4801,4801,0
TWSE,crps,gjr,gjr,4801,4801,0
TWSE,crps,gjr,har,4801,4801,0
TWSE,crps,gjr,lgbm,4801,4801,0
TWSE,crps,gjr,moirai,4801,4801,0
TWSE,crps,gjr,naive,4801,4801,0
TWSE,crps,gjr,patchtst,4801,4801,0
TWSE,crps,gjr,timesfm,4801,4801,0
TWSE,crps,har,autoarima,4801,4801,0
TWSE,crps,har,autoets,4801,4801,0
TWSE,crps,har,chronos,4801,4801,0
TWSE,crps,har,ewma,4801,4801,0
TWSE,crps,har,garch11,4801,4801,0
TWSE,crps,har,garch11_t,4801,4801,0
TWSE,crps,har,gjr,4801,4801,0
TWSE,crps,har,har,4801,4801,0
TWSE,crps,har,lgbm,4801,4801,0
TWSE,crps,har,moirai,4801,4801,0
TWSE,crps,har,naive,4801,4801,0
TWSE,crps,har,patchtst,4801,4801,0
TWSE,crps,har,timesfm,4801,4801,0
TWSE,crps,lgbm,autoarima,4801,4801,0
TWSE,crps,lgbm,autoets,4801,4801,0
TWSE,crps,lgbm,chronos,4801,4801,0
TWSE,crps,lgbm,ewma,4801,4801,0
TWSE,crps,lgbm,garch11,4801,4801,0
TWSE,crps,lgbm,garch11_t,4801,4801,0
TWSE,crps,lgbm,gjr,4801,4801,0
TWSE,crps,lgbm,har,4801,4801,0
TWSE,crps,lgbm,lgbm,4801,4801,0
TWSE,crps,lgbm,moirai,4801,4801,0
TWSE,crps,lgbm,naive,4801,4801,0
TWSE,crps,lgbm,patchtst,4801,4801,0
TWSE,crps,lgbm,timesfm,4801,4801,0
TWSE,crps,moirai,autoarima,4801,4801,0
TWSE,crps,moirai,autoets,4801,4801,0
TWSE,crps,moirai,chronos,4801,4801,0
TWSE,crps,moirai,ewma,4801,4801,0
TWSE,crps,moirai,garch11,4801,4801,0
TWSE,crps,moirai,garch11_t,4801,4801,0
TWSE,crps,moirai,gjr,4801,4801,0
TWSE,crps,moirai,har,4801,4801,0
TWSE,crps,moirai,lgbm,4801,4801,0
TWSE,crps,moirai,moirai,4801,4801,0
TWSE,crps,moirai,naive,4801,4801,0
TWSE,crps,moirai,patchtst,4801,4801,0
TWSE,crps,moirai,timesfm,4801,4801,0
TWSE,crps,naive,autoarima,4801,4801,0
TWSE,crps,naive,autoets,4801,4801,0
TWSE,crps,naive,chronos,4801,4801,0
TWSE,crps,naive,ewma,4801,4801,0
TWSE,crps,naive,garch11,4801,4801,0
TWSE,crps,naive,garch11_t,4801,4801,0
TWSE,crps,naive,gjr,4801,4801,0
TWSE,crps,naive,har,4801,4801,0
TWSE,crps,naive,lgbm,4801,4801,0
TWSE,crps,naive,moirai,4801,4801,0
TWSE,crps,naive,naive,4801,4801,0
TWSE,crps,naive,patchtst,4801,4801,0
TWSE,crps,naive,timesfm,4801,4801,0
TWSE,crps,patchtst,autoarima,4801,4801,0
TWSE,crps,patchtst,autoets,4801,4801,0
TWSE,crps,patchtst,chronos,4801,4801,0
TWSE,crps,patchtst,ewma,4801,4801,0
TWSE,crps,patchtst,garch11,4801,4801,0
TWSE,crps,patchtst,garch11_t,4801,4801,0
TWSE,crps,patchtst,gjr,4801,4801,0
TWSE,crps,patchtst,har,4801,4801,0
TWSE,crps,patchtst,lgbm,4801,4801,0
TWSE,crps,patchtst,moirai,4801,4801,0
TWSE,crps,patchtst,naive,4801,4801,0
TWSE,crps,patchtst,patchtst,4801,4801,0
TWSE,crps,patchtst,timesfm,4801,4801,0
TWSE,crps,timesfm,autoarima,4801,4801,0
TWSE,crps,timesfm,autoets,4801,4801,0
TWSE,crps,timesfm,chronos,4801,4801,0
TWSE,crps,timesfm,ewma,4801,4801,0
TWSE,crps,timesfm,garch11,4801,4801,0
TWSE,crps,timesfm,garch11_t,4801,4801,0
TWSE,crps,timesfm,gjr,4801,4801,0
TWSE,crps,timesfm,har,4801,4801,0
TWSE,crps,timesfm,lgbm,4801,4801,0
TWSE,crps,timesfm,moirai,4801,4801,0
TWSE,crps,timesfm,naive,4801,4801,0
TWSE,crps,timesfm,patchtst,4801,4801,0
TWSE,crps,timesfm,timesfm,4801,4801,0
TWSE,log_score,autoarima,autoarima,4801,4801,0
TWSE,log_score,autoarima,autoets,4801,4801,0
TWSE,log_score,autoarima,chronos,4801,4801,0
TWSE,log_score,autoarima,ewma,4801,4801,0
TWSE,log_score,autoarima,garch11,4801,4801,0
TWSE,log_score,autoarima,garch11_t,4801,4801,0
TWSE,log_score,autoarima,gjr,4801,4801,0
TWSE,log_score,autoarima,har,4801,4801,0
TWSE,log_score,autoarima,lgbm,4801,4801,0
TWSE,log_score,autoarima,moirai,4801,4801,0
TWSE,log_score,autoarima,naive,4801,4801,0
TWSE,log_score,autoarima,patchtst,4801,4801,0
TWSE,log_score,autoarima,timesfm,4801,4801,0
TWSE,log_score,autoets,autoarima,4801,4801,0
TWSE,log_score,autoets,autoets,4801,4801,0
TWSE,log_score,autoets,chronos,4801,4801,0
TWSE,log_score,autoets,ewma,4801,4801,0
TWSE,log_score,autoets,garch11,4801,4801,0
TWSE,log_score,autoets,garch11_t,4801,4801,0
TWSE,log_score,autoets,gjr,4801,4801,0
TWSE,log_score,autoets,har,4801,4801,0
TWSE,log_score,autoets,lgbm,4801,4801,0
TWSE,log_score,autoets,moirai,4801,4801,0
TWSE,log_score,autoets,naive,4801,4801,0
TWSE,log_score,autoets,patchtst,4801,4801,0
TWSE,log_score,autoets,timesfm,4801,4801,0
TWSE,log_score,chronos,autoarima,4801,4801,0
TWSE,log_score,chronos,autoets,4801,4801,0
TWSE,log_score,chronos,chronos,4801,4801,0
TWSE,log_score,chronos,ewma,4801,4801,0
TWSE,log_score,chronos,garch11,4801,4801,0
TWSE,log_score,chronos,garch11_t,4801,4801,0
TWSE,log_score,chronos,gjr,4801,4801,0
TWSE,log_score,chronos,har,4801,4801,0
TWSE,log_score,chronos,lgbm,4801,4801,0
TWSE,log_score,chronos,moirai,4801,4801,0
TWSE,log_score,chronos,naive,4801,4801,0
TWSE,log_score,chronos,patchtst,4801,4801,0
TWSE,log_score,chronos,timesfm,4801,4801,0
TWSE,log_score,ewma,autoarima,4801,4801,0
TWSE,log_score,ewma,autoets,4801,4801,0
TWSE,log_score,ewma,chronos,4801,4801,0
TWSE,log_score,ewma,ewma,4801,4801,0
TWSE,log_score,ewma,garch11,4801,4801,0
TWSE,log_score,ewma,garch11_t,4801,4801,0
TWSE,log_score,ewma,gjr,4801,4801,0
TWSE,log_score,ewma,har,4801,4801,0
TWSE,log_score,ewma,lgbm,4801,4801,0
TWSE,log_score,ewma,moirai,4801,4801,0
TWSE,log_score,ewma,naive,4801,4801,0
TWSE,log_score,ewma,patchtst,4801,4801,0
TWSE,log_score,ewma,timesfm,4801,4801,0
TWSE,log_score,garch11,autoarima,4801,4801,0
TWSE,log_score,garch11,autoets,4801,4801,0
TWSE,log_score,garch11,chronos,4801,4801,0
TWSE,log_score,garch11,ewma,4801,4801,0
TWSE,log_score,garch11,garch11,4801,4801,0
TWSE,log_score,garch11,garch11_t,4801,4801,0
TWSE,log_score,garch11,gjr,4801,4801,0
TWSE,log_score,garch11,har,4801,4801,0
TWSE,log_score,garch11,lgbm,4801,4801,0
TWSE,log_score,garch11,moirai,4801,4801,0
TWSE,log_score,garch11,naive,4801,4801,0
TWSE,log_score,garch11,patchtst,4801,4801,0
TWSE,log_score,garch11,timesfm,4801,4801,0
TWSE,log_score,garch11_t,autoarima,4801,4801,0
TWSE,log_score,garch11_t,autoets,4801,4801,0
TWSE,log_score,garch11_t,chronos,4801,4801,0
TWSE,log_score,garch11_t,ewma,4801,4801,0
TWSE,log_score,garch11_t,garch11,4801,4801,0
TWSE,log_score,garch11_t,garch11_t,4801,4801,0
TWSE,log_score,garch11_t,gjr,4801,4801,0
TWSE,log_score,garch11_t,har,4801,4801,0
TWSE,log_score,garch11_t,lgbm,4801,4801,0
TWSE,log_score,garch11_t,moirai,4801,4801,0
TWSE,log_score,garch11_t,naive,4801,4801,0
TWSE,log_score,garch11_t,patchtst,4801,4801,0
TWSE,log_score,garch11_t,timesfm,4801,4801,0
TWSE,log_score,gjr,autoarima,4801,4801,0
TWSE,log_score,gjr,autoets,4801,4801,0
TWSE,log_score,gjr,chronos,4801,4801,0
TWSE,log_score,gjr,ewma,4801,4801,0
TWSE,log_score,gjr,garch11,4801,4801,0
TWSE,log_score,gjr,garch11_t,4801,4801,0
TWSE,log_score,gjr,gjr,4801,4801,0
TWSE,log_score,gjr,har,4801,4801,0
TWSE,log_score,gjr,lgbm,4801,4801,0
TWSE,log_score,gjr,moirai,4801,4801,0
TWSE,log_score,gjr,naive,4801,4801,0
TWSE,log_score,gjr,patchtst,4801,4801,0
TWSE,log_score,gjr,timesfm,4801,4801,0
TWSE,log_score,har,autoarima,4801,4801,0
TWSE,log_score,har,autoets,4801,4801,0
TWSE,log_score,har,chronos,4801,4801,0
TWSE,log_score,har,ewma,4801,4801,0
TWSE,log_score,har,garch11,4801,4801,0
TWSE,log_score,har,garch11_t,4801,4801,0
TWSE,log_score,har,gjr,4801,4801,0
TWSE,log_score,har,har,4801,4801,0
TWSE,log_score,har,lgbm,4801,4801,0
TWSE,log_score,har,moirai,4801,4801,0
TWSE,log_score,har,naive,4801,4801,0
TWSE,log_score,har,patchtst,4801,4801,0
TWSE,log_score,har,timesfm,4801,4801,0
TWSE,log_score,lgbm,autoarima,4801,4801,0
TWSE,log_score,lgbm,autoets,4801,4801,0
TWSE,log_score,lgbm,chronos,4801,4801,0
TWSE,log_score,lgbm,ewma,4801,4801,0
TWSE,log_score,lgbm,garch11,4801,4801,0
TWSE,log_score,lgbm,garch11_t,4801,4801,0
TWSE,log_score,lgbm,gjr,4801,4801,0
TWSE,log_score,lgbm,har,4801,4801,0
TWSE,log_score,lgbm,lgbm,4801,4801,0
TWSE,log_score,lgbm,moirai,4801,4801,0
TWSE,log_score,lgbm,naive,4801,4801,0
TWSE,log_score,lgbm,patchtst,4801,4801,0
TWSE,log_score,lgbm,timesfm,4801,4801,0
TWSE,log_score,moirai,autoarima,4801,4801,0
TWSE,log_score,moirai,autoets,4801,4801,0
TWSE,log_score,moirai,chronos,4801,4801,0
TWSE,log_score,moirai,ewma,4801,4801,0
TWSE,log_score,moirai,garch11,4801,4801,0
TWSE,log_score,moirai,garch11_t,4801,4801,0
TWSE,log_score,moirai,gjr,4801,4801,0
TWSE,log_score,moirai,har,4801,4801,0
TWSE,log_score,moirai,lgbm,4801,4801,0
TWSE,log_score,moirai,moirai,4801,4801,0
TWSE,log_score,moirai,naive,4801,4801,0
TWSE,log_score,moirai,patchtst,4801,4801,0
TWSE,log_score,moirai,timesfm,4801,4801,0
TWSE,log_score,naive,autoarima,4801,4801,0
TWSE,log_score,naive,autoets,4801,4801,0
TWSE,log_score,naive,chronos,4801,4801,0
TWSE,log_score,naive,ewma,4801,4801,0
TWSE,log_score,naive,garch11,4801,4801,0
TWSE,log_score,naive,garch11_t,4801,4801,0
TWSE,log_score,naive,gjr,4801,4801,0
TWSE,log_score,naive,har,4801,4801,0
TWSE,log_score,naive,lgbm,4801,4801,0
TWSE,log_score,naive,moirai,4801,4801,0
TWSE,log_score,naive,naive,4801,4801,0
TWSE,log_score,naive,patchtst,4801,4801,0
TWSE,log_score,naive,timesfm,4801,4801,0
TWSE,log_score,patchtst,autoarima,4801,4801,0
TWSE,log_score,patchtst,autoets,4801,4801,0
TWSE,log_score,patchtst,chronos,4801,4801,0
TWSE,log_score,patchtst,ewma,4801,4801,0
TWSE,log_score,patchtst,garch11,4801,4801,0
TWSE,log_score,patchtst,garch11_t,4801,4801,0
TWSE,log_score,patchtst,gjr,4801,4801,0
TWSE,log_score,patchtst,har,4801,4801,0
TWSE,log_score,patchtst,lgbm,4801,4801,0
TWSE,log_score,patchtst,moirai,4801,4801,0
TWSE,log_score,patchtst,naive,4801,4801,0
TWSE,log_score,patchtst,patchtst,4801,4801,0
TWSE,log_score,patchtst,timesfm,4801,4801,0
TWSE,log_score,timesfm,autoarima,4801,4801,0
TWSE,log_score,timesfm,autoets,4801,4801,0
TWSE,log_score,timesfm,chronos,4801,4801,0
TWSE,log_score,timesfm,ewma,4801,4801,0
TWSE,log_score,timesfm,garch11,4801,4801,0
TWSE,log_score,timesfm,garch11_t,4801,4801,0
TWSE,log_score,timesfm,gjr,4801,4801,0
TWSE,log_score,timesfm,har,4801,4801,0
TWSE,log_score,timesfm,lgbm,4801,4801,0
TWSE,log_score,timesfm,moirai,4801,4801,0
TWSE,log_score,timesfm,naive,4801,4801,0
TWSE,log_score,timesfm,patchtst,4801,4801,0
TWSE,log_score,timesfm,timesfm,4801,4801,0
TWSE,pinball_0p01,autoarima,autoarima,4801,4801,0
TWSE,pinball_0p01,autoarima,autoets,4801,4801,0
TWSE,pinball_0p01,autoarima,chronos,4801,4801,0
TWSE,pinball_0p01,autoarima,ewma,4801,4801,0
TWSE,pinball_0p01,autoarima,garch11,4801,4801,0
TWSE,pinball_0p01,autoarima,garch11_t,4801,4801,0
TWSE,pinball_0p01,autoarima,gjr,4801,4801,0
TWSE,pinball_0p01,autoarima,har,4801,4801,0
TWSE,pinball_0p01,autoarima,lgbm,4801,4801,0
TWSE,pinball_0p01,autoarima,moirai,4801,4801,0
TWSE,pinball_0p01,autoarima,naive,4801,4801,0
TWSE,pinball_0p01,autoarima,patchtst,4801,4801,0
TWSE,pinball_0p01,autoarima,timesfm,4801,4801,0
TWSE,pinball_0p01,autoets,autoarima,4801,4801,0
TWSE,pinball_0p01,autoets,autoets,4801,4801,0
TWSE,pinball_0p01,autoets,chronos,4801,4801,0
TWSE,pinball_0p01,autoets,ewma,4801,4801,0
TWSE,pinball_0p01,autoets,garch11,4801,4801,0
TWSE,pinball_0p01,autoets,garch11_t,4801,4801,0
TWSE,pinball_0p01,autoets,gjr,4801,4801,0
TWSE,pinball_0p01,autoets,har,4801,4801,0
TWSE,pinball_0p01,autoets,lgbm,4801,4801,0
TWSE,pinball_0p01,autoets,moirai,4801,4801,0
TWSE,pinball_0p01,autoets,naive,4801,4801,0
TWSE,pinball_0p01,autoets,patchtst,4801,4801,0
TWSE,pinball_0p01,autoets,timesfm,4801,4801,0
TWSE,pinball_0p01,chronos,autoarima,4801,4801,0
TWSE,pinball_0p01,chronos,autoets,4801,4801,0
TWSE,pinball_0p01,chronos,chronos,4801,4801,0
TWSE,pinball_0p01,chronos,ewma,4801,4801,0
TWSE,pinball_0p01,chronos,garch11,4801,4801,0
TWSE,pinball_0p01,chronos,garch11_t,4801,4801,0
TWSE,pinball_0p01,chronos,gjr,4801,4801,0
TWSE,pinball_0p01,chronos,har,4801,4801,0
TWSE,pinball_0p01,chronos,lgbm,4801,4801,0
TWSE,pinball_0p01,chronos,moirai,4801,4801,0
TWSE,pinball_0p01,chronos,naive,4801,4801,0
TWSE,pinball_0p01,chronos,patchtst,4801,4801,0
TWSE,pinball_0p01,chronos,timesfm,4801,4801,0
TWSE,pinball_0p01,ewma,autoarima,4801,4801,0
TWSE,pinball_0p01,ewma,autoets,4801,4801,0
TWSE,pinball_0p01,ewma,chronos,4801,4801,0
TWSE,pinball_0p01,ewma,ewma,4801,4801,0
TWSE,pinball_0p01,ewma,garch11,4801,4801,0
TWSE,pinball_0p01,ewma,garch11_t,4801,4801,0
TWSE,pinball_0p01,ewma,gjr,4801,4801,0
TWSE,pinball_0p01,ewma,har,4801,4801,0
TWSE,pinball_0p01,ewma,lgbm,4801,4801,0
TWSE,pinball_0p01,ewma,moirai,4801,4801,0
TWSE,pinball_0p01,ewma,naive,4801,4801,0
TWSE,pinball_0p01,ewma,patchtst,4801,4801,0
TWSE,pinball_0p01,ewma,timesfm,4801,4801,0
TWSE,pinball_0p01,garch11,autoarima,4801,4801,0
TWSE,pinball_0p01,garch11,autoets,4801,4801,0
TWSE,pinball_0p01,garch11,chronos,4801,4801,0
TWSE,pinball_0p01,garch11,ewma,4801,4801,0
TWSE,pinball_0p01,garch11,garch11,4801,4801,0
TWSE,pinball_0p01,garch11,garch11_t,4801,4801,0
TWSE,pinball_0p01,garch11,gjr,4801,4801,0
TWSE,pinball_0p01,garch11,har,4801,4801,0
TWSE,pinball_0p01,garch11,lgbm,4801,4801,0
TWSE,pinball_0p01,garch11,moirai,4801,4801,0
TWSE,pinball_0p01,garch11,naive,4801,4801,0
TWSE,pinball_0p01,garch11,patchtst,4801,4801,0
TWSE,pinball_0p01,garch11,timesfm,4801,4801,0
TWSE,pinball_0p01,garch11_t,autoarima,4801,4801,0
TWSE,pinball_0p01,garch11_t,autoets,4801,4801,0
TWSE,pinball_0p01,garch11_t,chronos,4801,4801,0
TWSE,pinball_0p01,garch11_t,ewma,4801,4801,0
TWSE,pinball_0p01,garch11_t,garch11,4801,4801,0
TWSE,pinball_0p01,garch11_t,garch11_t,4801,4801,0
TWSE,pinball_0p01,garch11_t,gjr,4801,4801,0
TWSE,pinball_0p01,garch11_t,har,4801,4801,0
TWSE,pinball_0p01,garch11_t,lgbm,4801,4801,0
TWSE,pinball_0p01,garch11_t,moirai,4801,4801,0
TWSE,pinball_0p01,garch11_t,naive,4801,4801,0
TWSE,pinball_0p01,garch11_t,patchtst,4801,4801,0
TWSE,pinball_0p01,garch11_t,timesfm,4801,4801,0
TWSE,pinball_0p01,gjr,autoarima,4801,4801,0
TWSE,pinball_0p01,gjr,autoets,4801,4801,0
TWSE,pinball_0p01,gjr,chronos,4801,4801,0
TWSE,pinball_0p01,gjr,ewma,4801,4801,0
TWSE,pinball_0p01,gjr,garch11,4801,4801,0
TWSE,pinball_0p01,gjr,garch11_t,4801,4801,0
TWSE,pinball_0p01,gjr,gjr,4801,4801,0
TWSE,pinball_0p01,gjr,har,4801,4801,0
TWSE,pinball_0p01,gjr,lgbm,4801,4801,0
TWSE,pinball_0p01,gjr,moirai,4801,4801,0
TWSE,pinball_0p01,gjr,naive,4801,4801,0
TWSE,pinball_0p01,gjr,patchtst,4801,4801,0
TWSE,pinball_0p01,gjr,timesfm,4801,4801,0
TWSE,pinball_0p01,har,autoarima,4801,4801,0
TWSE,pinball_0p01,har,autoets,4801,4801,0
TWSE,pinball_0p01,har,chronos,4801,4801,0
TWSE,pinball_0p01,har,ewma,4801,4801,0
TWSE,pinball_0p01,har,garch11,4801,4801,0
TWSE,pinball_0p01,har,garch11_t,4801,4801,0
TWSE,pinball_0p01,har,gjr,4801,4801,0
TWSE,pinball_0p01,har,har,4801,4801,0
TWSE,pinball_0p01,har,lgbm,4801,4801,0
TWSE,pinball_0p01,har,moirai,4801,4801,0
TWSE,pinball_0p01,har,naive,4801,4801,0
TWSE,pinball_0p01,har,patchtst,4801,4801,0
TWSE,pinball_0p01,har,timesfm,4801,4801,0
TWSE,pinball_0p01,lgbm,autoarima,4801,4801,0
TWSE,pinball_0p01,lgbm,autoets,4801,4801,0
TWSE,pinball_0p01,lgbm,chronos,4801,4801,0
TWSE,pinball_0p01,lgbm,ewma,4801,4801,0
TWSE,pinball_0p01,lgbm,garch11,4801,4801,0
TWSE,pinball_0p01,lgbm,garch11_t,4801,4801,0
TWSE,pinball_0p01,lgbm,gjr,4801,4801,0
TWSE,pinball_0p01,lgbm,har,4801,4801,0
TWSE,pinball_0p01,lgbm,lgbm,4801,4801,0
TWSE,pinball_0p01,lgbm,moirai,4801,4801,0
TWSE,pinball_0p01,lgbm,naive,4801,4801,0
TWSE,pinball_0p01,lgbm,patchtst,4801,4801,0
TWSE,pinball_0p01,lgbm,timesfm,4801,4801,0
TWSE,pinball_0p01,moirai,autoarima,4801,4801,0
TWSE,pinball_0p01,moirai,autoets,4801,4801,0
TWSE,pinball_0p01,moirai,chronos,4801,4801,0
TWSE,pinball_0p01,moirai,ewma,4801,4801,0
TWSE,pinball_0p01,moirai,garch11,4801,4801,0
TWSE,pinball_0p01,moirai,garch11_t,4801,4801,0
TWSE,pinball_0p01,moirai,gjr,4801,4801,0
TWSE,pinball_0p01,moirai,har,4801,4801,0
TWSE,pinball_0p01,moirai,lgbm,4801,4801,0
TWSE,pinball_0p01,moirai,moirai,4801,4801,0
TWSE,pinball_0p01,moirai,naive,4801,4801,0
TWSE,pinball_0p01,moirai,patchtst,4801,4801,0
TWSE,pinball_0p01,moirai,timesfm,4801,4801,0
TWSE,pinball_0p01,naive,autoarima,4801,4801,0
TWSE,pinball_0p01,naive,autoets,4801,4801,0
TWSE,pinball_0p01,naive,chronos,4801,4801,0
TWSE,pinball_0p01,naive,ewma,4801,4801,0
TWSE,pinball_0p01,naive,garch11,4801,4801,0
TWSE,pinball_0p01,naive,garch11_t,4801,4801,0
TWSE,pinball_0p01,naive,gjr,4801,4801,0
TWSE,pinball_0p01,naive,har,4801,4801,0
TWSE,pinball_0p01,naive,lgbm,4801,4801,0
TWSE,pinball_0p01,naive,moirai,4801,4801,0
TWSE,pinball_0p01,naive,naive,4801,4801,0
TWSE,pinball_0p01,naive,patchtst,4801,4801,0
TWSE,pinball_0p01,naive,timesfm,4801,4801,0
TWSE,pinball_0p01,patchtst,autoarima,4801,4801,0
TWSE,pinball_0p01,patchtst,autoets,4801,4801,0
TWSE,pinball_0p01,patchtst,chronos,4801,4801,0
TWSE,pinball_0p01,patchtst,ewma,4801,4801,0
TWSE,pinball_0p01,patchtst,garch11,4801,4801,0
TWSE,pinball_0p01,patchtst,garch11_t,4801,4801,0
TWSE,pinball_0p01,patchtst,gjr,4801,4801,0
TWSE,pinball_0p01,patchtst,har,4801,4801,0
TWSE,pinball_0p01,patchtst,lgbm,4801,4801,0
TWSE,pinball_0p01,patchtst,moirai,4801,4801,0
TWSE,pinball_0p01,patchtst,naive,4801,4801,0
TWSE,pinball_0p01,patchtst,patchtst,4801,4801,0
TWSE,pinball_0p01,patchtst,timesfm,4801,4801,0
TWSE,pinball_0p01,timesfm,autoarima,4801,4801,0
TWSE,pinball_0p01,timesfm,autoets,4801,4801,0
TWSE,pinball_0p01,timesfm,chronos,4801,4801,0
TWSE,pinball_0p01,timesfm,ewma,4801,4801,0
TWSE,pinball_0p01,timesfm,garch11,4801,4801,0
TWSE,pinball_0p01,timesfm,garch11_t,4801,4801,0
TWSE,pinball_0p01,timesfm,gjr,4801,4801,0
TWSE,pinball_0p01,timesfm,har,4801,4801,0
TWSE,pinball_0p01,timesfm,lgbm,4801,4801,0
TWSE,pinball_0p01,timesfm,moirai,4801,4801,0
TWSE,pinball_0p01,timesfm,naive,4801,4801,0
TWSE,pinball_0p01,timesfm,patchtst,4801,4801,0
TWSE,pinball_0p01,timesfm,timesfm,4801,4801,0
TWSE,pinball_0p025,autoarima,autoarima,4801,4801,0
TWSE,pinball_0p025,autoarima,autoets,4801,4801,0
TWSE,pinball_0p025,autoarima,chronos,4801,4801,0
TWSE,pinball_0p025,autoarima,ewma,4801,4801,0
TWSE,pinball_0p025,autoarima,garch11,4801,4801,0
TWSE,pinball_0p025,autoarima,garch11_t,4801,4801,0
TWSE,pinball_0p025,autoarima,gjr,4801,4801,0
TWSE,pinball_0p025,autoarima,har,4801,4801,0
TWSE,pinball_0p025,autoarima,lgbm,4801,4801,0
TWSE,pinball_0p025,autoarima,moirai,4801,4801,0
TWSE,pinball_0p025,autoarima,naive,4801,4801,0
TWSE,pinball_0p025,autoarima,patchtst,4801,4801,0
TWSE,pinball_0p025,autoarima,timesfm,4801,4801,0
TWSE,pinball_0p025,autoets,autoarima,4801,4801,0
TWSE,pinball_0p025,autoets,autoets,4801,4801,0
TWSE,pinball_0p025,autoets,chronos,4801,4801,0
TWSE,pinball_0p025,autoets,ewma,4801,4801,0
TWSE,pinball_0p025,autoets,garch11,4801,4801,0
TWSE,pinball_0p025,autoets,garch11_t,4801,4801,0
TWSE,pinball_0p025,autoets,gjr,4801,4801,0
TWSE,pinball_0p025,autoets,har,4801,4801,0
TWSE,pinball_0p025,autoets,lgbm,4801,4801,0
TWSE,pinball_0p025,autoets,moirai,4801,4801,0
TWSE,pinball_0p025,autoets,naive,4801,4801,0
TWSE,pinball_0p025,autoets,patchtst,4801,4801,0
TWSE,pinball_0p025,autoets,timesfm,4801,4801,0
TWSE,pinball_0p025,chronos,autoarima,4801,4801,0
TWSE,pinball_0p025,chronos,autoets,4801,4801,0
TWSE,pinball_0p025,chronos,chronos,4801,4801,0
TWSE,pinball_0p025,chronos,ewma,4801,4801,0
TWSE,pinball_0p025,chronos,garch11,4801,4801,0
TWSE,pinball_0p025,chronos,garch11_t,4801,4801,0
TWSE,pinball_0p025,chronos,gjr,4801,4801,0
TWSE,pinball_0p025,chronos,har,4801,4801,0
TWSE,pinball_0p025,chronos,lgbm,4801,4801,0
TWSE,pinball_0p025,chronos,moirai,4801,4801,0
TWSE,pinball_0p025,chronos,naive,4801,4801,0
TWSE,pinball_0p025,chronos,patchtst,4801,4801,0
TWSE,pinball_0p025,chronos,timesfm,4801,4801,0
TWSE,pinball_0p025,ewma,autoarima,4801,4801,0
TWSE,pinball_0p025,ewma,autoets,4801,4801,0
TWSE,pinball_0p025,ewma,chronos,4801,4801,0
TWSE,pinball_0p025,ewma,ewma,4801,4801,0
TWSE,pinball_0p025,ewma,garch11,4801,4801,0
TWSE,pinball_0p025,ewma,garch11_t,4801,4801,0
TWSE,pinball_0p025,ewma,gjr,4801,4801,0
TWSE,pinball_0p025,ewma,har,4801,4801,0
TWSE,pinball_0p025,ewma,lgbm,4801,4801,0
TWSE,pinball_0p025,ewma,moirai,4801,4801,0
TWSE,pinball_0p025,ewma,naive,4801,4801,0
TWSE,pinball_0p025,ewma,patchtst,4801,4801,0
TWSE,pinball_0p025,ewma,timesfm,4801,4801,0
TWSE,pinball_0p025,garch11,autoarima,4801,4801,0
TWSE,pinball_0p025,garch11,autoets,4801,4801,0
TWSE,pinball_0p025,garch11,chronos,4801,4801,0
TWSE,pinball_0p025,garch11,ewma,4801,4801,0
TWSE,pinball_0p025,garch11,garch11,4801,4801,0
TWSE,pinball_0p025,garch11,garch11_t,4801,4801,0
TWSE,pinball_0p025,garch11,gjr,4801,4801,0
TWSE,pinball_0p025,garch11,har,4801,4801,0
TWSE,pinball_0p025,garch11,lgbm,4801,4801,0
TWSE,pinball_0p025,garch11,moirai,4801,4801,0
TWSE,pinball_0p025,garch11,naive,4801,4801,0
TWSE,pinball_0p025,garch11,patchtst,4801,4801,0
TWSE,pinball_0p025,garch11,timesfm,4801,4801,0
TWSE,pinball_0p025,garch11_t,autoarima,4801,4801,0
TWSE,pinball_0p025,garch11_t,autoets,4801,4801,0
TWSE,pinball_0p025,garch11_t,chronos,4801,4801,0
TWSE,pinball_0p025,garch11_t,ewma,4801,4801,0
TWSE,pinball_0p025,garch11_t,garch11,4801,4801,0
TWSE,pinball_0p025,garch11_t,garch11_t,4801,4801,0
TWSE,pinball_0p025,garch11_t,gjr,4801,4801,0
TWSE,pinball_0p025,garch11_t,har,4801,4801,0
TWSE,pinball_0p025,garch11_t,lgbm,4801,4801,0
TWSE,pinball_0p025,garch11_t,moirai,4801,4801,0
TWSE,pinball_0p025,garch11_t,naive,4801,4801,0
TWSE,pinball_0p025,garch11_t,patchtst,4801,4801,0
TWSE,pinball_0p025,garch11_t,timesfm,4801,4801,0
TWSE,pinball_0p025,gjr,autoarima,4801,4801,0
TWSE,pinball_0p025,gjr,autoets,4801,4801,0
TWSE,pinball_0p025,gjr,chronos,4801,4801,0
TWSE,pinball_0p025,gjr,ewma,4801,4801,0
TWSE,pinball_0p025,gjr,garch11,4801,4801,0
TWSE,pinball_0p025,gjr,garch11_t,4801,4801,0
TWSE,pinball_0p025,gjr,gjr,4801,4801,0
TWSE,pinball_0p025,gjr,har,4801,4801,0
TWSE,pinball_0p025,gjr,lgbm,4801,4801,0
TWSE,pinball_0p025,gjr,moirai,4801,4801,0
TWSE,pinball_0p025,gjr,naive,4801,4801,0
TWSE,pinball_0p025,gjr,patchtst,4801,4801,0
TWSE,pinball_0p025,gjr,timesfm,4801,4801,0
TWSE,pinball_0p025,har,autoarima,4801,4801,0
TWSE,pinball_0p025,har,autoets,4801,4801,0
TWSE,pinball_0p025,har,chronos,4801,4801,0
TWSE,pinball_0p025,har,ewma,4801,4801,0
TWSE,pinball_0p025,har,garch11,4801,4801,0
TWSE,pinball_0p025,har,garch11_t,4801,4801,0
TWSE,pinball_0p025,har,gjr,4801,4801,0
TWSE,pinball_0p025,har,har,4801,4801,0
TWSE,pinball_0p025,har,lgbm,4801,4801,0
TWSE,pinball_0p025,har,moirai,4801,4801,0
TWSE,pinball_0p025,har,naive,4801,4801,0
TWSE,pinball_0p025,har,patchtst,4801,4801,0
TWSE,pinball_0p025,har,timesfm,4801,4801,0
TWSE,pinball_0p025,lgbm,autoarima,4801,4801,0
TWSE,pinball_0p025,lgbm,autoets,4801,4801,0
TWSE,pinball_0p025,lgbm,chronos,4801,4801,0
TWSE,pinball_0p025,lgbm,ewma,4801,4801,0
TWSE,pinball_0p025,lgbm,garch11,4801,4801,0
TWSE,pinball_0p025,lgbm,garch11_t,4801,4801,0
TWSE,pinball_0p025,lgbm,gjr,4801,4801,0
TWSE,pinball_0p025,lgbm,har,4801,4801,0
TWSE,pinball_0p025,lgbm,lgbm,4801,4801,0
TWSE,pinball_0p025,lgbm,moirai,4801,4801,0
TWSE,pinball_0p025,lgbm,naive,4801,4801,0
TWSE,pinball_0p025,lgbm,patchtst,4801,4801,0
TWSE,pinball_0p025,lgbm,timesfm,4801,4801,0
TWSE,pinball_0p025,moirai,autoarima,4801,4801,0
TWSE,pinball_0p025,moirai,autoets,4801,4801,0
TWSE,pinball_0p025,moirai,chronos,4801,4801,0
TWSE,pinball_0p025,moirai,ewma,4801,4801,0
TWSE,pinball_0p025,moirai,garch11,4801,4801,0
TWSE,pinball_0p025,moirai,garch11_t,4801,4801,0
TWSE,pinball_0p025,moirai,gjr,4801,4801,0
TWSE,pinball_0p025,moirai,har,4801,4801,0
TWSE,pinball_0p025,moirai,lgbm,4801,4801,0
TWSE,pinball_0p025,moirai,moirai,4801,4801,0
TWSE,pinball_0p025,moirai,naive,4801,4801,0
TWSE,pinball_0p025,moirai,patchtst,4801,4801,0
TWSE,pinball_0p025,moirai,timesfm,4801,4801,0
TWSE,pinball_0p025,naive,autoarima,4801,4801,0
TWSE,pinball_0p025,naive,autoets,4801,4801,0
TWSE,pinball_0p025,naive,chronos,4801,4801,0
TWSE,pinball_0p025,naive,ewma,4801,4801,0
TWSE,pinball_0p025,naive,garch11,4801,4801,0
TWSE,pinball_0p025,naive,garch11_t,4801,4801,0
TWSE,pinball_0p025,naive,gjr,4801,4801,0
TWSE,pinball_0p025,naive,har,4801,4801,0
TWSE,pinball_0p025,naive,lgbm,4801,4801,0
TWSE,pinball_0p025,naive,moirai,4801,4801,0
TWSE,pinball_0p025,naive,naive,4801,4801,0
TWSE,pinball_0p025,naive,patchtst,4801,4801,0
TWSE,pinball_0p025,naive,timesfm,4801,4801,0
TWSE,pinball_0p025,patchtst,autoarima,4801,4801,0
TWSE,pinball_0p025,patchtst,autoets,4801,4801,0
TWSE,pinball_0p025,patchtst,chronos,4801,4801,0
TWSE,pinball_0p025,patchtst,ewma,4801,4801,0
TWSE,pinball_0p025,patchtst,garch11,4801,4801,0
TWSE,pinball_0p025,patchtst,garch11_t,4801,4801,0
TWSE,pinball_0p025,patchtst,gjr,4801,4801,0
TWSE,pinball_0p025,patchtst,har,4801,4801,0
TWSE,pinball_0p025,patchtst,lgbm,4801,4801,0
TWSE,pinball_0p025,patchtst,moirai,4801,4801,0
TWSE,pinball_0p025,patchtst,naive,4801,4801,0
TWSE,pinball_0p025,patchtst,patchtst,4801,4801,0
TWSE,pinball_0p025,patchtst,timesfm,4801,4801,0
TWSE,pinball_0p025,timesfm,autoarima,4801,4801,0
TWSE,pinball_0p025,timesfm,autoets,4801,4801,0
TWSE,pinball_0p025,timesfm,chronos,4801,4801,0
TWSE,pinball_0p025,timesfm,ewma,4801,4801,0
TWSE,pinball_0p025,timesfm,garch11,4801,4801,0
TWSE,pinball_0p025,timesfm,garch11_t,4801,4801,0
TWSE,pinball_0p025,timesfm,gjr,4801,4801,0
TWSE,pinball_0p025,timesfm,har,4801,4801,0
TWSE,pinball_0p025,timesfm,lgbm,4801,4801,0
TWSE,pinball_0p025,timesfm,moirai,4801,4801,0
TWSE,pinball_0p025,timesfm,naive,4801,4801,0
TWSE,pinball_0p025,timesfm,patchtst,4801,4801,0
TWSE,pinball_0p025,timesfm,timesfm,4801,4801,0
TWSE,pinball_0p05,autoarima,autoarima,4801,4801,0
TWSE,pinball_0p05,autoarima,autoets,4801,4801,0
TWSE,pinball_0p05,autoarima,chronos,4801,4801,0
TWSE,pinball_0p05,autoarima,ewma,4801,4801,0
TWSE,pinball_0p05,autoarima,garch11,4801,4801,0
TWSE,pinball_0p05,autoarima,garch11_t,4801,4801,0
TWSE,pinball_0p05,autoarima,gjr,4801,4801,0
TWSE,pinball_0p05,autoarima,har,4801,4801,0
TWSE,pinball_0p05,autoarima,lgbm,4801,4801,0
TWSE,pinball_0p05,autoarima,moirai,4801,4801,0
TWSE,pinball_0p05,autoarima,naive,4801,4801,0
TWSE,pinball_0p05,autoarima,patchtst,4801,4801,0
TWSE,pinball_0p05,autoarima,timesfm,4801,4801,0
TWSE,pinball_0p05,autoets,autoarima,4801,4801,0
TWSE,pinball_0p05,autoets,autoets,4801,4801,0
TWSE,pinball_0p05,autoets,chronos,4801,4801,0
TWSE,pinball_0p05,autoets,ewma,4801,4801,0
TWSE,pinball_0p05,autoets,garch11,4801,4801,0
TWSE,pinball_0p05,autoets,garch11_t,4801,4801,0
TWSE,pinball_0p05,autoets,gjr,4801,4801,0
TWSE,pinball_0p05,autoets,har,4801,4801,0
TWSE,pinball_0p05,autoets,lgbm,4801,4801,0
TWSE,pinball_0p05,autoets,moirai,4801,4801,0
TWSE,pinball_0p05,autoets,naive,4801,4801,0
TWSE,pinball_0p05,autoets,patchtst,4801,4801,0
TWSE,pinball_0p05,autoets,timesfm,4801,4801,0
TWSE,pinball_0p05,chronos,autoarima,4801,4801,0
TWSE,pinball_0p05,chronos,autoets,4801,4801,0
TWSE,pinball_0p05,chronos,chronos,4801,4801,0
TWSE,pinball_0p05,chronos,ewma,4801,4801,0
TWSE,pinball_0p05,chronos,garch11,4801,4801,0
TWSE,pinball_0p05,chronos,garch11_t,4801,4801,0
TWSE,pinball_0p05,chronos,gjr,4801,4801,0
TWSE,pinball_0p05,chronos,har,4801,4801,0
TWSE,pinball_0p05,chronos,lgbm,4801,4801,0
TWSE,pinball_0p05,chronos,moirai,4801,4801,0
TWSE,pinball_0p05,chronos,naive,4801,4801,0
TWSE,pinball_0p05,chronos,patchtst,4801,4801,0
TWSE,pinball_0p05,chronos,timesfm,4801,4801,0
TWSE,pinball_0p05,ewma,autoarima,4801,4801,0
TWSE,pinball_0p05,ewma,autoets,4801,4801,0
TWSE,pinball_0p05,ewma,chronos,4801,4801,0
TWSE,pinball_0p05,ewma,ewma,4801,4801,0
TWSE,pinball_0p05,ewma,garch11,4801,4801,0
TWSE,pinball_0p05,ewma,garch11_t,4801,4801,0
TWSE,pinball_0p05,ewma,gjr,4801,4801,0
TWSE,pinball_0p05,ewma,har,4801,4801,0
TWSE,pinball_0p05,ewma,lgbm,4801,4801,0
TWSE,pinball_0p05,ewma,moirai,4801,4801,0
TWSE,pinball_0p05,ewma,naive,4801,4801,0
TWSE,pinball_0p05,ewma,patchtst,4801,4801,0
TWSE,pinball_0p05,ewma,timesfm,4801,4801,0
TWSE,pinball_0p05,garch11,autoarima,4801,4801,0
TWSE,pinball_0p05,garch11,autoets,4801,4801,0
TWSE,pinball_0p05,garch11,chronos,4801,4801,0
TWSE,pinball_0p05,garch11,ewma,4801,4801,0
TWSE,pinball_0p05,garch11,garch11,4801,4801,0
TWSE,pinball_0p05,garch11,garch11_t,4801,4801,0
TWSE,pinball_0p05,garch11,gjr,4801,4801,0
TWSE,pinball_0p05,garch11,har,4801,4801,0
TWSE,pinball_0p05,garch11,lgbm,4801,4801,0
TWSE,pinball_0p05,garch11,moirai,4801,4801,0
TWSE,pinball_0p05,garch11,naive,4801,4801,0
TWSE,pinball_0p05,garch11,patchtst,4801,4801,0
TWSE,pinball_0p05,garch11,timesfm,4801,4801,0
TWSE,pinball_0p05,garch11_t,autoarima,4801,4801,0
TWSE,pinball_0p05,garch11_t,autoets,4801,4801,0
TWSE,pinball_0p05,garch11_t,chronos,4801,4801,0
TWSE,pinball_0p05,garch11_t,ewma,4801,4801,0
TWSE,pinball_0p05,garch11_t,garch11,4801,4801,0
TWSE,pinball_0p05,garch11_t,garch11_t,4801,4801,0
TWSE,pinball_0p05,garch11_t,gjr,4801,4801,0
TWSE,pinball_0p05,garch11_t,har,4801,4801,0
TWSE,pinball_0p05,garch11_t,lgbm,4801,4801,0
TWSE,pinball_0p05,garch11_t,moirai,4801,4801,0
TWSE,pinball_0p05,garch11_t,naive,4801,4801,0
TWSE,pinball_0p05,garch11_t,patchtst,4801,4801,0
TWSE,pinball_0p05,garch11_t,timesfm,4801,4801,0
TWSE,pinball_0p05,gjr,autoarima,4801,4801,0
TWSE,pinball_0p05,gjr,autoets,4801,4801,0
TWSE,pinball_0p05,gjr,chronos,4801,4801,0
TWSE,pinball_0p05,gjr,ewma,4801,4801,0
TWSE,pinball_0p05,gjr,garch11,4801,4801,0
TWSE,pinball_0p05,gjr,garch11_t,4801,4801,0
TWSE,pinball_0p05,gjr,gjr,4801,4801,0
TWSE,pinball_0p05,gjr,har,4801,4801,0
TWSE,pinball_0p05,gjr,lgbm,4801,4801,0
TWSE,pinball_0p05,gjr,moirai,4801,4801,0
TWSE,pinball_0p05,gjr,naive,4801,4801,0
TWSE,pinball_0p05,gjr,patchtst,4801,4801,0
TWSE,pinball_0p05,gjr,timesfm,4801,4801,0
TWSE,pinball_0p05,har,autoarima,4801,4801,0
TWSE,pinball_0p05,har,autoets,4801,4801,0
TWSE,pinball_0p05,har,chronos,4801,4801,0
TWSE,pinball_0p05,har,ewma,4801,4801,0
TWSE,pinball_0p05,har,garch11,4801,4801,0
TWSE,pinball_0p05,har,garch11_t,4801,4801,0
TWSE,pinball_0p05,har,gjr,4801,4801,0
TWSE,pinball_0p05,har,har,4801,4801,0
TWSE,pinball_0p05,har,lgbm,4801,4801,0
TWSE,pinball_0p05,har,moirai,4801,4801,0
TWSE,pinball_0p05,har,naive,4801,4801,0
TWSE,pinball_0p05,har,patchtst,4801,4801,0
TWSE,pinball_0p05,har,timesfm,4801,4801,0
TWSE,pinball_0p05,lgbm,autoarima,4801,4801,0
TWSE,pinball_0p05,lgbm,autoets,4801,4801,0
TWSE,pinball_0p05,lgbm,chronos,4801,4801,0
TWSE,pinball_0p05,lgbm,ewma,4801,4801,0
TWSE,pinball_0p05,lgbm,garch11,4801,4801,0
TWSE,pinball_0p05,lgbm,garch11_t,4801,4801,0
TWSE,pinball_0p05,lgbm,gjr,4801,4801,0
TWSE,pinball_0p05,lgbm,har,4801,4801,0
TWSE,pinball_0p05,lgbm,lgbm,4801,4801,0
TWSE,pinball_0p05,lgbm,moirai,4801,4801,0
TWSE,pinball_0p05,lgbm,naive,4801,4801,0
TWSE,pinball_0p05,lgbm,patchtst,4801,4801,0
TWSE,pinball_0p05,lgbm,timesfm,4801,4801,0
TWSE,pinball_0p05,moirai,autoarima,4801,4801,0
TWSE,pinball_0p05,moirai,autoets,4801,4801,0
TWSE,pinball_0p05,moirai,chronos,4801,4801,0
TWSE,pinball_0p05,moirai,ewma,4801,4801,0
TWSE,pinball_0p05,moirai,garch11,4801,4801,0
TWSE,pinball_0p05,moirai,garch11_t,4801,4801,0
TWSE,pinball_0p05,moirai,gjr,4801,4801,0
TWSE,pinball_0p05,moirai,har,4801,4801,0
TWSE,pinball_0p05,moirai,lgbm,4801,4801,0
TWSE,pinball_0p05,moirai,moirai,4801,4801,0
TWSE,pinball_0p05,moirai,naive,4801,4801,0
TWSE,pinball_0p05,moirai,patchtst,4801,4801,0
TWSE,pinball_0p05,moirai,timesfm,4801,4801,0
TWSE,pinball_0p05,naive,autoarima,4801,4801,0
TWSE,pinball_0p05,naive,autoets,4801,4801,0
TWSE,pinball_0p05,naive,chronos,4801,4801,0
TWSE,pinball_0p05,naive,ewma,4801,4801,0
TWSE,pinball_0p05,naive,garch11,4801,4801,0
TWSE,pinball_0p05,naive,garch11_t,4801,4801,0
TWSE,pinball_0p05,naive,gjr,4801,4801,0
TWSE,pinball_0p05,naive,har,4801,4801,0
TWSE,pinball_0p05,naive,lgbm,4801,4801,0
TWSE,pinball_0p05,naive,moirai,4801,4801,0
TWSE,pinball_0p05,naive,naive,4801,4801,0
TWSE,pinball_0p05,naive,patchtst,4801,4801,0
TWSE,pinball_0p05,naive,timesfm,4801,4801,0
TWSE,pinball_0p05,patchtst,autoarima,4801,4801,0
TWSE,pinball_0p05,patchtst,autoets,4801,4801,0
TWSE,pinball_0p05,patchtst,chronos,4801,4801,0
TWSE,pinball_0p05,patchtst,ewma,4801,4801,0
TWSE,pinball_0p05,patchtst,garch11,4801,4801,0
TWSE,pinball_0p05,patchtst,garch11_t,4801,4801,0
TWSE,pinball_0p05,patchtst,gjr,4801,4801,0
TWSE,pinball_0p05,patchtst,har,4801,4801,0
TWSE,pinball_0p05,patchtst,lgbm,4801,4801,0
TWSE,pinball_0p05,patchtst,moirai,4801,4801,0
TWSE,pinball_0p05,patchtst,naive,4801,4801,0
TWSE,pinball_0p05,patchtst,patchtst,4801,4801,0
TWSE,pinball_0p05,patchtst,timesfm,4801,4801,0
TWSE,pinball_0p05,timesfm,autoarima,4801,4801,0
TWSE,pinball_0p05,timesfm,autoets,4801,4801,0
TWSE,pinball_0p05,timesfm,chronos,4801,4801,0
TWSE,pinball_0p05,timesfm,ewma,4801,4801,0
TWSE,pinball_0p05,timesfm,garch11,4801,4801,0
TWSE,pinball_0p05,timesfm,garch11_t,4801,4801,0
TWSE,pinball_0p05,timesfm,gjr,4801,4801,0
TWSE,pinball_0p05,timesfm,har,4801,4801,0
TWSE,pinball_0p05,timesfm,lgbm,4801,4801,0
TWSE,pinball_0p05,timesfm,moirai,4801,4801,0
TWSE,pinball_0p05,timesfm,naive,4801,4801,0
TWSE,pinball_0p05,timesfm,patchtst,4801,4801,0
TWSE,pinball_0p05,timesfm,timesfm,4801,4801,0
TWSE,pinball_avg,autoarima,autoarima,4801,4801,0
TWSE,pinball_avg,autoarima,autoets,4801,4801,0
TWSE,pinball_avg,autoarima,chronos,4801,4801,0
TWSE,pinball_avg,autoarima,ewma,4801,4801,0
TWSE,pinball_avg,autoarima,garch11,4801,4801,0
TWSE,pinball_avg,autoarima,garch11_t,4801,4801,0
TWSE,pinball_avg,autoarima,gjr,4801,4801,0
TWSE,pinball_avg,autoarima,har,4801,4801,0
TWSE,pinball_avg,autoarima,lgbm,4801,4801,0
TWSE,pinball_avg,autoarima,moirai,4801,4801,0
TWSE,pinball_avg,autoarima,naive,4801,4801,0
TWSE,pinball_avg,autoarima,patchtst,4801,4801,0
TWSE,pinball_avg,autoarima,timesfm,4801,4801,0
TWSE,pinball_avg,autoets,autoarima,4801,4801,0
TWSE,pinball_avg,autoets,autoets,4801,4801,0
TWSE,pinball_avg,autoets,chronos,4801,4801,0
TWSE,pinball_avg,autoets,ewma,4801,4801,0
TWSE,pinball_avg,autoets,garch11,4801,4801,0
TWSE,pinball_avg,autoets,garch11_t,4801,4801,0
TWSE,pinball_avg,autoets,gjr,4801,4801,0
TWSE,pinball_avg,autoets,har,4801,4801,0
TWSE,pinball_avg,autoets,lgbm,4801,4801,0
TWSE,pinball_avg,autoets,moirai,4801,4801,0
TWSE,pinball_avg,autoets,naive,4801,4801,0
TWSE,pinball_avg,autoets,patchtst,4801,4801,0
TWSE,pinball_avg,autoets,timesfm,4801,4801,0
TWSE,pinball_avg,chronos,autoarima,4801,4801,0
TWSE,pinball_avg,chronos,autoets,4801,4801,0
TWSE,pinball_avg,chronos,chronos,4801,4801,0
TWSE,pinball_avg,chronos,ewma,4801,4801,0
TWSE,pinball_avg,chronos,garch11,4801,4801,0
TWSE,pinball_avg,chronos,garch11_t,4801,4801,0
TWSE,pinball_avg,chronos,gjr,4801,4801,0
TWSE,pinball_avg,chronos,har,4801,4801,0
TWSE,pinball_avg,chronos,lgbm,4801,4801,0
TWSE,pinball_avg,chronos,moirai,4801,4801,0
TWSE,pinball_avg,chronos,naive,4801,4801,0
TWSE,pinball_avg,chronos,patchtst,4801,4801,0
TWSE,pinball_avg,chronos,timesfm,4801,4801,0
TWSE,pinball_avg,ewma,autoarima,4801,4801,0
TWSE,pinball_avg,ewma,autoets,4801,4801,0
TWSE,pinball_avg,ewma,chronos,4801,4801,0
TWSE,pinball_avg,ewma,ewma,4801,4801,0
TWSE,pinball_avg,ewma,garch11,4801,4801,0
TWSE,pinball_avg,ewma,garch11_t,4801,4801,0
TWSE,pinball_avg,ewma,gjr,4801,4801,0
TWSE,pinball_avg,ewma,har,4801,4801,0
TWSE,pinball_avg,ewma,lgbm,4801,4801,0
TWSE,pinball_avg,ewma,moirai,4801,4801,0
TWSE,pinball_avg,ewma,naive,4801,4801,0
TWSE,pinball_avg,ewma,patchtst,4801,4801,0
TWSE,pinball_avg,ewma,timesfm,4801,4801,0
TWSE,pinball_avg,garch11,autoarima,4801,4801,0
TWSE,pinball_avg,garch11,autoets,4801,4801,0
TWSE,pinball_avg,garch11,chronos,4801,4801,0
TWSE,pinball_avg,garch11,ewma,4801,4801,0
TWSE,pinball_avg,garch11,garch11,4801,4801,0
TWSE,pinball_avg,garch11,garch11_t,4801,4801,0
TWSE,pinball_avg,garch11,gjr,4801,4801,0
TWSE,pinball_avg,garch11,har,4801,4801,0
TWSE,pinball_avg,garch11,lgbm,4801,4801,0
TWSE,pinball_avg,garch11,moirai,4801,4801,0
TWSE,pinball_avg,garch11,naive,4801,4801,0
TWSE,pinball_avg,garch11,patchtst,4801,4801,0
TWSE,pinball_avg,garch11,timesfm,4801,4801,0
TWSE,pinball_avg,garch11_t,autoarima,4801,4801,0
TWSE,pinball_avg,garch11_t,autoets,4801,4801,0
TWSE,pinball_avg,garch11_t,chronos,4801,4801,0
TWSE,pinball_avg,garch11_t,ewma,4801,4801,0
TWSE,pinball_avg,garch11_t,garch11,4801,4801,0
TWSE,pinball_avg,garch11_t,garch11_t,4801,4801,0
TWSE,pinball_avg,garch11_t,gjr,4801,4801,0
TWSE,pinball_avg,garch11_t,har,4801,4801,0
TWSE,pinball_avg,garch11_t,lgbm,4801,4801,0
TWSE,pinball_avg,garch11_t,moirai,4801,4801,0
TWSE,pinball_avg,garch11_t,naive,4801,4801,0
TWSE,pinball_avg,garch11_t,patchtst,4801,4801,0
TWSE,pinball_avg,garch11_t,timesfm,4801,4801,0
TWSE,pinball_avg,gjr,autoarima,4801,4801,0
TWSE,pinball_avg,gjr,autoets,4801,4801,0
TWSE,pinball_avg,gjr,chronos,4801,4801,0
TWSE,pinball_avg,gjr,ewma,4801,4801,0
TWSE,pinball_avg,gjr,garch11,4801,4801,0
TWSE,pinball_avg,gjr,garch11_t,4801,4801,0
TWSE,pinball_avg,gjr,gjr,4801,4801,0
TWSE,pinball_avg,gjr,har,4801,4801,0
TWSE,pinball_avg,gjr,lgbm,4801,4801,0
TWSE,pinball_avg,gjr,moirai,4801,4801,0
TWSE,pinball_avg,gjr,naive,4801,4801,0
TWSE,pinball_avg,gjr,patchtst,4801,4801,0
TWSE,pinball_avg,gjr,timesfm,4801,4801,0
TWSE,pinball_avg,har,autoarima,4801,4801,0
TWSE,pinball_avg,har,autoets,4801,4801,0
TWSE,pinball_avg,har,chronos,4801,4801,0
TWSE,pinball_avg,har,ewma,4801,4801,0
TWSE,pinball_avg,har,garch11,4801,4801,0
TWSE,pinball_avg,har,garch11_t,4801,4801,0
TWSE,pinball_avg,har,gjr,4801,4801,0
TWSE,pinball_avg,har,har,4801,4801,0
TWSE,pinball_avg,har,lgbm,4801,4801,0
TWSE,pinball_avg,har,moirai,4801,4801,0
TWSE,pinball_avg,har,naive,4801,4801,0
TWSE,pinball_avg,har,patchtst,4801,4801,0
TWSE,pinball_avg,har,timesfm,4801,4801,0
TWSE,pinball_avg,lgbm,autoarima,4801,4801,0
TWSE,pinball_avg,lgbm,autoets,4801,4801,0
TWSE,pinball_avg,lgbm,chronos,4801,4801,0
TWSE,pinball_avg,lgbm,ewma,4801,4801,0
TWSE,pinball_avg,lgbm,garch11,4801,4801,0
TWSE,pinball_avg,lgbm,garch11_t,4801,4801,0
TWSE,pinball_avg,lgbm,gjr,4801,4801,0
TWSE,pinball_avg,lgbm,har,4801,4801,0
TWSE,pinball_avg,lgbm,lgbm,4801,4801,0
TWSE,pinball_avg,lgbm,moirai,4801,4801,0
TWSE,pinball_avg,lgbm,naive,4801,4801,0
TWSE,pinball_avg,lgbm,patchtst,4801,4801,0
TWSE,pinball_avg,lgbm,timesfm,4801,4801,0
TWSE,pinball_avg,moirai,autoarima,4801,4801,0
TWSE,pinball_avg,moirai,autoets,4801,4801,0
TWSE,pinball_avg,moirai,chronos,4801,4801,0
TWSE,pinball_avg,moirai,ewma,4801,4801,0
TWSE,pinball_avg,moirai,garch11,4801,4801,0
TWSE,pinball_avg,moirai,garch11_t,4801,4801,0
TWSE,pinball_avg,moirai,gjr,4801,4801,0
TWSE,pinball_avg,moirai,har,4801,4801,0
TWSE,pinball_avg,moirai,lgbm,4801,4801,0
TWSE,pinball_avg,moirai,moirai,4801,4801,0
TWSE,pinball_avg,moirai,naive,4801,4801,0
TWSE,pinball_avg,moirai,patchtst,4801,4801,0
TWSE,pinball_avg,moirai,timesfm,4801,4801,0
TWSE,pinball_avg,naive,autoarima,4801,4801,0
TWSE,pinball_avg,naive,autoets,4801,4801,0
TWSE,pinball_avg,naive,chronos,4801,4801,0
TWSE,pinball_avg,naive,ewma,4801,4801,0
TWSE,pinball_avg,naive,garch11,4801,4801,0
TWSE,pinball_avg,naive,garch11_t,4801,4801,0
TWSE,pinball_avg,naive,gjr,4801,4801,0
TWSE,pinball_avg,naive,har,4801,4801,0
TWSE,pinball_avg,naive,lgbm,4801,4801,0
TWSE,pinball_avg,naive,moirai,4801,4801,0
TWSE,pinball_avg,naive,naive,4801,4801,0
TWSE,pinball_avg,naive,patchtst,4801,4801,0
TWSE,pinball_avg,naive,timesfm,4801,4801,0
TWSE,pinball_avg,patchtst,autoarima,4801,4801,0
TWSE,pinball_avg,patchtst,autoets,4801,4801,0
TWSE,pinball_avg,patchtst,chronos,4801,4801,0
TWSE,pinball_avg,patchtst,ewma,4801,4801,0
TWSE,pinball_avg,patchtst,garch11,4801,4801,0
TWSE,pinball_avg,patchtst,garch11_t,4801,4801,0
TWSE,pinball_avg,patchtst,gjr,4801,4801,0
TWSE,pinball_avg,patchtst,har,4801,4801,0
TWSE,pinball_avg,patchtst,lgbm,4801,4801,0
TWSE,pinball_avg,patchtst,moirai,4801,4801,0
TWSE,pinball_avg,patchtst,naive,4801,4801,0
TWSE,pinball_avg,patchtst,patchtst,4801,4801,0
TWSE,pinball_avg,patchtst,timesfm,4801,4801,0
TWSE,pinball_avg,timesfm,autoarima,4801,4801,0
TWSE,pinball_avg,timesfm,autoets,4801,4801,0
TWSE,pinball_avg,timesfm,chronos,4801,4801,0
TWSE,pinball_avg,timesfm,ewma,4801,4801,0
TWSE,pinball_avg,timesfm,garch11,4801,4801,0
TWSE,pinball_avg,timesfm,garch11_t,4801,4801,0
TWSE,pinball_avg,timesfm,gjr,4801,4801,0
TWSE,pinball_avg,timesfm,har,4801,4801,0
TWSE,pinball_avg,timesfm,lgbm,4801,4801,0
TWSE,pinball_avg,timesfm,moirai,4801,4801,0
TWSE,pinball_avg,timesfm,naive,4801,4801,0
TWSE,pinball_avg,timesfm,patchtst,4801,4801,0
TWSE,pinball_avg,timesfm,timesfm,4801,4801,0
TWSE,qlike,autoarima,autoarima,4801,4721,80
TWSE,qlike,autoarima,autoets,4801,4721,80
TWSE,qlike,autoarima,chronos,4801,4721,80
TWSE,qlike,autoarima,ewma,4801,4721,80
TWSE,qlike,autoarima,garch11,4801,4721,80
TWSE,qlike,autoarima,garch11_t,4801,4721,80
TWSE,qlike,autoarima,gjr,4801,4721,80
TWSE,qlike,autoarima,har,4801,4721,80
TWSE,qlike,autoarima,lgbm,4801,4721,80
TWSE,qlike,autoarima,moirai,4801,4721,80
TWSE,qlike,autoarima,naive,4801,4721,80
TWSE,qlike,autoarima,patchtst,4801,4721,80
TWSE,qlike,autoarima,timesfm,4801,4721,80
TWSE,qlike,autoets,autoarima,4801,4721,80
TWSE,qlike,autoets,autoets,4801,4721,80
TWSE,qlike,autoets,chronos,4801,4721,80
TWSE,qlike,autoets,ewma,4801,4721,80
TWSE,qlike,autoets,garch11,4801,4721,80
TWSE,qlike,autoets,garch11_t,4801,4721,80
TWSE,qlike,autoets,gjr,4801,4721,80
TWSE,qlike,autoets,har,4801,4721,80
TWSE,qlike,autoets,lgbm,4801,4721,80
TWSE,qlike,autoets,moirai,4801,4721,80
TWSE,qlike,autoets,naive,4801,4721,80
TWSE,qlike,autoets,patchtst,4801,4721,80
TWSE,qlike,autoets,timesfm,4801,4721,80
TWSE,qlike,chronos,autoarima,4801,4721,80
TWSE,qlike,chronos,autoets,4801,4721,80
TWSE,qlike,chronos,chronos,4801,4721,80
TWSE,qlike,chronos,ewma,4801,4721,80
TWSE,qlike,chronos,garch11,4801,4721,80
TWSE,qlike,chronos,garch11_t,4801,4721,80
TWSE,qlike,chronos,gjr,4801,4721,80
TWSE,qlike,chronos,har,4801,4721,80
TWSE,qlike,chronos,lgbm,4801,4721,80
TWSE,qlike,chronos,moirai,4801,4721,80
TWSE,qlike,chronos,naive,4801,4721,80
TWSE,qlike,chronos,patchtst,4801,4721,80
TWSE,qlike,chronos,timesfm,4801,4721,80
TWSE,qlike,ewma,autoarima,4801,4721,80
TWSE,qlike,ewma,autoets,4801,4721,80
TWSE,qlike,ewma,chronos,4801,4721,80
TWSE,qlike,ewma,ewma,4801,4721,80
TWSE,qlike,ewma,garch11,4801,4721,80
TWSE,qlike,ewma,garch11_t,4801,4721,80
TWSE,qlike,ewma,gjr,4801,4721,80
TWSE,qlike,ewma,har,4801,4721,80
TWSE,qlike,ewma,lgbm,4801,4721,80
TWSE,qlike,ewma,moirai,4801,4721,80
TWSE,qlike,ewma,naive,4801,4721,80
TWSE,qlike,ewma,patchtst,4801,4721,80
TWSE,qlike,ewma,timesfm,4801,4721,80
TWSE,qlike,garch11,autoarima,4801,4721,80
TWSE,qlike,garch11,autoets,4801,4721,80
TWSE,qlike,garch11,chronos,4801,4721,80
TWSE,qlike,garch11,ewma,4801,4721,80
TWSE,qlike,garch11,garch11,4801,4721,80
TWSE,qlike,garch11,garch11_t,4801,4721,80
TWSE,qlike,garch11,gjr,4801,4721,80
TWSE,qlike,garch11,har,4801,4721,80
TWSE,qlike,garch11,lgbm,4801,4721,80
TWSE,qlike,garch11,moirai,4801,4721,80
TWSE,qlike,garch11,naive,4801,4721,80
TWSE,qlike,garch11,patchtst,4801,4721,80
TWSE,qlike,garch11,timesfm,4801,4721,80
TWSE,qlike,garch11_t,autoarima,4801,4721,80
TWSE,qlike,garch11_t,autoets,4801,4721,80
TWSE,qlike,garch11_t,chronos,4801,4721,80
TWSE,qlike,garch11_t,ewma,4801,4721,80
TWSE,qlike,garch11_t,garch11,4801,4721,80
TWSE,qlike,garch11_t,garch11_t,4801,4721,80
TWSE,qlike,garch11_t,gjr,4801,4721,80
TWSE,qlike,garch11_t,har,4801,4721,80
TWSE,qlike,garch11_t,lgbm,4801,4721,80
TWSE,qlike,garch11_t,moirai,4801,4721,80
TWSE,qlike,garch11_t,naive,4801,4721,80
TWSE,qlike,garch11_t,patchtst,4801,4721,80
TWSE,qlike,garch11_t,timesfm,4801,4721,80
TWSE,qlike,gjr,autoarima,4801,4721,80
TWSE,qlike,gjr,autoets,4801,4721,80
TWSE,qlike,gjr,chronos,4801,4721,80
TWSE,qlike,gjr,ewma,4801,4721,80
TWSE,qlike,gjr,garch11,4801,4721,80
TWSE,qlike,gjr,garch11_t,4801,4721,80
TWSE,qlike,gjr,gjr,4801,4721,80
TWSE,qlike,gjr,har,4801,4721,80
TWSE,qlike,gjr,lgbm,4801,4721,80
TWSE,qlike,gjr,moirai,4801,4721,80
TWSE,qlike,gjr,naive,4801,4721,80
TWSE,qlike,gjr,patchtst,4801,4721,80
TWSE,qlike,gjr,timesfm,4801,4721,80
TWSE,qlike,har,autoarima,4801,4721,80
TWSE,qlike,har,autoets,4801,4721,80
TWSE,qlike,har,chronos,4801,4721,80
TWSE,qlike,har,ewma,4801,4721,80
TWSE,qlike,har,garch11,4801,4721,80
TWSE,qlike,har,garch11_t,4801,4721,80
TWSE,qlike,har,gjr,4801,4721,80
TWSE,qlike,har,har,4801,4721,80
TWSE,qlike,har,lgbm,4801,4721,80
TWSE,qlike,har,moirai,4801,4721,80
TWSE,qlike,har,naive,4801,4721,80
TWSE,qlike,har,patchtst,4801,4721,80
TWSE,qlike,har,timesfm,4801,4721,80
TWSE,qlike,lgbm,autoarima,4801,4721,80
TWSE,qlike,lgbm,autoets,4801,4721,80
TWSE,qlike,lgbm,chronos,4801,4721,80
TWSE,qlike,lgbm,ewma,4801,4721,80
TWSE,qlike,lgbm,garch11,4801,4721,80
TWSE,qlike,lgbm,garch11_t,4801,4721,80
TWSE,qlike,lgbm,gjr,4801,4721,80
TWSE,qlike,lgbm,har,4801,4721,80
TWSE,qlike,lgbm,lgbm,4801,4721,80
TWSE,qlike,lgbm,moirai,4801,4721,80
TWSE,qlike,lgbm,naive,4801,4721,80
TWSE,qlike,lgbm,patchtst,4801,4721,80
TWSE,qlike,lgbm,timesfm,4801,4721,80
TWSE,qlike,moirai,autoarima,4801,4721,80
TWSE,qlike,moirai,autoets,4801,4721,80
TWSE,qlike,moirai,chronos,4801,4721,80
TWSE,qlike,moirai,ewma,4801,4721,80
TWSE,qlike,moirai,garch11,4801,4721,80
TWSE,qlike,moirai,garch11_t,4801,4721,80
TWSE,qlike,moirai,gjr,4801,4721,80
TWSE,qlike,moirai,har,4801,4721,80
TWSE,qlike,moirai,lgbm,4801,4721,80
TWSE,qlike,moirai,moirai,4801,4721,80
TWSE,qlike,moirai,naive,4801,4721,80
TWSE,qlike,moirai,patchtst,4801,4721,80
TWSE,qlike,moirai,timesfm,4801,4721,80
TWSE,qlike,naive,autoarima,4801,4721,80
TWSE,qlike,naive,autoets,4801,4721,80
TWSE,qlike,naive,chronos,4801,4721,80
TWSE,qlike,naive,ewma,4801,4721,80
TWSE,qlike,naive,garch11,4801,4721,80
TWSE,qlike,naive,garch11_t,4801,4721,80
TWSE,qlike,naive,gjr,4801,4721,80
TWSE,qlike,naive,har,4801,4721,80
TWSE,qlike,naive,lgbm,4801,4721,80
TWSE,qlike,naive,moirai,4801,4721,80
TWSE,qlike,naive,naive,4801,4721,80
TWSE,qlike,naive,patchtst,4801,4721,80
TWSE,qlike,naive,timesfm,4801,4721,80
TWSE,qlike,patchtst,autoarima,4801,4721,80
TWSE,qlike,patchtst,autoets,4801,4721,80
TWSE,qlike,patchtst,chronos,4801,4721,80
TWSE,qlike,patchtst,ewma,4801,4721,80
TWSE,qlike,patchtst,garch11,4801,4721,80
TWSE,qlike,patchtst,garch11_t,4801,4721,80
TWSE,qlike,patchtst,gjr,4801,4721,80
TWSE,qlike,patchtst,har,4801,4721,80
TWSE,qlike,patchtst,lgbm,4801,4721,80
TWSE,qlike,patchtst,moirai,4801,4721,80
TWSE,qlike,patchtst,naive,4801,4721,80
TWSE,qlike,patchtst,patchtst,4801,4721,80
TWSE,qlike,patchtst,timesfm,4801,4721,80
TWSE,qlike,timesfm,autoarima,4801,4721,80
TWSE,qlike,timesfm,autoets,4801,4721,80
TWSE,qlike,timesfm,chronos,4801,4721,80
TWSE,qlike,timesfm,ewma,4801,4721,80
TWSE,qlike,timesfm,garch11,4801,4721,80
TWSE,qlike,timesfm,garch11_t,4801,4721,80
TWSE,qlike,timesfm,gjr,4801,4721,80
TWSE,qlike,timesfm,har,4801,4721,80
TWSE,qlike,timesfm,lgbm,4801,4721,80
TWSE,qlike,timesfm,moirai,4801,4721,80
TWSE,qlike,timesfm,naive,4801,4721,80
TWSE,qlike,timesfm,patchtst,4801,4721,80
TWSE,qlike,timesfm,timesfm,4801,4721,80
TWSE,fz0_0p01,autoarima,autoarima,4801,4801,0
TWSE,fz0_0p01,autoarima,autoets,4801,4801,0
TWSE,fz0_0p01,autoarima,chronos,4801,4801,0
TWSE,fz0_0p01,autoarima,ewma,4801,4801,0
TWSE,fz0_0p01,autoarima,garch11,4801,4801,0
TWSE,fz0_0p01,autoarima,garch11_t,4801,4801,0
TWSE,fz0_0p01,autoarima,gjr,4801,4801,0
TWSE,fz0_0p01,autoarima,har,4801,4801,0
TWSE,fz0_0p01,autoarima,lgbm,4801,4801,0
TWSE,fz0_0p01,autoarima,moirai,4801,4801,0
TWSE,fz0_0p01,autoarima,naive,4801,4801,0
TWSE,fz0_0p01,autoarima,patchtst,4801,4801,0
TWSE,fz0_0p01,autoarima,timesfm,4801,4801,0
TWSE,fz0_0p01,autoets,autoarima,4801,4801,0
TWSE,fz0_0p01,autoets,autoets,4801,4801,0
TWSE,fz0_0p01,autoets,chronos,4801,4801,0
TWSE,fz0_0p01,autoets,ewma,4801,4801,0
TWSE,fz0_0p01,autoets,garch11,4801,4801,0
TWSE,fz0_0p01,autoets,garch11_t,4801,4801,0
TWSE,fz0_0p01,autoets,gjr,4801,4801,0
TWSE,fz0_0p01,autoets,har,4801,4801,0
TWSE,fz0_0p01,autoets,lgbm,4801,4801,0
TWSE,fz0_0p01,autoets,moirai,4801,4801,0
TWSE,fz0_0p01,autoets,naive,4801,4801,0
TWSE,fz0_0p01,autoets,patchtst,4801,4801,0
TWSE,fz0_0p01,autoets,timesfm,4801,4801,0
TWSE,fz0_0p01,chronos,autoarima,4801,4801,0
TWSE,fz0_0p01,chronos,autoets,4801,4801,0
TWSE,fz0_0p01,chronos,chronos,4801,4801,0
TWSE,fz0_0p01,chronos,ewma,4801,4801,0
TWSE,fz0_0p01,chronos,garch11,4801,4801,0
TWSE,fz0_0p01,chronos,garch11_t,4801,4801,0
TWSE,fz0_0p01,chronos,gjr,4801,4801,0
TWSE,fz0_0p01,chronos,har,4801,4801,0
TWSE,fz0_0p01,chronos,lgbm,4801,4801,0
TWSE,fz0_0p01,chronos,moirai,4801,4801,0
TWSE,fz0_0p01,chronos,naive,4801,4801,0
TWSE,fz0_0p01,chronos,patchtst,4801,4801,0
TWSE,fz0_0p01,chronos,timesfm,4801,4801,0
TWSE,fz0_0p01,ewma,autoarima,4801,4801,0
TWSE,fz0_0p01,ewma,autoets,4801,4801,0
TWSE,fz0_0p01,ewma,chronos,4801,4801,0
TWSE,fz0_0p01,ewma,ewma,4801,4801,0
TWSE,fz0_0p01,ewma,garch11,4801,4801,0
TWSE,fz0_0p01,ewma,garch11_t,4801,4801,0
TWSE,fz0_0p01,ewma,gjr,4801,4801,0
TWSE,fz0_0p01,ewma,har,4801,4801,0
TWSE,fz0_0p01,ewma,lgbm,4801,4801,0
TWSE,fz0_0p01,ewma,moirai,4801,4801,0
TWSE,fz0_0p01,ewma,naive,4801,4801,0
TWSE,fz0_0p01,ewma,patchtst,4801,4801,0
TWSE,fz0_0p01,ewma,timesfm,4801,4801,0
TWSE,fz0_0p01,garch11,autoarima,4801,4801,0
TWSE,fz0_0p01,garch11,autoets,4801,4801,0
TWSE,fz0_0p01,garch11,chronos,4801,4801,0
TWSE,fz0_0p01,garch11,ewma,4801,4801,0
TWSE,fz0_0p01,garch11,garch11,4801,4801,0
TWSE,fz0_0p01,garch11,garch11_t,4801,4801,0
TWSE,fz0_0p01,garch11,gjr,4801,4801,0
TWSE,fz0_0p01,garch11,har,4801,4801,0
TWSE,fz0_0p01,garch11,lgbm,4801,4801,0
TWSE,fz0_0p01,garch11,moirai,4801,4801,0
TWSE,fz0_0p01,garch11,naive,4801,4801,0
TWSE,fz0_0p01,garch11,patchtst,4801,4801,0
TWSE,fz0_0p01,garch11,timesfm,4801,4801,0
TWSE,fz0_0p01,garch11_t,autoarima,4801,4801,0
TWSE,fz0_0p01,garch11_t,autoets,4801,4801,0
TWSE,fz0_0p01,garch11_t,chronos,4801,4801,0
TWSE,fz0_0p01,garch11_t,ewma,4801,4801,0
TWSE,fz0_0p01,garch11_t,garch11,4801,4801,0
TWSE,fz0_0p01,garch11_t,garch11_t,4801,4801,0
TWSE,fz0_0p01,garch11_t,gjr,4801,4801,0
TWSE,fz0_0p01,garch11_t,har,4801,4801,0
TWSE,fz0_0p01,garch11_t,lgbm,4801,4801,0
TWSE,fz0_0p01,garch11_t,moirai,4801,4801,0
TWSE,fz0_0p01,garch11_t,naive,4801,4801,0
TWSE,fz0_0p01,garch11_t,patchtst,4801,4801,0
TWSE,fz0_0p01,garch11_t,timesfm,4801,4801,0
TWSE,fz0_0p01,gjr,autoarima,4801,4801,0
TWSE,fz0_0p01,gjr,autoets,4801,4801,0
TWSE,fz0_0p01,gjr,chronos,4801,4801,0
TWSE,fz0_0p01,gjr,ewma,4801,4801,0
TWSE,fz0_0p01,gjr,garch11,4801,4801,0
TWSE,fz0_0p01,gjr,garch11_t,4801,4801,0
TWSE,fz0_0p01,gjr,gjr,4801,4801,0
TWSE,fz0_0p01,gjr,har,4801,4801,0
TWSE,fz0_0p01,gjr,lgbm,4801,4801,0
TWSE,fz0_0p01,gjr,moirai,4801,4801,0
TWSE,fz0_0p01,gjr,naive,4801,4801,0
TWSE,fz0_0p01,gjr,patchtst,4801,4801,0
TWSE,fz0_0p01,gjr,timesfm,4801,4801,0
TWSE,fz0_0p01,har,autoarima,4801,4801,0
TWSE,fz0_0p01,har,autoets,4801,4801,0
TWSE,fz0_0p01,har,chronos,4801,4801,0
TWSE,fz0_0p01,har,ewma,4801,4801,0
TWSE,fz0_0p01,har,garch11,4801,4801,0
TWSE,fz0_0p01,har,garch11_t,4801,4801,0
TWSE,fz0_0p01,har,gjr,4801,4801,0
TWSE,fz0_0p01,har,har,4801,4801,0
TWSE,fz0_0p01,har,lgbm,4801,4801,0
TWSE,fz0_0p01,har,moirai,4801,4801,0
TWSE,fz0_0p01,har,naive,4801,4801,0
TWSE,fz0_0p01,har,patchtst,4801,4801,0
TWSE,fz0_0p01,har,timesfm,4801,4801,0
TWSE,fz0_0p01,lgbm,autoarima,4801,4801,0
TWSE,fz0_0p01,lgbm,autoets,4801,4801,0
TWSE,fz0_0p01,lgbm,chronos,4801,4801,0
TWSE,fz0_0p01,lgbm,ewma,4801,4801,0
TWSE,fz0_0p01,lgbm,garch11,4801,4801,0
TWSE,fz0_0p01,lgbm,garch11_t,4801,4801,0
TWSE,fz0_0p01,lgbm,gjr,4801,4801,0
TWSE,fz0_0p01,lgbm,har,4801,4801,0
TWSE,fz0_0p01,lgbm,lgbm,4801,4801,0
TWSE,fz0_0p01,lgbm,moirai,4801,4801,0
TWSE,fz0_0p01,lgbm,naive,4801,4801,0
TWSE,fz0_0p01,lgbm,patchtst,4801,4801,0
TWSE,fz0_0p01,lgbm,timesfm,4801,4801,0
TWSE,fz0_0p01,moirai,autoarima,4801,4801,0
TWSE,fz0_0p01,moirai,autoets,4801,4801,0
TWSE,fz0_0p01,moirai,chronos,4801,4801,0
TWSE,fz0_0p01,moirai,ewma,4801,4801,0
TWSE,fz0_0p01,moirai,garch11,4801,4801,0
TWSE,fz0_0p01,moirai,garch11_t,4801,4801,0
TWSE,fz0_0p01,moirai,gjr,4801,4801,0
TWSE,fz0_0p01,moirai,har,4801,4801,0
TWSE,fz0_0p01,moirai,lgbm,4801,4801,0
TWSE,fz0_0p01,moirai,moirai,4801,4801,0
TWSE,fz0_0p01,moirai,naive,4801,4801,0
TWSE,fz0_0p01,moirai,patchtst,4801,4801,0
TWSE,fz0_0p01,moirai,timesfm,4801,4801,0
TWSE,fz0_0p01,naive,autoarima,4801,4801,0
TWSE,fz0_0p01,naive,autoets,4801,4801,0
TWSE,fz0_0p01,naive,chronos,4801,4801,0
TWSE,fz0_0p01,naive,ewma,4801,4801,0
TWSE,fz0_0p01,naive,garch11,4801,4801,0
TWSE,fz0_0p01,naive,garch11_t,4801,4801,0
TWSE,fz0_0p01,naive,gjr,4801,4801,0
TWSE,fz0_0p01,naive,har,4801,4801,0
TWSE,fz0_0p01,naive,lgbm,4801,4801,0
TWSE,fz0_0p01,naive,moirai,4801,4801,0
TWSE,fz0_0p01,naive,naive,4801,4801,0
TWSE,fz0_0p01,naive,patchtst,4801,4801,0
TWSE,fz0_0p01,naive,timesfm,4801,4801,0
TWSE,fz0_0p01,patchtst,autoarima,4801,4801,0
TWSE,fz0_0p01,patchtst,autoets,4801,4801,0
TWSE,fz0_0p01,patchtst,chronos,4801,4801,0
TWSE,fz0_0p01,patchtst,ewma,4801,4801,0
TWSE,fz0_0p01,patchtst,garch11,4801,4801,0
TWSE,fz0_0p01,patchtst,garch11_t,4801,4801,0
TWSE,fz0_0p01,patchtst,gjr,4801,4801,0
TWSE,fz0_0p01,patchtst,har,4801,4801,0
TWSE,fz0_0p01,patchtst,lgbm,4801,4801,0
TWSE,fz0_0p01,patchtst,moirai,4801,4801,0
TWSE,fz0_0p01,patchtst,naive,4801,4801,0
TWSE,fz0_0p01,patchtst,patchtst,4801,4801,0
TWSE,fz0_0p01,patchtst,timesfm,4801,4801,0
TWSE,fz0_0p01,timesfm,autoarima,4801,4801,0
TWSE,fz0_0p01,timesfm,autoets,4801,4801,0
TWSE,fz0_0p01,timesfm,chronos,4801,4801,0
TWSE,fz0_0p01,timesfm,ewma,4801,4801,0
TWSE,fz0_0p01,timesfm,garch11,4801,4801,0
TWSE,fz0_0p01,timesfm,garch11_t,4801,4801,0
TWSE,fz0_0p01,timesfm,gjr,4801,4801,0
TWSE,fz0_0p01,timesfm,har,4801,4801,0
TWSE,fz0_0p01,timesfm,lgbm,4801,4801,0
TWSE,fz0_0p01,timesfm,moirai,4801,4801,0
TWSE,fz0_0p01,timesfm,naive,4801,4801,0
TWSE,fz0_0p01,timesfm,patchtst,4801,4801,0
TWSE,fz0_0p01,timesfm,timesfm,4801,4801,0
TWSE,fz0_0p025,autoarima,autoarima,4801,4801,0
TWSE,fz0_0p025,autoarima,autoets,4801,4801,0
TWSE,fz0_0p025,autoarima,chronos,4801,4801,0
TWSE,fz0_0p025,autoarima,ewma,4801,4801,0
TWSE,fz0_0p025,autoarima,garch11,4801,4801,0
TWSE,fz0_0p025,autoarima,garch11_t,4801,4801,0
TWSE,fz0_0p025,autoarima,gjr,4801,4801,0
TWSE,fz0_0p025,autoarima,har,4801,4801,0
TWSE,fz0_0p025,autoarima,lgbm,4801,4801,0
TWSE,fz0_0p025,autoarima,moirai,4801,4801,0
TWSE,fz0_0p025,autoarima,naive,4801,4801,0
TWSE,fz0_0p025,autoarima,patchtst,4801,4801,0
TWSE,fz0_0p025,autoarima,timesfm,4801,4801,0
TWSE,fz0_0p025,autoets,autoarima,4801,4801,0
TWSE,fz0_0p025,autoets,autoets,4801,4801,0
TWSE,fz0_0p025,autoets,chronos,4801,4801,0
TWSE,fz0_0p025,autoets,ewma,4801,4801,0
TWSE,fz0_0p025,autoets,garch11,4801,4801,0
TWSE,fz0_0p025,autoets,garch11_t,4801,4801,0
TWSE,fz0_0p025,autoets,gjr,4801,4801,0
TWSE,fz0_0p025,autoets,har,4801,4801,0
TWSE,fz0_0p025,autoets,lgbm,4801,4801,0
TWSE,fz0_0p025,autoets,moirai,4801,4801,0
TWSE,fz0_0p025,autoets,naive,4801,4801,0
TWSE,fz0_0p025,autoets,patchtst,4801,4801,0
TWSE,fz0_0p025,autoets,timesfm,4801,4801,0
TWSE,fz0_0p025,chronos,autoarima,4801,4801,0
TWSE,fz0_0p025,chronos,autoets,4801,4801,0
TWSE,fz0_0p025,chronos,chronos,4801,4801,0
TWSE,fz0_0p025,chronos,ewma,4801,4801,0
TWSE,fz0_0p025,chronos,garch11,4801,4801,0
TWSE,fz0_0p025,chronos,garch11_t,4801,4801,0
TWSE,fz0_0p025,chronos,gjr,4801,4801,0
TWSE,fz0_0p025,chronos,har,4801,4801,0
TWSE,fz0_0p025,chronos,lgbm,4801,4801,0
TWSE,fz0_0p025,chronos,moirai,4801,4801,0
TWSE,fz0_0p025,chronos,naive,4801,4801,0
TWSE,fz0_0p025,chronos,patchtst,4801,4801,0
TWSE,fz0_0p025,chronos,timesfm,4801,4801,0
TWSE,fz0_0p025,ewma,autoarima,4801,4801,0
TWSE,fz0_0p025,ewma,autoets,4801,4801,0
TWSE,fz0_0p025,ewma,chronos,4801,4801,0
TWSE,fz0_0p025,ewma,ewma,4801,4801,0
TWSE,fz0_0p025,ewma,garch11,4801,4801,0
TWSE,fz0_0p025,ewma,garch11_t,4801,4801,0
TWSE,fz0_0p025,ewma,gjr,4801,4801,0
TWSE,fz0_0p025,ewma,har,4801,4801,0
TWSE,fz0_0p025,ewma,lgbm,4801,4801,0
TWSE,fz0_0p025,ewma,moirai,4801,4801,0
TWSE,fz0_0p025,ewma,naive,4801,4801,0
TWSE,fz0_0p025,ewma,patchtst,4801,4801,0
TWSE,fz0_0p025,ewma,timesfm,4801,4801,0
TWSE,fz0_0p025,garch11,autoarima,4801,4801,0
TWSE,fz0_0p025,garch11,autoets,4801,4801,0
TWSE,fz0_0p025,garch11,chronos,4801,4801,0
TWSE,fz0_0p025,garch11,ewma,4801,4801,0
TWSE,fz0_0p025,garch11,garch11,4801,4801,0
TWSE,fz0_0p025,garch11,garch11_t,4801,4801,0
TWSE,fz0_0p025,garch11,gjr,4801,4801,0
TWSE,fz0_0p025,garch11,har,4801,4801,0
TWSE,fz0_0p025,garch11,lgbm,4801,4801,0
TWSE,fz0_0p025,garch11,moirai,4801,4801,0
TWSE,fz0_0p025,garch11,naive,4801,4801,0
TWSE,fz0_0p025,garch11,patchtst,4801,4801,0
TWSE,fz0_0p025,garch11,timesfm,4801,4801,0
TWSE,fz0_0p025,garch11_t,autoarima,4801,4801,0
TWSE,fz0_0p025,garch11_t,autoets,4801,4801,0
TWSE,fz0_0p025,garch11_t,chronos,4801,4801,0
TWSE,fz0_0p025,garch11_t,ewma,4801,4801,0
TWSE,fz0_0p025,garch11_t,garch11,4801,4801,0
TWSE,fz0_0p025,garch11_t,garch11_t,4801,4801,0
TWSE,fz0_0p025,garch11_t,gjr,4801,4801,0
TWSE,fz0_0p025,garch11_t,har,4801,4801,0
TWSE,fz0_0p025,garch11_t,lgbm,4801,4801,0
TWSE,fz0_0p025,garch11_t,moirai,4801,4801,0
TWSE,fz0_0p025,garch11_t,naive,4801,4801,0
TWSE,fz0_0p025,garch11_t,patchtst,4801,4801,0
TWSE,fz0_0p025,garch11_t,timesfm,4801,4801,0
TWSE,fz0_0p025,gjr,autoarima,4801,4801,0
TWSE,fz0_0p025,gjr,autoets,4801,4801,0
TWSE,fz0_0p025,gjr,chronos,4801,4801,0
TWSE,fz0_0p025,gjr,ewma,4801,4801,0
TWSE,fz0_0p025,gjr,garch11,4801,4801,0
TWSE,fz0_0p025,gjr,garch11_t,4801,4801,0
TWSE,fz0_0p025,gjr,gjr,4801,4801,0
TWSE,fz0_0p025,gjr,har,4801,4801,0
TWSE,fz0_0p025,gjr,lgbm,4801,4801,0
TWSE,fz0_0p025,gjr,moirai,4801,4801,0
TWSE,fz0_0p025,gjr,naive,4801,4801,0
TWSE,fz0_0p025,gjr,patchtst,4801,4801,0
TWSE,fz0_0p025,gjr,timesfm,4801,4801,0
TWSE,fz0_0p025,har,autoarima,4801,4801,0
TWSE,fz0_0p025,har,autoets,4801,4801,0
TWSE,fz0_0p025,har,chronos,4801,4801,0
TWSE,fz0_0p025,har,ewma,4801,4801,0
TWSE,fz0_0p025,har,garch11,4801,4801,0
TWSE,fz0_0p025,har,garch11_t,4801,4801,0
TWSE,fz0_0p025,har,gjr,4801,4801,0
TWSE,fz0_0p025,har,har,4801,4801,0
TWSE,fz0_0p025,har,lgbm,4801,4801,0
TWSE,fz0_0p025,har,moirai,4801,4801,0
TWSE,fz0_0p025,har,naive,4801,4801,0
TWSE,fz0_0p025,har,patchtst,4801,4801,0
TWSE,fz0_0p025,har,timesfm,4801,4801,0
TWSE,fz0_0p025,lgbm,autoarima,4801,4801,0
TWSE,fz0_0p025,lgbm,autoets,4801,4801,0
TWSE,fz0_0p025,lgbm,chronos,4801,4801,0
TWSE,fz0_0p025,lgbm,ewma,4801,4801,0
TWSE,fz0_0p025,lgbm,garch11,4801,4801,0
TWSE,fz0_0p025,lgbm,garch11_t,4801,4801,0
TWSE,fz0_0p025,lgbm,gjr,4801,4801,0
TWSE,fz0_0p025,lgbm,har,4801,4801,0
TWSE,fz0_0p025,lgbm,lgbm,4801,4801,0
TWSE,fz0_0p025,lgbm,moirai,4801,4801,0
TWSE,fz0_0p025,lgbm,naive,4801,4801,0
TWSE,fz0_0p025,lgbm,patchtst,4801,4801,0
TWSE,fz0_0p025,lgbm,timesfm,4801,4801,0
TWSE,fz0_0p025,moirai,autoarima,4801,4801,0
TWSE,fz0_0p025,moirai,autoets,4801,4801,0
TWSE,fz0_0p025,moirai,chronos,4801,4801,0
TWSE,fz0_0p025,moirai,ewma,4801,4801,0
TWSE,fz0_0p025,moirai,garch11,4801,4801,0
TWSE,fz0_0p025,moirai,garch11_t,4801,4801,0
TWSE,fz0_0p025,moirai,gjr,4801,4801,0
TWSE,fz0_0p025,moirai,har,4801,4801,0
TWSE,fz0_0p025,moirai,lgbm,4801,4801,0
TWSE,fz0_0p025,moirai,moirai,4801,4801,0
TWSE,fz0_0p025,moirai,naive,4801,4801,0
TWSE,fz0_0p025,moirai,patchtst,4801,4801,0
TWSE,fz0_0p025,moirai,timesfm,4801,4801,0
TWSE,fz0_0p025,naive,autoarima,4801,4801,0
TWSE,fz0_0p025,naive,autoets,4801,4801,0
TWSE,fz0_0p025,naive,chronos,4801,4801,0
TWSE,fz0_0p025,naive,ewma,4801,4801,0
TWSE,fz0_0p025,naive,garch11,4801,4801,0
TWSE,fz0_0p025,naive,garch11_t,4801,4801,0
TWSE,fz0_0p025,naive,gjr,4801,4801,0
TWSE,fz0_0p025,naive,har,4801,4801,0
TWSE,fz0_0p025,naive,lgbm,4801,4801,0
TWSE,fz0_0p025,naive,moirai,4801,4801,0
TWSE,fz0_0p025,naive,naive,4801,4801,0
TWSE,fz0_0p025,naive,patchtst,4801,4801,0
TWSE,fz0_0p025,naive,timesfm,4801,4801,0
TWSE,fz0_0p025,patchtst,autoarima,4801,4801,0
TWSE,fz0_0p025,patchtst,autoets,4801,4801,0
TWSE,fz0_0p025,patchtst,chronos,4801,4801,0
TWSE,fz0_0p025,patchtst,ewma,4801,4801,0
TWSE,fz0_0p025,patchtst,garch11,4801,4801,0
TWSE,fz0_0p025,patchtst,garch11_t,4801,4801,0
TWSE,fz0_0p025,patchtst,gjr,4801,4801,0
TWSE,fz0_0p025,patchtst,har,4801,4801,0
TWSE,fz0_0p025,patchtst,lgbm,4801,4801,0
TWSE,fz0_0p025,patchtst,moirai,4801,4801,0
TWSE,fz0_0p025,patchtst,naive,4801,4801,0
TWSE,fz0_0p025,patchtst,patchtst,4801,4801,0
TWSE,fz0_0p025,patchtst,timesfm,4801,4801,0
TWSE,fz0_0p025,timesfm,autoarima,4801,4801,0
TWSE,fz0_0p025,timesfm,autoets,4801,4801,0
TWSE,fz0_0p025,timesfm,chronos,4801,4801,0
TWSE,fz0_0p025,timesfm,ewma,4801,4801,0
TWSE,fz0_0p025,timesfm,garch11,4801,4801,0
TWSE,fz0_0p025,timesfm,garch11_t,4801,4801,0
TWSE,fz0_0p025,timesfm,gjr,4801,4801,0
TWSE,fz0_0p025,timesfm,har,4801,4801,0
TWSE,fz0_0p025,timesfm,lgbm,4801,4801,0
TWSE,fz0_0p025,timesfm,moirai,4801,4801,0
TWSE,fz0_0p025,timesfm,naive,4801,4801,0
TWSE,fz0_0p025,timesfm,patchtst,4801,4801,0
TWSE,fz0_0p025,timesfm,timesfm,4801,4801,0
TWSE,fz0_0p05,autoarima,autoarima,4801,4801,0
TWSE,fz0_0p05,autoarima,autoets,4801,4801,0
TWSE,fz0_0p05,autoarima,chronos,4801,4801,0
TWSE,fz0_0p05,autoarima,ewma,4801,4801,0
TWSE,fz0_0p05,autoarima,garch11,4801,4801,0
TWSE,fz0_0p05,autoarima,garch11_t,4801,4801,0
TWSE,fz0_0p05,autoarima,gjr,4801,4801,0
TWSE,fz0_0p05,autoarima,har,4801,4801,0
TWSE,fz0_0p05,autoarima,lgbm,4801,4801,0
TWSE,fz0_0p05,autoarima,moirai,4801,4801,0
TWSE,fz0_0p05,autoarima,naive,4801,4801,0
TWSE,fz0_0p05,autoarima,patchtst,4801,4801,0
TWSE,fz0_0p05,autoarima,timesfm,4801,4801,0
TWSE,fz0_0p05,autoets,autoarima,4801,4801,0
TWSE,fz0_0p05,autoets,autoets,4801,4801,0
TWSE,fz0_0p05,autoets,chronos,4801,4801,0
TWSE,fz0_0p05,autoets,ewma,4801,4801,0
TWSE,fz0_0p05,autoets,garch11,4801,4801,0
TWSE,fz0_0p05,autoets,garch11_t,4801,4801,0
TWSE,fz0_0p05,autoets,gjr,4801,4801,0
TWSE,fz0_0p05,autoets,har,4801,4801,0
TWSE,fz0_0p05,autoets,lgbm,4801,4801,0
TWSE,fz0_0p05,autoets,moirai,4801,4801,0
TWSE,fz0_0p05,autoets,naive,4801,4801,0
TWSE,fz0_0p05,autoets,patchtst,4801,4801,0
TWSE,fz0_0p05,autoets,timesfm,4801,4801,0
TWSE,fz0_0p05,chronos,autoarima,4801,4801,0
TWSE,fz0_0p05,chronos,autoets,4801,4801,0
TWSE,fz0_0p05,chronos,chronos,4801,4801,0
TWSE,fz0_0p05,chronos,ewma,4801,4801,0
TWSE,fz0_0p05,chronos,garch11,4801,4801,0
TWSE,fz0_0p05,chronos,garch11_t,4801,4801,0
TWSE,fz0_0p05,chronos,gjr,4801,4801,0
TWSE,fz0_0p05,chronos,har,4801,4801,0
TWSE,fz0_0p05,chronos,lgbm,4801,4801,0
TWSE,fz0_0p05,chronos,moirai,4801,4801,0
TWSE,fz0_0p05,chronos,naive,4801,4801,0
TWSE,fz0_0p05,chronos,patchtst,4801,4801,0
TWSE,fz0_0p05,chronos,timesfm,4801,4801,0
TWSE,fz0_0p05,ewma,autoarima,4801,4801,0
TWSE,fz0_0p05,ewma,autoets,4801,4801,0
TWSE,fz0_0p05,ewma,chronos,4801,4801,0
TWSE,fz0_0p05,ewma,ewma,4801,4801,0
TWSE,fz0_0p05,ewma,garch11,4801,4801,0
TWSE,fz0_0p05,ewma,garch11_t,4801,4801,0
TWSE,fz0_0p05,ewma,gjr,4801,4801,0
TWSE,fz0_0p05,ewma,har,4801,4801,0
TWSE,fz0_0p05,ewma,lgbm,4801,4801,0
TWSE,fz0_0p05,ewma,moirai,4801,4801,0
TWSE,fz0_0p05,ewma,naive,4801,4801,0
TWSE,fz0_0p05,ewma,patchtst,4801,4801,0
TWSE,fz0_0p05,ewma,timesfm,4801,4801,0
TWSE,fz0_0p05,garch11,autoarima,4801,4801,0
TWSE,fz0_0p05,garch11,autoets,4801,4801,0
TWSE,fz0_0p05,garch11,chronos,4801,4801,0
TWSE,fz0_0p05,garch11,ewma,4801,4801,0
TWSE,fz0_0p05,garch11,garch11,4801,4801,0
TWSE,fz0_0p05,garch11,garch11_t,4801,4801,0
TWSE,fz0_0p05,garch11,gjr,4801,4801,0
TWSE,fz0_0p05,garch11,har,4801,4801,0
TWSE,fz0_0p05,garch11,lgbm,4801,4801,0
TWSE,fz0_0p05,garch11,moirai,4801,4801,0
TWSE,fz0_0p05,garch11,naive,4801,4801,0
TWSE,fz0_0p05,garch11,patchtst,4801,4801,0
TWSE,fz0_0p05,garch11,timesfm,4801,4801,0
TWSE,fz0_0p05,garch11_t,autoarima,4801,4801,0
TWSE,fz0_0p05,garch11_t,autoets,4801,4801,0
TWSE,fz0_0p05,garch11_t,chronos,4801,4801,0
TWSE,fz0_0p05,garch11_t,ewma,4801,4801,0
TWSE,fz0_0p05,garch11_t,garch11,4801,4801,0
TWSE,fz0_0p05,garch11_t,garch11_t,4801,4801,0
TWSE,fz0_0p05,garch11_t,gjr,4801,4801,0
TWSE,fz0_0p05,garch11_t,har,4801,4801,0
TWSE,fz0_0p05,garch11_t,lgbm,4801,4801,0
TWSE,fz0_0p05,garch11_t,moirai,4801,4801,0
TWSE,fz0_0p05,garch11_t,naive,4801,4801,0
TWSE,fz0_0p05,garch11_t,patchtst,4801,4801,0
TWSE,fz0_0p05,garch11_t,timesfm,4801,4801,0
TWSE,fz0_0p05,gjr,autoarima,4801,4801,0
TWSE,fz0_0p05,gjr,autoets,4801,4801,0
TWSE,fz0_0p05,gjr,chronos,4801,4801,0
TWSE,fz0_0p05,gjr,ewma,4801,4801,0
TWSE,fz0_0p05,gjr,garch11,4801,4801,0
TWSE,fz0_0p05,gjr,garch11_t,4801,4801,0
TWSE,fz0_0p05,gjr,gjr,4801,4801,0
TWSE,fz0_0p05,gjr,har,4801,4801,0
TWSE,fz0_0p05,gjr,lgbm,4801,4801,0
TWSE,fz0_0p05,gjr,moirai,4801,4801,0
TWSE,fz0_0p05,gjr,naive,4801,4801,0
TWSE,fz0_0p05,gjr,patchtst,4801,4801,0
TWSE,fz0_0p05,gjr,timesfm,4801,4801,0
TWSE,fz0_0p05,har,autoarima,4801,4801,0
TWSE,fz0_0p05,har,autoets,4801,4801,0
TWSE,fz0_0p05,har,chronos,4801,4801,0
TWSE,fz0_0p05,har,ewma,4801,4801,0
TWSE,fz0_0p05,har,garch11,4801,4801,0
TWSE,fz0_0p05,har,garch11_t,4801,4801,0
TWSE,fz0_0p05,har,gjr,4801,4801,0
TWSE,fz0_0p05,har,har,4801,4801,0
TWSE,fz0_0p05,har,lgbm,4801,4801,0
TWSE,fz0_0p05,har,moirai,4801,4801,0
TWSE,fz0_0p05,har,naive,4801,4801,0
TWSE,fz0_0p05,har,patchtst,4801,4801,0
TWSE,fz0_0p05,har,timesfm,4801,4801,0
TWSE,fz0_0p05,lgbm,autoarima,4801,4801,0
TWSE,fz0_0p05,lgbm,autoets,4801,4801,0
TWSE,fz0_0p05,lgbm,chronos,4801,4801,0
TWSE,fz0_0p05,lgbm,ewma,4801,4801,0
TWSE,fz0_0p05,lgbm,garch11,4801,4801,0
TWSE,fz0_0p05,lgbm,garch11_t,4801,4801,0
TWSE,fz0_0p05,lgbm,gjr,4801,4801,0
TWSE,fz0_0p05,lgbm,har,4801,4801,0
TWSE,fz0_0p05,lgbm,lgbm,4801,4801,0
TWSE,fz0_0p05,lgbm,moirai,4801,4801,0
TWSE,fz0_0p05,lgbm,naive,4801,4801,0
TWSE,fz0_0p05,lgbm,patchtst,4801,4801,0
TWSE,fz0_0p05,lgbm,timesfm,4801,4801,0
TWSE,fz0_0p05,moirai,autoarima,4801,4801,0
TWSE,fz0_0p05,moirai,autoets,4801,4801,0
TWSE,fz0_0p05,moirai,chronos,4801,4801,0
TWSE,fz0_0p05,moirai,ewma,4801,4801,0
TWSE,fz0_0p05,moirai,garch11,4801,4801,0
TWSE,fz0_0p05,moirai,garch11_t,4801,4801,0
TWSE,fz0_0p05,moirai,gjr,4801,4801,0
TWSE,fz0_0p05,moirai,har,4801,4801,0
TWSE,fz0_0p05,moirai,lgbm,4801,4801,0
TWSE,fz0_0p05,moirai,moirai,4801,4801,0
TWSE,fz0_0p05,moirai,naive,4801,4801,0
TWSE,fz0_0p05,moirai,patchtst,4801,4801,0
TWSE,fz0_0p05,moirai,timesfm,4801,4801,0
TWSE,fz0_0p05,naive,autoarima,4801,4801,0
TWSE,fz0_0p05,naive,autoets,4801,4801,0
TWSE,fz0_0p05,naive,chronos,4801,4801,0
TWSE,fz0_0p05,naive,ewma,4801,4801,0
TWSE,fz0_0p05,naive,garch11,4801,4801,0
TWSE,fz0_0p05,naive,garch11_t,4801,4801,0
TWSE,fz0_0p05,naive,gjr,4801,4801,0
TWSE,fz0_0p05,naive,har,4801,4801,0
TWSE,fz0_0p05,naive,lgbm,4801,4801,0
TWSE,fz0_0p05,naive,moirai,4801,4801,0
TWSE,fz0_0p05,naive,naive,4801,4801,0
TWSE,fz0_0p05,naive,patchtst,4801,4801,0
TWSE,fz0_0p05,naive,timesfm,4801,4801,0
TWSE,fz0_0p05,patchtst,autoarima,4801,4801,0
TWSE,fz0_0p05,patchtst,autoets,4801,4801,0
TWSE,fz0_0p05,patchtst,chronos,4801,4801,0
TWSE,fz0_0p05,patchtst,ewma,4801,4801,0
TWSE,fz0_0p05,patchtst,garch11,4801,4801,0
TWSE,fz0_0p05,patchtst,garch11_t,4801,4801,0
TWSE,fz0_0p05,patchtst,gjr,4801,4801,0
TWSE,fz0_0p05,patchtst,har,4801,4801,0
TWSE,fz0_0p05,patchtst,lgbm,4801,4801,0
TWSE,fz0_0p05,patchtst,moirai,4801,4801,0
TWSE,fz0_0p05,patchtst,naive,4801,4801,0
TWSE,fz0_0p05,patchtst,patchtst,4801,4801,0
TWSE,fz0_0p05,patchtst,timesfm,4801,4801,0
TWSE,fz0_0p05,timesfm,autoarima,4801,4801,0
TWSE,fz0_0p05,timesfm,autoets,4801,4801,0
TWSE,fz0_0p05,timesfm,chronos,4801,4801,0
TWSE,fz0_0p05,timesfm,ewma,4801,4801,0
TWSE,fz0_0p05,timesfm,garch11,4801,4801,0
TWSE,fz0_0p05,timesfm,garch11_t,4801,4801,0
TWSE,fz0_0p05,timesfm,gjr,4801,4801,0
TWSE,fz0_0p05,timesfm,har,4801,4801,0
TWSE,fz0_0p05,timesfm,lgbm,4801,4801,0
TWSE,fz0_0p05,timesfm,moirai,4801,4801,0
TWSE,fz0_0p05,timesfm,naive,4801,4801,0
TWSE,fz0_0p05,timesfm,patchtst,4801,4801,0
TWSE,fz0_0p05,timesfm,timesfm,4801,4801,0
TWSE,fz0_avg,autoarima,autoarima,4801,4801,0
TWSE,fz0_avg,autoarima,autoets,4801,4801,0
TWSE,fz0_avg,autoarima,chronos,4801,4801,0
TWSE,fz0_avg,autoarima,ewma,4801,4801,0
TWSE,fz0_avg,autoarima,garch11,4801,4801,0
TWSE,fz0_avg,autoarima,garch11_t,4801,4801,0
TWSE,fz0_avg,autoarima,gjr,4801,4801,0
TWSE,fz0_avg,autoarima,har,4801,4801,0
TWSE,fz0_avg,autoarima,lgbm,4801,4801,0
TWSE,fz0_avg,autoarima,moirai,4801,4801,0
TWSE,fz0_avg,autoarima,naive,4801,4801,0
TWSE,fz0_avg,autoarima,patchtst,4801,4801,0
TWSE,fz0_avg,autoarima,timesfm,4801,4801,0
TWSE,fz0_avg,autoets,autoarima,4801,4801,0
TWSE,fz0_avg,autoets,autoets,4801,4801,0
TWSE,fz0_avg,autoets,chronos,4801,4801,0
TWSE,fz0_avg,autoets,ewma,4801,4801,0
TWSE,fz0_avg,autoets,garch11,4801,4801,0
TWSE,fz0_avg,autoets,garch11_t,4801,4801,0
TWSE,fz0_avg,autoets,gjr,4801,4801,0
TWSE,fz0_avg,autoets,har,4801,4801,0
TWSE,fz0_avg,autoets,lgbm,4801,4801,0
TWSE,fz0_avg,autoets,moirai,4801,4801,0
TWSE,fz0_avg,autoets,naive,4801,4801,0
TWSE,fz0_avg,autoets,patchtst,4801,4801,0
TWSE,fz0_avg,autoets,timesfm,4801,4801,0
TWSE,fz0_avg,chronos,autoarima,4801,4801,0
TWSE,fz0_avg,chronos,autoets,4801,4801,0
TWSE,fz0_avg,chronos,chronos,4801,4801,0
TWSE,fz0_avg,chronos,ewma,4801,4801,0
TWSE,fz0_avg,chronos,garch11,4801,4801,0
TWSE,fz0_avg,chronos,garch11_t,4801,4801,0
TWSE,fz0_avg,chronos,gjr,4801,4801,0
TWSE,fz0_avg,chronos,har,4801,4801,0
TWSE,fz0_avg,chronos,lgbm,4801,4801,0
TWSE,fz0_avg,chronos,moirai,4801,4801,0
TWSE,fz0_avg,chronos,naive,4801,4801,0
TWSE,fz0_avg,chronos,patchtst,4801,4801,0
TWSE,fz0_avg,chronos,timesfm,4801,4801,0
TWSE,fz0_avg,ewma,autoarima,4801,4801,0
TWSE,fz0_avg,ewma,autoets,4801,4801,0
TWSE,fz0_avg,ewma,chronos,4801,4801,0
TWSE,fz0_avg,ewma,ewma,4801,4801,0
TWSE,fz0_avg,ewma,garch11,4801,4801,0
TWSE,fz0_avg,ewma,garch11_t,4801,4801,0
TWSE,fz0_avg,ewma,gjr,4801,4801,0
TWSE,fz0_avg,ewma,har,4801,4801,0
TWSE,fz0_avg,ewma,lgbm,4801,4801,0
TWSE,fz0_avg,ewma,moirai,4801,4801,0
TWSE,fz0_avg,ewma,naive,4801,4801,0
TWSE,fz0_avg,ewma,patchtst,4801,4801,0
TWSE,fz0_avg,ewma,timesfm,4801,4801,0
TWSE,fz0_avg,garch11,autoarima,4801,4801,0
TWSE,fz0_avg,garch11,autoets,4801,4801,0
TWSE,fz0_avg,garch11,chronos,4801,4801,0
TWSE,fz0_avg,garch11,ewma,4801,4801,0
TWSE,fz0_avg,garch11,garch11,4801,4801,0
TWSE,fz0_avg,garch11,garch11_t,4801,4801,0
TWSE,fz0_avg,garch11,gjr,4801,4801,0
TWSE,fz0_avg,garch11,har,4801,4801,0
TWSE,fz0_avg,garch11,lgbm,4801,4801,0
TWSE,fz0_avg,garch11,moirai,4801,4801,0
TWSE,fz0_avg,garch11,naive,4801,4801,0
TWSE,fz0_avg,garch11,patchtst,4801,4801,0
TWSE,fz0_avg,garch11,timesfm,4801,4801,0
TWSE,fz0_avg,garch11_t,autoarima,4801,4801,0
TWSE,fz0_avg,garch11_t,autoets,4801,4801,0
TWSE,fz0_avg,garch11_t,chronos,4801,4801,0
TWSE,fz0_avg,garch11_t,ewma,4801,4801,0
TWSE,fz0_avg,garch11_t,garch11,4801,4801,0
TWSE,fz0_avg,garch11_t,garch11_t,4801,4801,0
TWSE,fz0_avg,garch11_t,gjr,4801,4801,0
TWSE,fz0_avg,garch11_t,har,4801,4801,0
TWSE,fz0_avg,garch11_t,lgbm,4801,4801,0
TWSE,fz0_avg,garch11_t,moirai,4801,4801,0
TWSE,fz0_avg,garch11_t,naive,4801,4801,0
TWSE,fz0_avg,garch11_t,patchtst,4801,4801,0
TWSE,fz0_avg,garch11_t,timesfm,4801,4801,0
TWSE,fz0_avg,gjr,autoarima,4801,4801,0
TWSE,fz0_avg,gjr,autoets,4801,4801,0
TWSE,fz0_avg,gjr,chronos,4801,4801,0
TWSE,fz0_avg,gjr,ewma,4801,4801,0
TWSE,fz0_avg,gjr,garch11,4801,4801,0
TWSE,fz0_avg,gjr,garch11_t,4801,4801,0
TWSE,fz0_avg,gjr,gjr,4801,4801,0
TWSE,fz0_avg,gjr,har,4801,4801,0
TWSE,fz0_avg,gjr,lgbm,4801,4801,0
TWSE,fz0_avg,gjr,moirai,4801,4801,0
TWSE,fz0_avg,gjr,naive,4801,4801,0
TWSE,fz0_avg,gjr,patchtst,4801,4801,0
TWSE,fz0_avg,gjr,timesfm,4801,4801,0
TWSE,fz0_avg,har,autoarima,4801,4801,0
TWSE,fz0_avg,har,autoets,4801,4801,0
TWSE,fz0_avg,har,chronos,4801,4801,0
TWSE,fz0_avg,har,ewma,4801,4801,0
TWSE,fz0_avg,har,garch11,4801,4801,0
TWSE,fz0_avg,har,garch11_t,4801,4801,0
TWSE,fz0_avg,har,gjr,4801,4801,0
TWSE,fz0_avg,har,har,4801,4801,0
TWSE,fz0_avg,har,lgbm,4801,4801,0
TWSE,fz0_avg,har,moirai,4801,4801,0
TWSE,fz0_avg,har,naive,4801,4801,0
TWSE,fz0_avg,har,patchtst,4801,4801,0
TWSE,fz0_avg,har,timesfm,4801,4801,0
TWSE,fz0_avg,lgbm,autoarima,4801,4801,0
TWSE,fz0_avg,lgbm,autoets,4801,4801,0
TWSE,fz0_avg,lgbm,chronos,4801,4801,0
TWSE,fz0_avg,lgbm,ewma,4801,4801,0
TWSE,fz0_avg,lgbm,garch11,4801,4801,0
TWSE,fz0_avg,lgbm,garch11_t,4801,4801,0
TWSE,fz0_avg,lgbm,gjr,4801,4801,0
TWSE,fz0_avg,lgbm,har,4801,4801,0
TWSE,fz0_avg,lgbm,lgbm,4801,4801,0
TWSE,fz0_avg,lgbm,moirai,4801,4801,0
TWSE,fz0_avg,lgbm,naive,4801,4801,0
TWSE,fz0_avg,lgbm,patchtst,4801,4801,0
TWSE,fz0_avg,lgbm,timesfm,4801,4801,0
TWSE,fz0_avg,moirai,autoarima,4801,4801,0
TWSE,fz0_avg,moirai,autoets,4801,4801,0
TWSE,fz0_avg,moirai,chronos,4801,4801,0
TWSE,fz0_avg,moirai,ewma,4801,4801,0
TWSE,fz0_avg,moirai,garch11,4801,4801,0
TWSE,fz0_avg,moirai,garch11_t,4801,4801,0
TWSE,fz0_avg,moirai,gjr,4801,4801,0
TWSE,fz0_avg,moirai,har,4801,4801,0
TWSE,fz0_avg,moirai,lgbm,4801,4801,0
TWSE,fz0_avg,moirai,moirai,4801,4801,0
TWSE,fz0_avg,moirai,naive,4801,4801,0
TWSE,fz0_avg,moirai,patchtst,4801,4801,0
TWSE,fz0_avg,moirai,timesfm,4801,4801,0
TWSE,fz0_avg,naive,autoarima,4801,4801,0
TWSE,fz0_avg,naive,autoets,4801,4801,0
TWSE,fz0_avg,naive,chronos,4801,4801,0
TWSE,fz0_avg,naive,ewma,4801,4801,0
TWSE,fz0_avg,naive,garch11,4801,4801,0
TWSE,fz0_avg,naive,garch11_t,4801,4801,0
TWSE,fz0_avg,naive,gjr,4801,4801,0
TWSE,fz0_avg,naive,har,4801,4801,0
TWSE,fz0_avg,naive,lgbm,4801,4801,0
TWSE,fz0_avg,naive,moirai,4801,4801,0
TWSE,fz0_avg,naive,naive,4801,4801,0
TWSE,fz0_avg,naive,patchtst,4801,4801,0
TWSE,fz0_avg,naive,timesfm,4801,4801,0
TWSE,fz0_avg,patchtst,autoarima,4801,4801,0
TWSE,fz0_avg,patchtst,autoets,4801,4801,0
TWSE,fz0_avg,patchtst,chronos,4801,4801,0
TWSE,fz0_avg,patchtst,ewma,4801,4801,0
TWSE,fz0_avg,patchtst,garch11,4801,4801,0
TWSE,fz0_avg,patchtst,garch11_t,4801,4801,0
TWSE,fz0_avg,patchtst,gjr,4801,4801,0
TWSE,fz0_avg,patchtst,har,4801,4801,0
TWSE,fz0_avg,patchtst,lgbm,4801,4801,0
TWSE,fz0_avg,patchtst,moirai,4801,4801,0
TWSE,fz0_avg,patchtst,naive,4801,4801,0
TWSE,fz0_avg,patchtst,patchtst,4801,4801,0
TWSE,fz0_avg,patchtst,timesfm,4801,4801,0
TWSE,fz0_avg,timesfm,autoarima,4801,4801,0
TWSE,fz0_avg,timesfm,autoets,4801,4801,0
TWSE,fz0_avg,timesfm,chronos,4801,4801,0
TWSE,fz0_avg,timesfm,ewma,4801,4801,0
TWSE,fz0_avg,timesfm,garch11,4801,4801,0
TWSE,fz0_avg,timesfm,garch11_t,4801,4801,0
TWSE,fz0_avg,timesfm,gjr,4801,4801,0
TWSE,fz0_avg,timesfm,har,4801,4801,0
TWSE,fz0_avg,timesfm,lgbm,4801,4801,0
TWSE,fz0_avg,timesfm,moirai,4801,4801,0
TWSE,fz0_avg,timesfm,naive,4801,4801,0
TWSE,fz0_avg,timesfm,patchtst,4801,4801,0
TWSE,fz0_avg,timesfm,timesfm,4801,4801,0
